:10000000009D0020ADCA01002D03030099CA010024
:1000100099CA010099CA010099CA010000000000B4
:1000200000000000000000000000000049CC0100BA
:1000300099CA010000000000B5CB010099CA010077
:1000400005CF0100553C020005CF010005CF01009E
:1000500005CF010005CF010005CF010005CF01004C
:1000600005CF010005CF0100F186020005CF010098
:1000700005CF010005CF010005CF010005CF01002C
:1000800005CF010005CF010005CF010005CF01001C
:10009000B93C020005CF010005CF010005CF0100EA
:1000A00005CF010005CF010005CF010005CF0100FC
:1000B00005CF010005CF010005CF010005CF0100EC
:1000C00005CF010005CF010005CF010005CF0100DC
:1000D00005CF010005CF010005CF010005CF0100CC
:1000E00005CF010005CF010005CF010005CF0100BC
:1000F00005CF010005CF010005CF010005CF0100AC
:10010000014B1B685B68184700050020014B1B680A
:100110009B68184700050020014B1B681B691847A6
:1001200000050020014B1B685B6918470005002093
:10013000014B1B689B69184700050020014B1B6899
:10014000DB69184700050020014B1B681B6A184734
:1001500000050020014B1B689B6A18470005002022
:1001600030B4044C9DF8085024680295E468A44615
:1001700030BC60470005002030B50246114890F9B8
:100180001C3093421ADD90F92430934218DAD31AC6
:10019000856A0D4CE85C235693420ED00E3400293C
:1001A0000CBF0346431CA542D8B206D129B1013A7F
:1001B000D2B2012A01D80130C0B230BD0D20FCE717
:1001C0000020FAE7A00F00202C26030008B5054BFD
:1001D00093F91C30984203DAFFF7CEFF024B1B560F
:1001E000184608BDA00F00202C26030010B51C4C9B
:1001F00094F82C3073B9012384F82C3000F09EF869
:1002000048B1184BA362D823236284F82430082312
:10021000A361237710BD00F0A7F80028F1D100F00A
:10022000ADF80028EDD100F06BF838B10E4BA362A9
:10023000D823236284F824300423E9E700F06AF825
:100240000028F3D100F070F80028EFD100F080F81A
:100250000028EBD140F2BF11742000F019F800BF64
:10026000A00F0020672603003A260300BFF34F8F3C
:100270000549064BCA6802F4E0621343CB60BFF342
:100280004F8F00BFFDE700BF00ED00E00400FA055E
:100290001FB572B6134B5D688DB9FFF7E7FFB2FB70
:1002A000F6F2DCB20133002AF9D104F110036B44F9
:1002B00003F80C2C0A2234B901A8A847EDE702463E
:1002C00000230A26EDE7631E04AEDCB256FA83F380
:1002D000B0FBF2F602FB1600303003F80C0C30468F
:1002E000E9E700BF401400204FF08052034BD2F8E2
:1002F00030111960D2F834215A6070477C14002004
:10030000034B1868A0F10F0358425841704700BFD3
:100310007C140020034B1868A0F10A03584258418E
:10032000704700BF7C140020034B1868A0F10E0337
:1003300058425841704700BF7C140020034B186896
:10034000A0F1100358425841704700BF7C140020B0
:10035000044B1868062803D0431C58425841704784
:10036000012070477C140020034B1868A0F10D0396
:1003700058425841704700BF7C140020034B186856
:10038000A0F1080358425841704700BF7C14002078
:1003900081F0004102E000BF83F0004330B54FEA36
:1003A00041044FEA430594EA050F08BF90EA020FA3
:1003B0001FBF54EA000C55EA020C7FEA645C7FEA36
:1003C000655C00F0E2804FEA5454D4EB5555B8BF59
:1003D0006D420CDD2C4480EA020281EA030382EACA
:1003E000000083EA010180EA020281EA0303362D5C
:1003F00088BF30BD11F0004F4FEA01314FF4801C2F
:100400004CEA113102D0404261EB410113F0004F40
:100410004FEA03334CEA133302D0524263EB4303F7
:1004200094EA050F00F0A780A4F10104D5F1200E95
:100430000DDB02FA0EFC22FA05F2801841F10001F0
:1004400003FA0EF2801843FA05F359410EE0A5F1C4
:1004500020050EF1200E012A03FA0EFC28BF4CF0F5
:10046000020C43FA05F3C01851EBE37101F00045AB
:1004700007D54FF0000EDCF1000C7EEB00006EEBB8
:100480000101B1F5801F1BD3B1F5001F0CD3490842
:100490005FEA30004FEA3C0C04F101044FEA445299
:1004A00012F5800F80F09A80BCF1004F08BF5FEA20
:1004B000500C50F1000041EB045141EA050130BD00
:1004C0005FEA4C0C404141EB0101013C28BFB1F512
:1004D000801FE9D291F0000F04BF01460020B1FA5D
:1004E00081F308BF2033A3F10B03B3F120020CDA30
:1004F0000C3208DD02F1140CC2F10C0201FA0CF00E
:1005000021FA02F10CE002F11402D8BFC2F1200C72
:1005100001FA02F120FA0CFCDCBF41EA0C01904028
:10052000E41AA2BF01EB0451294330BD6FEA040471
:100530001F3C1CDA0C340EDC04F11404C4F120025C
:1005400020FA04F001FA02F340EA030021FA04F36E
:1005500045EA030130BDC4F10C04C4F1200220FAC5
:1005600002F001FA04F340EA0300294630BD21FA03
:1005700004F0294630BD94F0000F83F4801306BFC9
:1005800081F480110134013D4EE77FEA645C18BFBD
:100590007FEA655C29D094EA050F08BF90EA020F54
:1005A00005D054EA000C04BF1946104630BD91EA4C
:1005B000030F1EBF0021002030BD5FEA545C05D14F
:1005C0004000494128BF41F0004130BD14F580048E
:1005D0003CBF01F5801130BD01F0004545F0FE4102
:1005E00041F470014FF0000030BD7FEA645C1ABF37
:1005F000194610467FEA655C1CBF0B46024650EA6E
:10060000013406BF52EA033591EA030F41F4002199
:1006100030BD00BF90F0000F04BF0021704730B51F
:100620004FF4806404F132044FF000054FF00001F4
:1006300050E700BF90F0000F04BF0021704730B5B5
:100640004FF4806404F1320410F0004548BF40428A
:100650004FF000013EE700BF42004FEAE2014FEADF
:1006600031014FEA02701FBF12F07F4393F07F4FBA
:1006700081F06051704732F07F4208BF704793F0BD
:100680007F4F04BF41F40021704730B54FF46074D0
:1006900001F0004521F000411CE700BF50EA0102D3
:1006A00008BF704730B54FF000050AE050EA01027C
:1006B00008BF704730B511F0004502D5404261EBEC
:1006C00041014FF4806404F132045FEA915C3FF42D
:1006D000D8AE4FF003025FEADC0C18BF03325FEACA
:1006E000DC0C18BF033202EBDC02C2F1200300FA7B
:1006F00003FC20FA02F001FA03FE40EA0E0021FAA0
:1007000002F11444BDE600BF70B54FF0FF0C4CF48D
:10071000E06C1CEA11541DBF1CEA135594EA0C0F3F
:1007200095EA0C0F00F0DEF82C4481EA030621EA7A
:100730004C5123EA4C5350EA013518BF52EA0335B5
:1007400041F4801143F4801338D0A0FB02CE4FF067
:100750000005E1FB02E506F00042E0FB03E54FF097
:100760000006E1FB03569CF0000F18BF4EF0010E8F
:10077000A4F1FF04B6F5007F64F5407404D25FEA8B
:100780004E0E6D4146EB060642EAC62141EA55513E
:100790004FEAC52040EA5E504FEACE2EB4F1FD0C80
:1007A00088BFBCF5E06F1ED8BEF1004F08BF5FEAFE
:1007B000500E50F1000041EB045170BD06F00046B0
:1007C00046EA010140EA020081EA0301B4EB5C045D
:1007D000C2BFD4EB0C0541EA045170BD41F4801155
:1007E0004FF0000E013C00F3AB8014F1360FDEBF7A
:1007F000002001F0004170BDC4F10004203C35DA56
:100800000C341BDC04F11404C4F1200500FA05F3D8
:1008100020FA04F001FA05F240EA020001F0004279
:1008200021F0004110EBD37021FA04F642EB0601EF
:100830005EEA430E08BF20EAD37070BDC4F10C0419
:10084000C4F1200500FA04F320FA05F001FA04F2DD
:1008500040EA020001F0004110EBD37041F10001C9
:100860005EEA430E08BF20EAD37070BDC4F12005D4
:1008700000FA05F24EEA020E20FA04F301FA05F23C
:1008800043EA020321FA04F001F0004121FA04F2E4
:1008900020EA020000EBD3705EEA430E08BF20EAB4
:1008A000D37070BD94F0000F0FD101F000464000EE
:1008B00041EB010111F4801F08BF013CF7D041EA70
:1008C000060195F0000F18BF704703F00046520074
:1008D00043EB030313F4801F08BF013DF7D043EA45
:1008E0000603704794EA0C0F0CEA135518BF95EAFB
:1008F0000C0F0CD050EA410618BF52EA4306D1D182
:1009000081EA030101F000414FF0000070BD50EAA0
:10091000410606BF1046194652EA430619D094EA2A
:100920000C0F02D150EA013613D195EA0C0F05D114
:1009300052EA03361CBF104619460AD181EA030168
:1009400001F0004141F0FE4141F470014FF0000020
:1009500070BD41F0FE4141F4780170BD70B54FF0BB
:10096000FF0C4CF4E06C1CEA11541DBF1CEA13553B
:1009700094EA0C0F95EA0C0F00F0A7F8A4EB05041D
:1009800081EA030E52EA03354FEA013100F0888014
:100990004FEA03334FF0805545EA131343EA1263DD
:1009A0004FEA022245EA111545EA10654FEA002692
:1009B0000EF000419D4208BF964244F1FD0404F54B
:1009C000407402D25B084FEA3202B61A65EB0305A7
:1009D0005B084FEA32024FF480104FF4002CB6EB64
:1009E000020E75EB030E22BFB61A754640EA0C00E4
:1009F0005B084FEA3202B6EB020E75EB030E22BF24
:100A0000B61A754640EA5C005B084FEA3202B6EB64
:100A1000020E75EB030E22BFB61A754640EA9C0023
:100A20005B084FEA3202B6EB020E75EB030E22BFF3
:100A3000B61A754640EADC0055EA060E18D04FEAB1
:100A4000051545EA16754FEA06164FEAC30343EA51
:100A500052734FEAC2025FEA1C1CC0D111F4801F1E
:100A60000BD141EA00014FF000004FF0004CB6E717
:100A700011F4801F04BF01430020B4F1FD0C88BFB6
:100A8000BCF5E06F3FF6AFAEB5EB030C04BFB6EBC1
:100A9000020C5FEA500C50F1000041EB045170BDB4
:100AA0000EF0004E4EEA113114EB5C04C2BFD4EBE1
:100AB0000C0541EA045170BD41F480114FF0000E65
:100AC000013C90E645EA060E8DE60CEA135594EAE1
:100AD0000C0F08BF95EA0C0F3FF43BAF94EA0C0FE4
:100AE0000AD150EA01347FF434AF95EA0C0F7FF459
:100AF00025AF104619462CE795EA0C0F06D152EAAD
:100B000003353FF4FDAE1046194622E750EA410690
:100B100018BF52EA43067FF4C5AE50EA41047FF4A1
:100B20000DAF52EA43057FF4EBAE12E74FF0FF3C06
:100B300006E000BF4FF0010C02E000BF4FF0010CD7
:100B40004DF804CD4FEA410C7FEA6C5C4FEA430C50
:100B500018BF7FEA6C5C1BD001B050EA410C0CBF9F
:100B600052EA430C91EA030F02BF90EA020F002001
:100B7000704710F1000F91EA030F58BF994208BF68
:100B800090422CBFD8176FEAE37040F00100704725
:100B90004FEA410C7FEA6C5C02D150EA013C07D17C
:100BA0004FEA430C7FEA6C5CD6D152EA033CD3D0C7
:100BB0005DF8040B704700BF8446104662468C46C1
:100BC0001946634600E000BF01B5FFF7B7FF0028F4
:100BD00048BF10F1000F01BD4DF808EDFFF7F4FF1D
:100BE0000CBF012000205DF808FB00BF4DF808EDA8
:100BF000FFF7EAFF34BF012000205DF808FB00BFCB
:100C00004DF808EDFFF7E0FF94BF012000205DF8EC
:100C100008FB00BF4DF808EDFFF7CEFF94BF0120A1
:100C200000205DF808FB00BF4DF808EDFFF7C4FF9A
:100C300034BF012000205DF808FB00BF4FEA410CE3
:100C40007FEA6C5C02D150EA013C0AD14FEA430CC6
:100C50007FEA6C5C02D152EA033C02D14FF0000003
:100C600070474FF0010070474FEA410212F5001241
:100C700015D211D56FF47873B3EB625212D94FEAE3
:100C8000C12343F0004343EA505311F0004F23FACD
:100C900002F018BF404270474FF00000704750EA22
:100CA000013005D111F0004008BF6FF000407047DF
:100CB0004FF00000704700BF4FEA4102B2F1E0433D
:100CC00024BFB3F5001CDCF1FE5C0DD901F0004C33
:100CD0004FEAC0024CEA5070B2F1004F40EB830083
:100CE00008BF20F00100704711F0804F21D113F1AF
:100CF0003872BCBF01F00040704741F480114FEAE8
:100D00005252C2F11802C2F1200C10FA0CF320FA70
:100D100002F018BF40F001004FEAC1234FEAD3238D
:100D200003FA0CFC40EA0C0023FA02F34FEA4303F7
:100D3000CCE77FEA625307D150EA01331EBF4FF080
:100D4000FE4040F44000704701F0004040F0FE409B
:100D500040F40000704700BF7BB972B90029BEBFE4
:100D600000204FF0004106E008BF00281CBF6FF0D4
:100D700000414FF0FF3000F077B8ADF1080C6DE99D
:100D800004CE002909DB002B1ADB00F006F9DDF8A0
:100D900004E0DDE9022304B07047404261EB410109
:100DA000002B1BDB00F0F9F8DDF804E0DDE902239D
:100DB00004B0404261EB4101524263EB4303704790
:100DC000524263EB430300F0E8F8DDF804E0DDE9AC
:100DD000022304B0404261EB41017047524263EB91
:100DE000430300F0DAF8DDF804E0DDE9022304B0A3
:100DF000524263EB4303704753B94AB9002908BF15
:100E000000281CBF4FF0FF314FF0FF3000F02CB82E
:100E1000ADF1080C6DE904CE00F0BFF8DDF804E098
:100E2000DDE9022304B07047D0B5FFF715FC0C4B89
:100E3000002206460F46FFF767FC00F017F804464D
:100E4000FFF7E8FB074B0022FFF75EFC02460B466C
:100E500030463946FFF7A0FA00F008F82146D0BD29
:100E60000000F03D0000F041704700BF4A0011D281
:100E700012F5001211D20DD56FF47873B3EB6252F4
:100E80000ED44FEAC12343F0004343EA505323FA00
:100E900002F070474FF00000704750EA013002D175
:100EA0004FF0FF3070474FF00000704710F8012BF3
:100EB00011F8013B012A28BF9A42F7D0D01A704797
:100EC000034613F8012B002AFBD1181A013870478A
:100ED00008B5FFF709FABDE80840FFF787B970B514
:100EE000841A04F307040E4660B259B21546FFF7A0
:100EF0006DF9002330702844737040B270BD002338
:100F0000036070477047002070474FF0FF30704714
:100F10004FF0FF30704770474FF0FF3070470020B0
:100F20007047002070470023037070479DF8003021
:100F30000022FFF7D4BF002070474FF0FF3070470A
:100F40004FF0FF3070474FF0FF3070477047002878
:100F50000CBF6FF01500002070470020704707237A
:100F6000037000207047002070470020704707EE94
:100F7000900AF5EEC07AF1EE10FA08B503D4BDE898
:100F80000840FFF751BFF1EE677A17EE900AFFF7BE
:100F90004BFF404261EB410108BD2DE9F047864619
:100FA0008C460846089E154674461946002B40F0AC
:100FB000C2808542B2FA82F245D94AB1C2F1200319
:100FC00000FA02FC2EFA03F3954043EA0C0C94401D
:100FD0004FEA154EA8B2BCFBFEF8230C0EFB18CC52
:100FE00008FB00F943EA0C43994528D9EB1808F1AE
:100FF000FF3704D2994502D9A8F102072B44A3EB8D
:101000000903A4B2B3FBFEFC0EFB1C330CFB00F087
:1010100044EA0344A04214D92C190CF1FF3304D242
:10102000A04202D9ACF102032C44241A43EA07403F
:101030001EB1D440002334607360BDE8F08747469A
:10104000DDE76346F1E792BB431B01214FEA154EF2
:10105000AFB2B3FBFEFC200C0EFB1C330CFB07F8FD
:1010600040EA0343984562D9EB180CF1FF3004D2F3
:10107000984502D9ACF102002B44A3EB0803A4B2BB
:10108000B3FBFEFC0EFB1C330CFB07F744EA0344E6
:10109000A7424ED92C190CF1FF3304D2A74202D932
:1010A000ACF102032C44E41B43EA0040C0E7C2F168
:1010B000200320FA03F1954090402EFA03F30343F6
:1010C0004FEA154EAFB2B1FBFEFC0EFB1C10190C23
:1010D0000CFB07F841EA0041884504FA02F422D9E2
:1010E00069180CF1FF3004D2884502D9ACF1020036
:1010F0002944A1EB08019BB2B1FBFEFC0EFB1C11C5
:101100000CFB07F743EA01439F420ED9EB180CF1A1
:10111000FF3104D29F4202D9ACF102012B44DB1B08
:1011200041EA004192E76046E3E76146F7E760463F
:10113000A3E76346B7E7834206D916B900210846FC
:101140007BE7C6E900E0F9E7B3FA83F78FB983429A
:1011500001D3724508D8BEEB020460EB0303012003
:101160009C461EB9002168E73846FAE7C6E9004CFC
:10117000F8E7C7F1200CBB4022FA0CF41C432EFA0E
:101180000CF120FA0CF3B84001434FEA14490EFA6F
:1011900007F5B3FBF9F81FFA84FE09FB18300B0CB6
:1011A00008FB0EFA43EA00439A4502FA07F240D9D7
:1011B000E31808F1FF3004D29A4502D9A8F10200E1
:1011C0002344A3EB0A0389B2B3FBF9F809FB1833F4
:1011D00008FB0EFE41EA03418E452CD9611808F147
:1011E000FF3304D28E4502D9A8F10203214443EA19
:1011F0000040A0FB0298A1EB0E014145CE464346BC
:1012000002D306D14D4504D2B9EB020E68EB0403BC
:101210000138002EA6D0B5EB0E0261EB030101FAF6
:101220000CFC22FA07F34CEA0303F940C6E900314B
:1012300098E74046C5E74346D9E7000000000000B4
:10124000F0B514461A4AA0FB020302FB0131C00BA1
:1012500085B040EA414014A3D3E90023C90BFFF74E
:10126000CBFD0546194610460023124AFFF7C4FD80
:1012700006461946104600230D4AFFF7BDFD0746F6
:101280001946104600234FF47A72FFF7B5FD009718
:10129000CDE90102334608482A4621462EF0B4F82B
:1012A00005B0F0BDAFF3008000A493D600000000AD
:1012B00040420F0000879303EB480300000000004A
:1012C0002DE9F04FC7B01AF083FD18F0BBFB0028E2
:1012D00040F0CD80002140F6CD402AF033F9664839
:1012E000664C674D2EF090F866482EF08DF807F0AA
:1012F0001DF8654B18681B798DF84C30634B1290C4
:1013000018681B798DF85430614B14909A881868CE
:101310009B798DF87E305F4BADF87C209A88ADF8D4
:1013200084205D4A1E90186851689B79209010684F
:101330008DF8863026AB03C3584B594A186851685C
:101340001B79169010688DF85C3028AB03C31289A6
:101350001A80544B18689A889B798DF88E30524BBE
:101360002290CDE90943514BADF88C2018681B79C8
:101370008DF864304E4B189018689B88ADF8743027
:101380004C4B4D4A1C90186851681B791A90106894
:101390008DF86C302BAB03C31189927A19809A7047
:1013A000464B0B93A3F54023454AA3F61973CDE9A9
:1013B0000C34444B10685168CDE90E352EAB03C395
:1013C00090681860404B34AA03F108061868596801
:1013D000144603C40833B3422246F7D13B4A186887
:1013E00020601B7910685168237131AB03C390688A
:1013F0001860374B38AA03F1080618685968144674
:1014000003C40833B3422246F7D118681B7923710D
:10141000304B20609A8818689B798DF896302E4B57
:1014200010952490ADF8942011931AF0B9FC142271
:101430000746002141A830F0B2FA052241A93846FA
:1014400007F01CFB06460028EFD0419806F05EFF2F
:10145000012E02D0429806F059FFDDF8048112A94E
:101460004046FFF723FDC8BB06F060FFDDE7012023
:101470002AF0A4F829E700BF7B4903006D616700EB
:10148000616C6C00B64903005C4F03003B940300A1
:10149000614F0300684F0300BB920300228A0300E0
:1014A0006F4F0300794F030073657400804F030092
:1014B000854F0300215003008B4F03007A726F00A9
:1014C000964F030062617400A24F0300AF4F030008
:1014D000BB4F0300C84F03006E76730014A940464B
:1014E000FFF7E4FC0546002840F01C82CC48CD4CB8
:1014F0002DF08AFFCC482DF087FFCC482DF084FFDB
:1015000011230121CDE901310F23092240F2EA71B3
:10151000C74800930E232DF077FFC6482DF074FFC7
:10152000C5482DF071FFC5482DF06EFFC4482DF061
:101530006BFF2368B3F8763303F07F037F2B00F053
:10154000B88111F04FFB0146BE482DF05DFF2368C6
:1015500093F87A33FF2B08D013F0800FBA4BBB49B6
:10156000BB4818BF19462DF04FFF2368B94893F8C0
:101570007A23B3F876132DF047FF2368B3F8783356
:1015800003F07F037F2B00F0968111F03BFB0146B7
:10159000B1482DF039FF236893F87B23FF2A10D040
:1015A00012F0800FB3F87833A74AA849AB4818BFA8
:1015B000114613F0800FAA4BAA4A18BF1A462DF005
:1015C00023FF2368A34893F87B23B3F878132DF007
:1015D0001BFFA54B1B68DB889A0640F16E81A34870
:1015E000DFF8C0A22DF010FF0027266806EB870663
:1015F0000137D6F84401FFF72FF88046D6F8680186
:101600008946FFF729F8CDE90401D6F85C01FFF718
:1016100023F8CDE90201D6F85001FFF71DF8424644
:10162000CDE900014B4650462DF0EEFE032FDCD1F4
:10163000D4F80080DFF86C92D8F8FC00FFF70CF8C3
:101640000646D8F804010F46FFF706F8CDE9020177
:10165000D8F80001FFF700F83246CDE900013B461B
:1016600083482DF0D1FE83482DF0CEFE236803EB96
:1016700085080135D8F81401FEF7EEFF0646D8F8C4
:1016800038010F46FEF7E8FFCDE90401D8F82C0138
:10169000FEF7E2FFCDE90201D8F82001FEF7DCFFFA
:1016A0003246CDE900013B4648462DF0ADFE032D04
:1016B000DCD111F0B7FA01466F482DF0A5FE604865
:1016C0002DF0A2FE23686D4893F8655093F86610DC
:1016D0006B4B002D08BF18462DF096FE4FF0805240
:1016E0006848D2F8A830D2F8A4209BB22DF08CFE26
:1016F00022686549D2F869306448B2F86720002D45
:1017000018BF084642EA03421B0C2DF07DFE4C48F0
:101710002DF07AFE12F0DCFA834612F0E7FA12F0AE
:1017200035FA824612F0E8FA07460E4612F0D6FB6A
:101730000546894612F0E6FABBF1000F04468846DA
:1017400040F3E18030F0B7F8514AC01B61EB06036B
:10175000A0FB020102FB0311C00B40EA41402EA393
:10176000D3E90023C90BFFF747FB194606460023C0
:101770001046484AFFF740FB074650461EB9FBB2E9
:10178000002B00F0B480FEF755FF434B0022FFF71B
:10179000E5F8CDE9006702460B4640482DF034FEDF
:1017A00055EA090300F0B680394BA5FB030103FBA2
:1017B0000911C00B40EA414017A3D3E90023C90B2C
:1017C000FFF71AFB0546194610460023314AFFF77A
:1017D00013FB2946024632482DF016FE54EA080350
:1017E00000F09C802A4BA4FB030103FB0811C00BF3
:1017F00040EA414008A3D3E90023C90BFFF7FCFAF4
:101800000446194610460023224AFFF7F5FA02461D
:101810004AE000BFAFF3008000A493D600000000B0
:10182000DD49030038070020B6490300104A0300D1
:10183000264A03004A4A03005E4A03006D4A030039
:101840008B9C03008A4A030017490300B77F0300FB
:10185000934A0300A24A0300B74A0300CA4A03009E
:101860001B4903008C9C030034070020DB4A030063
:101870002D4B03004D4B0300634B0300264903002F
:1018800036490300704B03004849030063490300D5
:1018900040420F000087930300005940894B03002A
:1018A000E44B0300F34A0300C34821462DF0ACFD8E
:1018B000BBE5C24948E6C1496AE6D4F80080D8F8D9
:1018C000F000FEF7C9FE0646D8F8F8000F46FEF70E
:1018D000C3FECDE90201D8F8F400FEF7BDFE3246A2
:1018E000CDE900013B46B6482DF08EFDA0E6FEF79F
:1018F000A1FEB44B0022FFF731F802460B46B24876
:101900002DF082FD4CE73E430CBFB048B0482DF0AF
:101910007BFD45E7AF482DF077FD5FE7AE482DF042
:1019200073FD82E51EA94046FFF7C0FAB0B92FF05B
:10193000C2FFAA4A0D460446FFF782FCA84B1B686B
:10194000D3E90401D3E90223801A61EB03010019F2
:10195000A44A41EB0501FFF773FC66E520A9404668
:10196000FFF7A4FA10B92CF082FF5EE526A94046E5
:10197000FFF79CFA002840F00D8112F0A3F9014610
:1019800099482DF041FD12F0A3F9804612F0AEF90E
:10199000814612F0FBF8064612F0AEF9B8F1000FDE
:1019A00004460D4640F3D6803046FEF743FE854B95
:1019B0000022FEF7D3FF064648460F46CDF80880C2
:1019C000FEF738FE7F4B0022FEF7C8FF3246CDE916
:1019D00000013B4685482DF017FD54EA050300F051
:1019E000BD802FF068FF001B814A61EB0501FFF706
:1019F00027FC12F087F98146884612F0D3F9074692
:101A00000E4612F01DFA05460C4612F067FA50EA2F
:101A1000010300F0A780774AFFF712FC59EA080398
:101A200000F0A480744A48464146FFF709FC57EA93
:101A3000060300F09F80714A38463146FFF700FCEC
:101A400055EA040300F09A806D4A28462146FFF7C4
:101A5000F7FB2CF0A5FE05462CF0AFFE0446284609
:101A600012F094F88246204612F090F880462CF04E
:101A7000B1FE45EA04031B0407460E4600F18280CE
:101A800050EA01037ED04046FEF7D4FD4D4B0022C4
:101A9000FEF764FF804628468946FEF7CBFD494B9A
:101AA0000022FEF75BFFCDE904012046FEF7C2FDF0
:101AB000444B0022FEF752FFCDE902015046FEF7EB
:101AC000B9FD404B0022FEF749FF4246CDE9000137
:101AD0004B464C482DF098FC4B4A38463146FFF7B0
:101AE000AFFB12F061FA064612F084FA044612F0D7
:101AF00099FA44EA00030746180447D42046FEF743
:101B000099FD304B0022FEF729FF06EB86060446BE
:101B1000F0B20D46FEF77EFDCDE902013846FEF734
:101B200089FD284B0022FEF719FF2246CDE900016E
:101B30002B4636482DF068FC12F012FAFEF76AFDCB
:101B4000334B0022FEF70AFF02460B4631482DF0C8
:101B50005BFC6AE430482DF057FC3EE72F482DF03F
:101B600053FC46E71B482DF04FFC57E71A482DF071
:101B70004BFC5CE72A482DF047FC61E729482DF033
:101B800043FC66E728482DF03FFCAAE727482DF0E4
:101B90003BFCD1E716A94046FFF788F918B90120A8
:101BA00011F06EFC41E428A94046FFF77FF90028B8
:101BB0003ED108F089FD38E4244C030009490300B4
:101BC000084B030000005940AF4B0300C04B03001B
:101BD000B24C0300024C0300464C03006C4C030063
:101BE00038070020734C03007F4C03008B4C03002C
:101BF000C14C0300E34C0300F64C03000C4D030002
:101C00003C4D03006C4D0300AC4D0300DB4D030065
:101C100000003440204E0300B14C0300CE4C0300C2
:101C20001C4D03004C4D0300BF4D03000C4E030040
:101C300022A94046FFF73AF918B908F059FDFFF715
:101C4000F4BB09A94046FFF731F928B9012100206A
:101C500007F038FBFFF7E9BB0AA94046FFF726F972
:101C600000BB022E01D0B14859E6429810212CF059
:101C7000F3F8AF4ACDE9000105460C463CA8112116
:101C80002DF0CFFB55EA04030AD042993CA8FFF798
:101C90000DF928B92846214606F07EFAFFF7C5BBA4
:101CA000A4483CE618A94046FFF700F918B906F029
:101CB00065FAFFF7BABB1CA94046FFF7F7F818B959
:101CC00006F0C6FAFFF7B1BB1AA94046FFF7EEF8D7
:101CD000002838D12FF0EFFD41F248220023FFF712
:101CE0003BF810461946EA220023FFF735F8044670
:101CF0001946104600232722FFF72EF816461D46E8
:101D0000C7B22946304603220023FFF725F88A4B45
:101D1000D2B2304613F8028029460D220023FFF785
:101D20001BF8864B864AC0B2E4B253F820300093C9
:101D3000844B52F8242053F82730834841462DF035
:101D400063FBFFF772BB2BA94046FFF7AFF890BBD0
:101D5000022E88D1429C0BA92046FFF7A7F8014626
:101D600020B9012207F06CF9FFF75FBB0CA92046F0
:101D7000FFF79CF820B9012107F000FAFFF755BBE7
:101D80000DA92046FFF792F800283FF45FAF0EA997
:101D90002046FFF78BF818B912F05AF9FFF745BB48
:101DA0000FA92046FFF782F818B913F099FEFFF744
:101DB0003CBB6648B3E52EA93846FFF777F80446E2
:101DC000E0B9DFF8B081624F0646214640462DF06B
:101DD0001BFB604B33F8149000257119A94589B29B
:101DE00005DC0134042C3FF420AB0E46EDE757F838
:101DF000212059482DF008FB0135EEE734A9404673
:101E0000FFF754F80446002840F0B680032E7FF414
:101E10002AAF429824A9FFF749F8054638BB80202D
:101E20002AF0ACFAAC2300933CAA439BADF8F050E7
:101E30008021044616F0B4FB054608B147486EE51C
:101E4000474E30688022214600F55F702FF07FFDFD
:101E500004F022FA3268802302F55F7229461E20C0
:101E600013F03CFD20462FF050FD3E4857E50A2177
:101E70004398DFF8E0A02BF0D2FFDDF808B105466B
:101E8000584606F0B1FA324A804623463AF8021B19
:101E90000691002721E0B8F1000F1BDA079352F8F2
:101EA00026105846FFF702F8294A079BA0B9022CD2
:101EB00028D0032C30D0012C1CD0012D31D805F0B6
:101EC0000101484604F036FA214B274853F8261002
:101ED0002A46EBE4B045EAD00137069913FA87F6B3
:101EE0008F421FFA87F9B6B2D5DB0134042C1AD021
:101EF0003346CBE7012D14D805F00101484604F024
:101F00003BFAE1E705F50043B3F5803F09D229B27A
:101F1000484604F051FAD7E72946484604F066FAE5
:101F2000D2E71248FBE41248F9E400BF344E030044
:101F3000514E0300594E0300CF4F030058270300B2
:101F4000A42703008C2703006A4E0300974E03006A
:101F5000C0060020083E0300B54E0300BD4E03003E
:101F600038070020D44E0300E44E0300FB4E03006C
:101F70000A4F0300A94E030031A93846FEF796FF29
:101F8000002840F09F80022E7FF46DAE429F10A982
:101F90003846FEF78BFF044678BBDFF8EC81DFF8AC
:101FA000DC9106461CE0022CD9F800201CD0032C42
:101FB0001FD0012C14BF5288D2882A4102F001029E
:101FC0006A496B4851F823102DF01EFA0135731938
:101FD000BD429BB2E7DB0134042C3FF426AA1E4627
:101FE00038F814700025F2E702EB4502B2F90A2036
:101FF000E6E702EB8502D26AE2E724A93846FEF75B
:1020000055FFC8B9AD202AF0B9F90023ADF8F0307A
:10201000584B1B6880220446009203F55F733CAA6C
:10202000AD2116F03DFA544821462DF0EDF9204639
:102030002FF06BFCFFF7F9B9384606F0D5F900250B
:10204000DFF844A1494B8046A9463AF802BB002478
:102050002DE0B8F1000F1BDA53F826103846FEF7D2
:1020600025FF424BB0FA80F04009F8B1434B022DF6
:102070001B6812D0032D15D0012D14BF5A88DA88A1
:10208000224102F00102394B394853F826100DE481
:10209000A6EB080148424841E7E703EB4403B3F9E4
:1020A0000A20F0E703EB8403DA6AECE7013409EB7A
:1020B00004065C45B6B2CCDB0135042D3FF433AFEA
:1020C000B146C2E738A93846FEF7F0FE002841D1F4
:1020D000022E7FF4C8AD429F10A93846FEF7E6FEF7
:1020E00018B904F0D3F9FFF7A0B9384606F07CF927
:1020F0000024DFF894801D4B0646A14638F802BB49
:1021000000251AE0002E13DA53F820103846FEF7A7
:10211000CDFE164BB0FA80F0400968B15146A0B22E
:1021200004F07EF9429916482DF06EF9FFF77DB95B
:10213000321A50425041F0E7013519FA85F05D45F9
:102140001FFA85FA80B2DDDB0134042C3FF4EBAEDC
:102150008146D3E711A93846FEF7A8FE18B913F057
:1021600003FDFFF762B90748FFF7D9BBC00600209F
:10217000254F0300380700208F4A03003407002052
:10218000394F03004B4F0300083E030000000000DE
:102190002DE9F04F89B01F46DB000593139B039098
:1021A000DB000493139B079223EAE373DB000D46E5
:1021B00006934FF00008079B98452BDB09B0BDE85C
:1021C000F08FDBE90023F4E80201FEF79DFA0B46ED
:1021D0000246DDE90001FEF7E1F8049BCDE90001CC
:1021E0009B4409F101099DED007BB9458AED007B17
:1021F000E7DB0AF1080A0136129B03EBC60B139BBF
:102200009E420BDA9FED0A7B2C468DED007B4FF052
:102210000009E8E7DDF80CA00026EDE7069B039A2D
:102220001A44059B03921D4408F10108C3E700BF4F
:1022300000000000000000002DE9F74F0F461C468B
:102240001946064638469046651E0FF0AFFEA31E9F
:102250009FED257B9FED266BE24304FB03316FF07E
:10226000070004FB0545183E4FEAC409D20007EBFE
:10227000C101A0EBC400ED000196A7F1100B002BEB
:1022800002DC03B0BDE8F08F019E03F1010C2E4487
:102290000BEB050EA44512DB58F823609E420AD0D2
:1022A00004FB063607EBC606B6468A469C46A4459E
:1022B00010DB86ED006B013B11440544DFE796ED32
:1022C000005B0CF1010C8EED005B86ED007BCE44D3
:1022D0004E44DFE79EED005B0CF1010CAAEC025BC3
:1022E000AEEC027BE3E700BF00000000000000004E
:1022F000000000000000F03F2DE9F04F2DED048BB1
:102300008FB0DDE91C541F4604FB05F300EBC3034B
:1023100003EBC40999ED007B4FEAC40808F10806F5
:1023200003EBC50B03930BEB0603CDE90C010992FC
:1023300051EC170B0293D3E900238DED0A0B8DEDC1
:10234000047BFEF729F87E4B0022FEF7DDF90BEB4C
:1023500008030893039BCDE900019919089BD1E973
:102360000001D3E90023FEF7CFF9DDE90023CDE931
:10237000060110461946FEF7C7F9DDE90623FEF708
:102380000DF8DDE90A2382468B46DDE90401FEF7FC
:1023900005F8C9E90001029BDDE90A01D3E9002340
:1023A000FDF7FCFF029BC3E90001099B03EB080951
:1023B00033440993BB19CDE904010A930022002399
:1023C00050465946B844FEF72FFC002800F0938091
:1023D0004BEC10AB2AF0CCFC00220023DDE900011D
:1023E00057EC106BFEF702FC32463B4600287DD0CE
:1023F000DDE90001FDF7D0FF82468B4602460B4621
:10240000DDE90401FDF7CAFF5246C9E900015B4658
:10241000DDE90601FEF7A2FA0B4602990246D1E970
:102420000001FDF7B9FF099B9FED437BC3E9000164
:102430000A9B88ED007B83ED007B089BD3E9008934
:1024400042464B4640464946FEF75EF9524606462E
:102450000F465B4650465946FEF756F902460B4674
:1024600030463946FDF79AFF41EC100B2AF080FC0C
:1024700057EC106B404632463B464946FEF76EFA33
:102480003B4641EC190B324650465946FEF766FA78
:10249000B0EE491AF0EE691A41EC180B2246039887
:1024A000B0EE480AF0EE680A29462BF066FFB0EE5F
:1024B000491AF0EE691AB0EE480AF0EE680A0C9874
:1024C000224629462BF09EFFB0EE491AF0EE691A1B
:1024D000B0EE480AF0EE680A0D98224629460FB081
:1024E000BDEC048BBDE8F04F2BF0DABFDDE9000155
:1024F000FDF754FF80E7DDE90023DDE90401FDF786
:102500004DFF099B5246C9E90001C3E900012BF0C8
:10251000004343EC102B2AF02BFC54EC103B0A9A9E
:1025200088ED000BBB5104F1004353600FB0BDECCC
:10253000048BBDE8F08F00BF000000000000000029
:102540000000E03F000000002DE9F04FA9B059EC79
:10255000118B0693531E19920793339A069B18907A
:1025600002FB03F4069B2791DB000A93069B00EB1A
:10257000C40404EBC30BDBE900679D18304653EC41
:10258000102B39468DED000BFDF706FF32463B461A
:10259000FEF7BAF804EBC50A42464B46FDF7FEFECD
:1025A000DAE90023FEF7DAF9DBE90223FDF7F6FEAC
:1025B000DAE902238046894630463946FDF7EEFEC9
:1025C000DDE90023FDF7E8FE339B1D4404EBC50560
:1025D00095ED027B06460F46404629F00041324603
:1025E00027F000438DED007BFDF7D8FEDDE90025E7
:1025F00025F00043FDF7D2FECDE9080102460B4667
:1026000040464946FEF7AAF9DDE908238046894697
:1026100030463946FEF7A2F9DDE90823CDE902018B
:10262000DDE90001FEF79AF9339BDB000D930833D7
:102630001293CDE90001CDF820A0069B339ADDF876
:1026400018A003EB420304EBC3030C930A9B083B63
:1026500004EB030B079B9A4502DD29B0BDE8F08F20
:10266000069B9A4548DD079B9A4500F0E4800C9B49
:1026700013ED027B089BDBE9006753E9024527F075
:102680000043CDE91B3425F000431A961D93DDE984
:102690001C23DDE91A018DED007BFDF77FFE009B19
:1026A0001E93019B23F000431F93DDE91E23FDF7DA
:1026B00075FE02460B46CDE9042300220023FEF7F7
:1026C0008BFA002840F0AC80DDE90423304639461F
:1026D000FEF744F9DDE90423804689462046294671
:1026E000FEF73CF9DDE90423CDE90201DDE9000153
:1026F000FEF734F9CDE9000142464B4640464946D3
:10270000FEF702F8DDE9022304460D46104619469D
:10271000FDF7FAFF02460B4620462946FDF73EFE2E
:10272000DDE9002304460D4610461946FDF7ECFF8F
:1027300002460B4620462946FDF730FE41EC100BC1
:102740002AF016FB002200234046494655EC104B68
:10275000FEF74CFA28B105F1004320942193DDE9FE
:102760002045069B9A4569DD05F100432393229499
:10277000DDE90423DDE92201FDF7C6FFCBE9000115
:1027800022462B4640464946FDF708FE22462B4688
:1027900080468946FEF7E2F822462B46CDE9040141
:1027A000DDE90201FEF7DAF822462B46CDE90E01FB
:1027B000DDE90001FEF7D2F84246CDE910014B46B3
:1027C000DDE90201FEF7CAF84246CDE902014B46B7
:1027D000DDE90001FEF7C2F8CDE900010C9D089C7F
:1027E0000BF108065746339B9F4238DB199A189C19
:1027F0000AF103039342A8BF134626934FEACA0384
:102800000A93083313930A9B103314930025269BD5
:10281000AB4273DA329C0025339B9D42C0F2C980E3
:10282000129A089B134408930C9B13440AF1010A63
:102830000C9393440EE79FED8C7B1BE7069B279A36
:1028400093429DD0DBF800302493DBF8043003F191
:10285000004325939DED247B8BED007B90E7D4E92D
:102860000023DDE902010A94FDF74EFFD6E90023BB
:10287000FDF794FD079B9A45804689461FD095ED4C
:10288000007BDDE9002351EC170B8DED0A7BFDF792
:102890003BFF02460B4640464946FDF77FFD024698
:1028A0000B4680468946DDE91001FDF72DFF024603
:1028B0000B46DDE90A01FDF76FFDC5E90001DDE921
:1028C0000E2340464946FDF71FFF02460B46D4E95A
:1028D0000001FDF761FDDDE90423E4E80201404663
:1028E0004946FDF711FF02460B46D6E90001FDF708
:1028F00053FD0137E6E80201083574E70A9BE61844
:10290000139BDDE904011F19D6E90023FDF7FCFE46
:10291000D7E9002380468946DDE90E01FDF7F4FE84
:102920000B46024649464046FDF738FD079B9A454F
:102930008046894623D0149B234493ED007B159356
:1029400051EC170BDDE910238DED167BFDF7DCFE56
:1029500002460B4640464946FDF720FD02460B461F
:1029600080468946DDE90001FDF7CEFE0B460246B2
:10297000DDE91601FDF710FD159BC3E90001DDE956
:10298000022340464946FDF7BFFE02460B46D7E903
:102990000001FDF701FDC7E900014B46D6E9000142
:1029A0004246FDF7F9FC0D9BC6E9000101351C44C8
:1029B0002DE70A9BE618139BDDE904011F19D6E9F0
:1029C0000023FDF7A1FED7E9002380468946DDE913
:1029D0000E01FDF799FE0B46024649464046FDF7BB
:1029E000DDFC079B9A458046894623D0149B2344EF
:1029F00093ED007B159351EC170BDDE910238DED62
:102A0000167BFDF781FE02460B4640464946FDF720
:102A1000C5FC02460B4680468946DDE90001FDF70C
:102A200073FE0B460246DDE91601FDF7B5FC159B6A
:102A3000C3E90001DDE9022340464946FDF764FE93
:102A400002460B46D7E90001FDF7A6FCC7E90001E5
:102A50004B46D6E900014246FDF79EFC0D9BC6E9B8
:102A600000011C440135D7E6000000000000000012
:102A70002DE9F04FA7B01D46309B249103FB05F4D0
:102A800000EBC4049A491790EB001493002004EB68
:102A9000C503C3E9000130990793CE00C6EBC50317
:102AA0001C446FF007039B1B9FED8F7B1593079BC7
:102AB000CDE91043249B8DED220B8DED0A7B8DED2E
:102AC000027B02EBC50203EBC50305F1FF3B169247
:102AD000AA462593149BBBF1000FA4EB030902DA6D
:102AE00027B0BDE8F08F259B109993ED007B51E94D
:102AF000020153EC172B8DED127BFDF74DFC09EB1A
:102B0000CA031F46309B94ED007B03FB0AF8149B1D
:102B1000CDE9040103EBC8088DED007B179BD1467E
:102B20009844A94549DB169B33ED027B002216939E
:102B300051EC170B00238DED0C7BFEF757F830BBE3
:102B4000DDE90C0100220023FEF746F8002849D0F9
:102B5000009B0E93019B03F100430F93DDE90401F9
:102B600000220023FEF738F8002838D1DDE90423DD
:102B7000DDE90E01FDF7F2FEC4E900019DED0A7BDF
:102B80008DED007B9DED027B8DED047BDA46079B8E
:102B9000159A9B1B9DED007B0793109B13448DEDB5
:102BA0000A7B10939DED047B119B13448DED027BFA
:102BB0000BF1FF3BA41B11938CE7D8E90023F7E846
:102BC0000201FDF7A1FD02460B46DDE90001FDF71C
:102BD000E5FB09F10109CDE90001B044A1E7DDE918
:102BE0002223C5E7109B93ED007B119B8DED087BA5
:102BF00013ED027B249B03EBCB01D1E90001DDE95E
:102C000012238DED207BFDF7C7FB02460B46FDF737
:102C10007BFDDDE90A23CDE91201DDE90801FDF7BD
:102C200073FDDDE9022380468946DDE90001FDF7F9
:102C30006BFD02460B4640464946FDF7ADFBDDE91C
:102C40000C238046894610461946FDF75DFDDDE9F7
:102C50001223FDF7A3FB02460B4640464946FDF70B
:102C60007DFE089B1893099B23F000431993029B58
:102C70001A93039B23F00043804689461B93DDE9AA
:102C80001A23C4E90089DDE91801FDF7CDFF4246AA
:102C90004B46A8B1DDE90401FDF736FDDDE900236F
:102CA000FDF77CFB01F100431D931C90DDE9082337
:102CB000DDE91C01FDF752FE079BC3E900015DE75A
:102CC000DDE92001FDF720FDDDE90A23FDF766FBC4
:102CD00001F100431F931E90DDE90223DDE91E018F
:102CE000E8E700BFAFF30080000000000000000034
:102CF0000000F03F000000002DE9F04F8DB0CDE95D
:102D00000901169A013A0192169AD6003344A6F1A7
:102D100008040893019B002B02DA0DB0BDE8F08F88
:102D2000089B73E902890022089340460023494624
:102D3000FDF75CFF054600284DD004F108030A9D0D
:102D40000B93A4F108094FF00008169B984504DB8B
:102D5000019B013B0193083CDCE79FED377B0B9B1C
:102D6000099F8DED047B8DED027BAB4605EB030ADD
:102D7000BBEC027B09EB070351EC170BD3E90023F3
:102D80008DED067BFDF7C0FC02460B46DDE9020136
:102D9000FDF704FB3B19D3E90023CDE90201DDE98E
:102DA0000601FDF7B1FC02460B46DDE90401FDF723
:102DB000F5FADA45CDE904013744D9D19DED027B1E
:102DC00005EB090383ED007B2B19C3E900013544B2
:102DD00008F10108B9E70022002340464946FDF703
:102DE000FBFE0028B4D00A9F04F1080A1FE09FED03
:102DF000127B099B8DED027B03EB0409B84607EBC0
:102E00000A0BD9E90023F8E80201FDF77DFC024630
:102E10000B46DDE90201FDF7C1FAD845CDE9020113
:102E2000B144EED13B19C3E9000101353744169B8B
:102E30009D42DCDB8CE700BF0000000000000000CA
:102E40002DE9F04F2DED048BBDB093464A9A0E93B9
:102E50005D1E02FB03F4EB001E930E9B1D909E1A59
:102E6000EB0000EBC40408330F9304EBC50704EB3D
:102E7000030AAB1A97ED007B04EBC60604EBC30410
:102E80000F9BCB188DED007B1C9393ED007B0F9B6C
:102E90005B44D6E900891393DDE90003424623F041
:102EA000004129F000438DED3A0B8DED027BFDF7DB
:102EB000BBFEDDE90223002859D0DAE90001FDF765
:102EC0006BFADDE9002301F10041FDF747FDC4E99C
:102ED00000010F9B5BF80300139B5B6803F100414B
:102EE000D7E90023FDF73AFDC6E900016E4B002249
:102EF000C7E900230E9B023B1293129A4A9B53434D
:102F00001D9A00200021CAE9000102EBC30A0E9AB3
:102F10004A9B134403F10053013BDB003693083313
:102F200038934A9BDB0016935B423993531E0BEB9D
:102F3000C3031F931C9B1793169B41EC170BC3F104
:102F4000FF2303F57F03F833CDE90A018DED107BF4
:102F500037930AEBC203A3F1100B129B002B8DEDEC
:102F6000087B19DA3DB0BDEC048BBDE8F08FD4E9E5
:102F70000001FDF711FA41EC120B2046139C42466A
:102F800009F1004394ED003B9FED451B43EC102BF2
:102F900031462BF010FBA9E71C9B93ED007BDBE98E
:102FA000000153EC172B8DED207BFDF7F5F90F9BFE
:102FB0000AEB030494ED007B8DED007B9FED387BE5
:102FC0004A9BCDE9060103FB05F88DED027B1D9BB5
:102FD0000AEBC50603EBC808A9460E9B994535DBED
:102FE0001F9B73E9026700221F9330460023394676
:102FF000FDF7FCFD002840F0A981139B93ED007BB9
:103000001E9B00220AEB03053046002339468DED56
:10301000047BFDF7E1FD002848D0029B2293039B2F
:1030200003F100432393009B2493019B03F100438E
:1030300025939DED043B9DED062B9DED221B9DED03
:10304000240B214628462BF0B6FA72E1B6EC027B3F
:103050001E9B434451EC170BD3E900238DED047BF9
:10306000FDF752FB02460B46DDE90001FDF796F93C
:103070000F9B4344D3E90023CDE90001DDE90401BE
:10308000FDF742FB0B460246DDE90201FDF786F93A
:10309000169BCDE9020109F1010998449DE700BFA3
:1030A00000000000000000000000F03F9BED027BEC
:1030B000169B17995B448DED0C7B93ED007B51E9DA
:1030C0000401DDE920238DED147BFDF765F902464F
:1030D0000B4680468946FDF761F9DDE90423FDF7DB
:1030E00013FB4246CDE920014B4640464946FDF7D9
:1030F0000BFB32463B468046894630463946FDF753
:1031000003FB02460B4640464946FDF747F9DDE919
:10311000042306460F4610461946FDF7F5FA024607
:103120000B4630463946FDF737F902460B4643EC6D
:10313000182B0C9B1A930D9B23F000431B93089BA9
:103140001893099B23F00043199300220023FDF7F5
:1031500043FD002831D0DDE9200100220023FDF7E6
:103160003BFD002829D0069B2693079B23F00043B4
:103170002793DDE92601DDE91A23FDF70FF9149BFA
:103180002893159B23F000432993DDE92823FDF7BD
:1031900005F9DDE91823FDF701F9049B2A93059B46
:1031A00023F000432B93DDE92A23FDF7F7F8DDE94F
:1031B0003A23FDF7A9FA41EC180BDDE90A23DDE912
:1031C0000C01FDF7A1FADDE9022306460F46DDE911
:1031D0000801FDF799FA02460B4630463946FDF7DD
:1031E000DBF8DDE9042306460F46DDE90001FDF7C3
:1031F0008BFA02460B4630463946FDF7CDF8DDE93D
:10320000102341EC190BDDE90C01FDF77DFADDE936
:10321000002306460F46DDE90801FDF775FA024670
:103220000B4630463946FDF7B7F8DDE9042306467C
:103230000F46DDE90201FDF767FA02460B4630460C
:103240003946FDF7ABF8B0EE482AF0EE682AB0EE4A
:10325000491AF0EE691A41EC100B9DED203B214616
:1032600028462BF0A8F9139BD3E90067369B2C96D0
:103270000AEB0309389B0AEB030827F000432D9360
:10328000DDE92C01DDE91823FDF788F8DDE91A23D3
:10329000FDF7ACFC00286ED0009B2E93019B03F140
:1032A00000432F93DDE90601D5E90023FDF72CFA51
:1032B00002460B46DDE92E01FDF76EF8D4E9002346
:1032C000CDE9000130463946FDF71EFADDE90C2351
:1032D000FDF744FB02460B46DDE90001FDF75EF811
:1032E000029B3093C9E90001039B03F10043319332
:1032F000DDE90601D4E90023FDF706FA02460B4694
:10330000DDE93001FDF748F80F461399D5E90023B0
:103310000646D1E90001FDF7F7F9DDE90C23FDF7D9
:103320001DFB02460B4630463946FDF735F8C8E925
:1033300000019DED0A7B8DED027B9DED107B8DEDF7
:10334000007B9DED087B8DED067B129D399B9A4499
:10335000129B9DED027B013B1293179B8DED0A7B27
:10336000083B9DED007B1793379B8DED107B9B44B5
:103370009DED067BF1E50A9B32930B9B03F1004325
:103380003393DDE91401D4E90023FDF7BDF90246CA
:103390000B46DDE93201FCF7FFFF109B3493119BD4
:1033A00003F1004341EC180B3593DDE91401D5E935
:1033B0000023FDF7A9F902460B46DDE93401FCF7CD
:1033C000EBFFB0EE481AF0EE681A41EC100B9DEDE1
:1033D000082B47EC136B4146484634E600000000DA
:1033E0002DE9F04F8BB0CDE906014C1CDFF8F0B0B1
:1033F000E40005464FF000084FF0000A079B98458F
:103400000FDB069BA4F1080903EB0907B846012569
:10341000079BAB425CDD069B059300230497019359
:1034200043E0D5E900670022002330463946FDF726
:10343000D3FB002847D132463B4650465946FDF75C
:103440008DFA08F10108C5E900012544D6E7DBE95A
:103450000023F6E80201FDF757F902460B46DDE9C5
:103460000201FCF79BFFCDE902010AF1010ACB44FE
:10347000AA45ECDBD8F808300893D8F80C3003F1F3
:1034800000430993DDE90801DDE90223FDF73CF97A
:10349000049BE3E802010493019B01330193059B24
:1034A00023440593019B9D4209D0DDE9043B9FED38
:1034B0000A7BDDF804A08DED027B1E46D8E70135BE
:1034C0004F44A044A4E74FF0FF300BB0BDE8F08FAD
:1034D0000020FAE7AFF300800000000000000000C9
:1034E0000000F03F000000002DE9F04F87B00D46CE
:1034F0000390FFF775FF00283BDB039F4FEAC50AE7
:103500000024AC423ADAE3000593039B029703EBF5
:10351000C409002621E0059B08EB0301049B4344FA
:10352000D3E90023D1E90001FDF7EEF802460B468E
:10353000DDE90001FCF732FF0BF1010B5D45CDE940
:103540000001D044E7D1029BE3E802010136B44216
:10355000C9E900010293D14408DB9FED097BF30028
:103560008DED007B0493B846A346D4E7013457445D
:10357000C7E74FF0FF3007B0BDE8F08F0020FAE753
:1035800000000000000000002DE9F04F99B0012A72
:1035900003908B46144607DC7D4B0022C1E90023D3
:1035A000002019B0BDE8F08F022A0CD17849002024
:1035B00000220023CBE90001CBE90223CBE904017F
:1035C000CBE90623ECE7900028F0D8FE0590002810
:1035D00000F0D480039B049003EBC4030B93A31E61
:1035E000E50017930B9B0E9305F1080310930BEB6B
:1035F000041306930F930B9B07930026049B079FCE
:103600009FED617BB246013643F8046F4FEAC6096D
:103610008DED087B0493A9F108031493B046A045EF
:1036200042DB049B1A68B2420BD003983146234612
:103630002BF052F8049A00941268039831462BF04C
:1036400032F80E9BEB1811939846039B4B4415934D
:103650000F9B0AF10207A7420A933FDBDDE90F3215
:1036600013440F93079B13440793179B9E4218DB49
:103670000B9E02272E447A1E304606992AF0F6FD4C
:10368000069B01372B44BC422E440693F3DC03987F
:10369000059A23465946FEF7CFFD05982EF035F9D9
:1036A0007EE7119B0E93A9E73B6812937B6823F09A
:1036B00000431393DDE91201DDE90823FDF7B4FAB5
:1036C00040B1049BC3F800803B6808937B6823F0FB
:1036D000004309932F4408F10108A0E7149B08EB6D
:1036E0000301079BD1E90001D3E90023FDF736F977
:1036F000CDE9080105EB0803DDF838A01693C146B3
:1037000099ED007BDDE90823FAE802018DED0C7BE1
:10371000FCF7FAFF0B460246DDE90C01FCF73CFE24
:10372000E9E80201169B4B45EAD19DED087B0A9B17
:10373000DDF8549083ED007B039B03EBC7030C93F0
:103740004FF0000A0C9BDDE90801D3E90023FCF7E8
:10375000DBFF0B460246D9E90001FCF71FFE0C9B7C
:103760000AF1010A2B445445C9E900010C93A9440C
:10377000E8D10A9BA84401372B446CE74FF0FF3097
:103780000FE700BFAFF30080000000000000000062
:103790000000F03F000000002DE98048C04B9FB0C2
:1037A000012202AF1A7011F0CFFD062016F034F995
:1037B00038B1BC4B43610223037400234374837408
:1037C000C374DFF83083B84900234FF486522CF0DD
:1037D0003CFB98F800301BB1B44B1B685B68984702
:1037E000B34CB44D23685B6898470023BB642B68D7
:1037F000DB88D80606D59FEDB00A07F14801012005
:103800002BF06DF897ED128AB5EE408AF1EE10FAC2
:1038100019D0082016F000F9064668B1A74B43619D
:1038200018EE100AFCF718FF0423C6E906013374EA
:1038300000237374B374F3749B4900234FF4035251
:1038400030462CF002FB2B68B3F91820B3F9163080
:1038500000EE902A00EE103A2368F8EEE00A9B682A
:10386000B8EEC00A07F1600107F15400984708203C
:10387000D7F8549016F0D0F8064660B1904B4361EB
:103880004846FCF7E9FE0423C6E906013374002329
:103890007374B374F3743046834900234FF40352B6
:1038A0002CF0D3FA0820D7F8609016F0B5F8064649
:1038B00060B1844B43614846FCF7CEFE0423C6E961
:1038C0000601337400237374B374F3744FF403521A
:1038D00030467549DFF820A2DFF820B200232CF033
:1038E000B4FA2E68F388B6F91400C3F3C0038AF85B
:1038F0000030FCF79FFE02460B4600207249FDF7A0
:103900002DF8FDF7D9F908EE100AB6F91200FCF708
:1039100091FE02460B4600206B49FDF71FF8FDF7AC
:10392000CBF9236869491B6897ED120A00EE900AEB
:10393000B0EE481A58469847644B9BED007AD3ED99
:10394000007A634BF861B4EE677AF1EE10FA48BF83
:10395000F0EE477AC3ED007A5E4B0820D3F804906E
:1039600016F05AF8064688B15B4B43614846FCF7AF
:1039700051FE49A3D3E90023FCF7F0FF0423C6E975
:103980000601337400237374B374F37430464649EC
:1039900000234FF403522CF058FA0820DBF8009073
:1039A00016F03AF8064690B14C4B43614846FCF796
:1039B00053FE0B46024644490020FCF7CFFF042388
:1039C000C6E90601337400237374B374F37430468C
:1039D000354900234FF403522CF037FA3B4B0820B3
:1039E000D3F8009016F018F8064690B13C4B4361AE
:1039F0004846FCF731FE0B46024633490020FCF7EF
:103A0000ADFF0423C6E90601337400237374B37455
:103A1000F374002324494FF4035230462CF015FA76
:103A2000FB69002BC0F2338198F800309FED2D8A9E
:103A3000002B40F0CA80062015F0EEFF002840F071
:103A40002B811949284EDFF8B88000234FF48652A5
:103A50002CF0FBF92B68254AB3F91A30244D83F377
:103A600002032B6052F8233033600FF09DFB2B686C
:103A7000032B03D1D8F800002AF051FADFF8849024
:103A80002A68D9F80000336890F87411914240F028
:103A90000C8139E0AFF300800000000080842E41EB
:103AA000B65B0020C8860300EC24030078070020E2
:103AB0007C0700203407002000000047E486030054
:103AC000FE860300198703000000F03FD037002076
:103AD000C8370020BC07002032870300538703004B
:103AE0007687030000007A4488070020040900203C
:103AF000C4370020B95B0020B85B0020D437002019
:103B000084070020380700205B6800F27510984792
:103B1000D9F80030002283F8742105F017F8D8F89E
:103B2000000005F037FA2268834B9A4215D106202F
:103B300015F072FF38B1814B4361022303740023F7
:103B400043748374C3747E4900234FF486522CF06F
:103B50007CF905F025FA2AF018FA7A4BD3ED007AB1
:103B6000794BF8EEE77A93ED007AC7EE886AC6EEF5
:103B7000877AFDEEE77A17EE903A18B2734B188009
:103B8000236880B25B6A9847064600287FD0C0F35E
:103B90000713012B6E4C00F09380032B00F09280F2
:103BA000002242F48032D4E9011023690968090532
:103BB00000F18D80674968484FF47F722BF097FCC5
:103BC0004FF47F7163482BF089FC9AF80030002B8A
:103BD0003FF431AFDFF8A8A12368BAF80420DFF87A
:103BE000A491DB6ADFF88C8102F07F0200210220C1
:103BF0009847D9F800309FED590A1B68404698470E
:103C000098ED007AF0EE007A57EE087A064617EE45
:103C1000900AFDF7ACF9524BC3E90001514B216802
:103C200001221A70BAF80420D1F82CA0D9F800109B
:103C300002F07F020420D04708B94A4B18700820D0
:103C4000D8F8009015F0E8FE8046B0B1464B4361CD
:103C50004846FCF701FD0B46024644490020FCF7AC
:103C60007DFE0423C8E9060188F81030002388F897
:103C7000113088F8123088F81330314900234FF49E
:103C8000035240462CF0E1F8002EBFF6D4AE0121DD
:103C9000084611F0BBFBB7E0354B436102230374C8
:103CA000002343748374C374CBE6324A1B6892EDDD
:103CB000001A314ADBED000A92ED000A98472EE720
:103CC00020226EE72D4A2369D4E901106EE71968B6
:103CD00021F40061196003681D480B2106F00F06EE
:103CE0009847032E16D0022E4FF0000316D14FF046
:103CF000A8621343D4E90126B469002C4BD05902C1
:103D00000ED41449144840F27F322BF0F0FB40F2FD
:103D10007F3157E74FF050730022EAE71A46E8E791
:103D20001268120530D40B490B4840F293322BF045
:103D3000DEFB40F2933145E774280300CB87030094
:103D4000EC24030074070020C8370020B459002079
:103D5000B81B0300E387030014880300CDCCCC3DDF
:103D6000101F0020B75B0020958703000000F03F84
:103D7000B7870300CC370020D037002010000100A7
:103D8000F437002078070020B94803F0C0634FF0F3
:103D9000A0720B21A047B749B74B4B604FF40063AB
:103DA0008B60F36913B1B248012298472A68B34B7C
:103DB0006C4688B053F8223002AAB149C2E9051313
:103DC0004FF400739383AF4B42F8103FAE4800238B
:103DD0004FF4E65116F000F80620A54615F01CFE3B
:103DE00038B1AA4B436102230374002343748374E4
:103DF000C37400234FF48652A3492CF026F8A44A3A
:103E000001231370A34A13709FED978B2AF07CFC5B
:103E1000A04B1B783B61C7E90210002B00F0FC832C
:103E20009D4CDFF8C8929D4D11F08EFA9C4B94F892
:103E3000008093F800A083F80080D9F8003028466D
:103E40001B6A984740B92AF05FFC964B95ED000A33
:103E5000C3E9000102F0E0FB934B1B68DB8813F021
:103E6000010F40F26C7608BF4FF48066304628F0B0
:103E700085FA0546C8B9082015F0CEFD40B18B4B38
:103E800043618B4B83610323037445748574C5744C
:103E900000234FF4C2527C492BF0D7FF0121084682
:103EA00011F0B4FA7B4A00231370D9F80030314680
:103EB0001B69284698477F4B93F800900646B9F156
:103EC000000F40F0F1814FF000097B4BC245B3F980
:103ED0000030BB611BD02478012C00F0FB81022C48
:103EE00000F00A829CB906200EF0E2FD062015F0D3
:103EF00093FD30B1714B43610223037444748474A5
:103F0000C474614900234FF486522BF09EFF0024B5
:103F100011F006FAC7E90C44DFF8ACB1BC63A04667
:103F2000FC617C61A0B2864200F2188228462DF026
:103F3000ECFC07F15405B9F1000F4CD0DFF8B0A14B
:103F400007F124040C22514620462DF0F0FC0028F5
:103F500041D02AF0D9FB5A4BC3E9000194E807008D
:103F60004FF0000B8AE80700204604F0EDFFC7F889
:103F700054B09FED540AC5E901BB294620462AF0FA
:103F8000E7FD20B19AE8070084E80700D946D7ED9D
:103F9000097ABB6A3B66F1EE677AC7ED197AD7ED0D
:103FA0000B7AF1EE677AC7ED1A7AB9F1000F08D0F3
:103FB000454B464A1B6892ED000A5B6907F16000B9
:103FC000984707F16002104641492AF04EFD07F17B
:103FD000600002F005FBFA693E4B002A40F03A828D
:103FE000002E40F04E822AF08FFB652871F100010F
:103FF00003DBB8F1000F00F08A82BB6923B37B6951
:10400000FA699342B8BF1346F3B1BA6993421BD021
:10401000314AB86931496C468AB0012818BF114647
:1040200002AA2F4850611362B86940F201339384A9
:104030002C4BC2E9060142F8103F134800234FF40D
:10404000325115F0C9FEA5461F4E274833681B6B39
:104050009847254908462AF055FC00237B651D48F2
:10406000C5E9013346E000BF000000000000000089
:10407000B81B0300B83700205D2B01001409002095
:104080002C88030003000001EC24030035880300A2
:10409000BD5B0020B15B0020B45B0020D83700205E
:1040A000B35B00205005002034070020488803003F
:1040B000B58A0300B75B0020B4590020768803005E
:1040C00058050020BD37863588070020CC370020F2
:1040D0008C070020A837002037B403008C9C030015
:1040E0002389030005000001AC0700207C070020A5
:1040F000DC37002029462AF0D9FCB5EE400AF1EE63
:1041000010FA04D0834984482A4611F081FF202008
:1041100011F03CFA33689B6A04469847002840F047
:1041200003829FED7E0A7E497B48DFF82C922AF0BD
:10413000D7FC002C40F03083002800F02D832AF0BB
:10414000E3FAD9E90032C61A764B1B7861EB020814
:10415000F3B9754B1B68D3F830A04FEAEA73B24548
:1041600073EB080314DA082015F056FC38B16F4BD6
:104170004474C0E9053A032303748474C4740023AF
:104180004FF4C6526A492BF060FE664A0123137051
:104190006848DFF894A1D0E90010D9E900325B1A31
:1041A000DAF800104C6B62EB00024FEAE4799C42B3
:1041B00079EB020008DA8C6B4FEAE479A34272EBE8
:1041C0000900BCBF1C469146CA88D00709D555488E
:1041D0000378012B05D8B44279EB0803BCBF022356
:1041E0000370DFF85CB152079BF8003040F1BD81ED
:1041F000012B00F2B781CA6BD317B24273EB0803ED
:1042000080F2B381062015F007FC38B14A4B4361B8
:1042100002230374002343748374C374002344494A
:104220004FF486522BF011FE02238BF80030DAF89F
:104230000030D3F840B04FEAEB73B34573EB08039B
:1042400080F29381082015F0E7FB60B13B4B43619E
:104250004EF660239BFBF3F3836103230374002377
:1042600043748374C374324900234FF4C6522BF055
:10427000ECFDDAF80030B3F9101029B95B881B07A0
:1042800002D501202AF0E0FADAF80030B3F9102064
:10429000012A05D15B88580702D500202AF0DDFAF3
:1042A000274B03221A7060E12AF02EFA254BD3E93E
:1042B0000023801A61EB0301234BD3E900238242E0
:1042C0008B41BFF600AE214B1B6807F124005B69F0
:1042D0009847FAE521200EF0EBFB062015F09CFB39
:1042E00000283FF40EAE1A4B4361022303740023EF
:1042F00043748374C37404E664200EF0D9FB062073
:1043000015F08AFB00283FF4FCAD124B43610474A6
:10431000EDE700BFA8370020AC0700200AD7A33B79
:104320009C070020B45B0020340700204289030072
:10433000EC240300081F0020618903007F8903002B
:10434000B25B002058050020101F002078070020D5
:1043500095880300B4880300001F00200023C7E9EC
:104360001133C7E91333C7E90F33714B07F1240247
:104370001B680092D3F814A007F13C0207F1480330
:104380002946D04710F01003824661D110F0020F89
:1043900026D007F148007B6004F09CFDBA6C7A657A
:1043A000FA6CBA653A6D634BFA65DBF8002093ED61
:1043B000000AD26807F1540090475F4A7B6912787F
:1043C00001337B6162B15D4A7B68127842B1C7E913
:1043D0001833BB66DBF8003007F16000DB699847F3
:1043E0001AF0010F2DD007F13C0004F02DFDFB6BFE
:1043F0003B663B6C7B667B6CBB66514B514A1B68D2
:1044000092ED000A1B6907F160009847D7ED0C7A1E
:1044100097ED187AFB6977EE877A97ED197AC7EDF1
:104420000C7AD7ED0D7A77EE877A97ED1A7AC7ED89
:104430000D7AD7ED0E7A77EE877A0133C7ED0E7AD3
:10444000FB613B691AF0040F18BF994608F1010897
:10445000013467E5D7ED077AD7ED0C6AF8EEE77A15
:1044600086EEA77AD7ED0D6A83ED007A86EEA77AFD
:10447000D7ED0E6A83ED017A86EEA77A83ED027A94
:10448000AEE5B8F1000F06D0B0457FF4B6AD2E4BC7
:1044900000221A60B1E5062015F0BEFA48B12B4B98
:1044A00043610223037480F8118080F8128080F841
:1044B000138000234FF4845225492BF0C6FC224A76
:1044C000136801330A2B13607FF497AD082015F0B1
:1044D000A3FA48B11F4B43611F4B8361032303744D
:1044E000002343748374C374194900234FF4C252E8
:1044F0002BF0ABFC0121084610F088FF002E3FF4A2
:104500007CAD0EF07DFF00202AF0B1F975E50620A4
:1045100015F082FA0028CCD0104B436102230374BB
:1045200046748674C674C4E79FED0D0AFBE500BFB0
:104530007C070020D0370020B95B0020B85B00204A
:1045400088070020D4370020B4370020D588030026
:10455000EC240300FF880300B58A0300EA88030007
:10456000CDCC4C3D022B3FF462AEDAF80030DFF8E0
:10457000B8B2DA889BF800A0910703D55A881207D1
:1045800000F1D380BAF1000F00F0FD80BAF1020F04
:1045900040F0F980186CC117801B61EB080102F034
:1045A0006BF89FED8C0A8C498C482AF099FA9FEDA4
:1045B0008C0A8C49044628462AF0CAFA04B1E0B9AC
:1045C000864B854C0FCB84E80F0095E80700854BA0
:1045D00083E807008449814807F160022AF0C7F99F
:1045E00081492A4628462AF040FA804B2946D3E9D9
:1045F000002307F1600001F0BDFF7D4B1B785BB12C
:104600007C4B1B7843B17C4B1B782BB97B4B1B78C5
:10461000012B01D106F080F8794CDFF814820023D9
:1046200023702AF071F8FB68D8F80020C01ABB6824
:1046300061EB0301D31782428B4107DA714DD5E953
:10464000002382428B41B8BFC5E900016E4D2AF0BC
:104650005BF8D5E90032C01A41F2893361EB0201FF
:10466000984271F1000121DB2AF04EF8C5E9000102
:10467000644DD5E90096B9F1010F76F1000315DB21
:10468000082015F0C9F948B1604BC661C0E9053989
:1046900004230374002343748374C3745C490023AC
:1046A0004FF402522BF0D1FB85ED008B4F4B594D4F
:1046B00083ED008B2B7803F0FF06002B40F0868003
:1046C00001232B70D8F8003003F10A0C2CEAEC7CA3
:1046D0004FF4004E314640F2E7304FF47A72002337
:1046E000CCFB0E01FCF788FB26F02CFF2B7893B156
:1046F000062015F091F930B1474B43610223037452
:1047000046748674C674424900234FF484522BF0D9
:104710009CFB00232B70414B1B7813B1404826F0C3
:1047200025FA01232370FFF771BBBAF1000F7FF464
:104730002DAFB44279EB08032ADA082015F06CF9A2
:10474000064690B1374B43614FF47A7200232046FE
:104750004946FCF701FBC6E906010423337486F8D9
:1047600011A086F812A086F813A0002328494FF460
:10477000035230462BF069FB002108462AF064F80A
:1047800001238BF800304FF0FF306FF0004106E757
:10479000A01B69EB080102E7184B234C1B78022B86
:1047A00002D02378012B04D129F0AEFF1F4BC3E9BF
:1047B000000129F0A9FF2378104A012B4FF00003D4
:1047C000C9E9000108BF23701370DCE726F0D4FDAF
:1047D0009FE700BF6F12833A9C070020AC070020C0
:1047E000CDCC4C3DE83700208C070020F81E00207F
:1047F000B95B0020B85B0020B35B0020B45B0020F5
:10480000B65B0020281D0020301D0020BD8903005C
:10481000EC240300B55B0020E2890300BA5B0020B2
:10482000181E00209D890300B25B0020081F002095
:1048300074070020000000002DE9F04F824F834DE7
:104840008BB0044619B34FF6FF733B802B68B3F966
:104850001A30002BC0F29780062015F0DDF838B131
:104860007B4B436102230374002343748374C3743A
:10487000784900234FF486522BF0E7FA0FF08EF8B8
:104880004FF0FF300FF06CF80FF0A6F87BE0724AA3
:10489000B2F90030108083421FBF70490B7823F0BB
:1048A00008030B702DF007F86D4BC3E900012B686E
:1048B000D3E90A016B4BC3E90001B7F900300133BA
:1048C00005D13C802CF0F7FF674BC3E900012B6852
:1048D000B3F91A30002B54DA002C52DD082015F001
:1048E0009BF8064680B1614B43612046FBF7A2FE70
:1048F0005F4B0022FCF732F80423C6E9060133744B
:1049000000237374B374F3743046524900234FF498
:1049100003522BF09AFA20460FF022F82B68B3F9D5
:104920001A60A6F16402944232DA0A2015F074F893
:104930000546C8B14F4B43613046FBF77BFE4C4BFD
:104940000022FCF70BF8C5E906012046FBF772FED2
:10495000474B0022FCF702F80623C5E908012B7437
:1049600000236B74AB74EB7400234FF4425228465F
:1049700038492BF06AFA0FF011F820460EF0F0FFDC
:1049800001E0002CCADA0BB0BDE8F04F04F0DEB84D
:1049900006F1640294422BDD0C2015F03DF805462B
:1049A000D8B1354B4361354B83613046FBF742FE4E
:1049B0002F4B0022FBF7D2FFC5E908012046FBF789
:1049C00039FE2B4B0022FBF7C9FF0823C5E90A017A
:1049D0002B7400236B74AB74EB7428461D490023C1
:1049E00044F240022BF031FA0EF0D8FF204649E79E
:1049F000B3F9186006F164039C4243DD0C2015F006
:104A00000BF80546D8B11E4B43611C4B8361304601
:104A1000FBF710FE164B0022FBF7A0FFC5E90801CB
:104A20002046FBF707FE124B0022FBF797FF0823F7
:104A3000C5E90A012B7400236B74AB74EB7400237B
:104A400044F2400293E700BF3C0C002038070020EE
:104A5000098D0300F42303003E0C0020C15B0020FD
:104A6000481F0020401F0020381F0020178D030022
:104A700000005940348D0300718D0300558F0300F1
:104A8000AF8D0300B7F90030581C7CD0643B9C42CA
:104A900079DADFF88CA22CF00EFFDAE90023801A15
:104AA00061EB0301984B984271F100016BD22CF03D
:104AB00002FFDAF80030B7F900B0DAF804A000938A
:104AC00081460E20884614F0A7FF0546002848D0EE
:104AD000009B8E4AB9EB030668EB0A03A6FB02674C
:104AE00002FB03778A4B4361A4EB0B00FBF7A2FDAB
:104AF000884B0022FBF732FFF60B46EA4746FF0BD6
:104B0000CDE9000130463946FBF7C8FD7CA3D3E967
:104B10000023FBF723FF02460B46DDE90001FBF70C
:104B20001DFFC5E906015846FBF784FD794B0022BD
:104B3000FBF714FFC5E908012046FBF77BFD754B29
:104B40000022FBF70BFFC5E90C67C5E90A014FF02E
:104B5000000A0A232B7485F811A085F812A085F8A5
:104B600013A000236C4945F2C00228462BF06DF9D2
:104B70000EF014FF20460EF0F3FE684B1C80684BCD
:104B8000C3E90098FFE62B68B3F91A20A242B3F9F3
:104B90001820C8BF5C836FF495710A4494427CDA94
:104BA000B3F930306FF4F97213449C4275DA204641
:104BB000FBF740FD574B0022FBF7D0FE06460820CE
:104BC0000F4614F029FF48B1564B4361C0E9066710
:104BD00004230374002343748374C37400234E4975
:104BE0004FF403522BF031F92B68B3F91830A3F2CC
:104BF0001F339C4248DA082014F00EFF48B14A4B9C
:104C00004361C0E90667042303740023437483747B
:104C1000C37400234FF403523F492BF016F904F2FA
:104C2000F3140EF087FE4FF4FA73B4FBF3F42B6821
:104C3000D3E90A26D3E90E73D71B66EB0306B7F553
:104C4000160F76F100032BD20A2014F0E5FEA8B16E
:104C5000364B4361364BC0E906342C4CA7FB04238A
:104C600004FB0633D20B42EA4342DB0B0021C0E9CE
:104C700008230623037441748174C17426490023F8
:104C80004FF441522BF0E1F82B68D3E90A011A8E58
:104C9000C3E90E01A2F5FA721A860EF04BFE72E617
:104CA0000934A4B2202202A9204610F053FEBDF818
:104CB0000830059A0133ADF80830049BDB1946EB48
:104CC0000202CDE90432DDE906329F4276EB0201B1
:104CD00001D3134301D1CDE90676089BBB42099B62
:104CE00002AAB3414FF000014FF02003204638BF25
:104CF000CDE9087610F0F2FD0E4B00221A70C3E7E2
:104D000000000000389C8C4101001E0040420F0052
:104D1000ED8D030000005940F42303003C0C0020FB
:104D2000381F0020398E03004E8E0300668E03006C
:104D3000458F0300C15B00202DE9F04F054687B089
:104D4000214FBB68029304AA5B680021384698474C
:104D5000002832DBDDE9044A1C4BDFF87480A4FB39
:104D600003B203FB0A230393039915A3D3E900239A
:104D70005846FCF741F84FF0FF39039BD94578EBD3
:104D80000303064619D3A5FB04B405FB0A440CA390
:104D9000D3E9002321465846FCF72EF8D94578EB95
:104DA0000404034609D3864207D301220092029AE3
:104DB0000021146838463246A04707B0BDE8F08F9E
:104DC00000CA9A3B000000008C1D0300002D310139
:104DD000FFC99A3B000000002DE9F04F9FB08246CA
:104DE000039117461C460025387810B9284600F074
:104DF000A6BD252809D00399D0470028C0F29F8579
:104E00007B1C01350593059FEEE71822002110A8B1
:104E10002CF0C5FD7B78252B00F0BC800023791C8D
:104E200098469E469C4618460E4611F8012B2B2AA2
:104E300000F0E38000F2DA80202A00F0E180232AEB
:104E400000F0E1802BB19DF8483043F040038DF82D
:104E50004830B8F1000F05D09DF8483043F02003EA
:104E60008DF84830BEF1000F05D09DF8483043F072
:104E700010038DF84830BCF1000F05D09DF8483084
:104E800043F008038DF8483028B19DF8483043F0CE
:104E900004038DF848309DF8483003F0440144295C
:104EA00003D16FF386138DF848309DF848300E9685
:104EB00043F080032A2A8DF8483040F0A9809DF8FD
:104EC000493043F001038DF84930731C1A782E2ABB
:104ED0009DF849200CBF0121002161F341028DF8AA
:104EE00049200CD15A1C0E925A782A2A40F0A080F0
:104EF0009DF8492042F004028DF8492002331A78C7
:104F00006C2A00F0C18000F2A380682A00F0A9801A
:104F10006A2A00F0C2804C2A00F0C78013F8012BE7
:104F20000593782A8DF84B2000F209816D2A00F252
:104F3000C980692A00F20381572A00F2E280412ADF
:104F400004D0A2F14503022B00F2F9809DF84A300B
:104F500002F0DF020421A2F1410961F30203D9F159
:104F600000029DF849108DF84A3042EB090262F3C5
:104F7000C7110A068DF84910CBB200F11F8103F06A
:104F80007802182A40F009816FF3C6038DF8493082
:104F90000023F8E08DF84B30BB1C05939DF8493099
:104FA0009DF84A20DE0702F0070040F1098154F81D
:104FB000041B0491002908DA9DF8481041F004010F
:104FC0008DF84810049949420491590740F1008135
:104FD00054F8046B002E80F2FF809DF849306FF387
:104FE00041038DF849304FF0FF36F5E02D2A0DD002
:104FF000302A7FF427AF012316E74FF0010C13E7A7
:105000004FF0010E10E74FF001080DE701200BE70C
:105010000EA812F091FF0E9BB3423FF457AF9DF8DC
:1050200048201390C00F60F341028DF848204DE7EF
:105030000EA812F081FF9DF848301490C3F340028F
:1050400042EAD07262F341038DF848300E9B56E776
:10505000742A26D07A2A7FF461AF9DF84920062170
:105060000CE05A78682A9DF8492006D1012161F3A5
:10507000C6028DF84920023350E7022161F3C602CF
:105080008DF84920013349E75A786C2A9DF8492068
:1050900001D10421EBE70321F0E79DF84920052128
:1050A000ECE79DF849200721E8E7BDF8482022F405
:1050B000F04222F0020242F4804242F00202ADF8D5
:1050C0004820DFE76E3AD3B201229A4040F2824391
:1050D0001A429DF8493039D112F0240F61D1D1071D
:1050E0002DD59DF84A2003F07803A3F14008032151
:1050F00061F30202D8F100038DF84A2043EB080364
:1051000041E0A2F15801C9B2012000FA01F111F405
:10511000624F7FF41BAF40F6010319429DF84930FE
:105120001AD111F4043F0AD09DF84A2060F302021C
:1051300003F07803402B8DF84A207FF429AF9DF8C7
:10514000483043F001038DF8483021E79DF84A20AC
:10515000022161F30202EBE79DF84A10022003F0FE
:10516000780360F30201402B8DF84A1002BF9DF8CE
:10517000481041F001018DF84810632A7FF408AF10
:10518000003B18BF01239DF84820C2F340010B43A8
:1051900063F341028DF8482000E713F0380FCED1B9
:1051A000F6E69DF84A20032113F0780F61F302021E
:1051B0008DF84A2014BF01230023E4E70123E2E72E
:1051C0009DF948100029B4BF13994FF0FF31FBE659
:1051D0009E077FF508AF149E00230428CDE9133302
:1051E0009DF8493007D1990705D49DF94910002948
:1051F000ACBF06260D2602F00702012AC3F3C30343
:1052000032D1DA1E042A04D8DFE802F02045452016
:1052100020002268012B4FEAE271CDE910211BD159
:105220009DF94020D117CDE9102104349DF8482084
:10523000069292074FD0059B03993A4650462AF0B2
:1052400036F90028C0F27B830544DCE554F8042BD2
:10525000D117CDE91021E9E7022BE6D111B242F3D3
:10526000C032CDE91012E0E7022A24D1DA1E042A66
:1052700004D8DFE802F0181010181800012B54F8B9
:10528000042B4FF0000114D0022BCDE91021CDD119
:1052900092B21092CAE7073424F00704F4E802013E
:1052A000CDE91001C2E754F8042B109200221192AC
:1052B000BCE7D2B2CDE7042A08D1073424F00704B2
:1052C000D4E900010834CDE91001AFE7032AADD1DC
:1052D00054F8042BDDE79DF84B80B8F1780F3FF6CA
:1052E00092ADB8F1570F5CD8B8F1250F00F0A4804B
:1052F000B8F1240F7FF687ADB8F1410F04D0A8F1C3
:105300004503022B3FF67FADDDE91023002BC0F2F1
:105310004D810699080700F14C81C1F300194FEA4D
:105320004919C3F30A51C3F31303002940F0448120
:1053300052EA030014BF4FF0010C4FF0000CD802EA
:1053400040EA5250D702CDE90C70B8F1460F47EA57
:10535000010740EAE17008BF4FF06608384300F0EB
:10536000B881BCF1000F10D01B0343EA125317039E
:105370003A4618464FF0000C002880F25681BCF1E6
:10538000000F40F05981CDE90C730D9B43F00043B1
:10539000A1F2FE3B0D930021DDE90C230F46052011
:1053A00060E1A8F15802202A3FF62DAD01A151F885
:1053B00022F000BF7F550000074E0000074E00009E
:1053C000074E0000074E0000074E0000074E000089
:1053D000074E0000074E000009530000074E000072
:1053E0002B5500003F5500000953000009530000F1
:1053F00009530000074E00003F550000074E000013
:10540000074E0000074E0000074E000085550000C3
:105410007F550000CF540000074E0000074E0000EB
:1054200049540000074E00007F550000074E000061
:10543000074E00007F55000003994046D0470028E2
:10544000C0F27D820135DEE4002E109F3BDB314649
:1054500038462CF0CCFA002F3FF4D5AC3E18F31BA5
:105460004FF000099DF84A2012F01001069100F05B
:105470005B82023312F04002DDF84C80089218BFC4
:10548000149ACDF81C80434418BF9B18049A002A34
:1054900040F36582D31A9DF8482004935007C2F365
:1054A000800B00F15C82510640F14C82B9F1000F93
:1054B00007D003994846D0470028C0F24082013502
:1054C000D94630223FE23846FBF7FAFCC6E710988F
:1054D000002800F024820DF17503009312AA17AB87
:1054E000002112F03FFDBDF84A3003F0EF0343F412
:1054F000F04343F010030746ADF84A304FF000097F
:10550000002E0CDB9DF848200DF17503DB1B6FF3BB
:1055100086129E428DF8482001D9F31A1393002F6A
:105520003FF471AC0DF175066DE0109B8DF85C30A9
:105530004FF000090DF15D0617AF012392E7069BBE
:105540001F0758BFC3F30019DDE9102354BF4FEA0A
:1055500049194FF02B09002B06DA524263EB430343
:10556000CDE910234FF02D090DF175030093DDE90E
:10557000100117AB12AA12F0F5FC0746C0E74FF076
:105580000009F1E7109A072B3FF63DACDFE803F086
:105590000C04060C08080C0C157034E4158032E479
:1055A000EB17C2E900532EE415602CE44FF02D09EF
:1055B000B7E64FF02B09B4E640F2FF70814231D1DB
:1055C00008F10108A2495FFA88F8134311F808109E
:1055D00001F003011ED101290BBF492369234E218C
:1055E0006E210CBF462266228DF85C309DF8483053
:1055F0008DF85D106FF386138DF85E208DF84830BE
:105600000DF15F0617AFF31BB9F1000F3FF42AAF9E
:10561000013327E7012915BF6E234E236121412164
:105620001A46E1E74FF0000C89E6921801F1FF31CC
:1056300040414FF0010C9FE6CDE90C20A5E6520851
:1056400042EAC3725B08B3F1333F59460BF1010BD9
:10565000F5D200FB03FCA2FB002301F1020B634423
:10566000013F01211BF1020FE9DB09B1CDE90C2358
:10567000BBF1000FDDE90C322EDCCBF10401A1F10E
:1056800020000BF11C0B02FA0BFB22FA00F0CA40BF
:10569000CB40079208F0DF0243EA0B03472A43EAB4
:1056A00000037DD1F91C01DBBE422BDAA8F1020810
:1056B000002E5FFA88F87CDD9DF84820920606F1FE
:1056C000FF3676D4B6F1000B18BF4FF0010B721CF9
:1056D00027E04FF0000B5EE6023342F100020CA817
:1056E000CDE90C3229F0B4FEDDE90C320BF1FF3BC1
:1056F0000137DB185241002A0BF1FF3BF9DACDE903
:105700000C32B5E79DF848209006A6EB07064DD46D
:10571000B6F1000B18BF4FF0010BF2194FF06608FD
:105720004AD4102AA8BF10229FED477B8DED0E7B37
:1057300010200B90DDE90E01002A3FD1079A1B18BB
:1057400042EB0101B1F1805F47D2CDE90C31069BFC
:10575000B8F1660F03F0200240F0C180002F47DC53
:1057600030238DF85C30002A74D1002E40F3BA81CA
:105770002E238DF85D3087B17B42B342A8BF3346FC
:105780009DF84A201393002BA6EB0306D4BF0023F9
:10579000012363F345128DF84A200DF15E0340E0CA
:1057A000B8F1660F4FF0000BB7D090E74FF0000B49
:1057B000B3E74FF0000B8AE70022B5E7400840EA64
:1057C000C1704908CDE90E010EA8CDE9082329F0E2
:1057D0003FFE089A099B013AACE75B0843EAC173B4
:1057E0000CA84908CDE90C31013729F031FEAEE7AC
:1057F00017AB0B9900290BDD0BA90CA8CDE90632DC
:1058000029F03EFE069B079A03F8010B013FF0D1F9
:105810001397AAB9002E40F363812E2103F8011BD0
:105820000027002E1FDD0B9A002A1CDD0BA90CA8F7
:10583000069329F025FE069B013E03F8010BF0E7D5
:105840002E2203F8012BEBE7000000000000000807
:105850003BC303002E238DF85D30002F9DD0002E1A
:105860008ADC0DF15E03BBF1000F4CD114961E468D
:1058700008F0DF03452B21D1002FBABF7F422D2333
:105880002B23632FC8BF64227370C2BFB7FBF2F330
:1058900003F1300102FB13774FF00A0286F8008013
:1058A000CABFB17002360336B7FBF2F303F1300121
:1058B00002FB13733033317073700236139B002B6D
:1058C0002BDC149B002BD4BF002301239DF84A201E
:1058D00063F3861200238DF84A20337092E60BA9F9
:1058E0000CA8069229F0CCFD069A8DF85C003028B1
:1058F00018BF07F1FF3712B9002E40F3F3802E23B3
:105900008DF85D3049E71E46013B16F8012C302A20
:10591000F9D02E2A08BF1E46AAE70123D6E7734E08
:105920008146771F05239DE5110748BF0133A1E597
:10593000104609920399D0470028099A05DA1FB04A
:10594000BDE8F08F2022DDF810B0594600290BF198
:10595000FF3BEDDC049BCDF810B02B445D1AB9F190
:10596000000F05D003994846D0470028E7DB0135F2
:10597000089B002B79D09DF94930002B29DBDFF8FB
:1059800070913B46187819F8002052079B4603F1A6
:1059900001033FD49DF84A30EF1B98065F4407D4BB
:1059A0004246002A08F1FF383BDC079B3B449F1A24
:1059B0009BF800002E280AD10399D0470028BEDBAF
:1059C000B8F1000F07F1010731DC0BF1010B5D4667
:1059D00038E0B94699F800007028C84609F1010975
:1059E00013D1EF1B149D47443D44EB1B002B34DCCB
:1059F000039933464246504629F059FD00289EDB64
:105A00003844049E0546064465E00399D0470028C3
:105A1000E0DA94E706930399D0470028069BB1DAB1
:105A20008DE703993020D0470028B9DA87E703993A
:105A30003020D04708F1FF38C0E70399D04700284D
:105A4000FFF67DAF287819F800305907A84605F110
:105A50000105F2D4A7EB0B07C4E703993020D04728
:105A60000028FFF66CAF0137BFE79DF84A30DA0631
:105A700001D41B0706D503993020D0470028FFF634
:105A80005EAF0135069B3BB103999DF84B00D047B3
:105A90000028FFF654AF0135A84406E003993020F2
:105AA000D0470028FFF64BAF0135A8EB0503002BCC
:105AB000F4DC039933463A46504629F0F8FC0028B6
:105AC000FFF63DAF28449CE703992020D0470028EB
:105AD000FFF635AF0135731B002BF5DCFFF793B9EB
:105AE0001746C0E60DF15D03BDE600BF4898030010
:105AF0003CC303000000000038B52DED028B55ECCF
:105B0000104B00F04DFA224BB0EE408AF0EE608A66
:105B100093F90030013312D045EC104B2BF087FF86
:105B200068B113A3D3E9002320462946FBF77CF88C
:105B300060B12AF03CFC9FED108B22230360B0EE95
:105B4000480AF0EE680ABDEC028B38BD0CA3D3E91D
:105B5000002320462946FBF749F80028EFD02AF019
:105B600026FC22239FED088B0360E8E7AFF300805B
:105B7000EF39FAFE422E8640000000000000F07F60
:105B800051302DD5104987C00000000000000000F2
:105B9000E10C0020000000002DE9F04F55EC104B07
:105BA000C74B87B025F000469E4201952DD906F1DE
:105BB000404606F58016264316D1A7A3D3E9002355
:105BC00020462946FAF7A0FDA5A3D3E900230646FF
:105BD0000F4620462946FAF797FD02460B46304607
:105BE0003946FAF7DBFB09E022462B4620462946D8
:105BF000FAF7D2FB02460B46FAF7B0FE04460D4612
:105C000045EC104B07B0BDE8F08FAE4B9E4210D86C
:105C1000B6F1795F80F0AD8093A3D3E900232046ED
:105C20002946FAF7BBFBA84B0022FAF7FDFF002834
:105C3000E6D145EC104B2BF0F2FEA34953EC102BB0
:105C40000020FAF7A9FBA14B0022FAF75DFD88A31B
:105C5000D3E9002304460D46FAF756FD86A3D3E99F
:105C60000023FAF79BFB22462B46FAF74DFD84A34F
:105C7000D3E90023FAF790FB22462B46FAF744FDBE
:105C800081A3D3E90023FAF789FB22462B46FAF7D2
:105C90003BFD7FA3D3E90023FAF77EFB22462B4688
:105CA000FAF732FD7CA3D3E90023FAF777FB22460B
:105CB0002B46FAF729FD7AA3D3E90023CDE90201A7
:105CC00020462946FAF720FD77A3D3E90023FAF707
:105CD00063FB22462B46FAF717FD75A3D3E9002391
:105CE000FAF75CFB22462B46FAF70EFD72A3D3E9C6
:105CF0000023FAF751FB22462B46FAF705FD724BBB
:105D00000022FAF74BFB45EC104BCDE9040127F0DC
:105D1000BBF86F4B9E425BEC10AB40F2DB80DDE9E1
:105D20000423DDE90201FAF719FE52465B46FAF751
:105D3000EBFC52465B46FAF731FB02460B46FAF79C
:105D40002DFB47A3D3E90023FAF726FB02460B46B7
:105D500041A1D1E90001FAF71FFB019B002BDCBF39
:105D6000024601F1004304460D46DCBF14461D46C1
:105D700046E722462B4620462946FAF7C5FC3CA3B7
:105D8000D3E9002306460F46FAF7BEFC3AA3D3E94F
:105D90000023FAF703FB32463B46FAF7B5FC38A37B
:105DA000D3E90023FAF7F8FA32463B46FAF7ACFC9F
:105DB00035A3D3E90023FAF7F1FA32463B46FAF766
:105DC000A3FC33A3D3E90023FAF7E6FA32463B46B5
:105DD000FAF79AFC30A3D3E90023FAF7DFFA324648
:105DE0003B46FAF791FC2EA3D3E90023804689466F
:105DF00030463946FAF788FC2BA3D3E90023FAF79B
:105E0000CBFA32463B46FAF77FFC29A3D3E90023BD
:105E1000FAF7C4FA32463B46FAF776FC26A3D3E9F2
:105E20000023FAF7B9FA32463B46FAF76DFC264BE7
:105E30000022FAF7B3FA02460B4640464946FAF703
:105E40008DFD22462B46FAF75FFC02460B462046A4
:105E50002946C6E6AFF30080182D4454FB21F93FD4
:105E6000075C143326A6913C9C7500883CE4377E81
:105E700009F7FD0DE13D023F88B20175E0EF493FB2
:105E80003B8F68B52882A43F5544880E55C1C93F51
:105E90007D6FEB0312D6D43F555555555555C53F2B
:105EA00082922EB1C5B8B33F59018D1B6C06E63FF7
:105EB000C88A599CE52A00404B2D8A1C273A03408A
:105EC000FFFFEF3FFFFFDF3F0000F03F0000E03F3C
:105ED0003233EF3F52465B4650465946FAF75EFA78
:105EE000DDE9042306460F46DDE90201FAF736FD37
:105EF00002460B4630463946FAF706FC4FF00008DA
:105F000006460F4642465B4640465946FAF7FCFBBA
:105F100002460B4620462946FAF73EFA4246044618
:105F20000D465B4650465946FAF738FA02460B468C
:105F300020462946FAF712FD02460B46FAF72EFADA
:105F400002460B4612A1D1E90001FAF725FA0246F2
:105F50000B4630463946FAF71FFA424604460D46CC
:105F60005B4640465946FAF719FA02460B460AA123
:105F7000D1E90001FAF710FA02460B4620462946FD
:105F8000FAF70AFA02460B4603A1D1E90001E2E65C
:105F9000075C143326A6913C182D4454FB21E93F9D
:105FA0002DE9FF4755EC104BAD4925F000428A42E0
:105FB0004FEAD57633D9AB498A4214D892A3D3E9B4
:105FC000002320462946FAF72FFE00BB90A3D3E911
:105FD000002320462946FAF709FE002800F0A08099
:105FE000002400250EE0C5F313032343224607D007
:105FF0002B4620462946FAF7D1F904460D4601E022
:10600000002EEDD145EC104B04B0BDE8F08782A323
:10601000D3E9002310461946FAF776FBEDE7924BD9
:106020009A4240F2A980914B9A4279D8904B03EB67
:10603000C603D3E9002320462946FAF7ADF98D4B74
:10604000F7003B4493ED007B8DED007BC6F1010A28
:1060500080468946AAEB060ADDE900234046494608
:10606000FAF79AF904460D4622462B462046294661
:10607000FAF74AFB6AA3D3E9002306460F46FAF76C
:1060800043FB69A3D3E90023FAF786F932463B467E
:10609000FAF73AFB66A3D3E90023FAF77FF9324611
:1060A0003B46FAF731FB64A3D3E90023FAF774F90E
:1060B00032463B46FAF728FB61A3D3E90023FAF7FF
:1060C0006DF932463B46FAF71FFB02460B46204667
:1060D0002946FAF761F902460B4606460F46204666
:1060E0002946FAF711FBCDE90201BAF1000F5CD1A4
:1060F00000224FF0804330463946FAF74DF9024608
:106100000B46DDE90201FAF729FC22462B46FAF795
:1061100043F902460B4600205749FAF73DF96CE770
:10612000564B204603EBC606294647A3D3E9002376
:10613000FAF7EAFAD6E90023FAF730F9FAF794FD0C
:106140008246FAF777FA42A3D3E9002306460F46C0
:10615000FAF7DAFA02460B4620462946FAF71CF906
:106160003DA3D3E900238046894630463946FAF7F5
:10617000CBFACDE900016FE7414B9A4210D826A334
:10618000D3E9002320462946FAF708F93A4B0022C2
:10619000FAF74AFD38B1384B0022204629462AE753
:1061A0004FF0000A60E782465EE732463B46002039
:1061B0004FF08041FAF7F0F802460B46DDE90201A4
:1061C000FAF7CCFB02460B46DDE90001FAF7E4F8EA
:1061D00042464B46FAF7E0F802460B4600202649B5
:1061E000FAF7DAF86FF47F72924502DB01EB0A519D
:1061F00003E70AF57A7A01EB0A5100224FF0B873EF
:106200000AE700BFAFF30080EF39FAFE422E864066
:1062100051302DD5104987C09C7500883CE4377EED
:10622000D0A4BE726937663EF16BD2C541BDBB3E9C
:106230002CDE25AF6A56113F93BDBE166CC1663F7A
:106240003E5555555555C53FFE822B654715F73FC1
:106250000000E0FE422EE63F763C7935EF39EA3D1C
:10626000412E8640FFFFEF7F422ED63FB1A2F03F86
:10627000F8260300E82603000000F03F082703008B
:10628000FFFF2F3E000000009FED010B704700BF95
:10629000000000000000F87F2DE9F043DFF88CC01B
:1062A0001F4C204E204FDFF888E000230125206896
:1062B00005FA03F802881FFA88F1114207D116F88F
:1062C00003904288B9F1000F23D00A43428022682C
:1062D0009088014207D117F80390D088B9F1000FD8
:1062E0001AD00843D0801089014202BF02EB43005C
:1062F0003CF81380A0F80A80508D014202BF02EBE7
:1063000083025EF82310D1620133102BCFD1BDE898
:10631000F08322EA0802D9E720EA0800E2E700BF9A
:10632000340700201542030005420300E83D030046
:106330001827030030B40E4A156801232C8803FA8D
:1063400000F083B21C432C80126861B151880B436A
:106350005380084B1A6830BC802302F55F7200211D
:106360001E200FF0BBBA538823EA0003F0E700BFFA
:10637000340700203807002010B4012303FA00F08E
:106380000B4B1A68938884B223439380D38861B1FE
:106390002343D380074B5DF8044B1A680021802308
:1063A00002F55F721E200FF099BA23EA0003F0E7AE
:1063B000340700203807002010B40A4B1B68012264
:1063C0001C89824022431A8103EB40031E2059811D
:1063D000054B5DF8044B1A680021802302F55F72BB
:1063E0000FF07CBA340700203807002010B40A4BA5
:1063F0001B6801225C8D824022435A8503EB800397
:106400001E20D962054B5DF8044B1A6800218023D9
:1064100002F55F720FF062BA3407002038070020DF
:10642000012310B503FA01F1032809D8DFE800F0D1
:1064300002151C23134B1A68138823EA01031380E7
:10644000FFF72AFF104B1A68BDE81040802302F5C1
:106450005F7200211E200FF041BA0A4B1A68938820
:1064600023EA01039380EBE7064B1A68138923EABA
:1064700001031381E4E7034B1A68538D23EA0103F8
:106480005385DDE7340700203807002070B5194D2B
:106490002B782BB9184828F0B7FF01232B7070BD5B
:1064A000164828F0B1FF164B1A68002414801B68A8
:1064B0009C801C815C85FFF7EFFE124B1A681E2042
:1064C000802302F55F7221460FF008FA06202C7037
:1064D00013F0A2FA30B10C4B4361022303744474ED
:1064E0008474C474BDE87040084900234FF4865298
:1064F00029F0ABBCDE590020263F0300A63F030075
:106500003407002038070020C13F03001424030093
:10651000014825F071B800BF00150020014823F0A4
:10652000D1BA00BF940D0020014B1870704700BF16
:10653000FE590020112898BF0A4B0B4A94BF1B5CE0
:106540000023002913700ADB084B1B68DB8813F05B
:10655000080F14BF02230123054A1370704700235C
:10656000FAE700BF3B420300FA590020340700203D
:10657000F959002070B59FED140A0D4613490446E1
:1065800028F0AEFA124B18702346104C03F1100697
:1065900018685968224603C20833B3421446F7D13B
:1065A000286869680B4B03C3A868186027F0F7FBDD
:1065B000094BC3E90001094B1B781BB1BDE87040D2
:1065C000FFF7A6BF70BD00BF0AD7A33BA8330020CA
:1065D000E05900209C330020F8140020FF590020CF
:1065E00008B50246094B0068516803C390681860FB
:1065F00027F0D5FB064BC3E90001064B1B781BB106
:10660000BDE80840FFF784BF08BD00BF90330020FD
:10661000F0140020FF590020DFED137AB4EEE70AF2
:10662000F1EE10FA82B01AD4DFED107AB4EEE70A78
:10663000F1EE10FA15DCF3EE097A30EE670ADFEDC1
:106640000C7A30EE000A30EE270AFCEEC07ACDED6F
:10665000017A9DF80430074A137002B07047012395
:10666000F9E7FF23F7E700BF00001AC20000B142BC
:1066700000800043FB590020014BC3E90001704733
:106680004805002030B5039C124D20B92870002326
:10669000114A137030BDAAB96422B3FBF2F363F060
:1066A0007F03DBB22B700A2271B141F2D603A34201
:1066B000B8BF2346B3FBF2F3F53BFF2BD4BFDBB2ED
:1066C000FF23E5E7FF23EDE794FBF2F3F53BDED490
:1066D000F3E700BFFD590020FC590020044B10F0E7
:1066E000050F1870034B0CBF012203221A7070476C
:1066F000F8590020700C002008B5044B187027F0E2
:106700004EFB034BC3E9000108BD00BFF759002051
:10671000E0140020014B01221A707047DF5900205D
:106720007FB52F4B00241B780394CDE900448DF8EE
:1067300001302C4B1B788DF802302B4B1B788DF8D9
:1067400003302A4B1B788DF8043018238DF8053060
:1067500009238DF80630264B1B788DF80830254B21
:106760001B788DF8093040F62E53ADF80A302248D8
:1067700040F6CD42002323F0EFF8A0B1082013F03B
:106780004BF940B11D4B43611D4B836103230374DF
:1067900044748474C4741B4900234FF4C25229F01A
:1067A00054FB04B070BD6C46174A04AE2546234620
:1067B00003CBB342106051601C4602F10802F6D1CF
:1067C00027F0EDFA114BC3E90001114B1B780BB117
:1067D000FFF79EFEFFF7A2FE284602F001F8E0E771
:1067E000FE590020FD590020FC590020FB590020D3
:1067F000FA590020F9590020940D00202542030089
:10680000034303001C240300E2590020E01500208C
:10681000FF5900207FB58E4ADFED8E6AD2ED017AF6
:106820009FED8D7A012367EEA67A8DF800308B4BB1
:10683000F4EEC77A1B788DF80130F1EE10FA00F310
:10684000C0809FED876AF4EEC67AF1EE10FA00F18F
:10685000BB80FDEEE77A17EE903A9BB2D2ED027A5A
:10686000ADF8023067EEA67AF4EEC77AF1EE10FAD0
:1068700000F3AD809FED7A6AF4EEC67AF1EE10FA7D
:1068800000F1A880FDEEE77A17EE903A9BB2D2EDC8
:10689000037AADF8043067EEA67AF4EEC77AF1EE2B
:1068A00010FA00F39A809FED6E6AF4EEC67AF1EE6C
:1068B00010FA00F19580FDEEE77A17EE903A9BB260
:1068C000D2ED007AADF8063067EEA67AF4EEC77A1C
:1068D000F1EE10FA00F38780DFED616AF4EEE67AFC
:1068E000F1EE10FA00F18280FDEEE77A17EE903AB1
:1068F0009BB25C4ADFED5C6AD2ED007AADF80830FD
:1069000067EEA67AF4EEC77AF1EE10FA71DC9FED2D
:10691000546AF4EEC67AF1EE10FA6DD4FDEEE77A21
:1069200017EE903A9BB2D2ED017AADF80A3067EEDD
:10693000A67AF4EEC77AF1EE10FA60DC9FED486AB1
:10694000F4EEC67AF1EE10FA5CD4FDEEE77A17EEBB
:10695000903A9BB2D2ED027AADF80C3067EEA67A8F
:10696000F4EEC77AF1EE10FA4FDC9FED3D7AF4EECB
:10697000C77AF1EE10FA4BD4FDEEE77A17EE903AB3
:106980009BB2ADF80E30394840F6CD42002322F0DC
:10699000E3FF00283FD0082013F03EF848B1344B05
:1069A0004361344B83610323037400234374837472
:1069B000C374314900234FF4C25229F046FA04B09F
:1069C00070BD47F6FF7349E74FF4004346E747F6CB
:1069D000FF735CE74FF4004359E747F6FF736FE737
:1069E0004FF400436CE747F6FF7382E74FF4004330
:1069F0007FE747F6FF7396E74FF4004393E747F6C8
:106A0000FF73A7E74FF40043A4E747F6FF73B8E727
:106A10004FF40043B5E76C46184A04AE25462346BA
:106A200003CBB342106051601C4602F10802F6D15C
:106A300027F0B5F9124BC3E90001124B1B780BB1DB
:106A4000FFF766FDFFF76AFD284601F0C9FEB6E7CD
:106A5000A83300200000004700FEFF46FE5900203A
:106A6000000000C79C33002000000043940D00206C
:106A700025420300E94203001C240300E2590020E0
:106A8000E0150020FF59002070B588B002238DF872
:106A90001030904B90481B788DF811308F4B1B783D
:106AA0008DF812308E4B1B788DF813308D4B0024EF
:106AB0001B78079401A9CDE90544CDE901448DF87F
:106AC000143003940FF0DCFADDED016A9DED027ADB
:106AD000DDED037AF7EE005A76EEA56A37EE257AF9
:106AE00077EEA57AB6EE006A66EE866A27EE067A3B
:106AF00067EE867A9FED7C6ACDED016A66EE866A66
:106B00009FED7A6A8DED027AF4EEC66AF1EE10FA24
:106B1000CDED037A00F3A280F5EEC06AF1EE10FA33
:106B200004D4FCEEE66A16EE903A9CB29FED706AD1
:106B3000DFED706A27EE067AB4EEE67AF1EE10FA2F
:106B400000F38F80B5EEC07AF1EE10FA00F18C8080
:106B5000BCEEC77A17EE103A9AB267EE867AF4EE78
:106B6000E67AF1EE10FA00F38180F5EEC07AF1EEEC
:106B700010FA7ED4FCEEE77A17EE903A9BB244EA24
:106B800082245D4ADFED5D6AD2ED007A9FED5C7A8A
:106B900067EEA67A44EA4354F4EEC77AF1EE10FAAF
:106BA000CDF8154067DC9FED576AF4EEC67AF1EE3A
:106BB00010FA63D4FDEEE77A17EE903A9BB2D2ED6D
:106BC000017AADF8193067EEA67AF4EEC77AF1EEE5
:106BD00010FA56DC9FED4B6AF4EEC67AF1EE10FA2D
:106BE00052D4FDEEE77A17EE903A9BB2D2ED027ADC
:106BF000ADF81B3067EEA67AF4EEC77AF1EE10FA24
:106C000045DC9FED407AF4EEC77AF1EE10FA41D4FC
:106C1000FDEEE77A17EE903A9BB20024ADF81D30F6
:106C20008DF81F40384840F6CD42002322F094FEF4
:106C300098B3082012F0F0FE40B1344B4361344B5E
:106C400083610323037444748474C474314900233E
:106C50004FF4C25229F0F9F808B070BD40F2FF3489
:106C600064E740F2FF7278E7002276E740F2FF73B4
:106C700085E7002383E747F6FF73A0E74FF400435F
:106C80009DE747F6FF73B1E74FF40043AEE747F6E1
:106C9000FF73C2E74FF40043BFE704AC1E4A08AEDF
:106CA0002546234603CBB342106051601C4602F1D7
:106CB0000802F6D127F073F8184BC3E90001184B0E
:106CC0001B780BB1FFF724FCFFF728FC284601F0E6
:106CD00087FDC1E7FE590020A8330020FD590020A0
:106CE000FC590020FB5900200000804400C07F4474
:106CF0000000004500E0FF449C33002000000043FA
:106D000000FEFF46000000C7940D0020254203004E
:106D1000CF4203001C240300E2590020E0150020AC
:106D2000FF5900207FB5254B1B788DF80130244B8F
:106D30001B788DF80230234B00241B780394032525
:106D4000CDE901448DF800508DF803301E4840F61F
:106D5000CD42002322F000FE98B1082012F05CFE24
:106D600038B11A4B43611A4B8361057444748474BF
:106D7000C474184900234FF4C25229F066F804B0D5
:106D800070BD6C46144A04AE2546234603CBB3427D
:106D9000106051601C4602F10802F6D126F0FFFF98
:106DA0000E4BC3E900010E4B1B780BB1FFF7B0FB94
:106DB000FFF7B4FB284601F013FDE0E7FE59002081
:106DC000700C0020F8590020940D0020254203008B
:106DD000B54203001C240300E2590020E015002006
:106DE000FF5900207FB58E4ADFED8E6AD2ED017A21
:106DF0009FED8D7A042367EEA67A8DF800308B4BD9
:106E0000F4EEC77A1B788DF80130F1EE10FA00F33A
:106E1000C0809FED876AF4EEC67AF1EE10FA00F1B9
:106E2000BB80FDEEE77A17EE903A9BB2D2ED027A84
:106E3000ADF8023067EEA67AF4EEC77AF1EE10FAFA
:106E400000F3AD809FED7A6AF4EEC67AF1EE10FAA7
:106E500000F1A880FDEEE77A17EE903A9BB2D2EDF2
:106E6000037AADF8043067EEA67AF4EEC77AF1EE55
:106E700010FA00F39A809FED6E6AF4EEC67AF1EE96
:106E800010FA00F19580FDEEE77A17EE903A9BB28A
:106E9000D2ED007AADF8063067EEA67AF4EEC77A46
:106EA000F1EE10FA00F38780DFED616AF4EEE67A26
:106EB000F1EE10FA00F18280FDEEE77A17EE903ADB
:106EC0009BB25C4ADFED5C6AD2ED007AADF8083027
:106ED00067EEA67AF4EEC77AF1EE10FA71DC9FED58
:106EE000546AF4EEC67AF1EE10FA6DD4FDEEE77A4C
:106EF00017EE903A9BB2D2ED017AADF80A3067EE08
:106F0000A67AF4EEC77AF1EE10FA60DC9FED486ADB
:106F1000F4EEC67AF1EE10FA5CD4FDEEE77A17EEE5
:106F2000903A9BB2D2ED027AADF80C3067EEA67AB9
:106F3000F4EEC77AF1EE10FA4FDC9FED3D7AF4EEF5
:106F4000C77AF1EE10FA4BD4FDEEE77A17EE903ADD
:106F50009BB2ADF80E30394840F6CD42002322F006
:106F6000FBFC00283FD0082012F056FD48B1344BFE
:106F70004361344B8361032303740023437483749C
:106F8000C374314900234FF4C25228F05EFF04B0AD
:106F900070BD47F6FF7349E74FF4004346E747F6F5
:106FA000FF735CE74FF4004359E747F6FF736FE761
:106FB0004FF400436CE747F6FF7382E74FF400435A
:106FC0007FE747F6FF7396E74FF4004393E747F6F2
:106FD000FF73A7E74FF40043A4E747F6FF73B8E752
:106FE0004FF40043B5E76C46184A04AE25462346E5
:106FF00003CBB342106051601C4602F10802F6D187
:1070000026F0CDFE124BC3E90001124B1B780BB1E9
:10701000FFF77EFAFFF782FA284601F0E1FBB6E7B8
:10702000A83300200000004700FEFF46FE59002064
:10703000000000C79033002000008044940D002021
:10704000254203009B4203001C240300E259002058
:10705000E0150020FF59002030B5002385B0CDE9B0
:107060000033CDE9023305238DF80030294B1B781E
:107070008DF801300CF03AFE00282BDB0CF02EFFCF
:10708000254AA0FB020302FB0131C30B43EA414343
:10709000C90BCDF80230CDF80610204840F6CD429D
:1070A000002322F059FCC8B1082012F0B5FC48B109
:1070B0001B4B43611B4B8361032303740023437405
:1070C0008374C374184900234FF4C25228F0BDFEE4
:1070D00005B030BD4FF0FF331946DAE7134A6C466E
:1070E00004AD234603CBAB42106051601C4602F155
:1070F0000802F6D126F053FE0D4BC3E900010D4BFB
:107100001B780BB1FFF704FAFFF708FA684601F0A5
:1071100067FBDDE7FE59002040420F00940D002080
:1071200025420300814203001C240300E259002091
:10713000E0150020FF5900207FB50023CDE9013381
:10714000039306238DF80030414B424C1B788DF899
:10715000013023788DF802303F4B1B78002B58D13B
:107160003E4AD2E90032012B72F10002B8BF01237E
:107170009BB2ADF803300CF0B1FE4FF47A72A0FB75
:10718000020302FB0133364A82424FF000029A4169
:107190000CD3324AD2E90031A3F57F43FF3B0B43C6
:1071A00002BF4FF6FE700021C2E9000123780026DD
:1071B0008DF80F6083B12B4D26F0F1FDD5E900323B
:1071C00013F57A7342F1000283428A41BFBF002265
:1071D0000023C5E900232670234840F6CD42002352
:1071E00022F0BAFBB8B1082012F016FC48B11F4BD0
:1071F00043611F4B8361032303740023437483742F
:10720000C3741C4900234FF4C25228F01EFE04B080
:1072100070BD0123ADE76C46174A04AE25462346F0
:1072200003CBB342106051601C4602F10802F6D154
:1072300026F0B5FD114BC3E90001114B1B780BB1D2
:10724000FFF766F9FFF76AF9284601F0C9FADEE7A9
:10725000FE590020F7590020DF5900204805002082
:10726000FFFF2F75E0140020940D0020254203003D
:10727000674203001C240300E2590020E0150020AF
:10728000FF59002070B588B00023CDE9053307937E
:1072900007238DF81030AC4BAC4D1B788DF81130B6
:1072A0002B788DF81230AA4B1B78002B40F00D8103
:1072B000A84AD2E90032012B72F10002B8BF0123C3
:1072C0009BB2ADF813300CF009FE4FF47A72A0FBBC
:1072D000020302FB0133A04A82424FF000029A41AE
:1072E0000CD39C4AD2E90031A3F57F43FF3B0B430B
:1072F00002BF4FF6FE700021C2E90001002497484A
:10730000039401A9CDE901440EF0BAFEDDED016A56
:107310009DED027ADDED037AF7EE005A76EEA56A6E
:1073200037EE257A77EEA57AB6EE006A66EE866AC3
:1073300027EE067A67EE867A9FED896ACDED016ABF
:1073400066EE866A9FED876A8DED027AF4EEC66A74
:10735000F1EE10FACDED037A00F3B980F5EEC06AD4
:10736000F1EE10FA04D4FCEEE66A16EE903A9CB206
:107370009FED7D6ADFED7D6A27EE067AB4EEE67A50
:10738000F1EE10FA00F3A680B5EEC07AF1EE10FA35
:1073900000F1A380BCEEC77A17EE103A9AB267EEFE
:1073A000867AF4EEE67AF1EE10FA00F39880F5EEC4
:1073B000C07AF1EE10FA00F19580FCEEE77A17EE54
:1073C000903A9BB244EA8224694ADFED6A6AD2EDC0
:1073D000007A9FED697A67EEA67A44EA4354F4EEA8
:1073E000C77AF1EE10FACDF815407DDC9FED636AA7
:1073F000F4EEC67AF1EE10FA79D4FDEEE77A17EEE4
:10740000903A9BB2D2ED017AADF8193067EEA67AC8
:10741000F4EEC77AF1EE10FA6CDC9FED586AF4EEE8
:10742000C67AF1EE10FA68D4FDEEE77A17EE903ADC
:107430009BB2D2ED027AADF81B3067EEA67AF4EE7D
:10744000C77AF1EE10FA5BDC9FED4C7AF4EEC77A66
:10745000F1EE10FA57D4FDEEE77A17EE903A9BB2B0
:10746000ADF81D302B7800268DF81F6083B1444C99
:1074700026F095FCD4E9003213F57A7342F100024C
:1074800083428A41BFBF00220023C4E900232E703B
:107490003C4840F6CD42002322F05EFAB0B308200B
:1074A00012F0BAFA48B1384B4361384B8361032379
:1074B0000374002343748374C374354900234FF469
:1074C000C25228F0C2FC08B070BD0123F9E640F2B8
:1074D000FF344DE740F2FF7261E700225FE740F2C0
:1074E000FF736FE700236DE747F6FF738AE74FF4FA
:1074F000004387E747F6FF739BE74FF4004398E7A5
:1075000047F6FF73ACE74FF40043A9E704AC214A08
:1075100008AE2546234603CBB342106051601C469B
:1075200002F10802F6D126F03AFC1B4BC3E9000138
:107530001A4B1B780BB1FEF7EBFFFEF7EFFF284667
:1075400001F04EF9BFE700BFFE590020F7590020B7
:10755000DF59002048050020FFFF2F75A8330020C9
:107560000000804400C07F440000004500E0FF446C
:107570009C3300200000004300FEFF46000000C7CF
:10758000E0140020940D0020254203004D4203002A
:107590001C240300E2590020E0150020FF590020C0
:1075A0002DE9F04FAB4DAC4E87B0AC4CD4E9003276
:1075B000134300F08380AA4840F6CD42002322F016
:1075C000CBF9A0B1082012F027FA48B1A54B4361CE
:1075D000A54B836103230374002343748374C37432
:1075E000A24900234FF4C25228F02FFCDDE700220D
:1075F0000023C4E900239E4B6A4603F1100C174692
:1076000018685968144603C4083363452246F7D105
:10761000186820601B792371FEF780FF954A137864
:107620008DF81430591C11703046102239460FF075
:107630002DFF0490384600F033FE01238E492B7055
:107640008E4BD3E900C7D1E900308D49D1E900A9BB
:107650008C4940F2E732D1E900411CEB020847F1C6
:1076600000079A1840F1000EA24579EB010B80F259
:10767000E3801AF1640449F10001A2427EEB010E9D
:10768000C0F2DE80A04577EB0101B8BF0CF57A743B
:1076900026F085FB0027241A4FF4004C24EAE474FA
:1076A000394640F2E7304FF47A720023C4FB0C01F4
:1076B000F9F7A2FB23F046FF2F7076E7724FD7E968
:1076C0000032134316D0714C26F069FBD4E9002335
:1076D000801A61EB0301C92871F100010ADB002265
:1076E0000023C7E9002326F05AFBC4E90001FFF795
:1076F00079FB5AE7664CD4E9003213432DD0DFF80A
:10770000948198F80030DBB95D4F26F048FBD7E94B
:107710000032C01A61EB0201652871F1000118DB2B
:1077200000220023C4E9002326F039FB26F037FBB2
:10773000C7E90001FFF7A8F937E798F80030FBB177
:1077400000220023C4E9002326F029FBFFF762F89A
:107750002BE7D4E900321343EFD1494C26F01FFB4D
:10776000D4E90032C01A61EB0201652871F1000111
:1077700024DB26F014FBC4E90001FEF7D1FF14E777
:10778000404F26F00CFBD7E90023801A61EB030180
:10779000652871F100010CDB00220023C4E90023FD
:1077A00026F0FDFA26F0FBFAC7E90001FFF76AFDB3
:1077B000FBE6D4E900321343CFD0C1E7314C26F0C9
:1077C000EEFAD4E90032C01A61EB0201652871F1CA
:1077D000000106DB26F0E3FAC4E90001FFF7ACFC88
:1077E000E3E6254F26F0DBFAD7E9003240F2E93430
:1077F000C01A61EB0201A04271F1000106DB26F024
:10780000CEFAC7E90001FFF78DFACEE61B4F26F04E
:10781000C6FAD7E90023801A61EB0301A04271F197
:10782000000106DB26F0BBFAC7E90001FFF714FCF4
:10783000BBE600F05FF800E7643441F100011CE7AB
:1078400013F57A7240F10000904577EB0000144682
:107850001BE700BFFF590020EB09A493E0150020AF
:10786000940D0020254203001D4303001C24030047
:10787000E2590020E1590020C8140020C014002063
:10788000D8140020D0140020F0140020E8140020A8
:10789000F8140020E059002008B5082012F0BCF8C8
:1078A00048B1094B4361094B8361032303740023EF
:1078B00043748374C374064900234FF4C25228F002
:1078C000C4FA6FF0850008BD4F4303002D45030047
:1078D0003424030008B5002018F008FD044B18609C
:1078E00018B9BDE80840FFF7D7BF002008BD00BFAA
:1078F000B8330020044B1A782AB100221A70034BC7
:10790000186811F035B97047115A0020B8330020BB
:1079100070B50578012D2ED0022D44D0002D58D100
:10792000364B1B783BB9364AD2E90031013341F17D
:107930000001C2E90031334C23681E3B092B0DD8EE
:10794000314DD5E90032134308D1304B00200021DE
:10795000C3E9000126F031FAC5E9000123680A2BCA
:1079600038BF0A230A3B2360294B1B788BB3BDE841
:107970007040FFF7BFBF234A1368632B9CBF0133DE
:10798000136013681E2BEFD1204CD4E9003213434F
:10799000EAD11D4B00200021C3E9000126F00DFAB9
:1079A000C4E90001E0E71B4E30461CF041FE0446EE
:1079B00078B9124B3278197861B9082A09D1164A78
:1079C0009279012A05D1D6F805201A60D6F8092047
:1079D0005A6070BD042AFCD1062012F01DF828B1AF
:1079E0000E4B4361057444748474C474BDE87040E4
:1079F0000B4900234FF4845228F027BA145A002070
:107A0000E8150020BC330020D0160020D816002036
:107A1000125A00201C5A0020710C002073430300EE
:107A2000342403007FB52C4E3578002D52D101232C
:107A300002932A4B019518680395694611F014F8D2
:107A4000041E16DA082011F0E7FF48B1244B436109
:107A5000244B4574C0E90634042303748574C5744B
:107A6000214900234FF4015228F0EFF9204604B0D9
:107A700070BD0B24642026F0AEF9029D15F00305BD
:107A80001DD0013CF6D1194D2B78ABB9082011F06F
:107A9000C3FF48B1164B43616FF00A0383610323B0
:107AA000037444748474C47400230F494FF4C452A3
:107AB00028F0CBF901232B706FF00A04D6E7039C62
:107AC00034B1082011F0A8FF0028C9D0094BBEE747
:107AD000012333700024C9E7115A0020B833002075
:107AE000894303002045030034240300005A00208A
:107AF000C9430300A643030070B5234D06460FCDCE
:107B000086B001AC0FC42B682360204B1B6893F92F
:107B10001C3016B901228DF805201D4A029201255C
:107B200001A88DF80E308DF816501CF071FB04463C
:107B300070B1082011F070FFC8B9164900234FF446
:107B4000015228F082F9012102200DF05FFC0BE0C8
:107B500011481CF0EBFD11481CF002FE10480821F2
:107B60001CF018FE0F4B1D70204606B070BD0E4B6A
:107B700043610E4BC0E906340423037400234374AD
:107B80008374C374D9E700BFC02503003407002005
:107B900011790000342403000D5A0020095A0020F6
:107BA000015A0020135A0020F2430300114503003C
:107BB00010B5064C237833B100230A20237026F039
:107BC0000CF91CF0D3FA0023237010BD135A0020C7
:107BD00010B5FFF7EDFF0C4B00241C700B4B06207B
:107BE0001C605C6011F018FF30B1094B4361022347
:107BF000037444748474C474BDE8104005490023C0
:107C00004FF4865228F021B9125A0020145A00204D
:107C10001444030034240300074B08491A68084B36
:107C20001A60084B1A68084B1A60084A0B68136000
:107C30004B685360704700BF264403002B44030089
:107C40000D5A002034440300095A0020015A002034
:107C50001F4A84B0D2F802009179009090780844CD
:107C60008DF80400D07808448DF805001079084498
:107C700000238DF806005079CDE9023301448DF8D8
:107C80000710D0790DF10702C1180133082B02F853
:107C9000011FF9D16946002211F8013B1BB1552B98
:107CA00001D0AA2B02D1083301F8013C0132102A7D
:107CB000F2D1084B019A1A60074A084B126808492A
:107CC0001A60084A0B6813604B68536004B0704731
:107CD000145A0020095A0020264403000D5A00209F
:107CE0002B440300015A00202DE9F84F02200DF02B
:107CF0004DFC18B1002102200DF088FBB44DB54BAE
:107D00002C7800221A60002C40F08880062011F0A8
:107D100083FE30B1B04B4361022303744474847416
:107D2000C47400234FF48652AC49AD4E28F08DF850
:107D30000120FFF771FF0024FFF7DEFE4FF08053B4
:107D40007470F470D3F8A400A64AC6F807009288AD
:107D5000A6F80B200820D3F8A480D3F8A87011F05F
:107D60005BFE48B1BFB2A04B4361C0E90687042364
:107D7000037444748474C474984900234FF4035208
:107D800028F063F89949062207200FF0B7FB071E79
:107D90004FF0080008BF082711F03EFE40B1944B99
:107DA000C0E9053703230374002343748374C37449
:107DB0008A49DFF85CA2DFF85C9200234FF4C652D8
:107DC00028F043F80421032077710CF06DFA2B782A
:107DD000BB4261D10A2004210CF066FA062011F0A2
:107DE0001BFE38B1834B43610223037400234374A9
:107DF0008374C374794900234FF4865228F025F820
:107E00007D4B734A19680220082365310DF066FD29
:107E1000FFF7CEFE4FF4C86025F0DFFF08206C7836
:107E200011F0FAFD40B1754BC0E90534032303742A
:107E3000002343748374C374002368494FF4C6520B
:107E400028F003F86C4B1B680820D3F86540D3F882
:107E5000696011F0E1FD68B1240C694B436144EAAB
:107E60000644360C0423C0E9064603740023437419
:107E70008374C37400234FF40352584927F0E5FF7D
:107E80006878FEF751FBFFF7E3FE5E4B01221A70A4
:107E9000BDE8F84FFFF72EBD25F08FFF9AF80030B0
:107EA0000446884623B90120FFF7B6FEFFF724FEFB
:107EB00099F800300BB9FFF7B5FD95F800B0BBF1AC
:107EC000000F14D0082011F0A7FD40B14E4BC0E9BF
:107ED000053B03230374002343748374C37400239A
:107EE0003E494FF4C65227F0B0FF00232B70DFF855
:107EF00028B13B4800220023CBE900230023B371C3
:107F00001CF0DCFA642025F066FF1CF0CFFA002894
:107F100042D00123B371DBE90032013B13430BD1A3
:107F200025F04BFF14F1090248F1000382428B4116
:107F300002DB2B481CF0C2FA642025F04CFF1CF039
:107F4000B5FAA0B3DBE90032023B134311D106209E
:107F500011F062FD38B12D4B4361022303740023FD
:107F600043748374C3741D4900234FF4865227F071
:107F70006CFF99F800300BB1FFF7BCFC25F01DFF3A
:107F800040F2E933001B61EB0801984271F10001F6
:107F900018DB23F0F1F91AE725F00FFF14F10902BD
:107FA00048F1000382428B41B3DB0120ABE725F0AF
:107FB00004FF14F1090248F1000382428B41C1DB46
:107FC0000120BAE7C0F57A7025F007FFFFE600BF91
:107FD000145A0020BC330020394403003424030029
:107FE000710C0020A400001041440300780C002014
:107FF000594403009A44030038070020A1440300B9
:10800000B0440300125A0020684403008144030076
:10801000135A0020115A0020E81500202DE9F84FCE
:10802000DFF84C814B4DD8F80030DFF848915C8880
:1080300025F0C3FE484B1A68D2F865302B60D2F8A1
:1080400069306B6004F02007824604F004040E4699
:1080500099F8003033B9002F52D1FFF745FE0120C7
:10806000FFF74AFDDFF810B1DBF800301D2B4FF0B1
:10807000020058D90DF08AFA20B99FBB01210220D5
:108080000DF0C4F954B325F098FED8F80030334A07
:10809000D3F82CB0D2E90032C01A61EB02014FEAEA
:1080A000EB7383458B4119DA082011F0B5FC60B100
:1080B0002B4B43614EF660239BFBF3F38361032359
:1080C0000374002343748374C374264900234FF45C
:1080D000C45227F0BAFE002026F0BFFB642025F032
:1080E0007CFEB5E708200DF051FA0028C6D0002C20
:1080F000C9D1642025F071FE99F80030002BB3D16E
:108100002B78002BA9D108200DF040FA0028A9D126
:1081100025F053FE144BC01861F10001824576EB47
:1081200001019ADB9EE70DF031FA0028D6D025F048
:1081300044FE0E4AD2E90032C01A40F6B93361EB70
:108140000201984271F10001C8DB002102200DF00C
:108150005DF9C3E7145A002038070020D816002024
:10816000CA4403003424030012FDFFFFD016002090
:1081700034070020125A0020BC330020044B1B7827
:1081800013B9044B1B780BB1FFF722BD704700BF3A
:10819000145A0020125A00207FB5274B05460E4680
:1081A00093E8030006220290ADF80C10072002A904
:1081B0000FF0A4F9031E4FF0000408BF082305F0D8
:1081C000FF02A44208BF9A4212D0062011F024FCFC
:1081D00030B11A4B43610223037444748474C47431
:1081E000174900234FF4865227F02FFE04B070BDCC
:1081F000FFF7C4FFCDE900566B4603CB114A106070
:108200000620516011F008FC30B10F4B436102238E
:10821000037444748474C474094900234FF486526F
:1082200027F013FE094B074A19680220082365311D
:108230000DF054FBDAE700BFA4000010EB4403008C
:1082400034240300145A00209A4403003807002005
:1082500010B5FFF793FF0E4B0E4A19680220082352
:1082600065310DF03BFB062011F0D6FB38B10A4B0F
:10827000436102230374002343748374C374BDE811
:108280001040064900234FF4865227F0DEBD00BFA0
:1082900038070020145A0020FE4403003424030051
:1082A00070B50F4B1B780546CBB10E4B1B78B3B1A5
:1082B0000D4B1B780BB9FFF7B5FB0C4C2046002388
:1082C00010F8052BE37029460126667029F03FFB64
:1082D0001CF0FEF920461CF0F1F8054B1E7070BD35
:1082E000135A0020125A0020115A0020960C002028
:1082F000415A0020034B187808B1034B187800F05E
:1083000001007047135A0020125A00200649013814
:1083100010F8013F03B97047CA5C02F00302012A5A
:1083200008BF20330370F3E73CC3030008B51C48C3
:1083300027F06AF81B4827F067F81B4827F064F815
:108340001A4827F061F81A4827F05EF8194827F014
:108350005BF8194827F058F8184827F055F81848DE
:1083600027F052F8174827F04FF8174827F04CF835
:10837000164827F049F8164827F046F8154827F020
:1083800043F8154827F040F8144827F03DF8144802
:1083900027F03AF8BDE80840124827F035B800BF8A
:1083A0005145030087450300BD450300ED4503002B
:1083B00021460300574603008A460300BD460300DA
:1083C000FA460300374703006C4703009D4703004C
:1083D000CE470300F347030016480300504803004C
:1083E00089480300BD48030030B50A2185B0054621
:1083F00025F015FD084A034604460C2101A827F084
:1084000010F8294601A8F8F751FD00280CBF2046B6
:108410004FF0FF3005B030BD667B030000B589B07A
:1084200000220023CDE9062300230622CDE9032301
:10843000CDE9013300930549054B06484FF48062AE
:1084400022F0CAF909B05DF804FB00BF0068002003
:10845000C1120000E0160020014814F095BB00BFD7
:10846000E016002010B5062011F0D6FA38B1084BFE
:10847000436102230374002343748374C374BDE80F
:108480001040044900234FF4845227F0DEBC00BFA3
:10849000855003006424030080B50C4A0C4B00AFE8
:1084A00088B0002908BF13466A460A49C2E9051385
:1084B0004FF400739383084B42F8103F07480023A2
:1084C0004FF4E65111F088FCBD4680BDAE9103002B
:1084D00032510300B950030003000001642403007B
:1084E00038B52F482F4D20F0E1FE044628600820C3
:1084F000A4B911F091FA40B12B4B43612B4B83612E
:108500000323037444748474C474294900234FF40E
:10851000C25227F09AFC6FF0120038BD11F07CFABD
:1085200040B1244BC0E90534032303740023437492
:108530008374C3741E4900234FF4C65227F085FC90
:108540001D4B1E4928680F2215F028F9BFF35B8FD9
:108550001B4B53E8001F41F0010143E80012002AC1
:10856000F7D1BFF35B8F0021286827F085FF88B122
:10857000062011F051FA38B1124B43610223037403
:10858000002343748374C374094900234FF4845255
:1085900027F05BFC2868BDE8384027F072BF00BFB9
:1085A000CA500300C8330020D050030057510300C5
:1085B00064240300EE500300F42703007651030007
:1085C000C433002001510300084BBFF35B8F53E815
:1085D000002F22F0010143E800100028F7D1BFF37B
:1085E0005B8FD30701D4FFF73DBF7047C433002032
:1085F0002DE9F347564C574D2378D3B925F001FCAC
:10860000D5E90023633861F1000182428B4110DB20
:1086100025F0F7FB504E514BC018D6E9002361F10D
:10862000000182428B416ADB0021212022F08AFF77
:10863000E2E725F0E6FBC5E90001494BBFF35B8F9C
:1086400053E8002F42F0010143E800100028F7D161
:10865000BFF35B8F12F00102DAD12778414EDFF8C9
:1086600024C1DFF824E14FF0FF08032F317834DD17
:108670003D484022006801AB0CEB011115F0A6F853
:10868000327827780432D2B2042F327009D93749B0
:108690000B68043B3B440B6035490F88BB4288BFE5
:1086A0000B80072A84BF0023337000262670002821
:1086B000AED0082011F0B0F940B12E4B43612E4BE3
:1086C00083610323037446748674C6742B490023A4
:1086D0004FF4C25227F0B9FB9AE7CB1919010CEB02
:1086E00003130CF801805A70DEF80000C3F8020092
:1086F000BEF80410D9809A60DA600137B5E7DFF878
:108700006C801B4FD8F80090B9F1000F16D00820EC
:10871000B7F800A011F080F950B1194BC0F81CA0B7
:10872000C0E9053904230374002343748374C374BC
:10873000124900234FF4035227F087FB0023C8F8A7
:1087400000303B8025F05DFBC6E900016CE700BF0F
:10875000435A0020C8170020C017002078ECFFFF04
:10876000C4330020425A0020C8330020C033002008
:10877000A85900201D5103006A510300642403001E
:1087800039510300445A0020A400001000B589B0FC
:1087900000220023CDE9062300230622CDE903238E
:1087A000CDE9013300930549054B06484FF480722B
:1087B00022F012F809B05DF804FB00BF806C0020C5
:1087C000F1850000D0170020014814F0DDB900BF8A
:1087D000D0170020014B1868FFF7F6BEC833002001
:1087E00030B5174B1B685B889B0628D5154A034696
:1087F00000F11004114653F8045B42F8045BA342F5
:10880000F9D10378012B03D0042B1CBF0023CB73B9
:108810000D4C0E4A002310784B70237818440B2817
:108820000DDC084A0A4901EB001102F1100052F870
:10883000045B41F8045B8242F9D10133237030BDFF
:1088400034070020045B0020435A0020425A0020D5
:10885000445A00202DE9F84F4FF08043DFF818927A
:10886000D3F80074D3F80024C3F80024D9F80030FA
:108870005C8814F002042ED0022106200BF014FDB7
:108880000CF0F6FF0546002840F0E0800DF092F96C
:108890000446002866D126F02FF864200DF002F877
:1088A000FF25D9F800305B885B070ED526F026F847
:1088B000074626F025F806460CF05AFD2DB924B9D6
:1088C0001FB916B908B90DF0C7F928460DF018FA06
:1088D0000020BDE8F88F022106200BF0E5FC0CF02B
:1088E000C7FF07F001070546002840F0A780002FCA
:1088F000CCD0022107200BF0D7FC0DF05BF9044629
:1089000090BB25F0F9FF012480466423A3F16405A0
:10891000EDB2002F00F0A280B8F1000F1ED101339C
:10892000DEB230460CF0BEFF082011F075F850B1F1
:108930004E4B80F81180C0E905360323037480F89C
:10894000128080F813804A4900234FF4C65227F062
:108950007CFA4FF40040002122F0F4FD64200CF07A
:10896000A1FF9EE70027C4E7012140200CF04EFD47
:1089700028F0A1FF4FF47A78A0FB080608FB0166F7
:10898000C50B45EA46454FF0000AF60B40F2E93BBD
:108990000DF010F948B328F08EFF4FF47A73A0FB66
:1089A000030308FB0131C30B43EA41435B1B4FEA5E
:1089B000D13161EB06015B4571F1000139DB062025
:1089C00011F02AF848B12B4B43610223037480F85D
:1089D00011A080F812A080F813A0254900234FF4BD
:1089E000865227F032FAFFF7C9FBD9F800305B88CE
:1089F0005A0716D528F05FFF4FF47A72A0FB0203E6
:108A000002FB0131C30B43EA41435B1B4FEAD13107
:108A100061EB0601322B71F1000102DA002025F032
:108A20002FFF002140200CF0F1FC25F065FF80466F
:108A30006BE70021212022F085FDA9E725F05CFFEE
:108A4000C82D28BFC8258046EBB25FE725F054FF4C
:108A5000C82D28BFC825643DEDB2002464200CF069
:108A600021FF002D08BFFF251BE700BF8F5103002A
:108A70009C2403001444030034070020F8B5037855
:108A80000D4616462BB303461A78202A184603F1E2
:108A90000103F9D0EAB1286001240027202128F041
:108AA00086FF034638B103F8017B184613F8012B03
:108AB000202AFAD022B9002345F824302046F8BDF8
:108AC00045F824000134A642E8D10348314626F097
:108AD0009BFC0024F2E700BFA451030008B528F076
:108AE000EAFE024BC3E90001002008BDB0180020D7
:108AF0002DE97043114D124B2868124C124E4FF461
:108B00008061D3E9008926F03AFA2B681968B142EE
:108B100008BFA0420CBF0124002406D04FF480629D
:108B20002146184628F03BFF06602B68C3E90289FE
:108B3000C3E908892046BDE8708300BF38070020DC
:108B4000B01800201CDF4421C04F010DF8B528F0FB
:108B5000B2FE0C4D02462868D0E90434D0E9027612
:108B6000DB1B64EB06049B1844EB0104C0E90434EE
:108B7000C0E902214FF47F7126F001FA2B68C3F897
:108B8000FC03F8BD38070020D0ED007ADFED3B6A2A
:108B9000F4EEE67AF1EE10FA63DD9FED397AF4EE49
:108BA000C77AF1EE10FA4CBF012300239FED357A0E
:108BB000F4EEC77AF1EE10FA55D59FED336AF4EE74
:108BC000C67AF1EE10FACCBF012200225200D0ED9D
:108BD000017AF4EEE67AF1EE10FA43EA020344DD9C
:108BE0009FED276AF4EEC67AF1EE10FA4CBF01222F
:108BF00000229200F4EEC77AF1EE10FA43EA020383
:108C000035D59FED216AF4EEC67AF1EE10FACCBFAD
:108C100001220022D200D0ED027AF4EEE67AF1EEE3
:108C200010FA43EA020324DDDFED156AF4EEE67A7A
:108C3000F1EE10FA4CBF012200221201F4EEC77AC5
:108C4000F1EE10FA43EA020315D59FED0F7AF4EE28
:108C5000C77AF1EE10FACCBF012000204001184382
:108C600070470023A2E70022B1E70022C2E70022FA
:108C7000D1E70022E2E70020F1E700BF9A9999BF0F
:108C8000CDCC4CBF9A99993FCDCC4C3F38B50C4BCD
:108C90000C48002119700C4B19700C4B4FF44872A2
:108CA00000240025C3E9004528F079FE0849002288
:108CB0000023C1E900230749C1E9002338BD00BFF3
:108CC000165B0020D8190020155B0020F81C00203E
:108CD000D0190020C819002008B5082010F09CFE0B
:108CE00048B1094B4361094B83610323037400239B
:108CF00043748374C374064900234FF4C25227F0AF
:108D0000A4F84FF0FF3008BDC25103000B57030019
:108D1000FC23030010B5D1ED007AD0ED006A91ED8F
:108D2000017A91ED026A76EEE76AD0ED017A77EE8C
:108D3000C77A90ED027A67EEA77A46EEA67A1446D5
:108D400037EE467A47EE077A17EE900AF7F784FC7B
:108D500041EC100B24F00CF851EC100BF7F7ACFFC2
:108D6000DFED097A07EE100AB4EEE77AF1EE10FAB9
:108D700096BF2068002064302060B0F5FA6FD4BF41
:108D80000020012010BD00BFCDCC4C3D2DE9F041AD
:108D9000054625F065F8012871F1000135DB25F065
:108DA0005FF810F5004441F10006DFF89880204F8D
:108DB000D8E90023C7E90023D8E90013D7E9000266
:108DC000884272EB030324D200220023C7E9002368
:108DD00025F046F8A042B14123DB082010F01CFE2C
:108DE00048B1144B4361144B836103230374002384
:108DF00043748374C374114900234FF4C25227F0A3
:108E000024F84FF0FF30BDE8F0814FF40044002615
:108E1000CBE725F025F8A042B141D5DA25F030F8AE
:108E2000CAE7074B93E8070085E807000020EAE758
:108E3000D8180020EC51030037570300FC2303002F
:108E4000E8330020E018002010B504461B4B0068F2
:108E500061681B4A03C3A0681860D2E9003101337E
:108E600041F10001C2E90031164AD2E90032134350
:108E700001D025F005F8144B1B782BB1204613497F
:108E8000BDE8104025F09CBE114BD4ED007A93ED67
:108E9000007A77EEC77AC4ED007A93ED017AD4EDCB
:108EA000017A77EEC77AC4ED017A93ED027AD4EDB8
:108EB000027A77EEC77AC4ED027A10BDE83300205B
:108EC000E0180020D8180020145B00202434002073
:108ED0006C34002010B50446174B00686168174ACF
:108EE00003C3A0681860D2E90031013341F10001E9
:108EF000C2E90031124AD2E90032134301D024F012
:108F0000BFFF104BD4ED007A93ED007A77EEC77A6D
:108F1000C4ED007A93ED017AD4ED017A77EEC77A49
:108F2000C4ED017A93ED027AD4ED027A77EEC77A36
:108F3000C4ED027A10BD00BFDC330020D018002041
:108F4000C81800206034002010B504460D4B00689E
:108F500061680D4A03C3A0681860D2E9003101338B
:108F600041F10001C2E90031084AD2E9003213435D
:108F700001D024F085FF20460549BDE8104025F0CA
:108F80001FBE00BFD0330020C0180020B81800203A
:108F9000F4330020014B1870704700BF975B00202E
:108FA00000487047175B002070B51E4B1E481C68B8
:108FB0001E4D04F16D01802228F0C9FCD4F8F000A8
:108FC000D4F8F4101A4B03C3D4F8F8001860D4F89E
:108FD0000011D4F8FC00174B03C3D4F80401186047
:108FE000D4F80C11D4F80801134B03C3D4F81001C2
:108FF000186004F5A27604F58A73186859682A4641
:1090000003C20833B3421546F7D10C4D04F5BA74C8
:10901000186859682A4603C20833A3421546F7D197
:1090200070BD00BF38070020175B0020F43300201C
:109030006C3400206034002054340020243400209C
:109040001B4B70B5002814BF06461E46194B00295D
:1090500014BF0D461D46002434607460B4602C605B
:109060006C60AC60FAB1062010F0D6FC30B1124B47
:1090700043610223037444748474C4740F4C104914
:1090800000234FF4865226F0E0FE21680C2332467E
:10909000F03103200CF022FC21680C232A46FC311D
:1090A00004200CF01BFCBDE870400AF03BBB00BF85
:1090B0006C340020603400200D520300380700207B
:1090C000FC230300F0B5274B002814BF06461E46BC
:1090D000254B85B00024002914BF0F461F46B6EE6D
:1090E000000A01A93046CDE901441546039425F054
:1090F0002FFD20BB30462A463946FFF7A1FF062048
:1091000010F08AFC28BB194900234FF4845226F042
:109110009CFE062010F080FC38B1154B4361022301
:109120000374002343748374C374104900234FF401
:10913000845226F08AFE4FF0FF3005B0F0BD9FED5F
:109140000D0A01A9384625F003FD0028D2D020469B
:10915000F3E7094B436102230374002343748374D0
:10916000C374D0E76C34002060340020FC2303007B
:1091700046520300000048422E520300174B70B5C0
:10918000002814BF04461C460D463022002120460C
:1091900028F005FC4FF07E53E360E361E362E5B144
:1091A000062010F039FC38B10D4B436102230374E3
:1091B000002343748374C3740A4900234FF4865216
:1091C00026F043FE084B196822463023BDE8704064
:1091D00001F5A27107200CF081BB70BD2434002082
:1091E0000D520300FC2303003807002070B5304BFC
:1091F0002DED028B002814BF05461D468AB0EB6892
:109200000493EB6905930024EB6A039404A80E46CB
:10921000CDE90144069325F0C4FC01A9B0EE408AD3
:109220008DED070A8DED080A8DED090A2846B6EE88
:10923000000A25F08DFC28BB28463146FFF79EFF2B
:10924000062010F0E9FB48BB1A4900234FF4845272
:1092500026F0FBFD062010F0DFFB38B1164B436112
:1092600002230374002343748374C37411490023DD
:109270004FF4845226F0E9FD4FF0FF300AB0BDEC08
:10928000028B70BD9FED0D0A07A928EE000A04A805
:1092900025F05EFC0028CFD02046EFE7084B436165
:1092A00002230374002343748374C374CCE700BFA8
:1092B00024340020FC23030046520300CDCCCC3DD7
:1092C0002E520300154B70B5002814BF05461D46ED
:1092D0000C4630220021284628F061FBE4B106202C
:1092E00010F09AFB38B10E4B436102230374002344
:1092F00043748374C3740B4900234FF4865226F0E1
:10930000A4FD094B19682A463023BDE8704001F5D9
:109310008A7105200CF0E2BA70BD00BFF433002062
:109320000D520300FC2303003807002070B5344BB6
:109330002DED028B002814BF05461D468AB0EB6850
:109340000493EB6905930024EB6A039404A80E468A
:10935000CDE90144069325F024FC01A9B0EE408A32
:109360008DED070A8DED080A8DED090A2846B7EE46
:10937000000A25F0EDFB28BB28463146FFF7A2FF87
:10938000062010F049FB90BB1E4900234FF4845285
:1093900026F05BFD062010F03FFB38B11A4B43610D
:1093A00002230374002343748374C3741549002398
:1093B0004FF4845226F049FD4FF0FF300AB0BDEC67
:1093C000028B70BDDFED117A9FED110A28EE278A1E
:1093D00007A9B4EEC08AF1EE10FAC8BFB0EE480A91
:1093E00004A825F0B5FB0028C6D02046E6E7094BC7
:1093F000436102230374002343748374C374C3E77B
:10940000F4330020FC23030087520300CDCC4C3EF4
:10941000CDCCCC3D2E5203002DE9F04F2DED068B27
:109420009BB000AFFFF7C0FD002101220846FFF707
:1094300049FE01210020FFF7D9FE01210020FFF79E
:1094400075FFA44BDFF8C0A21B68DB88C3F3401391
:109450008AF80030A04B1C68012C54D0022C00F07C
:1094600097849E4E96F90030002B81F216810024DD
:10947000C7E90B449A487C6307F12C0125F016FBE1
:10948000B5EE400AF1EE10FA40F0A28324F0E8FCB9
:10949000012871F10001C0F2F38624F0E1FC10F51F
:1094A000004541F10004DFF86492DFF86482D9E9F5
:1094B0000023C8E90023D9E90013D8E90002884253
:1094C00072EB030380F0E08600220023C8E900234A
:1094D00024F0C6FCA842A141C0F2F886082010F092
:1094E0009BFA48B17F4B43617F4B83610323037435
:1094F000002343748374C3747C4900234FF4C25225
:1095000026F0A3FC64E3202021460BF07FFF062019
:1095100010F082FA38B1764B4361022303740023C2
:1095200043748374C374714900234FF4865226F048
:109530008CFC062010F070FA38B16E4B43610223A8
:109540000374002343748374C37400234FF486525E
:10955000664926F07AFC032104200AF0A5FE4FF4A8
:109560000042002307F13800FFF710FC06460028F0
:1095700040F0A9800C20D7F83890D7F83C803D6C9B
:1095800010F04AFA0446A8B15B4B43614846F7F72E
:1095900063F8C4E906014046F7F75EF8C4E908013C
:1095A0002846F7F759F8C4E90A01082323746674BA
:1095B000A674E6744D49DFF834B19FED508A00235C
:1095C00044F2C002204626F040FC4FF000084FF461
:1095D000FA7007F12C0524F056FC4FF400420023EA
:1095E0002846FFF7D3FB814600286CD1D7ED0B7AD4
:1095F000C7ED037AD7ED0C7AC7ED027AD7ED0D7A75
:109600000C20C7ED017A10F007FA0446C0B13A4BBE
:109610004361F868F7F720F8C4E90601B868F7F77E
:109620001BF8C4E908017868F7F716F8C4E90A01DD
:109630000822227484F8119084F8129084F8139010
:1096400059462046002344F2C00226F0FEFBB0EE4D
:10965000480A07F13801284625F07AFAC0B30620F7
:1096600010F0DAF938B1264B43610223037400236A
:1096700043748374C37400234FF48652594626F012
:10968000E4FBB8F1000F45D14FF0010895E8070061
:1096900007F1380383E80700013608F106039E420C
:1096A00095DB062010F0B8F938B1164B4361022360
:1096B0000374002343748374C37400234FF48652ED
:1096C0000A4926F0C2FB032101200AF0EDFD79E2F0
:1096D0008046DBE734070020CC330020165B0020F7
:1096E000F433002062560300FB560300FC23030002
:1096F000E65203002453030048530300CDCCCC3D75
:109700006653030079530300145B0020C018002047
:10971000B8180020032102200AF0C6FD4FF4FA70A9
:1097200024F0B1FBA54B1B78012B6CD1062010F067
:1097300073F938B1A24B43610223037400234374CD
:109740008374C3749F4900234FF4865226F07DFB37
:1097500009F088FE062010F05FF938B19A4B43619A
:1097600002230374002343748374C3749549002354
:109770004FF4865226F069FB944801F0A1FE04469E
:10978000062010F049F938B1914B4361022303746C
:10979000002343748374C3748A4900234FF48652B0
:1097A00026F053FB09F07EFF062074B110F034F967
:1097B00038B1884B436102230374002343748374DC
:1097C000C37400234FF484527AE710F025F930B1C6
:1097D000814B43610223037444748474C4747949D3
:1097E00000234FF4865226F030FB7C4B774A1968F1
:1097F0001F2080236D310CF071F809F093FF4FF4B6
:10980000FA7024F040FB062010F006F938B1744BD2
:10981000436102230374002343748374C3740023DD
:1098200068494FF4865207F1200B26F00EFB002208
:10983000594607F11400FFF703FC4FF400420023E0
:1098400007F13800FFF7A2FA0446002840F03F81F4
:1098500024F008FBC7E902109FED628A24F002FBA6
:10986000FB68C01ABB6861EB030140F6B83398424D
:1098700071F10001C0F2C080082010F0CDF840B1B5
:10988000594BC0E9053403230374002343748374E4
:10989000C3744C4900234FF4C65226F0D6FA07EEA3
:1098A000904A9AF80090F8EEE77AB9F1000F1FD1CC
:1098B00097ED057AD7ED075A9FED4C5A87EE276A48
:1098C00097ED067A87ED056AC7EE276A85EEA77AD7
:1098D000B4EEC56AF1EE10FAC7ED066A87ED077AB5
:1098E00040F3A781B7EE007A36EE476A87ED056A46
:1098F000D7ED086A86EEA77AD7ED096A87ED087A70
:1099000086EEA77AD7ED0A6A87ED097A86EEA77AFE
:1099100087ED0A7AB9F1000F28D10C20D7F814800E
:10992000BE69FD6910F078F80446C0B1304B436160
:109930004046F6F791FEC4E906013046F6F78CFE84
:10994000C4E908012846F6F787FEC4E90A0108239E
:10995000237484F8119084F8129084F813901949B4
:10996000002344F2C002204626F06FFA0C20D7F8FC
:1099700020807E6ABD6A10F04FF80446B0B11D4BDE
:1099800043614046F6F768FEC4E906013046F6F743
:1099900063FEC4E908012846F6F75EFE0823C4E921
:1099A0000A01237400236374A374E374054900233C
:1099B00044F2C002204626F048FA8AE0975B002075
:1099C00089530300FC230300A2530300175B00200C
:1099D000C6530300DD530300115403003807002071
:1099E00033540300CDCCCC3D5D5403006666663F26
:1099F000695403008C5403004FF4004200232846AE
:109A0000FFF7C4F9002862D1B0EE480A07F1380127
:109A1000284625F09DF8002800F03E819AF8003095
:109A2000BBB9D7ED057A97ED0B7A77EE877A97ED8C
:109A30000C7AC7ED057AD7ED067A77EE877A97ED3F
:109A40000D7AC7ED067AD7ED077A77EE877AC7EDFC
:109A5000077A24F005FA012871F10001C0F2BB80F9
:109A600024F0FEF910F5004641F10008DFF81C93E0
:109A7000B549D9E90023C1E90023B34AD9E9001364
:109A8000D2E90002884272EB030380F0A980AE495C
:109A900000220023C1E9002324F0E2F9B04271EB77
:109AA0000801C0F2A78008200FF0B6FF48B1A74B0D
:109AB0004361A74B836103230374002343748374BE
:109AC000C37400234FF4C252A24926F0BEF9A24B40
:109AD0007B610022594607F11400FFF7F3FA9F4D0E
:109AE0000446002800F0EE80012003210AF0DCFB90
:109AF00006200FF091FF38B1994B436102230374A4
:109B0000002343748374C374924900234FF4865234
:109B100026F09BF99AF8006046BB924B0C20D3F8D4
:109B20000090D3F80480D3F808A00FF075FF044626
:109B3000A8B18D4B43614846F6F78EFDC4E9060196
:109B40004046F6F789FDC4E908015046F6F784FD62
:109B5000C4E90A01082323746674A674E6747D4977
:109B6000002344F2C002204626F06FF90C20D5F8FD
:109B700000806E68AD680FF04FFF0446B0B17B4BBC
:109B800043614046F6F768FDC4E906013046F6F742
:109B900063FDC4E908012846F6F75EFD0823C4E921
:109BA0000A01237400236374A374E374694944F2C3
:109BB000C0022046002326F048F900210122084671
:109BC000FFF780FA6A4B0021202019600BF01EFC81
:109BD000052000F068BD4FF400464FF0000845E74F
:109BE00024F03EF9B04271EB0801BFF650AF24F00B
:109BF00047F942E75F4BD7ED087A93E8070085E81D
:109C0000070097ED0B7A77EE877A97ED0C7AC7ED20
:109C1000087AD7ED097A77EE877A97ED0D7AC7ED56
:109C2000097AD7ED0A7A77EE877A0134C7ED0A7A96
:109C300014E6DFED515AB4EEE56AF1EE10FA04D500
:109C4000B7EE007A36EE076A50E6F4EEC56AF1EE3A
:109C500010FA06DDB7EE007A76EEC76AC7ED066A3F
:109C600046E6F4EEE56AF1EE10FA04D5B7EE007AB6
:109C700076EE876AF2E7B4EEC57AF1EE10FA06DD09
:109C8000F7EE006A37EE667A87ED077A30E6B4EED3
:109C9000E57AF1EE10FA07D406200FF0BDFE40B9C8
:109CA00000234FF486520FE7F7EE006A37EE267A6C
:109CB000EAE7324B43610223037400234374837445
:109CC000C374EDE706200FF0A7FE30B12C4B4361C3
:109CD0000223037444748474C4741E49214C002309
:109CE0004FF4865226F0B1F807F1140393E8070009
:109CF00084E807009BE8070085E80700214D09F08C
:109D000011FD29680C232246F03103200BF0E6FDFB
:109D10002968124A0C23FC3104200BF0DFFD0620D9
:109D20000FF07AFE38B1184B43610223037400230D
:109D300043748374C374074900234FF4865226F09A
:109D400084F803210A20C0E4C8180020405403000E
:109D500026570300FC2303000000C07F603400206E
:109D6000AB5403006C340020695403008C5403008E
:109D7000CC330020DC330020666666BF79530300D5
:109D8000CA54030038070020DF540300D018002015
:109D9000202001210BF03AFB9AF800500620002DFC
:109DA00000F05E820FF038FE30B1C24B43610023F9
:109DB000047443748374C374BF4900234FF4865200
:109DC00026F043F806200FF027FE38B1BB4B436165
:109DD00002230374002343748374C37400234FF479
:109DE0008652B549DFF81CA326F02FF80024002185
:109DF00007F13800FFF7C2F9C7E90B447C637C61C7
:109E0000FEF744FFAE4825F0FFFA032104200AF0D4
:109E10004BFAAC48DFF8F092AB4E25F0F5FA4FF470
:109E20000042002307F12000FEF7B0FF054600289E
:109E300073D0FEF72BFFA54BBB63002107F1380061
:109E4000FFF7D4F90446002800F0E3810120032144
:109E50000AF02AFA06200FF0DFFD38B19C4B43616F
:109E600002230374002343748374C3749249002350
:109E70004FF4865225F0E9FF06200FF0CDFD38B1F2
:109E8000944B436102230374002343748374C374AB
:109E90008949914D00234FF4865225F0D6FF0326C1
:109EA0004FF0000855F804BBD5ED087AD5F808A0A6
:109EB000D5F81490C7ED037A0E200FF0ADFD0446DF
:109EC000E8B1864B43615846F6F7C6FBC4E9060184
:109ED0005046F6F7C1FBC4E908014846F6F7BCFB5B
:109EE000C4E90A01F868F6F7B7FBC4E90C010A23D4
:109EF000237484F8118084F8128084F813806E49EA
:109F0000002345F2C002204625F09FFF013EC9D143
:109F100001213046FFF76AF954E607F1140207F110
:109F20002C0107F12000FEF7F5FE3B6AFB627B6A1D
:109F30003B63BB6A7B63804607F12000FEF724FE8B
:109F40009AF8001041EA000B5FFA8BFB594580F04C
:109F5000A28099F800305B4540F09D80FB6023F0C3
:109F600081FFD6E9003298429141C0F29E80B8F15B
:109F7000010FFB6840F0998059488AF8003021466B
:109F800025F042FA032102200AF08EF9642023F022
:109F90007AFF23F067FF9FED53AA064688465FFAD3
:109FA00085F9642303FB09F923F05CFF801B61EB57
:109FB0000801B0F57A7F71F10001C0F2A78003219A
:109FC00009200AF071F9484825F01EFA2146474851
:109FD000013425F019FA062C40F0D880444825F0C9
:109FE00013FA09F035FA434B434993ED001B434BF9
:109FF00007F1380093ED000B07F044FAFEF746FE38
:10A000003F4825F001FA20460FF006FD002840F0F9
:10A01000F780294900234FF4865225F016FF07F1F7
:10A02000380503264FF0000855F804BBD5ED087A33
:10A03000D5F808A0D5F81490C7ED037A0E200FF0DC
:10A04000EBFC0446E8B1254B43615846F6F704FBA8
:10A05000C4E906015046F6F7FFFAC4E9080148468C
:10A06000F6F7FAFAC4E90A01F868F6F7F5FAC4E96E
:10A070000C010A23237484F8118084F8128084F878
:10A0800013800D49002345F2C002204625F0DDFE75
:10A09000013EC9D1D1E623F0E5FE10F57A7041F119
:10A0A0000001C6E9000189F800B0642023F0EBFE4E
:10A0B000B5E600BFF4540300FC230300245303005F
:10A0C0002155030046550300F81C00200000C07F06
:10A0D000AB54030019560300243400202F5603000C
:10A0E00066550300CDCCCC3DA3550300B555030008
:10A0F000E5550300C8190020D8190020D019002008
:10A10000FF550300165B0020155B00204FF4004252
:10A11000002307F12000FEF739FE00287FF489AE06
:10A12000B0EE4A0A07F12C0107F1200024F010FDDF
:10A13000834600284DD0B86AF6F78EFA41EC190B29
:10A14000786AF6F789FA41EC180B386AF6F784FA60
:10A15000B0EE492AF0EE692AB0EE481AF0EE681A1D
:10A1600041EC100B4D4A4E494E4807F0FFF823F0E2
:10A1700079FE801B61EB0801484571F10001FFF693
:10A1800013AF494825F040F9013508E74748214613
:10A1900025F03AF9642023F076FE4FF400420023C4
:10A1A00007F12000FEF7F2FD00287FF442AE07F130
:10A1B000140207F12C0107F12000FEF7ABFD3B6A0A
:10A1C000FB627B6A3B63BB6A7B630028E2D17861F8
:10A1D0001BE6FEF75BFD06200FF01EFC48B1344A7B
:10A1E00042610222027480F811B080F812B080F847
:10A1F00013B0304900234FF4865225F026FE1AE6AC
:10A200002D4B436102230374002343748374C3748E
:10A21000FFE606200FF000FC30B1284B436102231B
:10A22000037444748474C4742249254D00234FF48C
:10A23000865207F1380425F008FE0FCC0FC50FCC6D
:10A240000FC594E80F0085E80F0009F06BFA1D4B6D
:10A250001968A5F12002302301F5A27107205CE501
:10A260000FF0DAFB28B1184B436104744574857410
:10A27000C574104900234FF4845225F0E6FDA1E493
:10A280004FF40045FFF70FB923F0EAFDA842A141C2
:10A29000BFF61AA923F0F4FDFFF70DB9C819002085
:10A2A000D0190020D8190020A1550300C355030080
:10A2B00079530300FC23030019560300CA5403001A
:10A2C000243400203807002043560300BB4CDFF83D
:10A2D0004093A068DFF83C83F6F7BEF941EC190B18
:10A2E0006068F6F7B9F941EC180B2068F6F7B4F995
:10A2F000B0EE492AF0EE692AB0EE481AF0EE681A7C
:10A3000041EC100BAE4AAF49AF4807F02FF8AF4809
:10A310003178FEF739FC41EA0005EDB2A94280F040
:10A32000428199F80040AC4240F03D8123F09AFD13
:10A33000D8E9002382428B414DDAA54AA54BA648B5
:10A34000A649347014F0010F18BF9046A44A08BF04
:10A35000984614F0020F18BF9646A24A08BF9E46C0
:10A3600014F0040F14BF94469C4614F0080F08BF65
:10A37000184614F0100F08BF19466D4614F0200F50
:10A3800090B0994A08BF1A466B46C3E9090197493C
:10A39000B96301F10231F96301F10231DA62396422
:10A3A00007F1380207CA924CC3E9054803F13004AB
:10A3B000C3E907EC84E807001A468E4B42F8103FC9
:10A3C0008D4845F6C00100230FF006FD0321AD4680
:10A3D000092009F069FF3378BF2B03D10321052041
:10A3E00009F062FF3378FF2B40F05C8106200FF00C
:10A3F00013FB38B1814B4361022303740023437480
:10A400008374C3744FF486527B49002325F01DFDED
:10A4100009F01EF86A4B6C4993ED001B694B07F17C
:10A42000380093ED000B07F02DF8FEF72FFC062007
:10A430000FF0F2FA38B1724B436102230374002328
:10A4400043748374C3746C4900234FF4865225F01F
:10A45000FCFC07F1380603254FF0000856F804BB52
:10A46000D6ED087AD6F808A0D6F81490C7ED037A8E
:10A470000E200FF0D1FA0446E8B1624B4361584612
:10A48000F6F7EAF8C4E906015046F6F7E5F8C4E93C
:10A4900008014846F6F7E0F8C4E90A01F868F6F75B
:10A4A000DBF8C4E90C010A23237484F8118084F8D2
:10A4B000128084F813805049002345F2C0022046E0
:10A4C00025F0C3FC013DC9D1294607F13800FEF74C
:10A4D0002DFF002800F0A0800120032109F0E4FEF8
:10A4E00006200FF099FA30B1474B43610223037401
:10A4F00045748574C574404900234FF4865225F095
:10A50000A4FC06200FF088FA38B13D4B43610223CA
:10A510000374002343748374C37437493B4D002391
:10A520004FF4865225F091FC03264FF0000855F8B1
:10A5300004BBD5ED087AD5F808A0D5F81490C7ED7E
:10A54000037A0E200FF068FA0446E8B12D4B436100
:10A550005846F6F781F8C4E906015046F6F77CF84C
:10A56000C4E908014846F6F777F8C4E90A01F86833
:10A57000F6F772F8C4E90C010A23237484F81180F9
:10A5800084F8128084F813801B49002345F2C0022E
:10A59000204625F05AFC013EC9D101213046FEF784
:10A5A000C5FEFFF715BB23F05DFC10F57A7041F195
:10A5B0000001C8E9000189F800500CE7D033002001
:10A5C000C8190020D0190020D8190020E833002035
:10A5D000D1520300D4520300DD520300E0520300C5
:10A5E000D7520300DA520300E352030000020103D2
:10A5F0008256030008000006FC230300B756030040
:10A60000E65603002F560300AB540300F43300203A
:10A61000155B0020F81C002006200FF0FDF930B17A
:10A62000234B43610223037445748574C574214927
:10A63000214D00234FF4865207F1380425F005FC24
:10A640000FCC0FC50FCC0FC594E80F0085E80F00A5
:10A650001A4B196805203023A5F1200201F58A71F3
:10A660000BF03CF906200FF0D7F938B1144B4361D9
:10A6700002230374002343748374C3740D490023BD
:10A680004FF4865225F0E1FB03210A2009F00CFE6D
:10A690000C4820F06BFAFEF7D4BE002CF8D0032C47
:10A6A0007FF496AA642023F0EEFBFEF7CABE00BF3B
:10A6B000CA540300FC230300F433002038070020B1
:10A6C000DF540300E818002008B5074B1A683AB1B8
:10A6D000FEF702FB38B90548BDE8084020F032BD5E
:10A6E00001221A60F7E708BDCC330020E8180020EB
:10A6F00008B5074B1A683AB1FEF7EEFA38B90548C3
:10A70000BDE8084020F01EBD02221A60F7E708BD30
:10A71000CC330020E8180020054A117841F080036E
:10A72000BF2B08BF41F0C0031370024820F00ABDE0
:10A73000165B0020E818002010B5104C20460BF0E6
:10A74000ABFD0F4B63610F4B23610F4BE3600F4B6E
:10A75000A3610F4B23620F4BE3610F4BA3620F4BBF
:10A7600063620F4B23630F4BE3620F4B23600F4B6E
:10A77000636040F20113238110BD00BF68360020E2
:10A780000000A04050940843850B4E40B96EB23E85
:10A790001B49823D0536E73BFCA88E3FEF8F2540E5
:10A7A0009F94B53FA018B33FC2D08A40000020411B
:10A7B00008B52DED048BB0EE408AF0EE608AB0EE65
:10A7C000419AFFF7B9FFB0EE491AF0EE680AB0EE11
:10A7D000480ABDEC048B034A03490448BDE808401D
:10A7E0000CF038BE84340020FC3400206836002091
:10A7F00010B50446FFF7A0FF21464FF4B672054896
:10A8000027F0A5F804F5B6710348BDE8104078229A
:10A8100027F09DB8FC3400208434002010B507498F
:10A8200004464FF4B67227F092F804F5B670044966
:10A83000BDE81040782227F08AB800BFFC34002021
:10A84000843400201FB59FED0E7AD0ED007A0D4ABA
:10A850000D4967EE877A01ABCDED017AD0ED017A33
:10A8600067EE877ACDED027AD0ED027A074867EE7F
:10A87000877ACDED037A0BF053FD05B05DF804FB4C
:10A8800035FA8E3C84340020FC34002068360020E9
:10A890001FB59FED186AD0ED006A90ED017AD0EDFA
:10A8A000027A66EE866A27EE067A67EE867AF5EE1B
:10A8B000406AF1EE10FACDED016A8DED027ACDED30
:10A8C000037A01AB09D1B5EE407AF1EE10FA04D16A
:10A8D000F5EE407AF1EE10FA04D093E80700064C4A
:10A8E00084E80700054A064906480BF0D7FD04B086
:10A8F00010BD00BF0AE81C417834002084340020D9
:10A90000FC340020683600200346024A024903480E
:10A910000CF0C8B984340020FC34002068360020D4
:10A920000246024902480CF0D3BB00BF8434002029
:10A93000FC3400200146BFEE000A01480CF02ABC9E
:10A94000FC340020014601480CF088BBFC34002098
:10A9500010B5102288B0044600210DEB020027F04C
:10A960001EF804A8FFF7EEFF9DED046ADDED065A20
:10A97000DDED076ADDED057A164A26EE257A17EE3B
:10A98000A67A01AB204667EE867A46EEA57A04F1F8
:10A990000C0137EE077A77EEA77A8DED017ACDEDCF
:10A9A000027AF6EE007A56EE067A46EEA67A9FED29
:10A9B0000A7A77EEA77ACDED037AF2EC017AF3EC1E
:10A9C000016A46EEC77AE0EC017A8842F5D108B018
:10A9D00010BD00BF783400200AE81C41B5EEC00A63
:10A9E000F1EE10FA30B5F5EEC00A64D4F2EE007A5A
:10A9F000F1EE10FAB4EEE70A48BFDFED320AF1EEED
:10AA000010FA41D8F1EE007AB4EEE70AF1EE10FA4E
:10AA10003CD8F0EE007AB4EEE70AF1EE10FA37D83F
:10AA2000B5EEC00AF1EE10FA0CD90423264A013B18
:10AA3000D45C264A1470264A32F8133000EE103ADD
:10AA4000B8EE400A234A0123144632F8025F07EEAB
:10AA5000905AF8EEE77AF4EEE07AF1EE10FA1EDBA7
:10AA60000133062BF1D1DFED1C7A1C4B80ED000A7F
:10AA700020EE277A60EEA77A83ED007A184BC1EDBD
:10AA8000000AC3ED007A30BD0123CFE70223CDE7F2
:10AA90000323CBE7DFED0B0AB0EE600AD2E7114AE1
:10AAA000013BD55C34F813300F4A00EE903A157034
:10AAB000F8EE600AD7E7F1EE10FAEBD49FED010A49
:10AAC000C0E700BF0000000047590300BD0C002094
:10AAD000483E03003C3E03000000003840070020D1
:10AAE0003C07002042590300985B00202DE9F0410B
:10AAF000B5EEC00AF1EE10FA2DED028B8046F0EEB5
:10AB0000408AB0EE608A0F467CD9DFED567AB4EE0B
:10AB1000670AF1EE10FA75D09FED537A534A60EE52
:10AB2000077A0123FDEEE77A104632F8021F00296A
:10AB30005CD017EE904AA14258DC01330D2BF4D1C2
:10AB40000025B5EEC08AF1EE10FA6BD9DFED457A3B
:10AB5000B4EE678AF1EE10FA64D09FED457A454A6B
:10AB600068EE077A0123FDEEE77A104632F8021FFD
:10AB700000294BD017EE904AA14247DC0133092B44
:10AB8000F4D100243C4A1378AB423C4B02D11978F3
:10AB9000A14265D015701C70002D47D1002C5BD1EF
:10ABA0002646082222437D21002023F0AFFA3043BD
:10ABB00013D008200EF030FF48B1314B4361314BC8
:10ABC000836103230374002343748374C3742E4985
:10ABD00000234FF4C25225F038F9C8ED008A002056
:10ABE00087ED008ABDEC028BBDE8F081013B274A6E
:10ABF000D55C30F8133007EE903AF8EEE77AC7EEFE
:10AC0000878A9EE7DFED228A00259AE7013B214AE9
:10AC1000D45C30F8133007EE903AF8EEE77A87EE1E
:10AC2000878AAFE79FED1A8A0024ABE745F0A002C0
:10AC30004021002023F06AFA06467CB144F0E0028D
:10AC40004221002023F062FA002D46EA00060CBFE4
:10AC500008220C220224A5E72E46EFE70C22A1E7EA
:10AC60000120BFE70000807F0000C844223E0300AF
:10AC700000004845103E0300BC0C0020BB0C002027
:10AC80006B570300C85803007C23030036590300A8
:10AC9000000000002E59030013B500EB40008000B7
:10ACA00080B28DF80400C0F3042002238DF8050063
:10ACB00001AA4621002004F037F80022044656215C
:10ACC000104623F023FA0C2204435321002023F0E2
:10ACD0001DFA022204435821002023F017FA0443EE
:10ACE00013D008200EF098FE48B1094B4361094B80
:10ACF000836103230374002343748374C37406497C
:10AD000000234FF4C25225F0A0F8332002B010BD4A
:10AD10006B570300805803007C23030030B587B0D5
:10AD20000446062301AA0C21002003F0E7FF98B196
:10AD300008200EF071FE48B1194B4361194B836135
:10AD400003230374002343748374C37416490023DC
:10AD50004FF4C25225F079F8144B93ED007A01AA12
:10AD600003A80021557812F8023B43EA05231BB2E1
:10AD700007EE903AF8EEE77A013167EE877A032919
:10AD8000E0EC017AEED1039BDDED047A6360059B74
:10AD9000A360F1EE677AC4ED007A07B030BD00BF62
:10ADA0006B570300AB5803007C23030040070020CF
:10ADB00030B587B00446062301AA1221002003F013
:10ADC0009DFF98B108200EF027FE48B11D4B43614E
:10ADD0001D4B836103230374002343748374C37482
:10ADE0001A4900234FF4C25225F02FF8184B93ED67
:10ADF000007A01AA03A80021557812F8023B43EA21
:10AE000005231BB207EE903AF8EEE77A013167EEC0
:10AE1000877A0329E0EC017AEED10E4BDDED056A6D
:10AE200093ED007ADDED037AC4ED026A46EEC77A4F
:10AE30009DED047AC4ED017AB1EE477A84ED007A93
:10AE400007B030BD6B5703009D5803007C230300FF
:10AE50003C070020C43600202DE9FF470025894625
:10AE60000223074603AA24212846ADF80C5003F01C
:10AE700045FF9DF80D309DF80C401B0203F47C53F8
:10AE800044EA030A4FF00C08B9FBF8F8C24506463D
:10AE9000544614D908200EF0BFFD48B11A4B436147
:10AEA000AAEB080383610323037445748574C57496
:10AEB000164900234FF4C45224F0C7FF444604EB64
:10AEC00044030C229B0000929BB23A4626210020AC
:10AED00003F0ACFF304313D008200EF09DFD48B1C5
:10AEE0000B4B43610B4B83610323037400234374B7
:10AEF0008374C374054900234FF4C25224F0A5FFA4
:10AF0000204604B0BDE8F087835703007C2303008C
:10AF10006B570300BA5803002DE9F04F00EB4000D7
:10AF20008400A4B201EB040989B08846174636496B
:10AF3000022248461E4626F0FAFC002862D0334B17
:10AF4000D3ED006A324B611C93ED007A01914A46C1
:10AF50000DF1080E0DF1140C0023A01D04F1070BD8
:10AF6000111B013311F80BA00D5C45EA0A252DB227
:10AF700007EE905A019DF8EEE77A4D5D12F8021B3C
:10AF800067EEA67A41EA052109B2EEEC017A07EEF6
:10AF9000901AF8EEE77A032B67EE877AECEC017AE9
:10AFA000DED11C490622404426F0C1FC044650B1C3
:10AFB000DDED037A029B7B60F1EE677A049BC7EDBF
:10AFC000007ABB60012414490622484626F0AFFCF3
:10AFD000A0B1124BDDED076A93ED007ADDED057A45
:10AFE000C6ED026A46EEC77A44F002049DED067A89
:10AFF000C6ED017AB1EE477A86ED007A204609B0B7
:10B00000BDE8F08F1024F9E7255903004007002020
:10B010003C0700201F59030019590300C4360020C3
:10B0200008B508200EF0F8FC48B1094B4361094B04
:10B03000836103230374002343748374C374064938
:10B0400000234FF4C25224F000FF4FF0FF3008BD40
:10B050006B5703008F5803007C23030013B50022B5
:10B060002B4B01937C21104623F050F804464FF4FB
:10B07000E17022F078FF09224021002023F046F8F9
:10B08000042204437D21002023F040F801220443E0
:10B090002F21002023F03AF804230DEB0302044390
:10B0A0003C21002003F040FE0022044358211046BA
:10B0B00023F02CF80C2253210443002023F026F81F
:10B0C0000443372022F051FF40225621002023F074
:10B0D0001DF8012204437C21002023F017F80443CB
:10B0E00013D008200EF098FC48B10A4B43610A4B7C
:10B0F000836103230374002343748374C374074977
:10B1000000234FF4C25224F0A0FE332002B010BD41
:10B1100000E040B86B570300725803007C23030023
:10B12000154AFF2310B51370144A137000227D21B5
:10B13000104622F0EBFF012204467C21002022F081
:10B14000E5FF044313D008200EF066FC48B10C4B19
:10B1500043610C4B836103230374002343748374A2
:10B16000C374094900234FF4C25224F06EFEBDE8B7
:10B170001040012022F0F9BEBC0C0020BB0C0020C6
:10B180006B570300D75803007C2303002DE9F743D6
:10B1900021210DF10302002003F00AFE9DF8033087
:10B1A00003F00703012B054600F0848008200EF011
:10B1B00033FC48B15E4B43615E4B836103230374F0
:10B1C000002343748374C37400235B49DFF87C91CC
:10B1D0004FF4C85224F039FEB6227E21002022F01E
:10B1E00095FF0446022022F0C0FE00227C2110467A
:10B1F00022F08CFF044325434FF4E170002422F039
:10B20000B2FE224659212046ADF8044022F07EFFCE
:10B210002746804663118DF8053001AA02235B2181
:10B2200000208DF8047003F07FFD09EB0402064650
:10B2300040235E21002003F077FD40340643B4F53F
:10B24000005F48EA0608E5D101225921002022F0DA
:10B250005DFF58EA000012D008200EF0DDFB40B17F
:10B26000364B4361364B8361032303744774877401
:10B27000C774314900234FF4C25224F0E6FD66241E
:10B280009DF8033003F00703012B16D108200EF0C0
:10B29000C3FB48B12B4B4361264B836103230374EB
:10B2A000002343748374C374234900234FF4C852AA
:10B2B00024F0CBFD35BB002016E0013C17D108205F
:10B2C0000EF0AAFB40B1204B43611A4B836103236C
:10B2D000037444748474C474174900234FF4C25235
:10B2E00024F0B3FD4FF0FF3003B0BDE8F083012040
:10B2F00022F03BFE0DF103022121002003F058FD56
:10B300000543BDE708200EF087FB48B10B4B4361B6
:10B31000084B836103230374002343748374C37451
:10B32000054900234FF4C25224F08FFDC3E700BF4C
:10B33000B6570300065903007C2303006B57030034
:10B34000F358030004580300E65703004B59030069
:10B350002DE9F0432DED048B012283B005460E4606
:10B3600000204C49F0EE608AB0EE419A03F0A4FC54
:10B3700000227C21104622F0C9FE07464FF4E170FE
:10B3800022F0F1FDFFF702FF044600287FD10246BC
:10B390002F2122F0BBFE0DF1070281463C21204601
:10B3A00003F006FD9DF807305B00DBB2804643F3F7
:10B3B00046008DF80730F5F73DF9374B0022F5F7D9
:10B3C000A3F9F5F779FC59EA080808EE100A12D03B
:10B3D00008200EF021FB40B1304B4361304B8361BC
:10B3E0000323037444748474C4742E4900234FF4FB
:10B3F000C25224F02AFDBDEEC88A2B4B2B4AB8EE70
:10B40000C88A412183ED008AFF231370284A1370F4
:10B41000284B00201A7822F079FE274B04461A7830
:10B420004321002022F072FEF0EE490AB0EE680AD5
:10B43000044331462846FFF759FB3C4300220443AE
:10B440004821104622F062FEC02204434921002018
:10B4500022F05CFE044313D008200EF0DDFA48B160
:10B460000E4B4361154B8361032303740023437424
:10B470008374C3740B4900234FF4C25224F0E5FCDB
:10B4800004EAE47003B0BDEC048BBDE8F0834FF038
:10B49000FF30F7E7809698000000603F6B5703008D
:10B4A000E45803007C230300C4360020BC0C0020B9
:10B4B000BB0C0020BD0C0020985B0020105903003D
:10B4C0002DE9F04FDFF87CB2DFF87CA29BF800801A
:10B4D0009AF8007085B04FF48073B6227E2104463E
:10B4E0000020ADF80C3022F011FE8146022022F03F
:10B4F0003CFD00210DF10B02084603F059FC064605
:10B50000C82022F030FD00227C21104622F0FEFDF2
:10B5100000904FF4E17022F026FDFFF737FE05465C
:10B52000002840F0FE808022772122F0EFFD009B72
:10B5300046EA09061E4304227D210643284622F0DE
:10B54000E5FD0643022022F010FD04226921284671
:10B5500022F0DCFD012206432F21284622F0D6FDF1
:10B560000223064303AA3221284603F0DDFB022210
:10B5700006437E21284622F0C9FD0643C82022F05A
:10B58000F4FC0DF10A026921002003F011FC9DF882
:10B590000A30042B46EA0006F0D000222F21104684
:10B5A00022F0B4FD0DF10A0205463821002003F017
:10B5B000FFFB054335439DF80A60002E4ED008205E
:10B5C0000EF02AFA40B1584BC0E905360323037444
:10B5D000002343748374C374002354494FF4C65248
:10B5E00024F033FC9DF80A30032B11D106200EF015
:10B5F00013FA38B14E4B43610223037400234374A2
:10B600008374C374494900234FF4865224F01DFC0F
:10B6100000232370B6227E21002022F077FD05430F
:10B62000022022F0A2FC002108460DF10B0203F0DB
:10B63000BFFB0543C82022F096FC9FED3E1A002177
:10B640000846F0EE410AB0EE410AFFF781FEB8F17C
:10B65000000F28D17FBB08233A463AE00323621C3F
:10B660007821304603F04AFB6278A37894F803907F
:10B67000019205430A2000930EF0CEF958B1009BC9
:10B680002D49019A4161C0E907390523826103749C
:10B6900046748674C674002324494FF4235224F060
:10B6A000D4FB0123B5E748F0A0024021002022F09E
:10B6B0002DFD05439FB347F0E0024221002022F018
:10B6C00025FDB8F1000F45EA00050CBF08230C2347
:10B6D00002221A437D21002022F018FD28438BF816
:10B6E00000808AF8007013D008200EF095F948B158
:10B6F000124B4361124B8361032303740023437491
:10B700008374C374094900234FF4C25224F09DFB93
:10B710002078B0FA80F0400905B0BDE8F08F0C2326
:10B720009AE74FF0FF30F7E7195803007C23030036
:10B7300032580300000000004D5803006B5703000F
:10B740006A580300BC0C0020BB0C00204FF0834360
:10B750000360014B0B6070470000FA4413B50623E9
:10B7600004466A461F21002003F0C8FA98B1082059
:10B770000EF052F948B1144B4361144B836103231B
:10B780000374002343748374C374114900234FF47A
:10B79000C25224F05AFB9FED0F7A6A46204604F10C
:10B7A0000C011478537843EA04231BB207EE903A55
:10B7B000F8EEE77A023267EE877AE0EC017A8142AE
:10B7C000EFD102B010BD00BF6B57030084790300B6
:10B7D000942303000000003A13B5062304466A468A
:10B7E0002521002003F08AFA98B108200EF014F900
:10B7F00048B1144B4361144B83610323037400234A
:10B8000043748374C374114900234FF4C25224F06B
:10B810001CFB9FED0F7A6A46204604F10C01147858
:10B82000537843EA04231BB207EE903AF8EEE77A26
:10B83000023267EE877AE0EC017A8142EFD102B002
:10B8400010BD00BF6B5703007679030094230300FB
:10B8500000007A3D2DE9FF41002588460223074676
:10B8600003AA2E212846ADF80C5003F047FABDF884
:10B870000C305BBA9BB207EE903A264BF8EEE77AB3
:10B8800093ED007A47EE877A0646FCEEE77A17EEEC
:10B89000903A9CB21423B8FBF3F8444514D908201D
:10B8A0000EF0BAF848B11C4B4361A4EB0804032323
:10B8B0008461037445748574C574184900234FF47A
:10B8C000C45224F0C2FA444604EB840314229B00C1
:10B8D00000929BB23A463021002003F0A7FA304391
:10B8E00013D008200EF098F848B10D4B43610D4B72
:10B8F000836103230374002343748374C37407496F
:10B9000000234FF4C25224F0A0FA204604B0BDE850
:10B91000F08100BFC8360020835703009423030042
:10B920006B570300937903002DE9F04700EB80008B
:10B930008400A4B21F460B5D7E2B884616466BD84A
:10B9400004F10109894406223449484625F0EFFFF5
:10B950000546E0B104F1110049464044354606F180
:10B960000C0C4B7810F8012B91F800E01B0412022C
:10B9700043EA0E6302F47042134307EE903AF8EE86
:10B98000E77A0231E5EC017AAC45EAD10125E01D08
:10B9900008EB000A21490622504625F0C8FFA0B353
:10B9A000113408EB040150463C4607F10C0C437877
:10B9B00011F8012B90F800E01B04120343EA0E6318
:10B9C00092B2134307EE903AF8EEE77A0230E4ECD5
:10B9D000017AA445EBD145F00205DFED116A9FED38
:10B9E000117A324606F10C03D2ED007A67EEA67AA0
:10B9F000E2EC017AD7ED007A67EE877A9342E7ECC2
:10BA0000017AF1D12846BDE8F0870449062248466C
:10BA100025F08DFF0028E0D11025F3E7C67903005B
:10BA20000000003200007A3508B508200DF0F4FF60
:10BA300048B1094B4361094B83610323037400231D
:10BA400043748374C374064900234FF4C25224F034
:10BA5000FCF94FF0FF3008BD6B5703006879030015
:10BA60009423030013B50223044601AA1D210020DC
:10BA700003F044F918B1FFF7D7FF02B010BDBDF8CD
:10BA80000430DFED086ADBBA07EE903AF8EEE77AA9
:10BA900087EEA67AF3EE097A77EE277AC4ED007A7C
:10BAA000EBE700BFE17A044310B508200DF0B4FFC6
:10BAB00048B1094B4361094B83610323037400239D
:10BAC00043748374C374BDE81040054900234FF4E8
:10BAD000C25224F0BAB900BF6B5703005979030072
:10BAE000942303002DE9F0472DED028B824BB5EE38
:10BAF000C00AF1EE10FA93ED007A07460E4640F2C6
:10BB0000C380DFED7E7AB4EE670AF1EE10FA00F042
:10BB1000BB8060EE077ADFED7A6A7A4A67EEA67A32
:10BB20000123FDEEE77A104632F8021F002900F0EB
:10BB30009E8017EE904AA14200F3998001330D2BAD
:10BB4000F2D14FF000080322F5EEC00AF1EE10FA30
:10BB5000C0EE078A40F2AA80DFED687AF4EE670A49
:10BB6000F1EE10FA00F0A78060EE877ADFED646AEC
:10BB7000644967EEA67A0123FDEEE77A0D4631F8B7
:10BB8000020F002800F0868017EE904AA04200F3D2
:10BB9000818001330D2BF2D100240321DFF884A131
:10BBA000DFF884919AF80030434580EE878A04D10B
:10BBB00099F80000A04200F09C80FF2B14D099F867
:10BBC0000000FF2810D0003B18BF0123B8F100058A
:10BBD00018BF0125AB4207D1003818BF0120231E32
:10BBE00018BF0123984269D042EA810200204E2109
:10BBF00022F08CFA0546FA2025F041FD42465021FC
:10BC000000208AF8008089F8004022F07FFA22465E
:10BC100005434F21002022F079FA054313D0082074
:10BC20000DF0FAFE48B1384B4361384B8361032372
:10BC30000374002343748374C374354900234FF4A1
:10BC4000C25224F002F9F5EE408AF1EE10FAC7ED87
:10BC5000008AB5EE408A86ED008A31D1F1EE10FA05
:10BC600037D02C4B93ED007AC7EE087A39E0013BD0
:10BC7000294A12F8038030F8133007EE903AF8EEB4
:10BC8000E77A87EEA60A5EE79FED240A4FF00008E8
:10BC9000012259E7013B2049CC5C35F8133007EE0F
:10BCA000903AF8EEE77AC7EEA68A76E700242146B6
:10BCB000DFED1A0A72E700240121F9E700259DE76C
:10BCC000F1EE10FA05D1134B93ED007AC7EE287A06
:10BCD00007E0F4EEC88AF1EE10FAF4D4C1DCDFED2F
:10BCE0000F7A0F4B0020C3ED007ABDEC028BBDE84C
:10BCF000F0870120F9E700BF480700200000807F9F
:10BD00000000FA46523E03006B570300A17903007E
:10BD10009423030044070020D579030000000000AD
:10BD2000C8360020BF0C0020BE0C002013B52D210A
:10BD30000DF10702002003F03BF8002204466521C4
:10BD4000104622F0E3F9272204435021002022F07C
:10BD5000DDF9022204434E21002022F0D7F900220F
:10BD60004D210443104622F0D1F90443012022F072
:10BD700039F904227621002022F0C8F90822044370
:10BD80004A21002022F0C2F9082204434B2100205E
:10BD900022F0BCF908224C210443002022F0B6F91D
:10BDA0000443012022F01EF900227621104622F0E1
:10BDB000ADF9072266210443002022F0A7F90443CD
:10BDC000322022F00FF901225721002022F09EF9A3
:10BDD000044313D008200DF01FFE48B1094B436106
:10BDE000094B836103230374002343748374C37476
:10BDF000064900234FF4C25224F027F8332002B042
:10BE000010BD00BF6B5703004B7903009423030060
:10BE1000F8B500222DED048B06460F4610463C492E
:10BE2000B0EE408AF0EE608AB0EE419A02F044FF34
:10BE30009FED387ADFED387A384B002808BFF0EEF6
:10BE4000477AC3ED007A40231A464C21002002F0C5
:10BE5000C5FFB5EEC08AF1EE10FA044621DD9FED74
:10BE6000307A304BC8EE077A012276210020C3EDEC
:10BE7000007A22F04BF9042205467B21002022F0B3
:10BE800045F9002205437621104622F03FF925436B
:10BE9000042305431A464D21002002F09FFF45EA86
:10BEA0000004214AFF231370204AF0EE490AB0EE45
:10BEB000680A394630461370FFF714FE0443012028
:10BEC00022F090F810225F21002022F01FF940227A
:10BED00004431621002022F019F9044313D008204E
:10BEE0000DF09AFD48B1124B4361124B836103235D
:10BEF0000374002343748374C3740F4900234FF405
:10BF0000C25223F0A2FFBDEC048B04EAE470F8BD3A
:10BF100000366E0117B7D138A69B443A440700207B
:10BF20000000FA4648070020BF0C0020BE0C00208D
:10BF30006B570300BD79030094230300124A08B530
:10BF4000FF231370114A112113700020012222F0E7
:10BF5000DDF898B108200DF05FFD48B10C4B43614E
:10BF60000C4B836103230374002343748374C374F1
:10BF7000094900234FF4C25223F067FFBDE808408F
:10BF8000012022F02FB800BFBF0C0020BE0C002003
:10BF90006B570300B0790300942303004FF08443F0
:10BFA0000360014B0B60704700007A457FB5192193
:10BFB0000DF10702002002F0FBFE002204461621CC
:10BFC000104622F0A3F8282204431B21002022F06F
:10BFD0009DF8022204431021002022F097F800254A
:10BFE00048F2A5130443ADF8083002AA03237C21CC
:10BFF00028468DF80A5002F097FE0826174B029348
:10C00000044305230DEB06027C2128468DF80C60C5
:10C0100002F08AFE142204432321284622F076F8F7
:10C020000E2204431721284622F070F8044312D050
:10C0300030460DF0F1FC40B1094B4361094B83617F
:10C040000323037445748574C574074900234FF4B2
:10C05000C25223F0FAFE332004B070BDA27E08085D
:10C060006B570300EB7B03009C23030013B50021F7
:10C07000044606236A46084602F040FE98B10820AE
:10C080000DF0CAFC48B1144B4361144B8361032388
:10C090000374002343748374C374114900234FF461
:10C0A000C25223F0D2FE9FED0F7A6A46204604F179
:10C0B0000C011478537843EA04231BB207EE903A3C
:10C0C000F8EEE77A023267EE877AE0EC017A814295
:10C0D000EFD102B010BD00BF6B5703002C7C0300F2
:10C0E0009C2303000000003A13B5062304466A4669
:10C0F0001946002002F002FE98B108200DF08CFCD9
:10C1000048B1144B4361144B836103230374002330
:10C1100043748374C374114900234FF4C25223F053
:10C1200094FE9FED0F7A6A46204604F10C011478C4
:10C13000537843EA04231BB207EE903AF8EEE77A0D
:10C14000023267EE877AE0EC017A8142EFD102B0E9
:10C1500010BD00BF6B5703001C7C03009C23030031
:10C1600000007A3D2DE9F04700EB80008400A4B286
:10C170001F460B5D702B884616460CD13E4B1B6844
:10C18000002B77D0601CDB690899404498470C2548
:10C190002846BDE8F087782B01D01025F8E704F198
:10C1A0000109894406223549484625F0C0FB054669
:10C1B000E0B104F1110049464044354606F10C0C4B
:10C1C0004B7810F8012B91F800E01B04120243EAAF
:10C1D0000E6302F47042134307EE903AF8EEE77AEA
:10C1E0000231E5EC017AAC45EAD10125E01D08EB0E
:10C1F000000A22490622504625F099FB90B31134DB
:10C2000008EB040150463C4607F10C0C437811F84A
:10C21000012B90F800E01B04120343EA0E6392B274
:10C22000134307EE903AF8EEE77A0230E4EC017A35
:10C23000A445EBD145F00205DFED116A9FED117ABF
:10C24000324606F10C03D2ED007A67EEA67AE2ECF4
:10C25000017AD7ED007A67EE877A9342E7EC017AAC
:10C26000F1D195E705490622484625F060FB0028F4
:10C27000E2D192E708258BE7CC360020687C0300EA
:10C28000000080320000FA3510B508200DF0C4FB24
:10C2900048B1094B4361094B8361032303740023B5
:10C2A00043748374C374BDE81040054900234FF400
:10C2B000C25223F0CABD00BF6B570300FB7B0300D3
:10C2C0009C23030008B508200DF0A6FB48B1094BDC
:10C2D0004361094B83610323037400234374837414
:10C2E000C374064900234FF4C25223F0AEFD4FF051
:10C2F000FF3008BD6B5703000C7C03009C23030038
:10C300002DE9F0472DED028B834BB5EEC00AF1EE1F
:10C3100010FA93ED007A07460E4640F2C580DFED35
:10C320007F7AB4EE670AF1EE10FA00F0BD8060EE9D
:10C33000077ADFED7B6A7B4A67EEA67A0123FDEE82
:10C34000E77A104632F8021F002900F0A08017EEAD
:10C35000904AA14200F39B8001330B2BF2D14FF0A6
:10C3600000080322F5EEC00AF1EE10FAC0EE078ACB
:10C3700040F2AC80DFED697AF4EE670AF1EE10FA74
:10C3800000F0A98060EE877ADFED656A654967EEA7
:10C39000A67A0123FDEEE77A0D4631F8020F002858
:10C3A00000F0888017EE904AA04200F383800133AA
:10C3B0000B2BF2D100240321DFF888A1DFF888914C
:10C3C0009AF80030434580EE878A04D199F800003E
:10C3D000A04200F09E80FF2B14D099F80000FF28A7
:10C3E00010D0003B18BF0123B8F1000518BF01258C
:10C3F000AB4207D1003818BF0120231E18BF01230C
:10C4000098426BD042EA81020020102121F07EFE8A
:10C410000546FA2025F033F948F010021B210020D0
:10C420008AF8008089F8004021F070FE44F0100284
:10C4300005431C21002021F069FE054313D008208C
:10C440000DF0EAFA48B1384B4361384B836103235E
:10C450000374002343748374C374354900234FF479
:10C46000C25223F0F2FCF5EE408AF1EE10FAC7ED6D
:10C47000008AB5EE408A86ED008A31D1F1EE10FADD
:10C4800037D02C4B93ED007AC7EE087A39E0013BA8
:10C49000294A12F8038030F8133007EE903AF8EE8C
:10C4A000E77A87EEA60A5CE79FED240A4FF00008C2
:10C4B000012257E7013B2049CC5C35F8133007EEE9
:10C4C000903AF8EEE77AC7EEA60A74E70024214610
:10C4D000DFED1A0A70E700240121F9E700259BE748
:10C4E000F1EE10FA05D1134B93ED007AC7EE287ADE
:10C4F00007E0F4EEC88AF1EE10FAF4D4C1DCDFED07
:10C500000F7A0F4B0020C3ED007ABDEC028BBDE823
:10C51000F0870120F9E700BF500700200000807F6E
:10C520000000C8456C3E03006B5703003D7C0300D0
:10C530009C2303004C070020777C030000000000D0
:10C54000D0360020C10C0020C00C0020F0B52DED2D
:10C55000048B002283B005460E4610464E49B0EECD
:10C56000408AF0EE608AB0EE419A02F0A5FBDFED62
:10C570004B7A9FED4B7A4B4B0028B5EEC08A08BF33
:10C58000F0EE477AF1EE10FAC3ED007A40F38180C5
:10C590009FED457A454BC8EE077A062231210020EF
:10C5A000C3ED007A21F0B2FD202304461A4626216D
:10C5B000002002F013FC044343F6A023ADF804303E
:10C5C000912301AA7C218DF806300020032302F07C
:10C5D000ABFB0443042021F046FD3B238DF80530DE
:10C5E000242301AA7C218DF806300020032302F0C9
:10C5F0009BFB0443042021F036FD46F2A27301AAFE
:10C600007C21ADF804300227032300208DF806704A
:10C6100002F08AFB0443042021F025FD244AFF2375
:10C620001370244AF0EE490AB0EE680A31462846F3
:10C630001370FFF765FE872204431D21002021F0BF
:10C6400065FD0F2204432121002021F05FFD3A46C1
:10C6500004431821002021F059FD044313D0082081
:10C660000DF0DAF948B1144B4361144B8361032395
:10C670000374002343748374C374114900234FF47B
:10C68000C25223F0E2FB04EAE47003B0BDEC048B79
:10C69000F0BD002490E700BF00366E01A69B443A2F
:10C6A00017B7D1384C0700200000FA465007002089
:10C6B000C10C0020C00C00206B5703005D7C030000
:10C6C0009C230300334AFF232DE9F3411370324AC0
:10C6D000324E13707F210222002021F017FD304AD4
:10C6E000304F314D00231370304A1370304A0446E6
:10C6F00013700DF107021921002002F059FB0443C9
:10C7000020D008200DF088F948B12A4B4361254B11
:10C71000836103230374002343748374C374224925
:10C7200000234FF4C25223F090FB08200DF074F95F
:10C7300028BB1D4900234FF4C25223F086FB02B0F0
:10C74000BDE8F0819DF90730002BF8DB0A2021F0CD
:10C750008AFC08209DF807800DF05EF940B1C0E921
:10C7600005670423C0F81C80037444748474C47483
:10C7700000234FF40452294623F067FBB9E70E4B20
:10C780004361084B83610323037400234374837460
:10C79000C374CEE7C10C0020C00C0020127A030045
:10C7A0009B5B00204E7C03009C2303009A5B0020CF
:10C7B000995B0020E17903006B570300F7B516463B
:10C7C0001C46BBB908200DF027F940B11A4B436154
:10C7D0001A4B83610323037444748474C47418492A
:10C7E00000234FF4C25223F030FB4FF0FF352846B0
:10C7F00003B0F0BD17468DF8040017F8013B8DF823
:10C8000005108DF8063001AA03237C21002002F0D8
:10C810008BFA0546042021F026FC2644B742E6D0D8
:10C8200017F8012B7E21002021F070FC0543042025
:10C8300021F019FCF2E700BF407A0300DA7B030025
:10C840009C23030073B515461C46BBB908200DF0A8
:10C85000E3F840B1174B4361174B83610323037423
:10C8600044748474C474154900234FF4C25223F0F5
:10C87000ECFA4FF0FF36304602B070BD8DF8040080
:10C880008DF80510022301AA7C21002002F04CFA49
:10C890000646042021F0E7FB2C442A467E21002096
:10C8A00002F086FA01350643042021F0DCFBA542A4
:10C8B000F3D1E0E75C7A0300CA7B03009C2303000A
:10C8C0002DE9F043002485B0022307460D4602AA55
:10C8D00019212046ADF8084002F010FA4C4B1968B7
:10C8E000064619B19DF809309A0665D44FF0000943
:10C8F0009DF808309B075BD54FF00008022303AA80
:10C9000012214046ADF80C8002F0F8F9BDF80C3069
:10C910005BBA9BB207EE903A3E4BF8EEE77A93EDA6
:10C92000007A47EE877A0643FCEEE77A17EE903AF4
:10C930009CB21423B5FBF3F5AC4216D908200DF0D8
:10C940006BF858B1344B4361641B03238461037457
:10C9500080F8118080F8128080F813802F4900231E
:10C960004FF4C45223F071FA2C4604EB84031421D3
:10C970009B009BB200913A46002002F057FA3043E8
:10C9800013D008200DF048F848B1254B4361254BE2
:10C99000836103230374002343748374C3741F49A6
:10C9A00000234FF4C25223F050FA4C441FFA84F98A
:10C9B000484605B0BDE8F083132D15D93A467023DB
:10C9C00002F8013B91F8223091F8210003F11B019C
:10C9D000C9B20344A220FFF735FF143D06431437C4
:10C9E000ADB24FF0010983E708200DF015F838B11A
:10C9F0000D4B4474C0E90535032303748474C47477
:10CA0000064900234FF4C45223F01FFA6EE700BF1B
:10CA1000CC360020D0360020835703009C2303002F
:10CA20006B570300857B0300777A030073B5124EC2
:10CA30003378834205460C460FD08DF804108DF8EC
:10CA40000500022301AA0E21A220FFF7B7FE10B9AC
:10CA50000A4B35701C7002B070BD084D2B788B42AC
:10CA600007D00A46A2200E2121F0FFFA0028F2D1B9
:10CA70002C700020EFE700BF9A5B0020995B00203C
:10CA8000F7B5414B1F78022F04460E46154614D0C9
:10CA900008200CF0C1FF50B13C4B43613C4BC0E956
:10CAA000063704230374002343748374C374394921
:10CAB00000234FF4015223F0C8F9062D17D908209E
:10CAC0000CF0AAFF48B1344B4361314B836103231F
:10CAD0000374002343748374C37400234FF4C2525D
:10CAE0002C4923F0B2F94FF0FF3003B0F0BD2B4BCF
:10CAF00020461978FFF79AFF2B4604463246332129
:10CB0000A220FFF75BFEA5F180020443D2B206210A
:10CB1000A22021F0AAFA012204431621A22021F02A
:10CB2000A4FA002304438DF806300DF10602182103
:10CB3000A22021F0A5FA9DF8065015F0010644EA5E
:10CB40000004F2D1022D11D008200CF065FF48B18D
:10CB5000134B43610E4B4674C0E90635042303743E
:10CB60008674C67400234FF40152B9E70DF1070231
:10CB70001A21A22021F084FA9DF80730DB0740EA51
:10CB80000400B0D4B1E700BF9B5B0020AE7A030085
:10CB9000BA7B03009C230300E67A0300995B002024
:10CBA000FC7A03002DE9F341012A089E04460F4652
:10CBB0001D4602D1731E0E2B18D908200CF02CFF35
:10CBC00048B13F4B43613F4B836103230374002310
:10CBD00043748374C37400234FF4C2523A4923F060
:10CBE00034F94FF0FF3002B0BDE8F081374B93F8D5
:10CBF0000080B8F1020F14D008200CF00DFF50B1E6
:10CC0000334B43612F4BC0E90638042303740023E0
:10CC100043748374C3742C4900234FF4015223F0EE
:10CC200014F939782046FFF701FFA6F17002044697
:10CC3000D2B20621A22021F018FA012204431621C3
:10CC4000A22021F012FA002304438DF806300DF1E2
:10CC500006021821A22021F013FA9DF8067017F0A1
:10CC6000010844EA0004F2D1022F14D008200CF08D
:10CC7000D3FE60B1174B4361124B80F81180C0E9BD
:10CC800006370423037480F8128080F81380002391
:10CC90004FF40152A2E70DF107021A21A22021F060
:10CCA000EFF99DF80730DB0744EA000499D43346D6
:10CCB0002A461B21A220FFF7C5FD204393E700BFB2
:10CCC000117B0300A57B03009C2303009B5B0020DA
:10CCD0002C7B0300FC7A03002DE9F041504B1746F2
:10CCE00000228AB0054688461A6004282ED8DFE85C
:10CCF00000F00320222D310001223021002021F0FC
:10CD000005FA044614B308200CF086FE50B1454BDA
:10CD10004361454BC0E90634042303740023437484
:10CD20008374C374414900234FF4015223F08DF8FA
:10CD30001BE01B22E1E717223021002021F0E6F959
:10CD400004460028DFD13A4801F0CCFF394B0024DB
:10CD50001D700AE091F82140196091F822301C44BE
:10CD6000E4B20F2C05D94FF0FF3420460AB0BDE8DD
:10CD7000F08117223021002021F0C8F998F8231003
:10CD800006463846FFF752FE44F09002064306215D
:10CD9000A22021F06AF9402206431621A22021F0A8
:10CDA00064F9DFF894C0674640EA06040FCF02AE8C
:10CDB0000FC697E80F0086E80F00DCF82000DCF8CB
:10CDC00024106B4603C3D8F80C309847002602ABFA
:10CDD000F3EC017AF4EEC07AF1EE10FA02D90136E2
:10CDE000082EF5D102227421A22021F03EF906F18D
:10CDF00028030DEB0306044316F8282CD20042F05A
:10CE0000400202F0F8022721002021F07FF92022C1
:10CE100004431721002021F079F9044372E700BF91
:10CE2000CC360020697B0300957B03009C23030024
:10CE3000D42803009B5B0020D425030030B5C0EB51
:10CE4000C00080B20C5CE408012C1CD0022C35D14F
:10CE500001301B4C014402F10C004D7811F8023BEB
:10CE600043EA05231BB207EE903AF8EEE77A60ED4D
:10CE7000017A94ED007A67EE277A8242C0ED007A5B
:10CE8000EBD1012030BD01300E4C014403F10C0008
:10CE90004D7811F8022B42EA052212B207EE902AD1
:10CEA000F8EEE77AC3ED007A94ED007A67EE277A20
:10CEB000E3EC017A9842EBD10220E3E71020E1E7AE
:10CEC000600700205C07002037B5062304466A4649
:10CED0002821002001F012FF98B108200CF09CFDE1
:10CEE00048B1154B4361154B836103230374002341
:10CEF00043748374C374124900234FF4C25222F066
:10CF0000A4FF10486A4604F10C01557812F8023B60
:10CF100043EA05231BB207EE903AF8EEE77A61ED9B
:10CF2000017A90ED007A67EE277A8C42C1ED007AA3
:10CF3000EBD103B030BD00BF6B570300817C030011
:10CF4000A423030060070020B5EEC00AF1EE10FA3A
:10CF500010B5F5EEC00A75D4F2EE007AF1EE10FAD3
:10CF6000B4EEE70A48BFDFED3B0AF1EE10FA5DD8F8
:10CF7000F1EE007AB4EEE70AF1EE10FA58D8F0EECE
:10CF8000007AB4EEE70AF1EE10FA53D8B5EEC00A13
:10CF9000F1EE10FA0CD904232F4A013BD45C2F4A3E
:10CFA00014702F4A32F8133000EE103AB8EE400AEF
:10CFB000DFED2C7AF4EEE70AF1EE10FA3CD8DFED63
:10CFC0002A7AF4EEE70AF1EE10FA37D8DFED277A85
:10CFD000F4EEE70AF1EE10FA32D8F5EEC00AF1EEFF
:10CFE00010FA0CD90423224A013BD45C214A147064
:10CFF000214A32F8133000EE903AF8EE600ADFED85
:10D000001F7A1F4BDFED1F6A60EE277AC3ED007AAF
:10D01000DFED1D7A1D4B60EEA77A87EEA67A83EDD1
:10D02000007A80ED000AC1ED000A10BD0123B3E7CC
:10D030000223B1E70323AFE70123D4E70223D2E7BA
:10D040000323D0E7F1EE10FA9FED020AB0D5F0EE1F
:10D05000400AD4E7000000000E7D0300C30C00204E
:10D06000A23E030000007A440000FA4300007A4325
:10D070000A7D0300C20C0020983E03000000003827
:10D08000600700200024744900000C425C07002067
:10D0900030B5C0EBC00080B20C5C013004BB1E4C4C
:10D0A0002478012C02D11D4C2478DCB11C4C0144A5
:10D0B00003F10C004D7811F8022B42EA052212B25E
:10D0C00007EE902AF8EEE77AC3ED007A94ED007A45
:10D0D00067EE277AE3EC017A9842EBD1022030BD6B
:10D0E000012CE0D10F4C014402F10C004D7811F8F5
:10D0F000023B43EA05231BB207EE903AF8EEE77ACB
:10D10000C2ED007A94ED007A67EE277AE2EC017ABC
:10D110009042EBD10120E2E79D5B00209C5B002068
:10D120005C070020600700202DE9F04F2DED028BF9
:10D13000B5EEC00A85B0F1EE10FACDE90101F0EECE
:10D14000408AB0EE608A3CD9DFED9E7AB4EE670A81
:10D15000F1EE10FA35D09FED9C7A9C4A60EE077A8A
:10D160000123FDEEE77A104632F8021FE9B117EE0F
:10D17000904AA14219DC01330B2BF5D10023B5EE07
:10D18000C08AF1EE10FA40F2FB80DFED8E7AB4EE49
:10D19000678AF1EE10FA18D18D4A92F80080402784
:10D1A0004FF080099FED8B8A28E05A1E8A4B9B5CCA
:10D1B00030F8122007EE902AF8EEE77AC7EE878A59
:10D1C000DDE7DFED848A0023D9E79FED7F7A7F4991
:10D1D00068EE077A0122FDEEE77A0C4631F8020F7D
:10D1E000002800F0BF8017EE905AA84200F3BA80E2
:10D1F00001320B2AF2D10027B846B946DFF8F8B160
:10D2000073489BF80020DFF8F4E1DFF8F4C15AB965
:10D210009EF800204A4507D19CF800209A4203D18D
:10D220000278424500F0CB8043459A4638BFC2465B
:10D23000AAEB0805C5F30715052D00F2A580012D01
:10D240008CBF02350135EDB2AAEB0304C4F3071419
:10D25000052C00F29B80012C8CBF02340134E4B217
:10D26000F4EEC88AF1EE10FA40F19280F5EE408AB1
:10D27000F1EE10FA14BFC8EE287A01214FF0000237
:10D280001FBFB6EE007A77EE877AFCEEE77ACDED37
:10D29000037A18BF9DF80C1080F800804F488CF876
:10D2A000003002704E4A8EF8009011704D4A12788C
:10D2B00000261A43102130468BF8006020F026FF2C
:10D2C000324683461521304620F020FF464B1A781F
:10D2D0004BEA000B48EA02021121304620F016FF0B
:10D2E0004A464BEA00081621304620F00FFF3A4626
:10D2F00048EA00081321304620F008FF44EAC5023E
:10D3000048EA0008D2B20821304620F0FFFE4FEA7A
:10D310005A0248EA000442F006020A21304620F090
:10D32000F5FE044312D008200CF076FB40B12F4BE1
:10D3300043612F4B83610323037446748674C67460
:10D340002C4900234FF4C25222F07FFD019BC3ED14
:10D35000008A029B002083ED008A05B0BDEC028BA1
:10D36000BDE8F08F013A1C4911F8028034F8122010
:10D3700007EE902AF8EEE77A002787EE878A3CE7E7
:10D380000027B846B9460DE700255DE7002467E7AA
:10D39000B5EE408AF1EE10FA14BFC8EE887A01218A
:10D3A0004FF001021FBFB6EE007A77EE877AFCEEEF
:10D3B000E77ACDED037A18BF9DF80C106CE70120D9
:10D3C000CBE700BF0000807F00409C46823E030008
:10D3D000C60C002000000000007D03009C5B0020C4
:10D3E0009D5B0020C30C0020C20C00206B57030083
:10D3F000D87C0300CC230300C90C0020C80C0020FB
:10D40000C70C002070B500222DED028B05460E469C
:10D4100010462549B0EE608AF0EE418A01F04CFCDE
:10D4200074221221002020F071FE044698B10820D9
:10D430000CF0F2FA48B11D4B43611D4B836103238D
:10D440000374002343748374C3741A4900234FF494
:10D45000C25222F0FAFC184AFF231370174A3146D1
:10D460002846F0EE680AB0EE480A1370FFF75CFE3B
:10D47000044313D008200CF0CFFA48B10B4B4361A2
:10D480000B4B836103230374002343748374C374BD
:10D49000084900234FF4C25222F0D7FCBDEC028BA6
:10D4A00004EAE47070BD00BF809698006B570300DB
:10D4B000EB7C0300CC230300C70C0020C60C00202B
:10D4C0002DE9F74F002689460223804601AA3A211A
:10D4D0003046019601F012FC9DF805309DF804409D
:10D4E0001B0203F4E0631C434FF0030A0727B4FB5D
:10D4F000FAF4B9FBF7F7BC42054613D908200CF043
:10D500008BFA40B13B4B4361E41B846180F810A06F
:10D5100046748674C674384900234FF4C45222F00E
:10D5200094FC3C46DFF8DCB008F101064FF000093E
:10D530004FF0020A4C4518DC9DB108200CF06CFA43
:10D5400048B12E4B43612E4B8361032303740023A8
:10D5500043748374C374284900234FF4C25222F0E9
:10D5600074FC204603B0BDE8F08F022301AA3C21E1
:10D57000002001F0C3FB9DF805309DF804701B02EC
:10D5800003F440731F4345EA00080325B7FBF5F594
:10D5900005EB45057D1BADB2DDB106200CF03CFA74
:10D5A00038B10023C0F814B080F810A0437483741D
:10D5B000C374114900234FF4845222F046FC6B00DF
:10D5C00001AA3E21002001F099FB013C48EA000835
:10D5D000A4B203233246B7FBF3F73E2106F8017CE1
:10D5E0000623002001F08AFB09F1010948EA000541
:10D5F00007369FE783570300CC2303006B570300D4
:10D60000C67C0300907C030013B51A4B1A7883186C
:10D61000013B93FBF2F3034403EB43039BB28DF80E
:10D620000430C3F302238DF8053001AA022306213A
:10D63000002001F079FB082204460D21002020F093
:10D6400065FD044313D008200CF0E6F948B10A4BFD
:10D6500043610A4B8361032303740023437483747F
:10D66000C374074900234FF4C25222F0EEFB33206B
:10D6700002B010BD9D5B00206B570300B37C03001C
:10D68000CC23030010B55C221021002020F03EFDC9
:10D69000102204461521002020F038FD7422044396
:10D6A0001721002020F032FD1022044358210020D1
:10D6B00020F02CFD012204435B21002020F026FDF8
:10D6C000044300214FF4C5701DF03CFF9022582107
:10D6D000002020F01BFD202204435E21002020F0CA
:10D6E00015FD302204431221002020F00FFD0443D9
:10D6F00013D008200CF090F948B1094B4361094B55
:10D70000836103230374002343748374C374064941
:10D7100000234FF4C25222F098FB332010BD00BF0B
:10D720006B570300A17C0300CC230300B5EEC00AB5
:10D73000F1EE10FA10B5F5EEC00A75D4F2EE007AEB
:10D74000F1EE10FAB4EEE70A48BFDFED3B0AF1EE66
:10D7500010FA5DD8F1EE007AB4EEE70AF1EE10FAB5
:10D7600058D8F0EE007AB4EEE70AF1EE10FA53D88A
:10D77000B5EEC00AF1EE10FA0CD904232F4A013B92
:10D78000D45C2F4A14702F4A32F8133000EE103A4E
:10D79000B8EE400ADFED2C7AF4EEE70AF1EE10FA6B
:10D7A0003CD8DFED2A7AF4EEE70AF1EE10FA37D82A
:10D7B000DFED277AF4EEE70AF1EE10FA32D8F5EE53
:10D7C000C00AF1EE10FA0CD90423224A013BD45CC2
:10D7D000214A1470214A32F8133000EE903AF8EEE4
:10D7E000600ADFED1F7A1F4BDFED1F6A60EE277ABC
:10D7F000C3ED007ADFED1D7A1D4B60EEA77A87EE50
:10D80000A67A83ED007A80ED000AC1ED000A10BD12
:10D810000123B3E70223B1E70323AFE70123D4E7F2
:10D820000223D2E70323D0E7F1EE10FA9FED020ABC
:10D83000B0D5F0EE400AD4E7000000007E7D030082
:10D84000C50C0020CC3E030000007A440000FA43DF
:10D8500000007A437A7D0300C40C0020C23E03001E
:10D8600000000038600700200024744900000C42CA
:10D870005C0700202DE9F84F2DED028B714BB5EEC2
:10D88000C00AF1EE10FA93ED007A07460E4643D92E
:10D89000DFED6D7AB4EE670AF1EE10FA3CD060EE7F
:10D8A000077ADFED6A6A6A4A67EEA67A0123FDEE1F
:10D8B000E77A104632F8021F09B317EE904AA142E8
:10D8C0001DDC01330B2BF5D14FF00009F5EEC00A3A
:10D8D000F1EE10FAC0EE078A40F2AD80DFED5A7A21
:10D8E000F4EE670AF1EE10FA1BD15A4B93F8008060
:10D8F0004FF0400A4FF0800BDFED570A2BE0013B61
:10D90000564A12F8039030F8133007EE903AF8EECA
:10D91000E77A87EEA60AD9E79FED4F0A4FF0000994
:10D92000D4E760EE877ADFED496A494A67EEA67A66
:10D930000123FDEEE77A104632F8021F00296BD072
:10D9400017EE904AA14267DC01330B2BF4D14FF064
:10D95000000AD046D34642483E4B04784149424AE9
:10D9600080EE878A44B90C785C4505D114784C4523
:10D9700002D11C78444563D083F800803B4B82F889
:10D9800000901A7881F800B00025057049EA02027B
:10D990001021284620F0BAFB2A46044615212846C5
:10D9A00020F0B4FB324B1A78044348EA02021121FA
:10D9B000284620F0ABFB5A4604431621284620F0A7
:10D9C000A5FB524604431321284620F09FFB48EA5A
:10D9D000191204430921284620F098FB044312D071
:10D9E00008200CF019F840B1224B4361224B8361AF
:10D9F0000323037445748574C574204900234FF4D0
:10DA0000C25222F022FAC7ED008A002086ED008A79
:10DA1000BDEC028BBDE8F88F013B104A12F8038081
:10DA200030F8133007EE903AF8EEE77A4FF0000A3C
:10DA3000C7EEA60A8EE74FF0000AD046D3465BE752
:10DA40000120E5E7540700200000807F00409C464D
:10DA5000AC3E0300C60C002000000000707D0300F7
:10DA6000C90C0020C80C0020C70C0020C50C0020E9
:10DA7000C40C00206B570300487D0300D42303002F
:10DA8000F0B52DED028B002283B006460F461046FE
:10DA90003349B0EE608AF0EE418A01F00DF974224C
:10DAA0001221002020F032FB054698B108200BF02F
:10DAB000B3FF48B12B4B43612B4B836103230374AA
:10DAC000002343748374C374284900234FF4C25263
:10DAD00022F0BBF9264AFF231370264A63211370F4
:10DAE00000200DF1070201F063F99DF90730DFED29
:10DAF000226A07EE103AB8EEC77AF7EE007A47EEE0
:10DB0000267A1E4B04463946F0EE680AB0EE480A03
:10DB10003046C3ED007AFFF7ADFE062204430A212A
:10DB2000002020F0F3FA2C43044313D008200BF01C
:10DB300073FF48B10B4B43610B4B836103230374A9
:10DB4000002343748374C374084900234FF4C25202
:10DB500022F07BF904EAE47003B0BDEC028BF0BD67
:10DB6000809698006B5703005B7D0300D42303006D
:10DB7000C70C0020C60C0020A69BC43A5407002006
:10DB80002DE9FF4100260C460223804603AA3A21D4
:10DB90003046ADF80C6001F0B1F89DF80D309DF8FD
:10DBA0000C501B0203F440731D430723B4FBF3F432
:10DBB000A542074623DCACB2072300934246C4EBE0
:10DBC000C4037821002001F031F9384313D0082034
:10DBD0000BF022FF48B1144B4361144B83610323C4
:10DBE0000374002343748374C374114900234FF4F6
:10DBF000C25222F02AF9204604B0BDE8F081082084
:10DC00000BF00AFF40B10B4B43612D1B03238561D1
:10DC1000037446748674C674054900234FF4C452D5
:10DC200022F013F9C8E700BF6B570300367D0300ED
:10DC3000D42303008357030010B5042838D8DFE845
:10DC400000F0032C34373A0040220121002020F05C
:10DC50005DFA082204461421002020F057FA002221
:10DC600004430121104620F051FA044304B3082074
:10DC70000BF0D2FE50B1114B4361114BC0E9063499
:10DC800004230374002343748374C3740D49002375
:10DC90004FF4015222F0D9F80BE04022012100207C
:10DCA00020F034FA10220446D5E7074801F01AF8AC
:10DCB0000024204610BD4FF0FF34FAE7697B0300D3
:10DCC000127D0300D4230300A029030010B55C22B9
:10DCD0001021002020F01AFA1022044615210020FD
:10DCE00020F014FA802204431421002020F00EFAC0
:10DCF000F42204431721002020F008FA10220443E4
:10DD00005621002020F002FA012204435B2100206A
:10DD100020F0FCF9044300214FF4C5701DF012FC03
:10DD200080225821002020F0F1F9202204435E21B6
:10DD3000002020F0EBF9302204431221002020F0D3
:10DD4000E5F9044313D008200BF066FE48B1094BF7
:10DD50004361094B83610323037400234374837479
:10DD6000C374064900234FF4C25222F06EF83320E8
:10DD700010BD00BF6B570300247D0300D4230300B4
:10DD8000B5EEC00AF1EE10FA30B5F5EEC00A6AD46D
:10DD9000F2EE007AF1EE10FAB4EEE70A48BFDFEDDA
:10DDA000350AF1EE10FA47D8F1EE007AB4EEE70A40
:10DDB000F1EE10FA42D8F0EE007AB4EEE70AF1EE96
:10DDC00010FA3DD8B5EEC00AF1EE10FA0CD90423D2
:10DDD000294A013BD45C294A1470294A32F813308D
:10DDE00000EE103AB8EE400A264A0123144632F8F3
:10DDF000025F07EE905AF8EEE77AF4EEE07AF1EE81
:10DE000010FA24DB0133072BF1D1DFED1F7A1F4B12
:10DE1000DFED1F6A60EE277AC3ED007ADFED1D7A31
:10DE20001D4B60EEA77A87EEA67A83ED007A80ED2F
:10DE3000000AC1ED000A30BD0123C9E70223C7E78C
:10DE40000323C5E7DFED0B0AB0EE600ACCE7134A07
:10DE5000013BD55C34F81330114A00EE903A15704E
:10DE6000F8EE600AD1E7F1EE10FAEBD49FED010A6B
:10DE7000BAE700BF000000000C7F0300CB0C0020BD
:10DE8000FE3E0300F03E0300000000386007002063
:10DE90000024744900000C425C070020067F030048
:10DEA000CA0C002030B5C0EBC00080B20C5CE408A6
:10DEB000012C1CD0022C35D101301B4C014402F145
:10DEC0000C004D7811F8023B43EA05231BB207EE24
:10DED000903AF8EEE77AC2ED007A94ED007A67EEB8
:10DEE000277AE2EC017A9042EBD1012030BD01307B
:10DEF0000E4C014403F10C004D7811F8022B42EA5C
:10DF0000052212B207EE902AF8EEE77AC3ED007A06
:10DF100094ED007A67EE277AE3EC017A9842EBD130
:10DF20000220E3E71020E1E7600700205C07002003
:10DF30002DE9F0472DED028B604BB5EEC00AF1EEF6
:10DF400010FA93ED007A80460F463ED9DFED5C7AF9
:10DF5000B4EE670AF1EE10FA37D060EE077ADFED23
:10DF6000596A594A67EEA67A0123FDEEE77A104610
:10DF700032F8021FE9B117EE904AA14219DC0133D1
:10DF80000D2BF5D10024F5EEC00AF1EE10FAC0EE2B
:10DF9000078A40F28E80DFED4A7AF4EE670AF1EEEE
:10DFA00010FA16D1494B1D784FF0040ADFED480AEC
:10DFB00028E0013B474AD45C30F8133007EE903A32
:10DFC000F8EEE77A87EEA60ADDE79FED410A002426
:10DFD000D9E760EE877ADFED3B6A3B4A67EEA67AC7
:10DFE0000123FDEEE77A104632F8021F002954D0D3
:10DFF00017EE905AA94250DC01330D2BF4D10025C5
:10E000004FF0000A3448314B06783449344A80EEE8
:10E01000878A46B90E78564505D11678A64202D1B0
:10E020001E78AE4248D00026067081F800A0147019
:10E030001021224630461D7020F068F845EA0A1289
:10E0400081461121304620F061F844EA051249EA80
:10E050000009D2B20921304620F058F859EA0009E7
:10E0600012D008200BF0D8FC40B11E4B43611E4B70
:10E0700083610323037446748674C6741B490023AA
:10E080004FF4C25221F0E1FEC8ED008A002087ED76
:10E09000008ABDEC028BBDE8F087013B0D4AD55CE0
:10E0A00030F8133007EE903AF8EEE77AC7EEA60A9A
:10E0B000A6E70025AA4679E70120EAE758070020ED
:10E0C0000000807F0000F045D63E0300C60C002013
:10E0D00000000000FA7E0300C90C0020C80C0020DC
:10E0E000C70C00206B570300CD7E0300DC23030028
:10E0F0002DE9F04F2DED028B002289B004460E462B
:10E1000010467849B0EE608AF0EE418A00F0D4FD06
:10E11000754B15211A7800201FF0F8FF734B074646
:10E120001A78172100201FF0F1FF074313D00820B1
:10E130000BF072FC48B16E4B43616E4B836103235D
:10E140000374002343748374C3746B4900234FF436
:10E15000C25221F07AFE694AFF231370684A0321F4
:10E160001370002018221FF0D1FF0DF11602054692
:10E170004F21002000F01CFE9DF91630DFED616A92
:10E1800007EE103AB8EEC77AF7EE007A47EE267A35
:10E190005D4B05433146F0EE680AB0EE480A204672
:10E1A000C3ED007AFFF7C4FE3D43054306220A2172
:10E1B00000201FF0ABFF054313D008200BF02CFC10
:10E1C00048B14B4B43614B4B8361032303740023E2
:10E1D00043748374C374484900234FF4C25221F03E
:10E1E00034FE00240DF117020F2120468DF8174050
:10E1F0008DF818408DF819408DF81A408DF81B40A5
:10E200008DF81C408DF81D408DF81E408DF81F4084
:10E2100000F0CEFD06AA1021204600F0C9FD0DF148
:10E2200019021121204600F0C3FD0DF11A0212213E
:10E23000204600F0BDFD0DF11B021521204600F027
:10E24000B7FD07AA1721204600F0B2FD0DF11D020F
:10E250000921204600F0ACFD0DF11E020A212046E6
:10E2600000F0A6FD0DF11F020321204600F0A0FDE5
:10E270009DF817209DF818309DF81F109DF819B0D3
:10E280009DF81AA09DF81B909DF81C809DF81D70AC
:10E290009DF81E6003921020019302910BF0BCFBCD
:10E2A00090B11A4B4361019B039A02998261C0E9C4
:10E2B00009A9C0E90B87C0E9073B0B2346638163CB
:10E2C000037444748474C4740B4900234FF4B14242
:10E2D00021F0BBFD05EAE57009B0BDEC028BBDE89D
:10E2E000F08F00BF80969800CA0C0020CB0C002055
:10E2F0006B570300E97E0300DC230300C70C0020FA
:10E30000C60C0020C364AA3A58070020827D03008F
:10E3100037B5062304466A462821002000F0EEFCAB
:10E3200098B108200BF078FB48B1154B4361154BB1
:10E33000836103230374002343748374C3741249F9
:10E3400000234FF4C25221F080FD204604F10C015D
:10E350000E4C6A46557812F8023B43EA05231BB27D
:10E3600007EE903AF8EEE77AC0ED007A94ED007A85
:10E3700067EE277AE0EC017A8142EBD103B030BD41
:10E380006B570300B07E0300DC230300600700200E
:10E3900037B5062304466A462221002000F0AEFC71
:10E3A00098B108200BF038FB48B1154B4361154B71
:10E3B000836103230374002343748374C374124979
:10E3C00000234FF4C25221F040FD204604F10C011D
:10E3D0000E4C6A46557812F8023B43EA05231BB2FD
:10E3E00007EE903AF8EEE77AC0ED007A94ED007A05
:10E3F00067EE277AE0EC017A8142EBD103B030BDC1
:10E400006B570300A27E0300DC2303005C0700209F
:10E410002DE9F04F002789B00D460223814607AA57
:10E420001B213846ADF81C7000F068FC9DF91D609A
:10E430009DF81C80360206F4407448EA040B07235A
:10E44000B5FBF3F5AB4582465C4614D908200BF0CA
:10E45000E3FA48B1494B4361ABEB05038361032306
:10E46000037447748774C774454900234FF4C4523A
:10E4700021F0EBFC2C460723C4EBC40700934A466B
:10E480003B467821002000F0D1FC50EA0A0013D06E
:10E4900008200BF0C1FA48B13A4B43613A4B836113
:10E4A00003230374002343748374C3743449002327
:10E4B0004FF4C25221F0C9FC344B1D686A1C15F0A0
:10E4C0003F051A6047D10DF11B020F2128468DF838
:10E4D0001B5000F06DFC602FA8BF60274B4607EB78
:10E4E00009029A423BD1002C3FD0012C99F800B090
:10E4F00040D0022C99F807A039D099F80E909DF8D9
:10E500001D209DF81C309DF81B10059210200393D0
:10E5100004910BF081FAC0B11D4B04994361039B38
:10E52000059A8261C0E9073406F480760C23C0E9BD
:10E530000A1BC0E90CA9C0E90E5748EA0606037495
:10E540000023466243748374C3740D4900234FF45F
:10E55000C14221F07AFC204609B0BDE8F08F13F8E3
:10E56000011BFF2908BF0135BBE7A246A3464FF0B8
:10E570000009C4E74FF0000AF9E700BF8357030022
:10E58000DC2303006B570300BF7E0300D43600205A
:10E59000E77D030013B51A4B8DF805001A78194B67
:10E5A0001B789A4294BF00220122C0F3012343EA60
:10E5B00042138DF8043001AA02230B21002000F041
:10E5C000B3FB402204460D2100201FF09FFD0443B1
:10E5D00013D008200BF020FA48B10B4B43610B4BD2
:10E5E000836103230374002343748374C374084951
:10E5F00000234FF4C25221F028FC332002B010BD9A
:10E60000C60C0020C70C00206B570300857E03005A
:10E61000DC23030010B5042817D8DFE800F0031945
:10E62000211641004022012100201FF06FFD002231
:10E630000446142100201FF069FD0022044301213B
:10E6400010461FF063FD0443A4B90024204610BD0A
:10E650004022012100201FF059FD10220446E8E766
:10E660005822032100201FF051FD04460E4800F0FF
:10E6700039FBE9E708200BF0CFF950B10B4B4361B0
:10E680000B4BC0E9063404230374002343748374E2
:10E69000C374084900234FF4015221F0D6FBD5E79B
:10E6A0004FF0FF34D2E700BFA0290300697B0300CD
:10E6B000697E0300DC23030008B508200BF0ACF9E9
:10E6C00048B1094B4361094B836103230374002361
:10E6D00043748374C374064900234FF4C25221F07B
:10E6E000B4FB4FF0FF3008BD6B570300947E03006E
:10E6F000DC2303002DE9F743012A0A9E07468946D9
:10E7000090461D4602D1731E072B18D908200BF026
:10E7100083F948B14B4B43614B4B83610323037433
:10E72000002343748374C374484900234FF4C252D6
:10E7300021F08BFB4FF0FF3003B0BDE8F083414682
:10E74000402200201FF0E2FC99F800308DF80530DF
:10E750007F0066F03F03044647F001078DF806305E
:10E7600001AA0323152100208DF8047000F0DCFAC3
:10E7700044220443142100201FF0C8FC002241461B
:10E78000044310461FF0C2FC0DF10202044329218C
:10E79000002000F00DFB002304438DF803301FF030
:10E7A00072FC10F10A0841F100079DF80330DA0706
:10E7B0002CD400238DF803301FF065FC10F10A07FC
:10E7C00041F100089DF80330DB072CD440220121E1
:10E7D00000201FF09BFC00220746142110461FF06A
:10E7E00095FC274340EA07044FF496701CF0E6FEC0
:10E7F00033462A460221002000F080FA002204431A
:10E80000012110461FF082FC204395E71FF03BFCDE
:10E810004045B941CDDA0DF103021E21002000F080
:10E82000C7FA0443C1E71FF02EFCB84271EB0801A0
:10E83000CCDA0DF103024821002000F0B9FA0443BC
:10E84000C0E700BF117B0300487E0300DC23030008
:10E8500010B5E222172100201FF058FC4722044681
:10E86000102100201FF052FC5022044318210020E8
:10E870001FF04CFC10220443562100201FF046FCE0
:10E88000042204435B2100201FF040FC04430021CC
:10E8900040F269101CF056FE8022502100201FF02B
:10E8A00035FC202204435E2100201FF02FFC18229B
:10E8B0000443032100201FF029FC044313D0082047
:10E8C0000BF0AAF848B1094B4361094B836103235C
:10E8D0000374002343748374C374064900234FF404
:10E8E000C25221F0B2FA332010BD00BF6B570300B3
:10E8F000777E0300DC230300124A08B5FF23137060
:10E90000114A12211370002001221FF0FFFB98B161
:10E9100008200BF081F848B10C4B43610C4B83612C
:10E9200003230374002343748374C37409490023CD
:10E930004FF4C25221F089FA2120BDE8084000219D
:10E940001CF000BEC70C0020C60C00206B57030053
:10E95000DC7E0300DC230300022A73B505460E4665
:10E9600017D008200BF058F848B1364B4361364BAE
:10E97000836103230374002343748374C374334992
:10E9800000234FF4C25221F060FA4FF0FF3002B082
:10E9900070BD4022012100201FF0B8FB33788DF8B4
:10E9A0000530C02304466D008DF8063001AA03230C
:10E9B000152100208DF8045000F0B6F97278044358
:10E9C000212100201FF0A2FB442204431421002037
:10E9D0001FF09CFB002304438DF803301FF053FB12
:10E9E00010F10A0641F100059DF90330002B1CDBF4
:10E9F0000022142110461FF089FB05464FF4967043
:10EA00001CF0DCFD0022012110461FF07FFB9DF968
:10EA100003302543002B40EA0500B8DB08200AF04C
:10EA2000FBFF0028ABD00A4BA0E71FF02CFBB04245
:10EA3000A941DDDA0DF103022221002000F0B8F92E
:10EA40000443D1E7E67A03005B7E0300DC23030086
:10EA5000367E03007FB5194B1C5C012C11D0022CB3
:10EA60001FD044BB164BC3E90012164901234B606B
:10EA7000154B53F82000224604B0BDE870401FF04B
:10EA80002ABB124B53F8203018689B88CDE901123D
:10EA900002228DF80C2001A922461FF028FB04B0A9
:10EAA00070BD0B4B1B6833B10A481B68007804B07B
:10EAB000BDE8704018474FF0FF30F0E7A85B00203A
:10EAC000E83600206C0700200C37002004370020B7
:10EAD000F8360020A75B002030B51C46254B1D5C96
:10EAE000012D89B01ED0022D31D0002D3FD1224DF5
:10EAF0002960224901236B604B60214B214D1D6031
:10EB0000214DDC6055F820500135C3E901521F4A00
:10EB1000022353601E4B53F8200009B0BDE830407B
:10EB20001FF0D9BA1B4B53F8203018689B88CDE9E9
:10EB30000215CDE90524002107228DF810108DF86B
:10EB40001C2002A902221FF0D2FA09B030BD124BDC
:10EB50001B6863B1187A844284BF10480478104857
:10EB600000945C68007813460122A047EDE74FF05F
:10EB7000FF30EAE7A85B0020E83600206C070020A1
:10EB8000D83600209E5B0020FC3600206407002061
:10EB90000C37002004370020F8360020A65B002048
:10EBA000A75B0020024B1860024B00221A707047CE
:10EBB0000C370020A85B00202DE9F041DFF8F4803D
:10EBC00098F8004007460E463CB1012C4ED0082074
:10EBD0000AF022FFB8B12D4B4EE02D4B1D68002DE1
:10EBE00035D02B7A934228D28B4215D208200AF0D6
:10EBF00013FF40B1274B4361274B83610323037409
:10EC000044748474C474254900234FF4C25221F023
:10EC10001CF94FF0FF3018E006200AF0FDFE30B17D
:10EC20001F4B43610223037444748474C4741B49EE
:10EC300000234FF4845221F008F91A4B1E701A4B2E
:10EC40001F70022388F801300020BDE8F081082001
:10EC50000AF0E2FE0028D6D0144B43610E4B8361CC
:10EC60000323037445748574C574CCE708200AF047
:10EC7000D3FE0028C7D00E4B4361074B83610323AB
:10EC80000374002343748374C374BCE7BB7F030025
:10EC9000F8360020107F0300F67F0300F424030001
:10ECA0002D7F0300A65B0020A75B0020487F0300A8
:10ECB000927F0300A85B002010B503460648C05CA5
:10ECC00038B9064C54F823406160054941F82320C7
:10ECD00010BD4FF0FF30FBE7A85B00200C37002091
:10ECE000FC360020014B1860704700BFF83600204A
:10ECF000014B1868704700BFF836002007B58DF843
:10ED000007100849095C29B99DF8071061F07F01D7
:10ED10008DF807100DF10701FFF7DEFE03B05DF877
:10ED200004FB00BFA85B002030B51C461B4B8BB01A
:10ED300015461A5C8DF807102AB1012A14D04FF03D
:10ED4000FF300BB030BD164B0DF1070119600121EA
:10ED5000C3E901151349DC6002234B60124B53F8E1
:10ED600020001FF0B8F9ECE7104B9DF8071053F89E
:10ED700020308DF80F100DF10F0118689B88CDE938
:10ED8000041200228DF8182004A90222CDE90754AC
:10ED90008DF824201FF0ABF9D3E700BFA85B00205B
:10EDA000E83600206C0700200C37002004370020D4
:10EDB00007B5094B8DF807101B5C23B9CBB263F084
:10EDC0007F038DF8073001230DF10701FFF784FE63
:10EDD00003B05DF804FB00BFA85B00202DE9F34100
:10EDE000114F98463B5C05460C4616460BB941F060
:10EDF00080040DF1070221462846FFF7D9FF80B9AC
:10EE00009DF8073023EA060206EA080632439342D9
:10EE100007D07B5D0BB904F07F04214628461FF024
:10EE200075F902B0BDE8F081A85B00202DE9F84338
:10EE30001646124A89461D46115C089B40F2FF3473
:10EE400043F6FF72002908BF14460746B4FBF3F4EB
:10EE50004FF000085C4315B94046BDE8F883AC426A
:10EE600028BF2C463246234649463846FFF746FF20
:10EE7000264448EA00082D1BEDE700BFA85B0020F0
:10EE8000014B93ED000A704714370020DFED0F6A45
:10EE900010B5B2EE046A00F10904437882781B04CD
:10EEA00043EA0263027853EA022348BFFF331B128E
:10EEB00007EE903AF8EEE77A033067EE867A8442FE
:10EEC00087EEA67AA1EC017AE7D110BD0050C347C6
:10EED00070B53449B5EEC00AF1EE10FA0C7806466A
:10EEE00059D9DFED317AB4EE670AF1EE10FA26D087
:10EEF000B7EE007AC7EE007AFDEEE77A17EE903AA9
:10EF0000642B05DD0A2C4AD0284D0A231A461BE043
:10EF1000322B04DD082C42D0254D0823F6E7142BB4
:10EF200004DD062C3BD0234D0623EFE70A2B04DD3E
:10EF3000042C34D0204D0423E8E7002B26DC012CE0
:10EF400022D00123002500220B7042F06002322102
:10EF500001201FF0DBF8044698B108200AF05CFDA0
:10EF600048B1164B4361164B83610323037400239E
:10EF700043748374C374134900234FF4C25220F0C6
:10EF800064FF114B35601D60204670BD022C06D019
:10EF90000E4D0223BAE714B100230025B6E7012481
:10EFA000F2E700BFCC0C00200000807F0AD7A33B13
:10EFB0000AD7233C0AD7A33CCDCC4C3D6B5703006A
:10EFC000698003007423030014370020CDCCCC3DAE
:10EFD00008B5044BFF221A70FFF77AFF00EAE070D1
:10EFE00008BD00BFCC0C00202DE9FF41DFF8F88000
:10EFF000D8E9007457EA04020CBF0122002202374C
:10F0000044F100048DF8032005461FF08BF8B84248
:10F01000A141A2BF00220023C8E9002300269DF8D9
:10F020000330DB074BD5D8E90032134318D01FF06B
:10F0300079F8B842A14113DB08200AF0EDFC48B191
:10F04000254B4361254B83610323037400234374E1
:10F050008374C374224900234FF4C25220F0F5FE9A
:10F0600000220023C8E900231121092301AA01205D
:10F07000FFF744FE0DF1030204461B210120FFF7B8
:10F0800097FE0443344313D008200AF0C5FC48B16E
:10F09000144B4361114B83610323037400234374B6
:10F0A0008374C3740E4900234FF4C25220F0CDFE86
:10F0B000294601A8FFF7EAFE04B0BDE8F0811FF081
:10F0C00031F8B842A141AEDA0DF103020F2101205F
:10F0D000FFF76EFE0643A2E7308003004E80030078
:10F0E000742303006B570300001D002010B5082097
:10F0F0000AF092FC48B1094B4361094B8361032339
:10F100000374002343748374C374BDE8104005493D
:10F1100000234FF4C25220F098BE00BF6B5703008B
:10F12000778003007423030008B5074BFF221A7091
:10F130000122332110461EF0E9FF18B1BDE8084056
:10F14000FFF7D4BF08BD00BFCC0C002010B50820CD
:10F150000AF062FC48B1094B4361094B8361032308
:10F160000374002343748374C374BDE810400549DD
:10F1700000234FF4C25220F068BE00BF6B5703005B
:10F180005A8003007423030010B56122322101204C
:10F190001EF0BCFF04461EF0C5FF044BC3E900018E
:10F1A0001CB1BDE81040FFF7D1BF10BD001D00200D
:10F1B00010B508200AF030FC48B1094B4361094BF7
:10F1C000836103230374002343748374C374BDE811
:10F1D0001040054900234FF4C25220F036BE00BF54
:10F1E0006B570300418003007423030000B52DED2D
:10F1F000028B83B00DF107021A210120FFF7D8FD21
:10F200009DF907309FED0B7A07EE903AF8EEE77A1A
:10F21000002887EE878AF3EE0E7A38EE278A01DA25
:10F22000FFF7C6FFB0EE480A03B0BDEC028B5DF8F5
:10F2300004FB00BF9A99D9BF014B93ED000A7047B8
:10F240001837002073B5002200926C46451C10F858
:10F25000123015F8126003F0FE0343EA0623022A77
:10F260001BB219D15B10BDF90040ADF804308379B1
:10F27000C279DFEDA26A9B0814F5805F43EA82132E
:10F2800012D100220A60BDF9022012F5805F0FD072
:10F29000002B40F0D2800BE0002BB8BF0733DB100F
:10F2A00024F8023B0132D2E7002B62D100220A602F
:10F2B000DFED937ABDF9045087EEA67A15F5804FFD
:10F2C00081ED017A00F017818E4AB2F90000002822
:10F2D00000F011818C4A1488002C00F00C818B4ABC
:10F2E0001288002A00F00781002B00F0048107EE4D
:10F2F000903A874BB8EE677AB3F9003007EE905A30
:10F30000B8EEE76A07EE903A824BF8EEE77AB3F987
:10F31000003036EE676A07EE902A05EE903AF8EE76
:10F32000677AF8EEE55A77EE677A67EEA57ADFED51
:10F330007A5A56EE257A06EE104AB8EE466ADFEDA6
:10F34000775A26EE077A06EE100AB8EEC66A07EE7E
:10F35000256AB1EE007A26EE076A87EE867ADFED3F
:10F36000707A67EE277A87EEA67A81ED027A02B08C
:10F3700070BD664A1088BDF90220002800F0B880F0
:10F3800007EE900A9FED676A674807EE103AF8EEBD
:10F39000677AF8EEC75A67EE867A90F9000087EE32
:10F3A000A57A05EE900A37EE467A6048DFED607A7E
:10F3B000007827EE076AF8EEE55A26EE276A07EE90
:10F3C000900AF8EE677A5B4867EE877A9FED5A7A83
:10F3D00090F9000067EE877A45EE867A9FED577ABE
:10F3E0009FED576A77EE877A07EE100AB8EEC77A74
:10F3F000544837EE067A90F9000067EE877A07EEF8
:10F40000104AB8EEC77AB2EE006A67EE877A07EE66
:10F41000100AB8EEC77A27EE067A9FED4B6A07EE20
:10F42000867ADFED3F7A67EE277A87EEA67A81ED5E
:10F43000007A12F5805F3FF43BAF34480088002823
:10F440003FF436AF07EE900A9FED366A364807EE76
:10F45000103AF8EE677AF8EEC75A67EE867A90F9B6
:10F46000000087EEA57A05EE900A37EE467A2F481F
:10F47000DFED2F7A007827EE076AF8EEE55A26EEE0
:10F48000276A07EE900AF8EE677A304867EE877AC7
:10F490009FED297A90F9000067EE877A45EE867A2B
:10F4A0009FED267A9FED266A77EE877A07EE100A9F
:10F4B000B8EEC77A37EE067AB2EE006A67EE877A60
:10F4C00007EE102A224AB8EEC77A92F9002067EEBA
:10F4D000877A07EE102AB8EEC77A27EE067A9FEDF4
:10F4E0001A6A07EE867ADFED0E7A67EE277AE1E692
:10F4F000002008609DE7DFED027A34E70000C84293
:10F5000000000000B0590020B2590020AA59002084
:10F51000AC590020AE59002000000048000000381F
:10F520000000803D00008046AA5B0020AB5B00200D
:10F5300000008031AD5B0020000080380000804377
:10F5400000002043AF5B002000000039AC5B0020CE
:10F55000AE5B0020F8B5B5EEC00AF1EE10FA2DED65
:10F56000028B0646B0EE408A63D99FED4E7AB4EE28
:10F57000470AF1EE10FA63D0F7EE006AC6EE807A21
:10F580000022FDEEE77A17EE903A192B5DDC142B82
:10F5900061DC0F2B65DC0A2B69DC082B6DDC062B8C
:10F5A00071DC022B75DC9342B6EE008AD5BF0424D1
:10F5B0000E2401250425D4BF07230123D8BFB0EEB4
:10F5C000478A42EA8302384B1978914267D01A7011
:10F5D0004C21520001201EF099FD2A460746512178
:10F5E00001201EF093FD224647EA0005522101202A
:10F5F0001EF08CFD054313D008200AF00DFA48B127
:10F600002A4B43612A4B8361032303740023437411
:10F610008374C374274900234FF4C25220F015FCB1
:10F62000254B86ED008A83ED008ABDEC028B2846CF
:10F63000F8BD00249FED218A032225462346C0E71A
:10F640000322042401250723BBE79FED1D8A0E2416
:10F6500004250723B5E79FED1B8A0E240425062306
:10F66000AFE79FED198A0E2404250523A9E7042599
:10F670009FED168A0E242B46A3E79FED158A0E24D4
:10F68000042513469DE70E2404250323B4EE008AC7
:10F6900097E79FED108A0E240425022391E70125A8
:10F6A000C3E700BF0000807FCD0C00206B57030034
:10F6B000AA80030084230300183700200000000004
:10F6C0008988083D0AD7233DCDCC4C3D8988883DAB
:10F6D000CDCCCC3DABAA2A3E30B5054685B0002442
:10F6E0009DF8073003F00603022B22D008230DEB10
:10F6F000030242210120FFF701FB044313D008203D
:10F700000AF08AF948B10F4B43610F4B8361032321
:10F710000374002343748374C3740C4900234FF4AF
:10F72000C25220F092FB294602A8FFF78BFD05B0DC
:10F7300030BD0DF107024C210120FFF739FB0443D6
:10F74000CEE700BF6B5703008B80030084230300C8
:10F7500010B508200AF060F948B1094B4361094B24
:10F76000836103230374002343748374C374BDE86B
:10F770001040054900234FF4C25220F066BB00BF81
:10F780006B570300BA8003008423030008B5074BBE
:10F79000FF221A704B21002201201EF0B7FC18B185
:10F7A000BDE80840FFF7D4BF08BD00BFCD0C002066
:10F7B00010B508200AF030F948B1094B4361094BF4
:10F7C000836103230374002343748374C374BDE80B
:10F7D0001040054900234FF4C25220F036BB00BF51
:10F7E0006B5703009980030084230300F0B52DEDCF
:10F7F000028B012287B005464B211046B0EE408AAD
:10F800001EF084FC0746002142201BF09BFE0026D0
:10F81000022301AA5D210120CDE90266ADF8046052
:10F820000496ADF81460FFF769FA0423044602AAAF
:10F8300062210120FFF762FA0A23044303AA682128
:10F840000120FFF75BFA044312D008200AF0E4F825
:10F8500040B1334B4361334B8361032303744674DC
:10F860008674C674304900234FF4C25220F0EDFA7A
:10F870002E4B9DF804201A702D4B9DF805201A7010
:10F880002C4B9DF80A201A702B4B9DF80B201A70F8
:10F890002A4BBDF80E201A80294BBDF80C201A8087
:10F8A000284BBDF812201A80274BBDF808201A807B
:10F8B000264B9DF815201A70254B9DF814201A70C0
:10F8C0009DF811309DF810201B0203F4FE431343F2
:10F8D000204A3C43138013D008200AF09DF848B119
:10F8E0000F4B43611C4B8361032303740023437458
:10F8F0008374C3740C4900234FF4C25220F0A5FA5C
:10F90000164BFF222846B0EE480A1A70FFF722FE77
:10F91000204300EAE07007B0BDEC028BF0BD00BFF1
:10F920006B570300C880030084230300AF5B0020F3
:10F93000AE5B0020AD5B0020AC5B0020B259002024
:10F94000B0590020AE590020AC590020AB5B00201C
:10F95000AA5B0020AA590020DC800300CD0C002007
:10F96000014B93ED000A70471C3700209FED157A7C
:10F970009FED156A30B5851D00F109044378827842
:10F980001B0443EA0263027853EA022348BFFF33B1
:10F990001B1207EE903A8542F8EEE77A08D1DFEDC8
:10F9A0000B6A67EEA67AC7EE876AC1ED006A30BDC2
:10F9B00067EE867A0330C7EE876A8442E1EC016A1B
:10F9C000DCD1F4E70000C84247ABE73BF61BEB3B5A
:10F9D00070B5B5EEC00AF1EE10FA2DED028B0546BA
:10F9E000B0EE408A5BD9DFED487AB4EE670AF1EEFB
:10F9F00010FA5AD0B7EE007AC7EE007A0124FDEE75
:10FA0000E77A17EE903AC82B53DC642B56DC322B86
:10FA100059DC192B5CDC0C2B5FDC062B62DC032B26
:10FA200065DC012B68DC9FED388ADFED387A15BF85
:10FA30000023032303220A2208BFB0EE678A42EAAA
:10FA40000312334B197891425BD0042101201A70C4
:10FA50001EF05CFB22460646062101201EF056FBE6
:10FA6000064313D0082009F0D7FF48B1294B436162
:10FA7000294B836103230374002343748374C37489
:10FA8000264900234FF4C25220F0DFF9244B85EDC4
:10FA9000008A83ED008ABDEC028B304670BD0024E5
:10FAA0009FED208A23462246C9E7002423460322ED
:10FAB000C5E79FED1D8A00230222C0E79FED1B8A48
:10FAC00023460322BBE79FED1A8A02230422B6E7EE
:10FAD0009FED188A03230522B1E79FED178A0323C0
:10FAE0000622ACE79FED158A03230722A7E79FEDC7
:10FAF000148A03230822A2E79FED128A0323092216
:10FB00009DE70126C7E700BF0000807F0AD7233F9B
:10FB1000CE0C00206B570300148103008C230300DC
:10FB20001C370020000000000AD7233B0AD7A33B64
:10FB30000AD7233C0AD7A33C0AD7233D0AD7A33DC3
:10FB40000AD7233E0AD7A33E08B5044BFF221A70FA
:10FB5000FFF73EFF00EAE07008BD00BFCE0C0020BA
:10FB60007FB5064600259DF8034014F0010421D11D
:10FB70000B2301AA31210120FFF7C0F8054312D061
:10FB8000082009F049FF40B10E4B43610E4B8361E1
:10FB90000323037444748474C4740C4900234FF425
:10FBA000C25220F052F931460DF10600FFF7DEFE99
:10FBB00004B070BD0DF1030207210120FFF7F8F832
:10FBC0000543D0E76B570300F58003008C23030047
:10FBD00007B505236A463A210120FFF78FF898B14F
:10FBE000082009F019FF48B11B4B43611B4B83618F
:10FBF00003230374002343748374C37418490023DC
:10FC00004FF4C25220F021F99DF803309DF80420F2
:10FC1000DFED147A1B0443EA02639DF8022053EAE5
:10FC2000022348BFFF331B1200EE103AB8EEC00AA1
:10FC300020EE270AB5EEC00AF1EE10FA06DDDFED80
:10FC40000A7A30EE670A03B05DF804FB44BFDFEDCB
:10FC5000067A30EE270AF6E76B570300E6800300CA
:10FC60008C2303005B9E803A85EBCB4110B50820C6
:10FC700009F0D2FE48B1094B4361094B836103236C
:10FC80000374002343748374C374BDE810400549B2
:10FC900000234FF4C25220F0D8B800BF6B570300C6
:10FCA000248103008C2303000A4BFF2210B550214E
:10FCB0001A70012080221EF029FA00220446062133
:10FCC00001201EF023FA044303D0BDE81040FFF7E3
:10FCD000CDBF10BDCE0C002010B5082009F09CFE51
:10FCE00048B1094B4361094B83610323037400232B
:10FCF00043748374C374BDE81040054900234FF476
:10FD0000C25220F0A2B800BF6B570300038103006A
:10FD10008C230300014B93ED000A7047203700202D
:10FD20009FED0D6ADFED0D6A30B50022451C15F818
:10FD3000124010F8123043EA04231BB207EE903A47
:10FD4000F8EEE77A013267EE867A032A87EEA67A22
:10FD5000A1EC017AEBD130BD9A99993E0000C842DE
:10FD60002DE9F0414049B5EEC00AF1EE10FA0C78E9
:10FD7000074672D9DFED3D7AB4EE670AF1EE10FA6C
:10FD80002CD0B7EE007AC7EE007AFDEEE77A17EED8
:10FD9000903A642B07DD0A2C63D0354D0A230122EB
:10FDA0004FF01B0808E0322B08DD082C59D0314DEC
:10FDB000082301224FF024081E4618E0142B04DD0E
:10FDC000062C4ED02C4D0623F3E70A2B04DD042C21
:10FDD00047D02A4D0423ECE7002B36DC012C31D030
:10FDE00001234FF0FF451A464FF01B0800260B7009
:10FDF0005201302101201EF089F93246044631219A
:10FE000001201EF083F942460443412101201EF0E7
:10FE10007DF9044313D0082009F0FEFD48B1184BCA
:10FE20004361184B83610323037400234374837479
:10FE3000C374154900234FF4C25220F006F8134B47
:10FE40003D601D602046BDE8F081022C09D00223F0
:10FE50000F4D1A464FF02D08AEE714B100230025D0
:10FE60009DE70124EEE700BFCF0C00200000807F5B
:10FE70000AD7A33B0AD7233C0AD7A33CCDCC4C3DA1
:10FE80006B5703005E810300AC2303002037002082
:10FE9000CDCCCC3D08B5044BFF221A70FFF760FFB4
:10FEA00000EAE07008BD00BFCF0C00202DE9FF4143
:10FEB000374FD7E9005455EA04020CBF0122002253
:10FEC000053544F100048DF8072006461EF051F96F
:10FED000A842A141A2BF00220023C7E900234FF09E
:10FEE00000089DF80730DB0744D5D7E900321343FB
:10FEF00018D01EF03EF9A842A14113DB082009F0FA
:10FF00008BFD48B1234B4361234B8361032303746F
:10FF1000002343748374C374204900234FF4C252F6
:10FF20001FF093FF00220023C7E9002311210623BD
:10FF300002AA0120FEF7E2FE58EA000013D00820D2
:10FF400009F06AFD48B1164B4361134B83610323EB
:10FF50000374002343748374C374104900234FF463
:10FF6000C2521FF072FF314602A8FFF7D9FE04B05B
:10FF7000BDE8F0811EF0FDF8A842A141B5DA0DF10F
:10FF8000070210210120FEF713FF48EA0008A8E746
:10FF9000081D00203080030039810300AC230300DA
:10FFA0006B57030010B5082009F036FD48B1094B26
:10FFB0004361094B836103230374002343748374F7
:10FFC000C374BDE81040054900234FF4C2521FF02E
:10FFD0003CBF00BF6B57030071810300AC230300DB
:10FFE00008B5074BFF221A700122322110461EF07D
:10FFF0008DF818B1BDE80840FFF7D4BF08BD00BFB9
:020000021000EC
:10000000CF0C002010B5082009F006FD48B1094BBF
:100010004361094B83610323037400234374837496
:10002000C374BDE81040054900234FF4C2521FF0CD
:100030000CBF00BF6B5703004A810300AC230300D1
:10004000012210B5312110461EF060F804461EF062
:1000500090F8044BC3E900011CB1BDE81040FFF764
:10006000D1BF10BD081D0020014B93ED000A704761
:10007000243700209FED0D6ADFED0D6A30B50022B8
:10008000451C15F8124010F8123043EA04231BB245
:1000900007EE903AF8EEE77A013267EE867A032AA5
:1000A00087EEA67AA1EC017AEBD130BD9A99993D01
:1000B0000000C8422DE9F0414049B5EEC00AF1EE1A
:1000C00010FA0C78074672D9DFED3D7AB4EE670A74
:1000D000F1EE10FA2CD0B7EE007AC7EE007AFDEE02
:1000E000E77A17EE903A642B07DD0A2C63D0354D82
:1000F0000A2301224FF01B0808E0322B08DD082CF0
:1001000059D0314D082301224FF024081E4618E033
:10011000142B04DD062C4ED02C4D0623F3E70A2BBE
:1001200004DD042C47D02A4D0423ECE7002B36DCF9
:10013000012C31D001234FF0FF451A464FF01B0828
:1001400000260B705201302101201DF0DFFF3246E6
:100150000446312101201DF0D9FF424604434121CC
:1001600001201DF0D3FF044313D0082009F054FCF4
:1001700048B1184B4361184B836103230374002378
:1001800043748374C374154900234FF4C2521FF0A3
:100190005CFE134B3D601D602046BDE8F081022CE3
:1001A00009D002230F4D1A464FF02D08AEE714B1C7
:1001B000002300259DE70124EEE700BFD00C0020BE
:1001C0000000807F0AD7A33B0AD7233C0AD7A33C71
:1001D000CDCC4C3D6B570300AF810300B42303002B
:1001E00024370020CDCCCC3D38B50C4BFF222DED73
:1001F000028B1A700122054633211046B0EE408A68
:100200001DF084FFB0EE480A04462846FFF752FF6F
:10021000BDEC028B204300EAE07038BDD00C00201A
:100220002DE9FF41374FD7E9005455EA04020CBFCE
:1002300001220022053544F100048DF8072006460E
:100240001DF0A5FFA842A141A2BF00220023C7E9DB
:1002500000234FF000089DF80730DB0744D5D7E9AD
:100260000032134318D01DF092FFA842A14113DBC6
:10027000082009F0D1FB48B1234B4361234B836134
:1002800003230374002343748374C374204900233D
:100290004FF4C2521FF0D9FD00220023C7E900230A
:1002A0001121062302AA0120FEF728FD58EA0000CA
:1002B00013D0082009F0B0FB48B1164B4361134B33
:1002C000836103230374002343748374C37410494C
:1002D00000234FF4C2521FF0B8FD314602A8FFF7C9
:1002E000C9FE04B0BDE8F0811DF051FFA842A14154
:1002F000B5DA0DF1070210210120FEF759FD48EA99
:100300000008A8E7101D0020308003008A81030048
:10031000B42303006B57030010B5082009F07CFBE1
:1003200048B1094B4361094B8361032303740023E4
:1003300043748374C374BDE81040054900234FF42F
:10034000C2521FF082BD00BF6B570300C281030081
:10035000B423030008B5074BFF221A700122322193
:1003600010461DF0D3FE18B1BDE80840FFF7D4BF1A
:1003700008BD00BFD00C002010B5082009F04CFBD0
:1003800048B1094B4361094B836103230374002384
:1003900043748374C374BDE81040054900234FF4CF
:1003A000C2521FF052BD00BF6B5703009B81030078
:1003B000B4230300012210B5312110461DF0A6FE22
:1003C00004461DF0E4FE044BC3E900011CB1BDE886
:1003D0001040FFF7D1BF10BD101D0020014B93ED61
:1003E000000A7047283700209FED0B7A30B50022B5
:1003F000451C15F8124010F8123043EA04231BB2D2
:1004000007EE903AF8EEE77A013267EE877A032A30
:10041000E1EC017AEDD130BDA69BC43A38B5B5EE1A
:10042000C00AF1EE10FA2DED028B054645D99FED7D
:100430002E8AB4EE480AF1EE10FA3ED0B7EE007AFA
:10044000C7EE007AFDEEE77A17EE903A322B39DCF0
:10045000142B3CDC0A2B3FDC002B4FF000031A4628
:1004600001DD9FED228A22490878904239D00A7036
:10047000012043EA820260211DF048FE044698B143
:10048000082009F0C9FA48B11A4B43611A4B83613D
:1004900003230374002343748374C3741749002334
:1004A0004FF4C2521FF0D1FC154B85ED008A83ED4D
:1004B000008ABDEC028B204638BD9FED128A0323D3
:1004C0000022D0E79FED108A00230322CBE79FEDA7
:1004D0000F8A00230222C6E79FED0D8A0023012226
:1004E000C1E70124E5E700BF0000807FCDCCCC3D13
:1004F000D10C00206B57030009820300BC230300CA
:1005000028370020000000000AD7233C0AD7A33C6C
:10051000CDCC4C3D08B5044BFF221A70FFF77EFF8F
:1005200000EAE07008BD00BFD10C002030B50546E0
:1005300085B000249DF8073003F00300012821D086
:10054000062302AA68210120FEF7D8FB044313D03A
:10055000082009F061FA48B10E4B43610E4B8361EC
:1005600003230374002343748374C3740B4900236F
:100570004FF4C2521FF069FC294602A8FFF734FF6E
:1005800005B030BD0DF107026021FEF711FC0443F8
:10059000D0E700BF6B570300EA810300BC230300D0
:1005A00010B5082009F038FA48B1094B4361094BEE
:1005B000836103230374002343748374C374BDE80D
:1005C0001040054900234FF4C2521FF03EBC00BF4B
:1005D0006B57030019820300BC23030008B5074BC7
:1005E000FF221A706021202201201DF08FFD18B11A
:1005F000BDE80840FFF7D4BF08BD00BFD10C002004
:1006000010B5082009F008FA48B1094B4361094BBD
:10061000836103230374002343748374C374BDE8AC
:100620001040054900234FF4C2521FF00EBC00BF1A
:100630006B570300F8810300BC23030008B5084B87
:100640001A78920042F0010202F0FD0260210120BE
:100650001DF05CFD18B1BDE80840FFF7D1BF08BD33
:10066000D10C002010B5082009F0D6F948B1094B8B
:100670004361094B83610323037400234374837430
:10068000C374BDE81040054900234FF4C2521FF067
:10069000DCBB00BF6B570300DB810300BC230300FE
:1006A000014B93ED000A70472C3700209FED0B7A29
:1006B00030B50022451C15F8124010F8123043EAFC
:1006C00004231BB207EE903AF8EEE77A013267EEA8
:1006D000877A032AE1EC017AEDD130BD7A4199396C
:1006E000B5EEC00AF1EE10FA2DE9F041074661D9E6
:1006F000DFED4A7AB4EE670AF1EE10FA5AD0B7EE9F
:10070000007AC7EE007A0024FDEEE77A17EE902A11
:10071000B2F50C7F53DCB2F5967F54DC9B2A56DC95
:10072000502A58DC282A5ADC142A5CDC0A2A5EDCAF
:10073000052A60DC022A62DC65D0012A66D1384DC8
:100740000326384B9200187842EA461242F0020122
:10075000884260D0197042F08202202101201DF0F1
:10076000D5FC22468046222101201DF0CFFCB2009C
:1007700048EA0004232101201DF0C8FC044313D0E3
:10078000082009F049F948B1274B4361274B8361A1
:1007900003230374002343748374C3742449002324
:1007A0004FF4C2521FF051FB224B3D601D602046AA
:1007B000BDE8F0810324002226460025C1E71E4D36
:1007C00022462646BDE71D4D22460126B9E71C4DAF
:1007D00022460226B5E71B4D22460326B1E71A4DF5
:1007E00007220326ADE7194D06220326A9E7184D77
:1007F00005220326A5E7174D04220326A1E70322BD
:10080000154D16469DE7154D03269AE72246032609
:100810004FF0FF4595E70124C9E700BF0000807F46
:10082000CDCC4C3FD20C00206B5703005582030007
:10083000C42303002C3700206F12833AA10EEA3A3A
:100840000E745A3B0D68D33BCDCC4C3CCDCCCC3C4C
:10085000CDCC4C3DCDCCCC3DCDCC4C3ECDCCCC3E0E
:1008600038B580222DED028B202105460120B0EE07
:10087000408A1DF04BFC20220446212101201DF05E
:1008800045FC044313D0082009F0C6F848B10F4BCB
:1008900043610F4B83610323037400234374837408
:1008A000C3740C4900234FF4C2521FF0CEFA0A4B16
:1008B000FF22B0EE480A28461A70FFF711FFBDEC80
:1008C000028B204300EAE07038BD00BF6B57030085
:1008D00073820300C4230300D20C002030B5054608
:1008E00085B000249DF8073003F00300012821D0D3
:1008F000062302AA28210120FEF700FA044313D0A0
:10090000082009F089F848B10E4B43610E4B836112
:1009100003230374002343748374C3740B490023BB
:100920004FF4C2521FF091FA294602A8FFF7BEFE0B
:1009300005B030BD0DF107022221FEF739FA04435C
:10094000D0E700BF6B57030036820300C4230300C7
:1009500010B5082009F060F848B1094B4361094B14
:10096000836103230374002343748374C374BDE859
:100970001040054900234FF4C2521FF066BA00BF71
:100980006B57030065820300C423030008B5074BBF
:10099000FF221A702121042201201DF0B7FB18B19B
:1009A000BDE80840FFF7D4BF08BD00BFD20C00204F
:1009B00010B5082009F030F848B1094B4361094BE4
:1009C000836103230374002343748374C374BDE8F9
:1009D0001040054900234FF4C2521FF036BA00BF41
:1009E0006B57030044820300C423030010B50820A2
:1009F00009F012F848B1094B4361094B83610323A5
:100A00000374002343748374C374BDE81040054924
:100A100000234FF4C2521FF018BA00BF6B570300F7
:100A200027820300C4230300014B93ED000A7047A3
:100A3000303700201FB5437804788279DFED166ADD
:100A40009FED167A9B0043EA842343EA92130193B5
:100A5000C37884789B0043EA8423C2F301142343C0
:100A60000293437904799B00C2F3810243EA842311
:100A70001343039301F10C0201ABF3EC017AF8EE9E
:100A8000677A77EEE67A67EE877AE1EC017A91424F
:100A9000F3D104B010BD00BF000000480000803852
:100AA00070B5444B9FED447AB5EEC00AF1EE10FAF2
:100AB0002DED028B0546B0EE408A83ED000A71D918
:100AC000B4EE470AF1EE10FA4BD0F7EE006AC6EE2C
:100AD000807AFDEEE77A17EE904AC82C44DC642C4D
:100AE00047DC322C4ADC142C4DDC0A2C50DC012C67
:100AF00053DC57D10022B0EE668A304B1978A14200
:100B000055D00A2101201C701DF000FB231E18BFC8
:100B1000012344EAC302064642F0F0020B21012001
:100B20001DF0F4FA064313D0082008F075FF48B111
:100B3000234B4361234B83610323037400234374DA
:100B40008374C374204900234FF4C2521FF07DF90F
:100B50001E4B85ED008A83ED008ABDEC028B30468A
:100B600070BD03220024C8E79FED198A03220724E1
:100B7000C3E79FED188A03220624BEE79FED168A7D
:100B800002220524B9E79FED158A01220424B4E767
:100B90009FED138A00220324AFE79FED128A002203
:100BA0000224AAE703220024B0EE478AA5E7012623
:100BB000D3E700BF343700200000807FD50C002031
:100BC0006B570300BA820300E42303003037002090
:100BD0006F12833A0AD7A33B0AD7233C0AD7A33C18
:100BE000CDCC4C3DCDCCCC3D2DE9FF41374FD7E9A5
:100BF000005455EA04020CBF01220022023544F1E0
:100C000000048DF8072006461DF00FFBA842A14105
:100C1000A2BF00220023C7E900234FF000089DF87F
:100C20000730DB0744D5D7E90032134318D01DF055
:100C3000FCFAA842A14113DB082008F0EDFE48B100
:100C4000234B4361234B83610323037400234374C9
:100C50008374C374204900234FF4C2521FF0F5F887
:100C600000220023C7E900230021072302AA012054
:100C7000FEF744F858EA000013D0082008F0CCFE34
:100C800048B1164B4361134B836103230374002364
:100C900043748374C374104900234FF4C2521FF08D
:100CA000D4F8314602A8FFF7C5FE04B0BDE8F081D4
:100CB0001DF0BBFAA842A141B5DA0DF107020821E7
:100CC0000120FEF775F848EA0008A8E7181D002083
:100CD000308003009D820300E42303006B57030070
:100CE00010B5082008F098FE48B1094B4361094B44
:100CF000836103230374002343748374C374BDE8C6
:100D00001040054900234FF4C2521FF09EB800BFA7
:100D10006B570300C9820300E423030008B5074BA7
:100D2000FF221A700A21802201201DF0EFF918B16C
:100D3000BDE80840FFF7D4BF08BD00BFD50C0020B8
:100D400010B5082008F068FE48B1094B4361094B13
:100D5000836103230374002343748374C374BDE865
:100D60001040054900234FF4C2521FF06EB800BF77
:100D70006B570300AA820300E423030010B50B4B5A
:100D80001B78002B0CBF01222122092101201DF01C
:100D9000BDF904461DF049FA054BC3E900011CB139
:100DA000BDE81040FFF7CCBF10BD00BFD30C002042
:100DB000181D002008B50822092101201DF0A6F900
:100DC00098B1082008F028FE48B10A4B43610A4B4D
:100DD000836103230374002343748374C37407493A
:100DE00000234FF4C2521FF030F80120BDE8084044
:100DF00020F045BC6B570300D6820300E4230300B8
:100E000038B52DED028B0546B0EE408AFFF7D2FFD4
:100E10002022092101201DF079F9044698B108200B
:100E200008F0FAFD48B10F4B43610F4B8361032378
:100E30000374002343748374C3740C4900234FF478
:100E4000C2521FF002F80A4BFF22B0EE480A2846B1
:100E50001A70FFF725FEBDEC028B204300EAE0701C
:100E600038BD00BF6B570300DE820300E42303009C
:100E7000D50C00202DE9F0412DED028B88B00DF14D
:100E80000302072104460120FDF792FF9DF803307D
:100E9000474A9FED488A117807EE903AB8EE677A94
:100EA000DFED457A994217EE278A05465ED0434E1C
:100EB000DFED437A96ED007AB4EEE77AF1EE10FAC0
:100EC00054DD137000239FED3F0A23606360A3602D
:100ED00001A8FFF7E5FD3C4F05434FF00008102245
:100EE0000921012087F800801DF010F9A8B1082021
:100EF00008F092FD58B1354B4361354B83610323B4
:100F0000037480F8118080F8128080F813803149D2
:100F100000234FF4C2521EF098FF012020F0AFFBD7
:100F2000FFF72CFF05A8FFF75FFEFFF743FFFFF772
:100F300025FF02A8FFF758FE02AA05AB04F10C0139
:100F4000B6EE007AF2EC017AF3EC016A77EEA67A5B
:100F500067EE877AE4EC017AA142F3D1012396EDA2
:100F6000000A3B7001A8FFF79BFD054322220921DF
:100F700001201DF0CBF8054313D5082008F04CFDE7
:100F800048B1124B4361144B836103230374002364
:100F900043748374C3740F4900234FF4C2521EF08C
:100FA00054FFB0EE480A08B0BDEC028BBDE8F081FA
:100FB000D40C002000009642CDCC4C3F34370020AA
:100FC0000AD7A33C0000807FD30C00206B5703009E
:100FD00085820300E42303008F820300014B93ED1D
:100FE000000A704738370020B0F900309FED0F7AC3
:100FF00007EE903AF8EEE77A67EE877AC1ED007A6D
:10100000B0F9023007EE903AF8EEE77A67EE877AA9
:10101000C1ED017AB0F9043007EE903AF8EEE77AC4
:1010200067EE877AC1ED027A704700BF6F1283398D
:1010300070B5B5EEC00AF1EE10FA2DED028B054643
:1010400053D9DFED347AB4EE670AF1EE10FA4CD0E2
:10105000B7EE008AC8EE007A0124FDEEE77A17EEBB
:10106000903A642B46DC322B48DC192B4ADC052BEA
:101070004CDD9FED298A2346284908781A0144EA65
:101080000313984244D00B7042F008020B21012058
:101090001DF03CF844F0200206460A2101201DF014
:1010A00035F8064313D0082008F0B6FC48B11C4BB5
:1010B00043611C4B836103230374002343748374D3
:1010C000C374194900234FF4C2521EF0BEFE174BE1
:1010D00085ED008A00200021C3E90001144B83ED57
:1010E000008ABDEC028B304670BD9FED128A002451
:1010F0000423C1E79FED108A0423BDE79FED0F8A0B
:101100000323B9E79FED0E8A0223B5E70023B3E777
:101110000126E6E70000807FCDCCCC3DD60C002038
:101120006B57030033830300EC230300201D0020D2
:1011300038370020000000000AD7A33B0AD7233C21
:101140000AD7A33C38B5084BFF221A70074B002280
:101150001A70074B00240025C3E90045FFF768FF1C
:1011600000EAE07038BD00BFD60C0020B05B002064
:10117000201D002010B5082008F04EFC48B1094B96
:101180004361094B83610323037400234374837415
:10119000C374BDE81040054900234FF4C2521EF04D
:1011A00054BE00BF6B57030042830300EC230300CF
:1011B00010B5082008F030FC48B1094B4361094BD9
:1011C000836103230374002343748374C374BDE8F1
:1011D0001040054900234FF4C2521EF036BE00BF36
:1011E0006B57030023830300EC23030070B5222216
:1011F0000A2101201CF08AFF044620F05CFB4FF41A
:101200007A75A0FB053205FB0121064EDB0B43EA94
:101210004143C90BC6E900311CB1BDE87040FFF77E
:10122000C7BF70BD201D0020F0B5494FD7E900545D
:1012300085B0002355EA040206468DF807304BD1ED
:1012400020F039FB4FF47A72A0FB023402FB014418
:10125000DB0B43EA44439D1C4FEAD4344FF00002B9
:101260004FF00003C7E9002344F1000400270DF10B
:10127000070209210120FDF79BFD9DF80730DB07E0
:1012800047EA000710D420F016FB4FF47A72A0FB57
:10129000020302FB0131C30B43EA41439D424FEA83
:1012A000D13174EB0101E2DA9DF8073013F001044B
:1012B00014D1062008F0B0FB30B1264B4361022365
:1012C000037444748474C474234900234FF4845217
:1012D0001EF0BBFD05B0F0BD0235BFE713F0020301
:1012E0001E4D13D02C7894B9062008F095FB30B130
:1012F0001B4B43610223037444748474C47400233D
:1013000015494FF486521EF0A0FD01232B700121D8
:10131000062302AA0846FDF7F1FC384313D0082043
:1013200008F07AFB48B10F4B43610F4B83610323F5
:101330000374002343748374C374074900234FF478
:10134000C2521EF082FD314602A8FFF74DFEC1E7F2
:10135000201D0020F1820300EC230300B05B00207D
:10136000008303006B570300168303002DE9F04F41
:101370009DB017460E460790414BD7E90001002269
:1013800055EC124B5BEC11AB8DED000BEFF706F853
:10139000DDE90023C7E9000110461946EFF7B4F96B
:1013A0005246CDE902015B4650465946EFF7ACF98B
:1013B0002246CDE904012B4620462946EFF7A4F941
:1013C000DDE9042380468946DDE90201EEF7E6FF08
:1013D00042464B46EEF7E2FF41EC100B1BF0C8FC17
:1013E000D6E9000153EC102BEEF7D8FF9DED027B00
:1013F0008DED087B9DED047BC6E9000152465B46FE
:10140000504659468DED0A7BCDE90C89EEF7C6FFB3
:1014100022462B4680468946EFF776F9DDE9002320
:10142000CDE90E0110461946EEF7B8FF22462B46CD
:1014300006460F46EFF768F95246CDE910015B46C4
:1014400030463946EFF760F92246CDE912012B46C6
:1014500020462946CDE91467CDE91689EEF79EFFAF
:10146000074B0022CDE91801CDE91A230798012383
:101470000A2208A91CF0FDFE1DB0BDE8F08F00BFD8
:101480000000F03F2DE9F04F95B08DED060B059073
:101490004FF490708DED081B0D461AF06FFFDFF8CA
:1014A00030A3DFF83083CAF800000A27002606229E
:1014B0002B461146CDE9016600971CF02CFFC02099
:1014C0001AF05CFF0624C8F800002B462146CDE93F
:1014D0000164042200971CF01EFFC0201AF04EFF8A
:1014E000DFF8F4922B46C9F800002246CDE9014608
:1014F000042100971CF00FFF80201AF03FFFA84E38
:10150000042230602B461146CDE9014400971CF0BF
:1015100002FFDDE90823DDE90601EFF71FFACDE957
:10152000100130689F4D042100F0C6FC0421306892
:10153000F1F7DAFFC0201AF021FF28600194D9F8F2
:1015400000300093042331681A46F0F721FE30681A
:10155000954E20F0DAF9D9F8000020F0D6F94FF4D2
:1015600090701AF00BFF306001942B680093D8F84C
:1015700000108E4D22460423F0F70AFED8F8000032
:1015800020F0C3F94FF490701AF0F8FEDAF800700A
:10159000D6F8009028600446B84607F5907AF8E837
:1015A0000201F9E80223EEF7F7FED045E4E8020174
:1015B000F5D1384620F0A9F930687D4F7D4C20F0F8
:1015C000A4F94FF490701AF0D9FE0026C0E9026722
:1015D000C0E90467C0E90C67C0E91067C0E9186793
:1015E000C0E91A67744F2060002200230026C0E97A
:1015F0000023C0E90623C0E90823C0E90A23C0E9A3
:101600000E23C0E91223C0E91423C0E91623C0E960
:101610001C23C0E91E23C0E92023C0E92223C0E91E
:101620002423C0E92623C0E92823C0E92C23C0E9EC
:101630002E23C0E93023C0E93223C0E93423C0E9B6
:101640003623C0E93A23C0E93C23C0E92A67C0E950
:101650003867C0E93E23C0E94023C0E94223C0E91E
:101660004423C0E946674FF490701AF087FE534F49
:101670000626386001962B6800932168334632466F
:10168000F0F786FD20684E4C20F03FF928684D4D5C
:1016900020F03BF94FF490701AF070FE324601468C
:1016A00028603868F1F770FF30201AF067FE20607C
:1016B00030201AF063FE444A10606422CDE90062D3
:1016C000034622682968386800F0B4FE386820F0C4
:1016D0001CF9D4F800B0DA46FAE8026701250024C4
:1016E000FAE8028932463B4640464946EFF79CFA03
:1016F00010B146464F462C460135062DF0D15846CE
:1017000020F003F9304B314D186820F0FEF83020FE
:101710001AF034FE2B4A28600346106800EBC4041C
:10172000D4E90067C3E90067D4E90C67C3E902673D
:10173000D4E91867C3E90467D4E92467C3E90667F5
:10174000D4E93067C3E90867D4E93C67C3E90A67AD
:1017500020F0DBF82C6894ED047B8DED067B94ED96
:10176000067B8DED087B94ED087BD4E900898DED37
:101770000A7B94ED0A7B42464B46404649468DED36
:101780000C7BD4E902ABEEF7BFFF524606460F468C
:101790005B4650465946EEF7B7FF02460B461DE042
:1017A00094370020903700208C37002088370020A5
:1017B0000000E03FA43700200000D0BF84370020A5
:1017C000783700207C3700207437002070370020E5
:1017D000A03700209C37002098370020304639463B
:1017E000EEF7DCFDDDE9062306460F4610461946F6
:1017F000EEF78AFF02460B4630463946EEF7CEFD3D
:10180000DDE9082306460F4610461946EEF77CFF31
:1018100002460B4630463946EEF7C0FDDDE90A23A5
:1018200006460F4610461946EEF76EFF02460B4677
:1018300030463946EEF7B2FDDDE90C2306460F4689
:1018400010461946EEF760FF02460B463046394611
:10185000EEF7A4FD41EC100B1BF08AFA57EC106B6D
:10186000404632463B464946EFF778F8804689467F
:1018700032463B4650465946C4E90089EFF76EF8B8
:1018800032463B46CDE90E01C4E90201DDE906011D
:10189000EFF764F832463B46CDE90601C4E904019E
:1018A000DDE90801EFF75AF882468B4632463B469F
:1018B000C4E906ABDDE90A01EFF750F832463B46D2
:1018C000CDE90801C4E90801DDE90C01EFF746F8AC
:1018D00006460F46C4E90A670022002340464946EF
:1018E000EFF784F9F8B109F1004363600E9BA36040
:1018F0000F9BC4F8008003F10043E360069B236163
:10190000079BC4F818A003F1004363610BF1004387
:10191000E361089B2362099BA66203F100436362B3
:1019200007F10043E36220201AF028FDB14EB24FC8
:101930003060012301933B68B04C00932168DFF8CD
:10194000D082AF4D04220623F0F722FC2068AD4C74
:101950001FF0DBFF18201AF011FDC8F80000482026
:101960001AF00CFD206050201AF008FD0346286094
:101970003868D0E900ABC3E900ABD0E902ABC3E9FA
:1019800002ABD0E904ABC3E904ABD0E906ABC3E9D1
:1019900006ABD0E908ABC3E908ABD0E90AABC3E9B1
:1019A0000AAB1FF0B2FF30682B68D0E9006202F189
:1019B0000047C3E90C67D0E9026202F10047C3E9BE
:1019C0000E67D0E9046202F10047C3E91067D0E96D
:1019D000066202F10047C3E912671FF096FF28680C
:1019E0002368894DD0E90067C3E90067D0E90A6739
:1019F000C3E90267D0E90867C3E90467D0E90A6769
:101A0000C3E90667D0E90267C3E90867D0E906675A
:101A1000C3E90A67D0E90867C3E90C67D0E906673C
:101A2000C3E90E67D0E90467C3E91067D0E90C6722
:101A3000D8F80030C3E90067D0E90E67C3E9026750
:101A4000D0E91067C3E9046790ED127B8DED0A7B46
:101A50001FF05BFF18201AF091FC286048201AF054
:101A60008DFC6A4F23683860024603F14801F3E8B1
:101A700002898B42E2E80289F9D1032100F01CFAC5
:101A80000126634C3868DFF89881DFF898910321CC
:101A9000F1F72AFD0196236800930323396828682B
:101AA0001A46F0F775FB2068564C1FF02EFF386879
:101AB000584F1FF02AFF2B68D3E9000202F10041C2
:101AC000C3E90001D3E9020202F10041C3E90201C6
:101AD000D3E9040202F10041C3E9040118201AF01D
:101AE0004DFC386001962B680093032321681A4649
:101AF000F0F74EFB01963B6800932968464D03239F
:101B0000324612A8F0F744FB3868444F1FF0FDFE40
:101B100048201AF033FC0322014628602068F1F7C0
:101B200033FD48201AF02AFC4822002138601FF0BB
:101B300036FF18201AF022FCC8F8000018201AF00E
:101B40001DFC03266422C9F80000CDE900620346AB
:101B5000D8F800202968206800F06CFC20681FF08D
:101B6000D4FED8F80040D7F8008094ED000B1BF0AD
:101B7000FFF888ED000B94ED020B1BF0F9F888EDEF
:101B8000080B94ED040B1BF0F3F8204688ED100BC6
:101B90001FF0BBFED9F800001FF0B7FE2C6894EDD3
:101BA000067BD4E900AB8DED067B94ED0C7B5246B1
:101BB0005B46504659468DED087BEEF7A5FDDDE905
:101BC00006238046894610461946EEF79DFD0246DB
:101BD0000B4640464946EEF7E1FBDDE90823804627
:101BE000894610461946EEF78FFD02460B464046E1
:101BF000494619E06C3700207037002090370020EC
:101C000068370020643700205C37002060370020F0
:101C100080370020583700205437002048370020F4
:101C2000503700204C370020EEF7B8FB41EC100B8A
:101C30001BF09EF859EC108B504642464B465946D5
:101C4000EEF78CFE4246C4E900014B46DDE9060191
:101C5000EEF784FE4246C4E906014B46DDE9080181
:101C6000EEF77CFE94ED087BD4E902AB8DED067BAC
:101C700094ED0E7BC4E90C0152465B465046594632
:101C80008DED087BEEF740FDDDE9062380468946B1
:101C900010461946EEF738FD02460B4640464946C7
:101CA000EEF77CFBDDE9082380468946104619469D
:101CB000EEF72AFD02460B4640464946EEF76EFB1C
:101CC00041EC100B1BF054F859EC108B5046424677
:101CD0004B465946EEF742FE4246C4E902014B46E6
:101CE000DDE90601EEF73AFE4246C4E908014B463B
:101CF000DDE90801EEF732FE94ED0A7BD4E904AB8E
:101D00008DED067B94ED107BC4E90E0152465B46D7
:101D1000504659468DED087BEEF7F6FCDDE90623CB
:101D20008046894610461946EEF7EEFC02460B4601
:101D300040464946EEF732FBDDE9082380468946F6
:101D400010461946EEF7E0FC02460B46404649466F
:101D5000EEF724FB41EC100B1BF00AF859EC108B4A
:101D6000504642464B465946EEF7F8FD4246C4E916
:101D700004014B46DDE90601EEF7F0FD42464B4615
:101D8000C4E90A01DDE90801EEF7E8FDC4E9100144
:101D900048201AF0F3FADFF81C81434CC8F8000021
:101DA00048201AF0EBFA206001963B680093324617
:101DB00033462968F0F7ECF938681FF0A6FD28686B
:101DC00031461CF052FC01962B6800932168D8F82C
:101DD000000033463246F0F7DBF92868334D1FF038
:101DE00094FD20681FF091FD48201AF0C7FADDE944
:101DF0000A2328600446DDE91201EEF7CDFA41EC32
:101E0000100B1AF0B5FFD8F8008057EC106BC146E4
:101E100008F1480ADDE91023F9E80201EEF774FC45
:101E200032463B46EEF79AFDCA45E4E80201F1D19D
:101E30001F4C40461FF069FD2368D3E90001EEF70F
:101E40003BFF059B18602468D4E90201EEF734FFDC
:101E5000059B5860D4E90401EEF72EFF059B9860BE
:101E600020461FF052FD059C08262B68334453E999
:101E70000201EEF721FFE0602F6807EB0608D8E9C2
:101E80000001EEF719FF2061D8E90201EEF714FF17
:101E90001836502E606104F10C04E6D138461FF06C
:101EA00034FD15B0BDE8F08F443700203C370020EA
:101EB0005C370020403700202DE9F04F8BB0CB007D
:101EC0000193083305910446089305460027059BB6
:101ED0009F42A04603DB00200BB0BDE8F08FFB0063
:101EE00009930026B742D5E900AB24D10022002394
:101EF00050465946EEF784FE002851D14BEC10AB0A
:101F00001AF036FF2E4653EC102BA6EC020B264996
:101F10000020EEF723FD019BCDE906012344049345
:101F200098460137049B9E4236D0099BA246C34681
:101F300008EB03091DE0F8E8022310461946EEF706
:101F4000E3FB02460B4650465946EEF725FA0136AA
:101F5000C5E90001C6E7FAE80223FBE80201EEF753
:101F6000D3FB02460B46DDE90201EEF715FAC9E99B
:101F7000000199ED007BAA458DED027BEBD153EC7E
:101F8000172BDDE90601EEF7BFFB019BC9E9000154
:101F90009844E6E80201C5E7089B34461D4496E7ED
:101FA0004FF0FF3098E700BF0000F03F2DE9F84FF9
:101FB0004D1CED00DFF844B004460E4600F1080366
:101FC000A5F108094FF000084F1E4FF0000A4745E1
:101FD00008DC002ED8BF002705FB0744C4E900AB8E
:101FE000BDE8F88F43E902AB18464A4600211FF0CE
:101FF000D6FC034608F101082B44E8E70000F03F57
:102000002DE9F04F85B01546109F02930A2301FB7E
:1020100002F497FBF3F203FB12776B1E0393DB00D2
:1020200000EBC40403F1080B04EB0B0AE2180646AC
:1020300088464FEAC1090192DAE90001002F43D135
:102040000B4602990246D1E90001EEF7A7F9029B7F
:10205000C3E9000109F10809AF422ADDA5EB080533
:1020600005F10055023D04EBC50354F83500039D0E
:102070005B6854F83520019C646823F0004124F02B
:102080000043EEF78BF90E9C02460B46C4E9002391
:10209000EEF73AFB0F9BC3E9000100221C4BD4E989
:1020A0000001EEF731FB2346C3E9000105B0BDE8AE
:1020B000F08FD6E90001DAE90023EEF76DF9013778
:1020C000C6E900014E44C7E7A4EB0904E51802463F
:1020D0000B46D5E90001EEF761F90E9BC3E900015B
:1020E000DAE90023D5E90001EEF70EFB019B5C4421
:1020F000D3E9002306460F46D4E90001EEF704FBBE
:102100000B46024639463046EEF746F90F9BCBE7C1
:102110000000F83F2DE9F04F1D46A9B09346941EEC
:10212000EA0025926FF00702A2EBC5026343039217
:10213000ABF1030200EBC303521B03EBC2060BEB34
:10214000050203EBC2070BEB4502013A8DED0E0BC6
:102150008DED261B03EBCB0A03EBC2030990249100
:102160000893249B9C4221DAA11C01FB05F22598CF
:10217000099FD30003EBC4030830E6003B444FF053
:1021800000084FF00009594540F3DA802A4406EB75
:10219000C203099A1A44E11C134600260027594538
:1021A00040F3D380204629B0BDE8F08F1AED047BC0
:1021B000DDE90E2351EC170B8DED007BEEF7ECF80B
:1021C000DDE90023EEF7A0FADDE92623EEF7E6F8D5
:1021D00057E90423EEF7C2FB5AE90223EEF7DEF8D3
:1021E00017ED027BCDE90A0153EC172BDDE9000165
:1021F0008DED047BEEF7D2F8DDE90E23EEF7CCF897
:10220000089B93ED007B0A9B10930B9B23F00043EC
:10221000CDE9113021F000431393DDE9122380460C
:102220008946DDE910018DED067BEEF7B7F8069BD8
:102230001493079B23F000431593DDE91423EEF775
:10224000ADF802460B46CDE90C01DDE90A01EEF7D7
:1022500085FBDDE90C23CDE90A0140464946EEF74E
:102260007DFBDDE90C2380468946DDE90601EEF7BA
:1022700075FB249B9C423FF477AF5AF8183C1693A9
:102280005AF8143C23F00043CDE9173829F00043F5
:10229000CDE9193021F000431B93DDE91A23DDE974
:1022A0001801EEF77BF802460B46DDE91601EEF762
:1022B0002BFA33681C93736823F000431D93009B33
:1022C0001E93019B23F000431F93DDE91E23CDE9FC
:1022D0000601DDE91C01EEF761F8049B2093059BE4
:1022E00023F000432193DDE92023EEF757F80A9B02
:1022F00022930B9B23F000432393CDE90001154B60
:102300000022DDE92201EEF7FFF902460B46DDE986
:102310000001EEF7F9F90B46039902468A44039847
:102320000E440F44089901440891DDE9060104F1C7
:10233000FF38EEF765FC00287FF416AF444610E73F
:10234000C3E90089013103441DE7C3E90067013196
:10235000034424E70000B03C2DE9F04F2DED028B43
:102360001C468246D0E9000389B0E50006910AEBDD
:10237000C40623F0004105F1080303920793B04619
:102380000127A74213DB2A4B0022EEF7BDF9039B7E
:1023900041EC180B04F1FF3B1D4400260027BBF164
:1023A000000F19DA09B0BDEC028BBDE8F08F06EB27
:1023B000050BC146D94504D1079B2E4401379844EB
:1023C000DFE7F9E8022323F0004304920593DDE9F7
:1023D0000423EDF7E3FFEDE775E9028932463B465A
:1023E00040464946EEF7F8FB68B1B0EE480AF0EE19
:1023F000680A039A069900945B465046F0F738FB4A
:102400000BF1FF3BCBE732463B4640464946EEF7F1
:10241000EDFB0028F4D0B0EE480AF0EE680A039A0B
:10242000069900945B465046F0F70AFDE8E700BFC6
:102430000000B03C2DE9F04F93B09346984600223F
:102440000023CDE910231C9B05914FEAC3095C1EB4
:10245000C9F1000305460D93002C70DB04FB095302
:102460000C930C9A04F10053013B02EBC3030E934F
:102470006FF00703A3EB09034FF0010A0F933FE04E
:102480003B6806937B6823F000430793A7EB09039F
:102490001A685B68089223F000430993BB680A93AB
:1024A000FB6823F000430B93DDE90A23DDE9080113
:1024B000EDF774FF2C4B0022EEF726F90B460F992F
:1024C00002460F44DDE90601EEF79AFB30B9049BA2
:1024D0000D9A1344013E0493002ED1D1A31B17D0B3
:1024E000012B1FD010AB01931C9BCDF808A00093CB
:1024F00005992346324628461CF020F80AF1010AC5
:102500001D9B9A452DDC0C9B0E9F04932646E3E70A
:102510009DED100B04983346424659461BF016FFBA
:10252000013C99E71C9B0093013C9DED100B059924
:10253000019443465A462846EFF7DEFEF0E71C9B1F
:10254000424659462846FFF707FF1C9B0093284642
:10255000059943465A46F0F7CFFB002013B0BDE87B
:10256000F08F4FF0FF30F9E70000B03C2DE9F04F5D
:1025700095B081460D46059210932B887E2B00F274
:102580005B810026B2463346B0460396109AB242AB
:1025900022DC2C88A4F108036F2B04D9059B1B783F
:1025A000FF2B00F04881082007F036FA40B1A44B19
:1025B000C0E9053403230374002343748374C37494
:1025C00000234FF4C4529F491DF03FFC0023059A9D
:1025D0002B80FF231370D0E703991E9A525C0B9255
:1025E0001F9A42440D921F9A12F808200692209AD0
:1025F000D25C099201330C931E9B0B9A0B440493FB
:1026000013440F932A880F990498A2F1080381427A
:102610009BB213D1039B0B9A01331A44069B03927E
:1026200008F10108099A98440C9B92441344012232
:1026300006998A42C0F2F8800136A7E704996F2B09
:1026400011F8014F049101D89442DBD1082007F022
:10265000E3F950B17C4B43617C4BC0E90634042361
:102660000374002343748374C37400234FF404522F
:1026700074491DF0EAFB0D9B0A931F9B069ADDF837
:1026800024B0CDF820A0434413440E930C9B079331
:102690000A9B0E9A9342B5D00A9B13F8017F0A93C6
:1026A000059B8DF84A701B78FF2B02D09F4240F0AB
:1026B0008680082007F0B0F950B1654B4361634B49
:1026C000C0E9063704230374002343748374C3747E
:1026D00000235C494FF404521DF0B7FB9DF84A30CB
:1026E000402B34D1A4F11003032B24D840F24B1219
:1026F000ADF84C20D9F80030022213A920469847A3
:10270000074600287FF47EAF082007F085F940B126
:10271000504B43614D4B83610323037447748774AB
:10272000C774484900234FF4C8521DF08EFB422065
:10273000002118F007FF01220092D9F804700DF172
:102740004B030DF14A012046B847074614E0D9F87B
:102750000470002BEFD1A4F11403032BEBD8032357
:102760000093012213AB0DF14A012046B8479DF8B2
:102770004E308DF84B3007469DF84B3011930820B2
:1027800007F04AF958B1344B4361304B8361119BD8
:10279000C36104230374002343748374C3742949FD
:1027A00000234FF404521DF050FB002F7FF42AAF9A
:1027B000209B07999DF84B200B445F450AD1089A4E
:1027C000079B5A445B440892209A12F803B00133E5
:1027D00007935DE713F8011B914223D1059B2C80E1
:1027E0009DF84A501D700A20039207F015F958B160
:1027F0001A4B039AC561C0E905340523037400230D
:10280000026243748374C37400230E494FF423524D
:102810001DF01BFB089B1F44219B53F8270015B09C
:10282000BDE8F08F0137C8E72099C95C01330B443C
:102830008A440132FCE62B804FF0FF30EFE700BF07
:10284000118403000C250300638303003484030018
:10285000808303009E830300B2830300C9830300C7
:102860002DE9F04F99B000240693894B09921B88FB
:10287000ADF83C3010AA0123CDE912230FAA14921F
:102880000322159214AACDE91623119308900E463F
:102890008DF83E401094A04623462746099AA2424E
:1028A00023DC3478FF2C00F0F080082007F0B4F827
:1028B00040B1784BC0E9053403230374002343740B
:1028C0008374C374744900234FF4C4521DF0BDFADD
:1028D000FF233370239B0193229B0093099A069B4D
:1028E00008983146FFF7BCFFC3E0069ACDF8108088
:1028F00012F807B0229AD25C059201330793069B27
:1029000003EB070909EB0B030A93079B039392461A
:102910000A9B4B450BD1059A079B01371344904402
:102920005F4401225A45C0F2A9800134B6E73278EB
:1029300019F8013F8DF83B30FF2A0CD093420AD0A2
:10294000049A039B524453440492229A12F803A01F
:1029500001330393DCE70DF13B0243F080050820CF
:1029600010928DF83B5007F057F850B14B4B436134
:102970004B4BC0E90635042303740023437483746E
:10298000C374454900234FF404521DF05EFA0899C0
:1029900051F8040B836812AA1D6816ABA8470546B8
:1029A000082007F039F850B13E4B43613C4BC0E979
:1029B000063504230374002343748374C3743649B7
:1029C00000234FF404521DF040FA9DF83D309DF86D
:1029D0003E20002B14BF1946114602910C209DF891
:1029E0003C100B91CDE90C2307F016F888B12E4B63
:1029F00043612B4B83610D9B0362029B8362072320
:102A00000B990C9A03740023C1614262437483746E
:102A1000C374214900234FF464521DF016FA002DAF
:102A20007FF476AF229B039A1344554588D013F860
:102A3000012B02998A421FD19DF83B403470082037
:102A400006F0EAFF50B1194BC0E90534029BC3619F
:102A500004230374002343748374C37400230E4956
:102A60004FF403521DF0F1F9049B1D44239B53F8CE
:102A7000250019B0BDE8F08F0135D6E72299C95C71
:102A800001330B44884401324CE74FF0FF30F0E74C
:102A9000D0260300CA8403001425030080830300AA
:102AA000F1840300548403006084030090840300D5
:102AB00007EE900AB8EEE77ADFED0C7A0C4B0D4A80
:102AC000C7EE276A10B5044693ED007AC6EE877A02
:102AD000FDEEE77A17EE903A18B21080064A1268B7
:102AE00080B2526A9047054B1C6010BD00007A44CA
:102AF000C8370020B45900207C070020740700204C
:102B000070B5114C2378C3B9104D2C78C4B9104856
:102B100018F02CF8062006F07FFF30B10D4B436112
:102B20000223037444748474C474BDE870400A4979
:102B300000234FF486521DF088B91BF0E2FDE1E757
:102B40001BF0DFFDE1E700BFBB5B0020B65B0020B0
:102B5000181E002011850300EC24030010B5094C59
:102B600023785BB11EF0A7FE074BC3E900010023E9
:102B700023700648BDE8104018F03EBD01232370C5
:102B800010BD00BFB55B0020F81E0020181E0020FD
:102B900007B5054B0193054B00930222044BFFF749
:102BA0005FFE03B05DF804FB902B0300B38C0300C1
:102BB000CA8C03001FB5074B0393074B0293074BC7
:102BC0000193074B00930B23FFF7D0FC05B05DF892
:102BD00004FB00BF202B0300478C0300778C03000D
:102BE000968C0300044B1B68002BA6BF034A52F8C7
:102BF00023000348704700BF84070020BC08002062
:102C000029850300044B1B68002BA6BF034A52F81A
:102C100023000348704700BF8007002024080020DD
:102C20003F850300044B1B68032B9ABF034A52F8ED
:102C300023000348704700BFC43700201409002058
:102C40003F85030010B5124B1A68124B9A42044696
:102C50000BD1114B2360012002F098FC00280CBF1F
:102C60004FF0FF306FF0010010BD1BF04DFD0B4A1F
:102C7000D2E90032C01A40F2E93361EB0201984216
:102C800071F10001E5DA064B1B6823600020EBE7D9
:102C90007C070020002C03000000C84150050020E4
:102CA000D83700202DE9F041204B21491B68214AEB
:102CB000B3F8760318B1888093F87A031070B3F8EC
:102CC00078031D4D1D4C18B193F87B33A8802370F9
:102CD00008208F88167806F09FFE48B1184BC66111
:102CE000C0E9053704230374002343748374C37459
:102CF000144900234FF403521DF0A7F80820AD88B3
:102D0000247806F089FE48B10F4BC461C0E905354F
:102D100004230374002343748374C374BDE8F04137
:102D2000084900234FF403521DF08FB838070020E4
:102D3000FC370020D80C0020F4370020D70C0020EE
:102D400044850300EC2403006A850300094B0A4A0A
:102D50001B689288A3F87623084A9288A3F8782300
:102D6000074A127883F87A23064A127883F87B237D
:102D7000F5F7ECBE38070020FC370020F4370020C0
:102D8000D80C0020D70C0020054B1B680022A3F8AC
:102D90007623A2F58032C3F87823F5F7D7BE00BFBB
:102DA000380700202DE9F84FB44E00AF3378002BE0
:102DB00059D1B34B1C78002C40F05E810123337055
:102DC000FFF770FFAF4BB04A5A60062006F024FEB2
:102DD00030B1AE4B43610223037444748474C474F1
:102DE000DFF8F892AA49AB4CDFF8F48200234FF4E5
:102DF00086521DF02AF8A3484946FFF7C9FE051E72
:102E0000C0F2D7809F48FBF7CDFE112D2EDD0620A6
:102E100006F002FE38B1A04B436102230374002385
:102E200043748374C3749A4900234FF484521DF091
:102E30000CF8FFF7A9FFC4F80080082000243470C4
:102E400006F0EAFD40B1954B4361954B8361032346
:102E5000037444748474C4748D4900234FF4C252C3
:102E60001CF0F3FFBFE01BF04CFC9FE78D4BEA46E4
:102E700088B053F825306A468B49C2E905134FF4F0
:102E800000739383894B42F8103F002380484FF42E
:102E9000E65106F0A1FF864B53F82530D546002BAE
:102EA000C7D04345C5D099F90020DFF83882DFF854
:102EB00038A2DFF838922360002A60DA0022DB6A49
:102EC0001146022098470446002858D1062006F0F3
:102ED000A3FD30B1774B43610223037444748474BF
:102EE000C474DFF80CB26A4900234FF486521CF018
:102EF000ACFFBBF80420802A9DBF0022ABF8042061
:102F00006D4A02F07F029ABFFF211170ABF80420D6
:102F1000FBF7EEFE684A6949FFF74CFE13280446AA
:102F20006AD8674B53F82010002900F0E380414530
:102F300000F0E08091F821209BF8040091F8201027
:102F4000FBF73AFEBBF8042042F08002ABF8042005
:102F5000002800F0CF80082006F05EFD48B1594BF4
:102F600043614F4B836103230374002343748374D1
:102F7000C374474900234FF4C2521CF066FF4FF060
:102F8000FF34062006F048FD38B14F4B4361022361
:102F90000374002343748374C37400233C494FF4C7
:102FA00084521CF052FFCAF80080002389F80030D8
:102FB00051E0082006F030FD48B1444B4361384BE6
:102FC000836103230374002343748374C374002355
:102FD0002F494FF4C2521CF038FFFFF7D5FE0023F3
:102FE000C4F8008033700121084602F00FFA4FF058
:102FF000FF30BD46BDE8F88FC3DD062006F00CFDAE
:1030000038B1254B43610223037400234374837456
:10301000C3741F4900234FF484521CF016FFCAF8F2
:10302000008008204FF0000889F8008006F0F4FCCA
:1030300058B1274B43611A4B83610323037480F813
:10304000118080F8128080F81380114900234FF41A
:10305000C2521CF0FAFEFFF779FE21462846F3F72C
:1030600069FA1C4B1D601C4B1C60054B01200021A4
:103070001870317002F0CAF90020BAE7BB5B00207B
:10308000BC5B0020BC070020809698009985030057
:10309000EC2403007C070020B2850300E4850300D4
:1030A000C18A0300BC080020C7850300030000019B
:1030B00074080020FA850300D70C0020F8370020A0
:1030C000D40700202986030060860300D085030012
:1030D000798603008407002080070020D80C002098
:1030E000002C0300DC2B030078070020B95B0020D4
:1030F000F4370020114BEB4688B053F824306A4671
:103100000F49C2E905134FF4007393830D4B42F846
:10311000103F00230C484FF4E65106F05DFE0B4BC8
:1031200053F82430DD46002B3FF479AF43453FF49C
:1031300076AFCAF80030012338E700BF240800202A
:10314000C785030003000001EC240300D40700201E
:1031500008B502F0F9F8FFF725FED0B1A420002150
:1031600018F0F0F9062006F057FC38B10B4B43611C
:1031700002230374002343748374C37400234FF445
:10318000865207491CF061FE064B00229A80FFF729
:1031900009FEBDE8084002F0C3B800BF98860300EE
:1031A000EC240300FC3700202DE9F14F894B8A4DB8
:1031B0001B68DE8816F0200600F0DE80062006F090
:1031C0002BFC38B1854B4361022303740023437405
:1031D0008374C374824900234FF486521CF035FE79
:1031E000002637462B6803EB86030E20D3F844B144
:1031F000D3F850A1D3F85C91D3F8688106F00CFCA9
:103200000446D0B1774B43615846EDF725FAC4E93F
:1032100006015046EDF720FAC4E908014846EDF7EB
:103220001BFAC4E90A014046EDF716FAC4E90C019D
:103230000A2323746774A774E7746949002345F26D
:10324000C002204601361CF000FE032ECAD12B68B6
:103250000C20D3F8FC80D3F80071D3F8046106F099
:10326000DBFB0446B0B1604B43614046EDF7F4F937
:10327000C4E906013846EDF7EFF9C4E90801304624
:10328000EDF7EAF90823C4E90A0123740023637403
:10329000A374E3740023524944F2C00220461CF098
:1032A000D4FD524B1B78002B4CD0514B1B78002B7C
:1032B00048D0062006F0B0FB38B14E4B43610223E4
:1032C0000374002343748374C374454900234FF48B
:1032D00086521CF0BAFD002637462B6803EB8603A6
:1032E0000E20D3F814B1D3F820A1D3F82C91D3F841
:1032F000388106F091FB0446D0B13A4B4361584601
:10330000EDF7AAF9C4E906015046EDF7A5F9C4E9BD
:1033100008014846EDF7A0F9C4E90A014046EDF777
:103320009BF9C4E90C010A2323746774A774E7743A
:103330002B49002345F2C002204601361CF085FDD2
:10334000032ECAD12B6893F87431002B3ED006208F
:1033500006F062FB38B1284B43610223037400235B
:1033600043748374C3741E4900234FF4865201B022
:10337000BDE8F04F1CF069BD2B680C20D3F8F0902D
:10338000D3F8F480D3F8F87006F046FB0446A8B1F1
:103390001A4B43614846EDF75FF9C4E90601404620
:1033A000EDF75AF9C4E908013846EDF755F9C4E9D3
:1033B0000A01082323746674A674E674084900237E
:1033C00044F2C00220461CF040FD40E701B0BDE8D9
:1033D000F08F00BF34070020380700201956030083
:1033E000EC2403002F5603008C540300B95B00202B
:1033F000B85B0020E6560300B28603006954030060
:1034000010B50A4B1B7883B1094C0A4B20681B6826
:1034100000F275109B689847074A2368126883F882
:103420007421BDE81040F5F791BB10BDBD5B0020D5
:103430003807002088070020C437002008B5034B58
:103440001B780BB1F0F7A8F908BD00BFBC5B0020EA
:1034500010B5034C237803B910BD1BF052F9F9E7FE
:10346000B65B0020044B01221A70044B1B780BB191
:10347000FFF746BB704700BFBA5B0020B65B002079
:103480002DE9F0433F4E337889B004460BB1002854
:1034900075D0FFF7E7FF3C4809F076FB062006F001
:1034A000BBFA38B1394B43610223037400234374E0
:1034B0008374C374002336494FF486521CF0C5FC54
:1034C000344B00251D703570CCB1334B334A9D8091
:1034D000334B9D80FF231370324A0620137006F091
:1034E0009BFA30B1304B43610223037445748574F9
:1034F000C574274900234FF486521CF0A6FC4FF0F8
:1035000000084FF0000900250727CDE90689CDE91D
:103510000375CDE90155254B254900954FF480628F
:10352000194817F059F94FF0FF3317484FF0FF32A1
:1035300018F0AAF93378FBB1F4B10224CDE9068979
:10354000CDE90374CDE901551A4B19490E48009590
:103550004FF4806217F040F9062006F05DFA28B1BA
:10356000154B4361047445748574C5740849002380
:103570004FF486521CF069FC307880F0010009B0ED
:10358000BDE8F083BC5B0020181E0020FB8903000F
:10359000EC240300BA5B0020FC370020D80C00208C
:1035A000F4370020D70C0020118A030051310100AC
:1035B000007400203D340100278A030070B500200C
:1035C0001B4EFFF75DFF347805468CB9D8B901F082
:1035D000BBFE33783BB9174B1B685B689847BDE867
:1035E000704001F09DBE144B1B685B689847F2E782
:1035F00001F0AAFE33781BB10F4B1B685B6898473C
:10360000002DECD1E7E7082006F006FA40B10B4B9D
:1036100043610B4B83610323037444748474C47447
:10362000BDE87040074900234FF4C2521CF00DBCA6
:10363000B95B00207C070020780700203B8A03004C
:10364000A58A0300EC24030010B50020FFF718FF43
:1036500050B901F079FE0F4B1B689B6A98470446EE
:1036600001F05EFE204610BD082006F0D5F948B1F5
:10367000094B4361094B83610323037400234374A3
:103680008374C374064900234FF4C2521CF0DDFB5F
:103690000024E7E77C0700205A8A0300948A03008D
:1036A000EC24030010B50D4B1B78B3B10C4817F098
:1036B00049FD062006F0B0F938B10A4B43610223F8
:1036C0000374002343748374C374BDE81040064937
:1036D00000234FF486521CF0B8BB10BDBA5B00202B
:1036E000181E00207E8A0300EC240300084B1B7880
:1036F00063B1084A084B92ED001A084A1B68D2EDE4
:10370000000A074A1B6892ED000A1847704700BF7D
:10371000B15B0020CC37002088070020D437002080
:10372000D03700201FB5FFF7E1FF0D4B1B786BB1C1
:103730000023CDE9013303930A4B1B6801A81B6AE0
:103740009847FFF75DFE05B05DF804FB064A126876
:1037500082F8743105B05DF804EBF5F7F7B900BFF6
:10376000BD5B002088070020380700209FED010A7C
:10377000704700BF000000009FED010A704700BFC6
:103780000000000038B5264C20681DF07CFF38B9D9
:103790006FF00100234AB0FA80F35B09137038BD63
:1037A000214D28461DF06FFF0028F1D06B68A968F5
:1037B0001B682A6998040AD41C491D484FF47F727B
:1037C0001BF095FE19484FF47F711BF087FE1368BC
:1037D00023F4005313600B684FF4C0220D212846D8
:1037E00098470028D6D10146142204F10C001EF09F
:1037F000D6F804F1200262610222A26140F20E7248
:103800000123A28321460B4A2361A3774FF400735F
:10381000C4E9012351F8040B83681B689847B9E792
:1038200024090020BE5B0020B81B0300E3870300CF
:10383000148803000404034010B5144B1B780BB329
:10384000134B59681A69096889040AD41149124846
:1038500040F28D621BF04BFE0E4840F28D611BF072
:103860003DFE1268920448BF80F0010038B19B68A9
:10387000DB680748BDE810404FF4005118479B68CB
:103880001B69F6E76FF0010010BD00BFBE5B0020B2
:10389000B81B0300E38703001488030073B5144BBF
:1038A0001B7813B3134D294651F80C0B83685B68E2
:1038B00098470023AB77B0B92B68B5F920409B68D7
:1038C00028791B892E7F634301A901930CF0B2F87C
:1038D00008B9019C344108484CF23872002384FB3B
:1038E0000001EDF789FA02B070BD6FF00100FAE750
:1038F000BE5B002024090020D84D020070B50646AA
:103900000120FFF799FF044670B9FFF7C7FF05468E
:103910002046FFF791FF002D08DB3560284604495B
:10392000BDE870401AF020BF4FF0FF34204670BD54
:10393000083F030070B51DF0BEFF084B1B68D3E9BC
:103940000A24D3E90856521B64EB0604121844EB10
:103950000104C3E90A24C3E9080170BD3807002047
:1039600010B50446FFF7E6FF0B4B1B680020002153
:103970004FF4FA721C835C8304F2F31494FBF2F4A8
:10398000C4EB441204EB8204C3E90A01C3E90E014B
:10399000A4001C8610BD00BF380700201FB50D4BCA
:1039A0001B68B3F91810B3F91A20881AB0F57A7F9A
:1039B0000DDBADF80220D3E90A23ADF80010CDE904
:1039C0000223002110236A46082001F087FF05B07A
:1039D0005DF804FB380700202DE9F04F98208FB0E8
:1039E00018F0CCFC00254FF0FF3A8146A0F1080604
:1039F0002F46AB46A846544605F10900202206A9E9
:103A000080B201F0A7FFBDF81820B2B30023DDE9B2
:103A10000801EDF7F1F94FFA85FAC71908F1010825
:103A20004BEB010B02460B46B4F1FF3F08BF544677
:103A30005FFA88F846F8082F0135132D7360DBD143
:103A4000B8F1010F01D9631C19D1062005F0E4FF7C
:103A500038B1414B436102230374002343748374E0
:103A6000C3743E4900234FF484521CF0EEF94846DB
:103A70000FB0BDE8F04F1DF048BF1346DAE7242031
:103A800018F07CFC2422002100901DF088FFC4EB7C
:103A9000441304EB83039B009BB2424602933846D7
:103AA000002359460AF10105EDF7A6F92D1BC5EBD8
:103AB000451605EB8606A5EB0805EA1705FB01F39D
:103AC00002FB0033B600A5FB0052134436B2EA19DC
:103AD0004FF0000543EB0B030190039109EBC40782
:103AE000A8464FEAE67B544515DB48461DF00DFF1E
:103AF0001B4B009A19681D202423403101F0EEFE73
:103B000000981DF002FF174A137823F00803137082
:103B10000FB0BDE8F08FD7E9001051EA000C04BFE8
:103B200001990398491940EB08080D4606FB08F176
:103B3000A6FB050C05FB0B116144CDE90432EDF742
:103B40005BF9029B1844009B083723F81400DDE959
:103B500004320134C7E700BFDC8C0300F423030008
:103B600038070020C15B002008B5054B186031B94B
:103B7000044B18601DF09FFE034BC3E9000108BD14
:103B80004C09002048090020481F002070B5474B11
:103B9000474CB3F900208242054603D1B4F90050E6
:103BA000284670BD18804FF4FA7390FBF3F3D9B236
:103BB0004A1E112A36D83F4A10685A1E12B22032C5
:103BC00030F912204AB1122935D191B242F2107364
:103BD00099423BD842F21C5314E0C3EB431203EB6F
:103BE00082029200122912B2F4D0203330F913303D
:103BF000002B54D14B1CDBB2C3EB431103EB81030D
:103C00009B001BB29A4221DC4FF4FA7095FBF0F155
:103C100000FB115109B29B1A4B4393FBF0F3134481
:103C20001DB227E0C1EB411201EB82029200112983
:103C300090B212B220D81F482033006830F91330F8
:103C400096B242F2107043BB8642D3D9082005F0E9
:103C5000E3FE48B1184B4361184B8361032303749F
:103C6000002343748374C374154900234FF4C25274
:103C70001CF0EBF8258093E70131C1EB411301EB18
:103C8000830189008BB242F210718842DED842F67D
:103C900004118B42DAD81BB2B6E78642D6D898B266
:103CA00042F604118842D1D8ACE700BF3A0C00209C
:103CB000380C0020380700208C8E0300398F030059
:103CC000F4230300014B1868704700BF4C09002023
:103CD000054B1B6841F29312A3F2DD50904294BF52
:103CE00018464FF0FF30704748090020014BB3F9E8
:103CF000000070473E0C0020014BD3E900017047E3
:103D0000481F00202DE9F041244F254D3C7814F048
:103D1000010488B004D0D5E9000108B0BDE8F08105
:103D200000220023C5E900230926202269463046E7
:103D300001F010FEBDF800206AB10023DDE90201A8
:103D4000EDF75AF8D5E90023801843EB0103C5E9E4
:103D500000030134E4B20136B6B21C2EE5D1D4B171
:103D6000D5E90086C4F11400C31700FB06F108FB77
:103D70000311A0FB080C002322466144EDF73CF838
:103D80003B7810EB080046EB010143F00103C5E965
:103D900000013B70C1E720462146BEE7C15B002021
:103DA000301F00202DE9F041234F244D3C7814F0C2
:103DB000020488B004D0D5E9000108B0BDE8F08164
:103DC00000220023C5E90023092620226946304647
:103DD00001F0C0FDBDF8003053B1D5E90021049BCE
:103DE0009B18059A42EB0102C5E900320134E4B2A6
:103DF0000136B6B21C2EE8D1D4B1D5E90086C4F1A3
:103E00001400C31700FB06F108FB0311A0FB080C0C
:103E1000002322466144ECF7EFFF3B7810EB0800EB
:103E200046EB010143F00203C5E900013B70C4E722
:103E300020462146C1E700BFC15B0020281F0020AB
:103E40002DE9F041234F244D3C7814F0040488B050
:103E500004D0D5E9000108B0BDE8F08100220023BC
:103E6000C5E90023092620226946304601F072FD8B
:103E7000BDF8003053B1D5E90021069B9B18079A85
:103E800042EB0102C5E900320134E4B20136B6B2B8
:103E90001C2EE8D1D4B1D5E90086C4F11400C317B3
:103EA00000FB06F108FB0311A0FB080C00232246CF
:103EB0006144ECF7A1FF3B7810EB080046EB0101F1
:103EC00043F00403C5E900013B70C4E720462146E6
:103ED000C1E700BFC15B0020201F002070B51B4E52
:103EE00033781B0703D51A4BD3E9000170BD194B7A
:103EF000194AD3E90013914273F1000302D2002062
:103F00000146F3E7FFF7FEFE50EA010304460D46C3
:103F1000F5D0124BB3F900000028F0DBFFF736FEB6
:103F2000031EECDBDA175D43A3FB040104FB02551F
:103F3000002342F210722944ECF75EFF044BC3E900
:103F40000001337843F008033370CFE7C15B0020F2
:103F5000181F0020401F002001001E003E0C002002
:103F600070B50F4E0F4D337813F0100388B002D0A8
:103F7000286808B070BD2B600924204620226946BD
:103F800001F0E8FC01342B68BDF80000A4B218442D
:103F90001C2C2860F1D1337843F010033370E8E72C
:103FA000C15B00200438002070B5104E104D3378EE
:103FB00013F0200388B002D0287808B070BD2B70B1
:103FC000092420226946204601F0C4FCBDF80030D7
:103FD00013B12B7801332B700134A4B21C2CF0D117
:103FE000337843F020033370E6E700BFC15B002065
:103FF000C05B00200A4B1A6800233E3232F9021FD0
:10400000002907DDDBB2C3EB431203EB8203980008
:1040100000B270470133122BF0D14FF0FF307047E0
:1040200038070020094B1A68112303F1200132F9E7
:104030001110002902DC013BDBB2F6E70233C3EBCF
:10404000431203EB8203980000B270473807002048
:1040500030B52B4D2B788DB033B92A481BF0D4F9ED
:1040600001232B700DB030BD27481BF0CDF94FF068
:10407000FF30FFF775FC1022002168461DF08FFC11
:1040800010236A460021082001F028FC0924202280
:10409000002104A81DF083FC20460134202304AA3B
:1040A0000021A4B201F01AFC1C2CF0D1242018F03D
:1040B00065F92422002104461DF071FC134B196898
:1040C0002246242340311D2001F008FC20461DF02B
:1040D0001CFC0F4B002406201C702C7005F09CFC6F
:1040E00030B10C4B43610223037444748474C47470
:1040F000094900234FF486521BF0A7FEB2E700BF28
:10410000BF5B00209E8E0300088F0300380700204D
:10411000C15B0020238F0300F42303000F4B53F8EF
:10412000203022EAE272002B01FB02F242F210710F
:10413000B2FBF1F20BDA0A4B1B68B3F90A304FF409
:10414000FA60534393FBF1F35843F0F7F5BD4FF496
:10415000FA605A43B2FBF1F25043F6E7302C030009
:104160003407002010B5034600681B79026901215D
:10417000994043681B6819420AD10A490A4840F22B
:104180008D621BF0B4F9074840F28D611BF0A6F96F
:10419000136819428368BDE810400CBF1B69DB68D7
:1041A000184700BFE38703001488030070B5034677
:1041B0000C46DA8800681979224302F03004302C6A
:1041C000D0E9013605690AD11849194840F2E232AE
:1041D0001BF08DF940F2E23114481BF07FF902F038
:1041E0000604042C08D11149114840F2E9321BF0B1
:1041F0007EF940F2E931EFE71B6801248C401C4254
:1042000008D10A490A484FF47F721BF070F94FF445
:104210007F71E1E72B6812F0010F14BF2343A34322
:104220002B603368BDE87040184700BFE387030088
:104230001488030010B5174C4FF400312046FFF7E7
:10424000B5FF2046144CFFF78DFF4FF40031204698
:10425000FFF7ACFF2046114CFFF784FF4FF400310D
:104260002046FFF7A3FF20460D4CFFF77BFF4FF4DE
:1042700000312046FFF79AFF20460A4CFFF772FFF5
:104280004FF400312046FFF791FF2046FFF76AFF09
:10429000002010BD642C03005C2C0300542C030090
:1042A0004C2C0300442C0300012870B5354E044605
:1042B0000D4639D817F0E6F9334B834234D1334BEE
:1042C0001B68F4542F49002211F8013B012B03D144
:1042D0000132082AF8D123462D490878984225D181
:1042E000012B4DD8294B1A602A4B00221A6000215D
:1042F000294806F095F929480021FFF757FF28487B
:104300000021FFF753FF27480021FFF74FFF264802
:104310000021FFF74BFF25480021FFF747FF1A4810
:10432000BDE8704016F022BC7455CBE70B701749FE
:104330000A60184A0021012B1160D8D917F0A2F9A0
:10434000114DA842044610D0284616F00FFC01215A
:10435000114806F065F9FFF76DFF284616F0F2FEEA
:104360002846BDE8704017F047B901210A4806F019
:1043700057F9FFF75FFF204616F0E4FE2046F0E70E
:1043800070BD00BFD90C0020501F00200C38002049
:10439000C25B0020083800208C1D0300642C030041
:1043A0005C2C0300542C03004C2C0300442C030011
:1043B00038B5AD4DAD4C2B78023B122B1AD8DFE847
:1043C00013F013001D003300430052006800780012
:1043D0008C009D00AD00B300C100F1000B011D0178
:1043E000270131013901440142F2107211460020C7
:1043F000FFF794FE9E4816F0B9FBDCE72268013215
:1044000002F0010248BF524242F2107104202260C1
:104410004A43FFF783FE2368012B14BF4FF46170FA
:1044200064201AF0E2F9C6E72268013202F00102C4
:1044300048BF524242F21071226000204A43FFF707
:104440006DFE4FF4FA70ECE72268013202F00102CF
:1044500048BF524242F21071226000204A43FFF7E7
:104460005DFEC820DDE72368013313F0010F42F23F
:1044700010710CBF0A46002201202360FFF74EFE98
:104480002368032B40F0EE8000210120FFF70CFF92
:1044900091E72368013313F0010F42F210710CBF52
:1044A0000A46002201202360FFF738FE2368052B0F
:1044B000E8E72368013313F0010F42F210710CBFDB
:1044C0000A46002203202360FFF728FE2368072BFB
:1044D00040F0C88000210846D8E72368013313F074
:1044E000010F42F210710CBF0A4600220120236026
:1044F000FFF714FE2368052BB3D1C5E7236801330A
:1045000013F0010F42F210710CBF0A460022012085
:104510002360FFF703FE2368092BEDE742F21072D8
:104520004FF4FA61012063E72268013202F00102D0
:1045300048BF524242F2107322604FF4FA615A436C
:1045400003207CE722684FF47A73013292FBF3F187
:1045500003FB1122B2F5FA7F2260C8BF9A1AC72A5C
:1045600008DC1E235A43032042F21071FFF7D6FDE8
:10457000052056E7B2F5967F06DAC83A142141F2D3
:10458000707301FB0232EEE7B2F5C87FABBF02EBFE
:104590008202C2EB021202F5EA5202F6AC52A8BF46
:1045A0000C32E0E72368013303F001031A4642F2BC
:1045B000107148BF5A42002B22604FF000000CBF20
:1045C0000A460022FFF7AAFD2368002B42F2E450BE
:1045D00008BF4FF4967024E722680A23013292FB49
:1045E000F3F103FB11222260032AD4BF02F001027F
:1045F000002242F210714A43022020E722680A2377
:10460000013292FBF3F103FB11222260052AECE751
:1046100022680A23013292FBF3F103FB112222608C
:10462000072AE2E72268013202F0010248BF524243
:104630002260DEE72268013202F0010248BF5242E6
:1046400042F2107122604A437AE72268013202F096
:10465000010248BF524242F21071226002204A43D6
:10466000FFF75CFD6420DCE6C25B00200838002018
:10467000501F002007B5012000F088FF88B10620F8
:1046800005F0CAF938B11B4B4361022303740023C0
:1046900043748374C374184900234FF484521BF08D
:1046A000D4FB042000F072FF88B1062005F0B4F9B5
:1046B00038B1124B436102230374002343748374A3
:1046C000C3740D4900234FF484521BF0BEFBFEF768
:1046D000C9FEFEF773FF00210846FFF7E5FD9FEDD9
:1046E000080A01A900201AF0FAF801F087F803B0CF
:1046F0005DF804FB8E8F0300C4240300C48F030005
:104700000000000008B503685909024613D00129CA
:1047100006D103F01F034FF6FF71D940C80712D42A
:104720000A490B4840F2CA321AF0E1FE074840F24B
:10473000CA311AF0D3FE4FF0FF31D940C907EFD587
:104740004FF0A04000E00348136008BDFA8F03005B
:10475000148803000003005010B5082005F05CF930
:1047600048B1094B4361094B836103230374002360
:1047700043748374C374BDE81040054900234FF4AB
:10478000C2521BF062BB00BF2D90030000930300D8
:10479000C4240300034B1A680AB1FFF7DDBF186099
:1047A000704700BF1038002008B5062005F034F926
:1047B00038B1094B436102230374002343748374AB
:1047C000C374002305494FF486521BF03EFBBDE83D
:1047D0000840C8201AF028B85E900300C4240300E3
:1047E00008B5064805F0BEFA30B143685B791BB1E5
:1047F000BDE80840FFF7D8BF08BD00BF77900300B1
:1048000037B50446062005F007F938B16C4B436113
:1048100002230374002343748374C374002369491F
:104820004FF486521BF011FB674B1B685B88DB065D
:1048300033D594BBF3F75EFD58BB644CD4E900322A
:10484000134308D119F0E2FF47F23053C01841F189
:104850000001C4E9000119F0D9FFD4E90023904216
:1048600099414FF0060080F2988005F0D5F838B1F4
:10487000574B436102230374002343748374C3744E
:10488000504900234FF4865203B0BDE830401BF07E
:10489000DCBA00F081FE0028CFD0FFF7EBFEFEF778
:1048A000AFFDFEF7D1FE0446062005F0B5F838B19D
:1048B000484B436102230374002343748374C3741D
:1048C000404900234FF486521BF0BFFA082005F040
:1048D000A3F850B1404B43612B23C0E906340423B5
:1048E0000374002343748374C374364900234FF464
:1048F00003521BF0AAFA2B2501A80195FFF702FF2E
:10490000019B019500EB8300344BD0F80027134046
:10491000C4F3071243EA8203C0F8003701A8FFF787
:10492000F1FE019B00EB830004F00F04D0F8003788
:1049300023F4403343EA0444C0F80047062005F05E
:104940006BF838B1264B4361022303740023437490
:104950008374C3741B4900234FF486521BF075FA0D
:10496000062005F059F838B11E4B43610223037449
:10497000002343748374C3744FF486521149002397
:104980001BF063FA184B1978184BB3F90000EFF7D6
:1049900053FFFFF725FF1AF0B9FE05F03DF838B1D7
:1049A000134B436102230374002343748374C37461
:1049B000044900234FF486521BF047FA6DE700BF0D
:1049C00088900300C4240300340700203020002016
:1049D0009E900300F090030007910300F0F8FCFFA5
:1049E0002891030044910300C75B00206E0C002057
:1049F000D590030008B5062005F00EF838B1174B26
:104A0000436102230374002343748374C374144901
:104A100000234FF486521BF018FAFFF72BFE0620F6
:104A200004F0FAFF38B10F4B4361022303740023F3
:104A300043748374C3744FF48652094900231BF0F6
:104A400004FA094B1978094BB3F90000EFF7F4FEAB
:104A5000FFF7C6FE012003F00DFD00BF55910300D6
:104A6000C42403006D910300C75B00206E0C00207E
:104A700073B50446062004F0CFFF38B1654B43619F
:104A800002230374002343748374C37462490023B4
:104A90004FF486521BF0D9F9FFF7ECFD19F0B6FE82
:104AA00005460E461CB921460820FFF7FDFBFEF720
:104AB0006BF9062004F0B0FF38B1584B4361022374
:104AC0000374002343748374C374534900234FF465
:104AD00086521BF0BAF9082004F09EFF48B1504BF3
:104AE00043612B2383610323037400234374837482
:104AF000C3744FF4C652484900231BF0A6F92B2378
:104B000001A80193FFF7FEFD019B00EB8300454BDD
:104B1000D0F80027134043F00603C0F80037062002
:104B200004F07AFF38B1404B436102230374002341
:104B300043748374C374384900234FF486521BF0C6
:104B400084F9082004F068FF48B1384B43611F2303
:104B5000836103230374002343748374C3744FF489
:104B6000C6522D4900231BF070F91F2301A80193A1
:104B7000FFF7C8FD019B00EB83002A4BD0F800270C
:104B8000134043F00203C0F80037062004F044FF4E
:104B900038B1274B436102230374002343748374A9
:104BA000C3741D4900234FF486521BF04EF90620B2
:104BB00004F032FF38B11F4B43610223037400231A
:104BC00043748374C374144900234FF486521BF05A
:104BD0003CF9194B1978194BB3F90000EFF72CFE8B
:104BE000A4B940F28A2419F011FE401B61EB0601C2
:104BF000A04271F1000105DB00210846FFF754FBDC
:104C00001AF084FD012019F00FFEECE7FFF7E8FD34
:104C1000F6E700BF7B910300C424030090910300DA
:104C2000B3910300F0F8FCFFC8910300E691030084
:104C3000FA91030044910300C75B00206E0C002032
:104C40002DE9F04F2DED028B082197B00E20FFF7D4
:104C50002BFB8748002105F0E3FC864B1B68013BDA
:104C6000042B09D8DFE813F005004400A00146003A
:104C700048000020FFF7C4FD7E4A7F4C00231360EC
:104C800019F03AFE804619F039FE834619F038FED5
:104C9000029007A800F07EFD054608A8FDF7D2FFA8
:104CA000DDED077A9DED088AF4EEC87AF1EE10FA90
:104CB000F4EE487A54BFF0EE488AF0EE678AF1EEDF
:104CC00010FAC8BFB0EE678A002D00F09180471C33
:104CD00015D0002800F08C8002302AD1674B4FF0AD
:104CE000FF304FF0FF31C3E900010123237020E0C2
:104CF0000120BFE7FFF77EFE0120FFF7B9FE5F4D01
:104D0000D5E90023B3F1FF3F08BFB2F1FF3F03D164
:104D100019F07CFDC5E9000119F078FDD5E90032F4
:104D2000C01A40F2E93361EB0201984271F10001CF
:104D3000DBDA2478524D002C00F08380514B1C7834
:104D4000002C7ED02E7896B9082004F065FE40B184
:104D50004D4B43614D4B836103230374467486744A
:104D6000C6744B4900234FF4C2521BF06EF84FF04B
:104D7000FF3909A82C70FEF7C1FD05B2002D14DA29
:104D8000082004F049FE50B1424B4361424BC0E958
:104D9000063504230374002343748374C3743C49AD
:104DA00000234FF401521BF050F83C4A1378172BA4
:104DB0009CBF01331370099A40F2DC539A42A2F16E
:104DC000640A374B47DD41F20C718A4500F2F980E5
:104DD00034491C780968002935DAADB3002C40F05D
:104DE000E58041F2CC018A42264661DC012761E080
:104DF00019F00CFD214BC3E90001237883B9F1EED2
:104E0000047AF4EEE78AF1EE10FA3FF56EAFDFEDCB
:104E1000267AB4EEE78AF1EE10FA3FF766AF88E73C
:104E2000F2EE047AF4EEE78AF1EE10FA81DDDFEDBE
:104E30001F7AB4EEE78AF1EE10FA7FF57AAF00231D
:104E400054E7A14695E7C9D1002C40F0B88041F263
:104E5000CC010124C7E71C78002C40F0B28041F25D
:104E60000C7292452746264624D900221A7021E06A
:104E7000241C030010380020C55B002060050020C2
:104E8000C35B0020C75B002013920300ED92030078
:104E9000C42403002E92030018930300CB5B002070
:104EA000C95B00205009002000003442000020426D
:104EB00001271F704FF08042D2F8382402F001021F
:104EC0000392524A117800297FD1BBF1000F05D11E
:104ED000029919B91B780BB9039B23B101211170F9
:104EE000102000F093FA4A4B029A1A70494B1B7833
:104EF0000593002B39D1099B04930820002F74D00F
:104F000004F08AFD68B1444A049B4261C361642293
:104F1000059B95FBF2F28261042202744374837450
:104F2000C37400234FF403523C491AF08EFF41F240
:104F30000C739A4516D9082004F06EFD48B1384B21
:104F40004361384B836103230374002343748374E8
:104F5000C37400234FF4C25230491AF076FF324B2B
:104F600001221A702B4B01221A7016B1274B1B78A5
:104F700013B1B8F1000F5DD0B4B1062004F04CFDC0
:104F800038B12A4B436102230374002343748374B2
:104F9000C374224900234FF484521AF056FF1B4B6E
:104FA00000201978EFF748FC0020A6E600263446DA
:104FB00041F29A018A423FF719AF012755E70126CE
:104FC000F6E70026374634464FE7BBF1000F8AD19B
:104FD0000299002987D11B78002B84D1039B002BD9
:104FE00081D182F800B059467AE704F015FD40B14E
:104FF0000F4B4361049B83610323037447748774DD
:10500000C77400234FF4C6528EE700BFC75B002071
:10501000C65B0020C85B002055920300C424030037
:105020008892030018930300C45B0020B092030031
:105030006A920300AA4B1E68002E37DBAB1B002BC5
:10504000B8BF5B42B3F57A7F30DD0A2004F0E4FCA0
:105050000446D8B1A34B43613046EBF7EBFAA24BC1
:105060000022EBF77BFCC4E906012846EBF7E2FAE5
:105070009D4B0022EBF772FCC4E908010623237460
:1050800084F8118084F8128084F8138000239749F3
:105090004FF4435220461AF0D8FE2E2294484FF087
:1050A000FF311CF07CFC934B01221A70904B0AAA32
:1050B00003F1280C1E4618685968144603C40833C7
:1050C00063452246F7D1186820609B888A4AA380EE
:1050D0001368ADF85650172126F81350013393FB8F
:1050E000F1F001FB103313600AA90022B1F90200AC
:1050F00053B20C4634F90269B04204DA013B5BB2A8
:10510000A6805E1CF6D101335BB216AC04EB430300
:105110000132172A23F8300C01F10201E6D1704B5D
:10512000744C00221A602378D908C3EBD3031833D8
:10513000DBB21046C1F118018B426ADB684BB8F153
:10514000000F00D01A6010B11D6895FBF0F51D60CE
:105150006A4B1A6805F1640191426ADA19601B68AA
:10516000674D6422643B5343632293FBF2F32B802D
:10517000FEF7B4FE634BB5F900E01B68D3F844C0FA
:10518000002F67D0DFF88C814FF47A76A0FB0623DE
:1051900098F800A006FB0133D20B42EA43424FEAE3
:1051A000EC76DB0BBAF1000F4ED1014345D06245DE
:1051B00073EB060644D3544E09983178FEF7D4FCBD
:1051C0002378182B01D0337823B13178B5F900005A
:1051D000EFF732FBB5F900004C4CFEF7D7FC099A0B
:1051E00000924B4A3178127803463846F1F74AFA72
:1051F0002378002B36D1B9F1000F33D1042000F011
:10520000C5F918B10021042000F000F900210120A7
:105210003CE016AE06EB4306013336F9306CB6F1CE
:10522000FF3F1FBF01309219C0B24FF00108DBB23F
:1052300082E79542C8BF1D6091E7BEF57A7FBADA72
:10524000012388F80030B6E7014307D0624573EBCD
:105250000606B0D32F4B00221A70ACE7BEF57A7F5A
:10526000A9DBF7E7042000F091F938B90121042007
:1052700000F0CCF8B9F1000F06D1C7E72378002B76
:10528000F8D1B9F1000FB9D000211420FFF70CF8C4
:10529000214B1A78214B4AB11A783AB106211320D2
:1052A000FFF702F8642019F0BFFAD2E4BBF1000F57
:1052B00002D006210D20F3E7029A12B106210B203D
:1052C000EEE71B78002BF4D1039B002BF1D1114B9F
:1052D0001B7806210BB10C20E2E70120E0E700BFBC
:1052E00050090020C392030000005940C424030069
:1052F000400C0020CB5B0020143800205409002013
:105300006E0C002034070020C75B0020C45B002027
:10531000C65B0020CA5B0020C55B0020C95B002083
:1053200010B5074C0748002105F07AF90021204606
:1053300005F076F920460021BDE8104005F070B96F
:10534000681D0300B01D030010B5074C074801217C
:1053500005F066F90121204605F062F92046012199
:10536000BDE8104005F05CB9681D0300B01D0300E6
:1053700010B5054C237813B1044B187810BD0120EB
:1053800016F01CF9F6E700BFC85B0020C95B0020DF
:1053900038B50A4C0A4D23689B074FF0070106D425
:1053A0000120FEF781FF284615F0E0FBF3E710200F
:1053B000FEF77AFF19F06EFAEDE700BF183800200B
:1053C000F8210020F8B50F4E0F4D3468E20704F0C5
:1053D000050705D505210F20FEF766FF19F05AFADB
:1053E000630705D505211120FEF75EFF19F052FA7B
:1053F000002FEAD105210120FEF756FF284615F0BF
:10540000B5FBE2E718380020D822002070B5514DD6
:1054100004462B680E46002900F0888003430828C4
:105420002B6009D870B1441E072C0BD8DFE804F0BC
:1054300023390A4F0A0A0A56202869D040286ED01C
:1054400010285ED02868F1F749F908202C6804F08C
:10545000E3FA40B1404BC0E9053403230374002351
:1054600043748374C374BDE870403C4900234FF417
:10547000C6521AF0EABC082004F0CEFA48B1384B04
:105480004361384B836103230374002343748374A3
:10549000C374324900234FF4C2521AF0D6FC32488A
:1054A00012E0062004F0B8FA38B1304B4361022311
:1054B0000374002343748374C374284900234FF496
:1054C00084521AF0C2FC2A4815F03CFEBAE70820C4
:1054D00004F0A2FA0028DCD0264BD1E7062004F025
:1054E0009BFA38B1244B43610223037400234374B5
:1054F0008374C37400234FF4865218491AF0A5FC34
:10550000A0E7062004F088FA0028F3D01B4BEAE756
:10551000062004F081FA0028ECD0194BE3E70620BE
:1055200004F07AFA0028E5D0164BDCE723EA000302
:1055300008202B6004F070FA38B1134B4674C0E9B0
:105540000534032303748674C67400234FF4C652D3
:10555000D3E700BF18380020E1930300342503008F
:105560004B930300EC930300D82200206A930300BE
:10557000F82100207B9303008D9303009B9303008D
:10558000AB930300BF930300CE930300014B1B6852
:105590001840704718380020034B1B6833F0020393
:1055A0000CBF0120002070471838002008B50368A0
:1055B0005909024613D0012906D103F01F034FF603
:1055C000FF71D940C80712D40A490B4840F2CA32C9
:1055D00019F08DFF074840F2CA3119F07FFF4FF0F4
:1055E000FF31D940C907EFD54FF0A04000E0034894
:1055F000136008BDFA8F03001488030000030050F5
:10560000F0B51F4F3E7885B0EEB91E4D1E48A8621A
:105610004FF47A21296001AA1BF029F80446A0B1B1
:10562000082004F0F9F940B1184B4361184B83612D
:105630000323037446748674C674164900234FF41A
:10564000C2521AF002FC05B0F0BD029BAB812846A5
:105650000423EB8103F040FC70B1082004F0DCF976
:105660000028EAD00C4B4361094B83610323037488
:1056700044748474C474E0E701233B70E3E700BF23
:10568000CE5B002028380020441D03002494030032
:10569000DE9603003C25030040940300F8B51E4C41
:1056A0006768A5683B68226999050AD41B491C48AC
:1056B0004FF47F7219F01BFF4FF47F71174819F0F8
:1056C0000DFF136843F4007313602B68154A09211A
:1056D00020469847AE6996B13B689B0508D40F49B0
:1056E0000F4840F2933219F002FF40F29331E5E7A0
:1056F0004FF0C0634FF0A07209212046B0470A491D
:105700000A4B4B604FF400738B60EB6913B1024896
:10571000012298470020F8BDB81B0300E38703006F
:1057200014880300110001001C380020055C0100F2
:1057300038B5134B134D9C681148E36840219847D6
:10574000C0B1082004F068F948B10F4B43610F4B1A
:10575000836103230374002343748374C3740C496B
:1057600000234FF4C2521AF070FB4FF4FA7019F094
:10577000A6F8E1E719F095F8C5E90001F5E700BFE3
:10578000D41D03006805002058940300EB96030025
:105790003C25030038B5044619F083F8134AD2E9D2
:1057A0000032C31A61EB020140F2E932934271F117
:1057B000000118DA0E480F4D83682A461B690C2138
:1057C0009847D5ED017ADFED0C6AB8EEE77A002054
:1057D000C7EE267A95ED007AB8EEC77A77EE877A2B
:1057E000C4ED007A38BD4FF0FF30FBE768050020BC
:1057F000D41D0300583A00200024744913B529240D
:1058000068460094FFF7D2FE009B019400EB8300F2
:10581000144BD0F80027134043F00C03C0F80037B6
:1058200001A8FFF7C3FE019B00EB8300D0F800370F
:1058300043F44033C0F80037062004F0EDF838B1E7
:10584000094B436102230374002343748374C374BC
:10585000064900234FF4865202B0BDE810401AF00A
:10586000F4BA00BFF0F8FCFF909403003C2503005D
:1058700010B5094B094C1B7853B9FFF7C1FE2268DC
:1058800007480123643219461AF085FAF3F75EF9E6
:10589000236893F8640010BDCD5B0020380700201A
:1058A0002838002010B50A4C236883F86400094B9F
:1058B0001B7843B9FFF7A4FE22680748012364322E
:1058C000194603F007FDBDE81040F3F73FB900BFEC
:1058D00038070020CD5B0020283800202DE9F0415A
:1058E0000C46074615461E46FFF78AFE24B132468F
:1058F000294620461CF02BF82A46124833463946E2
:1059000003F0E8FC051E16DA082004F085F850B113
:105910000D4B43610D4BC0E906350423037400238E
:1059200043748374C374BDE8F041094900234FF404
:1059300001521AF08ABA1CB1BDE8F041F3F706B97A
:10594000BDE8F08128380020A5940300D496030018
:105950003C25030070B504460D461646FFF750FE81
:1059600021461C4833462A461AF015FA041E2FDA3F
:10597000A31C26D0082004F04FF850B1164B436109
:10598000164BC0E906340423037400234374837464
:10599000C374134900234FF401521AF056FA06203B
:1059A00004F03AF838B10F4B43610223037400232B
:1059B00043748374C3740A4900234FF484521AF069
:1059C00044FA324628460021BDE870401BF0E7BF8C
:1059D00070BD00BF28380020CB940300CB96030095
:1059E0003C250300F294030010B54FF08043D3F838
:1059F0000034DB075EBF354B01221A70F3F778F8ED
:105A000004460620002C4BD104F006F830B1304B90
:105A100043610223037444748474C4742D4C2E496E
:105A200000234FF484521AF010FAFFF7E9FD2168C1
:105A3000082265310220FFF78DFF216880226D3139
:105A40001F20FFF787FF21680C22F0310320FFF7AA
:105A500081FF21680C22FC310420FFF77BFF2168C5
:105A6000302201F58A710520FFF774FF216830228A
:105A700001F5A2710720FFF76DFF21682422403154
:105A80001D20FFF767FF2168802201F55F711E204E
:105A9000FFF760FFF0F700FCF3F758F8002010BDA7
:105AA00003F0BAFF38B10D4B4361022303740023A6
:105AB00043748374C37400234FF4865206491AF06A
:105AC000C4F9024B01221A70E8E700BFCD5B002049
:105AD00008950300380700203C25030018950300B3
:105AE00070B5194D2B782BB9184819F08DFC01238E
:105AF0002B7070BD164819F087FCFFF781FD154B20
:105B00004FF48062186800211BF049FF124803F02F
:105B1000B3F9F0F7C1FBF3F719F8104B0024062096
:105B20001C702C7003F078FF30B10D4B43610223E1
:105B3000037444748474C474BDE87040094900233C
:105B40004FF486521AF081B9CC5B002026950300F1
:105B5000B79503003807002028380020CE5B0020CE
:105B6000D39503003C25030038B50E4CFFF748FDE4
:105B70000D484FF4C04119F047FCA189E2890B4858
:105B800002FB01F319F040FC204603F01FFD05461F
:105B9000204603F083FD29460246BDE8384004480C
:105BA00019F032BC28380020EA950300079603005C
:105BB0002A96030013B5104843681B689B050AD456
:105BC0000E490F4840F2346219F091FC0B4840F244
:105BD000346119F083FC0469836801A95B68984704
:105BE00020B9236801985840C0F34020003818BFFE
:105BF000012002B010BD00BFB81B0300E387030003
:105C00001488030070B5FFF7D5FF044618F049FE6D
:105C10000E4BD3E9002552EA050613D0ACB9801A21
:105C200061EB0501332871F10002A4BF084AC2E903
:105C3000000100200146C3E900010648BDE87040AC
:105C400015F080BA002CF6D1F3E770BDC023002018
:105C5000B8230020C8230020F8B518F022FE254BF9
:105C60001B685B885B0705460E4641D5F0F752FD81
:105C700001210820FEF718FBFFF79CFF044608BB34
:105C8000062003F0C9FE30B11B4B436102230374AD
:105C900044748474C474194900234FF486521AF072
:105CA000D4F80020FFF7FEFD40F28B27FFF782FFBC
:105CB000044658B101210020FEF7F6FA002018F042
:105CC000D6FD0FE0012018F0FAFDD5E718F0E9FD48
:105CD000401B61EB0601B84271F1000104DB204674
:105CE00018F0CEFD0020F8BD012018F0E8FDDDE73A
:105CF0000120F8E7340700204D9603003C250300FF
:105D0000012810B5044602D002281BD010BD184B44
:105D10001B685B88DB07F9D5062003F07DFE38B1F0
:105D2000144B436102230374002343748374C374CC
:105D3000114900234FF486521AF087F8BDE810404D
:105D4000F4F7C2BC062003F067FE30B10B4B436191
:105D50000023047443748374C374074900234FF40D
:105D600086521AF072F8BDE81040F2F707BA00BF89
:105D700034070020659603003C2503007F9603004E
:105D80002DE9F04100256D4C6D4FA8462E46D4E913
:105D90000032134312D018F084FDD4E90023801A96
:105DA00061EB0301332871F1000107DB4020FFF7AD
:105DB000EDFB18B901214020FFF728FBD7E90023AC
:105DC000332A73F100032CDB4020FFF7DFFB18B907
:105DD00001214020FFF71AFB5A4B1B685B88DA074A
:105DE00006F1010602D43046F0F786FC082003F0E5
:105DF00013FE40B1544BC0E905360323037400235E
:105E000043748374C374514900234FF4C6521AF08B
:105E10001CF800220023C7E9002318F042FD0546C4
:105E2000884655EA08033BD1D4E90032134367D0D2
:105E300018F037FDD4E90023801A61EB030140F22A
:105E4000E933984271F1000122DBFFF7B3FEF8B1AC
:105E5000FFF702FF00286CD0062003F0DDFD38B10B
:105E60003B4B436102230374002343748374C37464
:105E7000364900234FF4865219F0E7FFF2F77EF916
:105E80000022002300214020C4E90023FFF7BEFACE
:105E9000D4E90032134344D155EA080330D040E03E
:105EA00018F0FFFC40F29113401B61EB080198428F
:105EB00071F1000131DB082003F0AEFD40B1254B4C
:105EC000C0E9053603230374002343748374C37449
:105ED00000231E494FF4C65219F0B7FF194B1B6837
:105EE0005B88DB0712D5701EC0B2FFF709FF0021E7
:105EF0004020FFF78BFAD4E90032134315D1002676
:105F00001548002514F032FEA84640E7022E304620
:105F1000A8BF0220F0F7F0FBE9E7D4E90032134311
:105F200086D1142018F0CBFC31E70025A8462E4678
:105F30007EE7094806F028FEAAE700BFC02300203C
:105F4000B823002034070020979603003C25030067
:105F500014440300AF960300C8230020014805F055
:105F600057B800BF695F0100F8B5044624480F46E2
:105F700003F0F8FE234B1B685E88631E054606F09F
:105F80002006032B06D8DFE803F002061C281E4B70
:105F900000221A70F8BD01210820FFF737FA01210D
:105FA0001A4804F03DFB6B6804221968284619F072
:105FB0002DFFF2F733FA002EECD0BDE8F840F2F7EF
:105FC000E5BB3B78104C0BB92370E3E72378002B3B
:105FD000E0D1F2F7FFFB0123F6E700210820FFF7ED
:105FE00015FA0EB1F2F7F0FBF2F736FA284603F095
:105FF000DDFEBDE8F8400548002104F011BB00BFFC
:106000007790030034070020CF5B0020001C0300C2
:1060100090ED006AD0ED025AD0ED036AD0ED017A1E
:1060200026EE257A17EEA67A84B001AB67EE867A63
:1060300046EEA57A01F10C0037EE077A77EEA77AE3
:106040008DED017ACDED027AF6EE007A56EE067A03
:1060500046EEA67A9FED097A77EEA77ACDED037A20
:10606000F1EC017AF3EC016A77EEE67A814267EEB1
:10607000877AE2EC017AF3D104B070470AE81C4158
:1060800038B52DED048B90ED009A9FED210AF7EEC7
:10609000008AF0EE689A49EE499A04460D4639EEB8
:1060A000800A16F0CBFE88EE808AB0EEC90A69EE4F
:1060B000889A89EE800A16F021FDDFED167AB5EE9A
:1060C000409AF1EE10FA20EE270A07D019EE103AA6
:1060D000FFEE007A002BB8BFF0EE678A68EE007A18
:1060E00094ED017A67EEA87A27EE277A85ED007A9B
:1060F00094ED027A27EE277A85ED017A94ED037A02
:1061000067EE277AC5ED027ABDEC048B38BD00BF7F
:10611000BD37863583F9223F9FED0A0A00EB8101E6
:10612000884207D1B5EEC00AF1EE10FA07DBB1EEF6
:10613000C00A7047F0EC017A07EEA70AF0E79FED7E
:10614000010A70470000000008B50A460346FFF741
:10615000E3FFDFED097AB4EEE70AF1EE10FA09D4B5
:10616000F7EE007A1946184687EE800ABDE8084027
:106170000EF0F0BD08BD00BF0000003438B5F6EEEB
:10618000007A60EEA77A2DED028BF4EEC07AF1EE84
:1061900010FA04460D46B7EE008A36DC9FED1F7AF2
:1061A000C7EE007A9FED1E7A27EE870A20EE200ABE
:1061B00016F078FDF0EE007A20EE006AF1EEE77A54
:1061C00020EE270A76EE485A70EE066A75EEA55A5A
:1061D00076EE886A38EE408AC6EE267A85EEA65AB2
:1061E00038EE068A37EEA77A88EE266AB0EE678A1E
:1061F00084ED008A84ED017AC4ED027A85ED005ABF
:1062000085ED016ABDEC028B38BD9FED067AF0EE9C
:10621000477AB0EE475AB0EE476AE9E7217B663E1F
:10622000DB0F494000000000B5EEC00AF1EE10FAA5
:1062300008B51BD4B5EE400AF1EE10FA19D0F1EE14
:10624000600AC0EE807A17EE900AEAF705FA41EC90
:10625000100BEFF751FC084953EC102B0020EAF724
:106260009BF8EAF729FD00EE100A08BD9FED030A2E
:10627000FBE7B7EE000AF8E70000F03F000000007F
:10628000044B00EB8101884200D1704740F8043B89
:10629000F9E700BF0000C07F164B1749036010B537
:1062A000164B4360C16140F201131549154C03813F
:1062B000016201234FF07F51134A837284614FF0D2
:1062C0007C534162C4631149114CC3600261836213
:1062D0004FF080420363416304640E490E4C036532
:1062E0000E4B4261C262816341648464C164436550
:1062F000826510BD0000404017B7D1380000104142
:106300008FC2F53CCDCCCC3D0000C842CDCC4C3D3D
:10631000000020410000A0410000A04000007042A9
:10632000F0B52DED048B1D468368D2ED000A23F0F5
:106330007F4323F0FF038DB007460C461646002B23
:1063400054D001F1F003019301F1FC03009390EDAF
:106350000A0A02F1440303213832284618F007FDE7
:10636000D5ED017AD4ED3D5AD5ED006A94ED3C5A55
:1063700095ED027A94ED3E6ADFED454A77EEE57AD7
:1063800076EEC56A67EEA77A46EEA67A37EE467ACB
:1063900047EE077AC4ED397A97ED0B7AD7ED056AA7
:1063A00027EE247A27EE077AF4EEC77AF1EE10FA98
:1063B00016DA66EEA47AB0EEC55AB4EEE75AF1EEFC
:1063C00010FA0DDCF0EEE55AF4EEE75AF1EE10FAB1
:1063D00006DCB0EEC66AB4EEE76AF1EE10FA05DD4F
:1063E0000023C4F8EC30002384F82430D4ED177A6D
:1063F00095ED009AD5ED018A95ED028A39EE679AFE
:10640000D4ED187A8DED059A78EEE78AD4ED197AF5
:10641000CDED068A38EE678A032105A88DED078A3F
:10642000FFF77AFEDFED1B7AB4EEE70AF1EE10FA21
:10643000F0EE409A27DDD6ED007A60EE277A9FEDE8
:10644000160A04A927EE800A03A80EF08DFC9DED24
:10645000037A049B0893C7EE297A08A922462046AE
:1064600029EE279A68EEA78A28EE278ACDED037ACF
:106470008DED099ACDED0A8A8DED0B8A18F0DDFBC2
:106480000421FFF761FE0DB0BDEC048BF0BD00BF31
:1064900035FA8E3C00000034E02EE5412DE9F04F46
:1064A0002DED0C8BD3ED007AF5EE407AF1EE10FA7B
:1064B000A9B007460C4615461E460ED1D3ED017A0B
:1064C000F5EE407AF1EE10FA07D1D3ED027AF5EE4F
:1064D000407AF1EE10FA00F0B5837B7A4FF00008B5
:1064E000D3B304F58A73019304F590730093D5ED4B
:1064F000010A97ED0A0A05F1580305F14C02032140
:10650000304618F034FCD6ED006AD4ED457A94EDAF
:10651000467A94ED476A76EEE76AD6ED017A77EE31
:10652000C77A96ED027A67EEA77A46EEA67A37EE3C
:10653000467A47EE077AC4ED3A7A97ED0C7A27EE61
:10654000077AF4EEC77AF1EE10FAC0F23781C4F898
:10655000EC80002384F82430314605AA204604F15B
:10656000280A04F1340318F0A1FB05F10C0900938B
:10657000CDF804A005F1180BD5ED010A97ED000A3E
:106580005B464A46032105A804F1100618F0EFFB0C
:1065900005AA5146304618F089FB03211046FFF743
:1065A000D3FDDDED077AF7EE008A77EEA87AF6EEF6
:1065B000006A67EEA67AF5EEC07AF1EE10FAC0F244
:1065C0000F81F1EEE77A9FED8A7AF4EEC77AF1EE69
:1065D00010FA40F305819DED067ACDED0E7A27EE97
:1065E000267AC7EE276A9DED057ACDED0F6AFEEE9D
:1065F000006A27EE267AC7EE276A324631460EA891
:10660000CDF84480CDED106A18F017FB0421304618
:10661000FFF79AFD9DED070A16F0DEFB95ED017A76
:10662000C0EE077AC4ED137A3B89002B00F00A8391
:1066300012A9204697ED058A18F09CFC9DED154A9D
:106640009DED147ADDED135A9DED122A67EE254A71
:1066500024EE026A67EE073A74EEC66A74EE864A62
:1066600025EEA56A73EEA33A64EE047A36EE066A66
:1066700078EEE32A77EEA77A38EEC66A67EE021A5A
:1066800024EE255A27EE047A65EE825A72EEE72A46
:1066900076EE677A36EE636A37EE654A76EEA66A7C
:1066A00037EE257AD4ED185A8DED1E6A74EEA44AA1
:1066B00094ED176ACDED176A31EE853A66EEA56A5C
:1066C00037EE077ACDED1A7A67EEA57A42EE866A42
:1066D00016AE04F18C0A44EE867A5B464A4633EEE7
:1066E000033A34EE044A8DED1D7A94ED197A019641
:1066F00043EE076ACDF800A0092144EE077A304640
:1067000035EE615AD5ED010A97ED000ACDED162A56
:1067100035EE055A8DED183ACDED194A8DED1B4A2F
:106720008DED1C5ACDED036ACDED047A18F01FFBF8
:1067300003A804F1D403009301905B46D5ED010A50
:1067400097ED000A4A46022118F011FB94F8243014
:10675000002B57D07B7A002B54D094ED177AD4EDD0
:106760003C7A95ED0D0ACDED168A77EEC77A94ED59
:10677000187ACDED0B7AD4ED3D7ACDF85C8077EECA
:10678000C77A94ED197ACDED0C7AD4ED3E7ACDF836
:10679000608077EEC77ACDF86480CDED0D7ACDEDCF
:1067A0001A8ACDF86C80CDF87080CDF87480CDED6C
:1067B0001E8A032108A80EF0D3FC70E095ED017A43
:1067C000D4ED3B7A77EE877AC4ED3B7A97ED097A80
:1067D000F4EEC77AF1EE10FAFFF6BEAE0123B9E689
:1067E000DFED076ACDF83880CDED0F8A05E700BFF1
:1067F000BD37863535FA8E3C000000B40000003409
:10680000000000003B7A002B00F02182DDED065AEB
:1068100095ED015A94ED176AD4ED187AD4ED196A02
:10682000EB6A0893F1EE655A85EE857A09932B6B36
:106830000A93DDED035A37EE257ADDED165A06EEA2
:10684000657ADDED175A07EEE57ADDED185A06EEAA
:10685000E57ADDED055A8DED0B7A85EE857ADDED75
:10686000045A37EE257ADDED195A06EE657ADDED2C
:106870001A5A07EEE57ADDED1B5A06EEE57A8DED44
:106880000C7A9DED1D7A67EE877A9DED1C7A57EEA6
:10689000467A9DED1E7A46EEC77ACDED0D7AD5ED9E
:1068A000097A94ED1A7AB4EEE77AF1EE10FA44BF61
:1068B000D5ED0A7A77EE877A94ED1E7A48BFC4ED5B
:1068C0001A7AD5ED097AB4EEE77AF1EE10FA44BF00
:1068D000D5ED0A7A77EE877A94ED227A48BFC4ED37
:1068E0001E7AD5ED097AB4EEE77AF1EE10FA42BFDE
:1068F000D5ED0A7A77EE877AC4ED227ADDED087A53
:10690000F5EEC07AF1EE10FAC0F29C815FED477AA5
:1069100028EE278A0BA9F1EE488AF0EE480A0846CD
:106920000322B0EE680A0EF0FBF9D4ED1B6A9DED70
:1069300017CA94ED1A3A9DED16DAD4ED1C3ADDED46
:1069400018AA9DED1A9ADDED1DBADDED1CCA9DED6C
:106950001EAA94ED1E7A94ED1D4AD4ED1F4AD4ED83
:10696000217AD4ED205A94ED226ADDED199A9DED3D
:106970001BBA26EE8C5A03EE0D5A1FAA114603EEDF
:10698000AA5A304604F168058DED1F5A26EE895A41
:1069900066EEAB6A43EE2C6A43EE8A6A03EE295A2E
:1069A000CDED216A6CEE076A4DEE046A4AEEA46AE8
:1069B00003EE8B5ACDED226A69EE076A2BEE877AD9
:1069C0000CEE847A0AEE247A49EE846A8DED247AFC
:1069D0002CEE277A0DEE257A0AEE867A4BEE246AA3
:1069E0008DED257A29EE277A6BEEA77A09EEA57A46
:1069F0004CEEA57A0BEE067A4AEE067A8DED205A19
:106A0000CDED236A8DED267ACDED277A18F041FA87
:106A10009DED1F5ADDED087ADDED231A9DED0A7A12
:106A2000DDED245A9DED266ADDED250ADDED214AD6
:106A3000DDED206A35EE275ADDED097A8DED1F5A1E
:106A400071EEA71ADDED277ACDED231A77EE877A5E
:106A50009DED227ACDED277A27EE874A65EE863ABC
:106A600015EEA04A51EEA73A24EEA03A21EEA01A64
:106A700016EE071A27EEA62A15EE273A66EE847A56
:106A800045EE237A61EEA42A44EE817A55EEA62AD9
:106A900016EE242A65EE255A25EE066A54EE875A2C
:106AA00016EEA06A26EE877A5FEDAD6AF4EEE67A1E
:106AB000F1EE10FA15EE217AC0F2CE805FEDB16AE8
:106AC000F4EEE67AF1EE10FA00F2C6801FEDB40A99
:106AD000092110460EF044FBDDED226ADDED1F2A90
:106AE0009DED253ADDED235ADDED203A9DED264A58
:106AF0009DED246ADDED214A9DED275A66EEA97AC7
:106B000042EE8D7A1FAA114643EE2C7A284626EED5
:106B1000297ACDED1F7A65EEA97A43EE8D7A44EE9F
:106B20002C7A04EE8D7ACDED207A66EE897A42EEEB
:106B30008C7A43EE2B7A05EE2C7ACDED227A65EE37
:106B4000897A43EE8C7A44EE2B7A8DED217ACDED65
:106B5000237A66EE097A44EE8C7A45EE2B7A25EE9E
:106B60008B7ACDED247A66EE8B6A66EE0B7A42EE76
:106B7000AA6A03EEAA7A44EEAA7A43EE0A6A04EEFF
:106B80000A7A45EE0A7ACDED256A8DED267ACDEDAD
:106B9000277A18F07EF9DDED0C7A9DED207A9DEDD7
:106BA0000B6ADDED1F5ADDED0D6A27EE877A06EEE2
:106BB000257A31461046DDED215A06EEA57AD4ED50
:106BC000175A35EE877ADDED225A84ED177A9DED5E
:106BD000237A27EE877A06EE257ADDED245A06EE33
:106BE000A57AD4ED185A35EE877A84ED187A9DEDA2
:106BF000267A67EE877A9DED257A46EE077A9DED37
:106C0000277A46EE877A94ED197A77EE277AC4EDE3
:106C1000197A18F03EF9294618F03BF9D1ED007ABF
:106C2000B2EC017A77EEC77AE1EC017A5145F5D101
:106C300004F15C010322F0EE480AB0EE680A08464F
:106C40000EF06EF829B0BDEC0C8BBDE8F08F03217F
:106C500008A8BFEE000AAEE5C3EEA76ACDED1F6A35
:106C6000C2EE276ACDED206AC2EEA76ACDED216A99
:106C7000C4EE276ACDED226AC3EE276ACDED236A02
:106C8000C5EEA76ACDED246AC1EE276ACDED256A6F
:106C9000C6EE276ACDED266AC7EE276ACDED276AD4
:106CA0001AE700BF70B52DED048BD3ED007AF5EE39
:106CB000407AF1EE10FA8AB005460C4616460ED11F
:106CC000D3ED017AF5EE407AF1EE10FA07D1D3ED6B
:106CD000027AF5EE407AF1EE10FA00F0798106A919
:106CE000204618F047F9194603AA06A817F0DEFF58
:106CF000AB7ADFEDD48A9FEDD48A002B00F0E280DE
:106D000010460321FFF708FADDED057A84ED550AF8
:106D1000C7EE807A17EE900AE9F79EFC41EC100B63
:106D200015F0ECFF51EC100BE9F7C6FF07EE900AE7
:106D3000F1EE677AC4ED567A95ED0D0AB4EEE80AE5
:106D4000F1EE10FA0EDD04F5AE7304F5AA700093AF
:106D50000190D6ED020A06F1700306F164020221E9
:106D600018F005F8D4ED4E7AD4ED555A95ED0F7A1A
:106D700094ED566A75EEE74A27EE877AF0EEE46AFC
:106D8000F4EEC76AF1EE10FA40F1268194ED4F7AE5
:106D9000D5ED106ADFEDAD3A36EE475A66EEA36ADE
:106DA000B0EEC54AB4EEE64AF1EE10FA40F11481B5
:106DB00096ED024AD4ED506A76EE846AC4ED506ACC
:106DC00095ED144AF4EEC46AF1EE10FA0EDB0023DE
:106DD00084F82530D6ED186A44EEA67AC4ED4E7AD2
:106DE000D6ED187A05EE277A84ED4F7A94ED527A33
:106DF000D5ED0F7A75EEC74A67EE277AF0EEE46AB2
:106E0000F4EEE76AF1EE10FA40F1EC80D4ED536A4B
:106E1000D5ED107ADFED8D3A36EE665A67EEA37A3D
:106E2000B0EEC54AB4EEE74AF1EE10FA40F1DA806E
:106E3000032104F1F000FFF76FF9D5ED137ADFEDD0
:106E4000845A94F8253067EE887A87EEA56AB4EE06
:106E5000C60AF1EE10FAA1BF96ED026AD4ED547A9B
:106E600077EE867AC4ED547AD6ED187A04EEA77AD6
:106E700084ED527AD6ED187A45EE276AC4ED536A4E
:106E800003B3D4ED547A95ED116AF4EEC67AF1EEBF
:106E900010FA0DDA94ED4E6AB5EE406AF1EE10FA92
:106EA00010D195ED126AF4EEC67AF1EE10FA09DB14
:106EB000002384ED4E7AC4ED4F6A84F825302B6DA3
:106EC000C4F840319DED039ADDED049AB0EE490A15
:106ED000F0EE690A1AF09EFDD4ED087ACDED028A33
:106EE00030EE670A02A884ED150AF0EE690AB0EEEA
:106EF000490A0DF0B7FFD4ED087A9DED027A37EE1E
:106F0000677AB4EEC87AF1EE10FA72DDDFED516AFD
:106F100037EE667A84ED157AAB7A96ED087ACBB1C6
:106F200094F82530D4ED516A002B6ED095ED156A9A
:106F3000F4EEC66AF1EE10FA8BBFD5ED166A96ED47
:106F4000027A87EE267A37EE267A9CBF84ED517A54
:106F50009FED3C7A94ED146AB5EE406AF1EE10FABA
:106F60001DD0F7EE005A76EE255AB4EE476AC6EE0B
:106F7000256AF1EE10FAC4ED146AC8BFB0EE467A85
:106F800095ED016AD6ED025A26EE866AB4EE656A80
:106F9000F1EE10FA48BFF0EE686AC4ED146AD4ED61
:106FA000156A27EE267A77EE877AC4ED087A96ED91
:106FB000026AC7EE066AF4EEC87AF1EE10FAC4ED82
:106FC000166A32DD9FED237A77EEC77AC4ED087A30
:106FD0000AB0BDEC048B70BD0123C4ED508A84F867
:106FE000253003E7C4ED548AC4ED525A84ED536A48
:106FF00068E7DFED196AB4EEE67AF1EE10FA44BF05
:10700000DFED146A37EE267A84E7D5ED165A96ED51
:10701000026A45EEC66AF5EEC06AF1EE10FAD8BF14
:10702000DFED086AC4ED516A94E79FED0B7AF4EE48
:10703000C77AF1EE10FACBD59FED067A77EE877A14
:10704000C4E700BF00000000DB0F494035FA8E3C6A
:1070500000003443DB0FC940DB0F49C013B50A46BB
:107060000C460146103017F0E8FD91ED080ADFEDFF
:10707000177A01A920EE270A68460DF075FE9DEDEE
:10708000006A94ED035ADDED016AD4ED007AD4ED87
:10709000024A94ED017A65EE065A57EEA65A67EE5B
:1070A000867AC4ED005A66EE245A56EE875A26EECA
:1070B000077A06EEA47A46EE857AC4ED015A84ED8D
:1070C000027AC4ED037A02B010BD00BFE02EE541A4
:1070D0002AB1C36D1360036E5360436E9360D0EDAD
:1070E0001A6AD0ED1B7A90ED1D7A90ED216A91ED30
:1070F000090AF0EEE77AF0EEE66A76EEA76AD0EDDE
:107100001C7AF0EEE77A76EEA76AD0ED1E7AB0EE42
:10711000C77AF0EEE77A37EE277AD0ED1F7AF0EEF5
:10712000E77A37EE277AD0ED207AB0EEC66AF0EE35
:10713000E77A77EE867A90ED226AF4EE476AB0EE4F
:10714000C66AF1EE10FA77EE867AC8BFB0EE667ABC
:10715000F4EE477AF1EE10FA48BFF0EE477AB4EE5B
:10716000670AF1EE10FAC8BFB0EE670AB5EEC00AC2
:10717000F1EE10FA06DBB1EEC00ADFED047A20EE84
:10718000270A70479FED020AF7E700BFD40237399C
:10719000000000000B68C3654B680366B5EEC00ACB
:1071A0008B684366F1EE10FA4FF0000313DDDFED5C
:1071B0000A7AC36620EE270A036720EE000A4367B7
:1071C00080ED1A0A80ED1E0AC367C0F88030C0F84F
:1071D000843080ED220A70479F0CB345F8B52DED41
:1071E000028B9FED4B8A0C464FF480734FF07E5715
:1071F0008B8405460F6081ED018A81ED028A81ED65
:10720000038A0F6181ED058A81ED068A81ED078A87
:1072100081ED088A04F12800B0EE480A03211646E1
:107220000DF09EFF04F134000621FFF729F8B0EEBF
:10723000480A84ED138A84ED158A84ED168A04F1D8
:107240005C00276503210DF08BFF736AA366A367BB
:10725000C4F888302F4BC4F8F030C4F8F430C4F8C8
:10726000F83084ED1B8A84ED1C8A84ED1D8A84ED40
:107270001F8A84ED208A84ED218A04F18C0012217A
:10728000FEF7FEFF04F1D4000421FEF7F9FFB0EE93
:10729000480A04F1E40002210DF062FF84ED3B8A0C
:1072A00004F1F000B0EE480A03210DF059FF04F19B
:1072B000FC000621FEF7E4FFB0EE480A04F58A70F0
:1072C00003210DF04DFF04F590700621FEF7D8FF65
:1072D00084ED4E8A84ED4F8A84ED508A6B6DC4F83C
:1072E00044310D4B84ED538A84ED548A04F5AA7021
:1072F000C4F848310221B0EE480A0DF031FFBDEC70
:10730000028B04F5AE700421BDE8F840FEF7B8BF6B
:10731000000000000000C07F000080BFF8B52DED28
:10732000028BD2ED018A0546144602F10C0095ED60
:10733000000AF0EE680A0E4602F11801FEF71EFF81
:1073400094ED028A95ED010AF0EE480AFEF76CFF13
:1073500084ED080AD5ED037A9FED3C7AD4ED000A5E
:1073600067EE877A68EE876A67EEA77A2746C4EDEC
:10737000097AD5ED047A86EEA76A04F1440104F196
:107380003800583784ED0A6AD5ED067A67EE877AB9
:1073900067EEA77A67EEA75AC5EE866ADFED2C5A2C
:1073A00076EEA76AC4ED0B6AD5ED077AF4EEE57ABE
:1073B000F1EE10FAD8BFF0EE657AC6EEA75AC4ED2A
:1073C0000C5AD5ED087A67EE877A67EEA77A67EEF2
:1073D000A76A86EE867A77EE277AC4ED0D7A95ED68
:1073E0000A0AFEF7CBFE04F14C0095ED0A0A394675
:1073F000F0EE680AFEF7C2FE95ED0E0AF0EE480ABE
:10740000FEF712FF84ED180A95ED0D0AB5EEC00ADD
:10741000F1EE10FA04F1640004F170020DDD114682
:10742000F0EE480AFEF7AAFEBDEC028B224631467A
:107430002846BDE8F840FFF7D1BE0321FEF720FF44
:1074400002211046FEF71CFFEEE700BF0000C84215
:10745000FFE6DB2E9FED0C7A82ED000AF4EEC70A00
:10746000F1EE10FAB4EE471AD8BFF0EE400AF1EE92
:1074700010FACCBFF0EE417AF0EE407AC2ED010A8C
:10748000C2ED027AFFF74ABF0000000030B50B4D95
:107490000A44914200D130BD11F8013B1C0984EA35
:1074A000107455F8244084EA001083EA107303F046
:1074B0000F0355F8233083EA0010EAE76C2C030031
:1074C00030B50D4DC0430A44914201D1C04330BD97
:1074D00011F8013B83EA000404F00F0455F824403E
:1074E00084EA101080EA131303F00F0355F82330D9
:1074F00083EA1010E8E700BFAC2C030010B5094C7C
:107500000A44914200D110BD11F8013B58400309D3
:107510000001E35CC0B2434018091B01205CDBB2F0
:107520005840EEE72E97030070B589B306683046E1
:1075300017F062FD012201460446304617F024FD93
:10754000C30708D413491448AF2217F0D0FFAF2166
:10755000104817F0C3FF2146304617F02BFD2518C1
:1075600029460022304617F00FFD2D1AAC4206D0F6
:1075700008490948B72217F0BAFFB721E8E72146C2
:10758000304617F01DFD2146BDE8704017F059BE8A
:1075900070BD00BF3E97030014880300B2F5802F32
:1075A0002DE9F0410CD2042A20D83D493D484FF442
:1075B000077217F09CFF4FF40771394817F08EFFE0
:1075C0000823D21ACC1D114424F0070421F007012E
:1075D000091B17294FEAD1060AD83149314840F230
:1075E000252217F084FF40F22521E6E70423E8E78F
:1075F000002704603146A660E760304617F00FFDB3
:107600000121421D8046304617F000FD9200D51D35
:10761000ED082844B0423AD8B8F1FF3FA2F1100279
:107620003946B8BF3A4604F110001AF0B8F92A46B4
:107630003946204617F0DCFC3B463A4639462046A0
:1076400017F0ADFCA6EB050820463946012217F0DD
:10765000B7FC4246294617F0CBFC2B463A46294652
:10766000204617F09CFC3146204617F0C1FC4346EB
:107670003A463146204617F092FC31462046012218
:1076800017F09EFC2946BDE8F04117F098BD04496B
:10769000044840F23A2217F02AFF40F23A218CE7E0
:1076A0003E970300148803002DE9F04F91B0840742
:1076B000009302F004030293C2F3C20303F1010337
:1076C000DDF86880039205460E46059340F0E1819F
:1076D000041D30B1072909D86FF01B0011B0BDE8B7
:1076E000F08F01F007063444C6F10806009B4FF006
:1076F0000009591E4FF0040A4FF0FF330193CDF8F3
:1077000010904F46CB4653460DB100982060059827
:10771000002800F3D7809C48009A824203D39B48FC
:107720008242C0F0CF80039AA4EB050E92074FEA85
:107730009E0040F1DE804FF0000CCCE07A285DD84E
:107740004B280ED8472859D829282DD8252852D07B
:1077500054D820287AD02338D0F1000B4BEB000B03
:1077600074E04C382E2849D8DFE800F070484848CB
:1077700048484848484848484B4848484848484886
:107780004859484B4B595959704B6D487048184BE4
:1077900018484883804B48484B48800000204FF0F1
:1077A000000B4FF0040A38E02A38C0B2012202FA76
:1077B00000F010EA0E0F49D110F0625C2FD110EAF0
:1077C000020B43D06046013C5444B4FBFAF40AFB7C
:1077D00004F4002D60D0A3EB050CA444B4453FF69F
:1077E0007BAF002867D1042B48D158F8043B2360B5
:1077F000043404232AE0019A013A01924FF0000B6D
:1078000024E011F8010C6C2835D111F8023C00205D
:107810006C2B8346C5D14FF0080A5346D3E708F1D5
:10782000070828F007080734F8E802AB24F007043B
:1078300035B106982044B0423FF64EAFC4E900ABE4
:1078400008344FF0000B4FF0080A534611F8010FAF
:10785000002800F0AA80BBF1000F7FF46FAF25284D
:10786000F4D1019B013301934FF0010B4FF0040A57
:10787000EBE7584693E700208346A4E7082B40F047
:107880008B8008F1070828F00708B8EC027B84ED2C
:10789000007B08340823D9E768B9042B02D108F12A
:1078A0000408A5E7082B77D108F1070828F0070896
:1078B00008F10808EDE705980138059058F8040B21
:1078C000009021E7039A900744D5A4EB050E4FEAF8
:1078D0009E004FF0010CBEF5007F1BD32C492D48B4
:1078E0004FF41F7217F003FE4FF41F71284817F072
:1078F000F5FD0F2F10D8002D38D007F140020DEB09
:10790000020C019A0CF8200C0CF8102C0498013091
:1079100004901EE00F2F08D91D491E4840F2812215
:1079200017F0E5FD40F28121E0E7D5B107F1400213
:107930000DEB020EC0B2019A0EF8200C0EF8102CBE
:10794000BCF1000FE2D060F07F000EF8200C09F1CE
:1079500001090137C5F10802043406924FF6DA7EB8
:1079600074E7BCF1000F01D00136F2E7029A02364B
:10797000002AEED10098CDE90631E9F7A1FADDE958
:1079800006310644E5E700BF4C1A03003CC403007F
:1079900061970300148803003F49404840F2C62223
:1079A00017F0A5FD40F2C621A0E7631BB3F5806F79
:1079B00008D33949394840F2D22217F098FD40F2F5
:1079C000D22193E71DB9A6F10804E01886E6029AD1
:1079D00028609B082B709DF81030C2B1EB7085F8C1
:1079E0000290B9F1000F05D008A80022C5F1010CE2
:1079F00097420ED1C5F101030DF120084FF0000AA6
:107A000001930DF1300B574512D1601B66E66B7088
:107A1000E5E710F8013B190608D50CEB040EB64556
:107A200003F07F033FF658AE04F8013B0132DFE775
:107A3000B9F1000F03D098F90020002A17DB029B50
:107A4000D3B11AF80B2004F8012B0022019B18195E
:107A50001044B0423FF640AE98F8000004F8010B25
:107A600000990392204619F072FF039A14440AF118
:107A7000010A08F10108C6E798F8002055F82230FD
:107A80000093029B45F822300098E9F719FA421C4E
:107A9000DCE76FF00D0021E6619703001488030016
:107AA0002DE9F04F97B000AF8946D7F880B0FA6261
:107AB0003B62044650B9A849A84840F2993217F0F1
:107AC00016FD40F29931A44817F008FDCBF3C0032E
:107AD00090F802A07B6141B9457800780AEB8000FC
:107AE00020444D4517D8A0EB0409E378FB61BAF1B7
:107AF000000F02D01BF0010F16D1FB6953BBFB6ACC
:107B00001BB13A6A4946204698474D4628465C379D
:107B1000BD46BDE8F08F461C3046E9F7D1F901308B
:107B2000304409F10109DCE7237862687A62FA6A75
:107B30009900B96104EB8301002A40F001814D46B0
:107B40000E4601EB0A094FF000084E454CD101EBFF
:107B50000A0610E01BF0020FD1D023789A00BA6118
:107B600062687A62FA6A04EB8301002A77D14D4693
:107B700001EB0A0690461BF0050F0CBF0223012300
:107B8000FB62FB6906EB430A0BF00203BB6256453E
:107B9000BCD016F8021B16F8013C54F82390704B29
:107BA000994502D36F4B994536D37B69002B40D062
:107BB000786A17F0EEFB00283BD0E9468AB06A46A7
:107BC000694B53617B6AC2E906314FF40073138439
:107BD000664B42F8103F664800234FF4125102F002
:107BE000FBF8023DCD46D2E716F8013BF96254F8A6
:107BF0002300E9F765F9D7F88430F96A01304BB111
:107C0000D7F8883098453EBFD7F8843023F818005D
:107C100008F10108054498E77B6923B1786A17F0F9
:107C2000B8FB0028C9D11BF0010F05D1FB6AED1A82
:107C3000ADE7BB6A002BAAD04846E9F741F9D7F86F
:107C4000843053B1D7F8883098453FBFD7F88420A7
:107C5000431C22F8183008F10108054497E7BAF1EF
:107C6000000F73D01BF0040873D0D04607F1480012
:107C7000002652463B61B96219F069FEB96A3B6958
:107C800001EB0A02BA62FA69F9695200FA60BA6A4B
:107C900002EB41023A610BF00202BA60BA6A39693A
:107CA0008A4267D162787A621BF0020F32440CBFBD
:107CB0004FEA580100211BF0010FD2B240F0DF80E3
:107CC0001BF0040F14BF404600207B616270A0705F
:107CD000E1703A6AB969FB6A20469847051EFFF6CB
:107CE00015AF7B6923707B6A6370FB69E370414663
:107CF0003A6AFB6A84F802A007F148009847B0F19D
:107D00000008C0F2F080BB693A6AA9EB0A01C91AFF
:107D1000FB68C91AD7E90A0398470028C0F2E58032
:107D2000A84408EB00054FF0000B07F1380AB345F3
:107D3000C0F0A78000213A6AFB6A08469847E5E64A
:107D4000564607F138004FF0000892E7D0465646F5
:107D500096E7464694E700BF619703001488030046
:107D60004C1A03003CC403008F9703000400000179
:107D700004240300BA6A12F8021BBA6212F8015C0A
:107D80005B4A54F82500904202D35A4A904217D3D6
:107D90007A693AB1786A7B6017F0FBFA7B68002851
:107DA0007FF47CAFBA68002A49D00F2E3DD95249E2
:107DB000524840F24D4217F09AFB40F24D4182E6A4
:107DC0007A693AB1786A7B6017F0E3FA7B68002839
:107DD0007FF464AF1BF0010F0AD00F2E25D946495E
:107DE000464840F2434217F082FB40F243416AE6C4
:107DF0001BF0040F3FF452AFB8F10F0F08D93E4902
:107E00003E4840F2464217F072FB40F246415AE6C5
:107E100008F1280207F1300008F1010102EB000827
:107E200008F8105C5FFA81F838E706F1280207F1DC
:107E30003000711C161806F8205CCEB22EE7B8F19F
:107E40000F0F08D92C492D484FF48A6217F04FFBC9
:107E50004FF48A6137E608F1280207F1300C08F187
:107E60000100944407F1580252FA80F008F1020828
:107E70000CF8101C5FFA88F800F8105C0EE7002080
:107E800023E71BF80A3087F8373054F82390D7F8E7
:107E900084302BB3D7F888309B4521D2D7F8843073
:107EA00033F81B803A6AFB6A012107F137009847D3
:107EB00000281ADB0544B8F1000F06D14846E8F760
:107EC000FFFF00F101081FFA88F83A6AFB6A414691
:107ED00048469847002808DB05440BF1010B26E7CC
:107EE0004FF00008DEE7454610E605460EE600BF07
:107EF0004C1A03003CC4030061970300148803007C
:107F0000014B1860704700BF5809002030B587B09A
:107F10000025CDE903010446009503A90548059510
:107F2000ECF75AFFDDE904309842B8BF255407B09A
:107F300030BD00BFE1F30200F0B5094E0168024612
:107F40000A2700200B4601311C78355D6D0701D4EE
:107F50001360F0BD07FB0043A3F13000F2E700BF60
:107F60003CC303002DE9F84F15469A46D378234ABF
:107F700012F803B06F2B81460F460BF0030B2BD08A
:107F800026D8582B0CBF10260A26DDF8288032464A
:107F9000002348463946E8F72FFF092A08F1FF3841
:107FA000D4B21ED83034B145E4B277F1000788F876
:107FB000004001D3D04511D82B789B0605D5082E5B
:107FC00015D1AB7843F00803AB704046BDE8F88F9D
:107FD00003F0F703702BD5E70826D6E781460F4656
:107FE000D5E7BBF1010F0CBF37345734DBE7102E58
:107FF000EBD1AB7843F01003E6E700BF3CC30300CE
:1080000038B50D4604462022002119F0C8FCEB6863
:10801000E361AB68A3612B6823626B686362002233
:10802000A2622A6923B1591E194208BF42F0010217
:1080300022610122002104F12C0019F099FB40B1CA
:10804000044905482F2217F052FA02482F2117F051
:1080500045FA38BD49980300148803002DE9F04F14
:1080600089B0CDE90123436A00268B420446884645
:1080700005960796B24652D300F114074FF0400B15
:10808000EFF3118300938BF31288BFF36F8F3846A1
:10809000DDF8009013F09EFD40B94649464888221D
:1080A00017F025FA8821434817F018FA384613F0DC
:1080B000B5FD079A2AB13146204617F0FFFA002392
:1080C000079306A9204617F01FFA06994145054671
:1080D0002ED32268236A13F8221021F0030103F83B
:1080E000221003EB820A21684246204617F030FA3C
:1080F000E3682060984216D00025384613F078FDDA
:1081000050B389F31188BFF36F8F059929B1A36923
:108110000BB12046984700230593002DB0D150465F
:1081200009B0BDE8F08F236943F008032361E3E75A
:1081300018B1204617F026FADFE7DDE901321343D4
:1081400030D0039119F042FB039958BB009B4BBB05
:10815000384613F04DFD40B91649174840F2311228
:1081600017F0C5F940F231119DE785F31188BFF38F
:108170006F8FDDE9012304F12C0011F0E5FE0546C7
:10818000EFF311898BF31288BFF36F8F384613F02A
:1081900021FD002881D03846B5FA85F513F03EFD63
:1081A0006D09AAE707AB05AA2046266817F007FA6B
:1081B0000546A2E76F980300148803002DE9F041FB
:1081C0000446C36908460D46984704F1140607465D
:1081D000EFF31188402383F31288BFF36F8F30468B
:1081E00013F0F8FC40B916491648882217F07FF9B9
:1081F0008821134817F072F9304613F00FFD2B78E1
:1082000043F001032B7061683A46204617F0A0F94D
:108210006060204617F06DFA304613F0E9FC40B973
:108220000749084840F2311217F061F940F2311164
:10823000DFE788F31188BFF36F8FBDE8F08100BFDF
:108240006F980300148803002DE9F843044600F1F9
:108250001407EFF31188402383F31288BFF36F8F65
:10826000384613F0B7FC054640B9304930488822FB
:1082700017F03DF988212D4817F030F9384613F0F2
:10828000CDFC2369A26813F0080F02D163689A42FB
:1082900000D9636A9B1A002B3AD0216A11F8223068
:1082A00013F0030001EB820935D0022803D151F805
:1082B0002260B60805D1D8071AD4E3694846984722
:1082C0000646A1683246204617F042F93146A060C2
:1082D000204617F04BF9384613F08AFCE8B91349E9
:1082E000134840F2311217F002F940F23111C2E79F
:1082F00043F0020301F822304846E369A568984735
:1083000029460246204617F023F90025A060E2E73F
:108310001D46A946DFE70546FBE788F31188BFF352
:108320006F8F002D95D14846BDE8F8836F98030004
:10833000148803002DE9F0410446C36908460D4640
:10834000984704F114070646EFF31188402383F39E
:108350001288BFF36F8F384613F03CFC40B92349B5
:108360002348882217F0C3F88821204817F0B6F870
:10837000384613F053FC2B786FF300032B702369FE
:108380009B0705D5E268236A03EB82039D421DD15A
:108390002B786FF341032B70D4E90231994204D159
:1083A0003246204617F0D4F8A0603146204617F038
:1083B000DDF8384613F01CFC68B90C490C4840F253
:1083C000311217F094F840F23111CEE72B6866F3C2
:1083D0009F032B60EDE788F31188BFF36F8F04F1E3
:1083E0002C00BDE8F04111F04BBD00BF6F980300B9
:1083F0001488030070B5044600F11405EFF31186EC
:10840000402383F31288BFF36F8F284613F0E2FBFB
:1084100040B916491648882217F069F88821134890
:1084200017F05CF8284613F0F9FB2369A06813F0F5
:10843000080F02D1636898420ED9646A241A28464C
:1084400013F0D6FB50B90949094840F2311217F030
:108450004EF840F23111E2E71C1AF0E786F311887A
:10846000BFF36F8F201E18BF012070BD6F980300EF
:108470001488030008B50446EFF31183402383F307
:108480001288BFF36F8F0BF02DF9204604F094FF94
:10849000024816F0B9FF17F05BFFFCE79C98030059
:1084A0002DE9F043079D15B91560002012E0032463
:1084B000B5FBF4F404EB4407BD4218BF0134B4F13A
:1084C000804F09D2A40001348C4200D838B914601E
:1084D0006FF00B00BDE8F0834FF0FF34F7E7DFF8F3
:1084E000BCE004460021B94203F1030C04F1040688
:1084F0002CD3A942274624D21F7801F1010CAC45A8
:10850000264938BF5B784FEAA70E28BF002311F831
:108510000EE084F800E0AC4501EB131E3CBF9B006D
:1085200003F03C034FEA071707F0300738BFCB5C76
:108530001EF80770677028BF3D23A3703D23E370CA
:108540003746381A002310603B70AEE71CF8034C26
:108550001CF8023C1CF8018C4FEAA40924011EF807
:10856000099006F8049C04F030040EEB13199B00EC
:1085700019F8044006F8034C03F03C030EEB981482
:1085800008F03F08E35C06F8023C1EF8083006F8E5
:10859000013C033134466346A5E700BF459903001B
:1085A0002DE9F043DDF81CE0DFF82C8100273C4684
:1085B0003D4675451FD3E4BB14600020BDE8F08341
:1085C0000136764533D013F806C0BCF1200FF7D042
:1085D000AEEB0609B9F1010FA6EB05050DD0BCF114
:1085E0000D0F0AD103EB060999F80190B9F10A0FB2
:1085F0006ED1751CDDE72E46E3E7BCF10A0FF8D01B
:108600002DB9BCF13D0F05D10137022F0DD96FF007
:108610001500D3E71CF0800FF9D118F80C507F2D0E
:10862000F5D03F2D01D8002FF1D10134E1E73546D7
:10863000C1E704F007064FF0060CE4080CFB06F651
:108640000CFB04F40736E41B04EBD60470B18C4237
:108650000CD80027DFF880E0DFF880801D44014659
:1086600003263C469D4205D10C1AA5E714606FF025
:108670000B00A3E713F8019BA9F10A0C5FFA8CFC2D
:10868000BCF1160F04D848FA0CFC1CF0010FE9D01D
:108690001EF809C00134BCF1400F08BF013E0CF0C8
:1086A0003F0C042C4CEA8717DCD17EB13C0C012E28
:1086B0000C7002D101310024D4E7022E4FEA1724B6
:1086C0004C7016BF8F7002310331F4E73446C9E7AE
:1086D000002DA2D09BE700BFC5980300F6FFBFFFA7
:1086E0002DE9F84F04460846A38B1907164612D405
:1086F000022803F0070162D1204617F02CF888B158
:108700000138042800F22581DFE810F05900230128
:108710007E00C800F50001280CBF43F0100143F0B3
:108720002001A18304F1140013F062FA002800F084
:10873000AB8086F31188BFF36F8FBDE8F88F03F02D
:108740000702501F01281ED80020062A2768C4E906
:10875000000014D13A4603E0E08B0130E083126858
:10876000002AF9D123F0070343F00202A283204636
:1087700016F0F1FF90B342F02002A2832EE023F026
:1087800007039AB2F2E7042A33D123F007039AB21F
:10879000A283204616F0DFFF10B142F02002A28330
:1087A000A38B03F00709894540F0DC80A18BCA0642
:1087B00040F1218121F01003A38301F00701D4F8D7
:1087C0001880A38BB8F1000FB9DA0022276823F0D4
:1087D0000703C4E9002243F00103A383A38B03F042
:1087E0000709894540F0BF80002FDFD00025AA4649
:1087F00040E08549854840F21B1216F078FE40F2B1
:108800001B11814816F06AFE41B17F497F484FF441
:10881000AB7216F06CFE4FF4AB71F2E7236843B90C
:1088200079497A4840F2571216F061FE40F257112A
:10883000E7E723691D6845B9734974484FF4AD7281
:1088400016F055FE4FF4AD71DBE7A38B23F0070361
:1088500043F006039BB2A3830F4688464FF00609F8
:10886000A268002A40F08180002F40F08180002D16
:108870009CD0BA4643F0080304F1140BA383584676
:1088800013F0B6F9002875D16149604840F2311201
:1088900016F02DFE40F231115D48B3E7022908D0F1
:1088A00059495A4840F25D1216F021FE40F25D111E
:1088B000A7E7E78B47B1544954484FF4AF7216F01D
:1088C00016FE4FF4AF719CE723695D6845B94E49C8
:1088D0004E4840F2611216F00AFE40F2611190E734
:1088E000A38B23F0070343F004039BB2A383B84692
:1088F0004FF00409B4E7012908D0434943484FF435
:10890000B27216F0F4FD4FF4B2717AE7236843B9FE
:108910003D493E4840F2651216F0E9FD40F265110E
:108920006FE723699D6845B9374938484FF4B472F9
:1089300016F0DDFD4FF4B47163E7A38B23F007035A
:1089400043F005039BB20027A383B8464FF0050907
:1089500086E72D492D4840F26B1216F0C8FD40F213
:108960006B114EE7002700257AE74FF0010A81E7F7
:1089700092467FE786F31188BFF36F8FBAF1000F3D
:1089800016D147BB15B123492046A847EFF31186FE
:10899000402383F31288BFF36F8F584613F01AF900
:1089A00008BB1B491948882216F0A1FD882173E7EE
:1089B000A1680029E5D00E680029E2D0D1F804A012
:1089C00043464A462046D0471EB1336831461E46CC
:1089D000F2E73346FAE7394643464A4620463F68BF
:1089E00016F0E5FECDE7584613F018F9A38B23F0F7
:1089F0000803A383DAE68B067FF594AE21F020030B
:108A0000A38301F0070177E685990300148803002A
:108A10006F980300198A0100F8B504460D4600F16D
:108A20001406EFF31187402383F31288BFF36F8F8F
:108A3000304613F0CFF840B909490A48882216F0A9
:108A400056FD0748882116F049FD304613F0E6F838
:108A5000A5613A4620460121BDE8F840FFF740BE37
:108A60006F980300148803002DE9F04704460F4671
:108A700016F08DFE051E5DDB04F11409EFF3118A7B
:108A8000402383F31288BFF36F8F484613F0A2F898
:108A9000804638B933493448882216F028FD8821A9
:108AA00030483CE0484613F0B9F8E38BA68B4FF60C
:108AB000FF72934206F007063FD0022E10D1013319
:108AC000E3833546484613F093F800283BD1254907
:108AD000254840F2311216F00AFD40F23111DFE76D
:108AE000062E13D8DFE806F0092C1212090409003B
:108AF0006FF085054FF00008E4E700233B606368F2
:108B00007BB9C4E900777EB13546F3E717491648CB
:108B10004FF4E47216F0EBFC14484FF4E47116F0D5
:108B2000DDFC1F606760EEE7524602212046FFF73A
:108B3000D7FD35462846BDE8F0876FF00A05D9E72E
:108B40006FF00405D6E78AF31188BFF36F8FB8F191
:108B5000000FEFD0002332463946204616F027FE9C
:108B6000E8E700BF6F9803001488030085990300AD
:108B7000F8B5054600F11406EFF31187402383F39F
:108B80001288BFF36F8F304613F024F838B92049AC
:108B90002048882216F0ABFC88211D4825E030468D
:108BA00013F03CF8AC8B04F00704022C12D0012C1B
:108BB0000CBF6FF004046FF08504304613F018F812
:108BC00008BB1349134840F2311216F090FC40F2F2
:108BD0003111E2E7EB8B53B90F490E4840F2EF1227
:108BE00016F085FC0C4840F2EF1116F077FC013BC3
:108BF0009BB2EB83002BE0D13A4621462846FFF793
:108C00006FFD2046F8BD87F31188BFF36F8FF8E73B
:108C10006F98030014880300859903002DE9F04143
:108C20000E460546002845D0002943D000F1140720
:108C3000EFF31188402383F31288BFF36F8F384618
:108C400012F0C8FF38B91D491D48882216F04FFCA4
:108C500088211A4816E0384612F0E0FF31462846CF
:108C6000AC8B16F05DFD78B104F00704231F022BD6
:108C70000CD91449124840F22D2216F038FC114844
:108C800040F22D2116F02AFC6FF07704384612F0DE
:108C9000AFFF40B909490A4840F2311216F027FCEB
:108CA00040F23111D5E788F31188BFF36F8F20466A
:108CB000BDE8F0816FF01504F9E700BF6F9803007D
:108CC000148803008599030008B54268816002F0AA
:108CD0000302032A034602D02AB1002000E0006804
:108CE00000225A6008BD04490448452216F0FFFBE3
:108CF0000148452116F0F2FBAA99030014880300ED
:108D00002DE9F34106460F4615464FF000082A4666
:108D100001A9304616F09DFD044640B10246394691
:108D2000019818F014FE2D1BA0442744EFD14246B1
:108D3000311D304616F0ABFD40B1064906484822C9
:108D400016F0D5FB0348482116F0C8FB404602B098
:108D5000BDE8F081D0990300148803002DE9F341A8
:108D600007460E4615464FF000082A4601A9384628
:108D700016F07EFD044648B12EB1024601993046F8
:108D800018F0E5FD26442D1BA044EED1424607F124
:108D90000A01384616F07BFD40B1064906486322B9
:108DA00016F0A5FB0348632116F098FB404602B07D
:108DB000BDE8F081D0990300148803002DE9F74342
:108DC0000F4606460821C06ADFF8509016F0E5FD10
:108DD0003C68241A80463C6004EA0905AC4203D88A
:108DE000002003B0BDE8F08308236A4621463046E0
:108DF00016F084FD0028F4D16946304616F0D7FD00
:108E000040B1BDF80230BDF804203C6005EA090518
:108E100013441D44A4EB0804E0E700BF0000FFFF7B
:108E200073B504460821C06A124E16F0B6FD4FF61F
:108E3000FF726368ADF800208DF80620A28919182A
:108E400033401344181A002560606846ADF80210DC
:108E5000ADF8045016F098FD6946204616F08FFED6
:108E60002046211D16F083FD636828463340A36029
:108E700002B070BD0000FFFF38B5057C04461DBB85
:108E8000082000F0C9FD40B1104B4361104B8361D5
:108E90000323037445748574C5740E4900234FF48D
:108EA000C25216F0D2FF6FF00C0038BD29042046E4
:108EB00016F0BAFD01350028F7D1E289ABB29A422B
:108EC000F4D800202074F0E70025F6E7FB990300B2
:108ED0002F9B0300542403002DE9F04704468AB079
:108EE00000F11407384618F025FCA06A8368DB6897
:108EF00098470546E06268B9082000F08DFDF8B19A
:108F0000A54B4361A54B83610323037445748574AA
:108F1000C57415E0A06A8368DB6898470368013B65
:108F20001F2B19D9082000F077FD48B19C4B4361F5
:108F30009A4B836103230374002343748374C374C3
:108F4000984900234FF4C25216F07FFF6FF01505C9
:108F500028460AB0BDE8F087A06A216807AA17F082
:108F600086FB30B1082000F057FD0028E8D08E4B7A
:108F7000DDE7A5892DB1089BB5FBF3F203FB125584
:108F800035B1082000F048FD0028D9D0874BCEE746
:108F9000E389012B06D8082000F03EFD0028CFD041
:108FA000834BAEE7E36A019593F805804FF0FF33FA
:108FB0004FF0FF32384610F0CFFCE06A082116F07F
:108FC000ECFCA9460646E3891FFA85FA534521D8E9
:108FD000E3894B4551D1062000F01EFD38B1754B99
:108FE000436102230374002343748374C3746D4983
:108FF00000234FF4845216F028FFA289E389A06A67
:1090000021685A4317F076F9054608B3384610F040
:1090100059FD9DE7A1892B04891B13FA81F1424672
:1090200008232046019116F077FC78B101A920466B
:1090300016F09DFC09F101090199082342462046DA
:109040001FFA89F916F068FC0028C1D00135BAE78B
:10905000A389E2899B1B013A9BB203EB0243019374
:10906000019908234246891B204616F055FC30B969
:1090700001A9204616F07BFC01E05345F0D001A980
:109080002046FFF79BFE05460028BFD1019B636089
:109090004FEA13494FEA0949C4F80890D4E901138B
:1090A00099420FD3082303AA204616F027FC054651
:1090B0000028ABD103AB13F8012B904535D1013516
:1090C000082DF8D163681B0C1B0401A920460193ED
:1090D00016F04DFCA38901994246204616F01CFC6F
:1090E000051E93DB636800F0928006EB03084FF6E1
:1090F000FF79A389CDF804801FFA88F29B1B9A425E
:109100002FD300236168002B56D0090C090401916C
:10911000204601A916F02BFC0199204616F084FC8C
:109120000546002D00F0918070E703A9204616F057
:109130003EFC626810B9921B6260AFE7BDF8105048
:10914000BDF80E10E06AC4F80890294416F025FC1A
:1091500048449042A060EED1002DECD06FF01C0589
:10916000A9E0082305AA4146204616F0C7FB05469C
:1091700000287FF44BAF05A9204616F018FC30B14B
:10918000BDF814304B4502D1BDF818300BB1B044D6
:10919000AFE70123B6E700BF139A0300259B030046
:1091A000399A0300542403005A9A0300769A030064
:1091B0008E9A0300B59A0300204616F035FC05464A
:1091C00000287FF423AF6368414AA18913400B4410
:1091D000A3EB46031A40A260636004F12C0204F57D
:1091E0000B7142F8043F9142FBD1204616F0FBFC84
:1091F00096E75B1A4246204616F08EFB051EFFF6E8
:1092000005AF08D0E26AA36812681344A360D4E9EA
:1092100001318B42EDD86168A38901EB46029A4285
:109220007FF47FAFDFF8A880A26801EA08039A42C2
:109230003FF477AF204616F0F7FB054600287FF491
:10924000E5AE636803EA0803A3604FF40072FF21F0
:1092500004F1300018F0A3FB636802934FF6FF7827
:1092600005AA02A92046DDF8089016F005FC05467F
:1092700000287FF4CBAEBDF8140040450DD016F0A9
:1092800020FB04EB80052B6B013306D105A920469A
:1092900016F08DFB08B1C5F830906368029A9342CE
:1092A000DED1A2899BB2A2EB4602934208D12046AE
:1092B00016F082FC0546384610F004FC1DB147E666
:1092C000384610F0FFFB01232374002540E600BF61
:1092D0000000FFFF2DE9F04F91B0067C019204469B
:1092E0000F461D46C6B9082000F096FB40B1744BEE
:1092F0004361744B83610323037446748674C6749C
:109300004FF4C2527049002316F09FFD6FF00C021B
:10931000104611B0BDE8F08FC26A0821104616F061
:109320003CFB29460290104616F037FBA389029AAF
:10933000A3EB8203AB420646C0F0BF8055B9384666
:1093400016F0BFFA0C3054F82030059301334DD19C
:109350000022DDE7019B002B00F0AF80384616F0BD
:10936000B0FA0C3054F82030059301333ED1002E72
:1093700040F08D8004F1140A4FF0FF324FF0FF33BC
:10938000504610F0E9FA4FF00009E389994500F0E2
:109390009180A168626873189A427CD3FF23019A76
:1093A0008DF8263020462B46ADF82210ADF82070FF
:1093B000ADF8245016F0AAFB29460246E06A16F0E2
:1093C000ECFAA3680344A36052B908A816F0DCFACB
:1093D00008A9204616F0D3FB002814BF02462A46EF
:1093E0000192504610F06EFB019A91E706AA05A97A
:1093F0002046DDF814A016F03FFB0246002887D176
:10940000BDF81830BB4206D06268059B9A42EDD188
:10941000002DACD19CE706A9204616F0C8FA00281A
:10942000F2D0BDF81A90BDF81C304DB39D429ED1CC
:10943000E36ADDF804B01B684FEA1A4A5B424FEA60
:109440000A4A03F02003D1440393AA46039B5345E1
:1094500028BF534608AA49462046984616F04EFAB9
:10946000021E11D1424608A9584618F060FA002899
:109470007FF47DAFBAEB080AC144C344E6D167E785
:10948000002B7FF474AF63E73FF771AF40E7029BB7
:109490001E44B6B26EE72046FFF7C2FC0246002823
:1094A0009ED1204616F09FFB0246002898D109F174
:1094B00001096AE76FF01B0292E76FF0150227E7D8
:1094C000FB9903001B9B0300542403002DE9FF4775
:1094D000057CBDF8309004460E4690461F46BDB947
:1094E000082000F099FA40B1354B4361354B836158
:1094F0000323037445748574C574334900234FF402
:10950000C25216F0A2FC6FF00C0004B0BDE8F08768
:10951000C06A082116F041FAA389A3EB4003BB42BD
:109520004AD3304616F0CDF90C3054F820A0CDF8CF
:1095300004A0BAF1FF3F1AD16FF00100E5E702AADB
:1095400001A9204616F098FA0028DED1BDF80830AF
:10955000B34206D102A9204616F029FA08B1013516
:10956000ADB26268019B9A4202D1514608E00025E3
:109570004D455146DDF804A0E1D96368534503D158
:10958000BDF80830B342D7D1BDF80C30002BD3D092
:10959000A945D1D8BDF80A00090CBB424FEA0141E8
:1095A00028BF3B4601444246204616F0A7F9002852
:1095B000ABD1BDF80C00A8E76FF01500A5E700BF20
:1095C000FB9903000D9B03005424030070B5057C38
:1095D00086B00446B5B9082000F01EFA40B12C4B05
:1095E00043612C4B83610323037445748574C574F4
:1095F000294900234FF4C25216F027FC6FF00C00EB
:1096000006B070BDC06A082116F0C7F9A589E389C4
:10961000A5EB4005013B5D4363680093064602AA43
:109620006946204616F028FA0028E9D163680193BC
:1096300004AA01A9204616F01FFA0028E0D1BDF8BF
:109640001020BDF808309A4203D06268019B9A420C
:10965000EED102A9204616F0AAF9009A48B1BDF849
:109660000C1059B9BDF808104FF6FF73994200D19C
:10967000AD1B63689342D2D12846C1E7019B934258
:10968000F7D1E06A16F089F9AD1B2D1AF1E700BF9A
:10969000FB990300F99A03005424030010B5047CDD
:1096A0000246ACB9082000F0B7F940B10D4B436158
:1096B0000D4B83610323037444748474C4740B4995
:1096C00000234FF4C25216F0C0FB6FF00C0010BD27
:1096D000C06A082116F061F9D2E901329B1A181A02
:1096E000F5E700BFFB990300E09A03005424030050
:1096F00030B51049104889B0002218F0DEF80F4D3F
:109700000F4900220023CDE9062300240E23CDE9D2
:109710000334CDE901440B4B00944FF4806228469A
:1097200011F05AF80849284610F0DEFF204609B02B
:1097300030BD00BF81980100502D00206826002018
:1097400000890020959B0100409B03002DE9F04714
:10975000DFF85880044607464FF0010914B938462F
:10976000BDE8F08794FAA4F5B5FA85F509FA05F392
:109770002E0108EB05156FEA030A24EA03042B7B8C
:10978000002BEBD058F806301B694BB94644042235
:1097900073682846196807EA0A0716F037FBDDE701
:1097A000284698470028D9D1F0E700BF9425030048
:1097B0002DE9F047DFF8C4902C4CA9EB04038F2B64
:1097C00080460F460AD92A492A484FF4A77215F055
:1097D0008EFE4FF4A771264815F080FE264816F03D
:1097E000F5FA064658B300252846BDE8F087237BE6
:1097F00083B12368DB680BB120469847636883F820
:1098000006A023681B6993B963680422196820467F
:1098100016F0FCFA013610344C4514D91449154899
:109820004FF4AD7215F063FE4FF4AD71D3E72046EF
:1098300098470028E8D00AFA06F31D43EAE70546F0
:109840004FF0010AE8E7D2D3B8F1000FCCD0002DD9
:10985000C9D02846FFF77AFF0546002FF7D0002130
:109860004FF4A47011F06EFEF1E700BF94250300E1
:10987000489B030014880300743A0020B4250300B9
:10988000014810F0FDBA00BF080E0020014B53F84C
:1098900020007047002D030008B5034608462BB191
:1098A000044A136000F0B4FD002008BD6FF01500FD
:1098B000FBE700BF5C09002010B5044C237813B906
:1098C000034810F0DDFA0123237010BDD05B0020A7
:1098D000080E002010B504460B4816F077FA5CB16C
:1098E000BFF35B8F094B53E8001F013943E80012B7
:1098F000002AF8D1BFF35B8F054817F0EAFF05484F
:10990000BDE8104010F0BCBA6C3A0020703A00205C
:10991000502D0020080E00200020064BBFF35B8F67
:10992000014653E8000F43E80012002AF9D1BFF3C3
:109930005B8F70476C3A002070B5FFF7EDFF0E4C5F
:109940000E4E0546B44215D90D490E4840F20E227E
:1099500015F0CDFD0A4840F20E2115F0BFFD6368F9
:109960005B792BB123685B6813B129462046984781
:109970001034E7E7F3D370BD94250300B42503004A
:10998000489B03001488030010B5044C044920468A
:10999000FEF736FB034B1C6010BD00BF080D002016
:1099A000EC2C0300603A0020134A1448002310B541
:1099B0001370134A1360134A4FF400411360FFF70A
:1099C0006BFFFFF7E1FF104B104918468B4211D98E
:1099D0000F49104840F2291215F089FD0C4840F259
:1099E000291115F07BFD1A1A5C68121101322271DF
:1099F0001033EBE7F7D310BDD15B0020C9FD0200A7
:109A00006C3A0020703A002094250300B42503002E
:109A1000489B0300148803000146002201480023EC
:109A2000FEF71CBB080D00200148FEF70DBC00BF6F
:109A3000080D0020024B01461868FEF77BBC00BFF2
:109A4000603A00200148FEF7D5BC00BF080D002099
:109A500070B52F4B1878002859D0FFF7E5FF054661
:109A6000002840D12B4B2C4C1B68002B19DD17F024
:109A700022FF4FF47A72A0FB020302FB0131C30BF9
:109A8000D4E9002043EA41439B1A4FEAD13140F226
:109A9000E93261EB0001934271F1000101D3FFF75C
:109AA0004BFFD4E9003213F57A7342F10002C4E9A6
:109AB0000032BDE87040FFF7C5BF63685B7923B132
:109AC000236829461B68204698471034B4420DD9B4
:109AD0001249134840F2022215F009FD0F4840F2E6
:109AE000022115F0FBFC0F4C0F4EEFE7E5D32846A3
:109AF000FFF7A0FFBFF35B8F0C4B53E8001F01394A
:109B000043E80012002AF8D1BFF35B8FAAE770BDCB
:109B1000D05B00206C3A0020482D0020489B0300B9
:109B20001488030094250300B4250300703A002034
:109B300070B5134D297809BB0120FFF739FE114C90
:109B4000114EB44213D91149114840F2C71215F011
:109B5000CEFC0E4840F2C71115F0C0FC63685B797B
:109B60001BB1236820469B6898471034E9E7F5D37A
:109B7000FFF76EFF0028FBD101232B7070BD00BFE3
:109B8000D15B002094250300B4250300489B03000B
:109B9000148803002DE9F0472C4B2D4FFB1A1B09AD
:109BA0000AD12C492C4840F2AB3215F0A0FC40F20F
:109BB000AB31284815F092FC00210846FFF7F8FD6C
:109BC000044640B340F267684FF0000911F05AFDB7
:109BD000224B186030B1224B1B68092B02DD214853
:109BE00010F04EF9DFF87CA0002544B12046FFF7C5
:109BF000ADFD044618B94FF0FF384FF0FF39FFF7BD
:109C000027FF064628B95DB942464B46504610F03C
:109C10009BF93546E9E74FF0FF384FF0FF39D5E7BC
:109C20000A4D08E0F0D22B689B691BB10022114657
:109C3000284698471035BD42F4D90649064840F2F7
:109C40009F3215F054FC40F29F31B2E79425030097
:109C5000B4250300489B030014880300683A0020E1
:109C6000703A0020080E002013B5264816F0AEF812
:109C7000254B1B785BB3EFF31184402383F31288E9
:109C8000BFF36F8F214811F0A5FF40B9204921484B
:109C9000882215F02CFC88211D4815F01FFC1B485C
:109CA00011F0BCFFFFF7D4FE184811F0A1FF40B936
:109CB0001749184840F2311215F019FC40F23111E1
:109CC000EAE784F31188BFF36F8F02B010BD124B27
:109CD0001B68002BF9D050B900220023CDE90023E6
:109CE0000E4840F26762002312F074FAEDE709288B
:109CF000EBD10A4817F0EDFD094802B0BDE810406D
:109D000010F0BEB8703A0020D15B0020643A002009
:109D10006F98030014880300683A0020502D00203B
:109D2000080E002010B5064B1B68044698472146D4
:109D3000A0600448FEF742FABDE81040FFF794BF68
:109D40005C090020080D0020044A054B9B1AB1EB6A
:109D5000D30F34BF52F83100002070477423030042
:109D60009425030070B50D4C0D4E0546B44211D933
:109D70000C490D4840F2262215F0B9FB094840F283
:109D8000262115F0ABFBA1682846E7F78FF818B13C
:109D90001034EBE7F7D30024204670BD9425030070
:109DA000B4250300799B03001488030008B550B95B
:109DB0000749084840F2351215F099FB044840F273
:109DC000351115F08BFB436800225A7108BD00BFA6
:109DD000A69B0300148803002DE9F04F8FB004AF59
:109DE000C1F34A28B8600D4691467B600C0DB8F16E
:109DF000000F67D0002607F114034FF0040B4FF05B
:109E00000A0AC7F80C80C7E907667E620193CDF89D
:109E100008B0CDF800A007F11C03F96832464846A7
:109E2000FDF73EFEB0F5006F03461CD36C468AB0CA
:109E3000D9F8041004AB2C48C3E9050140F2FF71C6
:109E4000D9611A464FF400711984284B42F8103F2B
:109E5000274833464FF41251FFF7BEFFA5462C3773
:109E6000BD46BDE8F08FC0F30A0804F1170018449E
:109E700020F0070080083B60FFF7CEFD68F3532514
:109E8000044638B33B681B4AC7E9083600F11001A5
:109E900007F11403F961CDE900A3CDF808B0F96822
:109EA00007F11C034846FDF7FBFD002812DA1249B2
:109EB00012484FF4A37215F01AFB0F484FF4A37128
:109EC00015F00CFB04F1170020F007008008FFF7E5
:109ED000A3FD044668F353257B68B9682A462046EB
:109EE00015F0B3FFBBE700BFE79B030004000001D0
:109EF000842403001FFE0200269C03001488030034
:109F00002DE9F04F87B0DDE91279DDE9106A0446EA
:109F10000391934698468FB3CDF800903B46524646
:109F200010210020CDF81490FDF7BEFB051E0ADAC3
:109F30002A492B4840F2651215F0D9FA40F2651112
:109F4000264815F0CBFAB5F5006F18DB0820FFF7AF
:109F500063FD50B1234B436140F2FF7383610323E0
:109F60000374002343748374C3741F4900234FF4A4
:109F7000C45207B0BDE8F04F15F067BF3D4606F18B
:109F80001700284420F0070004F007048008FFF7BA
:109F900043FD0BF0070BE40044EA8B1444EA45242C
:109FA00044EA0654064698B197B1CDF800903B4676
:109FB000524629461030FDF777FB002808DA07499A
:109FC00007484FF4C47215F092FA4FF4C471B7E722
:109FD0000399434622463046CBE700BF269C030048
:109FE00014880300529C030084240300406820B1BD
:109FF000034BC01A40F3CF0070474FF0FF3070475B
:10A00000742303000EB403B503AB014653F8042BCD
:10A010000448019315F04DFF02B05DF804EB03B066
:10A02000704700BF45A00100CA0605D48B064CBF8F
:10A0300002490349FFF7E6BF704700BF8B9C03004E
:10A040008A9C030038B54B681A68CB689A4205466B
:10A050000C4602D1084615F01FFF6368BFF35B8F03
:10A0600053E8002F511C43E800100028F8D1BFF33B
:10A070005B8FA3689D5463681A68E3689A4208D9A5
:10A0800005490648722215F032FA0348722115F08C
:10A0900025FA002038BD00BF8D9C03001488030002
:10A0A0002DE9F04F8BB09A46169B06939DF854B05D
:10A0B000179B0593189B199E049304460D469046E2
:10A0C000BBF1000F00F0AC80BBF1040F0AD9A3492B
:10A0D000A34840F2462215F00AFA40F246219F4872
:10A0E00015F0FCF906F00103089306F00803079346
:10A0F00006F48073099315F087FE06F00209024604
:10A1000000283BD097492046FFF77CFF0746B9F16E
:10A11000000F08D016F0440F32D193492A4620464A
:10A12000FFF770FF0744089B53B1904B904953F8D9
:10A130002B20904B2046002A08BF1A46FFF762FFEB
:10A14000099B002B48D0079B002B62D1B8F1000F70
:10A1500064D0894942462046FFF754FF0546069BD6
:10A160003D44002B6BD1049B002B7FD1F30700F102
:10A17000EE8031462046FFF757FFE2E00746C6E78C
:10A180007E4B18680028CDD07D4B4FF47A791B6840
:10A19000B5FBF3F54FF46163B5FBF0F100FB11552E
:10A1A00009FB05F54FF03C0CB1FBF3F203FB121178
:10A1B000B5FBF0FEB1FBFCF300FB1E550CFB1311CD
:10A1C00009FB05F50091B5FBF0F56E49CDE901E518
:10A1D0002046FFF717FFA5E7079BEBB16A4B6B49DA
:10A1E00053F82B202046FFF70DFF0546B8F1000F6E
:10A1F00005D0614942462046FFF704FF0544BAF105
:10A20000000FACD0624952462046FFF7FBFE0544E2
:10A21000A5E74FF0000AE1E7079DE7E745469EE71F
:10A22000BAF1010F069B06D1D3B9049B002B00F0B5
:10A23000888000251AE0002BF7D0564811E05648D8
:10A24000069B5649224615F073F800280BDA43495D
:10A2500043484FF4287215F04AF94FF428713EE74D
:10A260004D485D46ECE7049B002B66D0DFF840814B
:10A27000DFF84091049F3146102F204628BF102759
:10A28000FFF7D2FE4FF0000A554543DC059B4946D7
:10A290001A782046FFF7B6FE4FF0010A1AF0070FB2
:10A2A00003D141462046FFF7ADFE574539D9059BFE
:10A2B000494613F80A202046FFF7A4FE0AF1010AD6
:10A2C000BAF1100FEAD1364920464FF0000AFFF7E5
:10A2D00099FE5246059B9A5C324B995C11F0970FA0
:10A2E00008BF2E2230492046FFF78CFE0AF1010AF2
:10A2F000BAF1100F1AD01AF0070F03D141462046C9
:10A30000FFF780FE57455246E4D841462046FFF706
:10A3100079FEEBE741462046FFF774FE0AF1010A99
:10A32000B2E722492046FFF76DFEC7E7059B3B4495
:10A330000593049BDB1B04939CD1BBF1000F7FF4BE
:10A3400015AF20460BB0BDE8F04F15F0A5BD094A8A
:10A3500007492046FFF756FE0BE700BF8D9C030020
:10A3600014880300BC9C0300C09C0300102D030054
:10A3700036B403003A850300E59C03007C3A0020D4
:10A38000783A0020C99C0300242D0300E99C0300B7
:10A39000EF9C0300C1FE020045A00100B3FE0200D5
:10A3A000FE9C03003CC30300009D0300FA9C0300D5
:10A3B000FC9C0300F49C030073B542F20F738B42C4
:10A3C00028BF0B4605680F4A04460521684615F06C
:10A3D00028F863680C495B6806460B22284615F08E
:10A3E0004DFD63683246694628465B6815F046FDB8
:10A3F000636806495B681B22284615F03FFD02B0E2
:10A4000070BD00BF667B03001F9D0300039D03001A
:10A41000074A00210123904206D8064A01B90123C8
:10A420001360054B1860704740085B000121F2E79C
:10A4300040420F00783A00207C3A0020014B012274
:10A440001A707047D25B0020014B002019607047E2
:10A45000943A00200148FFF7AFBF00BF542D03001E
:10A4600010B5064B18680C46FFF710FA2146034654
:10A47000BDE8104002480F22184700BF943A002060
:10A48000542D0300F8B5094D094B0A4ED5E9004794
:10A4900001221A700CB92C60F8BD214630463A46AC
:10A4A00000F01EF8241A0644F4E700BF883A0020A2
:10A4B000D35B0020D45B002010B9074B18707047A5
:10A4C000064B1B781BB141F2883017F0D8B8A42096
:10A4D000002111F037B800BFD25B0020D35B002011
:10A4E0002DE9F047DFF87C901D4F80460E4604248E
:10A4F00099F80050A5B917F0B5F8324682464146A2
:10A5000028460EF00DFE0546504617F0B3F8E5B1AB
:10A5100001233B7099F8003073B93046BDE8F087ED
:10A520003246414600200EF0FBFD0546EFE720468F
:10A53000FFF7C2FF651E2C4600200EF07BFE0028B0
:10A54000EBD03B78002BF2D1E7E73B78002BE4D04F
:10A55000013C2046FFF7B0FF3B78002BC8D1DCE779
:10A56000D25B0020D35B00202DE9F3414368124801
:10A570001C680DF10701656815F0FFFC30B99DF806
:10A580000710012902D10C4800F04AF801232B756D
:10A590002568D5E90136D3E900482F6824B96B68EE
:10A5A0001C6002B0BDE8F081214630464246B84703
:10A5B000241A0644F2E700BF001C0300F8B5074F59
:10A5C0000D4604464618B44201D12846F8BD14F899
:10A5D000011BBB6801485B689847F4E7001C030057
:10A5E00010B543681C68084817F04DF840B9074992
:10A5F0000748992214F07BFF0448992114F06EFF5C
:10A6000023685B685C6010BD001C03005B9D030059
:10A6100014880300014B036000207047982D03004D
:10A6200070B5046A0D46002C3FD0244A2379565C4D
:10A63000B3423DD0224A525C9A423CD1A36898472B
:10A64000002814DA022D10D0032D0FD110F1860F3F
:10A650000BD0BFF35B8F54E8003F43F0020344E8A4
:10A660000032002AF7D1BFF35B8F267170BD022D37
:10A67000267101D00020F9E7BFF35B8F54E8003F5B
:10A6800023F0040344E80032002AF7D1BFF35B8FC4
:10A69000BFF35B8F54E8003F23F0020344E800322D
:10A6A000002AF7D1BFF35B8FE4E76FF05700DDE7D7
:10A6B0006FF07700DAE76FF08500D7E7BE9D030003
:10A6C000BA9D03002DE9F0471A4CDFF87480DFF8DB
:10A6D000749005460E461746444525D91649174835
:10A6E0004FF4BB6214F003FF13484FF4BB6114F046
:10A6F000F5FE6268D9F824309A4213D3A3698BB16E
:10A70000A9889078C9B2884205D13A463146284690
:10A71000BDE8F04718475279012A03D13A4631463D
:10A72000284698472434D7E7E3D36FF08500BDE887
:10A73000F08700BF580F0020C29D0300148803005B
:10A74000A00F0020BC3A00202DE9F041134B144F1C
:10A750005E6A144BBB421BD91349144840F2BB52EA
:10A7600014F0C5FE104840F2BB5114F0B7FE5C680F
:10A77000B4420BD31D694DB194F802C08488E4B291
:10A78000A44503D12B46BDE8F04118472433E1E747
:10A79000EDD36FF08500BDE8F08100BFBC3A00202A
:10A7A000A00F0020580F0020C29D03001488030052
:10A7B000024B00221A605A60704700BF773B0020AE
:10A7C0002DE9F041114CDFF8508005460E46174642
:10A7D000444516D90E490F484FF4C16214F087FE64
:10A7E0000B484FF4C16114F079FE63690BB924344E
:10A7F000EEE73A463146284698470028F7D1BDE8AB
:10A80000F081F2D36FF08500F9E700BF580F002008
:10A81000C29D030014880300A00F0020430670B5FA
:10A820001CD0114B114CA3421AD9114911484FF4B5
:10A830007D7214F05CFE0E484FF47D7114F04EFEF4
:10A84000196A1E7F00220439D5B2AE4201D82433E2
:10A85000E9E7013211F832508542F5D1012001E0DB
:10A86000EED3002070BD00BF580F0020A00F0020C5
:10A87000C29D030014880300F7B58488E4B2204623
:10A880000F468DF80740FFF7C9FF054680B114F069
:10A890007F0F0E4E02D096F8BA30ABB1204657B1BA
:10A8A00003F0F2FDF3691BB10DF107010820984791
:10A8B000284603B0F0BD03F02BFEF369002BF7D060
:10A8C0000DF107010920F2E71D46F1E7BC3A00202F
:10A8D00010B504460820FFF79FF850B1094B4361BB
:10A8E000094BC0E9063404230374002343748374C2
:10A8F000C374064900234FF4015215F0A6FA002054
:10A9000010BD00BFF49D0300339F03006C250300BE
:10A9100038B5054615F0D6FD10F1780F044617D06E
:10A92000B0B10820FFF778F850B10F4B43610F4BDF
:10A93000C0E9063504230374002343748374C3748D
:10A940000B4900234FF4015215F07FFA204638BD21
:10A95000284615F06FFB074AD2F8C43023EA0003FB
:10A96000C2F8C4300024F1E7139E0300479F0300A0
:10A970006C250300BC3A002008B509480378C3F3EE
:10A9800041130A3350F823303BB100F1080200F1C3
:10A9900010019847C043C00F08BD1846FCE700BF30
:10A9A000BC3A002004282DE9F74FDFF8D890044680
:10A9B0000F4616D0012830D1DFF8C48098F8B9309E
:10A9C0005BB300F09DFF2B4D4D4532D92A492B48F2
:10A9D00040F2C24214F08BFD40F2C241264814F00E
:10A9E0007DFDFFF7E5FEE7E702EBC6060192307951
:10A9F00015F068FD8346307915F01CFBD8F8C4309B
:10AA0000019A23EA0003BBF1000FC8F8C4300AF131
:10AA1000010A12DA002388F8B930164D4D451BD9CA
:10AA20001549164840F2EE4214F061FD40F2EE4145
:10AA3000D4E7EFD22A6A4FF0000A2B7F5FFA8AF63A
:10AA4000B342D1D82435BFE7EB681BB13A46214663
:10AA5000284698472435E1E7F6D3094B1B6A2BB10A
:10AA60003946204603B0BDE8F04F184703B0BDE8B3
:10AA7000F08F00BF580F0020C29D03001488030010
:10AA8000BC3A0020A00F002073B5044680788DF8F2
:10AA90000000237962792C4D43EA0223ADF802309D
:10AAA000E37803F003038DF8043015F0C3FAD5F80A
:10AAB000C430184206460CD0A478204600F002FFAD
:10AAC0002046FFF725FF16F081FE10B9962010F002
:10AAD00075FD684603F09AFC10F1780F9DF8004070
:10AAE00018D0B8B10820FEF797FF50B1174B43615B
:10AAF000174BC0E9063404230374002343748374A2
:10AB0000C374144900234FF4015215F09EF900203C
:10AB100002B070BD204603F037FD10F1780F09D068
:10AB200040B108209DF80040FEF776FF0028E8D0ED
:10AB3000094BDCE7D5F8C4300120334385F8B90070
:10AB4000C5F8C430E4E700BFBC3A0020399E0300DA
:10AB5000269F03006C250300619E03002DE9F0474A
:10AB6000A84EB36904460F461546FBB9237803F097
:10AB70001F03012B00F09E80022B00F0068133BBE7
:10AB800094F900002A686178002834DA062912D086
:10AB900008292BD0D9B901231370517096F8C3300E
:10ABA0005B0043F001031370022328E1984700285B
:10ABB000DCD100200DE06288100A011F01298446C3
:10ABC00005D9072803D8716AD2B20C781CB96FF086
:10ABD0001500BDE8F0874E78664503D19A4200F033
:10ABE000098101332144F0E70B7808E196F8BA3087
:10ABF0001370012303E101390829E8D801A353F8B0
:10AC000021F000BF9FAC0100CFAB0100ADAC010053
:10AC1000CFAB010029AC0100CFAB0100CFAB0100ED
:10AC2000CFAB010037AC01006088C0B203F086FBF7
:10AC30000028BED0CBE76388756A63BBFFF7B8FD19
:10AC4000638886F8BA30F369002BB2D06E490320CE
:10AC50009847AEE76B78042B10D0052B11D0022B50
:10AC600004D16F796388BB4208BF01202B781D4453
:10AC70002B78002BEED10028A9D0DFE795F80380D0
:10AC8000F4E76388BB42F1D1B8F1000FEED128465A
:10AC9000FFF7FAFEEAE7FF270020B846E8E76388F7
:10ACA000012B94D1002386F8C33082E76388012BFF
:10ACB0008DD1F8E796F8BA30D5F800C0002B86D0D1
:10ACC000A388756A5FFA83FE2A46107800283FF44D
:10ACD0007EAF5178022904D192F80480F04500F249
:10ACE00095800244F1E78CF800208CF8012039604F
:10ACF0005FE7154496E00B2A7FF469AF00274FF019
:10AD0000FF08C146BA4606E06B78042B0FD0052B2E
:10AD100021D02B781D442B78002BF5D1F36913B18A
:10AD2000514607209847002F7FF443AF4FE795F82F
:10AD30000280A38895F803909845EAD163889945E5
:10AD4000E7D1B8F1070F1DD806EB0803AA4683F830
:10AD5000BB900127DDE7A3884345DAD16388DBB2E6
:10AD60004B450AD0AF78384600F0ACFD3846FFF7C7
:10AD7000CFFDB0FA80F77F09CBE72846FFF784FEC6
:10AD80000746C6E7AA460027C3E794F90020637880
:10AD9000002A19DA002B7FF41AAFA4882D68E4B2D8
:10ADA0002046FFF73BFD00283FF411AF630604D0B7
:10ADB00096F8BA30002B3FF40AAF2946204603F03C
:10ADC000C7FB00236B70EFE6012B08D0032B7FF449
:10ADD000FEAE6388002B7FF4FAAE012103E06188A8
:10ADE00000297FF4F4AE2046FFF746FD00287FF4EB
:10ADF000E0AEECE6022829607FF4F6AE4B883B60BB
:10AE0000D7E600BFBC3A0020763B002094F9000052
:10AE100062780028BFF66FAF002A3FF464AF0A2AB9
:10AE20007FF4D5AE2A78002A3FF4D1AE69780429A0
:10AE30007FF45FAFA9788B427FF45BAF072B96BF9F
:10AE40009B19002393F8BB308CF80030D1E600BF8B
:10AE500013B5164C237DF3B9E268A168019201ABEA
:10AE6000802015F0F5F8019AA3681344A360E36805
:10AE70009B1AE3606BB962B12369E2889A4208DDEC
:10AE800094F8C82093FBF2F102FB11330BB90123B4
:10AE9000237502B010BD00231A4619468020237581
:10AEA00002B0BDE8104003F099BB00BFBC3A0020DF
:10AEB0007FB500230D4601930646002870D1002976
:10AEC00048D108220B460DEB020115F014FB0028B7
:10AED00003DA802003F0D8FA2DE03C4C029A22607D
:10AEE000039A626004F13802A2609DF90820BDF85F
:10AEF0000E302575002AC4E903551EDB802B17D9B7
:10AF00000820FEF789FD40B1314B4361314B83612D
:10AF10000323037445748574C5742F4900234FF4CB
:10AF2000C25214F092FF802003F0AEFA0020D1E765
:10AF30001BB1C4E9033304B070BDFFF71DFD002849
:10AF4000C7D0E28823699A42D4BFE260E360FFF78A
:10AF50007FFFF0E71D4CD4E90212002A01AB05DCAB
:10AF6000024615F0C8FA0028E5DAB2E715F0C3FA90
:10AF7000002804DA802003F087FA3046AAE7019A15
:10AF8000A3681344A360E3689B1AE360002BD2D14B
:10AF900004F13803A360FFF7EFFC0028D7D198E74E
:10AFA000802807D1094BDA68002AD0D11B7D002BFD
:10AFB000CDD1C0E709490A484FF4C57214F097FA99
:10AFC00006484FF4C57114F089FA00BFBC3A00205E
:10AFD000869E0300FF9E03006C250300C29D0300B4
:10AFE00014880300054B064A9A62064ADA62064A4A
:10AFF0001A63064A58629A6100207047BC3A0020E2
:10B000005DAB010049A70100C1A70100C5A6010071
:10B010002DE9F3410646604D60484FF0FF334FF095
:10B02000FF320EF099FC95F8B830002B40F0B0805C
:10B030006B6A0BBB00F00CF9FFF7D4FF6C6ADCB94C
:10B040000820FEF7E9FC40B1554B4361554B836145
:10B050000323037444748474C474534900234FF469
:10B06000C25214F0F2FE4FF0FF344C480EF02AFDAD
:10B07000204602B0BDE8F0814C48E8616F6A2E625C
:10B0800003F03CFC03F028F9041EEEDB00F05AFC50
:10B09000041EEADB7B78012B01D1FB79B3B90820D0
:10B0A000FEF7BAFC48B1424B43613E4B8361032338
:10B0B0000374002343748374C3743B4900234FF427
:10B0C000C25214F0C2FE6FF01504CEE700266846A7
:10B0D00085F8C830ADF802308DF804608DF8006056
:10B0E00003F094F9041EC0DB802768468DF80070D9
:10B0F00003F08CF9041EB8DB2E49304603F0EAFB5E
:10B10000041EB2DB2B49384603F0E4FB041EACDB23
:10B11000294CDFF8B08044451DD9284928484FF410
:10B12000C36214F0E4F925484FF4C36114F0D6F972
:10B13000276A0026227FF3B29A4201D82434EAE734
:10B1400007EBC30257F83310107903F0C3FB013645
:10B150000028EFD087E7EBD3002003F015FA041E98
:10B1600083DBD5F8C430802043F00103C5F8C43038
:10B1700003F00AFA041EFFF678AFD5F8C43043F4A2
:10B180008033C5F8C430012385F8B83000246CE75B
:10B190006FF0770469E700BFBC3A0020E40D00209F
:10B1A000A39E03001B9F03006C250300A5A90100BB
:10B1B000CC9E0300B1AE0100580F0020C29D0300D9
:10B1C00014880300A00F002030B51F4B8BB005AAD8
:10B1D00003F1100518685968144603C40833AB42DC
:10B1E0002246F7D11B7823701022002101A816F007
:10B1F000D6FB12220021154816F0D1FB102101A820
:10B2000015F026FB00281BDD0828B8BF08200938E8
:10B2100001AB0E491A18002012F8013F0AAC04EBEA
:10B22000131403F00F0328336B44013014F8144C4B
:10B2300013F8143C0C7008284B7001F10201EBD19B
:10B2400002480BB030BD00BF639F0300E65B0020E7
:10B250002DE9F04FAC4B93F800B087B0BBF1000F75
:10B2600003D0AA4807B0BDE8F08FA84C00264FF0E5
:10B27000011AB1463546374623783BB9A44B023410
:10B280009C42F3D1A04A01231370EAE76378052BAF
:10B2900029D8DFE813F0F50006005F01F5002B0068
:10B2A0007900402304A88DF810B0ADF812308DF865
:10B2B00014B003F069F898B1082304A8ADF812306F
:10B2C00003F062F860B193499348ADF812B040F2D0
:10B2D0008F1214F00CF940F28F118E4814F0FEF822
:10B2E000BDF81230E37123781C44C5E7E378002BE6
:10B2F000F9D1A378002B42D1884D03E06B689C42C2
:10B3000038D02435864B9D4208D9824982484FF473
:10B310009B7214F0ECF84FF49B71DEE7EED308203B
:10B32000FEF77AFB50B17F4B43617F4BC0E9063497
:10B3300004230374002343748374C37400234FF401
:10B3400001527A4914F081FD0820FEF765FB48B1EF
:10B35000774B4361774B836103230374002343746A
:10B360008374C374714900234FF4C25214F06DFD0D
:10B37000002077E7AB6813B149462046984709F1AA
:10B3800001095FFA89F9AEE7002D77D10820FEF7B1
:10B3900043FB40B1684B4361634B836103230374F8
:10B3A00045748574C57400234FF4C252C9E7296AF5
:10B3B000A07801EBC2010B79984213D001322B7FA8
:10B3C0009A42F4D30820FEF727FB0028EBD05B4B12
:10B3D0004361554B836103230374002343748374D7
:10B3E000C374E0E74FF00108E07800F003008DF847
:10B3F0001400207994F805C040EA0C20ADF8120042
:10B4000094F9020000285FFA88F329DA08F11000A5
:10B410004FF0010C0CFA00F010EA0A0F28D143F0AB
:10B4200080008DF8100004A8CDE90213019202F00B
:10B43000ABFFDDE90121039BD0B99DF81020A2707C
:10B4400012F0800F18BF10330A7118BFDBB24FF033
:10B45000010214BF9A4002FA08F24AEA020A42E7DD
:10B46000012000FA08F010EA0A0F01D11846D8E7C7
:10B4700008F10108B8F1100FB6D19FE700229EE74E
:10B48000032E1AD1FFF7A0FE804650B1E5F718FD54
:10B49000024630B11028A8BF10224146A01C16F069
:10B4A00056FA23786FF00200E118001B04EB5303F7
:10B4B000C84216D50136F6B215E7002EF1D1002F9D
:10B4C00040D10820FEF7A8FA00283FF46CAF1C4BCF
:10B4D0004361154B83610323037447748774C774F6
:10B4E00061E71A78203A5E2A06D90A490A48CB222F
:10B4F00013F0FDFFCB21F0E601F801BC13F80129A0
:10B5000001F8022DD4E700BFE55B0020540E0020B7
:10B51000560F0020749F030014880300580F00206A
:10B52000A00F0020AA9F030078A003006425030059
:10B5300055A003008BA00300CE9F030013A00300BF
:10B5400034A00300E31BBB70C3F30723FB7087F831
:10B550000490AFE72746C6E610B5094B00211A460E
:10B560001C78844204D15C6814B102EB811010BDD8
:10B570000131042903F14003F2D10020F7E700BFB5
:10B58000883B00202DE9F34150F8283C10F82C6C42
:10B59000103304460BD1036950F8202C13F0020736
:10B5A0004DD0D2B9590715D5002344F8283C54F89A
:10B5B000283C10330BD054E9077554F8148C16F05E
:10B5C00005F9002878D04348214616F0EFF802B07C
:10B5D000BDE8F08143F00403036154F8241C01AB7F
:10B5E000304614F035FD0546C0B10A20FEF714FAC6
:10B5F00058B1394B4361394B0662C0E90635052322
:10B600000374002343748374C374002334494FF4D8
:10B61000215214F01AFC6FF01503C6E7019A54F892
:10B62000243C134444F8243C54F8203C9B1A44F82E
:10B63000203C54F81C3C134444F81C3CB7E750F839
:10B64000241C01AB304603F07BF8054680B10A208C
:10B65000FEF7E2F90028D8D01F4B43611F4B06626A
:10B66000C0E906350523037447748774C774CCE7B3
:10B67000019D54F8243C2B4444F8243C54F8203CCD
:10B680005B1B44F8203C54F81C3C2B4444F81C3C05
:10B69000002D89D0304603F037F9B5FBF0F303FBFA
:10B6A0001055002D80D154F8203C002B3FF47CAF86
:10B6B000304603F0B1F87AE744F8180CA4F1100012
:10B6C0000EF0DEFB002D82D0424639463046A847B8
:10B6D0007DE700BF882D0020B4A003004CA103002B
:10B6E000842503004B1E012B73B506460D4622D858
:10B6F000FFF732FF044600BB012D1CD101AB012234
:10B700000DF10301304603F01BF8019C002CF5D12C
:10B710000820FEF781F940B1114B4361114B836161
:10B720000323037444748474C4740F4900234FF4D6
:10B73000C25214F08AFB02B070BD16F047F804F153
:10B740002C0108B1012D05D1084602B0BDE87040BA
:10B75000FFF718BF054802B0BDE8704016F026B8E4
:10B76000D5A003005EA1030084250300882D0020DE
:10B770002DE9F74F054601911646984614F0B0FCA6
:10B780000446002840F08D80EFF31183009340239E
:10B7900083F31288BFF36F8FDFF82091002200231C
:10B7A00048460EF0D1FB18BBDFF814A10AEB841B4E
:10B7B000A701DBF8044014F1100F3DD101900820DF
:10B7C000FEF72AF950B1384A4261384A019B437466
:10B7D000C0E90625042202748374C374344900232B
:10B7E0004FF4015214F031FB48460EF049FB1AE0C9
:10B7F0000134042C09F14009D0D10820FEF70CF9DE
:10B8000048B12C4B4361294B83610323037400230C
:10B8100043748374C374264900234FF4C25214F056
:10B8200014FB6FF00B04009B83F31188BFF36F8F41
:10B83000204603B0BDE8F08F0C9B019ACBF8143082
:10B840000D9BCBF81000CBF8183028466FF00F0393
:10B85000CBE902260AF80750CBF83C80CBF804303D
:10B8600003F052F868B1284603F04EF8B6FBF0F347
:10B8700003FB10662EB1DBF83C3043F00403CBF839
:10B880003C3018F0020F07D007F12C010A48514450
:10B8900015F08CFF0024C6E7284602F0BDFF0446E1
:10B8A000C1E76FF00F04C3E712A103003FA103003B
:10B8B00084250300F3A00300882D0020A43B002072
:10B8C000883B002010B5EFF31184402383F31288E6
:10B8D000BFF36F8FFFF740FE50B14368103307D1BD
:10B8E0006FF08B03436000F12C01044815F05EFFFC
:10B8F00084F31188BFF36F8F10BD00BF882D002027
:10B90000F8B50E4C04254027EFF3118687F3128813
:10B91000BFF36F8F6368103307D16FF08B03084854
:10B92000636004F12C0115F041FF86F31188BFF329
:10B930006F8F013D04F14004E6D1F8BD883B002043
:10B94000882D002070B50A4C0A4E0025314620464D
:10B950000EF060FD0122A4F110001146013515F032
:10B9600007FF042D04F14004F0D1002070BD00BF9A
:10B97000B43B002085B501000169012381F84B30FB
:10B980000B6833B191F849301BB10248083115F00A
:10B990000DBF7047882D00200169012381F84A30CE
:10B9A0000B6833B191F848301BB10248083115F0EB
:10B9B000FDBE7047882D002070B50569EFF3118634
:10B9C000402383F31288BFF36F8FD5F89000FDF703
:10B9D00097F9044686F31188BFF36F8F30B104489E
:10B9E0000022002305F118010EF012FE204670BD62
:10B9F000882D002070B5012382F8483013680D4669
:10BA000014463BB192F84A3023B10E4802F10801C6
:10BA100015F0CCFED4F89030DA885B899A4205D1D3
:10BA20007DB904F1180140F6CD4204E004F118019B
:10BA3000002DF8D00022BDE87040024800230EF02F
:10BA4000E7BD70BD882D002070B50E468188044684
:10BA5000C9B21548154614F01FFB10B394F9002025
:10BA60006378002A16DB202B04D0222B0ED06FF037
:10BA700085000AE02B681A6840F8102C9A8820F894
:10BA80000C2C9B7900F80A3C002070BD638800F8FC
:10BA9000093CF9E7212BEAD11038072328603360ED
:10BAA000F2E76FF01200F0E7883C002008B501468D
:10BAB000034814F0FFFA10B1012300F8073C08BD59
:10BAC000883C00200D4A03460021A0F84810106869
:10BAD000C3F8940090889279A3F8980083F89A208C
:10BAE00083F89C1083F89B10A3F89E1083F8A01095
:10BAF000402203F14C0015F052BF00BFD3260300D3
:10BB000010B504690023C4F8A8300C4BC4F8A40095
:10BB1000596804F1A80269B9C3E9002204F10800D8
:10BB200007490EF077FC04F1180006490EF04AFDB3
:10BB3000002010BD0A605A60F0E700BF883C00207A
:10BB40000B010300FDBB010030B54FF40033426828
:10BB500005690D4C85B042F2A100CDE90103002337
:10BB600085F89D30106AADF80C1000790A2201A901
:10BB700014F06EFA95F89D3023B9012015F07FFD81
:10BB8000013CF7D105B030BDA186010073B5046951
:10BB90008DF80710002384F848304025EFF3118614
:10BBA00085F31288BFF36F8F0122D4F890000DF156
:10BBB0000701FDF7A5F886F31188BFF36F8F012801
:10BBC0000AD015F003FE10B994F8A1306BB9094BF7
:10BBD0001A780AB901221A702122002304F11801EF
:10BBE00005480EF015FD02B070BD002121200FF0B8
:10BBF000A9FCD3E7F85B0020882D0020F0B5D0F831
:10BC00008C305B681B6A1F7D85B00546384614F092
:10BC100067FA064650BB95F886303BB3A86F0146DD
:10BC2000C38831F80A2F9B1A9BB2B3F5806F28BFE7
:10BC30004FF4806303AA13F0F4FD0446B0B1830609
:10BC4000A5F1180308BF00F1FF3485F830600193B7
:10BC5000074B03990093224602233846FFF788FDDD
:10BC6000A86F224600F10A0113F011FE05B0F0BDE5
:10BC7000F5B9010037B514460A1E054621DDD4F892
:10BC80008C0004F14C01FDF73BF8012384F84930A6
:10BC900023683BB194F84B3023B1114804F10801FB
:10BCA00015F084FDD4F88C209388918912695B1A71
:10BCB0009BB2D31A3F2B04D8012384F8A03003B0E1
:10BCC00030BD94F89E30002BF9D0064B00930194C0
:10BCD0000123402204F14C012846FFF749FDEEE71D
:10BCE000882D002075BC0100F7B50D4601461D48A2
:10BCF00014F0C6F9044610B30646691E56F8A43976
:10BD00005F6805291BD8DFE801F01C1A031C2226F6
:10BD100010F8061C99B9012300F8063C3B6A32462C
:10BD2000187BFFF7A7FF14F85C2C42B93B6A187D1B
:10BD30000D4B0093019602231146FFF719FD03B046
:10BD4000F0BD304603B0BDE8F040FFF7BBBE0123B5
:10BD500004F8053CF3E710F8053C002BEFD0002376
:10BD6000F6E700BF883C0020F5B9010037B5094D62
:10BD70000949002400944FF0FF334FF40072284625
:10BD80000EF0BAFB054928460EF0AEFC204603B083
:10BD900030BD00BF882D0020808D002092A10300BF
:10BDA00010B5084C216811B1074815F0D6FC4FF0CA
:10BDB000FF324FF0FF3305480DF0ECFF20600530F7
:10BDC00010BD00BF903C0020180E0020400E002047
:10BDD00038B5094C094D2046294615F0BEFC05F53D
:10BDE0008471204615F0B9FC20460549BDE838406D
:10BDF000002204F04FBD00BF180E0020943C00202C
:10BE0000400E002008B5054813F0FEFA044813F070
:10BE1000FBFABDE80840034813F0F6BAAAA10300F4
:10BE2000F1A1030024A20300014810F081BB00BF70
:10BE3000982D030038B5044618B90F4B0F485B68BE
:10BE400098476168B1F5683F10D0B1F5680F0DD023
:10BE50000B4DA9420AD011F46861206807D0014651
:10BE600008480DF0C5FC00232360656038BD14222E
:10BE700015F095FDF9E700BF740B002052A20300F6
:10BE80002C5F5CA9A443002008B520B34368B3F538
:10BE9000683F10D101220368BFF35B8F53E8001F96
:10BEA000002903D143E800200028F7D1BFF35B8FBE
:10BEB0000DD1002008BD094A93420AD000684FF016
:10BEC000FF324FF0FF330DF047FD0028F1D004485A
:10BED000F0E70448EEE76FF4E040EBE72C5F5CA985
:10BEE000E98FFFFFEA8FFFFF08B5D8B14368B3F5CC
:10BEF000683F10D100220368BFF35B8F53E8001F37
:10BF0000012903D143E800200028F7D1BFF35B8F5C
:10BF10000BD1002008BD074A934208D000680DF0FD
:10BF2000D1FDF6E76FF4E040F4E70348F2E7034899
:10BF3000F0E700BF2C5F5CA9E98FFFFFEA8FFFFFEE
:10BF400010B5044618B91D4B1D485B6898476368D7
:10BF5000B3F5683F2FD0B3F5680F2CD0194A934240
:10BF600019D1236803BB18484FF0FF324FF0FF335D
:10BF700021460DF0CBFB08B923681BB90F4B1348C2
:10BF80005B68984720681422002115F008FD4FF4E3
:10BF90006863636008E0B3F5683F0DD83A2B03D0BF
:10BFA00040F6BA629342DED1206815F0C3FB6368A5
:10BFB00043F03A03636010BD054AF3E7740B0020B9
:10BFC00052A203002C5F5CA9A443002078A20300C6
:10BFD0003A00003A08B5064906484023142215F0F5
:10BFE00092FBBDE808400449044810F013BB00BFB1
:10BFF000A43E0020A4430020A02D0300B42D030084
:10C000002DE9F74F07460C46002900F0A8800A20CA
:10C01000D1E900868D68FDF7FFFC60B1604B43619C
:10C02000604BC0E90865C0E90638062303740023A5
:10C0300043748374C3745C4900234FF4415213F07A
:10C0400004FF0A20D4E903866569FDF7E5FC60B1C9
:10C05000564B4361534BC0E90865C0E906380623D7
:10C060000374002343748374C3744F4900234FF453
:10C07000415213F0EAFE0820E569FDF7CDFC50B10E
:10C080004B4B4361474BC0E906350423037400233F
:10C0900043748374C3744449DFF8089100234FF458
:10C0A000015213F0D2FE00252646A846326A736A72
:10C0B00001921020D6E90ABA0093FDF7ADFCB8B1A1
:10C0C0003C4B019A0262C0E90539009B8362AB1CBC
:10C0D000C0E90B3BEB1CC0E90D3A6A1C0B23C561A0
:10C0E0004262037480F8118080F8128080F8138017
:10C0F0002D49002345F64002043513F0A6FE102D0D
:10C1000006F11006D2D10820256EFDF785FC50B14E
:10C11000294B4361234BC0E90635042303740023F4
:10C1200043748374C374204900234FF4015213F005
:10C130008CFE0820A569FDF76FFC50B11F4B4361D1
:10C14000184BC0E906350423037400234374837439
:10C15000C374154900234FF4015213F076FE012FEA
:10C1600017D1EFF305850820FDF756FC58B1144BA5
:10C170004361144B83610423103D03740023C561A4
:10C1800043748374C374084900234FF4015213F0BD
:10C190005CFE2146384603B0BDE8F04F0DF0BEB856
:10C1A000A5A20300C1A30300B4240300D8A2030086
:10C1B0000BA303001EA3030065A3030078A30300E1
:10C1C000AAA30300CAA3030030BFFFF7FDBF00BF4F
:10C1D000054B9A699B689A421FBF044A536843F013
:10C1E00080535360704700BF8057002000ED00E08F
:10C1F0002DE9F041064608200F461546FDF70CFCD8
:10C2000048B1764B4361764B83610323037400236B
:10C2100043748374C374002372494FF4C25213F001
:10C2200014FE714B9B6AD8066AD50820FDF7F4FB13
:10C2300048B16E4B43616A4B83610323037400234F
:10C2400043748374C374674900234FF4C25213F0DC
:10C25000FCFD4FF01108644B9B6A190715D50820A7
:10C26000FDF7DAFB48B1624B43615D4B8361032309
:10C270000374002343748374C3745A4900234FF436
:10C28000C25213F0E2FD4FF01208574B9B6A9A0717
:10C2900039D50820FDF7C0FB48B1564B4361504BE0
:10C2A000836103230374002343748374C3740023E2
:10C2B0004C494FF4C25213F0C8FD4B4B5C6B9B6A68
:10C2C0001B067AD50820FDF7A7FB50B14A4B436106
:10C2D000434BC0E90634042303740023437483747E
:10C2E000C374404900234FF4015213F0AEFD27B14F
:10C2F0003D4A936A23F0800393624FF0130804E0F1
:10C300004FF01008A7E76FF01504374B9B6AD8076A
:10C3100015D50820FDF780FB48B1384B4361304B01
:10C32000836103230374002343748374C3742D490E
:10C3300000234FF4C25213F088FD4FF014082A4B2B
:10C340009B6A990615D50820FDF766FB48B12C4B72
:10C350004361234B83610323037400234374837479
:10C36000C374204900234FF4C25213F06EFD4FF006
:10C3700015081D4FBB6ADA0602D4BB6A9B070BD5B2
:10C380007B68180508D53146204600F047FDB8B156
:10C3900080F309884FF00208134B9A6A920642BF55
:10C3A0005A6A22F400525A629A6A42F0FF029A6272
:10C3B00000232B704046BDE8F0816FF015049CE728
:10C3C000BB6AD906E8D50F490F484FF4927213F0B3
:10C3D0008EF80C484FF4927113F080F8DCA3030040
:10C3E000F3A70300B424030000ED00E0F6A303006C
:10C3F0002DA4030044A4030060A403007AA4030056
:10C400009DA40300D0A403001488030008B50820ED
:10C41000FDF702FB48B1584B4361584B836103233E
:10C420000374002343748374C374554900234FF489
:10C43000C25213F00AFD534B9B6A990140F19A8056
:10C440000820FDF7E9FA48B14F4B43614B4B83613C
:10C4500003230374002343748374C3744849002383
:10C460004FF4C25213F0F1FC1E20464B9B6ADA01D6
:10C4700014D50820FDF7D0FA48B1444B43613F4B37
:10C48000836103230374002343748374C3743C499E
:10C4900000234FF4C25213F0D8FC1F20394B9B6A83
:10C4A0001B0314D50820FDF7B7FA48B1384B436198
:10C4B000324B836103230374002343748374C37476
:10C4C0002F4900234FF4C25213F0BFFC21202D4B03
:10C4D0009B6A590314D50820FDF79EFA48B12D4BED
:10C4E0004361264B836103230374002343748374E5
:10C4F000C374234900234FF4C25213F0A6FC222038
:10C50000204B9B6A9A0314D50820FDF785FA48B1A1
:10C51000214B4361194B836103230374002343744C
:10C520008374C374164900234FF4C25213F08DFC78
:10C530002320144B9B6ADB0314D50820FDF76CFA0B
:10C5400048B1164B43610D4B8361032303740023F1
:10C5500043748374C3740A4900234FF4C25213F026
:10C5600074FC2420074A936A6FEA03436FEA13437B
:10C57000936208BD1D2078E702A50300DDA7030034
:10C58000B424030000ED00E01EA5030035A5030060
:10C5900053A5030075A503009EA50300BCA50300D9
:10C5A00070B5054608200C46FDF736FA48B1684BD1
:10C5B0004361684B836103230374002343748374D2
:10C5C000C37400234FF4C252634913F03EFC634B23
:10C5D0009B6ADA0440F1A2800820FDF71DFA48B1F9
:10C5E0005F4B43615B4B83610323037400234374FC
:10C5F0008374C374584900234FF4C25213F025FCCE
:10C600001720564B9B6A1B0514D50820FDF704FA2A
:10C6100048B1544B43614F4B8361032303740023A0
:10C6200043748374C3744C4900234FF4C25213F013
:10C630000CFC1820494B9B6A9E0534D50820FDF759
:10C64000EBF948B1484B4361424B836103230374C8
:10C65000002343748374C3743F4900234FF4C252D0
:10C6600013F0F3FB3D4B9E6B9B6A19041AD508200F
:10C67000FDF7D2F950B13D4B4361364BC0E9063668
:10C6800004230374002343748374C3743249002366
:10C690004FF4015213F0D9FB25B1304A936A23F4C9
:10C6A0000043936219202D4B9B6A5A0514D508202C
:10C6B000FDF7B2F948B12E4B4361264B836103234A
:10C6C0000374002343748374C374234900234FF419
:10C6D000C25213F0BAFB1A20204B9D6A15F48075E4
:10C6E0001ED00820FDF798F948B1224B4361194B41
:10C6F000836103230374002343748374C374164952
:10C7000000234FF4C25213F0A0FB1B20134A936A7C
:10C7100043F47F4393620023237070BD162070E7BB
:10C720009B6A9B04F2D50820FDF776F940B1124BC5
:10C730004361084B83610323037445748574C57496
:10C74000054900234FF4C25213F07FFB1C20DDE7A4
:10C75000EBA50300E9A70300B424030000ED00E00B
:10C7600005A603002DA403001AA6030037A60300A4
:10C7700050A603006FA603009DA403002DE9F0411D
:10C78000AC4B9CB05C6800AF0546C4F308030026C0
:10C7900086F31188BFF36F8F02F07F40B0F17F4FB7
:10C7A00015D102F00C0008281CD1FDF735F940B175
:10C7B000A14B4361A14B83610323037446748674C8
:10C7C000C6749F4900234FF4C25213F03EFB9D49AB
:10C7D0009D4840F2114212F08AFE40F21141994800
:10C7E00012F07CFE12074CBF0D460126002DEED044
:10C7F0000022FA71DA1E092A00F2F980DFE812F04D
:10C800000A00E000E300CB00F700F700F700F700B4
:10C81000F700E6000820FDF7FFF848B18B4B4361B5
:10C820008B4B836103230374002343748374C374A9
:10C83000002383494FF4C25213F007FB4FF0000866
:10C840007C4B87F80780DC6A14F0020417D00820BC
:10C85000FDF7E2F858B17F4B43617D4B83610323C1
:10C86000037480F8118080F8128080F81380744976
:10C8700000234FF4C25213F0E8FA00244CE0DA6AC5
:10C88000002A0EDA0820FDF7C7F80028EFD0724B17
:10C8900043616F4B83610323037444748474C474D1
:10C8A000E5E7DB6A5B0040F182800820FDF7B4F821
:10C8B00040B16A4B4361664B836103230374447444
:10C8C0008474C4745E4900234FF4C25213F0BDFA5D
:10C8D000584BA9695A6942F480725A61BFF34F8F6D
:10C8E000BFF36F8F5A6931F8021C22F480725A61CB
:10C8F000BFF34F8FBFF36F8F4DF60272914227D176
:10C9000008202C68FDF788F860BB4D4900234FF4E0
:10C91000015213F09AFA2C68FB79ABB968222946C8
:10C9200007F1080015F013F87B6A002E7DD0C3F3E1
:10C93000080222B96FEA53236FEA43237B6207F1AF
:10C9400008012046FFF75CFB7037BD46BDE8F0816B
:10C950009A6AD2B292B1FA1D01212846FFF748FC2B
:10C960000446D9E73E4B4361394BC0E90634042302
:10C970000374002343748374C374C6E79A6A12F481
:10C980007F4F04D0F91D0120FFF70AFEE8E79B6AFC
:10C99000B3F5803F02D3FFF739FDE1E729492A4883
:10C9A00040F2EA2212F0A3FD40F2EA2117E72549FE
:10C9B000254840F2ED2212F09AFD40F2ED210EE7FB
:10C9C000FA1D0021C9E7F91D0020DDE70820FDF769
:10C9D00023F800283FF44BAF224B4361224B836185
:10C9E00003230374002343748374C3743FE71F4A13
:10C9F0001F4914F4F87F6C468AB018BF11466A4686
:10CA00001C485061103B13621B4840F20133938471
:10CA10001A4BC2E9060142F8103F094800234FF4BF
:10CA20003151FDF7D9F9A54627E723F4FF7323F029
:10CA3000010383E700ED00E0B9A603000FA803009F
:10CA4000B4240300D0A4030014880300E8A6030064
:10CA500004A8030003A7030028A703003AA70300C4
:10CA60005DA703007DA70300CFA70300A0A60300D6
:10CA70008BA60300A5A70300BCA7030005000001C7
:10CA8000044B5A6942F010025A615A6922F00802B6
:10CA90005A61704700ED00E0EFF30880EFF3098181
:10CAA00001B57246FFF76AFE01BD00BF002080F3AA
:10CAB0001488BFF36F8F0F4880F3088808F070FB6D
:10CAC00000200D490860BFF34F8F00F02BF8402085
:10CAD00080F3118809484FF49061401880F3098869
:10CAE000EFF314800221084380F31488BFF36F8FA3
:10CAF00000F024F9009D002094ED00E080940020D7
:10CB00000749D1F890200023C2F307221846934228
:10CB100000DB7047C1F89830C1F8A0000133F6E798
:10CB200000ED00E008B572B6002383F31388FFF729
:10CB3000E7FF144B4FF0FF32C3F88020C3F8842086
:10CB4000C3F88820C3F88C20C3F89020C3F8942041
:10CB5000C3F89820C3F89C20C3F88021C3F884212F
:10CB6000C3F88821C3F88C21C3F89021C3F894211D
:10CB7000C3F89821C3F89C2162B6BFF34F8FBFF36F
:10CB80006F8F08BD00E100E0084B9B6883420BD12A
:10CB9000EFF3058343B1064B5A6842F080525A6066
:10CBA0005A6A22F400425A620EF072BD8057002089
:10CBB00000ED00E022498A6882F8DDE04FF03000A5
:10CBC0001044EFF3098C80E8F01F1EF0100F03D122
:10CBD00002F19C0080EC108A402080F31288BFF3A1
:10CBE0006F8F184F4FF000668A698A603E6092F935
:10CBF000DDE0D2F894000023C2F8943080F311886D
:10CC00001EF0100F03D00023E1EE103A03E002F112
:10CC10009C0090EC108AEFF3148323F0040383F359
:10CC20001488BFF36F8F04B5104600F089F9BDE892
:10CC3000044002F1300090E8F01F8CF3098870473F
:10CC40008057002004ED00E01EF0040F0CBFEFF34E
:10CC50000880EFF30980816911F8021C0229FFD0D6
:10CC600001B5724613F05EFB01BD00BF40B2002863
:10CC700007DB044A4109012300F01F00834042F80A
:10CC80002130704700E100E040B200280CDB43098E
:10CC9000064900F01F0020330122824041F8232082
:10CCA000BFF34F8FBFF36F8F704700BF00E100E00D
:10CCB000054B420900F01F0053F82220012303FA1C
:10CCC00000F01040704700BF00E100E008B5D30756
:10CCD0000BD40231072909D90E490F486B2212F0F3
:10CCE00006FC0C486B2112F0F9FB002140B2002831
:10CCF000ACBF00F16040094B4FEA4111B8BF00F0F2
:10CD00000F00C9B2AABF00F56140195480F80013A2
:10CD100008BD00BF17A803001488030014ED00E04D
:10CD2000044B054A23F07F039360BFF34F8FBFF39B
:10CD30006F8F70470000000000ED00E008B5FFF7BE
:10CD4000EFFF104BD3F8882022F47002C3F888203C
:10CD5000D3F8882042F4A002C3F888204FF0404264
:10CD6000C3F83422BFF34F8FBFF36F8F0023E1EE80
:10CD7000103A0CF0F9FB0EF059FF00F0B7F80CF088
:10CD800039FC00BF00ED00E042F8203C009B42F877
:10CD90001C3C019B42F8183C0A49029B42F8143C97
:10CDA0004FF0807342F8043C21F00101002342F867
:10CDB000081C203AC0F894304FF47D430265C0F857
:10CDC000DC3070473DF40200037B13F0020F124B7E
:10CDD00003D190F8DD20D20611D45A6B42F0804284
:10CDE0005A63D0F8DC3019075CBF43F00803C0F881
:10CDF000DC30037B43F002030373802070475A6BDF
:10CE000022F080425A63D0F8DC301A0744BF23F086
:10CE10000803C0F8DC30F0E700EF00E00A4A034600
:10CE2000906878B113F1160FD0F8840005D0A0F106
:10CE300080029A4205D8834203D2814228BF002053
:10CE400070470020704700BF80570020104B9B6840
:10CE500083421AD1EFF30580B8B9EFF31181402274
:10CE600082F31288BFF36F8F1A7B22F002021A73CB
:10CE7000EFF3148323F0040383F31488BFF36F8F5D
:10CE800081F31188BFF36F8F70476FF01500704703
:10CE90008057002008B515460E460022E1EE102A04
:10CEA000EFF3148222F0040282F31488BFF36F8F31
:10CEB000BFF36F8F074A906000F042F82C4686F36C
:10CEC00009880020044B98472046002100220023B7
:10CED000024C204780570020430303003DF402002A
:10CEE000014B10221A61704700ED00E00448002356
:10CEF0004021C2180133302B82F80013F9D170475A
:10CF000000E100E008B5EFF30583064A103B02EBB1
:10CF1000C30152F8330049688847BDE80840FFF76D
:10CF200057B900BF1C1E0300024B034A03480121EE
:10CF300000F0BAB800F0032000000020C42D030068
:10CF400010B50446FFF740FFD4F884200346054897
:10CF5000D21AC0E90023044B8360BDE810400121D0
:10CF600000F0BEB8C443002000000B1510B5044605
:10CF70000820FCF751FD50B1094B4361094BC0E952
:10CF8000063404230374002343748374C374064972
:10CF900000234FF4015212F058FF6FF0150010BD3E
:10CFA00052A80300D2A80300A424030010B40F4C1D
:10CFB000D4F89030C3F30723013B984203D95DF8BE
:10CFC000044BFFF7D3BFC4F898000B6823F01F038E
:10CFD000034343F01003C4F89C308B6843F0010313
:10CFE000C4F8A0305DF8044B704700BF00ED00E0CE
:10CFF000F0B50E4685B01F4604460025B54211DA4D
:10D00000606830B3B7B1431E18420ED00820FCF759
:10D0100003FD08BB164900234FF4015212F015FF1F
:10D020006FF01502104605B0F0BD7F28EED92168DB
:10D030000B42EBD12368019313F0A6F9A36801A971
:10D040000343D0B20393FFF7B1FF10F1160FE7D0FF
:10D05000421C01350C34D1E7064B4361064BC0E955
:10D06000063504230374002343748374C374D1E727
:10D07000A42403007CA80300EBA80300044B0522B2
:10D08000C3F89420BFF34F8FBFF36F8F704700BF7B
:10D0900000ED00E0BFF35F8F024B0022C3F8942045
:10D0A000704700BF00ED00E010B50A4C0123227864
:10D0B000FFF79EFF207016300AD1074907484FF44A
:10D0C000BB7212F014FA04484FF4BB7112F006FA66
:10D0D00010BD00BFF95B0020A3A803001488030063
:10D0E00008B5114A00231278FFF782FF10F1160FDE
:10D0F00008D00E4A0021D2F89030C3F3072398429B
:10D100000BDB08BD0A490B4840F2951212F0EFF90B
:10D11000074840F2951112F0E1F9C2F89800C2F800
:10D12000A0100130E7E700BFF95B002000ED00E050
:10D13000A3A80300148803002DE9F04F704871493B
:10D14000D0F890300D68C3F307239D4285B00AD90B
:10D150006D496E4840F2AD1212F0C9F940F2AD11BE
:10D16000694812F0BBF9FFF795FF49680022954224
:10D1700001F10C0129D1664C664F25706846FDF718
:10D1800049FADFF89481DFF8949106460025AE4213
:10D190002ED123785A490020D1F89020C2F30722DB
:10D1A0009342C0F2A380FFF769FFD1F89030C3F338
:10D1B0000723082B00F0A0805349544840F21F2257
:10D1C00012F095F940F21F21CAE7C0F8982051F8F3
:10D1D0000C3C23F01F03134343F01003C0F89C30B2
:10D1E00051F8043C43F00103C0F8A0300132BEE71F
:10D1F000009A02EB05132901D3F80CA00AEA0700F4
:10D20000B0F5000F58D00AD8B0F5001F34D0B0F5F3
:10D21000800F46D0B0F5801F12D00135B7E7B0F1CE
:10D22000807F54D0B0F1007FF7D19868D3F804A084
:10D23000525813F0A9F8CDE901A240F480200BE088
:10D240009868D3F804A0525813F09EF8CDE901A2D3
:10D2500040F0885040F430200390207801A9FFF777
:10D26000A5FE00283EDA2849284840F2D71212F0DD
:10D270003EF940F2D71173E79868D3F804B05258DA
:10D2800013F082F81AF0010F40EA0800CDE901B26C
:10D290000390E2D01C491D487B2212F028F97B2123
:10D2A0005EE79868D3F804A0525813F06DF8CDE902
:10D2B00001A240EA0900CFE79868D3F804A05258C9
:10D2C00013F062F8CDE901A240F08270C4E79868DB
:10D2D000D3F804A0525813F057F8CDE901A240F05A
:10D2E0008870B9E723780133237096E7C1F8983046
:10D2F000C1F8A00001334FE7002005B0BDE8F08F72
:10D3000000ED00E0D02D0300A3A803001488030063
:10D31000F95B00200000F0FF00000811000002028D
:10D3200008B5094BC3F1005303F57C33B3F5006F27
:10D3300008D206490648922212F0D9F803489221F1
:10D3400012F0CCF8002008BD80B1002010A9030025
:10D3500014880300014B1860704700BFC809002003
:10D360000E4A0123C2F840354FF080424FF0805101
:10D37000C2F87835D1F83001082808D1D1F8341135
:10D38000052904D80648415C09B1C2F838364FF087
:10D3900080430122C3F880250020704700E001404F
:10D3A00040A9030020B1034B800143F0010318475B
:10D3B000704700BFE0260300BFF34F8F0549064BBF
:10D3C000CA6802F4E0621343CB60BFF34F8F00BF23
:10D3D000FDE700BF00ED00E00400FA052DE9F84389
:10D3E000914690F900200378002A05460E4603DB9B
:10D3F0006FF01500BDE8F88303F01F03012BF7D190
:10D400004378062BF4D1B0F8048047881D485FFAB2
:10D4100088F8414612F040FE3F0A044690B90820C1
:10D42000FCF7FAFA38B1184B4474C0E90538032305
:10D4300003748474C474154900234FF4C45212F069
:10D4400004FDD5E7212F04D0222F10D06FF08500E6
:10D45000D0E70368E9885B685B6813F8092F91429D
:10D4600094BF31603260C9F800300020C2E7A0F5F7
:10D47000A264EB8862689A4294BF3260336023688A
:10D48000F1E700BFE84800204AA903007425030023
:10D4900010B504460820FCF7BFFA40B1084BC0E9BC
:10D4A000053403230374002343748374C374BDE8F9
:10D4B0001040044900234FF4C45212F0C6BC00BF10
:10D4C00071A903007425030070B504460D4601469A
:10D4D0000A4812F0EFFD20B92046BDE87040FFF782
:10D4E000D7BF022D09D1A0F5A2639B682BB11B69A0
:10D4F0001BB1BDE870400068184770BDE8480020C7
:10D5000010B504460820FCF787FA40B1084BC0E983
:10D51000053403230374002343748374C374BDE888
:10D520001040044900234FF4C45212F08EBC00BFD7
:10D5300097A90300742503002DE9F0410F46818867
:10D540000546C9B26548904612F0A6FD0446B0B93A
:10D550000820AD88FCF760FA38B1614B4474C0E92B
:10D560000535032303748474C4745E4900234FF4A7
:10D57000C45212F06AFC6FF01200BDE8F08195F918
:10D58000003000686E78002B54DA022E10D0032E83
:10D5900020D0012E3BD1A4F5A264A3687BB31C6804
:10D5A0006CB343463A462946A446BDE8F04160477D
:10D5B0006888C0B2012338B96FF481721444C8F886
:10D5C00000403B600020D8E7A0F582702044C8F8F6
:10D5D0000000F6E76B88ABB10820FCF71DFA40B1FC
:10D5E000414B4361414B8361002306744374837450
:10D5F000C37400234FF4C2523A4912F026FC6FF074
:10D600008500BAE7033CC8F800400123D9E70820A9
:10D61000FCF702FA50B1364B4361364BC0E906368F
:10D6200004230374002343748374C37400234FF4EE
:10D630000152E1E70A2E0AD00B2E2DD0092EE6D199
:10D64000A4F5A264A368002BD9D05C68A8E76E8813
:10D65000310A16F0FF06A4F5A26714D16FF48173A6
:10D660004FF48072E01814F09AF94FF4806231465A
:10D67000A4F2045014F093F96B88003B18BF012307
:10D6800087F80C349EE7BB19013607EB860683F852
:10D690000C1400237360EFE76D88012D0AD9082070
:10D6A000FCF7BAF90028C1D0134B4361134BC0E912
:10D6B0000635B5E714F8032CAA42A4F5A26381D07D
:10D6C000E9B204F8031C9B68002B3FF47BAF9B6816
:10D6D000002B3FF477AF984774E700BFE84800207D
:10D6E0004AA9030074250300B8A9030036AA030061
:10D6F000CFA903004AAA0300ECA9030022AA030051
:10D7000038B504460D460146234812F0B9FC20B94D
:10D710002046BDE83840FFF7F3BE691EA0F5A264BD
:10D72000092921D8DFE801F005201D212729202023
:10D73000202F002384F80E3584F80F3594F80D352A
:10D74000D4F8100501218B4284F80D1504D0A3688C
:10D7500013B19B6803B198472046BDE8384012F0EA
:10D760003FBE012384F80E3538BD002384F80E3502
:10D7700084F80F35F8E70123FAE794F80F35002B0A
:10D78000F2D00023F4E794F80C34002BECD02046C0
:10D79000BDE8384012F038BEE848002010B50469F2
:10D7A000C4E90012A3600023C4F81435064BC4F882
:10D7B0001005596804F2145211B9C3E9002210BDD2
:10D7C0000A605A60FBE700BFE848002070B5446873
:10D7D000006990F80E5545B190F80F0528B9206AF8
:10D7E000BDE87040007912F033BC0620FCF714F954
:10D7F00038B1084B436102230374002343748374DC
:10D80000C374054900234FF4845212F01EFB6FF0DD
:10D810000A0070BD09AA030074250300020600F087
:10D820007F0312D5082B05D1010700F00F0306D5A1
:10D830000E48704710F0780F12D100F00F034C2003
:10D8400000EB43100A4B18447047082B05D1020720
:10D8500000F00F0306D50748704710F0780FF6D098
:10D8600000207047044800EB431070473C4A0020FA
:10D87000F04800205C4B00205C4A0020014902482F
:10D8800013F094BF18490020882E0020014601485B
:10D8900013F063BF2C0E002008B50820FCF7BCF87D
:10D8A00048B10D4B43610D4B836103230374002387
:10D8B00043748374C3740A4900234FF4C25212F0B4
:10D8C000C4FA084908484FF4E37211F010FE054805
:10D8D0004FF4E37111F002FE67AA0300CAAD030022
:10D8E0007C25030087AA03001488030010B51049A3
:10D8F000BFF35B8F002351E8002F012A03D141E8D9
:10D9000000300028F7D1BFF35B8F0CBF0120184611
:10D910000DD151F8044C14392046FBF77FF910F172
:10D92000780F04D12046BDE81040FBF721B910BDA7
:10D93000104900200248002200230CF02BBA00BF3F
:10D940002C0E002013B5124801F022FA114B984218
:10D950001AD1114808F032FC0024104808F082FC6B
:10D960000F49104800944FF0FF334FF480620CF0E1
:10D97000C3FD0D490B480CF0B7FE0C480C490CF0E8
:10D9800049FD204602B010BD6FF00400FAE700BF69
:10D9900041DC01000000AD0B51AD0300F42D03008C
:10D9A00000900020882E0020BBAA03001849002008
:10D9B000FDDD010038B5002464F07F00C0B2FFF740
:10D9C0002DFF50B91B491C4840F27A2211F08FFDFF
:10D9D00040F27A21174811F081FD013412F05BFD0D
:10D9E000082CE9D1154D0024E0B2FFF717FF40B92C
:10D9F000104911484FF4207211F079FD4FF4207155
:10DA0000E8E7036903B90561013412F044FD082C0D
:10DA100005F14005E8D10A4812F03DFD094BD3F865
:10DA20007C2212B9084AC3F87C22084812F033FD60
:10DA3000002038BD87AA030014880300804F00200F
:10DA40003C4A0020F0480020804B00205C4B002026
:10DA500010B5054CFFF76EFF20B1416820460BF072
:10DA6000C7FEF7E710BD00BF480D002013B5002228
:10DA70001948002301A90BF049FE50B30820FBF719
:10DA8000CBFF48B1154B4361154B836103230374EE
:10DA9000002343748374C374124900234FF4C252A9
:10DAA00012F0D3F9FFF7D4FF0B480022002301A99D
:10DAB0000BF02CFE044608B1FFF7EEFE019804239C
:10DAC00040600374FFF7E2FEFFF7D8FE204602B085
:10DAD00010BD01984060FAE7480D0020C6AA030077
:10DAE000CAAD03007C250300022810B5044611D8F6
:10DAF000144B1C5CFFF7BAFF18B3002202740472C7
:10DB0000FFF7C4FE104B93F82430D3B1BDE81040AA
:10DB1000FFF7B4BE0820FBF77FFF50B10B4B43610A
:10DB20000B4BC0E90634042303740023437483744D
:10DB3000C374BDE81040074900234FF4015212F0AE
:10DB400084B910BDD6AC0300F0480020E8AA030059
:10DB5000D9AD03007C2503002DE9F0418778064606
:10DB60003846FFF75BFE3B06F47805462BD5CCB173
:10DB7000032C5BD00A20FBF74FFF58B12C4B4361BD
:10DB80002C4B0762C0E90634052303740023437459
:10DB90008374C374BDE8F041274900234FF4215238
:10DBA00012F053B9FFF762FF034600283ED001226E
:10DBB000AC770274032202739D60FFF767FEBDE835
:10DBC000F041FFF75BBE4CB1012CD3D1FFF74EFF04
:10DBD000034658B36C7704740473EDE7FFF746FF10
:10DBE00020B3B278154B12F0800F02F0080111D06B
:10DBF00041B1D3F8A836EB60012303740223037309
:10DC00008560DAE702F00F02142101FB0233D3F83A
:10DC10000836F0E711B1D3F8A837ECE702F00F02AD
:10DC2000142101FB0233D3F80837E4E7BDE8F081A3
:10DC300007AB0300D9AC03007C2503000070024051
:10DC40002DE9F041804688B01422002103A813F08A
:10DC5000A6FE98F80030062B26D8DFE803F0BD04B6
:10DC6000121717AC19000224FFF700FF0346D8B1C2
:10DC7000047400F10802DDE9050182E8030018469A
:10DC80003FE003238DF814300024EDE70423F9E787
:10DC900098F802703846FFF7C1FD857A064635B11F
:10DCA000013D022D40F2818008B0BDE8F0813B06C5
:10DCB00098F803402CD5CCB1032CF5D00A20FBF703
:10DCC000ABFE50B1454B4361454B0762C0E906349A
:10DCD0000523037445748574C574424900234FF4C9
:10DCE000215208B0BDE8F04112F0AFB8FFF7BEFE18
:10DCF00003460028D8D00122B477027403220273AD
:10DD00009E60FFF7C3FD08B0BDE8F041FFF7B6BD68
:10DD100054B1012CD2D1FFF7A9FE03460028C3D08D
:10DD2000747704740473EBE7FFF7A0FE0546002840
:10DD3000BAD00123037402230373866098F80200AB
:10DD400006F10C0112F0E6FB0746F0B10820FBF7E4
:10DD500063FE48B1244B4361214B4474C0E906374C
:10DD6000042303748474C4741E4900234FF40152C5
:10DD700012F06BF81D491E4840F29D3211F0B7FBBE
:10DD80001A4840F29D3111F0A9FB1A4AF168B2F825
:10DD90008C328B4206D95B1AA2F88C3201F032FC2D
:10DDA0002846AEE7A2F88C02FAE7404608B0BDE884
:10DDB000F041FFF7D1BE01A801F002FC9DF805304B
:10DDC000052B05D19DF8043013F0600F3FF46CAFC4
:10DDD000094B0593012447E7032445E707AB0300FC
:10DDE000F2AC03007C25030037AB030087AA0300D5
:10DDF00014880300F04800205C4A00202DE9F0431D
:10DE0000A94DDFF8A88285B00746FFF793FD0646C7
:10DE100010B905B0BDE8F08395F82530347C3BB9E6
:10DE2000002C00F0E1807168A0480BF0E1FCECE709
:10DE3000042C00F22582DFE814F0D7000500A001D1
:10DE4000B601E90117F8044CB4B9B368082093F897
:10DE50000990FBF7E1FD48B1954B4361954B447444
:10DE6000C0E90639042303748474C47492490023FE
:10DE70004FF4015211F0E9FFB46854B98F4990484A
:10DE80004FF44B7211F033FB4FF44B718B4811F090
:10DE900025FB337B032B4DD8DFE803F002538E9331
:10DEA000A27A42B1854986484FF4397211F01FFBBE
:10DEB0004FF43971EAE7D4F81490824BC9F8002086
:10DEC000C9F80420D3F8801489F80010D3F884141A
:10DED00089F80110D3F88814D3F88C0441EA0021A2
:10DEE000A9F80210D3F89014D3F8940441EA002161
:10DEF000A9F80410D3F89814D3F89C3441EA03230A
:10DF0000A9F806300823E360D9F80000D9F8041016
:10DF10006D4B03C311462368607A984799F9003026
:10DF2000002B0ADBB9F806309AB232B1A5F88C3270
:10DF300001F068FB7168404677E70023A5F88C3252
:10DF4000F8E7637F002BF5D0237F002BF2D04FF052
:10DF5000000984F81D905D4884F81C904FF0FF3252
:10DF60004FF0FF3312F0AAFA636901936368CDE9B9
:10DF7000023901A9607A00F083FF554B98420446AC
:10DF800016D00820FBF748FD60B1524B4361524B5D
:10DF900080F81190C0E906340423037480F81290CD
:10DFA00080F81390444900234FF4015211F04DFFC3
:10DFB000464812F085FABDE723680121607A984748
:10DFC000B8E7A37A6BB9E37F5BB940484FF0FF3203
:10DFD0004FF0FF3312F072FA01F01AFB3B4812F0D7
:10DFE0006FFA23680221E9E7327A042AA2D8DFE82F
:10DFF00002F094032EADB90000F044FE0446002860
:10E0000098D100F04BFDBFF35B8F3449012351E8F9
:10E01000002F002A03D141E800300028F7D1BFF3D8
:10E020005B8F87D141F8084C41F8104CE8696B616F
:10E030001439FAF719FD0028BFF67CAF1F492048B4
:10E0400040F2AA2211F053FA40F2AA211EE700245E
:10E0500064F07F00C0B2FFF7E1FB40B917491848F0
:10E0600040F2312211F043FA40F231210EE7037AF7
:10E0700013B1407A01F084FC0134082CE8D195F802
:10E0800054311BB195F8550101F07AFC0024E0B23F
:10E09000FFF7C4FB20BB0949094840F2432211F0B5
:10E0A00026FA40F24321F1E6F0480020480D002016
:10E0B0005BAB03003FAD03007C25030087AA030090
:10E0C0001488030000700240F44800202849002012
:10E0D0000000AD0B85AB030025AD03001049002007
:10E0E000037A13B1407A01F04BFC0134082CCED1F5
:10E0F00095F874321BB195F8750201F041FC0120CE
:10E1000000F090FD012385F825302B68002B3FF4AB
:10E1100011AF0021022098470CE7002485F8254024
:10E1200001F074FBFFF7E2FBA04208DA5F496048A8
:10E1300040F2C22211F0DBF940F2C221A6E62B68C0
:10E14000002B3FF4F7AE21460420E4E7002B3FF418
:10E15000F1AE00F0A1FD2B68002B3FF4EBAE0021E7
:10E160000520D8E72A68002A3FF4E4AE002B3FF4EC
:10E17000E1AE002106209047DCE607F110044FF0E5
:10E18000FF334FF0FF32204612F098F9FFF712FCF0
:10E19000204612F095F957F8283C002B3FF4CAAE00
:10E1A00000210120B7E795F87432E3B14FF001097F
:10E1B00085F8899285F88892FFF758FC0446D0B913
:10E1C0000820FBF729FC40B13A4B43613A4B83618D
:10E1D0000323037444748474C474384900234FF4D3
:10E1E000C25211F032FE57F8283C002B3FF4A2AE89
:10E1F00000210A208FE7324B80F8109080F80C90B5
:10E200008360FFF743FBFFF739FBECE70820FBF7E0
:10E2100003FC48B12B4B43612B4B836103230374F5
:10E22000002343748374C374244900234FF4C252FF
:10E2300011F00BFE13F048F801F0E8FA00F010FCC2
:10E24000FFF706FCFFF7B6FB40B11849184840F24B
:10E25000864211F04CF940F2864117E613F02DF892
:10E260001A4800F095FD1A4B98423FF463AE0F49EF
:10E270000F4840F28D4211F03AF940F28D4105E627
:10E280000820FBF7C9FB50B1124B43610E4BC0E9AC
:10E29000063404230374002343748374C37407494E
:10E2A00000234FF4015211F0D0FD43E687AA03008A
:10E2B00014880300AFAB03000BAD03007C25030003
:10E2C0005C4B0020C7AB03003FAD030041DC010005
:10E2D0000000AD0BE2AB030038B5164D95F82440B5
:10E2E0002CBB05F1380013F025FA204601F0FEFFA3
:10E2F00022460121E8612720FEF7E8FC12F0DDFF4D
:10E30000FFF758FB044610B9012385F824300A4B67
:10E310001B680BB1FFF7B2FA4FF08043D3F83834E3
:10E32000DB0702D50020FFF7DFFB204638BD0024C5
:10E33000FBE700BFF04800202C0E002008B50E4B74
:10E3400093F824209AB193F8253083B10B4BD3F87E
:10E350007034DBB283420DD009490A4840F2595269
:10E3600011F0C5F8064840F2595111F0B7F86FF0B6
:10E37000120008BD0020FCE7F048002000700240B9
:10E3800087AA03001488030010B50378047903F00A
:10E390000F02B4B972B30820FBF73EFB40B1174B34
:10E3A0004361174B83610323037444748474C474FE
:10E3B000144900234FF4C25211F047FD4FF0FF30D3
:10E3C00010BD082A0FD90820FBF726FB0028EFD044
:10E3D0000D4B43610A4B8361032303740023437491
:10E3E0008374C374E4E7012C04D183F0080040F384
:10E3F000C000E5E743F3C000E2E700BFFEAB030067
:10E40000B6AD03007C25030021AC030038B51A4BE0
:10E4100093F8243004465BB305782846FFF7FEF9ED
:10E42000F8B14572237983726388436020786188EC
:10E4300010F0080518D14B1E0B4215D00820FBF731
:10E44000EBFA40B10D4B43610D4B83610323037421
:10E4500045748574C5740B4900234FF4C25211F002
:10E46000F4FC6FF0150038BD00F04CFC0020FAE71A
:10E470006FF01200F7E700BFF048002044AC030043
:10E48000A2AD03007C25030038B51D4B93F8242072
:10E4900005468AB393F8253073B3FFF7BFF90446F6
:10E4A00010B96FF0150038BD837A012B0FD007D952
:10E4B000023B012B07D96369A3610020E060F2E70A
:10E4C00001F0ACF8F7E7284601F02AF8F3E7082056
:10E4D000FBF7A2FA48B10B4B43610B4B836103235B
:10E4E0000374002343748374C374084900234FF4F6
:10E4F000C25211F0AAFCD4E76FF01200D3E700BFBC
:10E50000F048002070AC03008EAD03007C250300B2
:10E5100038B50E4B93F82420054682B193F8253088
:10E520006BB1FFF77BF968B115F008040AD12846F2
:10E5300001F02AF8284601F05BFA204638BD6FF05A
:10E540001200FBE76FF01500F8E700BFF04800206D
:10E5500038B50C4B93F8242005460C4662B193F86D
:10E5600025304BB1FFF75AF948B144B1284600F0C5
:10E57000F1FF2070002038BD6FF01200FBE76FF054
:10E580001500F8E7F048002070B5134E96F82430D7
:10E590000446C3B1FFF742F90546B8B1230705D4D5
:10E5A000204600F0F1FF204601F022FA2B7A83B9D1
:10E5B00001232B7296F825300BB9002070BD204640
:10E5C00001F0DEF9F9E76FF01200F7E76FF01500E0
:10E5D000F4E76FF07700F1E7F04800202DE9FF47FE
:10E5E000DFF858811E4698F8243007468A461546BB
:10E5F000002B00F0948098F82530002B00F08F80DD
:10E6000003061FD5FFF70AF90446D8B190F8089021
:10E61000B9F1000F1CD10820FBF7FEF960B1414BA6
:10E620004361414B80F81190C0E90637042303741D
:10E6300080F8129080F813903C4900234FF4015267
:10E6400011F003FC6FF01504204604B0BDE8F0871C
:10E650004FF0FF334FF0FF3208F1380011F02EFF7A
:10E66000A37F33B108F1380011F02AFF6FF00A04DC
:10E67000EAE7A37A8DB3002B3FD00123A377384676
:10E680004FF0000801A9CDE901A5CDF80C8000F0FC
:10E69000F7FB274B984207463DD084F81E800EB109
:10E6A000C6F800800820FBF7B7F950B1214B436151
:10E6B0001D4BC0E90637042303740023437483749D
:10E6C000C3741A4900234FF4015211F0BEFB6FF0DE
:10E6D0000404194811F0F4FEB6E7E27F02B1E577D1
:10E6E000002BCAD100F0A0FF8742C6D000F090FFF7
:10E6F000114811F0E5FE0024A6E7B8F80A309D4263
:10E70000F0D26268B5FBF2F302FB1353002BE9D1A0
:10E710000123E377E6E706B135600024D9E76FF01F
:10E72000120491E796AC03007EAD03007C25030044
:10E730000000AD0BB9AC030028490020F0480020D0
:10E740002DE9F8431D462F4B174693F824208046A9
:10E750000E46002A53D093F82530002B4FD010F0EE
:10E76000800F22D101B907BB4046FFF757F8044696
:10E77000D8B190F80890B9F1000F19D10820FBF733
:10E780004BF960B1204B4361204B80F81190C0E9F8
:10E7900006380423037480F8129080F813901C4903
:10E7A00000234FF4015211F050FB6FF0150013E0FD
:10E7B0004FF0FF3317484FF0FF3211F07FFEE36850
:10E7C0009F42B84628BF984646B93FB905B12B606D
:10E7D000104811F075FE0020BDE8F883A16942469B
:10E7E000304613F0B4F8A3694344A361E368A3EB94
:10E7F0000803E360002DEBD0C5F80080E8E76FF078
:10E800001200E9E7F048002096AC03006AAD03006F
:10E810007C25030028490020F8B5294D95F82430BF
:10E820000746002B48D095F82530002B44D003062E
:10E8300019D4FEF7F3FF0446A8B1067AB6B908204A
:10E84000FBF7EAF848B11F4B43611F4B4674C0E920
:10E850000637042303748674C6741C4900234FF4DE
:10E86000015211F0F2FA6FF01500F8BD4FF0FF33CE
:10E870004FF0FF3205F1380011F020FEE368B3B924
:10E88000012663692677A361637F83B1FFF7EEF802
:10E8900030B905F1380011F013FE6FF00B00E4E71A
:10E8A000067484600673FEF7F1FFFEF7E7FF084881
:10E8B00011F006FE0020D8E76FF01200D5E700BF88
:10E8C000F048002096AC030052AD03007C25030005
:10E8D0002849002010B5084B93F824300C462BB182
:10E8E000FEF79CFF28B10460002010BD6FF01200FD
:10E8F000FBE76FF01500F8E7F0480020014B1860C7
:10E90000704700BFF048002008B5074B93F824304B
:10E9100023B1FEF783FF20B1406808BD6FF01200FD
:10E92000FBE76FF01500F8E7F04800204FF0805348
:10E93000D3F83021082A06D1D3F83431052B04D876
:10E94000034AD05C7047002070470120704700BF29
:10E9500045AE0300EFF31180402383F31288BFF329
:10E960006F8F0A4BD3F8001C032261B949F275314D
:10E97000C3F8001CC3F8142DC3F8001C80F31188E1
:10E98000BFF36F8F7047C3F8142DF7E700E0064020
:10E99000EFF31180402383F31288BFF36F8F0A4B8C
:10E9A000D3F8001C61B949F27532C3F8002CC3F8E2
:10E9B000141DC3F8002C80F31188BFF36F8F7047CC
:10E9C0000022C3F8142DF6E700E0064000F00F0225
:10E9D000082A08B50AD90B490B484FF4D77210F032
:10E9E00086FD08484FF4D77110F078FD074B10F002
:10E9F000800F03F1D80118BF0B46182000FB02302E
:10EA000008BD00BFFDAD030014880300C051002005
:10EA100008B500F00F03082B0AD90849084840F24E
:10EA2000C11210F064FD054840F2C11110F056FD0E
:10EA3000C043C0F3C01003EB001008BDFDAD0300E0
:10EA4000148803004FF08053D3F83031082B02BFF5
:10EA5000024B0022C3F81C2C704700BF007002401C
:10EA600008B50A4B1A78012A0AD00949094840F228
:10EA7000744210F03CFD064840F2744110F02EFD47
:10EA8000054900220A601A7008BD00BFFE5B002025
:10EA9000FDAD0300148803007853002010B5574CD7
:10EAA0002378012B0AD05649564840F27C4210F098
:10EAB0001EFD40F27C41524810F010FD524B4FF4C5
:10EAC0000062C3F80024FFF731FF08B1FFF742FFEF
:10EAD0004FF08053D3F83031082B18D1EFF3118069
:10EAE000402383F31288BFF36F8F484BD3F8001C89
:10EAF000C02200296DD149F27531C3F8001CC3F85A
:10EB0000142CC3F8001C80F31188BFF36F8F3E4BA9
:10EB10000122C3F80025D3F800241205FBD54FF4D9
:10EB20000062C3F800244FF08053D3F83031082B33
:10EB300017D1EFF31180402383F31288BFF36F8F57
:10EB4000324BD3F8001C002946D149F27532C3F884
:10EB5000002CC3F8141CC3F8002C80F31188BFF3F9
:10EB60006F8FFFF7E3FE30B1FFF712FFFFF7DEFE16
:10EB700008B1FFF7EFFE4FF08053D3F83031082B88
:10EB8000214B0AD140F2E372C3F800284022C3F8B7
:10EB90000428BFF36F8FBFF34F8F8022C3F81C256B
:10EBA0000122C3F830251A4B40F2FF121A60194BAC
:10EBB00000211960184B1970184B9B68012B0FD05E
:10EBC0000F4910484FF4956210F091FC4FF4956195
:10EBD00071E7C3F8142C96E70022C3F8142CBCE7A5
:10EBE000FFF730FF0E4B197002232370FFF79EFED4
:10EBF00018B1BDE81040FFF7CBBE10BDFE5B002092
:10EC0000FDAD0300148803000070024000E00640E0
:10EC10007453002070530020FA5B0020F80D002090
:10EC2000FC5B002010B5104B1B78022B0AD00F495B
:10EC30000F4840F2DC4210F05AFC0C4840F2DC4134
:10EC400010F04CFC0B4B0C4C00221A700B4A0C4B76
:10EC5000002808BF1346C4F800332720FEF706F843
:10EC60000123C4F8043510BDFE5B0020FDAD030098
:10EC700014880300FD5B002000700240FDFFDF01EF
:10EC8000FDFFFF01034B1878012894BF00200120ED
:10EC9000704700BFFE5B002010B54FF0FF324FF011
:10ECA000FF3315480BF050F9EFF31181402383F344
:10ECB0001288BFF36F8F114B1B7803F0FF0483B1F1
:10ECC0000F4BD3F8002412F400720AD10120C3F8CC
:10ECD0002C05D3F82C05D3F80004800502D5C3F821
:10ECE0002C25002481F31188BFF36F8F02480BF0AD
:10ECF000C7F8204610BD00BFF80D0020FD5B0020C6
:10ED0000007002404B1E0B4210B500F008030C4689
:10ED10000CD001071ED11B491B4840F2695210F06C
:10ED2000E6FB40F26951174810F0D8FB91B9020791
:10ED300008D11449144840F26B5210F0D8FB40F24D
:10ED40006B51F0E713B1114BD3F81C35FFF73EFEC2
:10ED5000848210BDA3B10D4BD3F81C1540F2FF32D5
:10ED600040F2FF13802918BF13469C42EED9054993
:10ED7000054840F26D5210F0BAFB40F26D51D2E7F7
:10ED8000402CF3E7FDAD030014880300007002403F
:10ED9000F8B550B92149224840F24D4210F0A7FB86
:10EDA0001E4840F24D4110F099FB1E4B1C7894BB5D
:10EDB0001D4A106001221A7040F2FF17264664F0C7
:10EDC0007F0514F0080FEDB214BF394640212846E4
:10EDD000FFF798FF2846FFF7F9FD0134092C8675E7
:10EDE00006730661EBD1002440F2FF17254614F0AC
:10EDF000080FE6B214BF394640213046FFF782FFC4
:10EE00003046FFF7E3FD0134092C85750573056174
:10EE1000EDD10648F8BD0648FCE700BFFDAD030094
:10EE200014880300FE5B0020785300200000AD0B27
:10EE30000500AD0B08B543B200F00F0008280AD951
:10EE40000C490D4840F2815210F051FB094840F244
:10EE5000815110F043FB002B084BB4BFD3F81025B1
:10EE6000D3F8142501238340134214BF012000204E
:10EE700008BD00BFFDAD0300148803000070024010
:10EE80002DE9F84381460C46FFF7C2FDEFF31188E8
:10EE9000402383F31288BFF36F8F54B92649274864
:10EEA00040F2BC5210F023FB40F2BC51224810F05B
:10EEB00015FB19F00F0F03D1214B1B784B4537D1B0
:10EEC000204B214F1B683D68DB4301269BB28640E7
:10EED0002B4333422ED14846FFF778FD19F0800FBF
:10EEE00003460FD122686AB102F06042B2F1005FBE
:10EEF00008D0114911484FF4BA6210F0F8FA4FF4F3
:10EF0000BA61D3E701221A7394E8070083E8070087
:10EF100000221A619A750D4B0D48354380223D60E1
:10EF2000C3F8042188F31188BFF36F8FBDE8F8831D
:10EF30000848F7E70848F5E7FDAD0300148803002B
:10EF4000FC5B0020745300207053002000E100E0BF
:10EF50000000AD0B0A00AD0B0B00AD0B10F0080F5D
:10EF6000074B06D0D3F8C00410F4803F18BF002030
:10EF7000704700F00F0000F5947053F820007047C0
:10EF8000007002402DE9F74FA04BA14DD3F854215A
:10EF9000DAB10022C3F85421D3F80413890214D53E
:10EFA0008DF80420D3F82025ADF80620D3F8C0341E
:10EFB000002B2B6814BF4FF001224FF480721343D3
:10EFC0002B60944B01A81B689847904BD3F8604185
:10EFD00034B10022C3F86021D3F86C44C3F86C4408
:10EFE000D3F828214AB10022C3F828218A4B187887
:10EFF000FFF70EFD012383401C43884F97F80080E4
:10F0000097F9009008F00F03082B0AD98449854826
:10F010004FF4917210F06BFA4FF49171804810F038
:10F020005DFA18F00801804E42D1B9F1000F2FDAD5
:10F030007E4A52F8230020B342F82310142253438F
:10F0400003F1804303F51C33D3F80836784A11786E
:10F0500003F001034B401370FFF7F4FC75480AF00E
:10F060000FFF4046FFF7B2FC837D032B38D14046AB
:10F07000FFF7CEFC012303FA00F0336823EA000314
:10F080003360DFF890A14FF001084FF006095DE012
:10F09000694A52F823000028F3D042F823101422C2
:10F0A000534303F1804303F51C33D3F80837CDE70E
:10F0B000B9F1000F554B09DBD3F85021002AE0D0FD
:10F0C0000022C3F85021D3F8A837BFE7D3F82C218A
:10F0D000002AD6D00022C3F82C21D3F8A836B5E7F1
:10F0E000037BE3B94046FFF793FC012303FA00F0EA
:10F0F0003368B9F1000F23EA0003336002DAB8F194
:10F10000880FBED106238DF8043000238DF8073018
:10F11000404B8DF806801B6801A89847B1E7B8F10D
:10F12000000FAED1394B0122DA64AAE794FAA4F0B9
:10F130002A68B0FA80F008FA00F31A430F282A6010
:10F1400024EA0304326849DD134256D0002CEDD185
:10F150002E4BD3F800215AB1C3F80041374B1C7035
:10F160002D4B1C70012301932A4B01A81B68984763
:10F17000264BD3F85821002A6DD00022C3F858211D
:10F18000D3F80044C3F80044E20508D52B4B012214
:10F190001A70022301931F4B01A81B689847A3050F
:10F1A00008D5264B00221A7003230193194B01A89E
:10F1B0001B68984760054ED5204A1378002B4AD02B
:10F1C000124BD3F82C1500293AD01549154840F2B6
:10F1D000F52210F08CF940F2F5211FE71340B5D16C
:10F1E00060F07F018DF804908DF806108DF80730DF
:10F1F000DAF8003001A89847A8E7A0F110018DF8CF
:10F2000004908DF806108DF80780F1E70070024039
:10F210007453002078530020FC5B0020FB5B00202F
:10F22000FDAD0300148803007053002008710240F4
:10F23000FA5B0020F80D002030710240FD5B0020D9
:10F2400011700122C3F808259A6504230193AD4B80
:10F2500001A81B689847AC4BD3F85C31FBB1AB4BB2
:10F260009B6813B93B78590619D0A74B0022C3F805
:10F270005C21D3F88034A64A23F07F0313703368EF
:10F2800023F0011333602B6823F4803343F0010330
:10F290002B60052301939B4B01A81B68984732689C
:10F2A0002B681A4200F01C819848002200230AF0C3
:10F2B0004BFE002840F01481934BD3F82C35002BE3
:10F2C00000F09A80914803B0BDE8F04F0AF0D8BD35
:10F2D00049F0800B5846FFF779FB037B0446002B6F
:10F2E00000F0AA804368B0F814800168984528BFF0
:10F2F000984601F06043B3F1005F23D12268636850
:10F3000042442260A268A3EB0803D2074FFA8BF0B5
:10F31000636040F1A680B8F1000F40F0A5800023A3
:10F320002373A1E05846FFF719FEB4F814C06045F6
:10F330001AD97849784840F2631210F0D8F840F2B0
:10F3400063116BE6B8F1400F08D9724972484FF467
:10F35000C17210F0CCF84FF4C1715FE66F484246BD
:10F3600012F0F5FA6D49C9E723686BB103F0604309
:10F37000B3F1005F08D0674967484FF4B27210F0EC
:10F38000B6F84FF4B27149E66368226898429BBFB1
:10F390001B1A02EB000E4FF0000863609CBFC4F81C
:10F3A00000E08046604511460FD1003B18BF0123A5
:10F3B0006AB9B8F1000F52D0564957484FF45A7203
:10F3C00010F095F84FF45A7128E60023F0E7404515
:10F3D0003BD9012303FA09F32AEA0303022233602B
:10F3E0000623A2758DF80430464B8DF806B01B68D5
:10F3F0008DF8072001A89847D6F800A02B681AEAD4
:10F4000003093FF45FAF19F0012314BF93FAA3F986
:10F4100099FAA9F9B9FA89F9B9F10F0F7FF658AF3E
:10F42000A9F1100B5FFA8BFB5846FFF7CFFA037B6D
:10F430000446002B7FF476AF3649374840F2573206
:10F4400010F055F840F25731E8E508D0314932481C
:10F4500040F2793210F04BF840F27931DEE54FFAA4
:10F460008BF0002B3FF45BAF4FF080530126D3F8B5
:10F470003031082B02BF244B8222C3F81C2C2B688E
:10F4800087F800B006FA09F923EA09032B6023691B
:10F49000434423610BF00F04082C08D91D491E4872
:10F4A0004FF4A47210F023F84FF4A471B6E51BF0EA
:10F4B000080F154B17D100284FF0140202FB04323D
:10F4C000A9BF0A3403EB8403C2F80017C2F804870B
:10F4D000AFBF43F82460C2F80016C2F804865E602D
:10F4E00003B0BDE8F08F0028B5BFC3F8A016C3F87D
:10F4F000A017C3F8A486C3F8A487B4BF5E629E6455
:10F50000EEE700BF7853002000700240F80D0020A5
:10F51000FC5B0020FDAD0300148803008051002037
:10F5200008B503070AD50849084840F207620FF0FA
:10F53000DEFF054840F207610FF0D0FF044B40F4B6
:10F540008070C3F8180508BDFDAD030014880300E2
:10F5500000700240030713D400F00F0310F0800F77
:10F56000084A0BBF03F5887303F5847302EB83022B
:10F5700052F8230008BF5068003818BF01207047B8
:10F58000002070470070024008B503070AD50949FA
:10F59000094840F229620FF0AAFF064840F22961AB
:10F5A0000FF09CFF054BC3F80C0540F48070C3F8C6
:10F5B0000C0508BDFDAD0300148803000070024077
:10F5C0000023036043600E4BD3F880240270D3F80D
:10F5D00084244270D3F88824D3F88C1442EA0122A0
:10F5E0004280D3F89024D3F8941442EA0122828016
:10F5F000D3F89824D3F89C3442EA0323C38070479D
:10F6000000700240014B0122DA6470470070024032
:10F61000014B01221A65704700700240014B012224
:10F620005A65704700700240014B1878704700BF60
:10F63000FC5B002038B50446EFF31185402383F3CB
:10F640001288BFF36F8F03060AD51249124840F2A1
:10F6500053620FF04CFF0F4840F253610FF03EFF32
:10F66000FFF7D6F90D4A012303FA00F0136823EAE5
:10F670000003136014F0080201BF04F00F04084BEC
:10F6800004F5947443F8242085F31188BFF36F8F39
:10F6900038BD00BFFDAD0300148803007453002083
:10F6A000007002402DE9F04F044685B0EFF311875A
:10F6B000402383F31288BFF36F8FFFF787F914F0AD
:10F6C000800F414E05462BD12046FFF7A1F9D6F811
:10F6D00000804FF0010909FA00F030EA08000BD071
:10F6E0002046FFF7A7FF0323AB7587F31188BFF30D
:10F6F0006F8F05B0BDE8F08F28732046FFF788F9BB
:10F7000009FA00F028EA000030602046FFF780F98F
:10F710002E4A136809FA00F923EA09031360E2E7A5
:10F72000230715D4802C2A4B41D004F00F0202F29B
:10F73000DA325200C3F80028D3F80428D3F80418AA
:10F74000D2B242F002020A43C3F80428D3F80438C4
:10F75000DFF87890D6F800B0D9F800A020466BEA20
:10F760000A030193FFF754F94FF00108019B08FACF
:10F7700000F00342B9D02BEA000030602046FFF7CA
:10F7800047F900232B73032308FA00F8AB758DF8B3
:10F790000F30104B8DF80E4048EA0A000622C9F8D7
:10F7A00000001B688DF80C2003A898479DE740F2E5
:10F7B000B472C3F80028D3F80428D3F80418D2B2DE
:10F7C00042F00402BFE700BF7053002074530020D2
:10F7D000007002407853002038B50446094D4FF0C0
:10F7E000FF324FF0FF3328460AF0AEFB2046FFF70A
:10F7F00059FF28460AF044FB034B8022C3F804213A
:10F8000038BD00BFF80D002000E100E02DE9F04117
:10F810003A4D2B7853B93A493A4840F2BA420FF080
:10F8200066FE40F2BA4136480FF058FE4FF0FF3303
:10F8300035484FF0FF320AF087FB2B78022B08D0B7
:10F840002F49304840F2FC420FF051FE40F2FC419B
:10F85000E9E72E4B8022C3F884212720FDF728FA00
:10F86000A0B12B4F2B4B3C681B68240C24041C4379
:10F870004FF0010864BB284E40F2FF133B60272085
:10F88000C6F80445FDF700FAC6F80043234A13788A
:10F890008BB1214B0021C3F808110121C3F80026C8
:10F8A000C3F804165960D3F808110029FBD00021D1
:10F8B000C3F808111170184B0022C3F80025FFF798
:10F8C000C1F811480AF0DCFA01232B70BDE8F08181
:10F8D00094FAA4F6B6FA86F60F2E3046C6BFA6F105
:10F8E0001000C0B240F08000030701D4FFF7DAFE39
:10F8F00008FA06F624EA0604BCE700BFFE5B002017
:10F90000FDAD030014880300F80D002000E100E0C5
:10F91000745300207053002000700240FA5B0020F6
:10F9200010B504464FF0FF324FF0FF3311480AF094
:10F930000BFB2046FFF7B6FE04F00F0201239340B5
:10F940000D4A14F0800F14BFD2F81015D2F8141518
:10F950006FEA030315BF0B400B40C2F81035C2F825
:10F96000143504480AF08CFA044B8022C3F80421B1
:10F9700010BD00BFF80D00200070024000E100E063
:10F9800070B50446FFF756FA68B904F00F02012576
:10F9900014F0800F144B05FA02F205D0D3F81015BD
:10F9A0000A43C3F8102570BDD3F814150A43C3F8F1
:10F9B0001425631E062BF6D8EFF31186402383F33C
:10F9C0001288BFF36F8F2046FFF734FE2046FFF703
:10F9D0001FF8064A1368854023EA0503136086F37F
:10F9E0001188BFF36F8FDEE7007002407053002074
:10F9F000020710B504460AD50B490C4840F20F62C5
:10FA00000FF075FD084840F20F610FF067FD030627
:10FA100005D4FFF79FFD10B12046FFF70BFE044B06
:10FA2000C3F8184510BD00BFFDAD030014880300E6
:10FA30000070024014280ED8084A12F8103053B152
:10FA400002EB4002527832B108684343002093FB36
:10FA5000F2F30B6070476FF0150070475BAE030068
:10FA60007FB50023CDE901330B7903F01F02C3F307
:10FA70000400072A8DF80D0003D96FF0150004B0BB
:10FA800070BD13F0200418BF8B7948798DF80B00F6
:10FA900008BF23468DF80C300B780C2BEDD801A055
:10FAA00050F823F0DFFA0100D9FA010003FB01004E
:10FAB0007BFA010007FB01007BFA01000BFB010050
:10FAC0007BFA01007BFA01000FFB010013FB010030
:10FAD0007BFA010017FB010001238DF806304B78FB
:10FAE000032B1AD0042BC8D14B8844F20A0083425E
:10FAF00038D843F6FE70834213D8002BBDD10223C1
:10FB000040E00223E9E70323E7E70423E5E70523D1
:10FB1000E3E70623E1E70723DFE701238DF807305A
:10FB2000E2E7A3F57F533F3B0B2BA6D801A050F88B
:10FB300023F000BFBFFB01007BFA01007BFA01004C
:10FB40007BFA010089FB01007BFA010083FB0100C5
:10FB50007BFA01007BFA01007BFA01007BFA0100CD
:10FB6000FFFA010044F21400834226D044F2280038
:10FB7000834224D044F20F0083427FF47EAF0323FC
:10FB800000E001238DF808300F4D012606FA02F33C
:10FB900095F85000DBB2A4B18A790AB18DF80960FA
:10FBA00020EA030301A885F8503007F003FD074B56
:10FBB00098427FF462AF002061E70423E2E7052367
:10FBC000E0E70343EEE700BF200600200000AD0B96
:10FBD00008B50D490D48002211F06FFE002007F016
:10FBE0009FFC0B4B98420CD1002201210720FDF70E
:10FBF0006DF80848C36813B9043010F0A2FC002067
:10FC000008BD6FF00400FBE7B9FD0100800600208D
:10FC10000000AD0B2006002010B50C4C94F83A30D3
:10FC200023B1BDE810400A4807F0F4BE07F026FEF5
:10FC3000084B984208D06FF00403636204F114008B
:10FC4000BDE8104010F07DBC10BD00BF20060020B4
:10FC500059FC01000000AD0B2DE9F0410778002FA1
:10FC600040F08C804D4CE26A94F850C01CEA020FC0
:10FC700025460AD14A4B0022C3F80025A36A6BBB74
:10FC80004848BDE8F04110F05CBCB0F808E0A66D53
:10FC90004FEA4E0E0123D0B218420AD094F89820B1
:10FCA0000CEA030192B121B132460EEB06019142FA
:10FCB00004D15B009BB26345EED9DBE732F9028BDE
:10FCC000B8F1000FB8BF22F8027CF0E721B1B6F915
:10FCD00000100029B8BF32800236EAE7236CB4F87E
:10FCE0004C2033B1304931489847012822D00228AE
:10FCF00039D0B4F84C30B4F848209A4233D90133A3
:10FD0000A4F84C3094F89830C3B9A36D94F85120FE
:10FD100003EB4203A36594F85110A06D07F058FD62
:10FD2000234B98420AD06FF004031E48636210F020
:10FD300008FC03E094F89830002BECD0E36B1BB97F
:10FD4000BDE8F041FFF768BFBFF35B8F55E8003FA8
:10FD50005A1E45E800210029F8D1BFF35B8F012B23
:10FD6000EEDCBDE8F081E36B002B89D094F898308D
:10FD7000002B85D10F4811F0ACFD81E7022F0AD18D
:10FD800007F07CFD0A4B9842EBD004486FF0040367
:10FD90004362143075E7052FE3D171E72006002098
:10FDA000007000403406002048060020201D03009B
:10FDB0000000AD0B80060020094BBFF35B8F53E8BA
:10FDC000002F511C43E800100028F8D1BFF35B8FCF
:10FDD0000AB9FFF721BF6FF00F025A62704700BFE8
:10FDE000200600202DE9F0430E4685B04FF0FF338A
:10FDF0007A484FF0FF320AF0A7F877687B1EFE2B97
:10FE000008D96FF01504754810F09BFB204605B02B
:10FE1000BDE8F08300252C4627FA05F3DA0706D55E
:10FE200007F0F8FBE840C307EBD50134E4B2013535
:10FE3000082DF1D1002CE4D0337C083B062BE0D810
:10FE400001A252F823F000BF83FE010003FE01006F
:10FE500087FE010003FE010065FE010003FE0100B4
:10FE60008BFE01000221012C727C10D0002AC8D127
:10FE70005B4B002083F898005A4B384607F0E4FBB0
:10FE800038E00021EFE70121EDE70321EBE7082A45
:10FE9000B7D8DFE802F005050505050505050500ED
:10FEA0003368002BE4D0186801387F28E0D88DF83B
:10FEB000082000228DF809201B885A1E7F2A0AD9A3
:10FEC00049494A4840F255220FF011FB464840F29A
:10FED00055210FF003FB1B01414A013BADF80A30ED
:10FEE000012382F898308DF80C3002AA3D4B384639
:10FEF00007F0EEFB3E4B984283D13268630012B1AB
:10FF0000928902FB0333F2689A4264D3344D85F838
:10FF1000514095F89830B068A8652146A8462BB1A5
:10FF200033689B89013313FB04F4A1B207F050FC42
:10FF30002F4B984281467FF464AF37460FCF2D4C4C
:10FF40000FC43B68236000276F623368002B3FD0EB
:10FF50000FCB261D86E80F00EB6BAE62A5F84C7048
:10FF6000B3B3BFF35B8F58E8003F48E80072002A44
:10FF7000F9D1BFF35B8F95F89810E9B9E86B1E4E85
:10FF80001E4A4FF40047E0FB076100233046E0F7CC
:10FF900033FF0022CDE90001002304F128000CF01A
:10FFA00019F917484FF0FF324FF0FF3309F0CCFF3B
:10FFB00000B168626C6A26E707F060FC4845F0D043
:10FFC0006FF00403A4F124006B6210F0BAFAE8E7C2
:10FFD000FFF722FEE5E76FF00B0414E7240600208C
:10FFE0002006002059FC010085AE030014880300A0
:10FFF0000000AD0B480600203F420F0040420F00BA
:020000022000DC
:100000003406002037B50C460A490B4A411A4023F2
:100010000093491105462346084810F094FA011E42
:1000200005DA2846234603B0BDE83040184703B040
:1000300030BD00BF90530020AF050300941B0300A8
:10004000C9B2012908B508D9084909487F220FF02B
:100050004EFA06487F210FF041FA03690C2201FB9A
:100060000233986C00F0070008BD00BFC2AE030069
:100070001488030070B5C9B2012903690AD9184967
:10008000184840F2D1120FF032FA154840F2D1115F
:100090000FF024FAEFF31185402484F31288BFF3A4
:1000A0006F8F0C2606FB0134A46C14F0C00408D03A
:1000B000A24206D085F31188BFF36F8F4FF0FF3057
:1000C00070BD71430B4401229A6485F31188BFF31C
:1000D0006F8F43680B445B6898470020F0E700BFD0
:1000E000C2AE03001488030070B50D460649411ADC
:1000F0000446491105484022FFF7BCFF2B46014644
:100100002046BDE87040184790530020941B030020
:10011000002270B5012104461046FCF7D7FD0F48B8
:1001200005F032FA0E4B984215D105F03DFA2669DA
:100130000C4930460FF051FB00280BDB0125B5645C
:100140002469084904F120000FF047FB002801DB77
:100150006565002070BD6FF00400FBE71D02020022
:100160000000AD0BF82D03001FB500220123CDE9DF
:100170000223094ACDF800D06B46CDF804D010F028
:100180000FFA002805DB4FF480420023684609F08F
:10019000DBFE05B05DF804FBC705030010B5EFF307
:1001A0001184402383F31288BFF36F8F074A1368CB
:1001B00023F00201DB07116002D4012005F086FA6A
:1001C00084F31188BFF36F8F10BD00BFE853002088
:1001D00030B4104B0C2202FB003301460020D3E95F
:1001E00010521864EFF31180402484F31288BFF397
:1001F0006F8F9C6C04F0C00444F002049C6480F394
:100200001188BFF36F8F1DB12B46034830BC1847D0
:1002100030BC704790530020941B0300012808B5A0
:1002200006D0032808D090B90E4B9B6C5B0717D102
:10023000BDE80840FFF7CCBF0B490C484FF43D72B6
:100240000FF055F94FF43D7107480FF047F9064993
:1002500006484FF441720FF04AF94FF44171F3E749
:1002600008BD00BF90530020C2AE030014880300F5
:1002700010B4EFF31182402383F31288BFF36F8F22
:100280001848016841F002040460C80708D482F3EA
:100290001188BFF36F8F01205DF8044B05F0ACB9F6
:1002A0004FF08041D1F80C04D1F80C14C907EED5F9
:1002B000EFF3118083F31288BFF36F8F0A498B6CC1
:1002C00003F0C00343F002038B6480F31188BFF393
:1002D0006F8F82F31188BFF36F8F00205DF8044B9E
:1002E000FFF776BFE853002090530020024BC0B2C6
:1002F00003EB4010704700BF90530020F8B533491E
:10030000BFF35B8F0646012251E8003F41E8002021
:100310000028F9D1BFF35B8F9BB92D492D484B6065
:10032000CB608A60F8F7A0FB00280ADA2A492B483C
:100330004FF429720FF0DBF84FF4297126480FF0C3
:10034000CDF806B3731E012B37D811F03FFA0446DF
:10035000D0B9234B1B78BBB14FF080430222C3F8C6
:10036000082305464FF08047D7F81824D7F81834EB
:10037000D20312D59B0701D0012E0ED1BCB185F35B
:100380001188BFF36F8FF8BDEFF31185402383F31E
:100390001288BFF36F8F0124E4E71CB128460FF0E9
:1003A000E4FFE1E7002121200BF0CCF8DCE74FF07F
:1003B00080430222C3F80423E5E70749074840F2D7
:1003C000B6220FF094F840F2B621B7E78C53002024
:1003D0007C530020B0530020C2AE030014880300F9
:1003E000DC62002010B5044C2046F7F789FD20465A
:1003F000FCF7B0FF002010BDFD03020073B5104EE6
:100400008DF807000446032501220DF107010020A5
:1004100008F0F6FE20B101233370204602B070BD13
:100420003378002BF9D0013D08D011F0CFF9002826
:10043000EAD1002142200BF085F8E5E73570ECE7C2
:10044000FF5B0020024883685B6A03B1184770476E
:10045000001C03000146024883685B68184700BF20
:10046000001C030008B5074811F00DF938B1064823
:10047000FCF770FF0448F7F743FD002008BD6FF05C
:100480001200FBE7001C0300F105030038B5044629
:100490000D460820FFF7DEFF3DB92020FFF7DAFF09
:1004A000BDE838400820FFF7D5BF0A480EF0ACFF82
:1004B0002544EDB2607804F8010BFFF7CBFFE3B2FF
:1004C000AB42F7D12020FFF7C5FFBDE83840024816
:1004D0000EF09ABF28AF03002CAF03002DE9F74FB1
:1004E0009C4F9D4ED7F80880D8F83C30BBB13846B9
:1004F0009847002813DDD8F8383083B1384698473C
:1005000000280CDDD8F82C304BB13846984700282D
:1005100005DBE9D0D8F8103023B9FFF793FF03B01B
:10052000BDE8F08F01220DF10701384698470028F9
:10053000F3DB336893B3BFF35B8F884C2368BFF35F
:100540005B8F13F0020F234600F0D6809DF8075012
:10055000D6F80090BFF35B8F53E8002F22F0040120
:1005600043E800100028F7D1BFF35B8F50072AD56E
:100570007B4BDFF8F8A15B5D13F0040F18D101236A
:10058000CAF80030482D5CD8422D5CD9433D052D7A
:1005900059D8DFE805F0766558945885714B18688E
:1005A0000022002309F0F6FB30600028C3D1B6E733
:1005B0000821204610F00DF86B4B303D0022CAF8A0
:1005C00000501A6090E7BFF35B8F2368BFF35B8F27
:1005D0001907D7D5624B5B5D5A0710D5BFF35B8F08
:1005E0002368BFF35B8F13F0100F14BF5E4A5F4A9E
:1005F00013680A2101FB0353303B136074E73B2D62
:1006000018D0BFF35B8F54E8003F23F0080344E8A1
:100610000032002AF7D1BFF35B8FBFF35B8F54E842
:10062000003F23F0100344E80032002AF7D1BFF363
:100630005B8FA7E7102120460FF0CBFFC306E0D465
:1006400052E77E2D44D0BFF35B8F54E8003F23F088
:10065000020344E80032002AF7D1BFF35B8F43E77F
:100660004348424A037811688B42ECD3414D2A78C3
:100670005B1A52FA81F203703F482A700EF0C4FEF2
:10068000E1E73C48394B027819688A42DBD3CBB2A8
:10069000D21A0270364A1078034413703748EDE7D7
:1006A000334D29780029CED033480EF0ADFE314AC3
:1006B000137829780B44137000232B70C3E72D4D5A
:1006C00029780029BFD02D480EF09EFE284AEFE77A
:1006D000284D2B78002BB6D0284801210EF094FE2F
:1006E000234A2978107809F105090139C9B248442B
:1006F0002970FFF7CBFEA6E7BFF35B8F54E8003FFE
:1007000023F0010244E800210029F7D1BFF35B8FF9
:1007100013F0010F9DF807500BD05B2D7FF4E4AE72
:10072000022120460FF055FF042120460FF051FF13
:10073000DAE60B4B5B5D13F0970F6CD10D2D1FD8D4
:10074000072D2ED9083D052D2BD8DFE805F01D53C8
:10075000342A2A38001C0300EC530020F8530020F0
:100760003CC3030004540020F0530020F453002045
:10077000025C0020015C002030AF030036AF0300B4
:100780001B2D13D07F2D0CD13B4A13784BB1013B6D
:10079000DBB213703068394A053311781844FFF71B
:1007A00075FE374B9DF807201A709DE60121204603
:1007B0000FF00FFFF5E7324B1B780D2BF1D0DFF870
:1007C000B8902E4D99F8001033682A780B441344E2
:1007D00000245C710D20FFF73DFE0A20FFF73AFE72
:1007E000284B3168186889F800402C7010F0B5FF6C
:1007F0003460D6E7244B1B68002BD2D01F4A1278F6
:10080000002ACED11C4C30682178053098472378D7
:1008100018442070C5E7194A174B147893F800B0B4
:1008200004EB0B02FE2ABCDCD6F800A00BF101029F
:1008300028461A70FFF70EFE0AEB0B030CB95D7128
:10084000AFE793F8059011485D710EF0DDFD0BF1F7
:10085000060B013CDA44E4B2013C4846E4B2FFF73F
:10086000F9FD4B46FF2C9AF800900AF8013BF3D1B2
:1008700007480EF0C9FD94E7025C0020015C0020EF
:10088000005C002000540020FC53002028AF03002F
:100890002CAF0300164B73B51860164B1960164B3E
:1008A0001A60FFF7CFFD154DAC68A3690BB1284660
:1008B0009847236C1BB112491048002298470F4EED
:1008C000E36A23B9AB681B6A73B902B070BD3046E6
:1008D00098470028F6DD2369002BF1D001220DF1A5
:1008E000070130469847EBE704489847EDE700BF1B
:1008F0000454002000540020FC530020001C03007E
:10090000DD04020000F1744000F5A6000A289ABF39
:10091000024B33F910006FF00F007047103F0300D7
:10092000024B0B6001231360704700BFA82E030029
:10093000004870471C2E030073B50D46416829B36B
:10094000D1E9001384681CB3D4E900240CB303B3C9
:100950009C4217D15C1C092C06781DD90820F9F798
:100960005BF848B1174BC461C0E905360423037432
:10097000002343748374C374134900234FF4025259
:100980000FF063FA6FF0150002B070BD0B46D9E7A7
:10099000224601331C44DEE740F20113ADF8023079
:1009A000684600238DF800608DF801408DF8043012
:1009B0008DF8055006F0FCF902B0BDE87040FFF775
:1009C000A1BF00BF3CAF0300D42403000268154B55
:1009D000FF2A08BF4FF0FF32C3F824254268FF2AE0
:1009E00008BF4FF0FF32C3F828258268FF2A08BFEE
:1009F0004FF0FF32C3F83025C268FF2A08BF4FF01E
:100A0000FF32C3F834250269FF2A08BF4FF0FF32D6
:100A1000C3F838254269FF2A08BF4FF0FF32C3F8F8
:100A20003C2570470090024030B5224D0FCD91B06B
:100A30000AAC0FC495E8030084E803000024CDE964
:100A40000144AB238DF804301B4B0394D3F82425C9
:100A5000D2B20492D3F82825D2B20592D3F8302529
:100A6000D2B20692D3F83425D2B20792D3F8382501
:100A7000D2B20892D3F83C350AA8DBB20993FFF74B
:100A8000A5FF012006F088FA014604A8FFF79EFFA3
:100A90000A4B99420BD1214601A8FFF74DFF0028D0
:100AA00003DB232010F0EBFD204611B030BD6FF0CA
:100AB0000400FAE7FC250300009002400000AD0BA3
:100AC000054B994206D14FF0FF324FF0FF33103003
:100AD00009F03ABA704700BF0000AD0B2DE9F04FA6
:100AE0008BB0436800AF05460021586B0FF000FE45
:100AF000041E63DB002201212920FCF7E7F8D5F86A
:100B000004902A696649484606F026F9FFF7FAFE7E
:100B1000041E4EDBFFF788FF041E4ADB4FF000087F
:100B20009F2307F1100A4FF0030B07F11406C7E9E2
:100B300006B8C7F814A0C7F820803B777E6241460C
:100B400007F11C00FFF7F8FE041E32DB5A4651463F
:100B500009F1300010F0EBFE0446A0B33B7C97F89F
:100B600011B097F812A099F8306099F8315099F8BF
:100B700032407B600E20F8F74FFF90B17B68494A06
:100B80004261C0E909A6C0E90B54C0E9073B464AE7
:100B900082610923037480F8118080F8128080F844
:100BA00013804249002344F640020FF04EF96FF0E3
:100BB000120406F035FA08B106F010FA20462C3778
:100BC000BD46BDE8F08F6A68537F023B012B25D9F3
:100BD00092F81C80A8F10208B8F1020F8CBF4FF008
:100BE00000084FF001080FF053FD051E19DA082028
:100BF000F8F712FF50B12E4B43612E4BC0E906357A
:100C000004230374002343748374C37427490023AB
:100C10004FF401520FF019F92C46CAE74FF00108C2
:100C2000E1E7EAB2C5F38015A845C2D0002382F0FF
:100C300040020121BB813A7307F10C02C7E9061398
:100C40007A617B6239773E6207F11C00FFF774FE20
:100C5000041E07D10FF01CFD041E04DB14F0010478
:100C6000F8D1A6E7A5DA144A144B6D468AB0B8F15C
:100C7000000F18BF13466A46114951610D491462AD
:100C8000C2E9061340F2013393840E4B42F8103F41
:100C9000064800234FF43151F9F79EF8AD4688E736
:100CA000850603005FAF03001BB10300D4240300DB
:100CB00095AF03000CB103000D450300854F030001
:100CC000A9AF030005000001F0B585B005460C464C
:100CD0000FF05CF90646002842D128690FF017FD95
:100CE0004CB1012C24D06FF08504286909F0C8F8B4
:100CF000204605B0F0BD6E6806F0CAF81A4B98425F
:100D000028D1B923214601A8CDE9014403948DF8E7
:100D10000430FFF711FE041EE7DB0A2010F0AFFCE1
:100D200006F0ECF8706B01210FF0E2FC0446DCE702
:100D30006F683146786B0FF0DBFC041ED5DB2A6947
:100D40000A49384606F008F8074B984205D1FFF7E4
:100D50006BFEEBE76FF00F04C7E76FF00404C4E726
:100D60006FF00F04C4E700BF0000AD0B8506030061
:100D70002DE9F3470E46074641681D4690461AB3D3
:100D800013B3042B01D9AB071ED116F003041BD1FA
:100D9000002E03DBCA6A731993421BD90A20F8F7A5
:100DA0003BFE58B13F4B43613F4B0562C0E90636FD
:100DB00005230374002343748374C3743B490023E5
:100DC0004FF421520FF041F86FF01504204602B0A5
:100DD000BDE8F08738460FF0A0FC20460FF073FC0A
:100DE000044630B101200FF06EFC38460FF0B0FC25
:100DF000ECE7032D1ED8042132460DEB010010F064
:100E0000D6FA044601463869FFF75AFE284B9C4241
:100E100035D12A46414601A810F099FD04213246F9
:100E20000DEB010010F0C0FA044601463869FFF7E7
:100E300047FE24E008F06043B3F1005F02D118F0F0
:100E4000030F2BD0DFF868A0042DA94628BF4FF070
:100E500004094A46414601A810F079FD3246494648
:100E600001A810F0A1FA044601463869FFF728FEF0
:100E7000544504D1B5EB0905C8444E44E4D120469D
:100E8000FFF740FD044601200FF01DFC05463846E3
:100E90000FF05EFC002C08BF2C4697E7324629462F
:100EA0004046BFE7BEAF030033B10300D4240300C4
:100EB0000000AD0B2DE9F04F824685B00E461C4672
:100EC0009046FAB1002B00F0A1800029426803DBB4
:100ED000D26ACB1893421AD90A20F8F79DFD58B16F
:100EE0004B4B43614B4B0462C0E906360523037448
:100EF000002343748374C374474900234FF4215281
:100F00000EF0A3FF6FF0150005B0BDE8F08F75423D
:100F100005F003050FF001FCA54228BF2546D8F1D6
:100F2000000303F0030308F0030758BF5F427F424A
:100F300007F00307A74228BF2746631BE41B24F0E2
:100F4000030423F00309A145C8BFA14603F0030B26
:100F5000C8BFA3EB040BB9F1000F19D008EB0703CE
:100F6000721949461846019310F021FA04460146C9
:100F7000DAF81000FFF7A4FD284A94423BD1BD42A5
:100F800006D0019B4A46194608EB050010F0EDFC1F
:100F9000BDB1C5F10407F21B042102A810F007FA45
:100FA00004460146DAF81000FFF78AFD1B4B9C420D
:100FB00021D107F108032A460DEB0301404610F04A
:100FC000C6FCBBF1000F1FD0082172194A440DEB7B
:100FD000010010F0ECF904460146DAF81000FFF7C2
:100FE0006FFD0E4B9C4206D109EB05005A4602A943
:100FF000404410F0ACFC50460FF0AAFB204605B070
:10100000BDE8F04FFFF77EBC044CF4E718467BE7E1
:101010000CB0030025B10300D42403000000AD0B85
:101020002DE9F0470C46074641682646C4F30B03FA
:10103000154622B96FF015042046BDE8F087C2F3CB
:101040000B0252EA0308F5D1002C03DBCA6A6319CC
:10105000934216D90A20F8F7DFFC58B1594B436187
:10106000594B0562C0E90634052303740023437419
:101070008374C374554900234FF421520EF0E5FEEA
:10108000D8E70FF04AFB4046D7F804900FF01BFB5F
:101090000446002840F08580DFF848A1D9F82C30BC
:1010A0009D4221D106F024F8A8460446386921461D
:1010B000FFF706FD54454CD14644A5EB0805002139
:1010C0004FF4A4700AF03EFA0FF0E2FA041E5BDB64
:1010D00014F00104F3D1002DE0D101200FF0F3FA58
:1010E000002C08BF04465CE0B5F5803F09D3B3B2DD
:1010F00053B93146012005F09DFF4FF48038044676
:10110000D4E7B5F5805F09D3C6F30B0030B931469B
:1011100005F090FF4FF480580446C7E70A20F8F71F
:101120007BFC58B12A4B43612A4B0562C0E9063665
:1011300005230374002343748374C3742349264C2A
:1011400000234FF421520EF080FE23493869FFF747
:10115000B7FC0A20F8F760FC58B1204B43611D4BE7
:101160000562C0E9063605230374002343748374C3
:10117000C374002315494FF421520EF066FE204639
:10118000FFF7C0FB0446A8E70A20F8F745FC60B962
:101190000E4900234FF421520EF057FE01200FF0AC
:1011A00092FA38460FF0D4FA46E70D4B4361094BEB
:1011B0000562C0E906360523037400234374837473
:1011C000C374E5E759B003004DB10300D424030014
:1011D000A7B0030042B103000400AD0BEAB0030066
:1011E000C9B003000000AD0B024B0B60012313607C
:1011F000704700BF0854002000487047B02E03001D
:1012000038B505460A200C46F8F706FC58B10A4BDB
:1012100043610A4B0462C0E90635052303740023C9
:1012200043748374C374064900234FF421520EF0B3
:101230000CFE6FF0150038BD72B10300D8B1030089
:101240004C24030010B5012211460648064C10F04C
:101250008FFA10F022F8206010F01BF86060002078
:1012600010BD00BF10540020085400204FF08042F1
:10127000D2F81015D2F8103501F01E0123F01F032B
:101280000B4343F00103C2F81035024B00221A70E1
:10129000704700BF035C00204FF08053D3F830311B
:1012A000082B20D14FF08042D2F81015CB071AD569
:1012B000D2F8103501F01E0123F01F030B43C2F8D2
:1012C0001035D2F808315BB1D2F8103523F01F0386
:1012D0000B4343F00103C2F810356FF08B007047E9
:1012E000024B01221A700020704700BF035C0020EF
:1012F0002DE9F0410E4615460FF0CBFF2946074673
:1013000030460FF04BFAB0460446002846D0B6FBF4
:10131000F7F307FB136323B9B5FBF7F407FB14548A
:10132000C4B10A20F8F778FB58B1254B4361254B2F
:101330000562C0E9063605230374002343748374F1
:10134000C374214900234FF421520EF07EFD6FF04B
:1013500015041DE0AF421BD84FF0FF324FF0FF33B2
:101360001A481B4F08F0F0FD0FF093FF0646FFF7F9
:1013700093FF044678B9404604F0BCFE3B780BB1BD
:10138000FFF774FFAD1BB044F1D1104808F078FDB1
:101390002046BDE8F0816FF08B04F6E70A20F8F7ED
:1013A0003BFB0028CDD00B4B4361064B0562C0E9E7
:1013B00006360523037444748474C474C1E700BF03
:1013C00093B10300F7B103004C2403001054002034
:1013D000035C002072B103002DE9F8430E4630464D
:1013E000194617461C460FF0D9F90546C8B90A2018
:1013F000F8F712FB50B12C4B43612C4B0462C0E94F
:1014000006360523037445748574C5742849002382
:101410004FF421520EF019FD6FF015042046BDE87F
:10142000F88346EA040515F0030511D00A20F8F701
:10143000F3FA0028EAD01F4B43611C4B0462C0E959
:10144000063605230374002343748374C374DDE7F5
:10145000002CE3D01848DFF868904FF0FF324FF0CF
:10146000FF3308F071FD24F00304A54205EB0608E4
:1014700009D1124AD2F80034DB07FBD500240E480C
:1014800008F0FEFCCAE7FFF707FF50B9795940465C
:1014900004F064FE99F800300BB1FFF7E7FE043565
:1014A000E3E76FF08B04EAE772B10300E7B10300F2
:1014B0004C240300B6B103001054002000E00140AA
:1014C000035C002010B5036941B91C491C483F2248
:1014D0000EF00DF83F2119480EF000F8486830B9B9
:1014E0001649174840220EF002F84021F3E75868E9
:1014F000F8B1884219D19C6808685860A14200D1AF
:101500009860002008602AB15A680A609A68596099
:1015100002B99960002010E0814206D1086820607D
:1015200098688142EDD19C60EBE704460068002892
:10153000F2D1002AE8D16FF0150010BD2BB20300E4
:101540001488030070B545682B690646B3B11035A1
:10155000284604F05DFC044680B90146284604F0A4
:1015600023FC0B4B98420FD10A492246284604F02F
:10157000EBFB224605210620FBF7A8FB3046064977
:10158000BDE870400EF036BD6FF0040070BD00BFC6
:101590000000AD0BAD1802004508030008B5036854
:1015A0005909024613D0012906D103F01F034FF653
:1015B000FF71D940C80712D40A490B4840F2CA3219
:1015C0000DF095FF074840F2CA310DF087FF4FF04C
:1015D000FF31D940C907EFD54FF0A04000E00348E4
:1015E000136008BDFA8F0300148803000003005045
:1015F000F0B54068057B01F01F0444EA4514056915
:1016000087B0002D77D0B2F5001F00F1100506D18C
:10161000214628460FF01EFE002007B0F0BD01AEA7
:101620000027B2F5800F0197776034D1B3F1007FC6
:1016300014BF052304238DF804300023CDE904638F
:1016400003938368CB40D9073AD4B2F1A07F37D156
:1016500068460094FFF7A2FF009B03F5E07350F883
:101660002330DB072CD46A462146284604F072FB5F
:10167000244B98421AD0CDF808D003AA2146284618
:1016800004F02AFA204B984238D1012221462846FC
:1016900004F0D8FBC0E7B3F1C06F05D0B3F1007F11
:1016A00014BF01230223C6E70323C4E76946284683
:1016B00004F0C0FB144B9842DDD06FF00B00ACE798
:1016C0006A462146284604F045FB0F4B98420646E1
:1016D000D3D19DF80010284604F0A4FBB042CCD032
:1016E0000A490B4840F2E1120DF001FF074840F2B1
:1016F000E1110DF0F3FE6FF085008EE76FF015003D
:101700008BE700BF0400AD0B0000AD0B67B2030018
:10171000148803002DE9F043466840F20635337B18
:10172000D00687B001F01F0702EA050547EA431714
:1017300054BFC2F340130323B5F5837F14468DF8DD
:10174000033044D00FD8062D18D007D8B5B1022DDC
:101750003FD06FF0150007B0BDE8F083B5F5807F8E
:10176000F7D101250AE040F20222954233D0B5F5C7
:10177000407F32D0B5F5007FEBD1022522032ED574
:10178000726801238B40C2F8083533697BBB03A81C
:101790000397FFF703FF039B00EB830084F4803380
:1017A000C3F30043C4F34044D0F8002744EA4304A1
:1017B0009DF8033022F4E16244EA830422F0070238
:1017C00044EA05231343C0F800370020C3E7072588
:1017D000D4E70425D2E70525D0E70325CEE7630348
:1017E00041BF012372688B40C2F80C35CDE710363B
:1017F0000DF102023946304604F0ACFA14F4403FD1
:10180000804616D1394630460FF022FD244B9845CC
:10181000DBD19DF80210304604F004FB4045D4D0E3
:1018200020492148DE220DF062FE1E48DE210DF027
:1018300055FE01AB4FF0000903AA39463046CDE909
:101840000439CDE90199CDF80C9004F045F9144B19
:1018500098427FF47EAF14F4003315D09DF8033026
:101860008DF80E3084F48034C4F300444B4603AA50
:10187000394630468DF80C508DF80D4004F0E8F9EB
:10188000074B9842C2D064E7CDE9043303AA0DF1B7
:10189000030339463046039304F01EF9F0E700BF16
:1018A0000000AD0B67B2030014880300420970B555
:1018B000034602D0012A1AD070BD124E3269516817
:1018C0000029F9D003F01F0301250C689D40002971
:1018D000F2D08A682A400ED04B6853B90A490B48A7
:1018E00064220DF004FE084864210DF0F7FD084E57
:1018F000E4E7304698471CB1236821461C46E6E7DA
:101900002346FAE7DC1B03002BB203001488030014
:10191000B81B030002780B69012A08D0022A08D0FC
:101920004AB9064A1A6203F1100008F0A9BA044A3B
:10193000F8E7044AF6E7044AF4E700BF0000AD0BFD
:101940000100AE0B0200AE0B0100AD0B2DE9F04F14
:1019500089B002AF9346BB600369FB604368D3F86C
:1019600028A09B8B3B614FF0FF324FF0FF330546C1
:101970000C460EF09BFFFB6810337B6100237869F7
:101980000022002608F0E0FA33465E4501D300232A
:1019900042E0207A010700F1978001365E45D4F8D5
:1019A00000E00BD2820709D4227D80EA020C0CF001
:1019B000010C02F004025CEA020C08D023B90EF01C
:1019C0006042B2F1005F41D04FF0000801E04FF0FB
:1019D00001086268396903EB020C8C4526D96C4614
:1019E0008CB0286802A93A4E4E613A4E0A62C1E9AB
:1019F00006633B690A46C1E9093040F204638B85FE
:101A0000354B42F8103F002334484FF47151F8F73A
:101A1000E3F96FF01B03A54628467B610EF049FFF2
:101A20007B691C371846BD46BDE8F08FC10706D458
:101A30000AEB030071467B600FF089FF7B686268E8
:101A40001A4493B2B8F1000F27D1D3B9D4F800905B
:101A5000A3884FF00008BA68217A009228464A46C7
:101A600000F09CF8031ED7DB4FF44D727869002319
:101A700008F06AFA40B1284600F034F86FF0040329
:101A8000CAE79846D146E6E7FB68154A1B6A9342C7
:101A9000F4D1237ADB0702D400230C3475E7CA455E
:101AA000FAD123460AE0A8EB0201D8687B601FFA4E
:101AB00081F819FA81F10FF04AFF7B685A68904566
:101AC000A3F10C03EFD2E7E76FF08503A4E700BFB3
:101AD000B3B2030082B303000700000174240300C3
:101AE0000000AD0B73B5446823680DF10701D3F80E
:101AF0000855D3F80C650EF040FA9DF8073013B97D
:101B0000204606F00DFF3146284607F06BFA9DF897
:101B10000710054629B9606A0EF0CEFE204606F091
:101B2000DBFE044B9D4214BF6FF00F00002002B09B
:101B300070BD00BF0000AD0B10B511F0010443688B
:101B400018D1C1F34201012917D002291CD0082065
:101B5000F7F762FF40B10E4B43610E4B83610323E5
:101B6000037444748474C4740B4900234FF4C25248
:101B70000EF06BF96FF0150005E01B684FF0CC72AA
:101B8000C3F82425002010BD1B684FF0C862F7E79A
:101B9000B4B303009CB4030074240300F0B587B011
:101BA000476816460C46122200210DF106001D461C
:101BB0000FF0F5FE0496BE8D029504F001038DF83A
:101BC0000430AE42BDF830308DF8053019D20A200D
:101BD000F7F722FF58B1164B4361164B0662C0E976
:101BE000063505230374002343748374C3741249B8
:101BF00000234FF421520EF028F96FF01B0007B0BC
:101C0000F0BD84F00202C2F34002520101A938463D
:101C100006F00CFF094B984207D00B33984214BFD3
:101C20006FF004006FF00F00E9E70020E7E700BF66
:101C3000CAB3030081B40300742403000000AD0B99
:101C4000B0B5456800AF2B6A04469847686A012121
:101C50000EF032FE2346AA6905F10801284606F077
:101C6000F9FD114B984219D023686C468AB06A4638
:101C70000E4951610E49C2E9061340F20133138443
:101C80000C4B42F8103F0C4800234FF41151F8F769
:101C9000A3F86FF00400A546BD46B0BD0749204635
:101CA0000EF0A8F9F8E700BF0000AD0B15B4030073
:101CB00067B4030004000001742403000309030057
:101CC00013B50DF1070144680EF057F99DF8073080
:101CD00003F0FD03012B17D00820F7F79DFE48B154
:101CE0000C4B43610C4B8361032303740023437447
:101CF0008374C374094900234FF4C2520EF0A5F84F
:101D00006FF00F0002B010BD204606F04FFE00201D
:101D1000F8E700BF39B403004BB403007424030098
:101D200008B503685909024613D0012906D103F00A
:101D30001F034FF6FF71D940C80712D40A490B4858
:101D400040F2CA320DF0D3FB074840F2CA310DF021
:101D5000C5FB4FF0FF31D940C907EFD54FF0A04088
:101D600000E00348136008BDFA8F030014880300E5
:101D7000000300502DE9F04FDFF894B185B015460F
:101D8000824600EB810840F2FF19D04503D10020C4
:101D900005B0BDE8F08FDAF800305804C3F3C32172
:101DA000C3F3080400F1AC80584A1B0E575C4C4545
:101DB00008BF4FF0FF34222B00F2A580DFE803F0CC
:101DC00012191F22252B22A3A3A3A33B68A3A3A31D
:101DD000A3A3A3A3A3A36B818487A3A3A38A9194A2
:101DE000979A9D00C5F80C45621C5ED10AF1040A61
:101DF000CBE7C5F81445631CF8D000265FE0C5F8B2
:101E00000845F1E7C5F81045F5E7661CC5F8084533
:101E1000ECD0002604E0601CC5F80C45E6D0012695
:101E200003A80394FFF77CFF039B012101FA03F34E
:101E3000C0F80C3508E0C5F80845002FDBD1631C5D
:101E4000D4D0002631460627DAF80030019303F497
:101E50000040002818BF002103A8009118BF0126E8
:101E60000394FFF75DFF039C019B009900EB840046
:101E7000C3F3412CD0F800473B0243EA8C030B43E9
:101E800004EA0B04234343EA4603C0F80037ADE7F6
:101E9000C5F80C45D1E7C5F86045611CDAF800309B
:101EA000A4D0C3F30043002BB9D003A80394FFF7D9
:101EB00037FF039B012606FA03F3C0F808353146C5
:101EC000C2E7C5F86445E8E7C5F86845E5E7C5F841
:101ED0006C45E2E7C5F82445621C87D00021012645
:101EE000B2E7C5F828457FE7C5F83045F4E7C5F8FF
:101EF0003445F1E7C5F83845EEE7C5F83C4573E7EA
:101F00006FF0150044E76FF0850041E7B4B40300BB
:101F1000F0F8FCFF08B503685909024613D00129FF
:101F200006D103F01F034FF6FF71D940C80712D442
:101F30000A490B4840F2CA320DF0D9FA074840F27C
:101F4000CA310DF0CBFA4FF0FF31D940C907EFD5B8
:101F50004FF0A04000E00348136008BDFA8F030073
:101F6000148803000003005098B5044600AF002217
:101F700001211C20FAF7AAFE60682369134A00F1C8
:101F8000080104F06DFB124B984219D023686C468F
:101F90008AB06A460F4951610F49C2E9061340F2FF
:101FA000013313840D4B42F8103F0D4800234FF4CA
:101FB0001151F7F711FF6FF00F00A546BD4698BD10
:101FC000084920460EF016F8F8E700BF450903005F
:101FD0000000AD0B15B403001CB5030004000001A4
:101FE000CC240300710903002DE9F341BDF820C0A2
:101FF00046680469032907460D4690460CF0010C1B
:1020000012D90820F7F708FD50B15F4B43615F4BD1
:10201000C0E9063504230374002343748374C37436
:1020200000234FF4015223E0B27F012A4FF0010157
:1020300004BF5B084FEA5808A940002B7AD09845A6
:102040007BD9226890452CD02079884318D008206D
:10205000F7F7E2FC48B14E4B43614E4B83610323DB
:102060000374002343748374C37400234FF4C25277
:1020700049490DF0EAFE6FF0150002B0BDE8F081AD
:102080004246B2F5004F45D2C4F800806071D6F8E0
:1020900000E096F81E80CEF80C05CEF80485CEF848
:1020A0000825627923FA02F292B24FF0010E7868A5
:1020B0008CF00108806A42EAC83220F815205FFAE5
:1020C00081F8BEF1000F47D1326805F5AC7552F8C2
:1020D0002520002A0FDBBCF1000F51D0B3FA83F3A7
:1020E0005B097BBB01A80192FFF714FF019A012352
:1020F0009340C0F80C35217921EA0801217181B3A0
:10210000A379ABBB1023012206F12801304604F06D
:10211000CDFA2BE0013008284FEA5202B1D1F7F78F
:102120007BFC00283FF47CAF1C4B4361194BC0E99A
:1021300006386FE79E461A46B9E74FF0000E47F69D
:10214000FF72B4E701A80192FFF7E4FE019A0123B0
:102150009340C0F80835CEE7237948EA030323719A
:10216000CEE7786804F004FB0123A371002084E724
:102170000023A371304604F031FB0028FAD0C1E7F8
:10218000003B18BF0123ACE7BCB4030043B5030018
:10219000D5B403002AB50300CC240300EEB4030039
:1021A00008B5064801224FF4805103F067F904484E
:1021B0000122042103F062F9002008BD00F0032091
:1021C0007C7F0020014B01221A60704700C0004054
:1021D0000C2903690BD15B6A064907484B4393FB03
:1021E000F0F100FB113311605360002070476FF075
:1021F0008500704790D0030040420F00044B0069F7
:102200000022C3F80021D3F8003107F039BE00BF27
:1022100000C000407FB50569AB6A002B40D0402963
:1022200001D00C293FD105F110064FF0FF324FF0DD
:10223000FF33304607F090FB1C4B0193002403232F
:10224000A86A039469460293F6F70EFCA04208DAE6
:10225000174918483D220DF04AF93D2114480DF068
:102260003DF94FF0FF324FF0FF33284607F06CFE88
:10227000A86AF6F77DFC002806DA0D490D484222CF
:102280000DF035F94221E9E70B4BD3F808256A62D6
:1022900001225A60304607F015FC204604B070BD9C
:1022A0006FF00A00FAE76FF08500F7E7C52102003A
:1022B000D1B503001488030000C0004010B50469C4
:1022C0000020FEF713F8A06240B9104910487722A9
:1022D0000DF00DF90D4877210DF000F94FF0FF32A8
:1022E000002120460FF044FA04F110000FF022FA0A
:1022F000002201210C20FAF7E9FC0C20FAF7B6FCC9
:10230000044B0122C3F80423002010BDD1B5030003
:102310001488030000C0004010B503460A46006858
:1023200019790469012303FA01F143681B68194212
:102330000AD10C490C4840F28D620DF0D8F80948DA
:1023400040F28D610DF0CAF82368194218BF82F07F
:10235000010222B18368DB68BDE81040184783683A
:102360001B69F9E7E387030014880300F7B51546F6
:102370004668036942B93049304843220DF0B7F846
:102380002D4843210DF0AAF81F2952D1B27A1B8C97
:1023900012F02001727918BF1BB22AB3F279377C90
:1023A000042A09BF3268F2899268128909B1013F93
:1023B000FFB25A43B079019201A9FDF73BFB0446F5
:1023C000A0B9019941FA07F077693FBB4FF47A73DE
:1023D00003FB00F190FBF3F2194B2A6091FBF3F23F
:1023E00003FB1211696016E06FF085040820F7F70F
:1023F00013FB50B1134B4361134BC0E90634042364
:102400000374002343748374C374104900234FF48E
:1024100001520DF01AFD204603B0F0BD4FEAE07CFA
:10242000A0FB0701B269234607FB0C11DEF794FC01
:10243000CCE76FF08504EEE723B6030014880300B1
:1024400040420F005FB603007FB703008C250300F6
:1024500070B51F294668056901D040292ED1D5E9FC
:10246000060109F06FF830460EF071FB0446B0B17A
:102470000820F7F7D1FA50B1124B4361124BC0E973
:10248000063404230374002343748374C3740F4914
:1024900000234FF401520DF0D8FC204670BD306887
:1024A000836829465B68984704460028F5D00820D1
:1024B000F7F7B2FA0028EAD0054BDEE76FF08504A3
:1024C000EBE700BF71B6030079B703008C2503006A
:1024D0008AB60300F8B5056946686FF001024FF04F
:1024E000FF33C5E90623074630680FF0CCF80446F1
:1024F000B0B90820F7F790FA40B1354B4361354B3E
:1025000083610323037444748474C47432490023C4
:102510004FF4C2520DF099FC6FF012042046F8BD42
:10252000F06950B10FF0AFF8044630B90820F7F762
:1025300073FA0028EAD0294BE0E730460EF007FB9B
:102540000446A8B10820F7F767FA50B1244B43615D
:10255000204BC0E9063404230374002343748374BE
:10256000C3741D4900234FF401520DF06EFCD5E7F2
:10257000747964B90820F7F74FFAD8B916490023DF
:102580004FF401520DF061FC6FF08504C6E732791B
:102590001449012393406B60337C2B74737C6B7400
:1025A00005F12003AB600223EB603846BDE8F8403C
:1025B0000DF020BD0C4B4361064B83616FF085032A
:1025C000C3610423037444748474C474D6E700BFE5
:1025D0009BB6030062B703008C250300B0B603006E
:1025E000CCB60300ED250200DAB603002DE9F84F62
:1025F00046680769F06930B1032900F2C880DFE856
:1026000001F0B65F020600242046BDE8F88F96F878
:102610002010738C03F03002302AD0E9014706699C
:102620000AD15C495C4840F2E2320CF060FF40F2B3
:10263000E23158480CF052FF03F00602042A08D198
:102640005449554840F2E9320CF051FF40F2E9316B
:10265000EFE724680125DA0705FA01F554BF43F4D2
:10266000B01383F4D013254223F4801208D14949D2
:1026700049484FF47F720CF03AFF4FF47F71D8E76E
:102680003468DB074CBF2C43AC4334603B6898474D
:1026900004460028B7D00820F7F7BEF948B13F4BF1
:1026A00043613F4B836103230374002343748374AA
:1026B000C3743C4900234FF4C2520DF0C6FBA3E79C
:1026C000012106F11C00FFF727FE044698B10820FF
:1026D000F7F7A2F948B1344B4361314B83610323CF
:1026E0000374002343748374C3742E4900234FF48E
:1026F000C2520DF0AAFB0FF0DEF8DFF8B8A02B4AAB
:1027000080464FF00009706A0D464FF4004BD446E6
:102710004946E0FB0BC100236046DEF76DFB10EB82
:10272000080045EB0105012875F100051ADB0FF0E3
:10273000C2F88046706A1D4A0D464946E0FB0BA16F
:1027400000235046DEF758FB6FF0010310EB080042
:1027500045EB01014FF0FF321B1A62EB0101C7E9A3
:10276000063151E76FF001034FF0FF31F7E7002129
:1027700006F11C00FFF7D0FD044600283FF443AFEC
:102780000820F7F749F9002893D0094B88E76FF044
:10279000850439E7E387030014880300F0B60300DB
:1027A0006FB703008C25030017B7030040420F00EA
:1027B0003CB703003F420F002DE9F0410446476853
:1027C0000D460FF003F84FF0400888B91F4B1B78F7
:1027D00073B1642660680EF085FAF0B901200EF03E
:1027E00081FC013EF6D10021212008F0ABFEF0E78C
:1027F000EFF311810E4688F31288BFF36F8F606884
:102800000EF070FAA8B981F31188BFF36F8FEFE76C
:1028100081F31188BFF36F8FE5E7EFF311810E4667
:1028200088F31288BFF36F8F60680EF05BFA0028A0
:10283000EED0BB691D70B969012220460EF036FA50
:1028400086F31188BFF36F8FBDE8F081DC62002052
:10285000F8B50022054601210220FAF737FA0220D6
:10286000FAF704FA6C680121E0680EF0CCFA6B68A4
:102870001A682369C2F82435617D237D0B43A17D4D
:102880000B43C2F86C356E68D6E9004313F00103C0
:1028900042D02F6907F10C000EF03BFC2B4B984205
:1028A00016D00820F7F7B8F848B1294B4361294BF7
:1028B000836103230374002343748374C374264920
:1028C00000234FF4C2520DF0C0FA6FF00400F8BDBF
:1028D000387B04F10C0204F590710EF010FC387B8B
:1028E000012707FA00F002F0CFFD0823C4F80035F5
:1028F000B369C4F844350023C4F84835A760D4F858
:102900005831002BFBD00023C4F80035284613496A
:10291000BDE8F8400DF06EBB0822C4F80025B2698E
:10292000C4F84425C4F848350123A360D4F8203105
:10293000002BFBD00023C4F82031D4F82031012330
:10294000E3604FF48073C4F80433D8E70000AD0BA4
:102950009BB70300BEB7030054250300250E0300F8
:1029600008B503685909024613D0012906D103F0BE
:102970001F034FF6FF71D940C80712D40A490B480C
:1029800040F2CA320CF0B3FD074840F2CA310CF0F5
:10299000A5FD4FF0FF31D940C907EFD54FF0A0405A
:1029A00000E00348136008BDFA8F03001488030099
:1029B0000003005010B5012303FA01F143680469D4
:1029C0001B6819420AD10C490C4840F28D620CF088
:1029D0008EFD094840F28D610CF080FD236819429C
:1029E00018BF82F0010222B18368DB68BDE81040A5
:1029F000184783681B69F9E7E3870300148803001D
:102A00002DE9F84F4568D0F8108000AF0646002148
:102A1000E86B0EF0C4FA041E20DB296C481C38D089
:102A200005F1440000F02AFC10F1130F044619D1FF
:102A30000820F6F7F1FF48B1564B4361564B8361CE
:102A400003230374002343748374C3745349002322
:102A50004FF4C2520DF0F9F96FF012042046BD4652
:102A6000BDE8F88F411D14D10820F6F7D5FF48B115
:102A70004B4B4361484B836103230374002343742E
:102A80008374C374454900234FF4C2520DF0DDF93D
:102A9000E4E76B6B9847D8F808504FF00109D8E984
:102AA000023203EBC2039D4208D340460EF0C3FA44
:102AB0003C4930460DF09EFA0446CFE728680EF0F8
:102AC000E2FD0346C0B92A68297910686C468AB0CD
:102AD0006A46354D55611162344D40F201319184A1
:102AE0003349C2E9065042F8101F2C484FF43151C7
:102AF000F7F772F9A546AFE728682979EB8803F064
:102B00003002302AD0E901BAD0F810E00AD12949C0
:102B1000294840F2E2320CF0EAFC40F2E23125486A
:102B20000CF0DCFC03F00602042A08D121492248FB
:102B300040F2E9320CF0DBFC40F2E931EFE7DA0772
:102B400054BF43F4B01483F4D014DBF8003009FA16
:102B500001FC1CEA030F24F4801208D11549164821
:102B60004FF47F720CF0C3FC4FF47F71D7E7DEF8AF
:102B70000030E4074CBF43EA0C0323EA0C03CEF811
:102B80000030DAF800309847041EFFF667AF0835CA
:102B900085E700BFF2B70300F7B903002C25030057
:102BA00021B80300BD0F030042B80300DAB90300E7
:102BB00005000001E3870300148803002DE9FF41AD
:102BC0000569D0F80480AA6C2B6D0646002A35D121
:102BD000002B53D0B8F83840686CEF6C9C4228BF8B
:102BE0001C46EB6C53B12A6D42B107F06042B2F162
:102BF000005F03D0082C6F6E28BF08246A6CAC6598
:102C00001AB1AA6C002A18BF224601921BB12B6D83
:102C1000002B18BF234600900022694640460393CC
:102C2000029705F0D9FA184B984229D06FF00401A9
:102C3000304604B0BDE8F0410EF01FBA696CEF6C8D
:102C4000B8F838400846ABB1934228BF13469C42BF
:102C500028BF1C460029C4D001F06043B3F1005FD7
:102C6000BFD0082C28BF0824286E22460EF06FFE25
:102C7000286EB6E7944228BF1446EBE71946D7E71B
:102C800004B0BDE8F08100BF0000AD0B10B50278C4
:102C90000346002A7DD10C69A26D32B9606D6FF0D8
:102CA0007301BDE810400EF0E8B9E06C40B1216D51
:102CB00031B1DB6823B1834202D0616E0EF047FE72
:102CC000A36CA26DABB19A4231D90820F6F7A4FEED
:102CD00048B1304B4361304B8361032303740023BD
:102CE00043748374C3742D4900234FF4C2520DF012
:102CF000ACF8236DA26DABB19A4231D90820F6F73A
:102D00008BFE48B1234B4361254B8361032303743E
:102D1000002343748374C374204900234FF4C252C8
:102D20000DF093F8606DBDE81040FFF747BF9B1AA8
:102D3000A3647BB9636B08336363A36B013BA36339
:102D400004F1480204F1380104F134000EF014F9E2
:102D50006064CEE7636C002BCBD013446364C8E798
:102D60009B1A23657BB9E36B0833E363236C013B58
:102D7000236404F1500204F1400104F13C000EF020
:102D8000FBF8E064CEE7E36C002BCBD01344E364A4
:102D9000C8E710BD6AB803003BBA03002C25030046
:102DA00025BA03002DE9F04F91B000AFC7E9023218
:102DB00043687B608B88046980469804894642D4C6
:102DC0004FF0FF324FF0FF3304F1100007F0BCF872
:102DD000C4F80490D8F804B0D8F810A0DBF8083094
:102DE0003B609AF85D3023B1DAF80030994500F085
:102DF0004A81B9F804C01CF400632BD00820F6F710
:102E00000BFE48B1834B4361834B836103230374FF
:102E1000002343748374C374804900234FF4C25267
:102E20000DF013F86FF0850523689B8813F40053A9
:102E300004D1636004F1100007F022F828464437FB
:102E4000BD46BDE8F08FA369002BB9D163689942F4
:102E5000B6D1BFE71CF0010618D06D468AB0D8F88D
:102E600000106A466E4850616B48C2E9060140F2A4
:102E7000013111846B4942F8101F68484FF4115119
:102E8000F6F7AAFFAD466FF01505CDE71CF0080573
:102E900013D00820F6F7C0FD40B1634B43615E4B91
:102EA00083610323037446748674C6745B490023EC
:102EB0004FF4C2520CF0C9FFE5E7CCF345100828E7
:102EC0000ED00820F6F7A8FD0028EFD0574B43613D
:102ED000514B83610323037445748574C574E5E71E
:102EE000D9F800E0524B9E4505D8F6F795FD00282D
:102EF000DCD0504BEBE70BF10C060FCE07F11805B9
:102F00000FC50FCE0FC53B68734528BF73469E465D
:102F100096E80300484B9E4585E8030017D2474BCF
:102F20009E4514D2464B9E4511D2464B9E455DD8D8
:102F3000454B9E455CD8454B9E455BD8444B9E45D2
:102F40005AD84449444B454A8E4588BF13461CF025
:102F5000020FFB620CF0040350D0002B14BF0323BC
:102F6000022387F83030CCF3001387F83130DBF8D8
:102F70000030D3F80835591C0CD01CF0020F7B61CF
:102F800007F114003ED1FFF7EBFC7A69012393406F
:102F9000C0F80C359AF85D302BB1584605F0BCF8F6
:102FA00000238AF85D3043462D4A07F11801584640
:102FB00005F074F82B4B984205465FD00820F6F7D1
:102FC0002BFD50B1284B4361134BC0E90635042358
:102FD0000374002343748374C374104900234FF4B3
:102FE00001520CF032FF6FF004051DE71F4BAEE7F6
:102FF0001F4BACE71F4BAAE71F4BA8E7003B18BFCE
:103000000123AEE7FFF7ACFC7A6901239340C0F8D7
:103010000835BFE78CB8030051BA03002C25030024
:10302000AAB8030004000001D0B80300F3B80300FD
:1030300047E8010026B903000048E8010024F40035
:1030400000127A00FF083D007F841E003F420F00FF
:103050001FA107008FD0030048E8010090D00300B3
:103060008D2C02000000AD0B5BB9030000093D0090
:1030700080841E0040420F0020A1070001238AF82F
:103080005D30CAF80090012384F85C307B68196CCD
:103090004A1C17D003F1440000F020F9743011D11C
:1030A0000620F6F7B9FC38B15B4B43610223037489
:1030B000002343748374C374584900234FF484522B
:1030C0000CF0C3FEFB68002B7AD163630023A3637B
:1030D00004F1480204F1380104F134000DF04CFF12
:1030E000BB686064002B73D1E3630023236404F1A5
:1030F000500204F1400104F13C000DF03DFF0025B9
:103100002A46E0640121204625630DF073FF404606
:10311000FFF754FDA06B2A462B46834260D1002363
:10312000256C1946A94262D19A42264638BF1A46F2
:103130004FF4FA5303FB02F556F8203B4FF0000919
:103140001B68B5FBF3F54FF4004CC835494640F217
:10315000E7304FF47A720023E5FB0C01DDF74CFEFB
:1031600002460B46304606F0EFFE0246002845D0E8
:103170000820F6F751FC58B1294B4361294B836174
:103180000323037480F8119080F8129080F8139054
:10319000224900234FF4C2520CF057FE00257868F4
:1031A000A56504F0B9FF84F85D506FF073014046E7
:1031B0000DF063FF304606F027FF6FF0730533E62E
:1031C000FB681B686363002B80D0FB685B687EE74D
:1031D000BB681B68E363002B87D0BB685B6885E72F
:1031E000616B01EBC301013349680A4495E7E06B69
:1031F00000EBC10001314068034493E7256B15F1F2
:10320000740FCBD0002D3FF40FAE0146D8F810005C
:103210000DF0F0FE08E600BF86B903002C25030080
:10322000B0B9030005BA030008B50368590902469E
:1032300013D0012906D103F01F034FF6FF71D940C7
:10324000C80712D40A490B4840F2CA320CF04FF9B1
:10325000074840F2CA310CF041F94FF0FF31D94034
:10326000C907EFD54FF0A04000E00348136008BD48
:10327000FA8F03001488030000030050F0B587B0F4
:1032800001238DF8023002238DF804306B44039340
:103290000F4601AB0DF10301002404930546029192
:1032A000059402F0C7FD0C4B984206460FD103AAC5
:1032B0003946284602F010FCB0420BD09DF80310AE
:1032C000284602F0AFFD6FF0040007B0F0BD6FF0CC
:1032D0001200FAE72046F8E70000AD0BF7B50C4600
:1032E00005460DF0B9FF002221460646284602F0A9
:1032F000A9FD01A80194FFF797FF019B00EB830252
:10330000164BD2F800170B4043F00C03C2F80037FD
:103310000DF0C4FE07462B689B59B3B10026214629
:1033200028460DF097FF01A80194FFF77DFF019B50
:1033300000EB8300094BD0F80027134043F004034F
:10334000C0F80037304603B0F0BD0DF0A7FEC01B3B
:103350000628E0D96FF07306E1E700BFF0F8FCFF44
:1033600070B40E49D1E90034D01AC31844F10004F6
:1033700022F07F46C1E90034A6F50013B3F5400FF3
:1033800009D2074B1B681A0A1B069C19054B42F110
:103390000005C3E9004570BC08F0A8BDC02F00209F
:1033A000E8540020C82F00200D4B1868010A0006C1
:1033B000BFF35F8F0B4BD3F80435181841F10001B0
:1033C000B3F5801F0AD2084BD3E90023904271EB7A
:1033D000030303D210F1807041F10001704700BF78
:1033E000E854002000100140C82F00202DE9F743C9
:1033F0002B4CD4F8043399070BD5D4F8043143B1DE
:10340000284A0023C4F80431D4F804311368013386
:103410001360D4F80433DA0323D5BFF35B8F224B58
:1034200053E8002F22F0010143E800100028F7D1F3
:10343000BFF35B8FD30702D4D4F840318BB10025A2
:10344000C4F84051D4F84031FFF7AEFFEFF31082DB
:1034500072B6164BD3E90267B042B94104D282F387
:10346000108803B0BDE8F0834FF0FF384FF0FF390C
:10347000C3E90289D3E900101D604FF48033C4F81A
:103480004833C4F84051D4F8403182F31088002901
:10349000E7D0009032463B4628468847E1E700BF28
:1034A00000100140E8540020E0540020B02F00201C
:1034B0002DE9F84F4B4DBFF35B8F06460F4655E89D
:1034C000008F28F0010345E80032002AF7D1BFF34E
:1034D0005B8F454C4FF48039C4F80893BFF35F8F7E
:1034E000BFF36F8FFFF760FFB04271EB070308F087
:1034F000010840D23D4B301A67EB0101984271F14F
:1035000000014CD23A4BD3E902239F4208BF9642B6
:103510003ED04FF0000CC4F84893C4F840C126F0E8
:103520007F40D4F84031DFF8D8A0834603216FF004
:10353000020E2BF07F43C4F84035C4F84493D4F80E
:103540000425AEEB02035B4423F07F4353451FD9B0
:10355000D4F840315BB1D4F80425131A23F07F432B
:10356000B3F5000F14D9C4F840C1D4F8403101EBD1
:10357000020B0131DDE71F4BBFF35B8F53E8001FE8
:1035800041F0010143E80012002AF7D1BFF35B8F3D
:10359000174B194A1A60C3E9026700225A60B8F152
:1035A000000F1CD0BFF35B8F55E8003F43F00103D1
:1035B00045E80032002AF7D1BFF35B8F4FF4803328
:1035C000C4F804330B4BBFF35B8F1B68BFF35B8FF7
:1035D000DB0742BF094B4FF40032C3F80021BDE8BE
:1035E000F88F00BFE454002000100140010080006B
:1035F000B02F0020E05400206133020000E100E021
:10360000FDFF7F0070B5194C194BC4F80833C4F89E
:103610004833184B00254FF0FF304FF0FF31C4F80E
:103620000855C3E902014FF48033C4F80433124B48
:1036300002264FF40032C4F804630121C3F880214C
:1036400011202A46F9F742FB1120F9F70FFB01235D
:103650000A4AA3600021236009481360FFF728FF8E
:103660003046FCF74BFE284670BD00BF00100140FD
:1036700003000F00B02F002000E100E0E454002020
:10368000FFFF7F00431C10B50F4C05D08442A8BF3C
:103690000446012CB8BF0124FFF786FE0B4AD2E98D
:1036A0000031C01AB0F5000F074A0AD220449042F8
:1036B00028BF1046C018BDE8104041F10001FFF7D7
:1036C000F7BE1046F6E700BFFFFF7F00C02F0020C7
:1036D00008B5FFF769FE024B1B68C01A08BD00BFA2
:1036E000C02F002010B5084C012363601120F9F7AA
:1036F000CBFA064BC4F80833C4F84833044B4FF4F4
:103700000032C3F8802110BD0010014003000F00FB
:1037100000E100E008B5F6F70BFA0820F6F77CF9AF
:1037200048B1094B4361094B8361032303740023B0
:1037300043748374C374064900234FF4C2520CF0DF
:1037400084FB0020F9F738FE76BA03008BBA030039
:103750003C2403000B4B0C4A1B7AC2F81035042B97
:103760000DD8DFE803F008030C080300074BA02284
:103770001A6001207047054B4FF49672F8E700205D
:10378000704700BFE455002000100040F4540020B2
:10379000044A0023C2E908339362034AC2E90833AA
:1037A00093627047B055002084550020054B1B687C
:1037B000D3F80423920342BF0022C3F84421D3F874
:1037C00044317047540B002008B5084B1B68012298
:1037D0001A61DCF7B3FCDCF7ABFC01F01FF8032047
:1037E000DCF7B2FCBDE80840DCF790BC540B0020CD
:1037F00038B500280E490F480F4D40F2044408BF69
:103800004FF48064DCF788FC38B9DCF779FC00F011
:10381000E9FF2B68C3F8004238BD084BDB7C002B66
:103820002B680CBF81222822C3F84825F1E700BF8E
:103830000C0B0020E8300300540B0020E45500205E
:10384000EFF31181402383F31288BFF36F8F074A90
:10385000936A013B9362536A0133082B28BF00230C
:10386000536281F31188BFF36F8F7047B05500200A
:103870002DE9F843224BDFF898801A78012A814617
:103880000F4630D198F80030C3F3050203F03F0330
:10389000202B33D81B4B196A53F821301A70194D5D
:1038A00019492C6A55F824603046013410F8052B6C
:1038B0000EF04DF8154B86F80190D3F84835377166
:1038C00003F07F03B37098F80130DB4303F001038A
:1038D000F370AB6A082C28BF002401332C62AB6262
:1038E0000120BDE8F883074A116A52F8212059786F
:1038F00009B91170D3E75B7C1370D0E70020F0E7C3
:10390000E4550020845500208F6200200010004004
:103910008D6200201FB5174B93F90A001B7A013BFB
:10392000DBB2032B9CBF144AD25C144BDB7C4FF000
:10393000000188BF0522009103F5166303A9DCF797
:103940000FFC9DF80D00DCF705FC50B10C490D484B
:1039500040F281320BF0CBFD094840F281310BF08F
:10396000BDFD9DF80C20084BC3F80C2505B05DF893
:1039700004FB00BFE45500207ABB03003C0B002091
:10398000B1BA030014880300001000408378427825
:103990001B0443EA022302781343C27843EA02532A
:1039A000027943EA8253427943EA0263827943EA25
:1039B0008263C27943EA4273094AC2F81435837AB2
:1039C000417A1B0443EA0123017A0B43C17A43EA9B
:1039D0000163017B43EA4163C2F81835704700BFB9
:1039E000001000401FB504460D22002168460DF06E
:1039F000D6FF0A4B00930A4B5B7CE0B2013B8DF88B
:103A000008008DF809008DF80A30684601238DF80A
:103A10000B30FFF7BBFF04B010BD00BF0001010079
:103A20003C0B00201FB50023CDF80930CDF8013044
:103A3000CDF8053003238DF8023006238DF80030D1
:103A40000C4B5B7C013B8DF80A3020238DF808304D
:103A5000094B1B7A012293428DF80B2007D18DF878
:103A600005206846FFF792FF05B05DF804FB042BC4
:103A7000F5D0F6E73C0B0020E4550020F8B5634B89
:103A8000634F644D3C78644E01221A60634B5A6A5E
:103A900053F8221029600CB3012C42D001242B686A
:103AA0005F4D5A78C5F82C255B785E4A012707FAE6
:103AB00003F3DBB2C5F83035D37C40F6C41103F50F
:103AC00016638B426BD9584958484FF4E6620BF0A5
:103AD0000EFD55484FF4E6610BF000FD544B348069
:103AE00008781B689847296833780A79304662F36A
:103AF000010300F8023B11F8052B0DF028FF484B9D
:103B000040F21B12C3F800221022C3F80423494BD1
:103B1000FA891A60484B494A1A60494B02221A70C6
:103B2000BCE7CA780023338012B1BC7C84F0010466
:103B30000B7991F800C030785B0003F00603002A8F
:103B400008BF43F00103727822F0070213436CF3BD
:103B500005003070737011F8052B3A480DF0F7FE30
:103B60002F4B3549364A74B140F21B10C3F800029E
:103B70003048FC890460314808600221117010222D
:103B8000C3F804238AE740F21310C3F800022E485A
:103B90000860012111701022C3F804237FE7A3F508
:103BA0001663C5F8083502F11403BFF35B8F53E8C1
:103BB000001F21F0010143E80012002AF7D1BFF3F2
:103BC0005B8FFFF7A7FE214BC5F804650222C3F8FF
:103BD00080213846F9F74AF80020C5F80401D5F8E5
:103BE0000431C5F80801D5F80831C5F81001D5F839
:103BF0001031C5F80C012146D5F80C3100F024FE37
:103C00002046FFF7F5FD124B9F61F8BDF8540020E8
:103C1000E4550020DC550020AF620020B0550020A4
:103C2000001000403C0B0020D2BA030014880300AF
:103C3000EC540020FC540020F0540020C13E02004F
:103C4000D1620020B1620020213E020000E100E0CC
:103C500000400140684620F007018D4619B5144B1D
:103C6000D3F80423D2060BD5D3F8102142B1002299
:103C7000C3F81021D3F810310E4B1B6803B19847DD
:103C80000B4CD4F804331B070BD5D4F80C3143B1DB
:103C9000084B1B6803B198470023C4F80C31D4F8D3
:103CA0000C31F8F795FABDE819408546704700BF1A
:103CB00000100040F0540020684620F007018D46B7
:103CC00031B5194B82B01B680193EFF3118140238A
:103CD00083F31288BFF36F8F144B00221D681A60A4
:103CE00081F31188BFF36F8F114C2368ABB1E907E3
:103CF00003D58DF8002068469847AA0705D501230B
:103D00008DF800306846236898476B0705D5022375
:103D10008DF80030684623689847F8F759FA02B0E2
:103D2000BDE8314085467047F8540020005500201A
:103D3000E05500200146C80708B506D531480DF00A
:103D4000B1F9314B00BAC3F81C058A0706D52F48D4
:103D50000DF0A8F92C4B00BAC3F820054B070AD583
:103D60002B4829490DF09EF9C1F8240529480DF08A
:103D700099F9C1F828054FF08053D3F83021082A6B
:103D80003ED1D3F83431052B3AD8234AD35CBBB3A8
:103D90001C4B224A5B7C052B1B4BD3F81C15D3F81C
:103DA000200518BF4FF07F424140114228D1D3F87F
:103DB0002415D3F82825C1F30720CBB2834214D0B1
:103DC000C1F30740834210D0B3EB116F0DD0D1B2D5
:103DD0008B420AD0C2F307218B4206D0C2F30741BF
:103DE0008B4202D0B3EB126F0AD1074AD2F8743774
:103DF00023F0807323F0010343F08073C2F874371B
:103E000008BD00BF3C0B002000100040400B00200C
:103E1000440B0020480B00207EBB03000000FFFF86
:103E200010B5DCF785F9154B154C1B6801221A619A
:103E300000F0F4FCDCF76AF90021084600F070FDA0
:103E4000104A1148136843F001031360A36A3BB999
:103E50000E4B00221A704FF48013C0F8003110BDD1
:103E6000FFF7EEFCA36A002BF2D04FF48013C0F8EA
:103E70000031BDE81040FFF701BE00BF540B002029
:103E8000B05500200055002000E100E0D162002084
:103E900008B5DCF74DF907490748DCF743F9074B4C
:103EA0001A68D2F8003223F4806323F00403C2F8C6
:103EB000003208BD0C0B002000310300540B002021
:103EC000F8B501210020244C244D254E00F028FD9A
:103ED00000F0A4FCFFF7DCFF40F21313C4F800323B
:103EE0002B680127DF601F4B1A6800230D3219462B
:103EF000284604F0CDFBF37CB189002B0CBF812256
:103F0000282228468A1A0023394604F0C1FB2B6870
:103F100040F202220025C3F80022C3F84051D3F832
:103F20004021C3F84451D3F8443100F0B7FD00F00C
:103F30008FFDC4F80C513078D4F80C3110B90A4B0D
:103F40001B689847094BC4F80435094B094A1A60A5
:103F5000094B03221A70F8BD00100040540B0020DA
:103F6000E4550020F4540020EC5400208D62002021
:103F7000F0540020E13F0200D162002038B50A4C25
:103F80000A4D2368D3F844358133EB6000F02AFCF6
:103F900007492846DCF7C0F820B9236840F20442FC
:103FA000C3F8002238BD00BF540B0020240B0020B2
:103FB0000C0B002008B500F031FCDCF7B9F8032049
:103FC000DCF7C2F8054B1A68D2F8003223F480639C
:103FD00023F00403C2F8003208BD00BF540B0020D8
:103FE00070B500F08DFDDCF7A9F8DCF78FF84E4BCB
:103FF0004E4AD3F80C11002943D0D3F80034D90726
:104000003FD54B4C4B4D23684B4E43F0010323608F
:104010001268EB899B1A494A01331360B36A0BB1EA
:10402000FFF70EFC2B78B3B1454B1A78920612D0ED
:104030005978444B3C4A9B6AD2F82C05072BC1F3B4
:10404000410108D800F00700FFF712FC18B12368FF
:1040500043F004032360B26A3B4B12B12A7C012A6D
:1040600007D13A4A002111704FF48012C3F80021A1
:1040700070BD4FF48012C3F80021BDE87040FFF717
:10408000FDBC1368314E324D591E11607BB92A6850
:1040900001211161274AD2890A4428490A6024492A
:1040A0000A6842F002020A603370274BDCE71E4CBC
:1040B0000023C4F80031D4F8003140F21B13C4F8D7
:1040C0000032244B1A68244B10781B689847234B06
:1040D000C4F80435224B234A1A6002233370FFF7D9
:1040E00019FCFFF74BFF00F079FC2B68D3F8442153
:1040F000BAB1D4F85035DBB2092BB9D0D4F80041AD
:10410000002CB5D1FFF756FF00F0A2FC012120469C
:1041100000F09AFB0120FFF76BFB134B01229A6121
:10412000A6E701221A60A3E700100040FC5400201B
:1041300000550020E4550020B0550020F854002020
:104140008D6200208455002000E100E0D162002053
:10415000540B0020DC550020EC540020AF620020FE
:10416000F0540020C13E02000040014038B5214B10
:10417000214C002501201D60F8F786FD1420F8F77A
:1041800083FD0A20F8F780FDD4F80032C4F800520D
:104190004FF0FF33C4F80833C4F81051D4F810318D
:1041A00001232361D4F81031002BFBD00025C4F883
:1041B0001051D4F8103100F037FDFFF705FB0F4820
:1041C00004F036FA00F05AFDD4F850360C4823F0CB
:1041D0000103C4F850360B4B1D700B4B29461D7064
:1041E000FFF7D6FA20220DF0DAFB084B1D605D6068
:1041F00038BD00BFF054002000100040540B0020D8
:10420000BE590020D1620020D262002085620020C9
:104210002DE9FF410446002800F00781844F3B78D8
:104220000BB1FFF7A3FF834B62681A60824A2346F3
:1042300004F11005904618685968144603C4083301
:10424000AB422246F7D1186820607C4B7C480024A2
:10425000202221461C600DF0A2FB7A4B7A491C609B
:104260005C60FFF777FA98F8003083B1012B01D139
:10427000764B0B6098F80920754B012A74D0022AFE
:1042800007D07AB9C3F83C25C3F8342508E0714B50
:10429000EFE74FF6FF70C3F83C05C3F834256E4ACC
:1042A000C3F838250B6898F811009847684B6B489D
:1042B0004FF0E732C3F81C254FF04332C3F82025F6
:1042C000674AC3F82425674AC3F82825FFF760FA30
:1042D000654A002311460133082B40F8041B01F105
:1042E0002501F8D16149624800230133082B40F8C9
:1042F000041B01F12501F8D100265E4B354601363D
:10430000082E1A601D719D6002F1250203F10C0355
:10431000F5D12022002158480DF041FB574B584A57
:104320005848019301A9CDE9025504F015F9564BFF
:104330009842044620D100F009FC0446002849D0E8
:104340003046F5F769FB40B1504B4361504B8361F8
:104350000323037445748574C5744E4900234FF4D8
:10436000C2520BF072FD31E0FF20C3F83C05C3F8E8
:10437000342540F2071293E73046F5F74DFB48B17C
:10438000454B4361454B4574C0E90634042303742F
:104390008574C5743F4900234FF401520BF055FD5D
:1043A0000820F5F739FB48B13D4B4361384B836139
:1043B00003230374002343748374C37435490023B7
:1043C0004FF4C2520BF041FD6FF00D04204604B0D3
:1043D000BDE8F08100F024FC324B1D495860D1F853
:1043E000502698F8133022F001021343C1F85036DA
:1043F000012108462246F8F769FC224602211420D2
:10440000F8F764FC224602210A20F8F75FFC01203D
:10441000F8F72CFC1420F8F729FC0A20F8F726FC02
:10442000214B1C7001233B70D0E76FF01504CDE7E2
:10443000D2620020E0550020E45500200055002005
:10444000BE59002085620020EC540020253A02006D
:1044500000100040E539020021100100B055002095
:10446000E743C323A363E3135D61002035600020AD
:1044700084550020245500200455002040420F00A0
:10448000AD370200540B00200000AD0B5DBB0300F4
:1044900093BB03002C24030006BB030084BB030072
:1044A00033BB03000C0B0020D1620020024B1878B4
:1044B000B0FA80F040097047D16200202DE9F04148
:1044C000544B1B78002B00F09980002800F09F804F
:1044D00003785A1E1F2A00F294804F490A781AB9AD
:1044E0004A7C9A42C0F08D804C4B9A6A072A00F2AF
:1044F0008B804278072A00F28A80EFF311854022F0
:1045000082F31288BFF36F8F4A7822BB1C6A53F87C
:104510002440024600F1240652F8047B44F8047B50
:10452000B242F9D11278227046783D4CA25D013238
:1045300002F00302A2551A6A407853F82220205C48
:1045400010711A6A0132082A28BF00221A629A6A78
:1045500001329A623AE0334C0022A44694F804E017
:10456000BEF1000F2DD10C2757430CEB0706012499
:104570005CF807703471C6F808E0044600F1240EB8
:1045800054F8048B47F8048B7445F9D124783C70B7
:1045900090F801E0224F17F80E40013404F00304B4
:1045A00007F80E400C24624344785CF802203C5D1E
:1045B000147144781C4850F8242092B940F82460C3
:1045C000C5E70132082A04F10C04C7D185F311882C
:1045D000BFF36F8F4B780A7C134308D00020BDE8EF
:1045E000F08110469268002AFBD18660AFE70F4B3E
:1045F0001B78002BF2D1FFF741FAEFE76FF00C00C8
:10460000EDE76FF07900EAE76FF00B00E7E76FF096
:104610001500E4E7D2620020E4550020B0550020E8
:10462000856200202455002004550020D16200201E
:1046300038B5254B1B78002B3CD000283DD0234CAF
:10464000A36A002B3CD0EFF31185402383F312883B
:10465000BFF36F8F636A54F823301A780270636A6D
:1046600054F823305B784370636A54F8233093F92D
:1046700002308370636A54F823301B790371636AD4
:1046800054F82330DB78C370636A54F82310053084
:1046900005310DF05CF9636A0133082B28BF002354
:1046A0006362A36A013BA36285F31188BFF36F8F36
:1046B000002038BD6FF00C00FBE76FF01500F8E745
:1046C0006FF03C00F5E700BFD26200208455002067
:1046D00038B5124B1B78F3B1EFF31185402383F308
:1046E0001288BFF36F8F0E4A0023C2E9083393622A
:1046F0000C4A0824013C1371936002F10C02F9D1B9
:104700002022214608480DF04AF985F31188BFF3AD
:104710006F8F204638BD6FF00C00FBE7D26200209F
:10472000B0550020245500200455002010B50A4B38
:104730001B7803F0FF0443B950B1084B02681A60BC
:104740000120FFF7F7FA204610BD6FF00F00FBE7DE
:104750006FF01500F8E700BFD16200203C0B00208D
:1047600010B50A4B1B7803F0FF0443B950B1084B56
:1047700002685A600220FFF7DDFA204610BD6FF094
:104780000F00FBE76FF01500F8E700BFD1620020D3
:104790003C0B002038B5104B1B780C4603F0FF058E
:1047A0009BB9A8B1082913D80A4601460B480DF059
:1047B000CEF80B4AFF231474C4F1080423410420EB
:1047C0009374FFF7B7FA284638BD6FF00F00FBE788
:1047D0006FF01500F8E700BFD1620020440B002005
:1047E0003C0B0020094B0A491A78D30003F180439F
:1047F00003F5F833C3F810150649C3F8141501235F
:104800009340054AC2F80435704700BFD5620020C6
:104810001841014000A0004000F00140084B094948
:104820001B7801229A40DB0003F1804303F5F83343
:10483000C1F808250022C3F81025C3F814257047D5
:10484000D562002000F00140F0B52B4B2B4C1B78BB
:104850002B4FDA0014442B4A0025C2F81851D2F825
:104860001821294A15788000EA00C0B202F180427E
:1048700002F5F83200F1804000F58050C2F8107562
:10488000C2F81405214A05F5117042F82040204A6B
:1048900020481678F20002F1804202F5F832012435
:1048A000C2F8100500F5973000F58470C2F81405C1
:1048B00004FA06F604FA05F0304369B1164A174EB9
:1048C0001178CA0002F1804202F5F8328C40C2F839
:1048D00010752043C2F814659B0003F1804303F573
:1048E000F8330122D3F80018AA400A43C3F800287D
:1048F000064BC3F80405F0BDD362002004F001406C
:104900001841014000400140D662002000F0014003
:10491000D462002010110040D562002000A00040A9
:10492000F0B5294B294E1878294B1A78012404FA3E
:1049300002F304FA00F51D4300F51177C3004FEAB6
:10494000C20C19BB03F1804303F5F833C6F80855D0
:10495000C3F81015C3F8141546F827100CF180435E
:1049600003F5F833C3F81015C3F81415194B1B7869
:104970009B0003F1804303F5F8330121D3F80028AD
:10498000814022EA0102C3F80028F0BD124A1278E1
:1049900003F1804303F5F833944000212C43C6F81B
:1049A0000845C3F81015C3F814150CF1804303F53E
:1049B000F83346F82710C3F81015C3F81415D300C0
:1049C00003F18043CCE700BFD662002000F0014035
:1049D000D4620020D3620020D5620020154B164916
:1049E00016480022C3F81821D3F81831144B1B784D
:1049F000DA0002F1804202F5F832C2F8101501F532
:104A0000973101F58471C2F814150E4A1178CA0065
:104A100002F1804202F5F832C2F810050A48C2F8E5
:104A20001405012202FA03F38A401343074AC2F82D
:104A300004357047004001401011004044A100407F
:104A4000D4620020D76200200010004000F0014036
:104A50000F4B1A780F4B1B78012101FA02F0994095
:104A6000D200DB00014302F180420B4803F1804396
:104A700002F5F83203F5F833C0F808150021C2F842
:104A80001015C2F81415C3F81015C3F814157047A3
:104A9000D4620020D762002000F00140134B14497B
:104AA0001B781448DA0002F1804202F5F832C2F8AD
:104AB000101501F50F410C31C2F814150E4A11788A
:104AC000CA0002F1804202F5F832C2F81005A0F5E2
:104AD00011403038C2F81405012202FA03F38A406B
:104AE0001343064AC2F80435704700BFD96200205C
:104AF0000411004040A10040D862002000F00140B5
:104B00000F4B1A780F4B1B78012101FA02F09940E4
:104B1000D200DB00014302F180420B4803F18043E5
:104B200002F5F83203F5F833C0F808150021C2F891
:104B30001015C2F81415C3F81015C3F814157047F2
:104B4000D9620020D862002000F0014038B5284822
:104B5000284D01F033FCA84204463BD1264801F021
:104B60002DFCA842044635D1244801F027FCA84278
:104B700004462FD1224801F021FCA842044629D145
:104B8000204801F01BFCA842044623D11E4801F036
:104B900015FCA84204461DD11C4801F029FCA04286
:104BA000054622D00820F4F737FF50B1184B436177
:104BB000184BC0E90635042303740023437483743F
:104BC000C374154900234FF401520BF03EF96FF006
:104BD000120038BD0820F4F71FFF0028F1D00F4B5A
:104BE00043610C4BC0E90634E5E70020F1E700BF64
:104BF000D66200200000AD0BD4620020D5620020F8
:104C0000D9620020D8620020D7620020D362002041
:104C1000A0BB030013BC03002C240300C6BB03008D
:104C200000487047101100400E4B0F491B7809785F
:104C3000012202FA01F102FA03F30B430B4909784E
:104C400002FA01F10B430A49097802FA01F10B4318
:104C5000084909788A401343074A43F00103C2F820
:104C600008357047D6620020D8620020D462002048
:104C7000D5620020D962002000F0014038B51E4BFB
:104C8000187801F0A1FB1D4B984205460AD01C493B
:104C90001C4840F235120AF02AFC194840F235113E
:104CA0000AF01CFC184B187801F08EFBA842044651
:104CB000EDD1164B187801F087FBA0420546E6D1EE
:104CC000134B187801F080FBA8420446DFD1114B4A
:104CD000187801F079FBA0420546D8D10E4B187820
:104CE00001F072FBA8420446D1D10C4B187801F0B8
:104CF00085FBA042CBD138BDD66200200000AD0BB1
:104D0000EEBB030014880300D4620020D5620020AB
:104D1000D9620020D8620020D7620020D362002030
:104D2000BAB100EB8202F0EC017AF4EEE70AF1EEA0
:104D300010FAB0EE607AB4EEE70A06D4F1EE10FA9B
:104D4000B4BFB0EE677AB0EE407A8242A1EC017A4D
:104D5000E9D170473AB1F0EC017A67EE807A013A16
:104D6000E1EC017AF7D17047DFED3A7A9FED3A6ACC
:104D70003A4A9FED3B7A60EE277A00B5F0EEE77A8B
:104D8000FDEEE76AF0EE002AF8EEE66AB0EE081AE9
:104D900077EEE67AB5EEC00A67EE867AF1EE10FAA3
:104DA000FCEEE76A16EE903AC3F3080306EE903A7B
:104DB00002EB830E03F1800C9EED016ADEED004AEA
:104DC000F8EE666ACCF3080C02EB8C0377EEE67A19
:104DD00093ED014AF1EE646AB0EE465A36EE642A6B
:104DE00076EEC63A96EEA25A26EE876AD3ED006AB0
:104DF000F0EE445AE6EEA25A74EE661A32EE023A29
:104E000071EEA12A36EE844A67EE655AD3EE872A00
:104E100027EE455AF0EE433AD4EE073AE2EE015A55
:104E2000A1EE815AE7EEA35AA7EEA25A26EE877AA0
:104E3000A7EE856AA7EEA57AE7EE866AE7EE874ACF
:104E4000C1ED006A48BFF1EE644AC0ED004A5DF86A
:104E500004FB00BF610B363B000000441831030027
:104E6000DB0F493CF5EEC00AF1EE10FA14DC56D423
:104E7000F5EE400AF1EE10FA40F03181B5EEC00ACD
:104E8000F1EE10FA00F3948040F12981DFEDA87A69
:104E9000C0ED007A00207047C0EE207AF7EE006A7D
:104EA000F5EEC07AF1EE10FA48BFF1EE677AF4EE53
:104EB000E67A4CBF01230023F1EE10FA7BDD86EE8B
:104EC000A77ADFED9C2A9FED9C3ADFED9C3A9FED9F
:104ED0009C4ADFED9C4A9FED9C5ADFED9C5A9FED6A
:104EE0009C6ADFED9C6ADFED9C7AA7EE223AE7EE42
:104EF000033AA7EE234AE7EE044AA7EE245AE7EE68
:104F0000055AA5EE876AE7EE066AE7EE667A002B99
:104F1000BED0F1EE677AC0ED007A00207047B5EEA2
:104F2000C00AF1EE10FA6BDDC0EE207AF7EE006AEF
:104F3000F5EEC07AF1EE10FA48BFF1EE677AF4EEC2
:104F4000E67A4CBF01230023F1EE10FA40F39F8074
:104F500086EEA77ADFED772A9FED773ADFED773A95
:104F60009FED774ADFED774A9FED775ADFED775A6D
:104F70009FED776ADFED776ADFED777AA7EE223A69
:104F8000E7EE033AA7EE234AE7EE044AA7EE245AD7
:104F9000E7EE055AA7EE256AE7EE066AE7EE667ABF
:104FA0000BB1F1EE677A9FED6D7A77EE877A6FE756
:104FB000DFED697A6CE7DFED5F6A9FED5F7A9FED69
:104FC0005F4ADFED5F4A9FED5F5ADFED5F5A9FED6D
:104FD0005F6AA7EEA67ADFED5E6AA7EE874A9FEDCD
:104FE0005D7AE7EE844AA7EEA45AE7EE855AA7EE6B
:104FF000A56AE7EE866AA7EEA67A67EE877A86E765
:1050000002D4DFED567A43E7C0EE207AF7EE006A6D
:10501000F5EEC07AF1EE10FA48BFF1EE677AF4EEE1
:10502000E67A4CBF01230023F1EE10FA5ADD86EE3A
:10503000A77ADFED402A9FED403ADFED403A9FED41
:10504000404ADFED404A9FED405ADFED405A9FED68
:10505000406ADFED406ADFED407AA7EE223AE7EEE4
:10506000033AA7EE234AE7EE044AA7EE245AE7EEF6
:10507000055AA7EE256AE7EE066AE7EE667A0BB1F7
:10508000F1EE677A9FED357A77EEC77A00E7DFEDCC
:10509000296A9FED297A9FED294ADFED294A9FED84
:1050A000295ADFED295A9FED296AA7EEA67ADFED8E
:1050B000286AA7EE874A9FED277AE7EE844AA7EE93
:1050C000A45AE7EE855AA7EEA56AE7EE866AA7EE30
:1050D000A67A67EE877A002B3FF465AF61E76FF041
:1050E00003007047DFED136A9FED137A9FED134ABB
:1050F000DFED134A9FED135ADFED135A9FED136A4C
:10510000A7EEA67ADFED126AA7EE874A9FED117A25
:10511000E7EE844AA7EEA45AE7EE855AA7EEA56A01
:10512000E7EE866AA7EEA67A67EE877AA7E700BF62
:10513000DB0FC9BFA59204BDE745093E08B732BEE3
:10514000EBFCA9BC3C695D3E435690BBE565AABE3D
:10515000C90CC0B70100803FDB0FC93FDB0F4940DE
:1051600019B10139A0EC010AFBD170474FF080530F
:10517000D3F83021082A06D1D3F83431052B02D8D0
:10518000024AD05C70470020704700BF26BC030075
:10519000024AD2F80034002BFBD0704700E00140F7
:1051A00010B54FF08053D3F83021082A4ED14FF07C
:1051B00080420021C2F80C11C2F81011C2F8381553
:1051C00002F54042D3F80414C2F82015D3F80814AD
:1051D000C2F82415D3F80C14C2F82815D3F810140B
:1051E000C2F82C15D3F81414C2F83015D3F81814DB
:1051F000C2F83415D3F81C14C2F84015D3F82014A3
:10520000C2F84415D3F82414C2F84815D3F828146A
:10521000C2F84C15D3F82C14C2F85015D3F830143A
:10522000C2F85415D3F83414C2F86015D3F8381402
:10523000C2F86415D3F83C14C2F86815D3F84014CA
:10524000C2F86C15D3F84434C2F87035FFF78EFFFE
:1052500018B1414B414AC3F88C26FFF787FF18B1BC
:105260003F4BFB22C3F81825FFF780FF70B14FF0CA
:1052700080414FF08053D1F8E42ED3F8583222F019
:105280000F0203F00F031343C1F8E43EFFF76EFF74
:1052900020B1344B4FF40072C3F840264FF08053D6
:1052A000D3F83031082B09D14FF08043D3F80024D4
:1052B000D20744BF6FF00102C3F800242A4AD2F893
:1052C000883043F47003C2F88830BFF34F8FBFF3C8
:1052D0006F8F4FF08053D3F83021082A0ED1D3F8C6
:1052E0003431052B02D8214AD35C3BB14FF0102357
:1052F000D3F808224FF08043C3F858254FF010230D
:10530000D3F80022002A03DBD3F80432002B22DA80
:10531000174901234FF01020C1F804351224FFF77C
:1053200037FFC0F80042FFF733FFC0F80442FFF731
:105330002FFF0023C1F80435FFF72AFFBFF34F8F7B
:1053400009490C4BCA6802F4E0621343CB60BFF317
:105350004F8F00BFFDE710BD0050004048810300A3
:1053600000F000400090024000ED00E020BC03008F
:1053700000E001400400FA0530B50468CCB1BFF389
:105380005B8FB4FA84F3C3F11F03DBB201229A40AE
:1053900024EA020250E8005FA54204D140E8002C54
:1053A000BCF1000FF6D1BFF35B8FE6D102480B7062
:1053B00030BD0248FCE700BF0000AD0B0200AD0BA2
:1053C00010B50368CB40DB0714D401238B4002687F
:1053D000BFF35B8F43EA020150E8004F944204D1CF
:1053E00040E8001CBCF1000FF6D1BFF35B8FEED19B
:1053F000014810BD0148FCE70000AD0B0400AD0BF7
:105400002DE9F0471F4600F06043B3F1005F1646F8
:1054100008D017491748DC220AF069F8DC21144843
:105420000AF05CF831B912491248DD220AF05FF83F
:10543000DD21F4E700F160404C1E0444DFF83880C1
:10544000050B240BFF234FF0010AA54201D9BDE84B
:10545000F08718F80510994201F00F00894604D032
:10546000090932460AFA01F1B84701354B46ECE723
:105470002CBC03001488030068BC0300014BFFF739
:10548000BFBF00BFE9100300014BC3F8040570471C
:1054900000F00140F7B5044660B1012830D036492C
:1054A00036484FF486720AF022F833484FF486717A
:1054B0000AF014F80C224FF4827302214FF080405E
:1054C00003440244C0F808130026012111601E6045
:1054D0008C421B688DF8071008BF0DF1070642F2D9
:1054E00010754FF080478CB3012C14D02449234809
:1054F00040F2EE4209F0FBFF214840F2EE41D7E7CF
:1055000004224FF480730146D8E783B101200BF0E9
:10551000E9FD013D26D0D7F80C3403F48033002E8A
:10552000F3D0D7F80C2402F001023270E3B9154B26
:1055300000225A7116E00BF0D5FD013DD3D111E0E8
:1055400083B101200BF0CEFD013D0BD0D7F818340C
:1055500003F48033002EF3D0D7F8182402F00302AE
:1055600032600BB903B0F0BD9DF807000128E2D00E
:10557000012CF7D1DBE700BFA8BC030014880300AF
:10558000E5BC0300F8550020044B1A7922B901222A
:1055900018609A800248704702487047F85500200A
:1055A0000000AD0B0C00AD0B08B50F4B1A7952B9CA
:1055B0000E490F484FF4B67209F099FF0B484FF4AB
:1055C000B67109F08BFF1B682BB10020F7F770FB59
:1055D00008B9F7F74BFB4FF080430022C3F81825BA
:1055E000044B01221A7008BDF8550020A8BC030026
:1055F00014880300DA62002038B5314C237953B99E
:105600003049314840F2C11209F071FF40F2C11136
:105610002C4809F063FF50B1012846D029492A4897
:1056200040F21D2209F063FF40F21D21F0E74FF028
:105630008043D3F81814D3F81824CD031DD5900750
:1056400002D00020FFF726FF4FF080430022C3F86E
:105650001825022008224FF4827303F180430021B1
:10566000196002F180421D6801251560226802B3AD
:105670004FF08043C3F804030CE0D3F81424D1079F
:10568000E2D5D3F81C249207DBD122681AB102229A
:10569000C3F8042338BDD3F80421002AFBD000222C
:1056A000C3F80421D3F80431F4E700224FF48073E7
:1056B000D3E71A68002AFCD019601B68EAE700BF2C
:1056C000F8550020A8BC03001488030008B5094B56
:1056D0001B7953B90849094840F2372209F007FFFE
:1056E000054840F2372109F0F9FEBDE80840FFF710
:1056F000D1BE00BFF8550020A8BC030014880300E9
:10570000F8B54FF080431B4DD3F804430126002722
:1057100004B9F8BDB4FA84F0C0F11F00830003F5AA
:1057200080739BB203F1804306FA00F2196892B2CB
:1057300024EA02040029EBD01F601B684FF080436D
:10574000012AC3F808230CD0022A0ED00A490B48BC
:105750004FF46F7209F0CBFE07484FF46F7109F0F8
:10576000BDFE6B79002BD3D16A712B68C0B298470C
:10577000CEE700BFF8550020A8BC03001488030042
:10578000034A430900F01F00D35C1844C0B27047BD
:105790008CBD030008B50268014610460BF0BBFC47
:1057A00050B91049104840F2CA3209F0A0FE40F248
:1057B000CA310C4809F092FE02F01F0352090B6037
:1057C0000AD0012A0BD00749074840F2D33209F02A
:1057D0008EFE40F2D331ECE74FF0A04008BD034805
:1057E000FCE700BFFA8F0300148803000003005099
:1057F000072808B50AD90749074840F2D13209F00D
:1058000076FE044840F2D13109F068FE800000F5D0
:10581000807008BD19BD03001488030070B50546EB
:10582000FFF7AEFF0C4C08300E4634F81030DA05A6
:1058300008D5C3F3432304EBC302284654F833309E
:1058400052689847A3682BB1E26831462846BDE804
:105850007040184770BD00BF0056002008B5FFF724
:105860008FFF034B083033F81000400B08BD00BF1A
:105870000056002008B5FFF783FF034B083033F8CC
:105880001000C0F3400008BD0056002008B5FFF727
:1058900077FF044B083033F8100010F01C0018BFDD
:1058A000012008BD0056002008B5FFF769FF034B33
:1058B000083033F81000C0F3401008BD0056002037
:1058C000034611F0010010B5CCB20DD1A207C4F30C
:1058D000400012D5094AD2F820055860C2F82005C8
:1058E000003818BF012008E04FF0A041D1F8202572
:1058F0001A60C1F82025002AE8D010BD000300502E
:1059000010B5FFF73DFF184A083032F81030D905BE
:105910001DD5C3F3432123F4F85322F8103002F1CC
:105920000E04002034F8023F13F4807F03D0C3F349
:10593000432399420BD001303028F3D100230B4888
:1059400042F83130FFF73CFD094B984200D110BDC1
:105950000849094840F2EB1209F0C9FD054840F238
:10596000EB1109F0BBFD00BF005600207856002067
:105970000000AD0B4EBD03001488030008B50146BE
:105980000BF0C9FB50B91949194840F21E2209F021
:10599000AEFD40F21E21154809F0A0FD0846FFF7B4
:1059A00069FF40B11149124840F21F2209F09FFDE2
:1059B00040F21F21EFE70846FFF768FF40B90B49A7
:1059C0000B484FF4087209F092FD4FF40871E2E7BA
:1059D0000846FFF769FF30B10846FFF73FFFBDE813
:1059E0000840FFF705BF4FF4BE7008BD4EBD030071
:1059F000148803002DE9F84300240746CEB225465B
:105A00004FF00108A146B4420DD1124BD3F87C21CE
:105A100032B10022C3F87C21D3F87C3145F0004537
:105A20002846BDE8F8832046FFF7E2FEA0F5807225
:105A3000920808FA02F2174209D000F1804303F5F8
:105A4000C043196819B1C3F800901B6815430134AD
:105A5000E4B2D8E700600040F7B506460846FFF715
:105A60008FFE194F00F108050C4637F81530DB079B
:105A700027D530460BF0C8FB2046FFF715FF40B195
:105A80002046FFF7EBFE316800F5A270002341F8D5
:105A900020302046FFF734FF002301A827F81530F7
:105AA0000194FFF777FE019B00EB8300074BD0F8D2
:105AB0000027134043F00203C0F80037044803B046
:105AC000F0BD0448FBE700BF00560020F0F8FCFFE3
:105AD0000000AD0B0400AD0B2DE9FF411646074653
:105AE0000846FFF74DFED6F800800D460446B8F193
:105AF000000F1CD008460BF07CFB10BBCDE900006A
:105B00008DF80E008DF80F0043460DF10F020DF1D8
:105B10000E0128460BF011FB494A04F1080132F846
:105B2000113023F0020343F0010322F811307368AF
:105B300073B3284693F800805968FFF79BFE10B1B5
:105B4000D9B1404827E03E4A04F1080C32F81C3035
:105B500023F02003DB04DB0C22F81C3069B1B8F120
:105B6000030FEED87168386849680978B8F1000FFA
:105B700014D101F5A27140F82180314A04F10801E5
:105B800032F8113023F01C0343EA880322F8113065
:105B9000B36863BB2C4804B0BDE8F08100EB810022
:105BA00043EA4133D0F810E52EF0030EC0F810E5BB
:105BB0003F6807EB810743F02003D7F8100522F870
:105BC0001C3020F44F3020F44070C7F81005280234
:105BD000D7F810E500F47C5040EA084040EA0E0097
:105BE000C7F8100502EB4100A0F87C50C5E7D3E9E7
:105BF00000672846FFF784FE002ECBD0104DD5E974
:105C00000023964203D19F4201D1002209E00F48B0
:105C10000DF10F01FFF7B0FB0B4B9842BBD19DF884
:105C20000F2045F8326005EBC20308345F6035F899
:105C3000143043EA422343F4807325F81430A9E773
:105C4000005600200400AD0B0000AD0B785600207C
:105C50002DE9FF410C468046204611461E46FFF7BF
:105C60008FFD054621B32046FFF704FE18B92046F4
:105C7000FFF71AFE10BB2046FFF708FE10B14B7865
:105C8000012B1BD001238DF80F300023CDE9001329
:105C90004A1C8B1C20460DF10F010BF04EFA274ACF
:105CA00005F1080132F8113043F0030322F81130F6
:105CB000002E41D02046FFF7DDFD18B9204804B082
:105CC000BDE8F08196F800C0D8F800301B4F0CF505
:105CD000A272002143F8221005F1080237F81210D1
:105CE00021F02001C904C90C27F8121075781DB3E2
:105CF000D8F80000B67800EB8C002D04D0F81035F1
:105D000023F4991323F4F853C0F81035230203F455
:105D10007C5305F440353605D0F810E52B4306F4E6
:105D2000801641EA4C31334341F0200143EA0E032F
:105D300027F81210C0F810350248C0E700560020BE
:105D40000400AD0B0000AD0B014BC3E9021270471C
:105D50000056002010B5144652B90E490E4840F2C4
:105D60004D3209F0C4FB0B4840F24D3109F0B6FB4F
:105D70000846FFF799FD50B10846FFF701FD074BB4
:105D8000083033F8103006485B0B237010BD05480F
:105D9000FCE700BF4EBD030014880300005600203E
:105DA0000000AD0B0400AD0BF8B5164E96F88C4014
:105DB00005462CBB6022214606F110000BF0EFFDDA
:105DC0002D682746E0B2FFF713FDA0F580739B080E
:105DD0001F2B08BF2F5004F1010408BF2B58082CBB
:105DE000F0D10023C5F87C3145F30730D5F87C317C
:105DF000F6F73CFF0123044886F88C30B367F8BD02
:105E00000248FCE7005600200000AD0B0C00AD0B73
:105E1000034B93F88C00003818BF0120704700BF77
:105E2000005600200079024B03EB8000FFF7C8BA50
:105E30005C0B00200079024B03EB8000FFF79CBA5B
:105E40005C0B00202DE9F341054608460C4616463A
:105E5000FFF71CFD50B93249324840F2534209F075
:105E600046FB40F253412E4809F038FB0846FFF745
:105E70001BFD2F6800B30846FFF7FCFC8046D8B92D
:105E80000846FFF7EBFC0446FFF7B2FC47F800803A
:105E90003B582B6822B203EB8203D3F8102542F063
:105EA0000102C3F8102526B12A680123A340C2F8D5
:105EB000043302B0BDE8F081D7F80433002BA4BF4F
:105EC0004FF00043C7F8043346B91549154840F26E
:105ED0006D4209F00CFB40F26D41C4E72046FFF72C
:105EE0004FFC114B083033F81030C3F38203042BFE
:105EF00012D0052B12D001A80194FFF74BFC019B97
:105F0000D0F81015D94001F001010231204602B04D
:105F1000BDE8F0410BF05EB90321F7E70221F5E798
:105F20004EBD030014880300005600202DE9F04FF9
:105F3000654BD3F80403C0B287B0082140F000409D
:105F4000FFF758FD051E2BDA0023032104A8CDE935
:105F50000433FFF7B5FCDFF880A10DF110084FF016
:105F600000094FF0010B1AF8013B5849DA0803F019
:105F700007038A5C22FA03F3DA071CD408F1040849
:105F8000B9F1000F14D000214FF00040FFF732FDAF
:105F9000032104A8FFF794FC0028DCD125F000457C
:105FA000494E4B4F0124002D78D107B0BDE8F08F4A
:105FB0004FF00109D7E7474B4B440093D8F8001046
:105FC0000029DBD0009B91FAA1F11C78B1FA81F194
:105FD00041EA44142046FFF7D3FB3D4B03940830BD
:105FE00033F81070C80801F0070118F800200BFA08
:105FF00001F122EA0102BB0808F8002003A801937E
:10600000FFF7C8FB039A019B02F5E072C7F3820613
:1060100050F822205B073746C2F3014223D53946A8
:106020002046D6B2FFF7FAFB03A80394FFF7B2FBB2
:10603000039B03F5E07350F82330C3F301439E4202
:1060400007D1002120460BF0C5F8314620460BF061
:10605000C1F803A80394FFF79DFB039B0BFA03F31E
:10606000C0F82035AAE7022A0CD1032120460BF004
:10607000B1F806F00503012BEBD139462046FFF7B6
:10608000CDFBE6E70221204601920BF0A3F8032E98
:10609000F3D0019A032ADCD1022EEDE795FAA5F39D
:1060A000B3FA83F304FA03F225EA020503F5A272B8
:1060B00007EB430356F82210B3F87C00C1F301410B
:1060C000FFF7ACFB6FE700BF006000402039030022
:1060D000005600209CBD03009CBD0300044AD2F87A
:1060E0000034DB07FBD50160BFF35F8F704700BF53
:1060F00000E0014008B54FF080531A6959694A43DE
:10610000904207D21A69B0FBF2F302FB130363B1AA
:106110000D4818E00D490E4840F2071209F0E7F962
:106120000A4840F2071109F0D9F90A4B0222C3F8D4
:106130000425C3F80805D3F80024D207FBD50022B4
:106140000548C3F8042508BD0A00AD0B9EBD030039
:106150001488030000E001400000AD0BF8B50D46C7
:10616000012104460BF07BF850B91149114840F267
:10617000951209F0BCF940F295110D4809F0AEF9FD
:1061800014F0030708D00A490A484FF4CB7209F00B
:10619000AEF94FF4CB71F0E7074E0123C6F8043592
:1061A00029462046FFF79AFFC6F80475F8BD00BFE0
:1061B0009EBD03001488030000E0014010B540B903
:1061C0001C491D48752209F092F91A48752109F0F9
:1061D00085F91A4C237853BB0278C2F34003920727
:1061E00012D54FF08053D3F83021082A0BD1D3F8C1
:1061F0003431052B07D8124AD35C23B14FF08043CA
:106200000122C3F8382601234FF08042C2F88035BE
:10621000037803F00103C2F878350020F6F748FD53
:1062200008B9F6F723FD01230648237010BD064880
:10623000FCE700BFDABD030014880300DB62002026
:1062400017BE03000000AD0B0C00AD0B4FF08043F8
:106250004FF46072C3F80823014B00221A607047A4
:106260009056002008B550B9084909484FF4A47267
:1062700009F03DF905484FF4A47109F02FF9FFF733
:10628000E5FF03680BB1034A136008BDDABD0300E4
:10629000148803009056002010B54FF08043D3F8C7
:1062A0000443620713D54FF484700AF0FAFF70B10B
:1062B0003D4B1B6853B93D493D484FF4BA7209F054
:1062C00016F94FF4BA71394809F008F99847A3064E
:1062D00012D54FF48A700AF0E4FF68B1354B1B68A1
:1062E00043B93249324840F27D1209F000F940F2D8
:1062F0007D11E8E700209847600612D54FF48C70B6
:106300000AF0CFFF68B12B4B1B6843B927492848D7
:106310004FF4C27209F0EBF84FF4C271D3E70120D9
:106320009847210612D54FF48E700AF0BAFF68B173
:10633000214B1B6843B91D491D4840F28D1209F0DD
:10634000D6F840F28D11BEE700209847E20512D53D
:106350004FF490700AF0A5FF68B1174B1B6843B962
:10636000124913484FF4CA7209F0C1F84FF4CA71C8
:10637000A9E701209847A30514D54FF492700AF0BD
:1063800090FF78B10C4B1B6843B90849084840F2AC
:106390009B1209F0ACF840F29B1194E7BDE8104065
:1063A0000220184710BD00BF98560020DABD030038
:1063B000148803009456002090560020014601489E
:1063C000FEF7DABF640B002001238340C3F31202FF
:1063D00001462AB1034A0448C2F80835FEF7F0BF67
:1063E0000248704700F00140640B00200400AD0B30
:1063F00001460148FEF7C0BF600B0020C30003F157
:10640000804303F5F833012201465A600148FEF744
:10641000D7BF00BF600B002010B552B929492A48E8
:1064200040F2513209F063F840F25131254809F049
:1064300055F8136843B92349234840F25E3209F006
:1064400056F840F25E31F1E700EB4114C4F8203514
:10645000938843B91B491C4840F26B3209F047F856
:1064600040F26B31E2E713F4004F08D015491648AB
:106470004FF45C7209F03BF84FF45C71D6E7C4F856
:1064800024359368B3F1807F08D30E490E4840F25B
:106490007A3209F02CF840F27A31C7E700EB41106C
:1064A000C0F82835D368B3F1807F08D30549064882
:1064B00040F2833209F01BF840F28331B6E7C0F8AE
:1064C0002C3510BD1DBE03001488030008B50368F9
:1064D0005909024613D0012906D103F01F034FF6D4
:1064E000FF71D940C80712D40A490B4840F2CA329A
:1064F00008F0FDFF074840F2CA3108F0EFFF4FF007
:10650000FF31D940C907EFD54FF0A04000E0034864
:10651000136008BDFA8F03001488030000030050C5
:1065200070B505790A4C14236B43E618E35833B968
:10653000006802210AF0E7FE08B101233372142338
:1065400003FB0544207A023818BF012070BD00BF4C
:106550009C5600202DE9F74F0B7F05460C4673BB78
:10656000DFF8F8A00E1F01F1100701F10C094FF040
:10657000010856F804BFBBF1FF3F1CD03B78CDF8B3
:1065800004B001A8002B3ED0FFF7A0FF019B08FA42
:1065900003F3C0F8083501A8CDF804B0FFF796FF63
:1065A000019B00EB8300D0F8003703EA0A0343F0B5
:1065B0000303C0F80037B14507F10107D9D194F8BA
:1065C0001DC0218B677DA67DA27EE07E2B68BCF17D
:1065D000000F0BD1D4E9008ED4E902C4C3F8608562
:1065E000C3F864E5C3F868C5C3F86C450C0412D55C
:1065F0001849194840F2463208F079FF154840F230
:10660000463108F06BFFFFF761FF019B08FA03F3C7
:10661000C0F80C35BFE742EA0022C3F80C75C3F896
:106620000465C3F80815C3F8102528680023C0F8CE
:106630001031D0F81021C0F80831D0F80821C0F886
:106640000C31D0F80C3140F3073003B0BDE8F04F07
:10665000F6F70CBB1DBE030014880300F0F8FCFF26
:106660002DE9F04190F804800D4C142606FB08F645
:10667000A71997F808C0BCF1000F0ED1A2517B609A
:1066800019B10B7F3B74FFF765FF142303FB08442C
:10669000044801232372BDE8F0810348FBE700BFF3
:1066A0009C5600200000AD0B0C00AD0B2DE9F04115
:1066B0001F46037904462B4803EB83061546142234
:1066C00000EB860602FB03008846037A53B926498D
:1066D000264840F2671208F00AFF40F2671122488C
:1066E00008F0FCFE45B9204920484FF4B47208F088
:1066F000FEFE4FF4B471F2E70B6803F06043B3F1B0
:10670000005F08D01849194840F2691208F0EFFEFE
:1067100040F26911E3E70A4620680021FFF77CFE9A
:10672000424620680121FFF777FE226805F0010349
:1067300003EB5505C2F81455FA0710D417F00202FE
:1067400003D0002B14BF082204222168C1F80022C4
:1067500020463A463146BDE8F0410AF0FEBD10221F
:10676000F3E700BF9C5600204FBE030014880300CF
:1067700070B5174D0679142303FB065304461B7AA4
:1067800053B91449144840F2BF1208F0B0FE114842
:1067900040F2BF1108F0A2FE03680022C3F80022F5
:1067A000036801225A6069B12046FFF7B9FE00284C
:1067B000FAD023680022C3F80025142303FB0655F2
:1067C00001232B722046BDE87040FFF7A9BE00BF31
:1067D0009C5600204FBE03001488030008B50B4BE5
:1067E0000279142101FB02331B7A53B90849094885
:1067F00040F2DD1208F07BFE054840F2DD1108F0A2
:106800006DFEBDE80840FFF78BBE00BF9C56002020
:106810004FBE03001488030010B5B2211A480AF0D5
:1068200072FDC106044608D5184BDA68520704D534
:106830001A6812B1596801209047A00608D5134B79
:10684000DA68110704D51A6812B159680220904716
:10685000220608D50D4BD86810F0100003D11A6835
:106860000AB159689047A3070DD5074B0022C3F81A
:106870000025064B01221A721A6822B1BDE81040A9
:1068800059680320104710BD00C001409C560020ED
:1068900070B5104D6C6B9CB14FF47A735C430A2356
:1068A000B4FBF3F40C4ED6F8003163B995F83930E7
:1068B0004BB90A200AF016FC013CF4D1074870BD20
:1068C0004CF25034EEE795F83930002BF6D10448FD
:1068D000F5E700BFB0560020009002400700AD0B66
:1068E0000000AD0B094B10B500220124C3F8004590
:1068F000C3F800211C6038B1FFF7CAFF044B98426F
:1069000003D1044B83F83840014810BD0090024089
:106910000000AD0BB056002070B53C4C94F83050E0
:1069200045B93B493B487F2208F0E1FD7F213848CB
:1069300008F0D4FD30B936493648802208F0D7FD3A
:106940008021F4E700F06046B6F1005F5AD1860777
:1069500058D1012D05D09D4256D194F83850002DC4
:1069600052D02D4D022B0BBFC5F81025C5F80425BC
:10697000C5F81405C5F808050CBFC5F81815C5F805
:106980000C154FF0000684F8396026680CBF082506
:106990000425BEB994F838306BB11F4B05F1804522
:1069A00005F524350022C3F8002101232B60BDE842
:1069B0007040FFF76DBF0120FFF794FF174B98421F
:1069C000EBD170BDA66826B1E0606161E261144858
:1069D000F7E7A261104A84F830300123A0602161FA
:1069E000C2F80061C2F8043394F8382002F0FF00C6
:1069F00012B9FFF777FFEAE705F1804505F5243581
:106A00002B60E4E70748DCE70748DAE7B0560020E8
:106A10008ABE030014880300009002400700AD0BFB
:106A20000000AD0B0A00AD0B0B00AD0B084B9A68D4
:106A30005A621A699A629A69DA62DA689A6032B1BD
:106A40005A691A61DA699A610022DA607047704700
:106A5000B056002008B543090CD0012B1ED01449B4
:106A6000144840F2CA3208F042FD114840F2CA31DF
:106A700008F034FD4FF0FF33C340DA07EFD54FF095
:106A8000A04202EB80020C4BD2F80007034043EA1D
:106A9000012343F00203C2F8003708BD00F01F00D5
:106AA0004FF6FF73C340DB07D9D5044AE9E700BFBF
:106AB000FA8F030014880300F0F8FCFF0003005075
:106AC00010B50E4B0238D3F83C26D3F838360728D9
:106AD00013D8DFE800F0110F0D0B0A080604100EA2
:106AE000C871100C8871100A48710A711A0ECA70A8
:106AF0001A0C8A701A0A4A700B7010BD009002407E
:106B0000023807281FD8DFE800F0292725112321A4
:106B10001F04CB791B068A7943EA02434A7943EA88
:106B200002230A7913430E4AC2F83C36CB781B067F
:106B30008A7843EA02434A7843EA02230A781343F5
:106B4000074AC2F8383670470023E4E70023E5E738
:106B50000023E6E70023EBE70023ECE70023EDE763
:106B6000009002400268154BFF2A08BF4FF0FF3229
:106B7000C3F824254268FF2A08BF4FF0FF32C3F84C
:106B800028258268FF2A08BF4FF0FF32C3F830255E
:106B9000C268FF2A08BF4FF0FF32C3F834250269EC
:106BA000FF2A08BF4FF0FF32C3F838254269FF2A99
:106BB00008BF4FF0FF32C3F83C25704700900240F9
:106BC0000A4B002283F83820094B01214FF08050F6
:106BD000C3F808131961D0F83001082808BF5965B7
:106BE000C3F80025C3F80021704700BFB05600204D
:106BF0000090024030B5194D0FCD8DB006AC0FC4DA
:106C000095E8030084E803001549D1F82435DBB288
:106C10000093D1F82835DBB20193D1F83035DBB2DF
:106C20000293D1F83435DBB20393D1F83835DBB2B7
:106C30000493D1F83C3506A8DBB20593FFF792FF29
:106C40000023C1F8003101230B60D1F80031002B83
:106C5000FBD06846FFF786FF0DB030BD1426030059
:106C60000090024070B590F82930044613B190F8B6
:106C70002A206ABB6068FF2864D0A268FF2A61D01E
:106C8000E268FF2A5ED02269FF2A5BD0D3B90321D4
:106C9000FFF7E0FEA0680321FFF7DCFEE0680321B8
:106CA000FFF7D8FE20690321FFF7D4FE6069FF28B3
:106CB00002D00321FFF7CEFEA069FF2802D00321F6
:106CC000FFF7C8FE94F82A3013B9201DFFF74AFFDA
:106CD0001D4E636A73631D4D94F8293086F83A306F
:106CE0000123C5F80833FFF785FF2368C5F8403551
:106CF000A37F617F227F9B0143EAC1031343E27FAD
:106D000043EAC213C5F84435D5F8002694F820307C
:106D100022F07F4222F0FF02134394F8212043EA3D
:106D2000026394F8222043EA426394F8232043EA62
:106D30000273C5F80036336813B12920F5F796FFC2
:106D4000034870BD0348FCE7B056002000900240A5
:106D50000000AD0B0400AD0B38B550B90F49104819
:106D60004FF4DB7208F0C3FB0C484FF4DB7108F002
:106D7000B5FB0C4C94F8305075B9C4E90012FFF71C
:106D800071FF094B984206D1C4E90255012384F8EA
:106D9000303084F8385038BD0448FCE78ABE030020
:106DA00014880300B05600200000AD0B0C00AD0BA2
:106DB0002DE9F843DFF8D490074699F8300088466B
:106DC000144650B92B492C484FF4017208F08FFB40
:106DD0004FF40171274808F081FB012848D199F848
:106DE0003830264E7BB3264D0123C5F80833FFF714
:106DF00001FFB8F1000F2DD14FF0000889F839805C
:106E0000C5F80081BB787A781B0343EA02233A78FD
:106E10001343FA7843EA42333A7943EA82337A7980
:106E200043EAC233C5F83436FFF732FDB04216D11B
:106E30003B7963B90F49104840F2362208F057FBFE
:106E400040F23621C6E7FFF74DFDB042CBD10B48EB
:106E5000BDE8F88378784146FFF752FECCE7C5F8E5
:106E600000811CB178782146FFF72AFE0548EFE73C
:106E70000548EDE78ABE0300148803000700AD0B48
:106E8000009002400000AD0B0B00AD0BB05600208F
:106E90001FB5144B93F8303053B9134913484FF4CE
:106EA000337208F024FB10484FF4337108F016FBDE
:106EB0000F4A02920DF107020023114602A88DF835
:106EC0000730ADF80C30FFF773FF0A4B984206D13C
:106ED0009DF8073013F0010F074B18BF184605B097
:106EE0005DF804FBB05600208ABE0300148803003E
:106EF000050200010000AD0B0B00AD0B2DE9F843BE
:106F0000214E96F8303053B9204921484FF43B7256
:106F100008F0EDFA1D484FF43B7108F0DFFA292024
:106F2000F5F7B2FEFFF74CFE96F83A3033BB194B3B
:106F3000D3F82405D3F82895D3F83085D3F83475E1
:106F4000D3F83855D3F83C45C0B20AF02AFA5FFAB4
:106F500089F00AF026FA5FFA88F00AF022FAEDB218
:106F6000F8B20AF01EFAFF2DE4B202D028460AF069
:106F700018FAFF2C02D020460AF013FA002386F8F4
:106F80003030BDE8F88300BFB05600208ABE030051
:106F9000148803000090024008B50C4B93F8302091
:106FA00052B90B490B484FF43F7208F0A0FA084859
:106FB0004FF43F7108F092FA93F838301BB9BDE8EE
:106FC0000840FFF78FBC044808BD00BFB056002042
:106FD0008ABE0300148803000C00AD0B08B50B4BF0
:106FE00093F8303053B90A490A484FF4427208F016
:106FF0007EFA07484FF4427108F070FA012B03D172
:10700000FFF7DEFD044808BD0448FCE7B056002049
:107010008ABE0300148803000000AD0B0B00AD0B0B
:10702000034B93F83000003818BF0120704700BFB1
:10703000B056002038B5264B93F8304054B9254956
:10704000254840F2313208F052FA224840F23131FC
:1070500008F044FA11F0030536D11A68C2B1012CC8
:1070600034D11E4AC2F81C150421C2F8200583F849
:10707000395083F83010C2F80051C2F8044393F835
:10708000383003F0FF00EBB9FFF72CFC144818E090
:10709000124CC4F81C15C4F8200583F8392093F865
:1070A000383043B10023C4F800310123E360BDE868
:1070B0003840FFF7EDBB0120FFF714FC094B984265
:1070C000F0D138BDD460E1E70748FAE70748F8E7B0
:1070D000B05600208ABE03001488030000900240CE
:1070E0000000AD0B0700AD0B0A00AD0B0B00AD0BA4
:1070F00008B50A4B93F8303053B9094909484FF4A1
:10710000597208F0F4F906484FF4597108F0E6F99D
:10711000BDE8084000210220FFF78CBFB0560020D8
:107120008ABE03001488030010B5224BD3F8002157
:1071300092B1214C0022C3F8002194F8381094F841
:10714000302071B90121032A84F8381005D0042AAF
:1071500005D0022A00D1996010BD5960FCE7D960C2
:10716000FAE7032A19D0042A19D0022A04D10123EC
:1071700084F82030FFF75AFCA36813B9012384F880
:10718000303094F8393003F0FF0013B9D4E90031FE
:107190009847002384F82030DEE70223E8E7032243
:1071A00084F82020D3F81C256262D3F8203584F8B7
:1071B0002830E1E700900240B0560020054B93F8DC
:1071C0002E00431E012B03D9043818BF012070473D
:1071D00000207047EC56002010B5164A16490020D2
:1071E000C2F8000591F82F40D2F8043381F82E4000
:1071F0000C6823F033030CB143F02303C2F81C01E5
:10720000D2F81C41C2F81801D2F81841C2F808019E
:10721000D2F8082191F83320D00791F8342048BFE4
:1072200043F08003D207034A48BF43F04003C2F84B
:10723000003310BD00700040EC56002070B50D4AC0
:10724000002392F8301001251E4618B90BB182F8C0
:10725000301070BD90FAA0F3B3FA83F305FA03F48B
:107260000C3302EB430320EA0400DE8021EA040130
:107270000123EAE7EC56002038B540B91349144819
:10728000812208F034F98121104808F027F9FF28FD
:1072900006D90E490E48822208F029F98221F3E727
:1072A0000C4B082493F8305001220023024203D0F3
:1072B0002A4208D00133DBB2013C4FEA4202F5D149
:1072C00005480B7038BD0548FCE700BFC6BE03008B
:1072D00014880300EC5600200000AD0B0400AD0B39
:1072E00073B50023044601AA0E464FF48071019342
:1072F0000AF060F84FF48A7120460AF05BF84FF408
:107300008271054620460AF055F820B11EB115B12C
:10731000144BD3F8343601AA4FF4847120460AF096
:1073200049F84FF4867120460AF044F84FF488710A
:1073300020460AF03FF80C4B234083B14FF48E7582
:10734000294601AA20460AF035F8291F083589B2D6
:107350002046ADB20AF02EF8B5F5AE7FF0D1019817
:1073600002B070BD00700040C0FF3F002DE9F04F3B
:1073700093B09A460DF1080C0AAF1C9D3F4B3E4658
:10738000E046002403EB041E0134DEF8189548F8AB
:10739000049B082CDEF81CE546F804EBF2D1D3F888
:1073A000F065D3F8404601944FF0010E0024D3F865
:1073B0004496D3F84886C3F8FC4FC3F8FCEF2F4B34
:1073C0005CF804BB03EB041E0134CEF818B557F883
:1073D00004BBCEF81CB5082CF2D1019CC3F8404682
:1073E000F6B2274CC3F84496C3F84886C3F8F06554
:1073F000002684F8336084F83460A6602661256036
:1074000084F83100A683C3F8F015C3F8F4252DB332
:107410002322C3F800231A4D184E0021012707FA32
:1074200001F303404FEA01121BD102F1804404F53D
:10743000E044C4F81035C4F8143532440131D2F8B0
:10744000184524F0807444EA03630829C2F818350B
:1074500005F10205E3D113B0BDE8F08FC3F8005386
:10746000D9E702F1804303F5E043EC7F95F81EC0B5
:10747000C3F810C5C3F814455346DEE7007000405A
:10748000EC56002010B5C37943B92249224898220E
:1074900008F02DF81F48982108F020F8C37882786A
:1074A000417A1B03120202F4E06203F48053134397
:1074B000027802F0030213430279120402F4E0227C
:1074C00013434278120102F030021343827912060C
:1074D00002F0807213434279120502F480121343C2
:1074E0000A0102F1804202F5E042C2F818350B4A67
:1074F000C47901F10C0302EB43039C71007AD8714B
:10750000012303FA01F192F830300B4382F8303056
:1075100010BD00BFC6BE030014880300EC56002057
:1075200070B51F4D95F82E40002C37D10126FF2055
:1075300085F82E60FFF782FE1A4B1B49C3F8004105
:10754000D3F80021C3F80441D3F80421C3F8104153
:10755000D3F81021C3F81441D3F814311C239A082E
:1075600006FA02F212F0330F1FBF03F1804202F558
:10757000E242146012681A1F920806FA02F212F030
:10758000330F1CBF5C505A5808335C2BE7D10720DF
:10759000F5F76CFB002305482B6070BD0448FCE741
:1075A000EC56002000700040FC7000400000AD0B65
:1075B0000C00AD0B08B5124B93F82E30024653B9B0
:1075C000104911484FF4B37207F091FF4FF4B371B3
:1075D0000C4807F083FF40B90A490B4840F2671294
:1075E00007F085FF40F26711F2E7FFF7E7FD20B9EA
:1075F0001046FFF747FF054808BD0548FCE700BFF8
:10760000EC560020C6BE0300148803000000AD0B3A
:107610000B00AD0B08B5094B93F82E2052B9084961
:10762000084840F2751207F062FF054840F27511F4
:1076300007F054FF93F8300008BD00BFEC5600205F
:10764000C6BE0300148803002DE9F0431B4F994682
:1076500097F82E3085B005468846164653B9184926
:10766000184840F28D1207F042FF154840F28D1184
:1076700007F034FFFFF7A2FDE8B90DF10F0128462E
:10768000FFF7FAFD104B9842044610D1331E18BF85
:107690000123CDF80090324641462846FFF766FEAA
:1076A0009DF80F3087F83230022387F82E302046BD
:1076B00005B0BDE8F083054CF9E700BFEC560020AB
:1076C000C6BE0300148803000000AD0B0B00AD0B19
:1076D0002DE9FF47364E994696F82E3080468A4669
:1076E000154653B93349344840F2B71207F0FFFE4C
:1076F00040F2B7112F4807F0F1FE42B92D492E484C
:107700004FF4DC7207F0F3FE4FF4DC71F2E7FFF7A1
:1077100055FD0746002846D10DF10F014046FFF701
:10772000ABFD264B9842044639D16B8833B19DF8A6
:107730000F30012B39D8B9F1000F36D02A786B7889
:107740002AB123B99DF80F1001292ED80127CDF8B1
:10775000009051464046FFF709FE6B88184A83B1F6
:10776000A3F15001B1F5F66F09D31649124840F262
:10777000255207F0BCFE134840F22551BBE743F405
:107780008053C2F8F8359DF80F3086F832302B79E7
:1077900086F83530042386F8367086F82E30204679
:1077A00004B0BDE8F087084CF9E7084CF7E700BFE4
:1077B000EC560020C6BE0300148803000000AD0B89
:1077C0000070004003BF03000B00AD0B0300AD0BC6
:1077D00038B5214B93F82E2052B9204920484FF458
:1077E000FA7207F084FE1D484FF4FA7107F076FE36
:1077F0001C695CBB00F06044B4F1005F28D193F8D1
:107800003240B1FBF4F504FB15151DBB0DB2002D84
:1078100020DD052A05D8032A0AD8022A0DD01148EE
:1078200038BD062AFBD1104AC2F82C06C2F8301621
:107830009A6842B1C3E9040103E08C420AD1C3E96A
:1078400002040A48ECE7C3E90201FAE70848E7E75F
:107850000848E5E70848E3E7EC560020C6BE030009
:10786000148803000500AD0B007000400000AD0B54
:107870000C00AD0B0A00AD0B0600AD0B2DE9F3417A
:107880005B4C94F82E2052B95A495B4840F22D22A5
:1078900007F02DFE40F22D21564807F01FFE012A69
:1078A00008D15449544840F22E2207F020FE40F2FD
:1078B0002E21F1E7A368002B00F09780022A05D063
:1078C000042A30D04D4802B0BDE8F0814C4D01266D
:1078D000C5F800652168E26849B1032184F82E10DB
:1078E000C5F82C36C5F830262E604648EBE7C5F8BB
:1078F0002C36C5F830262E6009F073FD08346E6012
:1079000021460220FFF7ECFC0028F9D03C4B002276
:10791000C3F80821D3F80811C3F80C21D3F80C11CF
:10792000C3F80025E1E7364D4FF00108C5F80085A2
:10793000276857B1052284F82E20E268C5F82C3656
:10794000C5F83026C5F80080CFE7A18B94F8322027
:10795000019203EB41030093C5F82C36C5F830269D
:10796000C5F8008009F03DFD94F836305BBB244D2E
:1079700001236B6069460220FFF7B2FC0028F9D0B2
:107980000022C5F80821D5F80831C5F80C21D5F832
:107990000C31A18B94F832300B44E1689BB28B42DE
:1079A000A38321BF184BA283D3E90201C3E90001DD
:1079B000134B28BF22614FF000022CBF114813481F
:1079C000C3F800257FE7D5F8F465F6B208FA06F6A5
:1079D000013EBE42CBD9C5F8048000210420FFF748
:1079E0007FFC0028F9D00137F3E709486BE700BFB7
:1079F000EC560020C6BE0300148803000500AD0B42
:107A0000007000400000AD0BF45600200B00AD0BE1
:107A10000200AD0BF8B5324E96F82E10024651B961
:107A20003049314840F2D12207F061FD2D4840F243
:107A3000D12107F053FDFFF7C1FB00284ED12B4C9D
:107A400086F82F10072386F82E3001237260C4F8C1
:107A50000035D4F80453C4F80003E3603AB125F0CC
:107A6000C00545F03305C4F800532148F8BD002196
:107A70001020FFF735FC0028F9D00023C4F80431AA
:107A8000D4F804311B4BC4F82C3601270223C4F868
:107A90003036276009F0A5FCA76000212020FFF701
:107AA0001FFC0028F9D0114B0022C3F80421D3F8A1
:107AB0000411C3F80821D3F80811C3F8002596F87B
:107AC0002F1086F82E10C3F81C21D3F81C11C3F810
:107AD0001821D3F81821C3F80053C6E70648C5E7B4
:107AE000EC560020C6BE030014880300007000405E
:107AF0000000AD0B045700200B00AD0B7FB56249B1
:107B0000614E3320FFF7ECFB10F0100F05460BD051
:107B10005E4B1022C3F80823B218C3F82C260222A9
:107B2000C3F8302601221A60594CAA0694F82E3068
:107B30000ED5072B554A05D0D2F834369BB2E360F8
:107B400000232361D2F80433DB0601D5FFF744FBA1
:107B5000A80718D594F82E30A16802910022E16898
:107B60008DF80420062BADF80C1018D0072B35D05B
:107B7000032B08D1454BC3F80025022384F82E308F
:107B8000236801A89847E9074FD594F82E30033BA6
:107B9000042B4AD8DFE803F05A4929415E0094F8E3
:107BA000353023B1236913B1384B01221A602368A1
:107BB00001A89847374B93E8030086E803000023A9
:107BC0002361A368002BDED1304AC2F800350423BC
:107BD00084F82E3005238DF80430D1E7FFF7FCFA46
:107BE00002238DF804306368CBE704238DF804305A
:107BF00001A823689847254BD3F8F825D20444BF41
:107C000001225A602269062384F82E302AB11F4BC4
:107C10006169C3F82C26C3F8301623692BB90323F6
:107C20008DF8043001A82368984794F82E30072B6C
:107C30000AD0164B1848D3F8043300211840FFF738
:107C40004FFB012685094DB904B070BD0F4B0122D1
:107C50005A60EAE70D4B01229A60E6E795FAA5F330
:107C6000B3FA83F306FA03F225EA02055A08DB4366
:107C700003F001038DF809308DF8046023688DF856
:107C8000082001A89847DEE7F45600200070004065
:107C9000EC560020FC560020C0FF3F0070B54B7F23
:107CA00004460D467BB10123436164260022022174
:107CB000204609F0B3FB20B9012009F013FA013E78
:107CC000F4D100236B774FF08052D2E94C23082A7D
:107CD0001BD1052B19D80F4AD35CB3B14FF0FF323B
:107CE0000023D4F80805D4F80C15C4F80035C4F8FE
:107CF0000825C4F80C250922C4F80025C4F800356D
:107D0000C4F80805C4F80C1570BD0023C4F800358C
:107D1000FAE700BF73BF030008B5036859090246BC
:107D200013D0012906D103F01F034FF6FF71D9408C
:107D3000C80712D40A490B4840F2CA3207F0D7FBF1
:107D4000074840F2CA3107F0C9FB4FF0FF31D94074
:107D5000C907EFD54FF0A04000E00348136008BD0D
:107D6000FA8F030014880300000300500F4B984261
:107D700019D00DD80E4B984215D007D80D4B98420C
:107D800011D00D4BC31A5842584170470B4BF9E7BD
:107D90000B4B984207D004D80A4B984203D00A4BA9
:107DA000F0E70A4BEEE70120704700BF80841E0019
:107DB00020A1070048E8010090D0030040420F00D6
:107DC0000024F40000093D0000127A000048E80198
:107DD000F7B51746421C1C460646089B0D4618D0B0
:107DE000012902D1BBB109F057FB01A80196FFF7A9
:107DF00093FF019B00EB83002402D0F80027074B80
:107E000044EA87042C4313401C4344EA4504C0F869
:107E1000004703B0F0BD09F04CFBE6E7F0F8FCFFCB
:107E20002DE9F04F91F8213090F804A085B0074675
:107E30000C460BB391F8223003934FF001086369AD
:107E40007E4A934237D021D87D4A934200F0CB80BE
:107E500016D87C4A934200F0C9807B4A934200F0D6
:107E6000C8807A497A484FF4BF7207F040FB7748E0
:107E70004FF4BF7107F032FB984602230393DEE70D
:107E8000744A9342EDD14FF0805516E0724A934206
:107E900000F0B28009D8714A934200F0B080704A75
:107EA0009342DED14FF0004507E06E4A9342D8D1AD
:107EB0004FF0A05501E04FF00055DFF8AC9194F879
:107EC0002300242202FB0A93997F60F30001997733
:107ED0003B79217C02FB03939A7F61F341029A77FD
:107EE00094F82360002E32D162695E4B9A420CBF37
:107EF0004FF0030B4FF0000B237E012B94BF0023A8
:107F00000123009320685B4632460121FFF760FFA2
:107F1000009660685B4632460121FFF759FF0096E4
:107F2000A27EA0685B463146FFF752FF237C83F0B8
:107F300001030093E0685B4632460121FFF748FFEA
:107F400001210091E0695B463246FFF741FF24239F
:107F5000B8F1000F56D003FB0A934FF0FF321A62BC
:107F6000A07C217E627EE66894F8108094F824E07C
:107F700094F820C03B68BEF1000F13D1D4E900BAD9
:107F8000D4F808E0E469C3F808B5C3F80CA5C3F851
:107F900010E5C3F86C45039CC3F81465C3F8688505
:107FA000C3F86445003A18BF01220229C3F8C0058E
:107FB000C3F8245538D0032939D0012901D142F022
:107FC0000202C3F85425C3F860C53B792422534309
:107FD00059F8033073B3386840F3073005B0BDE893
:107FE000F04FF4F743BE4FF0006566E74FF00075C1
:107FF00063E74FF0806560E74FF020655DE74FF085
:1080000080455AE703FB0A9AE268CAF82020227CDE
:108010009AF81E3062F341038AF81E30A07C217E5C
:10802000627E4FF0FF36A1E742F00402C9E742F05A
:108030000602C6E705B0BDE8F08F00BF80841E00D1
:1080400020A1070048E8010090D0030037BF0300DB
:108050001488030040420F000024F40000093D0092
:1080600000127A000048E80128570020431C07B599
:108070000ED0019001A8FFF74FFE019B00EB83009B
:10808000054BD0F80027134043F00203C0F8003737
:1080900003B05DF804FB00BFF0F8FCFF2DE9F843E6
:1080A00005461F4651B9164916484FF4167207F097
:1080B0001EFA13484FF4167107F010FA2E79DFF804
:1080C000549024235E4309EB060494F81C80B8F115
:1080D000000F10D14869FFF749FE70B1284649F8F2
:1080E00006206760FFF79CFE0123074884F81D8087
:1080F0002377BDE8F8830548FBE70548F9E700BFAB
:1081000037BF0300148803000000AD0B0C00AD0B5B
:108110000400AD0B285700202DE9F8430679294DBE
:1081200024277743EB1904461B7F53B92649274878
:1081300040F2B92207F0DBF9234840F2B92107F0F9
:10814000CDF9006840F30730F4F79EFDEB5953B1C9
:1081500023681F4AC3F8082306EBC601206805EB15
:108160008101FFF79BFD2427236807FB0657D3F8FF
:108170000805D3F80C85D3F81095BB7FDB0714D422
:10818000FFF774FF4846FFF771FF4046FFF76EFFA9
:10819000386AFFF76BFF2368D3F86C05D3F81475C2
:1081A000FFF764FF3846FFF761FF2368094A9342EF
:1081B00004BF01225A60242303FB065500232B77BA
:1081C000BDE8F8832857002037BF03001488030058
:1081D0005201080000F002402DE9F04FDFF8648200
:1081E0000679242303FB068385B01B7F83460D4657
:1081F000174653B98A498B4840F2AD3207F077F9F8
:1082000040F2AD31864807F069F90B6853B94B6805
:1082100043B18349834840F2AE3207F068F940F237
:10822000AE31EFE7D5E902234AB953B17C497D4825
:1082300040F2AF3207F05BF940F2AF31E2E71B0CDE
:1082400004D1B5F806A0BAF1000F08D074497548FA
:108250004FF46C7207F04BF94FF46C71D2E717F0E2
:1082600008090ED0242303FB06831B6A013308D0C0
:108270006B496C4840F2B33207F039F940F2B33140
:10828000C0E72423734308EB0302517F002940F029
:10829000C58058F8033023B117F0140F04BF012331
:1082A000537795E80F00242404FB068404F10C0C9A
:1082B0008CE80F00206A431C04D0A37F99071AD5CD
:1082C00009F0EAF82968DBF8004021B101F06043C9
:1082D000B3F1005F06D1AB6883B103F06043B3F143
:1082E000005F0BD0242303FB068300224E485A77FD
:1082F00005B0BDE8F08F09F0DCF8E3E74B4B9C429A
:1083000022D14FF080436A68D3F8000E484B1860C2
:10831000D2B1484821F4FF5323F01F0383426DD8A4
:10832000C3F34F30114401228240434803F5005308
:1083300099424AEA020A4FEA420201D98342F5D33E
:108340004FF08043C3F800AE17F0010318BF0123BC
:10835000C4F8503517F0020318BF0123C4F84035A4
:1083600095E80F00EC468CE80F00039BC4F8440529
:10837000C4F84815C4F83425C4F838350023C4F8C7
:108380001831D4F818310723C4F80035B9F1000FBB
:108390000FD12423734358F803200123236142B9EA
:1083A000D4F81831002BFBD062464021204609F05A
:1083B00035F82423734358F803302BBB1B4B9C42E6
:1083C00001BF1B4B1A684FF08043C3F8002E2423D3
:1083D00003FB0683186A421C04D09B7F9B0710D5C1
:1083E00009F067F8B9F1000F06D106EBC60608EBF5
:1083F00086012046FFF752FC104879E74FF4807A57
:108400009EE709F049F8EDE717F0040F4FF040033D
:1084100014BFC4F80833C4F80433EDE7084867E72D
:1084200037BF0300148803000A00AD0B00F00240C0
:1084300024570020FFFF0020002001200000AD0B8A
:108440000B00AD0B2857002070B51B4D1B482A466A
:10845000402108F0E3FF70B3194B1A684FF08043D6
:10846000A5F10C04C3F8002E55F80C3C53B915497E
:10847000154840F2194207F03AF8124840F2194103
:1084800007F02CF8206A421C04D0A37F9B070FD56D
:1084900009F00FF8637F1BB10C490848FFF7FEFB9A
:1084A000002323720A48D4E90031BDE87040184720
:1084B00008F0F2FFEEE770BD3457002000F00240F4
:1084C0002457002037BF03001488030028570020DA
:1084D0003057002070B51D4A0C68B2FBF4F304FB62
:1084E00013258DBB94422FD85C1E1C402CD1B3F5B4
:1084F000007F29D802684D79D2F80465097926F001
:10850000030601F003013143C2F80415D2F808153F
:1085100093FAA3F321F0030105F00305B3FA83F303
:108520002943C2F80815C2F810350068402300F549
:108530008072D450D1580433582BFAD140F307300D
:10854000F4F794FB024870BD0248FCE70024F400F5
:108550000000AD0B0400AD0BF8B541B91E491F4832
:108560007C2206F0C4FF7C211B4806F0B7FF05798A
:108570001B4C0C236B43E618377A5FBBE2508B68C9
:10858000184A7360036893420FD002F580529342F9
:108590000BD002F58052934207D002F5803293420D
:1085A00003D002F58052934202D14B79032B06D9B6
:1085B00009490A48942206F09AFF9421D4E7FFF76C
:1085C00089FF0C2303FB0544074BC21A5342534156
:1085D0002372F8BD0548FCE779BF03001488030047
:1085E0004C570020008000400000AD0B0C00AD0B8C
:1085F00010B50C4B02790C2101FB0232127A42B900
:1086000009490A48DB2206F072FF0748DB2106F021
:1086100065FF046801222261007901FB00331A72B0
:1086200010BD00BF4C57002079BF03001488030021
:10863000F8B5144D03790C2707FB035304461B7A46
:1086400043B911491148BC2206F051FF0E48BC2124
:1086500006F044FF006840F30730F4F715FB236889
:108660000026D3F80022C3F8006223684FF0FF32DF
:10867000C3F808232046FFF7BBFF237907FB035508
:108680002E72F8BD4C57002079BF030014880300F8
:1086900070B5144C05790C2606FB0544247A54B9B0
:1086A000114912484FF4957206F021FF0E484FF41D
:1086B000957106F013FF4FF4803405688C4073B158
:1086C0008B0003F5A0730026EE50EB580368C3F847
:1086D0000443036801F5A87143F8212070BDC5F873
:1086E0000843F6E74C57002079BF030014880300C5
:1086F0002DE9F041002540232946012003F1804265
:1087000002F5214214682CB1116012689A0800FA2F
:1087100002F215430433582BF0D10E4B0E4FD3F811
:108720000463402406F47C164FF00108A30808FAFD
:1087300003F31E4208D02B4206D03B6823B104F558
:108740008070796880B298470434502CEED1BDE82F
:10875000F08100BF00A000404C57002038B544090C
:108760000CD0012C20D01549154840F2CA3206F031
:10877000BEFE124840F2CA3106F0B0FE4FF0FF34A0
:10878000C440E507EFD54FF0A04404EB80001B0286
:10879000D0F800570B4C43EA82022C4042EA4101D8
:1087A0002143C0F8001738BD00F01F004FF6FF74DA
:1087B000C440E407D7D5044CE7E700BFFA8F0300B5
:1087C00014880300F0F8FCFF0003005038B5857BE7
:1087D0000446CDB9D0E9000398420AD10B490C48B0
:1087E00040F2071206F083FE084840F2071106F037
:1087F00075FE062303222946FFF7B0FF60680623B3
:1088000003222946FFF7AAFF012038BDB6BF0300A7
:108810001488030010B4CC7B8A6803682CB9D1E9B2
:108820000041C3F80845C3F80C15C3F824250379A3
:1088300028225343064AD35833B100685DF8044BED
:1088400040F30730F4F712BA5DF8044B704700BFED
:1088500058570020F8B506460D4651B91849194831
:1088600040F21B1206F043FE154840F21B1106F0C1
:1088700035FE0079144F282148433C1894F8221003
:10888000C9B93A50A160636084F8251084F82410B7
:10889000AB7B84F827302846FFF798FF68B16B7BE5
:1088A00084F8263030462946FFF7B4FF01230748F5
:1088B00084F82230F8BD0648FCE70648FAE700BF16
:1088C000B6BF030014880300585700200000AD0B0A
:1088D0000C00AD0B0400AD0B08B50E4B027928213E
:1088E00001FB023393F82220012A0AD00A490B48DF
:1088F0004FF4E17206F0FBFD07484FF4E17106F01A
:10890000EDFD02680621C2F80015022283F822203C
:1089100008BD00BF58570020B6BF030014880300ED
:1089200010B51D4B0479282202FB043292F8221064
:1089300051B91A491A484FF4E77206F0D8FD1748A2
:108940004FF4E77106F0CAFD0021916002681549F5
:10895000C2F80813D2F8001221F4BC51C2F8001278
:108960004FF08051D1F83001082809D1D1F83411E5
:10897000052905D80C48415C11B10921C2F8001540
:108980000021C2F80015282202FB0433012283F8DB
:10899000222083F8241010BD58570020B6BF0300D2
:1089A0001488030002029C01F2BF0300F8B51C4EBC
:1089B0000779282505FB0765044695F8223053B949
:1089C000184919484FF4D17206F091FD15484FF43B
:1089D000D17106F083FD006840F30730F4F754F9D5
:1089E0002046FFF79DFF95F8273093B995F826505C
:1089F0007DB92368D3F80805D3F80C452A462B46E1
:108A00000121FFF7ABFE2B462A4601212046FFF746
:108A1000A5FE282303FB0766002386F82230F8BD55
:108A200058570020B6BF0300148803002DE9F84F03
:108A300003790E4617463BB94B68B3F5803F03D226
:108A40008B68B3F5803F0AD3A649A74840F2B62207
:108A500006F04DFD40F2B621A24806F03FFDA34DC1
:108A600095F82230022B08D09E499F484FF42F7270
:108A700006F03DFD4FF42F71EEE72B68B3B90B788C
:108A8000022B08D19749984840F2BF2206F02FFDEB
:108A900040F2BF21E0E7032B08D1924992484FF4FE
:108AA000307206F024FD4FF43071D5E700230468DE
:108AB00085F82330736833B1F36803F06043B3F192
:108AC000005F40F07F813378023B012B06D8336989
:108AD00003F06043B3F1005F40F07481844BC4F84D
:108AE000083395F8243003F0FF013BB1AB68DFF8A1
:108AF0000482C4F804334046BDE8F88F17F0140F21
:108B00000CBF0123002385F82430337885F820300A
:108B1000737885F82130F268EA6073682B61D6F8C3
:108B200010C0C5F814C0B068A861C7F3001E85F86E
:108B300025E0EF6196F801E0C4F888E5C4F860111B
:108B4000D4F860E1C4F84811D4F848E1C4F824111D
:108B5000D4F824E1C4F80411D4F8041117F0010189
:108B600018BF0121C4F8501517F0020118BF0121E8
:108B7000C4F84015317807F00809032900F2AC80E9
:108B8000DFE801F08DA37D02F80608D55549564867
:108B90004FF40B7206F0ABFC4FF40B715CE7B9F1CC
:108BA000000F08D04F49504840F22D2206F09FFC9C
:108BB00040F22D2150E7790708D54A494A4840F24A
:108BC0002E2206F094FC40F22E2145E74FF48071EE
:108BD000C4F80012C4F84425C4F848350123A36042
:108BE0004FF48011204608F0B3FC0028F8D1D5E9F5
:108BF0000523C4F84425C4F848354FF48023AB60FE
:108C0000DFF8F4802A68B9F1000F40F0B1803378C2
:108C1000032B00F0AD80012B76D123609AB92A692D
:108C2000002A5CD0DFF8D4A0DFF8D4904FF0010B1D
:108C30005146204608F08CFC830548BFC4F814B0A8
:108C400010EA090FF4D072682B68002A40F0908077
:108C5000002B00F0918001236361790744BF00235A
:108C6000AB607A065EBFAB6843F00203AB60AB68F3
:108C700043F40073AB60AB68C4F804333BE7C4F85B
:108C80004425C4F84835C4F834C54FF48453C4F8B7
:108C90003805C4F80032012323620223AFE7C4F889
:108CA0004425BA06C4F848354BBF4FF480734FF4DF
:108CB0000073C4F80032C4F800324CBF4FF4802374
:108CC0000223AB60012323629AE7C4F83425C4F879
:108CD00038354FF48053DCE7DFF8288092E7636192
:108CE000A0E700BFB6BF0300148803005857002058
:108CF00002029C010B00AD0B0000AD0B0202040050
:108D0000020004000400AD0B0123A360002A9AD1E5
:108D10002A692AB3DFF8C4A0DFF8C4B019EA0A0F41
:108D200091D15946204608F013FC10F4007F81468B
:108D3000F4D04FF08071204608F00AFCD4F80032DD
:108D400080B113F4007103D101222262894662616D
:108D5000D805E3D54FF48021204608F0F9FB04E064
:108D60006361D7E70123236263614FF00009D5E710
:108D70002B68002B7FF471AFD4F8C434C4F8C4342A
:108D8000002285F824208BB1104A114913F0010FFD
:108D900014BF90468846013213F0020F18BF904668
:108DA00013F0040F0B4B18BF9846A4E67B063FF563
:108DB000A2AE0949204608F089FB054B002808BFF0
:108DC000984698E6DFF81C8095E600BF0000AE0BE1
:108DD0000100AD0B0200AE0B58570020020004004A
:108DE000020204000A00AD0B70B5634C236886B024
:108DF00053B96249624840F2063206F078FB5F4898
:108E000040F2063106F06AFB5E4D0221284608F06A
:108E10009FFB4FF400710646284608F099FBD8B135
:108E2000E6B9A368C5F808330223A360A368C5F8B0
:108E300004334FF08071284608F08AFB18B1D5F84A
:108E400000329B0503D44F4B01221A625A61012361
:108E500084F8233006B070BD002E57D0E5696E0649
:108E60000AD494F823303BB94349464808F02EFB16
:108E700080F0010084F8230015F0040524D1414B53
:108E800094F82520C3F86051D3F86011C3F85C5101
:108E9000D3F85C1112B194F8232052B10022C3F828
:108EA0000022A260384AC3F80823384B0822C3F8CE
:108EB0008021238CADF80430E36804932369029386
:108EC00063690593A36903932E4AD2F8C434C2F8A8
:108ED000C434980749D4590749D4DA0749D494F8D7
:108EE00023309B00DBB28DF8003094F825300BB9AD
:108EF00084F82430E3695B0703D594F82330002B12
:108F0000A8D0D4E9003168469847A3E74FF4802100
:108F1000284608F01DFB94F82030A3B994F82530BA
:108F20004BB9C5F80032A360174BC5F80833174B8F
:108F30000822C3F8802100238DF8043094F82130F2
:108F40008DF80530B8E74FF40073C5F8003240F2F1
:108F50000223A36003F1CE73C5F80833A368C5F8F4
:108F600004330123AB602B6274E70123BBE70223C8
:108F7000B9E70323B7E700BF58570020B6BF030087
:108F8000148803000030004002029C0100E100E070
:108F900008B503685909024613D0012906D103F028
:108FA0001F034FF6FF71D940C80712D40A490B4876
:108FB00040F2CA3206F09BFA074840F2CA3106F086
:108FC0008DFA4FF0FF31D940C907EFD54FF0A040DF
:108FD00000E00348136008BDFA8F03001488030003
:108FE00000030050F7B50C46064608F0DBFA2046B1
:108FF00008F0D8FA01A80196FFF7CAFF019B2E4F8F
:10900000019400EB830040F20D65D0F800373B403F
:109010002B43C0F8003701A8FFF7BAFF019B00EB14
:109020008300D0F800373B402B43C0F800370420C2
:1090300008F058F80925012701A80194FFF7A8FFB7
:10904000019AD0F81035D340DB0715D401A801965A
:10905000FFF79EFF019B07FA03F3C0F80C350420CD
:1090600008F040F8304608F09DFA013D042008F071
:1090700039F815F0FF05DFD101A80194FFF788FF4B
:10908000019A01239340C0F80C35042008F02AF817
:10909000204608F087FA042008F024F801A801947B
:1090A000FFF776FF019AD0F810350448D34003F05B
:1090B0000103C01A03B0F0BDF0F8FCFF0100AD0BD6
:1090C00008B5124BA8220021184608F068FC0322BC
:1090D00002610F4942610F4A8161C2614FF48062AF
:1090E0000262002282624262C26201660A494166ED
:1090F00010218166094902670346C266426711F87A
:10910000010D98540132102AF9D108BD1004002035
:10911000F8BF0300100000200000002011C0030071
:109120002DE9F84FDFF87C80182606FB008E00FB47
:1091300006664644DEF82440DEF828C07368A4457D
:1091400007468946154603EB040022D8DEF820B016
:10915000ABEB040A0AF1FF339A4203D808F0F7FB9D
:109160002C440FE063449A4219D852462C4408F02C
:10917000EEFBB4EB0B0405D07068224609EB0A0144
:1091800008F0E5FB182303FB078301205C62BDE8C0
:10919000F88F0CF1FF3CACEB040C9445DED20020C0
:1091A000F5E700BF10040020F8B5144B182700FBAA
:1091B00007751D4407FB00330E46DB6A012B14467E
:1091C0000AD0022B14D023B9284608F0F8F98442BB
:1091D00008D900242046F8BD284608F0F0F984425A
:1091E00028BF044622463146284608F0F1F9F1E747
:1091F0002846BDE8F84008F006BA00BF1004002079
:10920000F8B50B4B1B78532B04460E46174601D07E
:10921000FFF756FF08F026FA3A4605463146204643
:10922000FFF7C2FF0446284608F024FA2046F8BD9E
:1092300010040020034B182202FB00339A6A586A7C
:10924000801A70471004002010B4094A094900230D
:10925000C85C12F8014D844205D10133102BF7D1BF
:109260005DF8044B70475DF8044BFFF729BF00BF62
:1092700011C003001004002008B5084A084B9342AF
:109280000AD908490848192206F031F90548192178
:1092900006F024F92433F2E7FCD308BD1C1E0300BA
:1092A000941B030012C003001488030070B5044629
:1092B000C0B1037813B3124D124EB5421BD91249F7
:1092C0001248282206F013F90F48282106F006F963
:1092D0002968A14208D1284608F0D5F9002814BF12
:1092E0002C460024204670BD2046D7F7DFFD00281D
:1092F000F1D02435E1E7EBD30024F3E71C46F1E796
:10930000941B03001C1E030012C0030014880300FA
:10931000014B986880307047805700202DE9F04756
:10932000044600AF0D46EFF31189402383F3128802
:10933000BFF36F8F0428374A98BF374B9668117C6C
:1093400094BF53F82030354BEA468CB06A46DFF8BC
:10935000F48033485061C2E9083140F2024313857A
:10936000304BC2E9068442F8103F2F4800234FF4E7
:109370005151F0F731FDD546B5B1EB69C3F30803A0
:1093800093B10820F0F748FB40B1284BC0E90538FD
:1093900003230374002343748374C374224900239A
:1093A0004FF4C25206F051FD2EB1304608F014FAC7
:1093B00008B1037803B91E48EA468AB06A461D4BD5
:1093C000C2E9053840F2024393841B4BC2E90760AF
:1093D00042F8103F144800234FF43151F0F7FCFCE1
:1093E0002946D5462046FAF795F9042C08D11349A9
:1093F0001348872206F07BF81048872106F06EF8A4
:1094000089F31188BFF36F8F3046F3F7BDFBBD467C
:10941000BDE8F087805700202439030035C00300E1
:109420004BC0030006000001B424030077C0030012
:1094300043C003009CC0030005000001B8C0030046
:109440001488030024C1030038B50A4B53F82040A8
:10945000013053F82050A54200D838BD606830B1C3
:10946000037FDB0701D408F019F90834F3E7236818
:109470009847FAE73839030070B5344B344C354D12
:10948000012286B003201A70FFF7DEFFF2F7BAFC64
:109490000420FFF7D9FFAC42264624D92E492F4895
:1094A000422206F024F842212B4806F017F854F81F
:1094B0000C3C059354F8103C049354F8143C03936B
:1094C00054F8183C029354F81C3C019354F8203C87
:1094D000009354E90A2354E90C0101F015F954F8FA
:1094E000303C5E65D7E7AE4204F13004DFD301F0D3
:1094F0007DFE174C1A4EAC421BD9174917486622FD
:1095000005F0F5FF6621CFE7D4E90A23B3F1FF3F69
:1095100008BFB2F1FF3F05D052EA0301206803D132
:1095200002F06AF83034E6E73146183002F0C8FB42
:10953000F8E7E9D301F0A8FEDFF78CF9094A137BBD
:1095400023F00103137306B070BD00BFDC6200207E
:10955000A01F0300E021030032C1030014880300B0
:109560003D180300B030002008B50348034A00212D
:10957000121A08F0AAF808BDA00F0020E06200202F
:1095800070B5164E164D174986B0E02303FB0066F2
:10959000154B059301220F23CDE903320023CDE9BA
:1095A0000133182303FB0055044601EB40210F4B08
:1095B00000954FF4C072304601F0A6F8737B0C4A58
:1095C000EE6023F0040373734FF4906304FB0333E2
:1095D00013442C746B6006B070BD00BFD02F002008
:1095E000805700200099002053C103001999020000
:1095F00080940020BFB50020FFF726FF2B4B83F39C
:1096000008882B4C2B4F636943F400736361E0239C
:1096100084F8223000252023E37725766576A57629
:1096200084F82050636A43F4E023636284F8235093
:10963000F3F726FAF3F754FC4FF0FF33A362E3622B
:10964000F3F77AFDF3F770FCF0F7AEF91A481B4C0C
:1096500001F000F9FFF710FE0120FFF7F5FE0220F0
:10966000FFF7F2FE01F080FE154B16499C61164B88
:1096700005930123CDE903534FF400723B46CDE936
:1096800001550095204601F03FF8627B064622F026
:1096900004022046627301F035FA2846FFF770FF96
:1096A0003A4631462046F3F7F5FB00BF009900200B
:1096B00000ED00E07994020090310020B0300020ED
:1096C00080570020009B00209F51030038B50B4CB1
:1096D0000B4D0020AC420FD90A490B48942205F0EB
:1096E00006FF0848942105F0F9FE204607F0F1FF37
:1096F000002802DB2034EDE7F7D338BD480D002009
:10970000680D00205BC10300148803002DE9F743B6
:1097100005460E4691461C4600F10807EFF31188F6
:10972000402383F31288BFF36F8F384602F052FA5A
:1097300038B92B492B48882205F0D9FE88212848C2
:1097400022E0384602F06AFA2B69FBB133601C68EC
:10975000EB692C610133EB6114B96A6993421BD048
:10976000EB68E41A09D4D5E905235A43A24204D987
:10977000B4FBF3F203FB124474B11B491948E9220C
:1097800005F0B5FE1848E92105F0A8FE59EA0402E3
:109790000FD133606FF00B04384602F029FAC8B9D4
:1097A0000F49104840F2311205F0A1FE40F231118C
:1097B000C5E7CDE900942A464146384601F026FB2C
:1097C000044618B9094B9B681B693360204603B0F7
:1097D000BDE8F08388F31188BFF36F8FF6E700BF11
:1097E0006F980300148803005BC1030080570020BA
:1097F0002DE9F843C368CB1A05460E461ED4D0E9BE
:1098000005125143994219D9B3FBF2F102FB11330E
:10981000A3B900F10808EFF31189402484F31288FA
:10982000BFF36F8F404602F0D5F990B936493748FB
:10983000882205F05CFE8821334808E0344933482B
:1098400040F2111205F053FE314840F2111105F0BB
:1098500045FE404602F0E2F92F69002F3AD1EFF3BE
:10986000118384F31288BFF36F8F83F31188BFF3E2
:109870006F8F3BB927492548B02205F038FEB0214B
:109880002448E4E72C68A54224D01CB3A36833B96C
:1098900020491E48992205F02AFE9921F0E7D4E9D3
:1098A000003213605A60637BA76023F00203637386
:1098B000C4E9007704F1180002F0CCFA2046C4F89D
:1098C0009870266101F01EF949464046BDE8F8430C
:1098D00001F000BC2B693360EB692E61013BEB6149
:1098E000404602F085F940B90749084840F2311274
:1098F00005F0FDFD40F231119EE789F31188BFF3B9
:109900006F8FBDE8F88300BF6F98030014880300D1
:109910005BC1030080C1030008B50C4B9B6893F941
:109920000E30002B09DB4024EFF3118384F31288FF
:10993000BFF36F8F06F00CFDF6E7054905481C22C2
:1099400005F0D5FD02481C2105F0C8FD8057002018
:10995000ABC10300148803002DE9F3410446174608
:109960001E46EFF3058545B1514952486F2205F077
:10997000BEFD4F486F2105F0B1FDEFF31188402384
:1099800083F31288BFF36F8F4B4802F023F938B985
:109990004A494848882205F0AAFD88214748EAE755
:1099A000454802F03BF9E368454A9BB1A0689168DD
:1099B000884224D057EA060329D13F4802F018F91B
:1099C000A0B188F31188BFF36F8F6FF00F0002B062
:1099D000BDE8F081916891F90E103748216101339B
:1099E000E3609368A36002F003F950B9334931484A
:1099F00040F2311205F07BFD40F23111CEE72169D2
:109A0000EBE788F31188BFF36F8F0020DFE791F950
:109A10000E1090F90E309942A8BF19466FF07E02E1
:109A20009142B8BF11468B4202DD07F07BFE05462E
:109A3000CDE9007620482246414601F0E7F90028AA
:109A4000E3D0EFF31186402383F31288BFF36F8FC7
:109A5000194802F0BFF800289AD0174802F0DEF843
:109A6000A068C0B1236821699C420AD04BB193F928
:109A70000E309942A8BF19466FF07E039942B8BFD5
:109A8000194607F04FFE30B10B48314601F022FB7A
:109A90006FF00A009BE7002DF6D1074802F0A8F806
:109AA0000028A3D086F31188BFF36F8FF0E700BFC3
:109AB000CCC1030014880300A45700206F98030052
:109AC00080570020F8B50546EFF3058343B14A49B6
:109AD0004A48D72205F00BFDD721474805F0FEFC88
:109AE0008368002B00F08180454A926893427FD1C1
:109AF000C36833B940494148EF2205F0F8FCEF2133
:109B0000EBE7012B03D0013BC3600020F8BDEFF36E
:109B10001187402484F31288BFF36F8F394802F015
:109B200059F838B938493548882205F0E0FC8821D1
:109B30003548D3E7334802F071F82969A86807F07F
:109B4000F1FDEFF3118384F31288BFF36F8F83F37A
:109B50001188BFF36F8F3BB92C492848B02205F01C
:109B6000C6FCB0212948B9E72C68AC420FD10023CC
:109B7000C5E90233234802F03BF888BB22491F485D
:109B800040F2311205F0B3FC40F23111D0E7002C65
:109B9000EDD0A36833B91D491848992205F0A7FCF8
:109BA0009921DFE7D4E9003213605A60637B002615
:109BB00023F002036373C4E90066A66004F1180091
:109BC00002F048F9AC6094F90E302B612046C4F8DD
:109BD000986000F097FF0B48394601F07BFA94E754
:109BE00087F31188BFF36F8F8FE76FF015008DE754
:109BF0004FF0FF308AE700BFCCC103001488030098
:109C000080570020A45700206F98030080C10300F4
:109C100008B5836843B90B490B48992205F067FCE6
:109C20000848992105F05AFCD0E9003213605A60C7
:109C3000427B0023C0E9003322F0020242738360BA
:109C400008BD00BF80C10300148803002DE9F04760
:109C500004469DF820600D4691469A4600F108079B
:109C6000EFF31188402383F31288BFF36F8F3846D8
:109C700001F0B0FF38B944494448882205F037FC68
:109C80008821414817E0384601F0C8FF06B16568F1
:109C9000EFF31183402282F31288BFF36F8F83F3B7
:109CA0001188BFF36F8F43B939493848B02205F0A6
:109CB0001EFC3748B02105F011FC234653F80C6F09
:109CC0009E4216D0AEB13046FFF7A2FF002406F147
:109CD000180002F0BFF83046C6F89840C6F8109059
:109CE00000F010FF4146384601F0F4F92046BDE887
:109CF000F087BAF1000F14D0082002F04FFB0028C3
:109D00003AD00122C0F804900260016801F003011A
:109D10005DB922680A430260626820606AB96060C7
:109D20000BE0C9F800A04846EFE72A68032A18D8D4
:109D30000160616879B9C4E900000024384601F087
:109D400057FFE0B91049114840F2311205F0CFFB3E
:109D500040F2311195E70A6802F0030202430A60FB
:109D6000DDE722F003020A4302602A6802F00302E0
:109D700040EA02032B60E0E76FF00B04DEE788F3B4
:109D80001188BFF36F8FB1E76F9803001488030049
:109D900080C103002DE9F743054690461F4600F1B8
:109DA0000806EFF31189402383F31288BFF36F8F06
:109DB000304601F00FFF40B91F492048882205F0C6
:109DC00096FB88211C4805F089FB304601F026FFF0
:109DD0002C68CCB123686A6823F0030394422046C0
:109DE0002B6008BF6B60012107F0ABFC04463046D6
:109DF00001F0FEFEC0B91049104840F2311205F0E2
:109E000076FB40F23111DDE758EA0703EFD0CDE9E8
:109E1000008705F10C024946304600F0F7FF38B9DB
:109E2000074B9B681C6903E089F31188BFF36F8FB0
:109E3000204603B0BDE8F0836F9803001488030048
:109E40008057002008B5836843B90B490B48992215
:109E500005F04DFB0848992105F040FBD0E90032A0
:109E600013605A60427B0023C0E9003322F00202F3
:109E70004273836008BD00BF80C1030014880300E3
:109E800070B50446EFF31186402585F31288BFF3C1
:109E90006F8F294801F09EFE38B92849284888224A
:109EA00005F025FB8821254814E0234801F0B6FE83
:109EB000EFF3118385F31288BFF36F8F83F311885B
:109EC000BFF36F8F43B91F491D48B02205F00FFB48
:109ED0001C48B02105F002FB2568AC4213D095B1B7
:109EE0002846FFF7AFFF05F1180001F0B3FF00238C
:109EF0002846C5F8983000F005FE31460E48BDE80A
:109F0000704001F0E7B8D4E902329A4218BF013339
:109F10000948A36001F06CFE40B90849084840F2C6
:109F2000311205F0E4FA40F23111BCE786F31188F2
:109F3000BFF36F8F70BD00BFA85700206F9803005C
:109F40001488030080C10300F7B5044616461D4679
:109F5000EFF305835BB152EA050308D02649274891
:109F6000882205F0C4FA2448882105F0B7FAEFF3F7
:109F70001187402383F31288BFF36F8F204801F0CD
:109F800029FE38B91F491D48882205F0B0FA8821FA
:109F90001C48EAE71A4801F041FEA368ABB1013B57
:109FA0001748A36001F024FE40B91649134840F257
:109FB000311205F09CFA40F23111E9E787F311887C
:109FC000BFF36F8F002003B0F0BD56EA05030BD13D
:109FD0000B4801F00DFE0028E7D087F31188BFF38E
:109FE0006F8F6FF00F00EEE7CDE90065224639462E
:109FF000034800F00BFFE6E7EEC1030014880300FE
:10A00000A85700206F9803002DE9F8430546EFF3A9
:10A010001188402787F31288BFF36F8F2A4801F019
:10A02000D9FD064638B929492948882205F05FFA42
:10A030008821264817E0244801F0F0FD6FF00A0956
:10A040000023EFF3118287F31288BFF36F8F82F33F
:10A050001188BFF36F8F42B91E491D48B02205F029
:10A0600046FA1C48B02105F039FA2C68A5420ED0FA
:10A070006CB12046FFF7E6FE04F1180001F0EAFE9D
:10A08000C4F89890204600F03DFD3346D9E7002201
:10A09000AA602BB141460C48BDE8F84301F01AB85C
:10A0A000094801F0A5FD40B90849094840F23112BC
:10A0B00005F01DFA40F23111BBE788F31188BFF3B8
:10A0C0006F8FBDE8F88300BFA85700206F9803008A
:10A0D0001488030080C103002DE9F043714E724FD4
:10A0E00085B00446EFF31188402383F31288BFF351
:10A0F0006F8F304601F06EFD40B96C496C48882284
:10A1000005F0F5F98821694805F0E8F9304601F0D5
:10A1100085FDD4F8E450F5B9022104F1FC0007F004
:10A1200033FB00283BD004F1F4050022012128462E
:10A1300001F030FC0028F8D1002302934FF0FF32E9
:10A140004FF0FF33CDE90023414604F1EC023046E5
:10A1500001F06CFCC6E7D4F8E8202B68C4F8E430C2
:10A16000954208BFC4F8E830D4F8FC3043F002034D
:10A17000C4F8FC30EB68D5F8049023F0040343F0F6
:10A180000103EB60304601F033FDD0B94749484840
:10A1900040F2311205F0ABF940F23111B3E7D4F8D7
:10A1A000FC30DD06C8D5C4F8FC003E4801F020FDB7
:10A1B0000028EBD088F31188BFF36F8F05B0BDE89E
:10A1C000F08388F31188BFF36F8FB9F1000F09D1C5
:10A1D0003849374840F2AB2205F089F9354840F25A
:10A1E000AB2191E72846C847EFF31188402383F35A
:10A1F0001288BFF36F8F304601F0ECFC00283FF46B
:10A200007CAF304601F00AFDEB68D90623F001026D
:10A2100031D4EA60EB689A0716D5386823F0020358
:10A22000EB6088B10368002170B14268954230D17B
:10A23000036841BB7A683B60824200D17B600023A7
:10A2400040F8083BFFF71CFED4F8FC3023F0020373
:10A25000C4F8FC303046C3F3002501F0C9FC0028E7
:10A2600094D088F31188BFF36F8F002D7FF43AAF3D
:10A2700001F082F836E723F01103EB6005F11000DE
:10A28000FFF7FEFDC6E70B607B68834208BF79607D
:10A29000D5E723B11A68014618461346C4E71A46A3
:10A2A000F9E700BFB4570020AC5700206F980300B7
:10A2B000148803000EC20300F8B5C3689A07044669
:10A2C0000F46C3F340063AD45B0726D40B680BB99C
:10A2D00083680B60E368DD0722D5A36853B9294979
:10A2E00029484FF4AA7205F002F926484FF4AA71E2
:10A2F00005F0F4F83B6002263D68002D3ED0234B6C
:10A300009A68D5F8E0309A420CD0D5F8FC30D807DE
:10A31000C3F3800216D46FF0120600233B6027E0DF
:10A320000126E9E707F052FAD5F8FC300028EED113
:10A33000D907C3F3C002EED552B15B0708D46FF062
:10A340000F06EAE7002AFAD1C3F3C003002BF6D1C7
:10A3500000232360D5F8E83063B9C5E939442846BD
:10A3600007F01DFAE36843F00403E3603B68A36071
:10A370003046F8BD1C60C5F8E840F0E76FF0150600
:10A38000CBE700BF0EC203001488030080570020F3
:10A3900073B50446EFF31185402383F31288BFF3AE
:10A3A0006F8F194801F016FC40B9184918488822E7
:10A3B00005F09DF88821154805F090F8124801F045
:10A3C0002DFC00230321201F0193A4F1100607F0A8
:10A3D000DBF928B1A369019301A93046FFF76CFFAF
:10A3E000094801F005FC40B90849094840F231121A
:10A3F00005F07DF840F23111DDE785F31188BFF3F8
:10A400006F8F02B070BD00BFB45700206F9803007B
:10A410001488030038B50D46044640B90B490C4872
:10A42000992205F064F89921084805F057F831B9E8
:10A43000064907489A2205F05AF89A21F4E71022B3
:10A44000002107F0ACFA656038BD00BF0EC2030002
:10A450001488030037B50C46019051B922492348AE
:10A460004FF4BD7205F043F84FF4BD711E4805F07E
:10A4700035F84B6843B91C491C4840F27B1205F083
:10A4800036F840F27B11F1E7EFF31185402383F3B7
:10A490001288BFF36F8F164801F09CFB38B915493D
:10A4A0001248882205F023F888211248DFE7104877
:10A4B00001F0B4FB204601A9FFF7FEFE04460C485C
:10A4C00001F096FB40B90B49084840F2311205F003
:10A4D0000EF840F23111E8E785F31188BFF36F8F72
:10A4E000204603B030BD00BF0EC203001488030035
:10A4F000B45700206F980300F0B589B004460E9D54
:10A5000050B92D492D4840F2F12204F0F0FF40F2FD
:10A51000F121294804F0E2FF41B92749274840F2D8
:10A52000F22204F0E4FF40F2F221F2E7D0F8FC005E
:10A5300010F0010008D02049204840F2F32204F036
:10A54000D6FF40F2F321E4E7C4E9390004F1EC005E
:10A55000C4E93B0004F1F400C4E93D0055B3287997
:10A56000002840F2011008BF0120C4F8FC000020C0
:10A570004FF0FF364FF0FF37CDE90330CDE9010052
:10A58000CDE906670E4B0094204600F025F955B141
:10A59000296811B1204600F0A7F86B791BB1237B25
:10A5A00043F001032373204601F026F8C4F8E0408D
:10A5B00009B0F0BD0120D8E70EC2030014880300E3
:10A5C000D9A0020038B50D46044650B90E490F48CF
:10A5D00040F2923204F08BFF40F292310A4804F0CC
:10A5E0007DFF41B90849094840F2933204F07FFFEA
:10A5F00040F29331F2E73022002107F0D0F94FF416
:10A6000080736560E36038BD0EC2030014880300E8
:10A61000F7B50C46019016461D4650B92D492E48F7
:10A6200040F20D4204F063FF40F20D41294804F06E
:10A6300055FF41B92749284840F20E4204F057FF20
:10A6400040F20E41F2E7EFF31187402383F31288C3
:10A65000BFF36F8F214801F0BDFA38B920491E4879
:10A66000882204F044FF88211D48E0E71B4801F0E0
:10A67000D5FAE36813F01E0F22D155EA060211D174
:10A68000204601A9FFF718FE0446144801F0B0FA6D
:10A69000C0B91349104840F2311204F028FF40F2CB
:10A6A0003111E1E743F00803E360019BA36204F189
:10A6B00010000C4932462B4601F002FB0124E4E76E
:10A6C0000024E2E787F31188BFF36F8F204603B0C1
:10A6D000F0BD00BF0EC2030014880300B457002071
:10A6E0006F98030091A3020010B5044608B9054B0A
:10A6F0009C681F2204F1600007F066F9002084F8CE
:10A700007F0010BD80570020F0B585B004460D9D38
:10A710000F9E0F2D46D12C48834247D1073222F09D
:10A720000702FF320E9F277304F1580022F07F02C8
:10A73000C4E91600042700207F2AC4E90600A060AF
:10A740006773A573E07301F1800EA2F1800C05D848
:10A7500080F31188BFF36F8F384602DF8D18002712
:10A760000C9AC4F88C70C4E921EC02920B9A019205
:10A770000A9A009220462A46F2F706FB676506B35E
:10A780001F22314604F1600007F01EF984F87F7043
:10A790000E4B9B680BB1D3F89030C4F8903028462C
:10A7A00005B0F0BD05F110001E28B7D908490948C9
:10A7B00040F2052204F09BFE054840F2052104F01A
:10A7C0008DFE84F86060E3E719990200805700204D
:10A7D0002FC2030014880300F0B587B0DDE91276BC
:10A7E0000446EFF3058555B11749184840F2922207
:10A7F00004F07DFE144840F2922104F06FFE0595AE
:10A80000109D04950F9D03950E9D02950D9D01953C
:10A810000C9D0095FFF778FFB6F1FF3F08BFB7F139
:10A82000FF3F05D056EA070305D1204600F0E4FEBD
:10A83000204607B0F0BD3A46334604F118000449FB
:10A8400001F03EFAF4E700BF2FC2030014880300B2
:10A850003D18030040F2011310B583810023C0E9C5
:10A860002133044601F094FD014B9C6010BD00BFF4
:10A87000805700200A4A93686FF00A01C3F89810C5
:10A880000849C3F894004B6843F080534B600023A1
:10A8900083F31188BFF36F8F9368D3F898007047E4
:10A8A0008057002000ED00E038B590F90D20437B83
:10A8B000002A014610DA03F07F034373184B9842D5
:10A8C00008D118491848562204F011FE154856219F
:10A8D00004F004FE06F082FF144D2A46AB6852F8DD
:10A8E0001C4F944200D004B9EC688B4210D03BB9A5
:10A8F0000F490D48D52204F0FAFD0D48D521E7E7B0
:10A900005A7BD20604D1DA897F2A01D9A2692AB1F9
:10A91000A34202D0204601F0E3F82346AB6138BDE4
:10A92000D02F002052C2030014880300805700205B
:10A9300074C2030008B5836843B9094909489922DC
:10A9400004F0D5FD0648992104F0C8FD06F046FF45
:10A95000437B23F0020343730023836008BD00BFE1
:10A9600080C103001488030070B590F90D20437B6B
:10A97000002A4BDBD90649D163F07F034373254B93
:10A98000984208D1244925484F2204F0B0FD2248BE
:10A990004F2104F0A3FD224C2246216A52F81C3FAD
:10A9A000934207D1C0E900210860206211E099427A
:10A9B000F8D01B68002BF5D090F90E5093F90E607B
:10A9C000B542F4D0AE42F2DD5968C0E9003108600A
:10A9D0005860E569954200D005B9E568A3683BB9C0
:10A9E00010490E48D52204F082FD0E48D521D0E74B
:10A9F0005A7BD20604D1DA897F2A01D9AA6932B1F9
:10AA0000AB4202D0284601F06BF8A56170BDA3618E
:10AA1000FCE700BFD02F002052C2030014880300BF
:10AA20008057002074C2030070B590F90D20437B5D
:10AA30002F4C002A01460FDA03F07F03A042437334
:10AA400008D12C492C48562204F051FD56212948A2
:10AA500004F044FD06F0C2FE4B7BA14263F07F038D
:10AA60004B7306D1234924484F2204F040FD4F2167
:10AA7000EDE7224C2246206A52F81C3F934207D150
:10AA8000C1E900200160216211E09842F8D01B6802
:10AA9000002BF5D091F90E5093F90E60B542F4D029
:10AAA000AE42F2DD5868C1E9003001605960E569E5
:10AAB000A368954200D005B9E5688B4210D03BB938
:10AAC0000F490D48D52204F012FD0D48D521BFE7EE
:10AAD0005A7BD20604D1DA897F2A01D9AA692AB120
:10AAE000AB4202D0284600F0FBFF2B46A36170BDAD
:10AAF000D02F002052C2030014880300805700208A
:10AB000074C2030038B50446EFF31185402383F384
:10AB10001288BFF36F8F124801F05CF840B91149F9
:10AB20001148882204F0E3FC88210E4804F0D6FC8A
:10AB30000B4801F073F82046FFF716FF084801F0B4
:10AB400057F840B90749084840F2311204F0CFFCE9
:10AB500040F23111E9E785F31188BFF36F8F38BDFB
:10AB6000B85700206F98030014880300F8B5644DAF
:10AB7000AE68864204464ED1EFF30583002B4AD1DE
:10AB8000EFF31187402383F31288BFF36F8F5D4883
:10AB900001F020F838B95C495C48882204F0A7FC31
:10ABA0008821594812E0574801F038F8737B03F0C8
:10ABB0007F0343F010037373554B9E4208D15549F0
:10ABC0005248562204F093FC5248562104F086FC69
:10ABD000304606F003FE2B4653F81C4F9C4200D033
:10ABE00004B9EC68AB689C4202D0204600F078FFC4
:10ABF0004448AC6100F0FCFF40B94349434840F28F
:10AC00006B1204F074FC40F26B11CAE73846BDE8E1
:10AC1000F840FFF72FBEEFF31186402383F312882D
:10AC2000BFF36F8F374800F0D5FF0028B3D0354809
:10AC300000F0F4FF637BDA060DD5324800F0D8FF50
:10AC4000002858D13049314840F2311204F04FFC0D
:10AC500040F23111A5E7D90943F010023ED16273E9
:10AC6000EF692D4B9F4200D007B9EF68AB68BB423C
:10AC700002D0384600F034FFAB68AF619C42DCD1B3
:10AC8000EFF30585002DD8D1237BDB071FD51D48A9
:10AC900000F0AEFF0028D5D086F31188BFF36F8F88
:10ACA00085F31188BFF36F8F0423184602DFEFF39B
:10ACB0001186402383F31288BFF36F8F114800F091
:10ACC00089FF00283FF467AF0E4800F0A7FF0D484A
:10ACD00000F08EFF002890D0304698E703F07F0305
:10ACE00043F0100363730A4B9C423FF468AF204665
:10ACF00006F074FDB4E786F31188BFF36F8FF8BDDB
:10AD000080570020B85700206F9803001488030074
:10AD1000D02F002052C203009C57002038B50446B3
:10AD2000EFF31185402383F31288BFF36F8F13482D
:10AD300000F050FF40B912491248882204F0D7FBB6
:10AD400088210F4804F0CAFB0C4800F067FFA36895
:10AD500013B12046FFF7EEFD084800F049FF40B967
:10AD60000749084840F2311204F0C1FB40F23111AA
:10AD7000E7E785F31188BFF36F8F38BDB857002020
:10AD80006F9803001488030038B50446EFF311856B
:10AD9000402383F31288BFF36F8F194800F01AFF26
:10ADA00040B918491848882204F0A1FB88211548A9
:10ADB00004F094FB124800F031FF637B13F0280F7E
:10ADC0000BD1A36813B12046FFF7B4FD637B23F0DA
:10ADD000040363732046FFF7C7FD094800F008FF2E
:10ADE00040B90849084840F2311204F080FB40F2B3
:10ADF0003111DCE785F31188BFF36F8F38BD00BFD9
:10AE0000B85700206F980300148803002DE9F0471D
:10AE1000DFF8C8A02B4F2C4B1646B842DAF80820B2
:10AE20001A60DDE9089804460D460AD127492848EA
:10AE300040F2722204F05BFB244840F2722104F0DD
:10AE40004DFBEFF31183402383F31288BFF36F8F21
:10AE5000384600F0BFFE38B91E491D48882204F06C
:10AE600046FB88211B48EAE7384600F0D7FEDAF8AF
:10AE700008703146384606F0B9FCB8F1FF3F08BF0C
:10AE8000B9F1FF3F06D014494A46434607F118007E
:10AE900000F016FF204600F0ABFE40B90D490C480B
:10AEA00040F26B1204F023FB40F26B11DAE7054825
:10AEB00000F09EFE0028F1D02846BDE8F047FFF7DD
:10AEC000D9BC00BFB8570020BC57002052C20300B5
:10AED000148803006F9803003D180300805700207A
:10AEE00070B50546EFF31186402383F31288BFF354
:10AEF0006F8F164800F06EFE40B91549154888223C
:10AF000004F0F5FA8821124804F0E8FA0F4800F03E
:10AF100085FE2C68A54210D014B12046FFF70AFD2B
:10AF20000A4800F065FE50B909490A4840F231125A
:10AF300004F0DDFA40F23111E5E70024F0E786F392
:10AF40001188BFF36F8F204670BD00BFB857002037
:10AF50006F980300148803002DE9F04104460D4664
:10AF6000EFF31187402383F31288BFF36F8F5248AA
:10AF700000F030FE38B951495148882204F0B7FA40
:10AF800088214E4817E04C4800F048FE637B03F0F0
:10AF90001F02002A0CBF0126002657D103F07F03B1
:10AFA0006373484B9C4208D147494548562204F0F8
:10AFB0009EFA4548562104F091FA204606F00EFC10
:10AFC000DFF80C81637B424663F07F036DB2A573AB
:10AFD000637352F81C3F934235D1D8F82010C4E96E
:10AFE00000210C60C8F820400FE09942F7D01B68A0
:10AFF000002BF4D093F90E008542F6D0A842F4DD80
:10B000005968C4E900310C605C60D8F81C40944277
:10B0100000D00CB9D8F80C40D8F808309C4202D0C7
:10B02000204600F05DFDC8F81840234800F0E0FD20
:10B03000002839D12149224840F2311204F057FA50
:10B0400040F231119DE7D8F82010D1E79B0729D5B0
:10B05000A16839B91D491A48992204F048FA1B48D9
:10B060009921A8E720466DB206F0B8FBA5730B68DE
:10B07000994209D14B68C4E900131C604C60D4E7C5
:10B080004A689342F6D01B68002BF3D093F90E2048
:10B090009542F5D0AA42F3DD5A68C4E90032146043
:10B0A0005C60C2E7A573C0E787F31188BFF36F8FB9
:10B0B0003046BDE8F08100BFB85700206F9803000C
:10B0C00014880300D02F002052C2030080C1030067
:10B0D0008057002038B503460C46D1B9EFF30585FB
:10B0E000BDB9154A91699268914212D000F080FD75
:10B0F00050B91249124840F26B1204F0F8F940F2CC
:10B100006B110E4804F0EAF92846BDE83840FFF715
:10B11000B1BB184600F06CFD40B90849084840F240
:10B12000311204F0E4F940F23111EAE784F31188B6
:10B13000BFF36F8F38BD00BF805700206F980300AA
:10B140001488030038B50446EFF31185402383F3D8
:10B150001288BFF36F8F184800F03CFD40B91749C3
:10B160001748882204F0C3F98821144804F0B6F97E
:10B17000114800F053FD637BDA0611D40E4800F04D
:10B1800037FD40B90D490E4840F2311204F0AFF9D5
:10B1900040F23111E9E785F31188BFF36F8F38BDB5
:10B1A00023F0100320466373FFF7DEFB29460248B5
:10B1B000BDE83840FFF78EBFB85700206F980300F6
:10B1C00014880300034648B9EFF3058232B9064AF2
:10B1D00091699268914201D0FFF74CBB83F31188CB
:10B1E000BFF36F8F704700BF8057002010B5EFF39B
:10B1F0001184402383F31288BFF36F8F1D4800F042
:10B20000E9FC38B91C491D48882204F070F98821EE
:10B2100019480CE0174800F001FDEFF3058343B136
:10B22000174916488F2204F062F98F21144804F060
:10B2300055F9144B9A68D37B012B06D110490F485E
:10B24000902204F054F99021F0E7013BD3730948B0
:10B2500000F0CEFC40B90849084840F2311204F031
:10B2600046F940F23111D3E784F31188BFF36F8FB1
:10B2700010BD00BFB85700206F980300148803006A
:10B2800080C103008057002070B5EFF31186402382
:10B2900083F31288BFF36F8F2E4800F09BFC38B900
:10B2A0002D492E48882204F022F988212A480FE0EF
:10B2B0002B4D284800F0B2FCAB68DA7B52B9294923
:10B2C000264840F20D3204F012F940F20D312548C3
:10B2D00004F004F9EFF3058141B122491F4840F21F
:10B2E0000E3204F004F940F20E31F0E70132DA7365
:10B2F0002A4652F81C4F944200D004B9EC685A7B9D
:10B30000D20604D1DA897F2A01D9A2692AB1A342DF
:10B3100002D0204600F0E4FB23460E48AB6100F06B
:10B3200067FC40B90C490D4840F2311204F0DFF8D7
:10B3300040F23111BAE786F31188BFF36F8FEFF354
:10B340001180402383F31288BFF36F8FBDE87040F4
:10B35000FFF738BFB85700206F9803001488030028
:10B360008057002052C20300024B03F11C02C3E9C4
:10B37000072270478057002070B5EFF3058353B163
:10B380003249334840F2244204F0B1F82F4840F2E9
:10B39000244104F0A3F8EFF31186402383F31288CD
:10B3A000BFF36F8F2B4800F015FC38B92A492848A5
:10B3B000882204F09CF888212748EAE7274C254892
:10B3C00000F02CFCA168206A0B68814214BF1A4669
:10B3D000002249680B605960A368216A2AB9204A93
:10B3E000C3E900210B6023620CE093F90E0092F98F
:10B3F0000E50A84220D085421EDD5168C3E90021CD
:10B400000B605360E569164B9D4200D005B9E568B5
:10B41000A3689D4202D0284600F062FB0D48A5615A
:10B4200000F0E6FB60B90C49094840F26B1204F0E9
:10B430005EF840F26B11BFE78A42D0D01268CDE7C8
:10B440003046BDE87040FFF715BA00BF52C2030096
:10B4500014880300B85700206F980300805700201D
:10B460009C5700202DE9F04106460C46EFF3058776
:10B4700057B12D492D4840F23C4204F038F82A4893
:10B4800040F23C4104F02AF850EA010304D1FFF7EE
:10B4900073FF0020BDE8F081EFF31188402383F3B0
:10B4A0001288BFF36F8F224800F094FB38B921490E
:10B4B0001E48882204F01BF888211E48E2E71E4D32
:10B4C0001B4800F0ABFB1D4BA8681860FFF7ECF9B8
:10B4D000A8681B4923463246183000F0F1FBAA68E1
:10B4E000537B43F0040304465373114800F080FB80
:10B4F00040B910490D4840F26B1203F0F8FF40F2DA
:10B500006B11DAE74046FFF7B5F9AB68D3E90A23D8
:10B51000B3F1004F08BFBA42BBD106F0C8F9201AF8
:10B5200020EAE070B6E700BF52C2030014880300AF
:10B53000B85700206F98030080570020BC570020A8
:10B540003D18030070B504460E46EFF3058555B16E
:10B550001849194840F2664203F0C9FF154840F205
:10B56000664103F0BBFFFFF77DFFB6F1FF3F08BF69
:10B57000B4F1FF3F0246204616D047F6FF704FF465
:10B580007A7403462946C2FB0431B3F5004F71F1CA
:10B5900000020AD36FF400429A4243F6FF728A41D6
:10B5A00005D3D80B40EA414070BD2846FCE76FF058
:10B5B0000040F9E752C20300148803000C490D4A09
:10B5C00038B500244FF400458C462146C0FB05C128
:10B5D00000236046D5F710FCC117FFF743FF054A6B
:10B5E00047F6FF73C0FB0234DB0B43EA444038BD2F
:10B5F0003F420F0040420F0038B50446EFF311857B
:10B60000402383F31288BFF36F8F1B4800F0E2FAE8
:10B6100040B91A491A48882203F069FF882117485F
:10B6200003F05CFF144800F0F9FA637B5B0710D568
:10B6300004F1180000F00EFC637B23F004032046A5
:10B640006373FFF791F929460B48BDE83840FFF7CF
:10B6500041BD094800F0CCFA40B90849084840F219
:10B66000311203F044FF40F23111D8E785F311881D
:10B67000BFF36F8F38BD00BFB85700206F9803002D
:10B6800014880300014B9868704700BF8057002062
:10B690002DE9F8430446077BEFF31185402383F33C
:10B6A0001288BFF36F8F704800F094FA40B96F4969
:10B6B0006F48882203F01BFF88216C4803F00EFFBF
:10B6C000694800F0ABFA637B190712D5664800F0B1
:10B6D0008FFA40B96549664840F2311203F007FF1E
:10B6E00040F23111E9E785F31188BFF36F8FBDE8B0
:10B6F000F883D90943F008027DD16273A36813B1BE
:10B700002046FFF717F904F1180000F0A3FBA66D1F
:10B7100004F15808B04511D04FF0000976B1304619
:10B72000FFF708F906F1180000F094FBC6F89890AE
:10B730003046FFF719F9A66DB045EFD1DFF8448127
:10B74000D8F808309C426AD1EFF30589B9F10009B5
:10B7500018BF4FF00109D8F81C60464A964200D045
:10B760000EB9D8F80C60B34202D0304600F0B8F9F8
:10B770002046C8F81860F1F769FBB9F1000F02D054
:10B780003D48FFF767F8D8F808309C4256D1EFF3F0
:10B790000586002E52D1237BDA071FD5324800F0F0
:10B7A00027FA002896D085F31188BFF36F8F86F3B0
:10B7B0001188BFF36F8F0423184602DFEFF3118562
:10B7C000402383F31288BFF36F8F274800F002FAFB
:10B7D00000283FF46CAF244800F020FA224800F023
:10B7E00007FAF8B92149224840F26B1203F07FFEB4
:10B7F00040F26B1161E703F07F0343F008036373CA
:10B800001E4B9C4207D11E491948562203F06FFE79
:10B8100056211B4852E7204605F0E0FF6EE74FF047
:10B82000000998E72846FFF725F8154910484FF416
:10B83000DD7203F05CFE4FF4DD71EAE70A4800F0C8
:10B84000D7F900283FF446AF85F31188BFF36F8F17
:10B85000FB077FF54CAF0A49054840F23D5203F023
:10B8600046FE40F23D51D4E7B85700206F980300E0
:10B87000148803009C57002090310020D02F002016
:10B8800052C20300805700202DE9F04104461646BD
:10B890001D46EFF31187402383F31288BFF36F8FA8
:10B8A000364800F097F938B935493648882203F010
:10B8B0001EFE882132481FE0304800F0AFF9637B5C
:10B8C0001B073FD455EA06034AD0DFF8C480D8F8F6
:10B8D0000800A04247D0A26800F158039A4242D023
:10B8E000EFF3058353B12849264840F25F5203F035
:10B8F000FEFD254840F25F5103F0F0FD04F15801D0
:10B9000005F074FFB5F1FF3F08BFB6F1FF3F07D068
:10B91000D8F808001D4932462B46183000F0D0F9FF
:10B92000164800F065F940B91549164840F26B1207
:10B9300003F0DDFD40F26B11BCE73846BDE8F04195
:10B94000FEF798BF00240D4800F052F970B90C4979
:10B950000C4840F2311203F0CAFD40F23111A9E760
:10B960006FF00F04EFE76FF02C04ECE787F311881A
:10B97000BFF36F8F2046BDE8F08100BFB8570020AD
:10B980006F9803001488030052C203003D1803009F
:10B99000805700202DE9F843064688461746EFF306
:10B9A0001189402383F31288BFF36F8F1C4800F086
:10B9B00011F9054640B91B491B48882203F097FD41
:10B9C0008821184803F08AFD154800F027F93468EB
:10B9D000A6421AD0DCB12046C4F898802761FEF751
:10B9E000A9FF04F1180000F035FA2046FEF7BCFF6D
:10B9F0000B4800F0FDF860B90A490B4840F23112DB
:10BA000003F075FD40F23111DBE70025F0E7254634
:10BA1000EEE789F31188BFF36F8F2846BDE8F883FE
:10BA2000B85700206F98030014880300D3B5DDE9F0
:10BA30000667089CCDE90067FFF7E8F91CB1034BE6
:10BA40009B681B69236002B0D0BD00BF80570020F7
:10BA500008B568B10E4B98420AD303F11802904220
:10BA600006D2C01A1822B0FBF2F302FB130343B153
:10BA700008490948382203F03AFD0648382103F006
:10BA80002DFD064BC0105843054B01221A5408BD2A
:10BA900070320020A0C2030014880300ABAAAAAA37
:10BAA000DD620020C3897F2B12D80A4B1B6863B16B
:10BAB000094B90F90E201B689A4209DB437BDB0699
:10BAC00006D1064BC31A18BF012303F001007047CB
:10BAD0000023FAE7680B0020C0570020D02F002079
:10BAE00070B50E4B0E4C1E7C06EB460304EBC304F4
:10BAF0000546204600F0AEF90A4B002228469A552A
:10BB0000FFF7D0FF48B1084B08491A68013A2046B0
:10BB1000D317BDE8704000F0D3B870BD8057002047
:10BB200070320020DD620020680B002051BA020054
:10BB300038B5EFF31185402383F31288BFF36F8F7D
:10BB40001E4800F047F840B91D491E48882203F0FE
:10BB5000CEFC88211A4803F0C1FC184800F05EF8BA
:10BB6000194B1A4A9C681068A0420ED1FFF7B8FF23
:10BB7000124800F03DF8E0B91149124840F2311284
:10BB800003F0B5FC40F23111E4E700211B7C1160A9
:10BB90000F4AD35C002BEBD02046FFF783FF002831
:10BBA000E6D0637BDB0602D12046FEF73DFF204650
:10BBB000DCE785F31188BFF36F8F38BDB8570020DD
:10BBC0006F9803001488030080570020BC570020A2
:10BBD000DD620020006838B1044B1B7C00F00300DC
:10BBE000C01A18BF012070470120704780570020FD
:10BBF000002302680360EFF30581074B19B19968D0
:10BC0000497BC90706D4197C98680843831A5842AF
:10BC1000584170470120704780570020024B1A7C22
:10BC20009B68134303607047805700200748084A09
:10BC3000084908B5121A05F04AFD0748074A08499D
:10BC4000BDE80840121A05F042BD00BF0005002003
:10BC5000A00F002084C40300B804002000050020C9
:10BC60003CC40300024B1868984208BF002070478C
:10BC70006C0B0020034B1B680BB9F7F729BD0020A4
:10BC8000704700BFC457002030B570B10B4B5B68E4
:10BC900098420AD0036843B1D3E90421D0E90445AE
:10BCA000121941EB0501C3E90421D0E90032136008
:10BCB0005A600023C0E9003330BD00BF6C0B002088
:10BCC000B3F1FF3F08BFB2F1FF3F2DE9F74F044644
:10BCD00090469B4615461F4600F0AA80D0F800907B
:10BCE000B9F1000F08D054495448722203F0FFFB09
:10BCF0005148722103F0F2FB8160EFF3118301934D
:10BD0000402383F31288BFF36F8F4D48FFF762FF24
:10BD1000824638B94B494948882203F0E8FB88211C
:10BD20004848E7E74648FFF779FFB8F1FF3F7BF166
:10BD3000FF33454A1FDBFFF79DFF434A0135D2E938
:10BD400000174BF1000B2D184BEBE073C4E90453C3
:10BD50006D18064643EB0707FFF784FFDFF8F0E0B6
:10BD6000DEF804900346F3B9C4E900E9C9F80040DD
:10BD7000CEF8044029E0D2E900126FF001035B1A0B
:10BD80004FF0FF3161EB0202B3EB080362EB0B02F1
:10BD9000012B72F10001BCBF01234A46C4E9043201
:10BDA0004FF0000AD8E7D3E9041CD4E904208A4202
:10BDB00070EB0C0B29DA891A5A686CEB0000C3E9A6
:10BDC0000410C4E9003214605C60FFF74BFF84424A
:10BDD0000ED11E4B1B685BB9BAF1000F02D1FFF701
:10BDE00049FF0646304605F04BFD0021F7F74AFCB7
:10BDF0001348FFF7FDFE88B91249104840F231128E
:10BE000003F075FB40F231118AE7521A60EB0C0027
:10BE10009945C4E90420A7D01B68A4E7019B83F3DC
:10BE20001188BFF36F8F2846394603B0BDE8F08F05
:10BE300000252F46F7E700BFC8C20300148803009F
:10BE4000C85700206F98030088320020C457002094
:10BE50006C0B002070B50446EFF31186402383F38A
:10BE60001288BFF36F8F1E48FFF7B4FE40B91D491B
:10BE70001D48882203F03BFB88211A4803F02EFB63
:10BE80001748FFF7CBFE23680BB3FFF7EBFE054621
:10BE90002046FFF7F9FE00224FF00043A542C4E917
:10BEA000042306D1FFF7E6FE05F0EAFC0021F7F7D0
:10BEB000E9FB00240A48FFF79BFE58B909490A48E4
:10BEC00040F2311203F013FB40F23111D5E76FF06D
:10BED0001504EFE786F31188BFF36F8F204670BD1E
:10BEE000C85700206F980300148803002DE9F04D17
:10BEF0000446EFF31186402383F31288BFF36F8F5C
:10BF00003E48FFF767FE40B93D493E48882203F0AE
:10BF1000EEFA88213A4803F0E1FADFF8F08037487A
:10BF2000394FFFF77BFEC8F80040FFF79BFE4FF04C
:10BF3000000A04464FF0000BD8F80030D7E9001C87
:10BF4000D81754B1D4E90452AB4270EB020E1EDA9A
:10BF5000ED1A62EB0002C4E904525B184CEB0000DE
:10BF60000024C7E900302046C8F8004005F088FCEE
:10BF70002146F7F787FB2148FFF73AFEA8B186F381
:10BF80001188BFF36F8FBDE8F04DFFF7D1BD691881
:10BF90004CEBE5732046C4E904ABC7E90013FFF797
:10BFA00073FE1648FFF724FE40B91549154840F2C4
:10BFB000311203F09CFA40F23111ABE786F311889D
:10BFC000BFF36F8FA36820469847EFF31186402395
:10BFD00083F31288BFF36F8F0848FFF7FBFD00283B
:10BFE00092D00648FFF71AFED8F800305B1BC8F85D
:10BFF0000030FFF737FE04469EE700BFC857002019
:10C000006F9803001488030088320020C457002072
:10C0100070B5EFF31186402383F31288BFF36F8F5F
:10C020001548FFF7D7FD40B914491548882203F099
:10C030005EFA8821114803F051FA0F48FFF7EEFD30
:10C04000FFF718FE0F4AD2E90045041945EBE075E9
:10C050000948FFF7CDFD40B90849094840F23112BF
:10C0600003F045FA40F23111E4E786F31188BFF39B
:10C070006F8F2046294670BDC85700206F98030077
:10C080001488030088320020F8B50446EFF31187C6
:10C09000402383F31288BFF36F8F4A48FFF79AFD5E
:10C0A00040B949494948882203F021FA8821464885
:10C0B00003F014FA4348FFF7B1FD22686AB1414822
:10C0C000FFF796FD002878D13F49404840F23112F1
:10C0D00003F00DFA40F23111E9E7D4E90A36581CB1
:10C0E00046F10001022871F1000127D3012B76F1FE
:10C0F0000001BCBF012316465D1E46F1FF3605F068
:10C10000DAFB013041F10001401946EB0101012841
:10C1100071F100014CDB05F0CEFB013041F1000173
:10C120006FF00102401946EB0103121A4FF0FF3184
:10C1300061EB030326492046FFF7C2FD236B013361
:10C140002363236AD3B11F48FFF752FD0028BBD0F9
:10C1500087F31188BFF36F8F236A20469847EFF368
:10C160001187402383F31288BFF36F8F1548FFF7C1
:10C1700031FD002895D01348FFF750FD54F8185FA3
:10C18000A5429CD0002D9AD02846FEF7C7FD00237B
:10C190000C48C5F89830FFF72BFD002894D087F3A2
:10C1A0001188BFF36F8F2846BDE8F840FEF7AABCA0
:10C1B0006FF001024FF0FF33BCE787F31188BFF344
:10C1C0006F8FF8BDCC5700206F98030014880300D0
:10C1D00089C002002DE9F843064614461D469146E3
:10C1E0009846EFF31187402383F31288BFF36F8FD4
:10C1F0002348FFF7EFFC40B922492348882203F087
:10C2000076F988211F4803F069F91D48FFF706FDFC
:10C21000B5F1FF3F08BFB4F1FF3F0CD11848FFF75D
:10C22000E7FC38BB1749184840F2311203F05FF9B8
:10C2300040F23111E6E7631C75F1FF330ADB012C94
:10C2400075F100032246BCBF0122002512F1FF391F
:10C2500045F1FF383046FFF7FDFDDDE90823C6E96B
:10C260000A23002333634A46434630460749FFF713
:10C2700027FDD3E787F31188BFF36F8FBDE8F883FD
:10C28000CC5700206F9803001488030089C0020077
:10C290002DE9F84F4F1E0F4206460D469A4607D02D
:10C2A00025492648172203F022F91721224817E0D2
:10C2B000141D3ED241F0040B00F11408EFF3118974
:10C2C000402383F31288BFF36F8F4046FFF782FC51
:10C2D00040B91B491948882203F009F988211848F8
:10C2E00003F0FCF84046FFF799FC224659463046D9
:10C2F000D04704464046FFF77BFC40B910490F4841
:10C3000040F2311203F0F3F840F23111E7E789F31C
:10C310001188BFF36F8F64B1204640F8046B4DB1B4
:10C32000384207D004490548342203F0E0F83421AC
:10C33000BCE70020BDE8F88FECC2030014880300BE
:10C340006F9803002DE9F04105460E46174605F0AB
:10C350003DFA30B9074B9B68D3F8904014B9BDE85B
:10C36000F081054C3B46324629462046BDE8F04167
:10C37000FFF78EBF80570020680D00200246024B59
:10C3800002480021FFF784BF2BF30200680D002054
:10C39000014BC0F890307047680D00200146024AFA
:10C3A0000020FFF7CFBF00BF2BF3020038B50B4CC6
:10C3B0000B4DAC420FD90B490B481A2203F097F8EA
:10C3C00008481A2103F08AF8D4E90112204605F042
:10C3D000A3FA1834EDE7F7D3002038BD680D00202C
:10C3E000800D002010C3030014880300F8B5044634
:10C3F0000E4600F11405EFF31187402383F31288F2
:10C40000BFF36F8F2846FFF7E5FB40B91649174881
:10C41000882203F06CF88821134803F05FF828465F
:10C42000FFF7FCFB20463146EBF77EF804F10C00E9
:10C4300005F012FA28B139462846BDE8F840FEF763
:10C4400049BE2846FFF7D4FB40B90749074840F2E8
:10C45000311203F04CF840F23111DDE787F3118817
:10C46000BFF36F8FF8BD00BF6F98030014880300FF
:10C4700007B5074B0093074907484FF0FF334FF4C8
:10C480008072FEF739F8002003B05DF804FB00BFAE
:10C4900050390300809D00209032002010B50A4CD6
:10C4A00023681BB101232360002010BD00F0E8F8D1
:10C4B0000028F7D00138062803D8044B53F8200091
:10C4C00010BD034810BD00BFD057002058390300ED
:10C4D000FE8FFFFFBFF34F8F0549064BCA6802F47A
:10C4E000E0621343CB60BFF34F8F00BFFDE700BF97
:10C4F00000ED00E00400FA0510B40A4B0A490B4CA9
:10C500004FF0FE32C3F800244968C3F80424C3F88E
:10C510000824C3F80C240023C4F800355DF8044B4C
:10C52000084700BF00B00250740B002000A002506A
:10C53000D0E90012014BC3E900127047740B0020D0
:10C5400010B5044650B1636813F0685F05D0064A21
:10C55000934202D000232360626010BD034B044865
:10C560005B689847EFE700BF2C5F5CA9740B002065
:10C5700074390300C8B143680D4A934213D013F0D5
:10C58000685F0ED0012350E8002F194640E8001CD8
:10C590009CF0000FF7D1012AF5D0BFF35F8F002088
:10C5A000704704487047044870476FF4E040704794
:10C5B0002C5F5CA9E98FFFFFEA8FFFFF80B1436822
:10C5C000094A93420AD013F0685F05D0BFF35F8F2A
:10C5D00000230360184670470448704704487047BA
:10C5E0006FF4E040704700BF2C5F5CA9E98FFFFF4C
:10C5F000EA8FFFFF10B5044620B1044B63600022B0
:10C60000226010BD0248FFF777FFF6E73A00003AD4
:10C610009C39030070B5D0E90023154C154D6360BB
:10C62000D0E90230C4E90230226048680E68124B3B
:10C63000C3E90060D5F818018E689E6010F0685F4D
:10C64000CE680969DE60196110D00C49C5F8BC11CB
:10C650000023C5E9453105F58A70C5F8B831904722
:10C66000236805F5DC70BDE87040184770BD00BF59
:10C67000900B0020E85700207C0B00202C5F5CA969
:10C6800038B500F02FF820B1032400F063F82046FD
:10C6900038BD00F031F898B900F0ACF898B90F4DFA
:10C6A000D5F828391B0EF02B08D1D5F8242A0C4BCD
:10C6B0009A420AD0072400F017F8E6E70624FAE7C2
:10C6C0000424204638BD0024F5E7012000F092F84C
:10C6D00004460028F7D1C5F80C0AD8E700B002508C
:10C6E0000000E0200020704700207047014BC3F895
:10C6F000040A704700B0025010B5114800F048F825
:10C7000000B110BD0F4800F043F80028F9D10E4CDD
:10C71000204600F03DF80028F3D10C4B0C481C607B
:10C7200000F036F801460028EBD100F02DF8044661
:10C7300008B1204610BD00F03FF82046FAE700BFE0
:10C74000D00B0020CC0B0020C80B0020C00B002019
:10C75000C40B002008B5084800F024F8074800F092
:10C7600021F8074800F01EF8064800F01BF8BDE865
:10C77000084000F00BB800BFD00B0020CC0B00200D
:10C78000C80B0020C40B002000207047704700BF7A
:10C7900008B5034B02681B6810689847002008BD65
:10C7A000900B002008B5034B02685B68106898473F
:10C7B000002008BD900B002070B5094C094D206980
:10C7C000AB68984718B1084B08485B689847084A17
:10C7D000EB68206900211160BDE87040184700BF78
:10C7E0007C0B0020900B0020740B0020C03903004C
:10C7F000E4570020F8B51A4D1A4E0446B26828696D
:10C800009047E8B9184F3B684CB1A3B1012B19D040
:10C81000013B3B602869F36898470020F8BD43B9A5
:10C82000124A0121C2F800151149D1F81029002A35
:10C83000FBD101333B60F368286998470020F8BDBD
:10C840000C48F8BD0A4AD2F81039002BFBD1074A30
:10C850006FF07E40C2F80035FFF748FF3B68D7E72E
:10C860007C0B0020900B0020E457002000A0025019
:10C8700000B00250E98FFFFF2DE9F04F85B09046E0
:10C88000464A029089461E460D462B4615F8014B36
:10C89000175D17F00807F8D12D2C41D12C7801270E
:10C8A0009D1C002E41D1302C4CD00A2607F1004AA5
:10C8B00007F1FF3B0AF1FF3AF3173246584651465B
:10C8C0000393D4F799FA019200228E4684461146CA
:10C8D0001046A4F13003092B05D9A4F14103192B0B
:10C8E00037D8A4F137039E423DDD541C15D0844552
:10C8F0007EEB010234D38E4508BF844502D1019AF4
:10C900009A422DDB039A714300FB0211A6FB000241
:10C910000A44181842EBE371012215F8014BD8E7DD
:10C920002B2C04BF2C789D1CBBE7102EBED1302CC5
:10C93000BCD12B7803F0DF03582BB7D16C781026CD
:10C940000235B3E72B7803F0DF03582BF6D0082627
:10C95000ACE7A4F16103192B05D8A4F15703C2E792
:10C960004FF0FF32D9E7531C0AD1029A22231360F9
:10C9700058465146B8F1000F0AD105B0BDE8F08F16
:10C9800017B1404261EB4101B8F1000FF5D00AB197
:10C9900005F1FF39C8F80090EFE700BF3CC3030082
:10C9A00013460A46014602480068FFF765BF00BF0C
:10C9B000D40B00202DE9F74F91464A4A01908A4650
:10C9C0001E460D462B4615F8014B175D17F008075C
:10C9D000F8D12D2C42D12C7801279D1C002E42D15C
:10C9E000302C4DD00A264FEAE67B32465B464FF0AC
:10C9F000FF304FF0FF31D4F7FFF932460090884600
:10CA00005B464FF0FF304FF0FF31D4F7F5F90023CC
:10CA100018461946A4F1300CBCF1090F37D864460A
:10CA2000A64245DDB3F1FF3F15D0009B834278EB72
:10CA300001033AD3009B884508BF834201D1A2423B
:10CA400033DB714300FB0B11A6FB000319442018D4
:10CA500041EBE471012315F8014BDBE72B2C04BFFC
:10CA60002C789D1CBAE7102EBDD1302CBBD12B7871
:10CA700003F0DF03582BB6D16C7810260235B2E7ED
:10CA80002B7803F0DF03582BF6D00826ABE7A4F190
:10CA9000410CBCF1190F01D8373CC1E7A4F1610C7E
:10CAA000BCF1190F04D8573CBAE74FF0FF33D2E777
:10CAB0005A1C0AD1019922220A6018461946B9F176
:10CAC000000F0AD103B0BDE8F08F17B1404261EB0F
:10CAD0004101B9F1000FF5D00BB105F1FF3AC9F8EA
:10CAE00000A0EFE73CC3030013460A460146024894
:10CAF0000068FFF75FBF00BFD40B002038B510EE11
:10CB0000105A25F00044B4F1A14FF0EE407A10D352
:10CB1000B4F1FF4F04D970EE007AB0EE670A38BD69
:10CB2000DFED4D7A9FED4D7A002DC8BFF0EE477ACC
:10CB3000F3E74B4B9C4210D8B4F1445F0AD29FED0F
:10CB4000497A30EE077AF7EE006AB4EEE67AF1EE53
:10CB500010FAE2DC4FF0FF3313E004F054FF424BD5
:10CB60009C424FD8A3F5D0039C4241D8F0EE007A06
:10CB7000BFEE007AA0EE277A002330EE270AC7EE38
:10CB8000007A5A1C27EEA76A9FED387ADFED385AF3
:10CB90009FED385A66EE066AE6EE875A9FED367AC2
:10CBA000A5EEA67ADFED355AE7EE265A9FED347AE8
:10CBB000A5EEA67ADFED335AE7EE265A9FED327ADC
:10CBC000A6EE875A9FED317AA5EE267A9FED305A70
:10CBD000A7EE265A9FED2F7AA5EE267A27EE267A23
:10CBE000A5EE867A27EE877A21D177EEC77A94E789
:10CBF000F7EE007A30EE677A30EE270A0123C7EEAF
:10CC0000007ABEE7244B9C420BD8F7EE087AB7EEC9
:10CC1000007AA0EE277A022370EE676AC6EE877A62
:10CC2000AFE7BFEE007AC7EE007A0323A9E71B4AFD
:10CC30001B4902EB830201EB8303D3ED006A37EE5D
:10CC4000667A002D37EE677AD2ED007A77EEC77AF2
:10CC5000B8BFF1EE677A60E7DB0FC9BFDB0FC93FF2
:10CC6000FFFFDF3ECAF24971FFFF973FD769853C5E
:10CC700059DA4B3D6BF16EBD356B883D6E2EBA3D7A
:10CC80002549123EABAAAA3E21A215BD95879DBD9E
:10CC9000388EE3BDCDCC4CBEFFFF1B40F039030006
:10CCA000E039030010EE103A07B5124A23F00043B2
:10CCB000934207D8DFED100A012003B05DF804EBC2
:10CCC00000F0E0BEB3F1FF4F04D330EE400A03B0F2
:10CCD0005DF804FB684600F027FB400000F002000E
:10CCE000DDED010A9DED000AC0F1010000F0CAFE71
:10CCF000EDE700BFDA0F493F0000000038B52DED29
:10CD0000028B55EC104BD8F747FF164BB0EE408A1C
:10CD1000F0EE608A93F9003001331CD022462B4696
:10CD200020462946D3F78AFFA8B945EC104B04F0FA
:10CD300076FE0D4B51EC100B0022D3F775FF50B16E
:10CD400003F035FBBDEC028B21230360BDE83840C6
:10CD50000648D9F799BAB0EE480AF0EE680ABDEC79
:10CD6000028B38BDE10C00200000F03F8C9C0300DA
:10CD700038B52DED028B55EC104B00F085F8154BB6
:10CD8000B0EE408AF0EE608A93F90030013319D09A
:10CD900022462B4620462946D3F750FF90B9002261
:10CDA000002320462946D3F721FF58B103F0FFFAAC
:10CDB000212303600022002310461946D3F7CEFD3D
:10CDC00041EC180BB0EE480AF0EE680ABDEC028B9D
:10CDD00038BD00BFE10C002008B52DED028BB0EE90
:10CDE000408A00F009F9134B93F900300133F0EE5B
:10CDF000408A1AD0B4EE488AF1EE10FA15D6B0EE99
:10CE0000480A04F000FEF7EE007AB4EEE70AF1EE0D
:10CE100010FA0ADD03F0CBFABDEC028B212303608C
:10CE2000BDE80840044800F051BFB0EE680ABDEC10
:10CE3000028B08BDE10C00208C9C030008B52DED91
:10CE4000028BB0EE408A04F0E7FD0D4B93F9003001
:10CE5000013311D0B4EE488AF1EE10FA0CD6DFEDB2
:10CE6000098AB4EEE88AF1EE10FA05D503F09FFACC
:10CE700088EEA80A21230360BDEC028B08BD00BF29
:10CE8000E10C0020000000002DE9F041594A55EC6A
:10CE9000104BAA432B4620460FD122462946D3F7F2
:10CEA00033FC02460B4620462946D3F777FA044660
:10CEB0000D4645EC104BBDE8F081002D0DDC25F052
:10CEC00000422243F5D095B122462946D3F764FAB1
:10CED00002460B46D3F742FDE9E72A1515D100219A
:10CEE00009E0C30A153A4005002BFAD0F7E72A46B5
:10CEF000FAE75B000131DD02FBD54C1E121BC1F1CC
:10CF0000200420FA04F423438840C3F31303D40716
:10CF100043F480135CBF5B0003EBD073A2F2FF35D8
:10CF200058BF40005B0000266D1003EBD073470034
:10CF30004FF0160EB0464FF4001208EB0201994272
:10CF4000DEBF5B1A02EB0108B6185B00BEF1010EF2
:10CF500003EBD7734FEA52024FEA4707EDD1F4468D
:10CF600020204FF00041984501EB0E022FDB0BD142
:10CF7000BA4209D8002A01EB020E02DABEF1000F14
:10CF80002CDA0023BF1A8C445B00013803EBD77303
:10CF90004FEA51014FEA4707E5D13B4308D0BCF1C6
:10CFA000FF3F13BF0CF101030136844623F0010C4F
:10CFB00072104FEA5C03F10702F17F5202F5001292
:10CFC00048BF43F0004302EB055118466FE7002AC3
:10CFD00001EB020E0BDABEF1000F08DB08F10104D1
:10CFE000BA42A3EB080300D9013BA046CAE7444676
:10CFF000F6E700BF0000F07F08B510EE103A23F00E
:10D000000042B2F17E5F2DED0C8B0AD19FED650AD7
:10D01000DFED657A002BC8BFB0EE670ABDEC0C8B64
:10D0200008BD04D930EE408A88EE080AF6E7B2F16E
:10D030007C5F3CD2B2F10C5F40F2B18060EE007ACE
:10D04000DFED5A6A9FED5A7A9FED5A6AA7EEA67AEB
:10D05000DFED596AE7EE276A9FED587AA6EEA77AC8
:10D06000DFED576AE7EE276A9FED567AA6EEA77ABC
:10D07000DFED556AA7EEA66ADFED546AE6EE276A91
:10D080009FED536AA6EEA76AF7EE006AE6EE276AFE
:10D0900027EE277ADFED4F7A87EE266AE0EE467AB2
:10D0A00070EE677A9FED4C0A30EE670AB6E7002B08
:10D0B000DFED3EDADFED3ECA9FED3FCADFED3FBA5E
:10D0C0009FED3FBADFED3F8A9FED3FDADFED39AAF2
:10D0D0009FED3EAADFED3E9AB7EE009AF6EE007A9B
:10D0E00028DA30EE098A28EE270AE0EE2DCAE0EEB3
:10D0F0000DAAACEE80CAAAEE80AAECEE00BAEAEE67
:10D10000009AABEE80BAA9EE809AEBEE008A68EE48
:10D11000808A04F081FC88EE897ADFED307AE0EED7
:10D12000077AB0EE007A77EE807A9FED2D0AA7EEAF
:10D13000C70A73E739EE408A28EE278AB0EE480A1C
:10D1400004F06AFCE8EE2DCAE8EE0DAAACEE88CA3F
:10D15000AAEE88AAECEE08BA10EE103AABEE88BA46
:10D1600023F47F6323F00F03EAEE089A07EE903A68
:10D17000EBEE088AB0EE486AA7EEE76AA9EE889A55
:10D1800070EE276A68EE888A86EE267AC8EE896A8B
:10D19000A0EE267A37EE870A30EE000A3EE79FEDD2
:10D1A000110A3BE7DB0F49400000000008EF11388F
:10D1B000047F4F3A613330BF461124BDA80A4E3E6A
:10D1C00090B0A6BEABAA2A3E2EC69D3D2D5701406B
:10D1D00039D119C06821A233DA0FC93F6821A2B33F
:10D1E000DA0F4940DB0FC93F10EE902A22F00041D0
:10D1F000B1F1FF4F10B5F0EE407A06D810EE100AEC
:10D2000020F00043B3F1FF4F04D977EEA07AB0EEDF
:10D21000670A10BDB2F17E5F03D1BDE81040FFF791
:10D220006DBC941704F0020444EAD07443B9022C94
:10D230005ED09FED347A032C08BFF0EE477AE6E724
:10D2400041B9DFED317A9FED317A0028B8BFF0EEB9
:10D25000477ADCE7B1F1FF4F10D1B3F1FF4F04F192
:10D26000FF3407D1022C46D8294B03EB8403D3EDBE
:10D27000007ACCE7022C41D8264BF6E7B3F1FF4FFA
:10D28000DFD05B1AB3F1F45F4FEAE3511ADA002AF8
:10D2900001DA3C3119DB87EEA00A04F0B4FBFFF79A
:10D2A0002DFCF0EE407A012C12D0022C17D0002C6D
:10D2B000ADD09FED197A77EE877A9FED187A77EEE9
:10D2C000C77AA4E7DFED107AEDE7DFED157AEAE73C
:10D2D00017EE903A03F1004307EE903A97E79FED7F
:10D2E0000E7A77EE877A9FED0D7A77EE677A8EE782
:10D2F000DFED0A7A8BE7DFED0B7A88E7DFED087A5E
:10D3000085E700BFDB0F49C0DB0FC93FDB0FC9BF9B
:10D310000C3A0300003A03002EBDBB33DB0F49403B
:10D3200000000000DB0F493FF0B510EE106A884B9B
:10D3300026F000459D4287B0044605D8002380EDC5
:10D34000000A4360002022E0824B9D423AD826F03A
:10D350000043002E9FED807A804A23F00F0318DDF2
:10D36000934270EE477A09BF9FED7D7ADFED7D6ACB
:10D37000DFED7D6A77EEC77A37EEE67A77EEC77A29
:10D3800080ED007A77EEE67AC0ED017A012007B0F1
:10D39000F0BD934270EE077A09BF9FED717ADFED21
:10D3A000716ADFED716A77EE877A37EEA67A77EEEB
:10D3B000C77A80ED007A77EEA67AC0ED017A4FF059
:10D3C000FF30E4E7694B9D4273D804F01CFB9FEDEE
:10D3D000687AF6EE007AE0EE077AFDEEE77AB8EECC
:10D3E000E77A17EE900ADFED5C7AA7EE670A1F284E
:10D3F000DFED5C7A67EE277AB1EE476A70EE676A16
:10D4000016EE901A09DC5B4A471E26F0004352F8DC
:10D41000272023F0FF03934207D1C1F3C752C2EB89
:10D42000D552082A4FEAE55314DC216094ED007AC6
:10D4300030EE470A002E30EE670A84ED010AA6DAC4
:10D44000B1EE477AB1EE400A84ED007A84ED010A2C
:10D4500040429CE7DFED425AF0EE406AE6EE256A74
:10D4600070EE667AE6EE257ADFED3F5AD7EE257A42
:10D4700076EEE75A15EE902AC2F3C7515B1A192BC4
:10D4800004DCC4ED005AB0EE660ACFE7DFED3A5A8D
:10D49000B0EE660AA6EE250A76EEC07ADFED376AB0
:10D4A000E6EE257AD7EE267A30EE677A84ED007ABA
:10D4B000BCE7B5F1FF4F06D370EE407AC0ED017ABC
:10D4C000C0ED007A3EE7EA15863AA5EBC25307EEB7
:10D4D000903ABDEEE77ADFED2A6AB8EEC77A77EECA
:10D4E000C77A8DED037A67EEA67ABDEEE77AB8EEDD
:10D4F000C77A77EEC77A8DED047A67EEA67AF5EEF5
:10D50000407AF1EE10FACDED057A1ED1B5EE407AF3
:10D51000F1EE10FA0CBF012302231A4901910221F6
:10D52000009103A8214600F02FF8002EBFF62FAF80
:10D53000D4ED007AF1EE677AC4ED007AD4ED017A89
:10D54000F1EE677AC4ED017A82E70323E5E700BFD5
:10D55000D80F493FE3CB1640800FC93FD00FC93FDA
:10D56000004435374344353708A3852E800F49439F
:10D5700084F9223F183A030000A3852E32318D240E
:10D5800000008043983A03002DE9F04F2DED048B05
:10D59000D9B090469B46669ABE4BDDF89CC153F8C5
:10D5A00022A0019018F1040F0F460BF1FF3325DB89
:10D5B000B8F1030248BF08F10402D210551CE9007B
:10D5C000D41A9FEDB87A0291A8EBC5050AEB0306C1
:10D5D0000DF170090CEB840E0021B14210DD1CA985
:10D5E00001EB8B010DF588790026564526DCDDF828
:10D5F00004E0DFEDAC7A0C46002016E00022DDE707
:10D60000CC425DBF5EF8210007EE900AF8EEE77AA3
:10D61000F0EE477AE9EC017A0131DEE7FEEC016ACF
:10D6200094ED007AE6EE877A01309842A4F1040482
:10D63000F4DDE9EC017A01360431D6E708A901EB03
:10D640008A010CEB8202DFED968A9FED949A049199
:10D6500003925446A200059258AA02EB840212EDEE
:10D66000140A44A908AA01EB8401164620460028A2
:10D67000A1F104014EDC2846CDE9063200F02CFB76
:10D68000B0EE408AB4EE000A28EE000A00F0DAFAA2
:10D69000F2EE007AA0EE678A002DDDE90632FDEE9B
:10D6A000C87A17EE909AF8EEE77A38EE678A43DD8B
:10D6B000601E08A9C5F1080C51F8206046FA0CF16B
:10D6C000894401FA0CF1761A08A941F82060C5F1E5
:10D6D00007010E41002E3EDD4FF0000C09F101095B
:10D6E000604664456ADC002D05DD012D00F0838075
:10D6F000022D00F08B80022E2DD1B7EE000A30EE05
:10D70000488A40B32846069300F0E6FA069B38EEB6
:10D71000408A20E060EE287A0138FDEEE77AF8EEE4
:10D72000E77AA7EEC90ABDEEC00AA6EC010A91EDA0
:10D73000000A37EE800A9AE705D1611E08A850F862
:10D7400021603612C6E7F6EE007AB4EEE78AF1EE13
:10D7500010FA31DA0026B5EE408AF1EE10FA40F008
:10D76000A380611E0020514557DA002871D0013C8A
:10D7700008AB083D53F82430002BF8D02846B7EE0C
:10D78000000A00F0A9FA631C44AA9FED457A9900AB
:10D7900002EB83022346002B80F2B4802346002B49
:10D7A000C0F2D28044AA02EB8305DFF8ECC0DFEDC3
:10D7B0003D7A0020E21ABCE002268DE796465EF82C
:10D7C000041B60B981B10CF1010CC1F58071644595
:10D7D0004EF8041C0DDDDEF8001002F1080EC1F158
:10D7E000FF014EF8041C01210CF1010C72460846A1
:10D7F00077E7012077E7611E08AA52F8212002F09E
:10D800007F020DF1200C4CF8212074E7611E08AA5C
:10D8100052F8212002F03F02F3E708AA52F8212033
:10D82000013910439FE7013251F8040D0028FAD066
:10D83000059901F5B071694404EB0B000DF1700C12
:10D84000661C4C390CEB80002244B24204DA1446C8
:10D8500000E704990122E7E7039CDDF804C054F8CF
:10D860002640059407EE904AF8EEE77A0024E0ECB3
:10D87000017ADFED0C7A86469C4203DDE1EC017A09
:10D880000136E2E7FCEC016A3EED017A0134E6EE96
:10D89000877AF1E7DC3D0300B03D030000008043E0
:10D8A0000000803B00000000029BB0EE480AA3EBA2
:10D8B000080000F011FA1FED077AB4EEC70AF1EE86
:10D8C00010FA19DB5FED0A7A60EE277A08AAFDEEFE
:10D8D000E77A0835F8EEE77AA7EEC70AFDEEE77AB1
:10D8E000BDEEC00A10EE103A42F8243017EE903A1E
:10D8F000013442F8243041E7BDEEC00A08AA10EE18
:10D90000103AF6E708A850F82300019007EE900AB5
:10D91000F8EEE77A013B67EE807A20EE070A62EDC7
:10D92000017A38E7FCEC016AB5EC017AE6EE877A19
:10D930000130504501DC8242F4DA58A800EB820243
:10D9400042ED287A013B2AE7669B022B09DC002B7B
:10D950002BDC44D009F0070059B0BDEC048BBDE8C6
:10D96000F08F669B032BF5D130AA0B1F13441A4688
:10D9700020460028A2F1040252DC2246012AA3F12B
:10D9800004035DDC30AB5FED397A0B44012C67DCBE
:10D99000DDED306A9DED317A002E67D1C7ED006A6A
:10D9A00087ED017AC7ED027AD4E730AB1FED437AF9
:10D9B0000B442246002A24DA4EB3F1EE477AC7ED33
:10D9C000007ADDED307A77EEC77A31AA01239C42E6
:10D9D00020DA0EB1F1EE677AC7ED017ABAE730AB23
:10D9E0005FED507A0B44002C05DA0EB1F1EE677A48
:10D9F000C7ED007AAEE733ED017A013C77EE877A26
:10DA0000F1E773ED017A013A37EE277AD2E7F0EECB
:10DA1000477AD4E7B2EC017A013377EE877AD6E71A
:10DA2000D2ED007AD2ED016A37EEA67A013877EEB0
:10DA3000C77A82ED007A77EEA67AC2ED017A98E78E
:10DA4000D3ED007AD3ED016A37EEA67A013A77EE8C
:10DA5000C77A83ED007A77EEA67AC3ED017A8DE777
:10DA600033ED017A013C77EE877A8FE7F1EE666A53
:10DA7000B1EE477AC7ED006A87ED017AF1EE677A79
:10DA800090E700BF08B510EE103A23F00042B2F163
:10DA9000465FF0EE407A17D2BDEEC07A17EE101A4C
:10DAA00041BB431C134308D103F0ADFFB7EE007A2E
:10DAB000C7EE007AB0EE670A08BD0128FAD0BFEEC3
:10DAC000007AC7EE007AF5E74C498A4212D3002B60
:10DAD0009FED4B7AB8BFF1EE407A37EE677ADFED13
:10DAE000497AB8BFF1EE600A77EEE07ADFED460AD8
:10DAF00077EE877A67EEA76ADFED445A9FED446AB6
:10DB00009FED445A3D4926EEA67A8A42A7EE256A41
:10DB1000DFED415AE6EE075A9FED406AA5EE876AAF
:10DB2000DFED3F5AE6EE075A9FED3E6AA5EE876AA3
:10DB3000DFED3D5AE7EE055A9FED3C5AA5EE875AB8
:10DB4000DFED3B5AE5EE075A9FED3A5AA5EE875AAC
:10DB5000DFED395AE5EE075AB0EE467AA5EEA67A21
:10DB600027EEA65AB0EE606AA7EE056A9FED337AFB
:10DB7000E6EE260AE5EE070A37EEA06A1DD307EEA9
:10DB8000100AB8EEC77A26EE065A36EE076A9B17D9
:10DB9000C5EE065A03F00203C3F1010306EE903A04
:10DBA00035EEE06AF8EEE66A77EEC67AB0EE006A25
:10DBB000A7EEC67A66EE877A7CE701281BD0204B59
:10DBC00016EE102A1A4005EE902A75EEE77AB7EEA7
:10DBD000007A70EEE70AFFEE007AC7EE866A16EE6C
:10DBE000902A134007EE903AA5EEA77AA0EEA77A06
:10DBF000E7EE267A5EE7F0EE467A5BE740A12C3F3F
:10DC0000DA0F493F68212233000000005FAE9BB766
:10DC100045F4A3388453D937C8261A3A16696B3BA2
:10DC2000A427B33C8988083E7AC09538B937813932
:10DC300048DEBE3A1F37113CD10D5D3DABAAAA3E6E
:10DC400000F0FFFF10EE103AC3F3C7527F3A162AD6
:10DC500023F000412BDC002A12DADFED197A30EED6
:10DC6000270AB5EEC00AF1EE10FA06DD002B24DA21
:10DC70000029144B08BF4FF0004300EE103A7047E4
:10DC8000114911410B42FAD0DFED0D7A30EE270A2F
:10DC9000B5EEC00AF1EE10FAEFDD002BBEBF4FF477
:10DCA000000040FA02F29B1823EA0103E5E7B1F114
:10DCB000FF4FE4D330EE000A70470023DDE700BFDA
:10DCC000CAF24971000080BFFFFF7F009FED010A8B
:10DCD000704700BF0000C07F10EE103A33F00042E2
:10DCE0002AD0B2F1FF4F02D330EE000A704713F092
:10DCF000FF4F22D1224BDFED237A984220EE270AF4
:10DD000016DB10EE103AC3F3C752193A1044FE283E
:10DD100015DDDFED1D7ADFED1D6A10EE103AB0EE75
:10DD2000677A002BB8BFF0EE667A27EE870A704755
:10DD3000DFED177A27EE800A7047D20DE6E700285C
:10DD400006DD23F0FF4343EAC05300EE103A70476C
:10DD500010F1160F09DADFED0E7ADFED0E6A10EE24
:10DD6000103AB0EE677A002BDCE7193023F0FF435E
:10DD700043EAC0539FED080A07EE903ADAE700BF86
:10DD8000B03CFFFF0000004CCAF24971CAF249F1F1
:10DD90006042A20D6042A28D00000033704708B5BA
:10DDA00003F089FD4FF47A72A0FB020302FB0131FC
:10DDB000C00B40EA4140C90B08BD08B503F07BFD2C
:10DDC0004FF47A72A0FB020302FB0131C00B40EA60
:10DDD0004140C90B08BDFDF7F1BB38B5002120EA71
:10DDE000E0744FF4004540F2E7304FF47A720023BC
:10DDF000C4FB0501D3F700F8BDE83840FDF7A2BB2E
:10DE0000704708B503F057FD4FF47A72A0FB020388
:10DE100002FB0131C00B40EA4140C90B08BD08B507
:10DE20000A460021FEF7BCFDB0F1004F71F1FF334F
:10DE300006DA02F0BCFA222303604FF0004008BD6E
:10DE4000B0F1004F71F10001F9DB02F0B0FA2223CA
:10DE500003606FF00040F2E70A460021FEF744BE7F
:10DE600003F029BD08B5FFF7FBFF4FF47A72A0FB62
:10DE7000020302FB0131C00B40EA4140C90B08BD5F
:10DE80000120FDF79BBB014640F2E73008B54FF497
:10DE90007A72002300EBC1304914D2F7ADFFBDE820
:10DEA0000840FDF74FBB7047704770477047704799
:10DEB0000020704770477047704770477047704741
:10DEC000704738B52DED028BD0ED007AF5EE407A33
:10DED000F1EE10FA0D461446B0EE408A0DD1D0EDA9
:10DEE000017AF5EE407AF1EE10FA06D1D0ED027A21
:10DEF000F5EE407AF1EE10FA03D0B0EE480ADCF706
:10DF0000A1FCB0EE480A2846DCF7C2FCB0EE480A95
:10DF1000BDEC028B2046BDE83840DCF7F5BC70470D
:10DF200013B50223044601AA22210020E0F7E6FEF1
:10DF300018B1DDF775F802B010BD9DF804209DF80A
:10DF400005300AB9802B0CD0BDF9043007EE903AA9
:10DF5000FAEEEB7AB3EE077A77EE877AC4ED007AC1
:10DF6000E9E70120E7E7FDF729BB014640F2E7308A
:10DF700008B54FF47A72002300EBC1304914D2F790
:10DF80003BFFBDE80840FDF7DDBA10B50378012B73
:10DF900004460CD180227721002000F0B7F8621CE3
:10DFA0000323BDE8104078210020E0F7BDBE10BD7E
:10DFB00013B58DF80400C0F303208DF8050002238B
:10DFC00001AA60210020E0F7AFFE0422044665218B
:10DFD000002000F09BF8044301D0DDF765FD3320FD
:10DFE00002B010BD014640F2E73008B54FF47A7236
:10DFF000002300EBC1304914D2F7FEFEBDE8084013
:10E00000FDF7A0BA13B50223ADF8040001AA1E2142
:10E010000020E0F789FE022204461621002000F0CD
:10E0200075F8044301D0DEF72FF9332002B010BD9C
:10E0300013B50223044601AA0C210020E0F75EFE7E
:10E0400018B1DEF73FF902B010BDBDF80430DBBAFD
:10E0500007EE903AFAEEEC7AB3EE097A77EE877A29
:10E06000C4ED007AEFE7FDF7A9BA07B501238DF8F3
:10E0700007200DF10702DEF7A1FB03B05DF804FBFA
:10E080000123DEF7DFBB08B503F015FC4FF47A720D
:10E09000A0FB020302FB0131C00B40EA4140C90B67
:10E0A00008BD13B50223044601AA20210020E0F791
:10E0B00025FE18B1E0F700FB02B010BDBDF9043039
:10E0C00007EE903AFAEECC7AB3EE097A77EE877AD9
:10E0D000C4ED007AF0E730B40C460146134651F81F
:10E0E000040B826815682246AC4630BC6047F0B429
:10E0F0000C2707FB0214866814F8045C45F002053F
:10E1000004F8045CB468A446F0BC604707B58DF819
:10E1100004108DF8052001A90222E0F79BFC03B052
:10E120005DF804FB08B503F0C6FB4FF47A72A0FB60
:10E13000020302FB0131C00B40EA4140C90B08BD9C
:10E1400008B5062202234C210120E0F747FE18B152
:10E15000BDE80840E1F72CBB08BD08B50422062144
:10E160000120FFF7D3FF18B1BDE80840E1F7B4BDC7
:10E1700008BD08B503F09FFB4FF47A72A0FB0203C1
:10E1800002FB0131C00B40EA4140C90B08BD08B594
:10E1900003F091FB4FF47A72A0FB020302FB013102
:10E1A000C00B40EA4140C90B08BD00B52DED028B04
:10E1B00083B0022301AA6E210120E0F79FFDBDF983
:10E1C000043008EE103ABAEEEE8A08B1E2F74AFAE5
:10E1D000B0EE480A03B0BDEC028B5DF804FB0122EF
:10E1E00008B522211046FFF791FF18B1BDE808409D
:10E1F000E2F7DEBB08BD00B52DED028B83B0022334
:10E2000001AA2E210120E0F779FDBDF9043008EEC6
:10E21000103ABAEEEE8A08B1E2F7E8FBB0EE480A2F
:10E2200003B0BDEC028B5DF804FB08B503F043FBC3
:10E230004FF47A72A0FB020302FB0131C00B40EAEB
:10E240004140C90B08BD10B580220B210120FFF70A
:10E250005DFF002204460B210120FFF757FF044316
:10E2600003D0BDE81040E2F785BF10BDD20003F037
:10E270006EBB2DE9F04F8BB00C460793134601336C
:10E28000DB000493083B0993079B009023EAE373A8
:10E29000DB00019205934FF00008019B984537DAA7
:10E2A000059BDDF800B00694E3180893D946C246F2
:10E2B00026462AE0F6E80223F5E80201D2F724FA1E
:10E2C000DDE90223D2F76AF8C9E90001013799EDC7
:10E2D000007B079B9F428DED027BEBDBDDE9053682
:10E2E0001E44099B8BED007B9B44019B0AF1010AB4
:10E2F000534509F1080907D1009A049B089C1A4468
:10E30000009208F10108C8E7069625460027DEE7D7
:10E310000BB0BDE8F08F2DE9F0410646D700DDE9EE
:10E3200007020C46069901FB002203EBC2054FEAE7
:10E33000C108002C01DCBDE8F081294630463A4690
:10E3400003F005FB45443E44013CF2E7F8B500EB21
:10E35000C306DF000D46144651EC100BD6E900232E
:10E36000D2F71CF83D443C4400220023C6E90001DA
:10E37000C5E90001C4E90023F8BD2DE9F04F87B0DD
:10E380008DED000B8DED021B8B180E46154600EB34
:10E39000C20700EBC304B54202DB07B0BDE8F08F53
:10E3A000D7E900ABDDE9002350465946D2F7ACF976
:10E3B000D4E90089CDE90401DDE90223404649465C
:10E3C000D2F7A2F902460B46DDE90401D1F7E6FFD8
:10E3D000E7E80201DDE90001F4E80223D2F794F94D
:10E3E000DDE902238046894650465946D2F78CF92A
:10E3F00002460B4640464946D1F7CEFF013544E977
:10E400000201C8E72DE9F04F89B0531CD4008DED0F
:10E41000020B8DED041B079304F1080305460693D8
:10E420004FEAC10A0026079B9E4202DD09B0BDE803
:10E43000F08F04EB050B069B9BED007B5F19D7E982
:10E440000023DDE904018DED007BD2F75DF9DDE904
:10E45000022380468946DDE90001D2F755F90246DC
:10E460000B4640464946D1F799FFCBE90001D7E971
:10E470000023DDE90201D2F747F9DDE904238046F4
:10E480008946DDE90001D2F73FF902460B464046D6
:10E490004946D1F781FF0136C7E900015544C2E77B
:10E4A0002DE9F04FD60089B006F108038DED020B7F
:10E4B0008DED041B0693CB0004460D460793002701
:10E4C000AF4202DB09B0BDE8F08F06EB040B069B00
:10E4D0009BED007B03EB040ADAE90023DDE904018C
:10E4E0008DED007BD2F710F9DDE9022380468946E5
:10E4F000DDE90001D2F708F902460B4640464946DD
:10E50000D1F74CFFCBE90001DDE90201DAE9002394
:10E51000D2F7FAF8DDE9042380468946DDE90001F7
:10E52000D2F7F2F80B46024649464046D1F734FF8F
:10E53000079BCAE9000101371C44C1E72DE9F041FE
:10E540002DED048B88B01C46149BDDF848800293A7
:10E5500006AB019304AB16460F4600932246139B6D
:10E5600041460546E3F74CFD9DED048B9DED069B72
:10E57000B0EE480AF0EE680A434622463146B0EE55
:10E58000491AF0EE691A2846E3F7C4FDB0EE491ABD
:10E59000F0EE691AB0EE480AF0EE680A0346224629
:10E5A00031462846CDE9127808B0BDEC048BBDE8B1
:10E5B000F041D3F7C9BF2DE9F04F55EC124B87B0AE
:10E5C00007460E4622462B46204629465BEC13ABF7
:10E5D0008DED000B8DED021BD2F796F8524680466A
:10E5E00089465B4650465946D2F78EF802460B469E
:10E5F00040464946D1F7D2FEDDE9002380468946F0
:10E6000020462946D2F780F8DDE90223CDE904014E
:10E6100050465946D2F778F802460B46DDE9040128
:10E62000D1F7BCFE42464B46D2F798F9DDE902230A
:10E63000C7E9000120462946D2F766F8DDE9002344
:10E6400004460D4650465946D2F75EF802460B4640
:10E6500020462946D1F7A0FE42464B46D2F77EF926
:10E66000C6E9000107B0BDE8F08F2DE9F04FCC00FE
:10E6700004F1080700238B4201DBBDE8F08F013372
:10E6800000F1080622181D468D4201D13844F2E7F8
:10E69000D2E90089D6E900AB0135C2E900ABE6E872
:10E6A00002892244F0E72DE9D04300EBC10100EBE1
:10E6B000C200069A0024D2009C4201DBBDE8D08350
:10E6C000D1E90067D0E900890134C1E90089C0E9D6
:10E6D000006711441044EFE7F0B55A43594300EB8B
:10E6E000C10100EBC20000229A4200DBF0BDD1E97B
:10E6F0000045D0E900670132E1E80267E0E8024541
:10E70000F2E70120FCF75ABF08B503F0D4F84FF444
:10E710007A72A0FB020302FB0131C00B40EA4140C8
:10E72000C90B08BD4FF0FF307047704770474FF07E
:10E73000FF30704700207047FF20704770474FF050
:10E74000FF30704700207047002070474FF0FF30C7
:10E7500070474FF0FF30704770474FF0FF30704701
:10E76000704770477047704710B54B88834202D896
:10E77000088810BD04310B884C886BB1A042F9D3D6
:10E7800031F8042C31F8021C001BD21A4243091B39
:10E79000B2FBF1F2D018ECE7A042F1D21846E8E75C
:10E7A0001FB5102269460820E7F7D4F8BDF902002A
:10E7B00040EAE07005B05DF804FB1FB51022694621
:10E7C0000820E7F7C7F8BDF9000040EAE07005B09F
:10E7D0005DF804FB1FB5102269460820E7F7BAF878
:10E7E000DDE9020105B05DF804FB014640F2E730C7
:10E7F00008B54FF47A72002300EBC1304914D2F708
:10E80000FBFABDE80840FCF79DBE704708B503F071
:10E8100052F84FF47A72A0FB020302FB0131C00BE5
:10E8200040EA4140C90B08BD014640F2E73008B557
:10E830004FF47A72002300EBC1304914D2F7DCFAAE
:10E84000BDE80840FCF77EBE09B1E5F7D9BF10B1BD
:10E850000220E5F79FBF0120FBE708B510B10020BB
:10E86000E6F706F9BDE808400320E5F793BF08B5D1
:10E8700008B1E6F7BFF8BDE808400420E5F78ABF15
:10E8800008B510B10120E6F7F3F8BDE8084005200F
:10E89000E5F780BF4FF420300021FCF753BE002085
:10E8A000704708B503F007F84FF47A72A0FB020333
:10E8B00002FB0131C00B40EA4140C90B08BD0146D3
:10E8C00040F2E73008B54FF47A72002300EBC13014
:10E8D0004914D2F791FABDE80840FCF733BE08B5F9
:10E8E00000230B60002002F0CEFE10B100239B68D5
:10E8F000FFDE4FF0FF3008BD00207047002070475A
:10E900000020704738B590ED010A90ED027AD0ED05
:10E91000037A2DED028B90ED008A20EE000A08EEBE
:10E92000080A04460D4607EE070A07EEA70AFEF797
:10E9300085FAB5EE400AF1EE10FA15D0C8EE007A6D
:10E94000C5ED007A94ED017AC7EE007AC5ED017A43
:10E9500094ED027AC7EE007AC5ED027A94ED037A5F
:10E96000C7EE007AC5ED037ABDEC028B38BD91EDA0
:10E97000016AD0ED017AD0ED006A91ED007A67EE80
:10E98000867A56EE877AD0ED026A91ED027A46EEEB
:10E99000C77AD0ED036A91ED037A46EEC77AC2EDED
:10E9A000007A91ED016AD0ED007AD0ED016A91ED27
:10E9B000007A67EE867A46EE877AD0ED036A91EDAB
:10E9C000027A46EEC77AD0ED026A91ED037A46EEFE
:10E9D000877AC2ED017A91ED016AD0ED037AD0ED2C
:10E9E000026A91ED007A67EE867A46EE877AD0ED7C
:10E9F000006A91ED027A46EE877AD0ED016A91EDD8
:10EA0000037A46EEC77AC2ED027AD0ED027A91ED32
:10EA1000016AD0ED036A91ED007A67EE867A56EED0
:10EA2000877AD0ED016A91ED027A46EE877AD0EDD1
:10EA3000006A91ED037A46EE877AC2ED037A704759
:10EA400003680B60D0ED017AF1EE677AC1ED017ACF
:10EA5000D0ED027AF1EE677AC1ED027AD0ED037A59
:10EA6000F1EE677AC1ED037A704710B503468CB0BA
:10EA70001446002200921A68019208465A689B6860
:10EA8000029204A9039308AAFFF7DAFF6946FFF789
:10EA90006EFF0A4608A804A9FFF769FF019B2360DF
:10EAA000029B6360039BA3600CB010BDD1ED007AA4
:10EAB00090ED007A90ED010AD1ED026A37EE677AA7
:10EAC000D1ED017A30EE670AD0ED027A20EE000A2D
:10EAD00007EE070A77EEE67A07EEA70AFEF7AEB969
:10EAE00008B52DED028BD1ED016A90ED007AD1EDE4
:10EAF000007AB0EE408A90ED010A20EE260A07EE79
:10EB0000270A90ED027AD1ED027AD0ED036A07EE82
:10EB1000270A91ED037AF0EE407A46EE877AB0EE5E
:10EB2000E70AF7EE007AB4EEE70AF1EE10FA0DDC30
:10EB3000FEF752F930EE000AB4EEC80AF1EE10FA10
:10EB40004CBF01200020BDEC028B08BD0120FAE77C
:10EB500008B52DED028BD1ED007AD0ED006A91ED74
:10EB6000017A91ED026A76EEE76AD0ED017A77EEEE
:10EB7000C77AB0EE408A90ED027A27EEA70A06EE39
:10EB8000A60A37EE467A07EE070AFEF757F9B4EE03
:10EB9000C80ABDEC028BF1EE10FA4CBF0120002038
:10EBA00008BD90ED017AD0ED007A77EE877A90ED8E
:10EBB000027A77EE877AB0EE080A87EE800A70470D
:10EBC000D1ED007A90ED006A91ED017AD0ED026A04
:10EBD000D1ED035A36EE676AD0ED017A77EEC77A47
:10EBE00091ED027A76EEC76A91ED047A27EE877A84
:10EBF00006EE257AD1ED055A06EEA57A80ED007A6B
:10EC000091ED077AD1ED065A27EE877A06EE257A3E
:10EC1000D1ED085A06EEA57A80ED017AD1ED0A5AB7
:10EC200091ED097A67EEA57A46EE077A91ED0B7AB7
:10EC300046EE877AC0ED027A7047D0ED017A91ED09
:10EC4000015A90ED004A91ED006AD0ED025AD1EDE3
:10EC5000023AD0ED036AD1ED034A27EE857A14EE2D
:10EC6000067A05EEE37A06EEE47A82ED007A26EE85
:10EC7000277A04EE057A05EEA47A03EEE67A82EDB1
:10EC8000017A27EEA47A67EEA37A14EE237A44EE93
:10EC9000247A06EE257A45EE657A05EE267A46EE6A
:10ECA000267A82ED027AC2ED037A7047D0ED027ABD
:10ECB000D0ED035AD0ED016AD0ED001AD1ED012A52
:10ECC00091ED002A91ED023A77EEA74A35EEA57A4A
:10ECD00064EEA74AB7EE006A2DED048B67EEA63A04
:10ECE00065EEA18A27EE257AB0EE465A36EE646AC2
:10ECF00025EEA64A27EEA10A72EEA20A67EEA57AD1
:10ED000076EE475A33EEE86A33EE038A26EE206A3F
:10ED100005EE826A36EEA69A70EE045A09EE665A3D
:10ED200005EE886A66EEA16A35EE477A82ED006AE2
:10ED300037EEE66A77EEA67A32EE021A73EEA83A5A
:10ED400034EE404A27EE227A67EEA07A03EE817A0B
:10ED500044EE017A35EE645A06EE087ABDEC048B77
:10ED600045EE037A82ED017AC2ED027A70472DE911
:10ED7000F8432DED048BDDE90C4694ED007AD4EDDB
:10ED8000017AB4EE477AF1EE10FA8146B0EE409A7D
:10ED9000B0EE608A174698464FEA810550D7F4EEE8
:10EDA000677AF1EE10FA04F10803F7EE008A44D70F
:10EDB00018462A46002102F0F2FDF0EE687A03467A
:10EDC000C4ED017A4846324609EB050C3146B0ECF9
:10EDD000017AD3ED007A77EE877A8445E3EC017A05
:10EDE000D4ED016A87EEA67AA1EC017AEFD1D4EDD9
:10EDF000017A68EE270AF4EEC90AF1EE10FA18DB80
:10EE00003544D7ED007AB2EC017A78EEE77AAA427F
:10EE100067EE877A04F1080444ED027AD7ED027AAE
:10EE2000D8ED016A77EEE67A67EE877A44ED017AEB
:10EE3000E7D1BDEC048BBDE8F88377EEA87ABFE795
:10EE400031460544F0EC016AD7ED007A94ED007A82
:10EE500097ED016A06EEA77A854204F10804D8ED21
:10EE6000007A67EE277A56EE867A14ED016A77EE1D
:10EE7000867A44ED027AD8ED017A97ED026A67EE60
:10EE8000277A56EE867A44ED017AA1EC017AD9D13F
:10EE9000CFE7D0ED015AD1ED036AD1ED000A91ED33
:10EEA000061A91ED047AD1ED057A91ED023AD1ED91
:10EEB000011A91ED072A91ED084A90ED046A90ED50
:10EEC000050AD0ED063AD0ED072AD0ED084A2DED1F
:10EED000048B90ED009AD0ED028A90ED038A25EE26
:10EEE000A65A09EE205A08EE815A82ED005A25EE04
:10EEF000875A65EEA75A49EE035A48EE845A09EE3E
:10EF0000215AC2ED025A66EE865A40EE885A41EE08
:10EF1000005A66EEA26AC2ED035A67EE065A27EE61
:10EF2000866A27EE227A67EEA27A41EE885A03EECD
:10EF3000086A40EEA36A01EEA37A43EE237A08EE54
:10EF4000825ABDEC048B42EE005A04EE006A41EE98
:10EF5000246A02EE247A44EE247A82ED015AC2ED4C
:10EF6000045A82ED056AC2ED066A82ED077AC2EDA7
:10EF7000087A70470A4601461030FFF75EBE0A461F
:10EF800001460020E8F79CBA836800EBC101B3F5A5
:10EF9000004F2CBF51F8220031F81200704700EBEF
:10EFA000C1018068B0F5004F2CBF41F8223021F834
:10EFB0001230704708B50122FFF7E6FFD04008BDC8
:10EFC0008368B3F5004F00EBC10108D34B681AB159
:10EFD00043F001034B60704723F00103FAE74B88CD
:10EFE0001AB143F001034B80704723F00103FAE7A5
:10EFF00053000122FFF7D3BF8368B3F5004F34BF3E
:10F0000004230823C91A081AC0087047B0F5004F36
:10F0100034BF042308230731C818C008704708B557
:10F020000A460121FFF7F2FF0132121AB2FA82F00A
:10F03000C0F11F0008BD2DE9F041174603220E461E
:10F040000446FFF7A1FF8642054607F104080AD1EE
:10F05000E3680122BA4023EA0203E360002344F894
:10F060002830BDE8F081314602222046FFF78CFFB0
:10F070002B460646014644F8285020460322FFF757
:10F080008EFF3346294620460222BDE8F041FFF7B5
:10F0900086BF70B50D4686680446FFF78BFFB6F550
:10F0A000004F014601D3012809D03046FFF7B7FFD2
:10F0B000294602462046BDE87040FFF7BCBF70BD40
:10F0C0002DE9F047054680688846FFF7A8FF05EB65
:10F0D000800A0646DAF81090B9F1000F1BD003271A
:10F0E000DAF8104028462146FFF764FF404507D371
:10F0F000324621462846FFF79EFF2046BDE8F087AE
:10F10000032221462846FFF73FFF013FCAF81000BF
:10F1100001D08145E4D1EB6801364FF0FF34B440B3
:10F120001C40EAD094FAA4F2B2FA82F2131D55F808
:10F130002340DEE72DE9F041144605460E46FFF771
:10F1400039FFA4EB0608371B0744424631462846E0
:10F15000FFF74EFF3A4621462846FFF749FF434650
:10F16000002221462846FFF71AFF21462846FFF7CE
:10F1700021FF3B46211800222846BDE8F041FFF759
:10F180000EBF2DE9F041164604460F46FFF712FF69
:10F19000314605462046FFF70DFF05442A4639460D
:10F1A0002046FFF725FF31462046FFF703FF2B4699
:10F1B000311800222046BDE8F041FFF7F0BE2DE9EE
:10F1C000F0410D4686680446FFF7F4FEB6F5004FA1
:10F1D000014601D3012832D03046FFF720FF04EB6F
:10F1E00080010E6996B9E368012282401343E3600F
:10F1F00002220D612B4629462046FFF7D0FE03224E
:10F2000029462046BDE8F041FFF7C9BE022231463B
:10F210002046FFF7B9FE2946034607462046FFF77A
:10F22000BEFE0322334629462046FFF7B8FE394684
:10F230002B462046FFF7B3FE02223146E1E7BDE848
:10F24000F081F8B50C460546FFF7B4FE26180122FA
:10F2500031462846FFF798FEC3070CD431462846AE
:10F26000FFF717FF21462846FFF7A4FE2146221884
:10F270002846FFF786FF002221462846FFF784FE36
:10F28000271A012239462846FFF77EFE10EA0206B9
:10F2900013D139462846FFF7FCFE21463246284660
:10F2A000FFF772FE2246211A2846FFF76AFF214621
:10F2B00032462846FFF768FE241A21462846BDE854
:10F2C000F840FFF77CBF70B5066809B9002070BD33
:10F2D000B068B0EBD10FF9D9FFF798FE01460546AB
:10F2E0003046FFF7EDFE04460028EFD001463046D9
:10F2F000FFF760FEA84209D92544214630462A4638
:10F30000FFF718FF29463046FFF759FF3046012224
:10F310002146FFF755FEB368B3F5004F34BF042311
:10F32000082303EBC4031844D1E71146FFF7CBBF12
:10F330002DE9F04706460D46174698462BB398F838
:10F34000004093F80190DB78A40004EB430498F8A4
:10F3500002301C4444444FF0000ACA4509D3D8F88F
:10F36000042008F1080339463046AC46BDE8F047B2
:10F37000604714F8013B48F823402046D1F7A0FD30
:10F38000013004440AF1010AE7E76FF01500BDE817
:10F39000F08770B5002502462846144614F8013B54
:10F3A0000BB9184609E098B18D4207D1702B04D0F3
:10F3B000A3F140023A2A0BD8002070BDA3F1400609
:10F3C0003A2E05D853780135941C002BE9D0002043
:10F3D000252B08BF80F001002246DEE700207047A1
:10F3E00030B50C688B6814B14A689A4202DC01336C
:10F3F0008B6030BD013A9A4214BF05460025E554A2
:10F400008B68F4E700F0EFBC0FB407B504A951F81E
:10F41000040B019100F0E7FC03B05DF804EB04B0CD
:10F4200070470CB407B504AB53F8042B0193E8F70D
:10F430006DFD03B05DF804EB02B07047044608B5FB
:10F44000084611461A46A047FCF71CF9EDF79CFB4D
:10F45000D0E9002130B54FF03333A2FB0324D51897
:10F4600043EB0405A1FB0313521844EB03045219A8
:10F4700044F10002891843F10003C0E9001330BDD4
:10F4800010B50A68002A03460FDD013A0A601A68BF
:10F4900044680A20A2FB001200FB0422100F22F095
:10F4A0007042C3E90012303010BD3020FCE72DE976
:10F4B000F0410746884615461E461446B44205D319
:10F4C0000EB1601B08E02378002BFAD014F8010B72
:10F4D0004146B8470028F1DABDE8F081002383F304
:10F4E0001188BFF36F8F0423184602DF70470FB4F3
:10F4F00007B504A951F8040B0191FFF783FF03B08E
:10F500005DF804EB04B0704710B50369024613F0D0
:10F51000080009D11368D4689C4297BF526AE31A65
:10F52000D31A01200B6010BD00231846FAE713B56B
:10F5300001A90446FFF7E8FF20B1019BE268013B07
:10F5400013440193606A019BC01A013802B010BDD8
:10F5500010B5044650182269636AD20702D5013BF0
:10F56000184010BD984228BFC01AFAE710B50446EB
:10F570000A46C168FFF7ECFF2369E06023F0080347
:10F58000236110BD38B50D46026A8B00016843F057
:10F59000020342F82130044601682A46FFF7D8FFEB
:10F5A000E36861682060984202BF236943F0080362
:10F5B00023612A462046FFF7CBFF606038BD2DE966
:10F5C000F74FC768066A9B4606EB8703009316F859
:10F5D000273003F00303022B0446884691464FF080
:10F5E00000030BD01360CBF8003023699B0713D4C2
:10F5F0004FF0000A504603B0BDE8F08F56F82710D0
:10F6000013608908CBF80030EFD0FFF7AFFFE36855
:10F61000A3604FF0010AEDE7E3690098984716F8F8
:10F62000272012F0010A0546E2D012F002021FD094
:10F63000B8F1000F03D041462046FFF7A3FF6168F1
:10F640002A462046FFF784FFD4E9022191426060F8
:10F6500006D12A462046FFF77BFF4FF0000AA06044
:10F66000A2682260E260226942F008022261C1E7DA
:10F67000014620460192FFF779FFE368A360B8F1E5
:10F68000000F04D02168236A019A43F8212005EB7A
:10F690000802CBF8002021682046FFF759FF2369B4
:10F6A000206043F00803236116F827306FF300034E
:10F6B00006F82730009BC9F80030AAE770B5044669
:10F6C0001546FFF745FF2368834205D12369216072
:10F6D00023F00803236170BD226AAB0043F00203EC
:10F6E00042F82130204661682A46FFF731FF60600A
:10F6F000F1E738B503695B07044606D5856AFFF76D
:10F7000016FF85422CBFA562A06238BD08B5EFF395
:10F710001183402383F31288BFF36F8F00F049FEFB
:10F72000036800220BB9184670478B4210D10B6852
:10F7300042B942680360914200D1436000230B60EC
:10F740000120704713604368994208BF4260F5E7A3
:10F750001A461B68E6E7838B13F0070305D103689D
:10F76000002B0CBF002003207047022B05D1C08B5B
:10F77000B0FA80F0400980007047012B05D1036882
:10F78000002B0CBF0020052070470020704710B5EB
:10F790000C4600B111B96FF0150010BD081D00F046
:10F7A0002FF80028F9D1A368032BF6D9F3E72DE948
:10F7B000F0410D4607461946281D90461E46E9F7BA
:10F7C00083FA044638B13346424629463846A446B1
:10F7D000BDE8F0416047BDE8F08138B50C4605460C
:10F7E00058B151B10B6843B14B6833B120220021AD
:10F7F00002F0D5F82C61002038BD6FF01500FBE752
:10F80000034658B1426802F00302012A03D0032ADA
:10F8100004D1026812B10020986070476FF01500A3
:10F82000704770B50C8806468888241A3069A4B2DF
:10F83000844285B224BF641BA4B22D1BA8B2984297
:10F8400028BF18463368234413600B8803440B8099
:10F8500070BD70B4838985880669ED1AADB2731BDB
:10F86000934228BF134670BC0A46011DFFF7D9BF5B
:10F8700070B40E460146C58831F80A3FEC1AA3B2AF
:10F88000934228BF1346324670BCFFF7CABF10B57B
:10F890004B880C88E41AA4B294420ED31A4492B254
:10F8A0008B884A800A800069D21A92B2824201D2C1
:10F8B000002010BD03448B80FAE76FF01500F8E7D5
:10F8C000704780EA1020C0EBC01300EB8303C3EB4A
:10F8D0000313A0EB830083B2C0F3C810584000EBC1
:10F8E0008013C0EB031303EBC30300EB4300C0EB37
:10F8F000800080EA502000F07F00704770B40668F6
:10F900008489806A0D0C16FA81F105FB0411846864
:10F910002468A44670BC60472DE9F0431C46C36AC6
:10F920001D686D4289B006468846174605F02005D9
:10F930001CB9204609B0BDE8F083AC42A14628BFFF
:10F94000A9464B466A4641463046FFF7D7FF002896
:10F95000F0D16B46484502D1241A8044E8E713F8F9
:10F96000012BBA4201D10130F4E70120E2E70B6834
:10F9700003F580330B60C0891A0CB0EB134F04BF42
:10F98000A3EB02430B60704710B501460446072203
:10F99000FF20E7F7B3FDE07110BD0368012B81BFC5
:10F9A000C91801F1FF315B421940084670472DE943
:10F9B000F0410C4605460821C06AFFF7EEFF07221A
:10F9C00007462146FF206688B4F80480E7F796FDD5
:10F9D000E379834208D1A8894644C01BB04294BF52
:10F9E00000200120BDE8F0810020FBE738B5054686
:10F9F0000C46FFF7DCFFA0B1A08898B922884FF62B
:10FA0000FF739A420DD1E86A0821FFF7C6FF6288AA
:10FA1000AB899B1AB3FBF0F202FB1030B0FA80F016
:10FA2000400938BD0020FCE7F8B50446234680892C
:10FA30000D0C0A0C53F8301B2D0402FB00114FF083
:10FA4000FF3604F50C70984210D1A06AA28900F02C
:10FA500051FC50B9E26AA389527929462046FFF742
:10FA60005BFF002818BF6FF00500F8BD5F88BA4241
:10FA700008BF1E600433E6E7F7B504460D46C06ACA
:10FA80000821FFF78AFF2968074608232046FFF769
:10FA900035FF0646002836D12B683B442B60A289EF
:10FAA00099B2D21B91422ED11A0C03BFE28902F106
:10FAB000FF3203EB0241A3F58031296008236A4637
:10FAC0002046FFF71BFFE8B9E36A5A796B4613F843
:10FAD000011B8A420CD101300828F8D1636805E087
:10FAE0002B68BDF802201B0C1B0413442B600AE09A
:10FAF00069462046FFF77AFF0028F1D129462046C3
:10FB0000E9F75CF90646304603B0F0BD2DE9F04355
:10FB1000074689B090461E461BB9002009B0BDE8D3
:10FB2000F0833C688389080C14FA81F100FB03140C
:10FB3000FB6A1D686D4235400CD0B86A8368214667
:10FB4000D3F804902B46C8470028E7D1761BE4D0B1
:10FB50002C44A84432464146684601F0F8FEFD6A4E
:10FB60002A686979921B0DEB060001F018FFB86A4C
:10FB70002B688268214655686A46A847CEE738B5A3
:10FB80000A460D46082341680446FFF7BFFF0246B8
:10FB900028884FF6FF73984205D0FFF792FE0C308D
:10FBA000636844F82030E06A0821FFF7F6FE6368D6
:10FBB0001B1A6360104638BD13B54FF6FF73002261
:10FBC0000446ADF800308DF806308368ADF80420A7
:10FBD0006846ADF80230FFF7D7FE69462046FFF7CA
:10FBE000CEFF02B010BD2DE9F04F044695B0C06ABB
:10FBF0000821FFF7D2FE63681B0C1B04054603A90E
:10FC000020460393FFF7B3FEDDF80CB0A6895E44EF
:10FC1000761B06AA0823314620460496FFF76EFE9F
:10FC2000021EC0F2B480E36A06AA5979002312F8D2
:10FC3000010B814240F09A800133082BF7D1A36871
:10FC400062682B449A4280F0898059462046FFF72B
:10FC5000EBFE02469BE0BDF81A30360C36041E441B
:10FC6000049608AA04A92046DDF810A0FFF704FFB7
:10FC70000246002840F08B8008A92046FFF797FE37
:10FC800018B9019B9A45ECD1D9E7BDF82000FFF7E0
:10FC900018FE0C3054F820300593013304BF63681C
:10FCA00005930AAA05A92046059EFFF7E5FE024630
:10FCB00000286CD1BDF82820BDF820309A4227D00A
:10FCC0006268059B9A42ECD15645DAD1BDF82430E2
:10FCD000002BD6D0BDF822704FEA1A431B041F44F4
:10FCE00008A8A368ADF82230FFF74EFEE36ABDF81E
:10FCF00024901E68764206F02006B9F1000F0ED15E
:10FD000008A92046FFF73BFF02460028B9D03EE095
:10FD10000AA92046FFF74BFE0028D1D0D4E74E4574
:10FD2000B04628BFC8460CAA434639462046FFF7CE
:10FD3000E5FD024658BB4346A1680CAA2046FFF7E2
:10FD4000E5FE41460246E06AFFF727FEA36803444A
:10FD5000A360E2B9A9EB08094744CEE72046FFF7C4
:10FD60002BFF024600283FF470AF10E0731B06A97A
:10FD700020460193FFF73AFE00287FF46CAF04A9F8
:10FD80002046E9F71BF8024600283FF46AAF104608
:10FD900015B0BDE8F08F13B500240094E9F796FB89
:10FDA00002B010BD03785B075FBF03684288C3F3EE
:10FDB0004A2303EB12105DBF173020F007008008C4
:10FDC000002070470020704701F068B90346BFF378
:10FDD0005B8F53E8000F421C43E800210029F8D153
:10FDE000BFF35B8F70471FB50023CDE90201CDE95A
:10FDF00000331A4619461846EAF782F805B05DF84E
:10FE000004FB0120E9F766BD002070474368DA7102
:10FE100043681960436801225A71E9F74DBD70B516
:10FE2000D2E901369B1B8B420C4615460AD3136858
:10FE30000A460146981901F08AFDAB682344AB607D
:10FE4000204670BD6FF01B00FBE770B50E461546EF
:10FE50001946044618B9BDE87040E9F73BBD33B117
:10FE6000C2F34A231030120D184401F070FDC4E9AA
:10FE700000562046BDE87040E9F754BFF8B5064685
:10FE80000D4614461F4604B9F8BD214628463A4699
:10FE9000B047241A0544F6E710B542688168044665
:10FEA000D2E900230068FFF7E9FF636800221A60C7
:10FEB00010BD13B500240094D4F78EFF02B010BD1E
:10FEC0000A2838B504460D4602D10D20EAF7BAF8E3
:10FED00029462046EAF7B6F8002038BD2DE9F04360
:10FEE000054687B008460E8891F80090D1F8088042
:10FEF0000C461746EAF77AF8011EC6F38216C9F3D4
:10FF0000C2091EDB4846E9F71FFF03462146608809
:10FF100051F8102B0196C2F34A22002A01EB020489
:10FF2000C0F30B1008BF00210022CDE90407CDE982
:10FF30000214009241462846EAF7B2F807B0BDE83D
:10FF4000F0830023E2E743681B685B6800201961C7
:10FF5000704743681B681868EAF72EBA70B54368A3
:10FF60001D686B6818690C46E9F790FC214603464A
:10FF70000F222868BDE870401847036A1BB11B793F
:10FF80000B70002070476FF057007047006A30B167
:10FF9000BFF35B8F0068BFF35B8F00F00100704719
:10FFA000036A5BB1BFF35B8F53E8001F41F00101AF
:10FFB00043E80012002AF7D1BFF35B8F7047036A52
:10FFC0005BB1BFF35B8F53E8001F21F0010143E8F1
:10FFD0000012002AF7D1BFF35B8F7047036A3BB171
:10FFE000DB682BB11B6A1879B0FA80F040097047C2
:10FFF0000120704770B5056A04460E460DB1032313
:020000023000CC
:100000002B712046FFF7EAFF98B103212046B04745
:10001000002802DA10F1860F0BD1012125B9204604
:100020003346BDE87040184729712046B047002389
:100030002B7170BD10F0700F00F07F0201D0EAF755
:1000400047BC10F0800F18BF10320120904070475D
:100050002DE9F84306460F469046994604254B463F
:10006000424639463046EEF7B9FA10F10B0F044616
:1000700003D1FBF781F9013DF1D12046BDE8F883BA
:10008000006840B150F8043C5B688B42A0F104006A
:1000900001D04068F5E77047006850B150F8043C63
:1000A0005B685B689B788B42A0F1040001D04068DC
:1000B000F3E7704730B5006888B150F8043C5B68DE
:1000C0001A6A1D7F04380023043ADCB2A54201D825
:1000D0004068F1E7013312F833408C42F5D130BD6E
:1000E00008B5EBF739FA28B1406810F1100F14BFCA
:1000F0000020012008BD4B1CDBB28170817680F8A6
:100100002530C37600F8061C704750E90231D0F85C
:100110009C0018470369002283F84A20704703694E
:1001200093F84A0050B193F8480038B1D3F89020C2
:100130009388918910695B1A9BB2C01A7047036952
:10014000002283F84B207047036993F8490008B1F7
:1001500093F84B00704708B50246FFF7F5FF30B93A
:100160001046FFF7DCFF003818BF012008BD012052
:10017000FCE70369C3E9001270470229036908D04C
:1001800004290BD001290ED1D3F89430136000203C
:10019000704793F89B30C3F34003F7E793F89B3025
:1001A00003F00103F2E76FF08500704708B54029BE
:1001B00003693FD013D8102932D006D801291ED0A8
:1001C000082920D06FF0120008BD2029FAD193F839
:1001D0009C1001F0FB0152B341F0040127E0B1F59E
:1001E000807F30D0B1F5007F36D08029EAD193F8F6
:1001F0009C1001F0EF01D2B141F0100117E0C3F8FB
:1002000094200020E0E793F89C1001F0FE010AB171
:1002100041F0010183F89C100121EBF795FCF0E718
:1002200093F89C1001F0FD010AB141F0020183F83E
:100230009C10F2E793F89C1001F0F701002AF6D029
:1002400041F00801F3E793F89C1001F0DF01002A68
:10025000EDD041F02001EAE793F89C1001F0BF01D6
:10026000002AE4D041F04001E1E770B50469054699
:10027000D4F88C00E8F772FD94F8A0300646B3B1CC
:10028000D4F88C209388918912695B1A9BB2D31A97
:100290003F2B0CD994F89E3033B16B681B6A224611
:1002A000187B0021EBF7E6FC002384F8A0303046F1
:1002B00070BD08B50122FFF7D8FF013818BF4FF015
:1002C000FF3008BD0269D2F8901088898B880969CF
:1002D0001B1A9BB2994204BF002382F84830D2F81F
:1002E0008C30D9885B89994204BF002382F8493059
:1002F000012070472DE9F0418768FB6804460D46F0
:1003000016469847BB682BB1324629462046BDE8C1
:10031000F04118476FF05700BDE8F08108B50020A4
:10032000E8F7A8F801460068EBF76ABE08B5EBF7F6
:100330004BFFBDE80840EBF74BBF00210120EBF776
:100340005FBE61B662B680F31188BFF36F8F7047EE
:1003500072B6002383F31188BFF36F8FBFF34F8F03
:1003600030BF62B6BFF36F8F704772B6002383F35E
:100370001188BFF36F8FBFF34F8F20BF80F31188B9
:10038000BFF36F8F62B67047202809D9B0F1004FD4
:1003900008D80138B0FA80F0C0F11F004000704763
:1003A000082070473E2070474FF0FF307047F8F745
:1003B000AFBF08B500224FF480214FF00050F5F791
:1003C0005DF8F1F7EDFE4FF080430122C3F8002500
:1003D000BFF34F8F20BFFDE781707047002070474B
:1003E00038B50025044680F80C5429464FF4806245
:1003F0000C3001F0D4FA294604F20D404FF480721B
:10040000BDE8384001F0CBBA2DE9F04183680546DC
:1004100083B3DB6873B30024D0F8107500F20C4886
:1004200000F10C06224618F8013F0134A4B2E3B1F2
:100430003068411C4FEA830CC1EB8303002BB8BF2B
:100440005B42012B31600CDC3AB93260AB6821466B
:10045000DB6838469847012207E06145FBD13060F0
:10046000F9E7614501D1002AF9D1B4F5807F06F1A1
:100470000406D8D1BDE8F08143685B680020D971DB
:100480007047036942685B6852681374C3F30723BB
:1004900053740020704710B50369C0E90533002389
:1004A000C360837F044613B1407AEFF795F90123C7
:1004B000237700236377E377A37710BDF9F74CBA6E
:1004C000F9F700BB38B50446EDF7A8F9054660B169
:1004D000037A6BB120460024EFF722FA2846AC7766
:1004E000FFF7D9FF2C72204638BD6FF01500FBE7EF
:1004F0006FF07700F8E770B504460E461546EEF744
:100500001FF930B906B925B12046BDE87040EEF7B5
:1005100083B970BD10B50C46EEF758FAEFF31183AE
:10052000402282F31288BFF36F8F02692260027B40
:100530002AB9807D83F31188BFF36F8F10BD04202B
:10054000F8E7F9F79DBCF8B5069F0469C9B2EFF367
:100550001186402585F31288BFF36F8F0C25694300
:100560000C44A56C05F0070CBCF1010F0BD1A7647E
:1005700086F31188BFF36F8FC4E9102343685B587B
:1005800098470020F8BD05F0C005AF4286F31188FA
:10059000BFF36F8F0CBF6FF077004FF0FF30F1E7C4
:1005A00013B580240094FFF7CEFF02B010BD0069A0
:1005B000CBB200EB4310002110470020F5F71CB828
:1005C0000020F5F783B81046F9F75ABC8022EFF700
:1005D00051BD10B50346BFF35B8F53E8000F40EAEF
:1005E000010243E80024002CF7D1BFF35B8F10BD5C
:1005F0000A2810B5044602D10D20EFF72BFFE0B218
:10060000EFF728FF204610BD2DE9F3411C46904628
:10061000002382682360A36053690D4601AA6946DE
:100620009847019B5A1E019223B96FF0150002B042
:10063000BDE8F0810098A26847682168676085B9C5
:10064000A8EB02030668B34228BF33461A4403FBF3
:1006500007112160A26002689A4206D80830009013
:10066000DFE76B1AB3FBF7F3ECE70020DFE7134695
:100670000022FFF7C9BF4FF400020023C1E90023A5
:100680000020704718B901F11000F9F7F9BB704765
:100690007FB5FF238DF803300DF103030021019393
:1006A0000123CDE9023105238DF80C3003A801ABFD
:1006B00004910593F0F740F90028A8BF9DF80300C6
:1006C00007B05DF804FB1FB5002188420CBF06236C
:1006D000042301A8CDE9011103918DF80430F0F74E
:1006E0002BF9002818BF6FF0040005B05DF804FB7B
:1006F00013B501AA044600F012F9002805DB019B9E
:10070000226819791868F1F735FB02B010BD4FF077
:10071000FF324FF0FF33F9F717BC38B50569BFF367
:100720005B8F044605F1200353E8001F013143E8C5
:100730000012002AF8D1BFF35B8F2069FFF7E7FFB3
:100740006B6A23B92046BDE83840FFF729BC38BDA5
:1007500010B50269BFF35B8F044602F1200353E832
:10076000001F013943E800100028F8D1BFF35B8F68
:10077000536A2BB909B9F6F731FC2046FFF71FFC85
:100780002069BDE81040F9F77BBB10B50C4600F0BE
:100790007AFD0023C4E90003184610BD38B50546AC
:1007A0000C4600F070FD002D07DBA84205D9401B68
:1007B00084428CBF0020012038BD0020FCE770B5CA
:1007C0000D462846194616461C46FFF7E7FF28B98E
:1007D00021462846BDE87040F0F712BD24B12246FC
:1007E0002946304601F0B3F8002070BD43685B68CD
:1007F000D3F810350B600020704743685B6802EA4D
:10080000010021EA0201C3F80805C3F80C15002015
:10081000704743685B680020C3F808157047436859
:100820005B680020C3F80C15704743685A68D2F81B
:10083000043521EA03000B40C2F80805C2F80C3564
:100840000020704701298CBF6FF0850000207047A1
:1008500013B54FF080520829136E526E28BF08213D
:1008600012BA00921BBA0C460A466946019301F07F
:100870006EF8204602B010BDF1F722BA0022012125
:100880000320ECF723BA38B5044605690122114666
:10089000284600F06DFF012205F11000002100F054
:1008A00067FF2046BDE83840F1F7CAB90069F9F79B
:1008B0004BBB0069F9F7E4BA13B501AA044600F08E
:1008C0002EF8002805DB019B226819791868F1F7DA
:1008D00051FA02B010BD10B544680021606AFFF7FC
:1008E000EBFF2046BDE81040F7F7F6BF10B54468AF
:1008F0002046F8F715F8606A0121BDE81040FFF7BF
:10090000DBBF08B529B1012906D1FFF7E4FF0020BC
:1009100008BDFFF7EBFFFAE76FF08500F8E730B5A9
:1009200043681360057A446804EBC504A34202D30C
:100930006FF0010030BD5C798C4201D00833F0E7E4
:100940000020F7E770474368DB6B0020C2E9003006
:10095000704713B501AA0446FFF7E1FF002805DB45
:10096000019B226819791868F1F704FA02B010BDEA
:100970000129F7B5044632D147680021B86BFFF76B
:10098000E8FF002635463B6805F5AC7253F8223087
:10099000002B0EDB01A80193F1F7BCFA019AD0F805
:1009A0000435D34013F001031CBF0123AB40334394
:1009B000DEB20135042DE6D1002301206268916A80
:1009C00000FA03F232420CBF01220022D20321F8C6
:1009D00013200133042BF1D1002003B0F0BD89B9FD
:1009E00045682846F5F7C4FE2846F5F7F7FE0028C7
:1009F000FAD0236900221A605A60A86B0121FFF720
:100A0000A8FFE9E76FF08500E7E74368586870479B
:100A10004FF0FF324FF0FF33F8F79EBFF9F752B8AF
:100A20002DE9F041D0F80480044600691F460E46C7
:100A30001546FFF7EDFFD8F800103A463144284636
:100A400000F085FF2069FFF7E9FF0020BDE8F08195
:100A50002DE9F041D0F80480044600691F460D4698
:100A60001646FFF7D5FFD8F800003A46314628442D
:100A700000F06DFF2069FFF7D1FF0020BDE8F08195
:100A800038B5456804460069FFF7C2FF6A68286800
:100A9000002100F084FF2069FFF7C0FF002038BD6F
:100AA00008B5006900F046FE002008BD436858689C
:100AB00070474FF0FF324FF0FF33F8F74DBFF9F7B3
:100AC00001B82DE9F041D0F80480044600691F46C2
:100AD0000E461546FFF7EDFFD8F800103A463144B0
:100AE000284600F034FF2069FFF7E9FF0020BDE849
:100AF000F0812DE9F041D0F80480044600691F46DA
:100B00000D461646FFF7D5FFD8F800003A463146A5
:100B1000284400F01CFF2069FFF7D1FF0020BDE84A
:100B2000F08138B5456804460069FFF7C2FF6A687E
:100B30002868002100F033FF2069FFF7C0FF002084
:100B400038BD08B5006900F0F5FD002008BD437907
:100B5000014623B151F8060B83681B6818476FF0F4
:100B60008500704743681B68D3F88004C3F880048D
:100B7000704742681368D3F8100150B1D269002061
:100B800012780A70C3F81001D3F8102101221A60FC
:100B900070474FF0FF307047002A0FDD426813683E
:100BA000D3F8100158B10020C3F81001D269D3F86E
:100BB000100112780A7001201860704700207047F9
:100BC00010B5436819680369EFF31182402080F380
:100BD0001288BFF36F8F1868002484731B6801208C
:100BE000D8734FF48003C1F8043382F31188BFF344
:100BF0006F8F10BD03691A68012191731B68002271
:100C0000DA737047026911680346C87B40B15B68BC
:100C10001B68D3F8580118B100234B6113689889F9
:100C2000704743681B68D3F81001003818BF0120D3
:100C3000704743681B681022C3F804237047436859
:100C40001B681022C3F80823704743681B684FF4E1
:100C50000072C3F80423704743681B684FF40072A6
:100C6000C3F80823704738B543681D68D5F80433C6
:100C70005B02044605D4D5F8040310F0100006D139
:100C800038BDFFF7BFFF0028F5D00120F8E7204668
:100C9000FFF7C7FF003818BF0120F1E701207047B8
:100CA0000369186801601B685A60704773B5436830
:100CB0000E460DF107011C681546FFF75EF99DF819
:100CC00007306BB9C4F84465C4F84855C4F82031FE
:100CD000D4F82021C4F85831D4F858310123A36046
:100CE00002B070BD02680346D2F8580140B95B6893
:100CF000DB0706D4D2F82001003818BF0120704766
:100D000001207047F8B5066933689C89BFF35B8F93
:100D10009442A8BF144605461433012253E8000F3D
:100D2000002803D143E80027002FF7D1BFF35B8FE2
:100D30000CBF134600231ED133682246986800F08A
:100D400006FEEFF31187402383F31288BFF36F8F02
:100D50006868FFF7C7FF336838B95861044687F3FE
:100D60001188BFF36F8F2046F8BD99682246284648
:100D7000FFF79CFFF3E71C46F5E710B443680269F0
:100D80001B68D3F80413C90517D5D3F82011A1B1F6
:100D9000EFF31181402484F31288BFF36F8FD3F8EF
:100DA000204134B10024C3F82041D3F8204101246C
:100DB000DC6081F31188BFF36F8F1168D3F858415D
:100DC00071B184B100244C611168C97B19B94FF429
:100DD0008001C3F8081311688C7B24B100238B7346
:100DE0005DF8044B7047D3F8241121B10021C3F8FA
:100DF0002411D3F8243112681368002BF0D0516805
:100E00005DF8044B184713B501AA0446FFF787FDA8
:100E1000002805DB019B226819791868F0F7AAFF02
:100E200002B010BD01292DE9F84305460E4624D134
:100E300043680021D868FFF7E6FF6F682D693C68BA
:100E4000F8680021FFF7DFFF0823C4F800353B7A7C
:100E500083B9FA69C4F83425C4F83865C4F8103188
:100E6000D4F8103126602B6823B11B7C13B11023FA
:100E7000C4F804330020BDE8F883002963D1D0F81A
:100E80000480D8F80040D4F84C3123B302691168CB
:100E900051B1D4F80433C3F300130B7413681B7CF3
:100EA00013B11023C4F8083301236360D4F844312C
:100EB000002BFBD00023C4F84C31D4F84C21C4F8EB
:100EC0004431D4F84421C4F81031D4F81021C4F8C6
:100ED0002431D4F824316A68D2E9006313F001099F
:100EE00017D14FF48073C6F808334FF47A776868E7
:100EF000FFF7F8FE20B9012000F0F4F8013FF6D129
:100F0000D6F858312BB9C6F82031D6F82031012354
:100F1000F3604FF47A75D6F8583123B9012000F008
:100F2000E1F8013DF7D1B9F1000F03D14FF480731F
:100F3000C6F80433D8F80C000121FFF764FF002342
:100F4000C4F8003596E76FF0850094E707B50DF11A
:100F50000701FFF712F89DF8073003F0FD03012B9E
:100F600014BF6FF00F00002003B05DF804FB0022F7
:100F700001212F20EBF7AABE10B50B6813B913603F
:100F8000184605E003685C681CB1146003681868C3
:100F900010BD083303600B68013B0B60EDE713B530
:100FA00001AA0446FFF7BBFC002805DB019B226871
:100FB00019791868F0F7DEFE02B010BD012970B58E
:100FC0000C4606D14368D86B0021FFF7E8FF0020EC
:100FD00070BD61B90669456896F85D3023B1284651
:100FE000F7F79AF886F85D40E86B0121EDE76FF0BE
:100FF0008500EDE710B503680446DBB19868C8B119
:1010000049B1197B0122F1F7D5FC23681869BDE8C5
:10101000104000F034BB12B99A88D2040AD418697F
:1010200000F02DFB23680022BDE81040197B986872
:10103000F1F7C0BC10BD10B5012200210446FFF736
:10104000D9FFA36933B9636004F11000BDE8104013
:10105000F8F716BF10BD10B5006903688B4206D1C2
:1010600090F85C4034B9FFF7E6FF204610BD6FF002
:101070001500FBE76FF00F00F8E738B50569044687
:10108000296305F12000F8F7FBFE002285F85C20BB
:1010900020691146BDE83840FFF7ACBF08B5F2F74C
:1010A00083F908BD036893FAA3F318061A0A40EA05
:1010B000136002F47F421B02104303F47F031843C2
:1010C000704708B5CFF704FF002008BDFBF7E6B96D
:1010D00008B5EAF7A9FEEAF77DFFBDE80840FBF78F
:1010E000DDB9004700F0CBBA0001090400F18040EF
:1010F00012B1C0F804197047C0F808197047C00051
:1011000000F1804000F5F830C0F81015C0F8142543
:101110007047F5F753B943090AD0012B0BD14FF6AD
:10112000FF7300F01F0023FA00F000F00100704789
:101130004FF0FF33F5E7002070472DE9F3410190B0
:1011400001A8DDE908580C4617461E46F4F722FBB5
:10115000019B391E18BF012100EB8300231E18BF1D
:101160000123002E43EA410314BF0C210021002D6E
:1011700043EA010314BF4FF4E0610021B8F1000F0E
:1011800043EA0103D0F8002714BF4FF44031002197
:101190000B4322EA030304B124780FB13F787F00A8
:1011A0001C430EB13678B6003C438DB12978090254
:1011B0003443B8F1000F03D098F800804FEA084894
:1011C000214341EA0801C0F8001702B0BDE8F081F0
:1011D0002946EDE71FB50DF10F03019300238DF8AC
:1011E0000F1000931A461946FFF7A7FF05B05DF8E8
:1011F00004FB08B50146F4F73DFB10B10846F4F7CF
:1012000053FB00F0010008BD38B5054608460C4602
:10121000F4F74AFBB0B10846F4F72CFB90B9084646
:10122000F4F71CFB2A6801238340C2F808332A68BC
:1012300003B202EB8303D3F8102522F00302C3F8B4
:10124000102538BD20460021BDE83840FFF7C2BF59
:10125000F4F702BCFFF7D8BF0846F4F78FBB03468C
:1012600008464FF080510A6949694A43934208D3BE
:1012700040B1A3F11023B3F5427F2CBF0020012021
:101280007047012070474FF080531A6958695043E6
:1012900070474FF08053186970474FF0805358697A
:1012A000704700F180431A68002A1FBF00221A60AD
:1012B0001B68012008BF002070474FF080434FF4A7
:1012C0006072C3F8042370474FF080434FF460729C
:1012D000C3F80823704708B5F4F7DEFFBDE80840FF
:1012E000F4F70EBA30B5A2F58075AD080124AC4014
:1012F0000C4207D0815829B10021815082581A68C8
:1013000022431A6030BD13B500230C4601934FF4FD
:10131000887201ABFFF7E6FF21464FF48A72FFF7B0
:10132000E1FF21464FF48E72FFF7DCFF21464FF4B8
:101330008272FFF7D7FF21464FF48472FFF7D2FF86
:1013400021464FF48672FFF7CDFF4FF48C72214691
:10135000FFF7C8FF019802B010BD30B502240C722F
:10136000CA6004680125C4F80055096879B112F013
:10137000040F0CBF82219221150748BF41F02001C4
:10138000D406046848BF21F08001C4F800139B0014
:101390000168083312F0800006BF0122CA50C81845
:1013A00030BD0021F5F756BB0223F5F7B5BA03238C
:1013B000F5F7B2BAA1F5807310B59B08012404FAC1
:1013C00003F318400CD001F1804101F5E0410868B9
:1013D00030B1002008600968116819431160204687
:1013E00010BD08B500210120F5F77AFF0028F9D0DB
:1013F00008BD70B5A2F58074A408012606FA04F4AD
:10140000054614EA010008D0A85830B10021A950BF
:10141000AA581A6822431A60304670BD2DE9F3417C
:10142000002304460D460193904601AB4FF4A6728B
:10143000FFF7DFFF4FF4827229462046FFF7D9FFFE
:101440004FF48C72074629462046FFF7D2FF064626
:1014500030B1B8F1000F1DD017B1D4F83C353E467D
:1014600001AB4FF4887229462046FFF7C2FF30B126
:10147000B8F1000F03D016B90FB1D4F83C3501AB69
:101480004FF4907229462046FFF7B3FF019802B04F
:10149000BDE8F0814646E3E707B5019001A8F6F7FD
:1014A0003BFC019A01239340C0F8083503B05DF876
:1014B00004FB07B5019001A8F6F72EFC019A012361
:1014C0009340C0F80C3503B05DF804FB91F8202080
:1014D0000346032A29D8DFE802F0212519028A6889
:1014E000500304D5D3F84C250869904207D18A6887
:1014F00052031AD4D3F84C258969914215D00020A3
:101500000622C3F80005C3F800257047D3F84C2520
:1015100008699042F3D1D3F83C25EDE7D3F84C2588
:101520000969EAE7D3F83C25FAE70120704730B5AE
:10153000A2F58075AD080124AC400C4207D081585B
:1015400029B10021815082581A6822431A6030BDA7
:1015500013B500230C4601934FF4A47201ABFFF7BF
:10156000E6FF21464FF48272FFF7E1FF21464FF478
:101570009272FFF7DCFF21464FF4A872FFF7D7FF06
:1015800021464FF4A672FFF7D2FF21464FF4B07206
:10159000FFF7CDFF4FF4AE722146FFF7C8FF019869
:1015A00002B010BD07B5019001A8F7F7F1FC019A50
:1015B00001239340C0F8083503B05DF804FB0369CC
:1015C000C26893429CBF81685B18013B981A7047C0
:1015D0002DE9F041D0E902840546A8EB04064068F5
:1015E000964220440F46144404D900F0B0F9EC6050
:1015F000BDE8F0813246A4EB080400F0A8F9686861
:101600002246B919F1E72DE9F843C568064689462F
:1016100017464FF000083369B46870689D4228BFD0
:101620001B19641BBC4203F1FF3328BF3C465B1B04
:101630009C4228BF1C4649462844224600F087F9B0
:10164000B3682544AB4208BF00253F1BA044A1441A
:10165000F560E0D14046BDE8F88308B5F7F7F4FD42
:10166000002008BDEFF31180402383F31288BFF3FD
:101670006F8F704780F31188BFF36F8F704708B189
:10168000EBF790BE704740B1C368587810F0010086
:101690001EBF1878B0FA80F04009704710B5436952
:1016A000044633B90020E268537843F001035370D5
:1016B00010BD98470028F5D00028B8BF4042E36825
:1016C000FF28A8BFFF201870EDE700F068B900F010
:1016D0003EB98169C36843EA010212F003020FD1E7
:1016E00002614269013A01FB0233C2689A4201D9A0
:1016F0000020704702691A60826903619B1AF4E74F
:101700006FF01500704710B5C0E905320023C160C5
:10171000C36183600446FFF7DCFF0028A8BFC4E96B
:10172000004410BD90F90E308B4201D0F9F714BC83
:101730000020704703460020C3E90200C3E90033DC
:10174000704710B5044630B10268930703D044686F
:1017500009B100F0DAF8204610BD07B50123009367
:1017600000230A461946F8F771FA03B05DF804FB46
:101770003AB18A4205D3C0E90212C0E90000002054
:1017800070476FF015007047026801238B4022EA12
:101790000303036022FA01F000F00100704720B15A
:1017A00000221146EC30FAF7F5B8704710B5F8F79B
:1017B00051FE041E08DDEFF31180402383F31288ED
:1017C000BFF36F8FF9F7FEFC204610BDEFF30580E5
:1017D000003818BF0120704760307047D0E90032F0
:1017E00013605A600023C0E90033704738B50446DF
:1017F0000D46F9F759F8637B43F002036373E5B1D3
:10180000A5602B689D4209D16B68C4E900531C6038
:101810006C6012E06A689A42F6D01B68002BF3D025
:1018200094F90E2093F90E108A42F3D09142F1DD23
:101830005A68C4E9003214605C6038BD0121183870
:10184000F9F7A2BA10B50446F9F768FA04F11800DE
:10185000BDE81040FAF7FEBA38B504680546AC4258
:101860004FF0000000D138BD002CFCD02046FFF71F
:10187000E9FF2046F9F746F92C680120A542F1E777
:1018800008B50246FAF7EEF970B1D0E904319B1AB7
:1018900061EBE272B3F1004F72F1000104DA002A49
:1018A000ACBF1846002008BD6FF00040FBE708B54C
:1018B000FAF7AEFB08BDFAF7ABBB0023C0E908128C
:1018C00000F11802C0E90622C0E900330363436354
:1018D000704710B50446FAF7BDFAA8B9636A0BB1B0
:1018E0002046984704F11800F9F7FAFA60B1F9F7C1
:1018F00009F9EFF31180402383F31288BFF36F8F50
:10190000BDE81040F9F75EBC10BD20B1011F50F8D2
:10191000040CFAF76BBD704710B400F10C04C0E979
:101920000344002444615DF8044BE5F737BE10B56D
:1019300001390244904201D1002005E0037811F8FA
:10194000014FA34201D0181B10BD0130F2E70A4439
:10195000914200F1FF3300D1704710B511F8014BEF
:1019600003F8014F9142F9D110BD884210B501EB47
:10197000020402D98442234607D8431EA14208D05C
:1019800011F8012B03F8012FF8E7024401468A42BF
:1019900000D110BD13F8014D02F8014DF7E70244E4
:1019A0000346934200D1704703F8011BF9E7C9B21F
:1019B0000346184613F8012B12B18A42F9D1704739
:1019C000002918BF0020704710B50139034632B115
:1019D00011F8014F03F8014B013A002CF7D11A44DA
:1019E0000021934200D110BD03F8011BF9E710B5A7
:1019F000024601448A42134603D01C780132002C6F
:101A0000F8D1181A10BD10EE103A23F0004300EE82
:101A1000103A7047FBF7E8BBB1EEC00A704751ECD3
:101A2000100B024621F0004343EC102B704782B0AC
:101A30008DED000B019840F0004000F58010C00FC4
:041A400002B0704739
:081A440056F5FC7F01000000D3
:101A4C0061D301000000000000000000941B0300A3
:101A5C005B16030000000000CD96020000000000A1
:101A6C00ADC302000000000000000000B81B030022
:101A7C0000000000DC1B0300C3100300000000008A
:101A8C00CD1003000000000000000000241C030027
:101A9C0000000000001C0300E50302000000000031
:101AAC006504020000000000053602000000000082
:101ABC00F19601000000000021D30100000000009D
:101ACC00000000006C1C030000000000901C0300D0
:101ADC0000000000B41C030000000000D81C030030
:101AEC006DBD01000000000000000000481C030058
:101AFC00D11003000000000071C4020000000000BF
:101B0C0000000000FC1C030000000000201D03006E
:101B1C00000000008C1D030000000000441D0300A9
:101B2C0000000000681D030000000000B01D030051
:101B3C0045D901000000000000000000F81D030062
:101B4C0000000000D41D0300E18400000000000030
:101B5C00D578000000000000DD8A000000000000C5
:101B6C008537010000000000354201000000000034
:101B7C009FE80200000000009D56010000000000DC
:081B8C00E9590100000000000E
:101B9400FFAE0300042E0300C0220300EA0C002061
:101BA400905300201101020000000000000000001A
:101BB4000000000093B20300B82E03001C220300AF
:101BC400F00C002020540020451502000000000005
:101BD400000000000C0A0020A1B20300D02E030074
:101BE4001C220300F20C00202C5400204515020096
:101BF40000000000000000001C0A002084A1030073
:101C0400580F0020DC220300E40C002070050020A3
:101C140001BB010000000000000000000000000003
:101C2400D4B703000030030028230300040D002070
:101C34006C0A00205128020000000000000000008F
:101C44005C0A0020CA5003007C0F0020F02D030022
:101C5400E60C0020D0430020DD0303000000000058
:101C640000000000000000006DB50300B82F030061
:101C740060220300F80C002064540020A10A030031
:101C840000000000000000000000000080B5030018
:101C9400C02F030060220300FA0C002078540020B7
:101CA400A10A030000000000000000000000000082
:101CB400ADB50300C82F030070220300FC0C002004
:101CC4008C540020430B03000000000000000000BF
:101CD40000000000ADB50300D02F03007022030004
:101CE400FE0C0020A0540020430B03000000000061
:101CF40000000000000000005CB10300242E03007B
:101D040004220300EC0C0020E4090020DD0A020098
:101D14000000000000000000D4090020B5AE03005C
:101D240000000000E0210300E80C00200000000097
:101D3400D1FB0100000000000000000000000000D2
:101D440007B2030000000000EC210300EE0C0020A9
:101D54000000000045120200000000000000000026
:101D64000000000099B30300E82E030040220300A2
:101D7400F40C00203854002087080300790803007D
:101D8400000000002C0A002057B50300442F030074
:101D940058220300F60C00205C540020691F020046
:101DA40000000000000000003C0A00205BBA0300B1
:101DB4005C300300B8220300060D0020A40A0020B2
:101DC400012A02004D0F030000000000940A0020C5
:101DD4000BB603000000000080220300000D002069
:101DE400B4540020BD2202000000000000000000E6
:101DF4000000000083B70300D82F03009C220300D7
:101E0400020D0020882F0020D524020000000000CD
:081E1400000000004C0A002050
:101E1C00D7120300E3100300000000003B03030093
:101E2C00241C03007B0D0300E98D0200E31003006A
:101E3C00000000003B030300000000003B03030014
:101E4C002D5F0200E3100300FD7A0200E310030093
:101E5C00000000003B030300000000003B030300F4
:101E6C00000000003B030300000000003B030300E4
:101E7C00D41D0300FD210200000000003B03030001
:101E8C00000000003B030300000000003B030300C4
:101E9C00000000003B03030000000000ED330200D3
:101EAC00000000003B030300000000003B030300A4
:101EBC00000000003B030300000000003B03030094
:101ECC00000000003B030300000000003B03030084
:101EDC00000000003B030300000000003B03030074
:101EEC00000000003B030300000000003B03030064
:101EFC0019680200E3100300000000003B0303001C
:101F0C00000000003B030300000000003B03030043
:101F1C00000000003B030300000000003B03030033
:101F2C00000000003B030300000000003B03030023
:101F3C00000000003B030300000000003B03030013
:101F4C00000000003B03030085EF0100E3100300D9
:101F5C00000000003B03030029710200E3100300A2
:101F6C00000000003B030300000000003B030300E3
:101F7C00000000003B030300000000003B030300D3
:101F8C00000000003B03030049840200E31003003F
:101FA000C82300208083002000010000815D010023
:101FB000000000000000000000000000060000001B
:101FC00000000000F7960300000000000000000081
:101FD000E8180020006E00200004000019940000A2
:101FE00000000000000000000000000006000000EB
:101FF000020000004957030000000000000000003C
:10200000001500200063002000020000A175000000
:1020100000000000000000000000000008000000B8
:10202000020000002F430300000000000000000039
:1020300018210020807F0020800000000BE80200B3
:10204000000000000000000000000000060000008A
:102050000000000035930300004000000000000075
:10206000F015002080650020000200001D800000A7
:10207000000000000000000000000000060000005A
:1020800000000000394503000000000000000000CF
:10209000501F00208078002000020000B1430100A2
:1020A000000000000000000000000000060000002A
:1020B00000000000808F030000000000000000000E
:1020C00038200020007B002000040000414C01006B
:1020D00000000000000000000000000006000000FA
:1020E0000000000025930300000000000000000035
:1020F000381D0020807200200001000081340100A2
:1021000001000000000000000000000007000000C7
:1021100000000000CD8A0300000000000000000065
:10212000D82200200082002000010000C5530100D9
:102130000000000000000000000000000600000099
:10214000000000000D9403000000000000000000EB
:10215000F821002080800020000100009153010040
:102160000000000000000000000000000600000069
:1021700000000000F79303000000000000000000D2
:10218000A824002000850020000100003157010034
:102190000000000000000000000000000600000039
:1021A000000000000897030000000000000000008D
:1021B0008825002080860020000200005D5F01006D
:1021C0000000000000000000000000000600000009
:1021D000000000001797030000400000000000000E
:0C21E00061FA0100E5FD0100580200005A
:1021EC00BF070300D9130200F1120200F91102001B
:1021FC008B070300E9110200B50E0200710D0200FD
:10220C0021100200310902007706030021090200A7
:10221C0015170200ED070300FB070300130803006A
:10222C001F0803002B080300F1150200C51402005F
:04223C00000000009E
:10224000391B0200000000004D19020000000000D0
:0822500000000000E51A020085
:08225800E91F02004709030021
:102260000B0A0300210A0300510A0300810A03003C
:10227000AD0A0300C30A0300F30A0300230B0300A3
:102280000000000000000000000000001522020015
:10229000D12102000000000000000000000000004A
:1022A0000000000000000000512402006D23020025
:0822B000000000000000000026
:0822B800A52D020057100300E0
:1022C00069010200CD050300A10503000000000024
:0C22D000410002000000000000000000BF
:1022DC00B30203008DBB010000000000B9B901007E
:1022EC006B02030099B90100150103001F010300E3
:1022FC0079B901003F01030000000000490103000F
:10230C00000000000000000057010300C50203009C
:10231C0073010300AD0103007B010300730B030089
:10232C00B9270200650B0300050D0300990B030090
:10233C00C10B0300F50B0300050C0300330C030069
:10234C003F0C0300050C0300230C03004B0C030093
:10235C00590C0300670C03009D0C0300A10C030037
:08236C00000000000000000069
:1023740083800300040000002759030004000000C8
:10238400AB8303000400000032810300040000005A
:10239400CC790300040000006E7C030004000000FC
:1023A4003A8C030004000000828103000400000052
:1023B400D3810300040000002B8B03000400000001
:1023C4007D82030004000000F87C03000400000088
:1023D400687D030004000000F27E03000400000096
:1023E400E7820300040000004F83030003000000A1
:1023F400708F030003000000275403000300000053
:1024040032980300030000001AAF03000300000029
:10241400B44F030003000000444303000300000022
:102424007D500300030000009CBB03000300000078
:102434004745030003000000A5BA030003000000A1
:10244400A4A103000300000021B203000300000064
:10245400399B0300020000005F57030003000000E3
:102464008551030003000000AFB203000300000025
:10247400A6B3030003000000B5AC03000300000092
:10248400759B030003000000DE9B030003000000B3
:10249400999D0300030000009F5103000300000006
:1024A4004EA80300030000004BAE0300030000002D
:1024B40058C1030003000000B09D030003000000A6
:1024C400AE8803000300000064B5030003000000AD
:1024D40069B103000300000093B50300030000008A
:1024E400B9B5030003000000E38A03000300000001
:1024F4001F80030003000000D08C030003000000D1
:102504005783030003000000448403000400000018
:1025140001850300040000009BA1030003000000E8
:1025240046A903000300000068BA0300030000008A
:10253400244003000300000084BA030003000000E9
:1025440019B603000300000057BB03000400000099
:10255400E2B70300030000002A9703000300000011
:10256400A5A0030001000000589F03000100000023
:102574005FAA030002000000F4AD030001000000A4
:1025840077A103000100000093B7030003000000DB
:10259400382D0300803A00204B9D03000100000009
:1025A4007C2D0300600900207790030000000000E8
:1025C00001000000000000000102000058020300AA
:1025D000002000000AD7A33E0AD7233E0AD7A33D16
:1025E0000AD7233D0AD7A33C0AD7233C0AD7A33BEB
:1025F0000AD7233B0001020304050607FF00000081
:10260000FF000000FF000000FF000000FF000000CE
:10261000FF000000FF000000FF000000FF000000BE
:10262000FF000000FF000000FF000000D8ECF0F405
:10263000F8FC000203040506070800000000000083
:102640000000000000000000000000000000010188
:10265000010102020202030303030404040405054A
:10266000050506060608090000000000000000003D
:102670000000000000000000000000010101010254
:10268000020202030303030404040405050505060E
:10269000060708090A0B0C0D0608080102060010BF
:1026A0000200FA000000FCDE41EBA2D1422400B59A
:1026B000F8579FAC9D9EAAC9B43400004F0F00008C
:1026C0005B0F00005F0F0000670F00006B0F000042
:1026D00000000000C201000000080000000000002F
:1026E0000338FDD870470000763C7935EF39EA3D74
:1026F000763C7935EF39EABD0000E0FE422EE63F38
:102700000000E0FE422EE6BF000000000000E03FB7
:10271000000000000000E0BFE0930400F4010000AE
:1027200088130000983A0000983A0000A0BB0D0002
:1027300080CBA400000000000000000000000000AA
:102740000000000000000000000000000000000089
:102750000000000000000000D24F0300D64F03002D
:10276000DB4F0300DF4F0300E44F0300E84F03009B
:10277000ED4F0300F14F0300F64F0300FB4F030042
:1027800001500300065003008C9C03003E7A0300B6
:1027900011A00300E6AA0300D55203000C50030069
:1027A0008C9C03000E5003001250030017500300CE
:1027B0001C500300265003002C500300315003002E
:1027C000375003003E5003004350030048500300BD
:1027D0004C50030021500300515003005B50030094
:1027E00061500300665003006C50030073500300F7
:1027F00078500300000000000000000099840000F1
:1028000001DE0200C985000000000000A7DE020012
:10281000A9DE0200BBDE0200ABDE0200B5DE020074
:10282000B9DE0200ADDE0200BDDE0200BFDE020046
:10283000AFDE0200B1DE0200C1DE0200B7DE020040
:10284000B1A70000F1A700001DA8000045A80000E6
:1028500091A8000009A90000C3DE020021A9000020
:1028600035A90000AFDE0200B1DE020051A9000070
:1028700045A9000051B3000021B10000DDA900000E
:10288000EDAA000059AE000019AF00001DAD000018
:10289000B1AD000021DF020099AC00005DB0000086
:1028A0004DE7020011BE00003DBF00004DB7000023
:1028B000E5BA000055B8000029B900005DB7000076
:1028C000D9B7000065BA0000B1DF02002DBD0000DD
:1028D0004DE7020081CA0000A5CB00000F000000F8
:1028E0004DC50000C5C600009DBF000001C300002B
:1028F000C1C8000065C100006DC00000E9C0000053
:1029000031E0020005E00200ADBF0000D9CC0000BC
:10291000F1E00000F9E8000081DD000031DF000097
:1029200011E400003DCE0000C9CE000091E300009C
:10293000A3E0020095E5000051E8000015E6000064
:1029400005D40000F9E8000049CF000029D10000BB
:10295000C1D4000091D0000011E3000091E3000019
:10296000A3E0020009D6000085D6000015E60000AD
:1029700081DA0000F9E800002DD7000075D80000CA
:1029800081DB0000A5DE000011E3000091E3000000
:10299000A3E0020095E50000CDDC000039DC00007A
:1029A00059E90000F5E6000008000000F1E0000031
:1029B000F9E8000081DD000031DF000011E40000D3
:1029C000A5DE000011E3000091E30000A3E0020097
:1029D00095E5000051E8000015E60000D1EF000089
:1029E00029F10000D1EE000081EE000089F1000025
:1029F000E9EF0000EDF100008DEE00000909001183
:102A0000EDF700008DF7000055F5000039F20000E9
:102A100041E10200D9F600007937010045F20000DB
:102A20000608004249FB0000A9FC0000D1F90000A3
:102A300061F900005BE1020061FB0000D1FB0000D6
:102A40006DF900000909023195FE0000E1FF000068
:102A500061FD000015FD000041000100ADFE000019
:102A60007937010021FD000006060011E90101008F
:102A700055030100B500010069000100B503010024
:102A800021020100793701007500010006060011DE
:102A900015050100DD0501001D040100DD03010035
:102AA0003D0601002D050100ABE10200E903010034
:102AB00006060068610801008D090100E1060100B9
:102AC000A1060100DFE10200DD080100F7E10200DC
:102AD000AD06010006060028010E01001D0D0100D3
:102AE000A10A0100290A01007D0D0100E90B010086
:102AF000750E0100350A01000607000045110100AE
:102B000047E2020031100100DD0F0100ED1101006C
:102B10002912010079370100E90F010006060001C2
:102B200005000000060000000A000000040000008C
:102B3000060000000A000000040000000100000080
:102B4000060000000A00000004000000070000006A
:102B500008000000090000000B0000000C0000004D
:102B6000030000000E000000000000000E00000046
:102B70000D0000000F000000100000001300000016
:102B8000110000001200000003000000020000001D
:102B9000060000000000000001000000020000002C
:102BA000080000000900000003000000040000000D
:102BB0000500000007000000070000000A000000F8
:102BC0000B0000000C0000000D0000000E000000D3
:102BD0000F000000100000001100000053E7020089
:102BE00067E702005BE702006D37010065E702005E
:102BF00061E702007937010059E70200FFFF00009A
:102C000025E702002BE702002DE702002FE7020074
:102C100035E7020039E702003DE7020063E7020002
:102C20003FE7020045E7020049E702004DE70200E6
:102C300010270000102700001027000010270000B8
:102C400010270000DC1B030010000100DC1B030048
:102C50000F000100DC1B03000E000100DC1B030061
:102C60000D000100DC1B03001E0007000000000037
:102C7000EB09A4933D1AECB4D6134827913D7CFA96
:102C80007A34D869AC27904E472E34DDC9725C6720
:102C9000227BF8F4F468B0D31F611440584F209D94
:102CA000B346840E6555CC298E5C68BA00000000DE
:102CB0006410B71DC8206E3BAC30D9269041DC763D
:102CC000F4516B6B5861B24D3C7105502083B8EDE7
:102CD00044930FF0E8A3D6D68CB361CBB0C2649B0B
:102CE000D4D2D38678E20AA01CF2BDBD48270020CA
:102CF0008001000003FE0200A5FD020002000000AA
:102D0000DDFE0200000000000000000000000000E6
:102D1000000000002B9D0300339D03000000000015
:102D200000000000000000003B9D03003F9D0300E9
:102D3000439D0300479D030061A4010055A40100C9
:102D400085A401003DA401000000000049A4010089
:102D500000000000E1A40100883A0020D45B0020BC
:102D6000100000006C2D0300983A0020BDA5010062
:102D7000B03A0020E45B0020010000005DFF02008B
:102D800053FF020069A50100E1A501000000000059
:102D900047FF020000000000000000001D030300C8
:102DA000C0090020B8090020B00900200000000080
:102DB000A809002041BF010035BE010089BE010005
:102DC000E9BE0100000500200000000000000B0625
:102DD00002000000D82D03000000000001A903003C
:102DE000260002020000002009A9030022000B11A6
:102DF00000000000E9DA010005000200E90002001D
:102E000000000000710202009D0102000EAF0300ED
:102E1000BB050300C105030014AF0300040000005C
:102E200000FF0000000000000000000000000000A3
:102E30000000000000000000000000000000000092
:102E40000403000000000003F40100000001010081
:102E500000008000C22817005C2E03000090024092
:102E6000682E030002000000902E03000600000000
:102E7000782E0300060100001380001D1480001F3F
:102E80001580002016800021178000221186001E68
:102E90001318001D1418001F151800201618002103
:102EA000171800221118001E000800000010000072
:102EB0000400000000FF0000FFFF000000030050BE
:102EC0000000000001000000006000400000000061
:102ED000BCF801FF000000500000000000000000EE
:102EE00000600040000000000030004000000000D2
:102EF000000000000000000000004006000001018A
:102F000015190200FF0300007D080300182F0300BD
:102F1000045C0020FFFF000000300040242F03006D
:102F2000020000003C2F030002000000342F0300C9
:102F3000020100001A80000C1B80000B1A00000C1C
:102F40001B00000B00C0014000000000000000005A
:102F50000000000000000000000000000000000071
:102F600000040000E803020101010000B65900203E
:102F7000040000000000000000000000842F030097
:102F80000024F40000C00140902F03000200000064
:102F9000AC2F030003000000A02F0300030100007A
:102FA0000D8000160E8000170F8000180D200116EE
:102FB0000E2001170F20011820050040010000001D
:102FC0001C050040010000007C7F00200400000080
:102FD00000F0032000100000201D0300010000008D
:102FE000000000000000000000000000D84D0200BA
:102FF00038C70000B81B03000D000000640000008B
:10300000002000400100000000000000203003000C
:103010000000D601000000000460002003600020D2
:10302000002000402C300300020000004C30030060
:10303000040000003C300300040100000680000092
:1030400008800001058000020780000306000000E0
:1030500005000002080600010706000300F0024018
:10306000000000000048E80100000000000000002F
:1030700000000000FFFFFFFF0000FF000000000055
:1030800000000000FFFFFFFF020000010100000040
:103090006F0F0300FFFF0000AC300300FFFFFFFFD6
:1030A00000000000000000000000000000F00240EE
:1030B000B830030002000000D43003000300000019
:1030C000C8300300030100001C8000052A800006B0
:1030D0001D8000041C0000052A0000061D000004DD
:1030E000DC1B03001F0001000000000000A00040E6
:1030F00000000000810000000C0000000000000043
:103100000000000000A00040000000007C00000063
:103110000C0000000000000000000000920E493C7E
:10312000B10AC93C2BC3163D2EFB483D752B7B3D98
:1031300004A9963D80B6AF3D36BDC83D2FBCE13DEC
:1031400073B2FA3D87CF093E8340163EB5AB223EAF
:10315000A2102F3ECF6E3B3EC2C5473E0115543EE6
:10316000135C603E7F9A6C3ECCCF783EC07D823E41
:10317000938E883E229A8E3E32A0943E86A09A3E3E
:10318000E59AA03E128FA63ED47CAC3EEF63B23EE1
:103190002A44B83E491DBE3E15EFC33E53B9C93E51
:1031A000CA7BCF3E4136D53E80E8DA3E4F92E03EC4
:1031B0007533E63EBBCBEB3EEA5AF13ECBE0F63E42
:1031C000275DFC3EE4E7003F3D9C033F824B063F0A
:1031D0009BF5083F6B9A0B3FDA390E3FCDD3103F7A
:1031E0002A68133FD9F6153FC07F183FC6021B3F20
:1031F000D17F1D3FCBF61F3F9967223F25D2243F49
:103200005636273F1594293F4AEB2B3FDE3B2E3F96
:10321000BB85303FC9C8323FF304353F233A373FBF
:103220004268393F3B8F3B3FF9AE3D3F67C73F3F69
:1032300070D8413F01E2433F03E4453F65DE473F2D
:1032400012D1493FF8BB4B3F029F4D3F207A4F3F81
:103250003D4D513F4918533F31DB543FE595563FB3
:103260005348583F6AF2593F1A945B3F532D5D3FD4
:1032700005BE5E3F2146603F97C5613F5A3C633FB4
:1032800059AA643F880F663FD86B673F3CBF683FD1
:10329000A7096A3F0C4B6B3F5E836C3F93B26D3F57
:1032A0009ED86E3F73F56F3F0809713F5213723F0E
:1032B0004714733FDD0B743F0BFA743FC6DE753F56
:1032C00007BA763FC58B773FF853783F9812793F1E
:1032D0009DC7793F02737A3FBE147B3FCDAC7B3FE5
:1032E000283B7C3FC9BF7C3FAC3A7D3FCCAB7D3FA8
:1032F00023137E3FB0707E3F6DC47E3F580E7F3FEC
:103300006D4E7F3FAB847F3F0FB17F3F97D37F3FB1
:1033100043EC7F3F11FB7F3F0000803F11FB7F3F6D
:1033200043EC7F3F97D37F3F0FB17F3FAB847F3F1D
:103330006D4E7F3F580E7F3F6DC47E3FB0707E3F25
:1033400023137E3FCCAB7D3FAC3A7D3FC9BF7C3F72
:10335000283B7C3FCDAC7B3FBE147B3F02737A3F62
:103360009DC7793F9812793FF853783FC58B773FD7
:1033700007BA763FC6DE753F0BFA743FDD0B743F2C
:103380004714733F5213723F0809713F73F56F3F43
:103390009ED86E3F93B26D3F5E836C3F0C4B6B3F8C
:1033A000A7096A3F3CBF683FD86B673F880F663FFD
:1033B00059AA643F5A3C633F97C5613F2146603F2D
:1033C00005BE5E3F532D5D3F1A945B3F6AF2593F45
:1033D0005348583FE595563F31DB543F4918533F1A
:1033E0003D4D513F207A4F3F029F4D3FF8BB4B3F31
:1033F00012D1493F65DE473F03E4453F01E2433FC9
:1034000070D8413F67C73F3FF9AE3D3F3B8F3B3FE1
:103410004268393F233A373FF304353FC9C8323F4A
:10342000BB85303FDE3B2E3F4AEB2B3F1594293FB7
:103430005636273F25D2243F9967223FCBF61F3FC0
:10344000D17F1D3FC6021B3FC07F183FD9F6153FF5
:103450002A68133FCDD3103FDA390E3F6B9A0B3FEA
:103460009BF5083F824B063F3D9C033FE4E7003F4E
:10347000275DFC3ECBE0F63EEA5AF13EBBCBEB3E8D
:103480007533E63E4F92E03E80E8DA3E4136D53E67
:10349000CA7BCF3E53B9C93E15EFC33E491DBE3E60
:1034A0002A44B83EEF63B23ED47CAC3E128FA63EB7
:1034B000E59AA03E86A09A3E32A0943E229A8E3E85
:1034C000938E883EC07D823ECCCF783E7F9A6C3E04
:1034D000135C603E0115543EC2C5473ECF6E3B3E75
:1034E000A2102F3EB5AB223E8340163E87CF093E49
:1034F00073B2FA3D2FBCE13D36BDC83D80B6AF3D4D
:1035000004A9963D752B7B3D2EFB483D2BC3163DF4
:10351000B10AC93C920E493C00000000920E49BC21
:10352000B10AC9BC2BC316BD2EFB48BD752B7BBD94
:1035300004A996BD80B6AFBD36BDC8BD2FBCE1BDE8
:1035400073B2FABD87CF09BE834016BEB5AB22BEAB
:10355000A2102FBECF6E3BBEC2C547BE011554BEE2
:10356000135C60BE7F9A6CBECCCF78BEC07D82BE3D
:10357000938E88BE229A8EBE32A094BE86A09ABE3A
:10358000E59AA0BE128FA6BED47CACBEEF63B2BEDD
:103590002A44B8BE491DBEBE15EFC3BE53B9C9BE4D
:1035A000CA7BCFBE4136D5BE80E8DABE4F92E0BEC0
:1035B0007533E6BEBBCBEBBEEA5AF1BECBE0F6BE3E
:1035C000275DFCBEE4E700BF3D9C03BF824B06BF06
:1035D0009BF508BF6B9A0BBFDA390EBFCDD310BF76
:1035E0002A6813BFD9F615BFC07F18BFC6021BBF1C
:1035F000D17F1DBFCBF61FBF996722BF25D224BF45
:10360000563627BF159429BF4AEB2BBFDE3B2EBF92
:10361000BB8530BFC9C832BFF30435BF233A37BFBB
:10362000426839BF3B8F3BBFF9AE3DBF67C73FBF65
:1036300070D841BF01E243BF03E445BF65DE47BF29
:1036400012D149BFF8BB4BBF029F4DBF207A4FBF7D
:103650003D4D51BF491853BF31DB54BFE59556BFAF
:10366000534858BF6AF259BF1A945BBF532D5DBFD0
:1036700005BE5EBF214660BF97C561BF5A3C63BFB0
:1036800059AA64BF880F66BFD86B67BF3CBF68BFCD
:10369000A7096ABF0C4B6BBF5E836CBF93B26DBF53
:1036A0009ED86EBF73F56FBF080971BF521372BF0A
:1036B000471473BFDD0B74BF0BFA74BFC6DE75BF52
:1036C00007BA76BFC58B77BFF85378BF981279BF1A
:1036D0009DC779BF02737ABFBE147BBFCDAC7BBFE1
:1036E000283B7CBFC9BF7CBFAC3A7DBFCCAB7DBFA4
:1036F00023137EBFB0707EBF6DC47EBF580E7FBFE8
:103700006D4E7FBFAB847FBF0FB17FBF97D37FBFAD
:1037100043EC7FBF11FB7FBF000080BF11FB7FBF69
:1037200043EC7FBF97D37FBF0FB17FBFAB847FBF19
:103730006D4E7FBF580E7FBF6DC47EBFB0707EBF21
:1037400023137EBFCCAB7DBFAC3A7DBFC9BF7CBF6E
:10375000283B7CBFCDAC7BBFBE147BBF02737ABF5E
:103760009DC779BF981279BFF85378BFC58B77BFD3
:1037700007BA76BFC6DE75BF0BFA74BFDD0B74BF28
:10378000471473BF521372BF080971BF73F56FBF3F
:103790009ED86EBF93B26DBF5E836CBF0C4B6BBF88
:1037A000A7096ABF3CBF68BFD86B67BF880F66BFF9
:1037B00059AA64BF5A3C63BF97C561BF214660BF29
:1037C00005BE5EBF532D5DBF1A945BBF6AF259BF41
:1037D000534858BFE59556BF31DB54BF491853BF16
:1037E0003D4D51BF207A4FBF029F4DBFF8BB4BBF2D
:1037F00012D149BF65DE47BF03E445BF01E243BFC5
:1038000070D841BF67C73FBFF9AE3DBF3B8F3BBFDD
:10381000426839BF233A37BFF30435BFC9C832BF46
:10382000BB8530BFDE3B2EBF4AEB2BBF159429BFB3
:10383000563627BF25D224BF996722BFCBF61FBFBC
:10384000D17F1DBFC6021BBFC07F18BFD9F615BFF1
:103850002A6813BFCDD310BFDA390EBF6B9A0BBFE6
:103860009BF508BF824B06BF3D9C03BFE4E700BF4A
:10387000275DFCBECBE0F6BEEA5AF1BEBBCBEBBE89
:103880007533E6BE4F92E0BE80E8DABE4136D5BE63
:10389000CA7BCFBE53B9C9BE15EFC3BE491DBEBE5C
:1038A0002A44B8BEEF63B2BED47CACBE128FA6BEB3
:1038B000E59AA0BE86A09ABE32A094BE229A8EBE81
:1038C000938E88BEC07D82BECCCF78BE7F9A6CBE00
:1038D000135C60BE011554BEC2C547BECF6E3BBE71
:1038E000A2102FBEB5AB22BE834016BE87CF09BE45
:1038F00073B2FABD2FBCE1BD36BDC8BD80B6AFBD49
:1039000004A996BD752B7BBD2EFB48BD2BC316BDF0
:10391000B10AC9BC920E49BC00000080080000003A
:1039200003000000DAC00300E8C00300FCC003008D
:103930000BC1030017C103004C1A03004C1A03000B
:10394000B41A0300BC1A0300541B0300941B0300A9
:1039500032C3030000010000FF8FFFFFFF8FFFFF56
:10396000FE8FFFFFFE8FFFFFFD8FFFFFFC8FFFFF2E
:10397000FC8FFFFF6D757465785F66726565206307
:10398000616C6C65642077697468204E554C4C20DE
:10399000706172616D6574657200000043616E272D
:1039A0007420696E697469616C697A65206D7574DB
:1039B00065782C20776173204E554C4C0D0A000021
:1039C000436F756C64206E6F74206C6F636B207036
:1039D0006F7765722073617665206D757465780008
:1039E0006937AC3168212233B40F14336821A23314
:1039F0003863ED3EDA0F493F5E987B3FDA0FC93FEF
:103A000000000080DB0F4940DB0F49C0DB0F49BFDE
:103A1000E4CB1640E4CB16C0000FC93F000F49406D
:103A200000CB9640000FC9400053FB4000CB16412D
:103A300000ED2F41000F49410031624100537B41AD
:103A4000003A8A4100CB9641005CA34100EDAF41B2
:103A5000007EBC41000FC94100A0D5410031E241C8
:103A600000C2EE410053FB4100F20342003A0A4219
:103A70000083104200CB164200141D42005C23421A
:103A800000A5294200ED2F4200363642007E3C421E
:103A900000C74242000F4942A2000000F9000000A6
:103AA000830000006E0000004E0000004400000093
:103AB0001500000029000000FC00000027000000A5
:103AC00057000000D1000000F500000034000000A5
:103AD000DD000000C0000000DB000000620000000C
:103AE00095000000990000003C0000004300000029
:103AF0009000000041000000FE00000051000000A6
:103B000063000000AB000000DE000000BB0000000E
:103B1000C500000061000000B700000024000000A4
:103B20006E0000003A000000420000004D0000005E
:103B3000D2000000E0000000060000004900000084
:103B40002E000000EA00000009000000D100000083
:103B5000920000001C000000FE0000001D0000009C
:103B6000EB0000001C000000B10000002900000074
:103B7000A70000003E000000E800000082000000F6
:103B800035000000F50000002E000000BB00000022
:103B90004400000084000000E90000009C000000D8
:103BA0007000000026000000B40000005F0000006C
:103BB0007E0000004100000039000000910000007C
:103BC000D600000039000000830000005300000010
:103BD00039000000F40000009C0000008400000098
:103BE0005F0000008B000000BD000000F900000035
:103BF000280000003B0000001F000000F80000004B
:103C000097000000FF000000DE000000050000003B
:103C1000980000000F000000EF0000002F000000DF
:103C2000110000008B0000005A0000000A00000094
:103C30006D0000001F0000006D0000003600000055
:103C40007E000000CF00000027000000CB00000035
:103C500009000000B70000004F000000460000000F
:103C60003F000000660000009E0000005F000000B2
:103C7000EA0000002D000000750000002700000091
:103C8000BA000000C7000000EB000000E5000000E3
:103C9000F10000007B0000003D0000000700000074
:103CA00039000000F70000008A0000005200000008
:103CB00092000000EA0000006B000000FB00000022
:103CC0005F000000B10000001F0000008D00000038
:103CD0005D00000008000000560000000300000026
:103CE0003000000046000000FC0000007B000000E7
:103CF0006B000000AB000000F0000000CF000000EF
:103D0000BC000000200000009A000000F400000049
:103D1000360000001D000000A9000000E3000000C4
:103D200091000000610000005E000000E60000005D
:103D30001B00000008000000650000009900000062
:103D4000850000005F00000014000000A0000000DB
:103D500068000000400000008D000000FF0000002F
:103D6000D8000000800000004D000000730000003B
:103D700027000000310000000600000006000000DF
:103D80001500000056000000CA000000730000008B
:103D9000A8000000C900000060000000E200000070
:103DA0007B000000C00000008C0000006B000000E1
:103DB0000000C93F0000F0390000DA370000A233EC
:103DC0000000842E0000502B0000C2270000D022EB
:103DD0000000C41F0000C61B0000441704000000C0
:103DE0000700000009000000A00F7017000000008D
:103DF0006400C8000400E80303000800000000009D
:103E00000000000000000000060006000A00070095
:103E100001000200040008001000200040008000A3
:103E20000000010002000400080010002000400013
:103E3000800000010002000400080000D007E80331
:103E4000F401FA007D0000001000080004000200E8
:103E500000000100020004000800100020004000E3
:103E6000A000400180020005000A000001000200DD
:103E70000400080010002000400080000001000243
:103E80000000030006000C00180030006000C000B5
:103E90008001000300060000D007E803F401FA00E7
:103EA00000001000080004000200000003000600EB
:103EB0000C00180030006000C00080010003000604
:103EC0000000D007E803F401FA0000001000080029
:103ED00004000200000001000200040008001000BD
:103EE00020004000800000010002000400100000DB
:103EF000A00FD007E803F401FA007D0000001000D5
:103F0000080004000200000010270000000000006C
:103F10000000F0FFF0FFF0FFEAFF74FFF0FFF0FF9A
:103F2000F0FFF0FFEAFF526573657474696E6720F5
:103F30006465766963652073657474696E67732060
:103F400077696C6C20636C65617220616C6C2075A4
:103F50007365722D646566696E656420736574743B
:103F6000696E677320746F20746865206669726D6E
:103F7000776172652064656661756C74732E20507C
:103F80006C6561736520726573656E642074686525
:103F900020636F6D6D616E6420746F20636F6E6659
:103FA00069726D2E0A00526573657474696E6720BC
:103FB0006465766963652073657474696E67730AF6
:103FC000004465766963652073657474696E677310
:103FD00020726573657400757365725F65787472BD
:103FE000615F616374696F6E730069676E6F72659C
:103FF0005F726573657400757365725F736875745D
:10400000646F776E007573655F696D755F77616B5F
:10401000655F75700064656C61795F736C65657070
:104020005F6F6E5F73746174757300636F6E6E653E
:104030006374696F6E5F6F7665725F686964007341
:10404000656E736F725F7573655F6C6F775F706FAE
:104050007765725F32007573655F696D755F74694E
:104060006D656F7574007573655F616374697665FE
:104070005F74696D656F75740073656E736F725FE1
:104080007573655F6D6167007573655F73656E73EA
:104090006F725F636C6F636B0073656E736F725FDB
:1040A0007573655F365F736964655F63616C6962D0
:1040B000726174696F6E006C65645F6465666175DA
:1040C0006C745F636F6C6F725F72006C65645F64C9
:1040D000656661756C745F636F6C6F725F67006CAF
:1040E00065645F64656661756C745F636F6C6F7245
:1040F0005F62006163746976655F74696D656F7591
:10410000745F6D6F64650073656E736F725F61637A
:1041100063656C5F6F64720073656E736F725F6767
:1041200079726F5F6F64720073656E736F725F6137
:104130006363656C5F66730073656E736F725F6750
:1041400079726F5F66730073656E736F725F667509
:1041500073696F6E00726164696F5F74785F706F0E
:1041600077657200636F6E6E656374696F6E5F74FE
:10417000696D656F75745F64656C61790073656EF8
:10418000736F725F6C705F74696D656F75740069D1
:104190006D755F74696D656F75745F72616D705F69
:1041A0006D696E00696D755F74696D656F75745FBB
:1041B00072616D705F6D6178006163746976655FCF
:1041C00074696D656F75745F7468726573686F6C20
:1041D00064006163746976655F74696D656F757499
:1041E0005F64656C617900626174746572795F6C9B
:1041F0006F775F72756E74696D655F7468726573F1
:10420000686F6C6400000101010101000000000002
:10421000000000000000010101010000000000009A
:10422000000000000025733A204661696C65642037
:104230006D75746578206C6F636B00080B00060267
:1042400001090A101000000C0F0E000D0D636F6EB7
:104250006E656374696F6E5F77726974655F7061B4
:10426000636B65745F3700636F6E6E656374696F4F
:104270006E5F77726974655F7061636B65745F36DA
:1042800000636F6E6E656374696F6E5F77726974D9
:10429000655F7061636B65745F3500636F6E6E653B
:1042A0006374696F6E5F77726974655F7061636B69
:1042B00065745F3400636F6E6E656374696F6E5F03
:1042C00077726974655F7061636B65745F330063F7
:1042D0006F6E6E656374696F6E5F77726974655F28
:1042E0007061636B65745F3200636F6E6E656374DB
:1042F000696F6E5F77726974655F7061636B657417
:104300005F3100636F6E6E656374696F6E5F7772A5
:104310006974655F7061636B65745F3000636F6EB5
:104320006E656374696F6E5F746872656164006363
:104330006F6E6E656374696F6E5F746872656164D9
:104340005F696400636F6E6E656374696F6E0025EC
:10435000733A20556E61626C6520746F20676574D6
:104360002074686520436C6F636B206D616E6167BC
:1043700065720054696D6572206E6F7420696E6994
:104380007469616C697A65640025733A20436C6FC7
:10439000636B2072657175657374206661696C6505
:1043A000643A2025640025733A20436C6F636B20C8
:1043B000636F756C64206E6F742062652073746126
:1043C000727465643A20256400556E61626C6520E4
:1043D000746F20666574636820436C6F636B207232
:1043E00065717565737420726573756C743A2025F8
:1043F000640025733A2045534220696E69746961EF
:104400006C697A6174696F6E206661696C65643A83
:104410002025640050616972696E6720726571754C
:1044200065737465640062398AF200FEFF2927090A
:1044300002B2D60028FF50B80050616972696E67F9
:104440000044657669636520616464726573733ADC
:1044500020253031326C6C5800436865636B73758E
:104460006D3A202530325800496E636F7272656371
:104470007420636865636B73756D3A20253032581C
:104480000050616972696E67207265717565737439
:104490002072656365697665640050616972656460
:1044A00000547261636B65722049443A202575009F
:1044B00052656365697665722061646472657373C1
:1044C0003A20253031326C6C58004E6F2072657383
:1044D000706F6E73652066726F6D207265636569BB
:1044E00076657220696E2025646D00496E636F7277
:1044F0007265637420636865636B73756D005061EA
:104500006972696E67206461746120726573657495
:10451000006573625F696E697469616C697A6500D0
:10452000636C6F636B735F737461727400636C6F41
:10453000636B735F696E6974006573625F74687240
:104540006561645F6964006573625F6576656E745A
:10455000000A68656C702020202020202020202068
:104560002020202020202020202020202020204427
:104570006973706C617920746869732068656C7008
:1045800020746578740A000A696E666F2020202006
:10459000202020202020202020202020202020201B
:1045A000202020202047657420646576696365209B
:1045B000696E666F726D6174696F6E0A00757074F2
:1045C000696D652020202020202020202020202010
:1045D0002020202020202020202047657420646592
:1045E0007669636520757074696D650A007265622D
:1045F0006F6F7420202020202020202020202020C9
:1046000020202020202020202020536F667420723C
:104610006573657420746865206465766963650AEE
:10462000006261747465727920202020202020208F
:10463000202020202020202020202020202047650E
:1046400074206261747465727920696E666F726D30
:104650006174696F6E0A000A7363616E2020202006
:10466000202020202020202020202020202020204A
:104670002020202020526573746172742073656E4F
:10468000736F72207363616E0A0063616C6962729A
:104690006174652020202020202020202020202040
:1046A0002020202020202043616C696272617465A3
:1046B0002073656E736F72205A524F0A00362D7345
:1046C0006964652020202020202020202020202018
:1046D0002020202020202020202043616C6962724D
:1046E00061746520362D7369646520616363656C50
:1046F00065726F6D657465720A006D6167202020B8
:1047000020202020202020202020202020202020A9
:1047100020202020202020436C656172206D61677D
:104720006E65746F6D657465722063616C69627229
:104730006174696F6E0A000A736574203C61646479
:10474000726573733E20202020202020202020200E
:1047500020202020204D616E75616C6C792073657E
:10476000742072656365697665720A0070616972AA
:104770002020202020202020202020202020202039
:10478000202020202020202020456E74657220707B
:10479000616972696E67206D6F64650A00636C659C
:1047A0006172202020202020202020202020202076
:1047B00020202020202020202020436C65617220B2
:1047C00070616972696E6720646174610A000A6DC4
:1047D000656F7720202020202020202020202020EE
:1047E0002020202020202020202020204D656F77B1
:1047F000210A000A72657365745F64617461202820
:104800007A726F7C6163637C6D61677C6261747CCA
:10481000616C6C290A000A6C6973745F636F6E6661
:1048200069672020202020202020202020202020F8
:1048300020202020446973706C6179206176616961
:104840006C61626C652073657474696E67730A00CD
:1048500077726974655F636F6E666967202862614D
:10486000736536347C3C636F6E666967206E616D7C
:10487000653E7C3C636F6E6669672069643E2920F3
:104880003C76616C75653E0A00726561645F636FBA
:104890006E6669672028616C6C7C62617365363472
:1048A0007C3C636F6E666967206E616D653E7C3C23
:1048B000636F6E6669672069643E290A00726573DA
:1048C00065745F636F6E6669672028616C6C7C3C01
:1048D000636F6E666967206E616D653E7C3C636FD9
:1048E0006E6669672069643E290A0025733A2025AF
:1048F0003032753A253032753A253032752E2530F2
:1049000033752C253033750A004E6F742073656142
:10491000726368696E6700535049002C2065787493
:1049200065726E616C00547261636B6572204944FC
:104930003A2025750A00547261636B657220494400
:104940003A204E6F6E650A0052656365697665723E
:1049500020616464726573733A20253031326C6C67
:10496000580A0052656365697665722061646472F5
:104970006573733A204E6F6E650A002A2A2A204E0C
:104980006F726469632053656D69636F6E647563EC
:10499000746F7220536C696D654E5246205472617B
:1049A000636B6572206E5246353238343020444B8A
:1049B000202A2A2A0A00536C696D6556522D5472BA
:1049C00061636B65722D6E524620302E302E302D75
:1049D000646961672D6669666F2B300A004E6F72DD
:1049E0006469632053656D69636F6E647563746F8A
:1049F0007220536C696D654E524620547261636B30
:104A00006572206E5246353238343020444B0A00ED
:104A1000436F6D6D69743A2061376163356362314C
:104A2000646562390A004275696C643A2025642D18
:104A3000253032642D2530326420253032643A2509
:104A40003032643A253032640A000A426F6172647F
:104A50003A206E72663532383430646B0A00534F38
:104A6000433A206E726635323834300A005461722F
:104A70006765743A206E72663532383430646B2F55
:104A80006E726635323834300A00494D553A202569
:104A9000730A00496E746572666163653A20257316
:104AA0000A00416464726573733A203078253032AD
:104AB00058253032580A000A4D61676E65746F6D73
:104AC000657465723A2025730A00496E74657266D2
:104AD0006163653A20257325730A000A41636365A3
:104AE0006C65726F6D65746572206D617472697842
:104AF0003A0A00252E356620252E356620252E35CE
:104B00006620252E35660A000A416363656C65726E
:104B10006F6D6574657220626961733A20252E3568
:104B20006620252E356620252E35660A00477972C7
:104B30006F73636F706520626961733A20252E354B
:104B40006620252E356620252E35660A004D6167C4
:104B50006E65746F6D65746572206D6174726978CD
:104B60003A0A000A467573696F6E3A2025730A0087
:104B700044657669636520616464726573733A2085
:104B8000253031326C6C580A004261747465727958
:104B90003A20252E3066252520285265616420257F
:104BA00075682025756D696E2061676F290A00425E
:104BB0006174746572793A20252E306625250A00C5
:104BC000426174746572793A2057616974696E67DD
:104BD00020666F722076616C696420726561646919
:104BE0006E670A0052656D61696E696E6720727545
:104BF0006E74696D653A202575682025756D696E3E
:104C00000A0052656D61696E696E672072756E7417
:104C1000696D653A204E6F7420617661696C6162DE
:104C20006C650A0046756C6C792063686172676513
:104C3000642072756E74696D653A2025756820254B
:104C4000756D696E0A0046756C6C792063686172D7
:104C50006765642072756E74696D653A204E6F7475
:104C600020617661696C61626C650A0055707469D7
:104C70006D6500416363756D756C617465640041B9
:104C800044433A202564206D560A000A4261747438
:104C90006572793A20252E326625252028526177C3
:104CA00020252E326625252C202564206D56290AC4
:104CB000000A426174746572793A204E6F6E650A1B
:104CC000004C6173742075706461746564004C619C
:104CD000737420757064617465643A204E657665FE
:104CE000720A000A52656D61696E696E672072759D
:104CF0006E74696D650046756C6C792063686172CD
:104D00006765642072756E74696D65004D696E69C2
:104D10006D756D2072756E74696D65004D696E6993
:104D20006D756D2072756E74696D653A204E6F7485
:104D300020617661696C61626C650A004D61786919
:104D40006D756D2072756E74696D65004D61786961
:104D50006D756D2072756E74696D653A204E6F7455
:104D600020617661696C61626C650A000A4C61734E
:104D70007420646973636861726765206379636C2A
:104D8000653A20252E32662525202D3E20252E32FF
:104D9000662525202852617720252E32662525207C
:104DA0002D3E20252E32662525290A004C6173747C
:104DB000206379636C652072756E74696D65000A95
:104DC0004C617374206379636C653A204E6F742074
:104DD000617661696C61626C650A000A43616C69A5
:104DE00062726174696F6E3A20252E306625252027
:104DF0002D20252E306625252028252E30662525B8
:104E000020636F766572616765290A000A43616CE9
:104E10006962726174696F6E3A204E6F6E650A0046
:104E20004379636C6520636F756E743A207E252E1E
:104E300032660A00496E76616C6964206E756D6237
:104E40006572206F6620617267756D656E74730A96
:104E500000253031366C6C7800496E76616C69647F
:104E600020616464726573730A001B5B33383B35E1
:104E70003B25643B316D257325731B5B303B333819
:104E80003B323B3235353B3235353B3235356D259E
:104E9000731B5B306D0A00496E76616C696420613A
:104EA0007267756D656E740A00436F6E6669672080
:104EB00025643A0A0025753A2025730A00556E616B
:104EC000626C6520746F206465636F646520696E31
:104ED000707574005570646174656420636F6E66EC
:104EE00069670A005570646174656420636F6E665B
:104EF00069673A2025733D25640A00496E76616C26
:104F000069642076616C75650A00496E76616C692A
:104F10006420636F6E666967206E616D65206F72D5
:104F20002069640A005265616420636F6E66696778
:104F30003A2025733D25640A005265736574206329
:104F40006F6E6669673A2025730A00556E6B6E6F47
:104F5000776E20636F6D6D616E640A0068656C70BA
:104F600000757074696D65007265626F6F740063BF
:104F7000616C69627261746500362D7369646500E5
:104F80007061697200636C6561720072657365744B
:104F90005F64617461006C6973745F636F6E6669EE
:104FA000670077726974655F636F6E666967007228
:104FB0006561645F636F6E666967007265736574CF
:104FC0005F636F6E6669670062617365363400D433
:104FD000B0B1203A3300203A336300203B33002045
:104FE0003B3363002078330020783363002058334C
:104FF000002058336300203E3A3300203E3A3363AA
:1050000000203E3B3300203E3B3363007E004D6575
:1050100077004D657777004D656F77004D656F7749
:10502000206D656F77004D72727270004D727266FE
:10503000004D72656F77004D7272726F77004D721E
:1050400072720050757272006D6577006D657777CA
:10505000006D656F77206D656F77006D727272708D
:10506000006D727266006D72656F77006D7272729C
:105070006F77006D727272007075727200636F6E7E
:10508000736F6C6500494E20656E64706F696E7455
:105090002063616C6C6261636B20776974686F7503
:1050A0007420707265636564696E672062756666F8
:1050B0006572207772697465004E65772070726F33
:1050C000746F636F6C3A202573004849445F300069
:1050D00025733A2043616E6E6F74206765742055A6
:1050E0005342204849442044657669636500484935
:1050F00044204465766963653A20646576202570AE
:10510000004661696C656420746F2073657420507B
:10511000726F746F636F6C20436F64650025733A20
:10512000204661696C656420746F207375626D69D7
:1051300074207265706F72740044726F7070656471
:10514000207265706F7274733A20257520286D6126
:10515000783A2025752900636F6D706F73697465E7
:105160005F7072655F696E69740073656E645F720B
:1051700065706F72740005010900A10109007508CE
:1051800095408102C06869645F6576656E740052FF
:105190006573657420636F756E743A202575006DB4
:1051A00061696E00546F6F206D616E79207061725D
:1051B000616D657465727320286D6178202575298D
:1051C0000A0025733A2053656E736F722063616C19
:1051D0006962726174696F6E20697320616C7265B7
:1051E0006164792072756E6E696E670025733A206E
:1051F000416363656C65726F6D657465722077617C
:1052000069742074696D6564206F757400436C6502
:105210006172696E672073746F7265642063616C7C
:105220006962726174696F6E206461746100496EB5
:1052300076616C6964617465642063616C69627233
:105240006174696F6E0054686520494D55206D6129
:10525000792062652064616D61676564206F7220EA
:1052600063616C6962726174696F6E20776173202B
:105270006E6F7420636F6D706C65746564207072FE
:105280006F7065726C7900546865206D61676E653A
:10529000746F6D65746572206D617920626520643C
:1052A000616D61676564206F722063616C69627211
:1052B0006174696F6E20776173206E6F7420636F05
:1052C0006D706C657465642070726F7065726C7956
:1052D000002D58002D2D002B58002D59002B590062
:1052E0002D5A002B5A0043616C6962726174696EB9
:1052F00067206D61696E20616363656C65726F6DB7
:105300006574657220616E64206779726F73636F74
:105310007065207A65726F2072617465206F6666B1
:1053200073657400526573742074686520646576D3
:10533000696365206F6E206120737461626C652003
:105340007375726661636500416363656C65726F56
:105350006D657465723A20252E356620252E3566DA
:1053600020252E3566004E6F206D6F74696F6E209C
:105370006465746563746564004D6F74696F6E2055
:1053800064657465637465640053757370656E64F9
:10539000696E672073656E736F72207468726561E1
:1053A000640052756E6E696E6720424D4932373027
:1053B00020636F6D706F6E656E74207265747269B4
:1053C0006D6D696E6700526573756D696E672073E8
:1053D000656E736F722074687265616400494D5523
:1053E0002073706563696669632063616C696272CA
:1053F0006174696F6E20776173206E6F7420636FC4
:105400006D706C657465642070726F7065726C7914
:105410000046696E697368656420494D5520737054
:105420006563696669632063616C6962726174694E
:105430006F6E0052656164696E672064617461001B
:1054400025733A204779726F73636F7065207761B7
:1054500069742074696D6564206F75740053616DA3
:10546000706C65733A20256400416363656C6572F6
:105470006F6D6574657220626961733A20252E35FF
:105480006620252E356620252E3566004779726FF9
:1054900073636F706520626961733A20252E3566EB
:1054A00020252E356620252E356600526573746FD3
:1054B00072696E672070726576696F7573206361BB
:1054C0006C6962726174696F6E004170706C7969A9
:1054D0006E672063616C6962726174696F6E004609
:1054E000696E69736865642063616C696272617476
:1054F000696F6E0043616C6962726174696E6720E6
:105500006D61696E20616363656C65726F6D657452
:10551000657220362D73696465206F6666736574E5
:10552000005374617274696E6720616363656C65B2
:10553000726F6D657465722063616C69627261740B
:10554000696F6E2E0A0057616974696E6720666F15
:105550007220612072657374696E67207374617460
:10556000652E2E2E0A00526573742064657465637F
:105570007465642C207374617274696E672072653F
:10558000636F7264696E672E20506C65617365206D
:10559000646F206E6F74206D6F76652E2025640A0F
:1055A0000023005265636F726465642076616C75D8
:1055B0006573210A002564207369646520646F6E39
:1055C000650A0057616974696E6720666F7220749E
:1055D0006865206E65787420736964652E2E2E20B0
:1055E0002564200A0043616C63756C6174696E67A1
:1055F0002074686520646174612E2E2E2E0A00438B
:10560000616C6962726174696F6E20697320636F87
:105610006D706C6574652E0A00416363656C65721C
:105620006F6D65746572206D61747269783A0025DA
:105630002E356620252E356620252E356620252E12
:105640003566003620736964652063616C69627237
:105650006174696F6E2069732064697361626C653F
:10566000640025733A204D61676E65746F6D6574D3
:10567000657220776169742074696D6564206F7547
:1056800074004D61676E65746F6D6574657220633B
:10569000616C6962726174696F6E2070726F67729B
:1056A0006573733A20257320257320257320257395
:1056B0002025732025730043616C696272617469EF
:1056C0006E67206D61676E65746F6D6574657220BD
:1056D000686172642F736F66742069726F6E206FD9
:1056E0006666736574004D61676E65746F6D657491
:1056F0006572206D61747269783A0073656E736FBC
:10570000725F776169745F6D61670073656E736F57
:10571000725F63616C6962726174696F6E5F7265FA
:1057200071756573740073656E736F725F7761690D
:10573000745F6779726F0073656E736F725F776104
:1057400069745F616363656C0063616C6962726157
:1057500074696F6E5F7468726561645F6964006626
:105760007573696F6E5F6E6F6E650025733A2043C7
:105770006F6D6D756E69636174696F6E20657272AD
:105780006F72004649464F207265616420627566FB
:10579000666572206C696D69742072656163686505
:1057A000642C202564207061636B657473206472BF
:1057B0006F707065640025733A2041534943206E31
:1057C0006F7420696E697469616C697A65642C20F4
:1057D00075706C6F6164696E6720636F6E66696770
:1057E0002066696C650025733A204661696C6564C2
:1057F00020746F20696E697469616C697A652041F3
:105800005349430025733A204153494320696E6947
:105810007469616C697A656400457865637574695B
:105820006F6E207374617475733A2030782530324E
:1058300058004D6F74696F6E20646574656374659C
:105840006420647572696E67204352540047616931
:105850006E3A203078253032582C2030782530327E
:10586000582C2030782530325800626D695F6372A1
:105870007400626D695F73657475705F574F4D009A
:10588000626D695F73657475705F4452445900625C
:105890006D695F74656D705F7265616400626D69EA
:1058A0005F6779726F5F7265616400626D695F61E5
:1058B0006363656C5F7265616400626D695F6461FA
:1058C00074615F7265616400626D695F75706461C7
:1058D00074655F6F647200626D695F73687574648C
:1058E0006F776E00666163746F725F7A785F72655E
:1058F00061640075706C6F61645F636F6E66696789
:105900005F66696C6500617369635F696E697400E5
:10591000626D695F696E697400027F0080008001BA
:105920007F008000800080424D49323730000D0CEE
:105930000B0A090807060C0B0A09080706050403E9
:105940000201000102030403020100C82E002E80A0
:105950002E3DB1C82E002E802E9103802EBCB0802B
:105960002EA303C82E002E802E00B05030212E59B9
:10597000F51030212E6AF5802E3B03000000000850
:105980001901002200750000100010D100B34380FF
:105990002E00C1802E00C1802E00C1802E00C1804B
:1059A0002E00C1802E00C1802E00C1802E00C1803B
:1059B0002E00C1802E00C1802E00C1802E00C1802B
:1059C0002E00C1802E00C1802E00C1802E00C1801B
:1059D0002E00C1802E00C1802E00C1802E00C1800B
:1059E0002E00C1802E00C1802E00C1802E00C180FB
:1059F0002E00C1802E00C1802E00C1802E00C180EB
:105A00002E00C1802E00C1802E00C1802E00C180DA
:105A10002E00C1802E00C1802E00C1802E00C180CA
:105A20002E00C1802E00C1802E00C1802E00C180BA
:105A30002E00C1802E00C1E05F00000000010000C8
:105A400000000000000000000092000000000000C4
:105A5000000000000000000000000008190000889D
:105A60000000000000000005E0AA3805E09030FAD0
:105A70000096004B091100110002002D01D47B3B60
:105A800001DB7A04003F7BCD6CC3048509C304ECC1
:105A9000E60C460100270019009600A00001000C4A
:105AA00000F03C00010100030001000E0000003284
:105AB000000500EE060400C80000000400A805EE82
:105AC000060004BC02B300850700000000000000CF
:105AD00000000000000000000000000000B4000111
:105AE00000B9000100980000000000000000000163
:105AF0000080000400000000000000000000000022
:105B00000000000000000000000000000000000095
:105B10000000000000000000000000000000000085
:105B20000000000000000000000000000000000075
:105B30000000000000000000000000000000000065
:105B40000000000000802E00C1FD2DDE00EB00DA19
:105B500000000CFF0F0004C0005BF5C9011EF280BD
:105B6000003FFF19F458F566F564F5C0F1F000E068
:105B700000CD01D301DB01FF7FFF01E40074F7F3E7
:105B800000FA00FF3FCA036C3856FE44FDBC02F920
:105B90000600FC1202AE0158FA9AFD7705BB029688
:105BA0000195017F0182018901870188018A018CA9
:105BB000018F018D0192019101DD009F017E01DBCA
:105BC00000B601706926D39C071F059D000008BC24
:105BD0000537FAA201AA01A101A801A001A805B4F4
:105BE00001B401CE00D000FC00C501FFFBB10000F4
:105BF000380030FDF5FCF5CD01A0005FFF0040FF4F
:105C00000000806D0FEB007FFFC2F568F7B3F1670E
:105C10000F5B0F610F800F58F75BF7830F860072E1
:105C20000F850FC6F17F0F6CF700E000FFD1F587FD
:105C30000F8A0FFF03F03F8B008E009000B9002DFC
:105C4000F5CAF5CB0120F2000000000000000000C2
:105C50000000000000000000000000000000000044
:105C60000000000000000000000000000000000034
:105C70000000000000000000000000000000000024
:105C80000000000000000000000000000000000014
:105C90000000000000000000000000000000000004
:105CA00000000000000000000000000000000000F4
:105CB00000000000000000000000000000000000E4
:105CC00000000000000000000000000000000000D4
:105CD00000000000000000000000000000000000C4
:105CE00000000000000000000000000000000000B4
:105CF00000000000000000000000000000000000A4
:105D00000000000000000000000000000000000093
:105D10000000000000000000000000000000000083
:105D20000000003050982ED70E5032982EFA030003
:105D300030F07F002E002ED02E002E018008A2FB16
:105D40002F982EBA03212E1900012EEE0000B20763
:105D50002F012E190000B2032F01500352982E0775
:105D6000CC012EDD0000B2272F052E8A00055298A7
:105D70002EC7C1032EE90040B2F07F082F012E1973
:105D80000000B2042F0030212EE900982EB4B1019A
:105D90002E180000B2102F0550982E4DC3055098B4
:105DA0002E5AC7982EF9B4982E54B2982E67B698EA
:105DB0002E17B21030212E7700012EEF0000B20412
:105DC0002F982E7AB70030212EEF00012ED4000438
:105DD000AE0B2F012EDD0000B2072F0552982E8E3C
:105DE0000E00B2022F1030212E7D00012E7D00000A
:105DF00090902EF102012ED70000B2042F982E2F82
:105E00000E0030212E7B00012E7B0000B2122F01EC
:105E10002ED4000090022F982E1F0E092D982E814F
:105E20000D012ED4000490022F5032982EFA030058
:105E300030212E7B00012E7C0000B2902E09030140
:105E40002E7C000131010800B2042F982E47CB10A0
:105E500030212E77008130012E7C00010800B261D4
:105E60002F032E8900012ED40098BC98B805B20FDC
:105E700058232F079009540030372F15410441DC77
:105E8000BE44BEDCBA2C0161000F564A0F0C2FD164
:105E90004294B8C1421130052E6AF72CBD2FB9804B
:105EA000B20822982EC3B7212D6130232ED400983A
:105EB0002EC3B70030212E5AF5182DE17F503098AF
:105EC0002EFA030F520750504270300D5442427E5A
:105ED00082E26F80B24242052F212ED4001030980A
:105EE0002EC3B7032D6030212ED400012ED400061E
:105EF00090182F012E76000B540752E07F982E7ACF
:105F0000C1E16F081A4030082F212ED400203098AC
:105F10002EAFB75032982EFA03052D982E380E006A
:105F200030212ED4000030212E7C00182D012ED4DB
:105F30000003AA012F982E450E012ED4003F8003A6
:105F4000A2012F002E022D982E5B0E3030982ECEFF
:105F5000B70030212E7D005032982EFA03012E77A3
:105F60000000B2242F982EF5CB032ED5001154013A
:105F70000ABC848386212EC901E0401352C44082AA
:105F800040A8B9524243BE5342040A5042E17FF056
:105F9000314140F26F25BD0808020AD07F982EA833
:105FA000CF06BCD16FE26F080A8042982E58B70026
:105FB00030212EEE00212E7700212EDD00802EF4E0
:105FC000011A242200802EEC011050FB7F982EF342
:105FD000035750FB6F013071541142420EFC2FC029
:105FE0002E0142F05F802E00C1FD2D010000000057
:105FF000000000000000009A0134030000000000CF
:106000000000000000000000000000000000000090
:106010000000000000000000000000000000000080
:106020000000000000000000000000000000000070
:106030000000000000000000000000000000000060
:106040000000000000000000000000000000000050
:106050000000000000000000000000000000000040
:10606000000000000000000000000000002050E7D9
:106070007FF67F06320F2E61F5FE09C0B3042F179D
:10608000302F2EEF002D2E61F5F66FE76FE05FC821
:106090002E2050E77FF67F46300F2EA4F1BE0980F8
:1060A000B3062F0D2ED40084AF022F16302D2E7B79
:1060B0000086302D2E60F5F66FE76FE05FC82E0189
:1060C0002E77F709BC0FB800B21050FB7F10300BD1
:1060D0002F032E8A0096BC9FB840B2052F032E686E
:1060E000F79EBC9FB840B2072F032E7E004190015F
:1060F0002F982EDC03032C0030212E7E00FB6FF046
:106100005FB82E2050E07FFB7F002E2750982E3B5B
:10611000C82950982EA7C80150982E55CCE16F2B56
:1061200050982EE0C9FB6F0030E05F212E7E00B852
:106130002E7350013057541142420EFC2FB82E21BD
:106140002E59F51030C02E212E4AF19050F77FE6DF
:106150007FD57FC47FB37FA17F907F827F7B7F9835
:106160002E35B700B2902E97B0032E8F00072E91D8
:1061700000052EB1003FBA9FB8012EB100A3BD4C5F
:106180000A052EB10004BEBFB9CB0A4FBA22BD0129
:106190002EB300DC0A2FB9032EB8000ABE9A0ACF2C
:1061A000B99BBC012E97009FB8930A0FBC910A0FB0
:1061B000B8900A252E1800052EC1F52EBD2EB90166
:1061C0002E190031308A040090072F012ED40004CC
:1061D000A2032F012E180000B20C2F19500552985F
:1061E0002E4DB7052E780080901030012F212E788B
:1061F00000252EDD00982E3EB700B202300130049B
:106200002F012E190000B2002F2130012EEA0008C4
:106210001A0E2F232EEA0033301B500B09014017B2
:106220005646BE4B084C0A01420A801552014200F4
:106230002E012E180000B21F2F032EC0F5F030489B
:106240000847AA7430072E7A0061224B1A052F07DF
:106250002E66F5BFBDBFB9C0900B2F1D562B30D297
:1062600042DB420104C24204BDFE808184232E7AB7
:106270000002420232252E62F5052ED600818425C9
:106280002ED6000231252E60F5052E8A000B509087
:106290000880B20B2F052ECAF5F03E9008252ECAB5
:1062A000F5052E59F5E03F9008252E59F5906FA180
:1062B0006FB36FC46FD56FE66FF76F7B6F826F70D0
:1062C0005FC82EC050907FE57FD47FC37FB17FA28F
:1062D0007F877FF67F7B7F002E012E60F5607F98A1
:1062E0002E35B70230636F1552507F627F5A2C02F1
:1062F000321A0900B3142F00B2032F092E18000020
:10630000910C2F437F982E97B71F50028A023204B8
:1063100030252E64F51552506F436F4443252E608F
:10632000F5D908C0B2362F982E3EB700B2062F011D
:106330002E190000B2022F506F00900A2F012E7903
:10634000000090192F1030212E79000030982EDC9B
:1063500003132D012EC3F50CBC0FB812301004032B
:10636000B0262521500352982E4DB71030212EEE25
:10637000000230607F252E7900606F0090052F00AD
:1063800030212EEA001550212E64F51552232E607F
:10639000F50232506F0090022F0330272E7800074D
:1063A0002E60F51A090091A32F19090091A02F90D2
:1063B0006FA26FB16FC36FD46FE56F7B6FF66F879E
:1063C0006F405FC82EC050E77FF67F26300F2E61EA
:1063D000F52F2E7C000F2E7C00BE09A27F807F80CF
:1063E000B3D57FC47FB37F917F7B7F0B2F23501A60
:1063F000251240427F74821240527F002E0040607E
:106400007F982E6AD68130012E7C00010800B242AE
:106410002F032E8900012E890097BC06BC9FB80F60
:10642000B80090232ED800103001302A2F032ED42C
:106430000044B2052F47B200302D2F212E7C002BB7
:106440002D032EFDF59EBC9FB84090142F032EFC0B
:10645000F599BC9FB840900E2F032E49F125544A60
:10646000084090082F982E35B700B21030032F50F7
:1064700030212ED400102D982EAFB70030212E7C65
:10648000000A2D052E69F72DBD2FB980B2012F21ED
:106490002E7D00232E7C00E031212E61F5F66FE782
:1064A0006F806FA26FB36FC46FD56F7B6F916F40BA
:1064B0005FC82E60510A253688F47FEB7F003231A9
:1064C0005232301330982E15CB0A253384D27F43B5
:1064D0003005502D52982E95C1D26F2752982ED745
:1064E000C72A25B086C07FD37FAF842950F16F982B
:1064F0002E4DC82A25AE8AAA88F26E2B50C16FD3C2
:106500006FF47F982EB6C8E06E00B2322F335483FA
:1065100086F16FC37F04303030F47FD07FB27FE3E9
:1065200030C56F56404541280803140EB408BC829C
:1065300040100A2F542605917F4428A37F982ED916
:10654000C008B933305309C16FD36FF46F83174755
:10655000406C15B26FBE09750B90424542510E3228
:10656000BC0289A16F7E86F47FD07FB27F04309118
:106570006FD62FEB6FA05EB82E032E97001BBC606A
:10658000509FBC0CB8F07F40B2EB7F2B2F032E7FC7
:10659000004140012EC800011A112F3758232EC880
:1065A000001041A07F38810141D07FB17F982E64D7
:1065B000CFD06F0780A16F1142002EB16F01421141
:1065C00030012EFC0000A80330CB224A25012E7F8B
:1065D000003C8935520554982EC4CEC16FF06F9897
:1065E0002E95CF042D0130F06F982E95CFEB6FA034
:1065F0005FB82E032EB3000232F030033130508AE0
:10660000080808CB08E07F80B2F37FDB7F252F03EB
:106610002ECA004190042F0130232ECA00982E3F2D
:1066200003C0B2052F032EDA0000304104232EDA16
:1066300000982E92B21025F06F00B2052F012EDACD
:106640000002301004212EDA0040B2012F232EC8A0
:1066500001DB6FE06FD05F802E95CF0130E06F9847
:106660002E95CF1130232ECA00DB6FD05FB82ED00D
:10667000500A2533845550D27FE27F038CC07FBB04
:106680007F0030055A39545141A57F967F807F980D
:106690002ED9C00530F57F2025916F3B583D5C3BDE
:1066A00056982E67CCC16FD56F52405043C17FD5ED
:1066B0007F1025982EFEC91025982E74C0866F3045
:1066C00028926F828CA56F6F52690E3954DB2F1997
:1066D000A01530032F0030212E81010A2D012E81BB
:1066E0000105284236212E8101020E012F982EF33A
:1066F00003575012300140982EFEC9516F0B5C8E2B
:106700000E3B6F57580230212E9501456F2A8DD2CE
:106710007FCB7F132F02303F50D27FA80E0E2FC0A9
:106720006F535402005154420E103059520230013E
:106730002F002E032D504242421230D27F80B203EE
:106740002F0030212E8001122D012EC9000280055C
:106750002E8001113091280040252E8001100E0559
:106760002F012E7F010190012F982EF303002EA000
:10677000410190A67F902EE3B4012E950100A890D0
:106780002EE3B45B549580824080B202402D8C3F52
:1067900052967F902EC2B3290E762F012EC900008B
:1067A0004081284552B330982E0FCA5D54807F0037
:1067B0002EA140727F82808240607F982EFEC91099
:1067C00025982E74C0626F05308740C09104300553
:1067D0002F052E830180B21430002F0430052EC9FE
:1067E00000736F8140E2406904110FE1401630FEF2
:1067F00029CB40022F836F830F222F4756130F128E
:1068000030772F4954420E1230732F00910A2F0116
:106810002E8B0119A802306C2F6350002E174205F1
:1068200042682C12300B25080F5030022F212E8386
:1068300001032D4030212E83012B2E85015A2C126D
:106840003000912B25042F635002301742172C0281
:1068500042982EFEC91025982E74C0052EC90081BD
:10686000845B308240372E8301020E072F5F524037
:106870003062404140910E012F212E830105302BC3
:106880002E85011230362C16301525817F982EFE6C
:10689000C91025982E74C019A21630152F052E97F1
:1068A00001806F820E052F012E86010628212E867B
:1068B000010B2D032E87015F544E289142002E823A
:1068C00040900E012F212E88010230132C0530C07C
:1068D0006F081CA80F163005305B50092F02802D61
:1068E0002E820105420580002E02423E80002E06C7
:1068F000420230906F3E88014004414C280142071B
:106900008010252440004000A8F522232944427A23
:10691000827E884340044100ABF523DF284342D9FF
:10692000A0142F0090022FD26F81B2052F6354065E
:106930002890428542092C02305B500380292E7E2C
:10694000012B2E8201054212302B2E83014582003D
:106950002E40407A8202A0082F63503B301542053A
:10696000423780372E7E0105421230012EC90002C7
:106970008C404084417A8C040F032F012E8B011927
:10698000A4042F2B2E8201982EF3031230819061E4
:1069900052082F654265424380398482880542450A
:1069A0004285420543002E80410090902EE1B4655F
:1069B00054C16F804000B243586950442F555CB7B2
:1069C000878C0F0D2E9601C440362F41568B0E2A10
:1069D0002F0B52A10E0A2F052E8F011425982EFE83
:1069E000C94B54020F695005306554152F032E8E84
:1069F000014D5C8E0F3A2F052E8F01982EFEC94F48
:106A000054820F053069506554302F6D5215304255
:106A10008C454204302B2C84436B52428C002E85D3
:106A2000431530242C45428E0F202F0D2E8E01B1A0
:106A30000E1C2F232E8E011A2D0E0E172FA10F15AF
:106A40002F232E8D01132D982E74C04354C20E0A8D
:106A50002F655004800B3006820B42798041401232
:106A600030252E8C010142053069506554848243E3
:106A700084BE8C8440864126299442BE8ED57F19DF
:106A8000A143400B2E8C018440C7415D2927294535
:106A9000428442C27F012FC0B31D2F052E9401995D
:106AA000A0012F80B3132F80B3182FC0B3162F125D
:106AB000400140927F982E74C0926F100F203003D7
:106AC0002F1030212E7E010A2D212E7E01072D2030
:106AD00030212E7E01032D1030212E7E01C26F0148
:106AE0002EC900BC84028082400040900ED56F0207
:106AF0002F1530982EF30341910530072F67503D35
:106B0000802B2E8F0105420480002E0542022C00AE
:106B1000300030A26F988A864080A7052F982EF308
:106B200003C030212E950106251A25E26F76829644
:106B3000405643510EFB2FBB6F305FB82E012EB86D
:106B4000000131410840B22050F2300208FB7F01C1
:106B500030102F052ECC008190E07F032F232ECC08
:106B600000982E55B6982E1DB51025FB6FE06FE0EE
:106B70005F802E95CF982E95CF1030212ECC00FB24
:106B80006FE05FB82E00510558EB7F2A2589526FC0
:106B90005A895013410640B3011642CB160640F302
:106BA000021342650EF52F054014302C29044208CB
:106BB000A10030902E52B6B388B08AB684A47FC4A8
:106BC0007FB57FD57F927F73300430554042408A35
:106BD00017F3086B01900253B84B82ADBE717F452D
:106BE0000A0954847F982ED9C0A36F7B54D042A346
:106BF0007FF27F607F2025716F755A7758795C75B9
:106C000056982E67CCB16F626F5042B17FB330108F
:106C100025982E0FCA846F2029716F926FA56F7609
:106C2000826A0E73300030D02FD26FD17FB47F983C
:106C30002E2BB715BD0BB8020AC26FC07F982E2B42
:106C4000B715BD0BB8420AC06F081741188916E185
:106C500018D018A17F27251625982E79C08B54901F
:106C60007FB330824080900D2F7D52926F982E0F0F
:106C7000CAB26F900E062F8B501430426F516F14B2
:106C80004212420142002E316F982E74C0416F8033
:106C90007F982E74C0826F10044352010F052ECBD3
:106CA0000000300430212F516F43588C0E04301CEB
:106CB0002F8588416F04418C0F0430162F84880083
:106CC0002E044104058C0E04300F2F8288316F048E
:106CD0004104058C0E0430082F8388002E04418C5B
:106CE0000F0430022F212EAD0114300091142F0318
:106CF0002EA10141900E2F032EAD0114304C2823FC
:106D00002EAD0146A0062F81848D524882824021FB
:106D10002EA10142425C2C0230052EAA0180B20253
:106D200030552F032EA901926FB330982E0FCAB29F
:106D30006F900F003002304A2FA26F87529100856A
:106D400052510E022F002E432C0230C26F7F5291FF
:106D50000E02303C2F516F8154982EFEC91025B37E
:106D6000302125982E0FCA326FC07FB3301225987C
:106D70002E0FCA426FB07FB3301225982E0FCAB2C1
:106D80006F90288352982EFEC9C26F900F00300278
:106D9000301D2F052EA10180B212300F2F426F033C
:106DA0002EAB01910E0230122F526F032EAC0191C7
:106DB0000F02300C2F212EAA010A2C1230032ECBE9
:106DC000008D580889414011430043252EA101D46C
:106DD0006F8F5200433A89002E10431043610EFB1F
:106DE0002F032EA001111A022F0225212EA001EB44
:106DF0006F005FB82E915210300230955652424BC0
:106E00000EFC2F8D5488829356804253424042425A
:106E1000868354C02EC242002EA3520051524047D6
:106E2000401A25012E97008FBE7286FB7F0B307CA7
:106E3000BFA5501008DFBA7088F8BFCB42D37F6C73
:106E4000BBFCBBC50A907F1B7F0B43C0B2E57FB77D
:106E50007FA67FC47F902E1CB7072ED200C0B20B36
:106E60002F9752012ECD00827F982EBBCC0B30374E
:106E70002ED200826F906F1A2500B28B7F142FA63E
:106E8000BD25BDB6B92FB980B2D4B00C2F99549B93
:106E9000560B300B2EB100A1589B42DB426C092BE4
:106EA0002EB1008B42CB42867F7384A756C308392C
:106EB000520550727F637F982EC2C0E16F626FD11E
:106EC0000A012ECD00D56FC46F726F97529D5C98EA
:106ED0002E06CD236F906F9952C0B204BD5440AFBF
:106EE000B94540E17F0230062FC0B20230032F9B2C
:106EF0005C12309443854303BF6FBB80B3202F06E1
:106F00006F2601166F6E034542C090292ECE009B5E
:106F100052142F9B5C002E93418641E304AE078000
:106F2000AB042F80910A2F866F730F072F836FC0DA
:106F3000B2042F544245421230042C1130022C115D
:106F400030113002BC0FB8D27F00B20A2F012EFCE4
:106F500000052EC701101A022F212EC701032D0292
:106F60002C01300130B06F982E95CFD16FA06F9863
:106F70002E95CFE26F9F52012ECE00824050420CE0
:106F80002C42421130232ED2000130B06F982E9542
:106F9000CFA06F0130982E95CF002EFB6F005FB809
:106FA0002E838601300030944024180600530E4F83
:106FB00002F92FB82EA952002E604041400DBC9816
:106FC000BCC02E010A0FB8AB52533C524040404B5C
:106FD00000821626B901B84140100897B80108C0D0
:106FE0002E11300108438625400440D8BE2C0B22C8
:106FF00011544203804B0EF62FB82E9F501050AD07
:1070000052052ED300FB7F002E13409342410EFB0E
:107010002F982EA5B7982E87CF012ED90000B2FB4E
:107020006F0B2F012E69F7B13F01080130F05F238C
:107030002ED900212E69F7802E7AB7F05FB82E0185
:107040002EC0F8032EFCF51554AF5682080B2E699E
:10705000F7CB0AB1588090DDBE4C085FB959228049
:1070600090072F0334C308F23A0A080235C0904A49
:107070000A4822C02E232EFCF51050FB7F982E5676
:10708000C7982E49C31030FB6FF05F212ECC002132
:107090002ECA00B82E032ED30016B802344A0C2193
:1070A0002E2DF5C02E232ED30003BC212ED5000398
:1070B0002ED50040B21030212E77000130052F056B
:1070C0002ED8008090012F232E6FF5C02E212ED9AF
:1070D0000011308108012E6AF7713F23BD010802BB
:1070E0000AC02E212E6AF730250030212E5AF510C5
:1070F00050212E7B00212E7C00FB7F982EC3B740B1
:1071000030212ED400FB6FF05F0325802EAFB780B7
:107110002E00C1802E00C1802E00C1802E00C180B3
:107120002E00C1802E00C1802E00C1802E00C180A3
:107130002E00C1802E00C1802E00C1802E00C18093
:107140002E00C1802E00C1802E00C1012E5DF708E7
:10715000BC80AC0EBB022F003041048206C0A400EC
:1071600030112F40A9032F40910D2F00A70B2F8026
:10717000B3B358022F90A126132023809010300122
:107180002FCC0E002F0030B82EB550180808BC8840
:10719000B60D17C6BD56BCB758DABA04011D0A10A1
:1071A00050053032254503FB7FF6302125982E37D8
:1071B000CA16B59ABC06B880A8410A0E2F80900264
:1071C0002F2D50480F092FBFA0042FBF90062FB7B7
:1071D00054CA0F032F002E022CB7522D52F23398AF
:1071E0002ED9C0FB6FF137C02E0108F05FBF56B932
:1071F00054D040C4400B2EFDF3BF529042944295B0
:10720000420530C1500F88064004419642C54248AD
:10721000BE73300D2ED8004FBA8442034281B302B0
:107220002F2B2E6FF5062D052E77F7BD56930825CB
:107230002E77F7BB54252EC2F5072EFDF34230B44E
:1072400033DA0A4C00272EFDF34340D43FDC0843D9
:1072500042002E002E43402430DC0A4342048003C7
:107260002EFDF34A0A232EFDF36134C02E014200A5
:107270002E60501A257A86E07FF37F0325C35241A2
:1072800084DB7F3330982E16C21A257D82F06FE2A0
:107290006F322516409440260185408E17C4426EF9
:1072A000039542410EF42FDB6FA05FB82EB051FB67
:1072B0007F982EE80D5A25982E0F0ECB583287C492
:1072C0007F65896B8DC55A657FE17F837FA67F745B
:1072D0007FD07FB67F947F1730C752C954517F004B
:1072E0002E856F427F002E51414581424113403B24
:1072F0008A00404B04D006C0AC857F022F0230517B
:1073000004D306418405305D02C916DF08D3008D21
:1073100002AFBCB1B9590A656F1143A1B4524153D0
:10732000410143347F657F2631E56FD46F982E3756
:10733000CA326F756F83404241237F127FF630401F
:10734000255125982E37CA146F2005706F256F6957
:1073500007A26F316F0B3004429B428B4255423281
:107360007F40A9C36F717F0230D040C37F032F409D
:1073700091152F00A7132F00A4112F84BD982E79EB
:10738000CA556FB75454418200F33F4541CB02F6D2
:1073900030982E37CA356FA46F4143032C0043A4A5
:1073A0006F356F1730426F516F934042820041C377
:1073B000000343517F002E944041414C02C46FD1E1
:1073C00056630E746F5143A57F8A2F092ED8000192
:1073D000B3212FCB58906F1341B66FE47F002E91ED
:1073E00041144092411540172E6FF5B67FD07FCBE8
:1073F0007F982E000C0715C26F140B292E6FF5C352
:10740000A3C18FE46FD06FE62F1430052E6FF514F3
:107410000B292E6FF5182DCD560432B56F1C015176
:10742000415241C340B57FE47F982E1F0CE46F2189
:107430008700430432CF545A0EEF2F1554092E778C
:10744000F7220B292E77F7FB6F505EB82E105001F4
:107450002ED40000B2FB7F512F01B2482F02B2425E
:107460002F0390562FD752798042408184004042AA
:1074700042982E930CD954D750A14098BD82403EDB
:1074800082DA0A44408B16E3005342002E43409AAE
:10749000025242002E414015544A0E3A2F3A8200C1
:1074A000304140212E850F40B20A2F982EB10C9802
:1074B0002E450E982E5B0EFB6FF05F0030802ECEB7
:1074C000B7DD52D35442424F847330DB5283421BA8
:1074D000306B422330272ED700372ED400212ED6F2
:1074E000007A84172C42423030212ED400122D21F4
:1074F000300030232ED400212E7BF70B2D1730982F
:107500002E510CD5500C8272302F2ED400252E7B9C
:10751000F74042002EFB6FF05FB82E70500A2539FD
:1075200086FB7FE1326230982EC2C4B556A56FABA0
:1075300008916F4B08DF56C46F23094DBA93BC8C7A
:107540000BD16F0B09CB52E15E5642AF094DBA2306
:10755000BD940AE56F68BBEB08BDB963BEFB6F5213
:1075600042E30AC02E4342905FD150032E25F3130D
:107570004000409BBC9BB408BDB8B998BCDA0A086F
:10758000B68916C02E190062021050FB7F982E811A
:107590000D012ED40031300804FB6F0130F05F2361
:1075A0002ED600212ED700B82E012ED700032ED6BE
:1075B00000480E012F802E1F0EB82EE350213401FB
:1075C000428230C132252E62F50100223001404A4C
:1075D0000A0142B82EE354F03B8340D808E55283B9
:1075E00042003083305042C432272E64F59400505C
:1075F000424042D33F84407D82E30840428342B808
:107600002EDD52003040427C86B952092E700FBFE9
:1076100054C442D3865440554094428542212ED7CB
:10762000004240252EFDF3C0427E82052E7D008063
:10763000B2142F052E890027BD2FB98090022F216B
:107640002E6FF50C2D072E710F14301C09052E77A7
:10765000F7BD5647BE9308940A252E77F7E7545096
:10766000424A0EFC2FB82E505002304386E550FBA4
:107670007FE37FD27FC07FB17F002E414000404832
:1076800004982E74C01EAAD36F1430B16FE322C0C9
:107690006F5240E46F4C0E1242D37FEB2F032E86C5
:1076A0000F40901130032F232E860F022C0030D074
:1076B0006FFB6FB05FB82E4050F17F0A253C86EB20
:1076C0007F41332230982EC2C4D36FF430DC094797
:1076D00058C26F9409EB586ABBDC08B4B9B1BDE974
:1076E0005A950821BDF6BF770B51BEF16FEB6F5273
:1076F000425442C02E4342C05F5050F550313011C9
:1077000042FB7F7B300B4211300280233301420366
:1077100000072E8003052ED3002352E27FD37FC0C3
:107720007F982EB60ED16F080A1A257B86D07F016E
:10773000331230982EC2C4D16F080A00B20D2FE365
:107740006F012E80035130C786232E21F208BCC062
:1077500042982EA5B7002E002ED02EB06F0BB80386
:107760002E1B00081AB07F7030042F212E21F2004A
:107770002E002ED02E982E6DC0982E5DC0ED509804
:107780002E44CBEF50982E46C3F150982E53C73558
:1077900050982E64CF1030982EDC032026C06F0244
:1077A000311242AB330B42378001300142F337F7DD
:1077B00052FB504440A20A42428B31092E5EF7F937
:1077C00054E30883421B4223334B00BC840B4033F9
:1077D0003083420B42E07FD17F982E58B7D16F8023
:1077E0003040420330E06FF3540430002E002E018D
:1077F00089620EFA2F43421130FB6FC02E0142B056
:107800005FC14A00006D570000778E0000E0FFFF67
:10781000FFD3FFFFFFE5FFFFFFEEE1FFFF7C13005B
:107820000046E6FFFF00000000000000000000002E
:107830000000000000000000000000000000000048
:107840000000000000000000000000000000000038
:1078500000000000000000000000000000000080A8
:107860002E00C1802E00C1802E00C1802E00C1805C
:107870002E00C1802E00C1802E00C1802E00C1804C
:107880002E00C1802E00C1802E00C1802E00C1803C
:107890002E00C1802E00C1802E00C1802E00C1802C
:1078A0002E00C1802E00C1802E00C1802E00C1801C
:1078B0002E00C1802E00C1802E00C1802E00C1800C
:1078C0002E00C1802E00C1802E00C1802E00C180FC
:1078D0002E00C1802E00C1802E00C1802E00C180EC
:1078E0002E00C1802E00C1802E00C1802E00C180DC
:1078F0002E00C1802E00C1802E00C1802E00C180CC
:107900002E00C1802E00C1802E00C1802E00C180BB
:107910002E00C1802E00C1802E00C1802E00C180AB
:107920002E00C1802E00C1802E00C1802E00C1809B
:107930002E00C1802E00C1802E00C1802E00C1808B
:107940002E00C1802E00C1802E00C169636D5F735F
:10795000657475705F574F4D0069636D5F73657433
:1079600075705F445244590069636D5F74656D7052
:107970005F726561640069636D5F6779726F5F72E2
:107980006561640069636D5F616363656C5F726507
:1079900061640069636D5F646174615F72656164F5
:1079A0000069636D5F7570646174655F6F64720018
:1079B00069636D5F73687574646F776E0069636D7A
:1079C0005F696E69740080008000800049434D3417
:1079D00032363838000102030405060F0708090A89
:1079E0000B25733A20436F6D6D756E696361746921
:1079F0006F6E206572726F72207768656E20726597
:107A00006164696E67207265736574207374617454
:107A1000650025733A20494D5520726573657420C1
:107A200069732070656E64696E6720283078253030
:107A30003278292C2077616974696E672E2E2E00AA
:107A400025733A20496E76616C69642062616E6BC1
:107A50002077726974652073697A650025733A200E
:107A6000496E76616C69642062616E6B207265613B
:107A7000642073697A650043616E6E6F742072656D
:107A80006164206D616720646174612C20617320E2
:107A900062756666657220697320746F6F20736DFE
:107AA000616C6C3A202564206279746573002573DB
:107AB0003A2053656E736F72206E6F7420696E206A
:107AC000636F7272656374206D6F646520746F20DC
:107AD000706572666F726D20657874207772697454
:107AE000653A2025640025733A20556E73757070D1
:107AF0006F727465642077726974650025733A202B
:107B00004932434D206572726F723A2025303278C7
:107B10000025733A20556E737570706F72746564CA
:107B20002077726974655F726561640025733A201D
:107B300053656E736F72206E6F7420696E20636F71
:107B40007272656374206D6F646520746F20706558
:107B500072666F726D206578742077726974652023
:107B6000726561643A2025640025733A20436F6D85
:107B70006D756E69636174696F6E206572726F7284
:107B80003A2025640069636D34355F646174615F18
:107B9000726561640069636D34355F6578745F7325
:107BA000657475700069636D34355F6578745F77EF
:107BB000726974655F726561640069636D34355F15
:107BC0006578745F77726974650069636D34355FD9
:107BD00062616E6B5F726561640069636D34355F0D
:107BE00062616E6B5F77726974650069636D3435CD
:107BF0005F73657475705F574F4D0069636D343501
:107C00005F73657475705F445244590069636D34E5
:107C1000355F74656D705F726561640069636D34B2
:107C2000355F6779726F5F726561640069636D3497
:107C3000355F616363656C5F726561640069636D84
:107C400034355F7570646174655F6F647200696379
:107C50006D34355F73687574646F776E0069636D3A
:107C600034355F696E69740080008000800049438C
:107C70004D343536383600030405060708090A0B6B
:107C80000C69736D5F616363656C5F72656164004D
:107C90004649464F206E6F7420616C69676E65645B
:107CA000006C736D3664736D5F73657475705F57C8
:107CB0004F4D006C736D3664736D5F7365747570D2
:107CC0005F44524459006C736D3664736D5F646138
:107CD00074615F72656164006C736D3664736D5FAF
:107CE0007570646174655F6F6472006C736D366487
:107CF000736D5F696E6974004C534D3644534D008B
:107D0000A09080706050403020100C080400040CDB
:107D100008006C736D3664736F5F6578745F7365AC
:107D2000747570006C736D3664736F5F7365747512
:107D3000705F574F4D006C736D3664736F5F646195
:107D400074615F72656164006C736D3664736F5F3C
:107D50007570646174655F6F6472006C736D366416
:107D6000736F5F696E6974004C534D3644534F0016
:107D7000A09080706050403020100C080400040C6B
:107D80000800444941475245472077686F3D2530F8
:107D90003258204354524C313D2530325820435400
:107DA000524C323D25303258204354524C333D25FD
:107DB000303258204354524C363D253032582043FF
:107DC00054524C383D25303258204643333D2530FF
:107DD0003258204643343D253032582049464346E8
:107DE000473D253032580044494147205354323DE5
:107DF00025303258205354313D2530325820636E9F
:107E0000743D25752066697865643D257520776821
:107E10006F3D30782530325820746167733D2530CE
:107E200032582C253032582C253032582066663D89
:107E300025642F25640025733A20577269746520E4
:107E400074696D656F7574006C736D5F6578745FD0
:107E500077726974655F72656164006C736D5F65EC
:107E600078745F7772697465006C736D5F657874A0
:107E70005F7365747570006C736D5F736574757096
:107E80005F574F4D006C736D5F73657475705F4421
:107E9000524459006C736D5F74656D705F726561FB
:107EA00064006C736D5F6779726F5F726561640007
:107EB0006C736D5F616363656C5F72656164006CB8
:107EC000736D5F646174615F72656164006C736D92
:107ED0005F7570646174655F6F6472006C736D5F71
:107EE00073687574646F776E006C736D5F696E692B
:107EF00074004C534D36445356000C0B0A090807C6
:107F00000605040302010C04030201000302010040
:107F100025733A20556E737570706F7274656420A6
:107F20006275727374206C656E677468005573694E
:107F30006E67206D696E696D756D20627572737400
:107F4000206C656E6774680025733A20494D552092
:107F50006D75737420636F6E6669677572652065F1
:107F6000787465726E616C20696E746572666163A7
:107F700065206265666F72652072656769737465F6
:107F800072696E67206D61676E65746F6D6574658B
:107F9000720025733A2045787465726E616C2069B1
:107FA0006E74657266616365206E6F7420757365AB
:107FB00064206F766572204932430025733A204968
:107FC0004D55206D75737420626520726567697305
:107FD0007465726564206265666F7265207265679C
:107FE0006973746572696E67206D61676E65746F21
:107FF0006D657465720073656E736F725F696E7420
:108000006572666163655F72656769737465725FE7
:1080100073656E736F725F6D61675F65787400730F
:10802000656E736F725F696E746572666163650019
:1080300025733A20526561642074696D656F7574AB
:1080400000616B5F74656D705F7265616400616B88
:108050005F6D61675F7265616400616B5F6D616731
:108060005F6F6E6573686F7400616B5F75706461DC
:1080700074655F6F647200616B5F73687574646FC1
:10808000776E00414B303939343000626D6D315FAD
:108090006D61675F7265616400626D6D315F6D6116
:1080A000675F6F6E6573686F7400626D6D315F75C9
:1080B00070646174655F6F647200626D6D315F73CF
:1080C000687574646F776E00726561645F7472695D
:1080D0006D5F72656769737465727300626D6D318F
:1080E0005F696E697400626D6D335F74656D705F9A
:1080F0007265616400626D6D335F6D61675F7265AB
:10810000616400626D6D335F6D61675F6F6E657393
:10811000686F7400626D6D335F7570646174655F64
:108120006F647200626D6D335F73687574646F772E
:108130006E00424D4D33353000697374383330363C
:108140005F6D61675F7265616400697374383330B5
:10815000365F6D61675F6F6E6573686F740069731A
:1081600074383330365F7570646174655F6F647244
:1081700000697374383330365F73687574646F7771
:108180006E004953543833303600697374383330D5
:10819000385F6D61675F726561640069737438335D
:1081A00030385F6D61675F6F6E6573686F7400690B
:1081B0007374383330385F7570646174655F6F64F1
:1081C0007200697374383330385F73687574646F24
:1081D000776E0049535438333038006C6973325F1E
:1081E00074656D705F72656164006C6973325F6D98
:1081F00061675F72656164006C6973325F6D6167AE
:108200005F6F6E6573686F74006C6973325F757051
:10821000646174655F6F6472006C6973325F736868
:108220007574646F776E006C6973335F74656D701D
:108230005F72656164006C6973335F6D61675F7263
:10824000656164006C6973335F6D61675F6F6E6554
:1082500073686F74006C6973335F75706461746503
:108260005F6F6472006C6973335F73687574646FF9
:10827000776E006C6973335F696E6974004C4953A3
:10828000334D444C006D6D635F5245534554006D52
:108290006D635F74656D705F72656164006D6D63C1
:1082A0005F6D61675F72656164006D6D635F6D61D5
:1082B000675F6F6E6573686F74006D6D635F757077
:1082C000646174655F6F6472006D6D635F73687580
:1082D00074646F776E006D6D635F534554006D6D10
:1082E000635F696E6974004D4D43353938334D41D4
:1082F0000044617461206E6F74207265616479005E
:108300004D61676E65746F6D65746572206F76651B
:1083100072666C6F7700716D635F6D61675F726528
:10832000616400716D635F6D61675F6F6E65736837
:108330006F7400716D635F7570646174655F6F6405
:108340007200716D635F73687574646F776E00514E
:108350004D43363330390073656E736F725F7363EC
:10836000616E0025733A205363616E6E696E6720FB
:10837000616464726573733A203078253032580036
:1083800025733A205363616E6E696E67207265676C
:1083900069737465723A203078253032580025733D
:1083A0003A20506F77657220757020424D4D3135FF
:1083B000300025733A20526561642076616C7565E2
:1083C0003A203078253032580056616C6964206458
:1083D000657669636520666F756E642061742061DF
:1083E0006464726573733A203078253032582028DF
:1083F00072656769737465723A2030782530325837
:108400002C2076616C75653A2030782530325829F9
:10841000004E6F2064657669636520666F756E64D3
:1084200020617420616464726573733A203078252A
:108430003032580073656E736F725F7363616E5F85
:108440006578740073656E736F725F7363616E5FDE
:108450006578740025733A206572723A20256400AD
:1084600025733A20526561642076616C75653A2007
:108470003078253032582C203078253032582C2056
:10848000307825303258202830782530325829006D
:1084900056616C69642064657669636520666F75F2
:1084A0006E64207573696E672072656769737465A1
:1084B000723A20307825303258202876616C756504
:1084C0003A2030782530325829004E6F2064657686
:1084D00069636520666F756E64207573696E6720C9
:1084E00072656769737465723A2030782530325846
:1084F0000073656E736F725F7363616E5F73706933
:108500000073656E736F725F7363616E5F73706922
:108510000053757370656E6465642073656E736F68
:108520007220746872656164001B5B33383B353BB5
:108530003139363B316D4E6F6E651B5B306D004ED1
:108540006F6E6500494D5520616464726573733ABE
:10855000203078253032582C207265676973746535
:10856000723A20307825303258004D61676E65745C
:108570006F6D6574657220616464726573733A200F
:108580003078253032582C207265676973746572B3
:108590003A20307825303258005363616E6E696E30
:1085A00067205350492062757320666F7220494DD1
:1085B0005500466F756E6420756E6B6E6F776E201A
:1085C00064657669636500466F756E642025730087
:1085D00025733A204E6F20494D55206465746563BC
:1085E0007465640025733A20494D55206E6F7420E0
:1085F000737570706F72746564005363616E6E6939
:108600006E672062757320666F72206D61676E659C
:10861000746F6D65746572207468726F7567682019
:10862000494D55204932434D0025733A2046616932
:108630006C656420746F207265676973746572205D
:108640006D61676E65746F6D6574657220657874B1
:1086500065726E616C20696E746572666163650037
:108660004E6F206D61676E65746F6D657465722005
:1086700064657465637465640025733A204D6167B1
:108680006E65746F6D65746572206E6F742073759E
:1086900070706F72746564005265747279696E6788
:1086A0002073656E736F7220646574656374696F9F
:1086B0006E00467573696F6E206461746120726527
:1086C000636F76657265640053656E736F722069BF
:1086D0006E69742C2073687574646F776E20666998
:1086E0007273740053656E736F7220636C6F636B8B
:1086F00020726174653A20252E3266487A00416303
:1087000063656C65726F6D657465722072616E670A
:10871000653A20252E326667004779726F73636F62
:1087200070652072616E67653A20252E326664702E
:1087300073005265717565737465642053504920E8
:108740006672657175656E63793A20252E32664DC5
:10875000487A00416363656C65726F6D657465721C
:1087600020696E697469616C20726174653A2025B4
:108770002E3266487A004779726F6D657465722093
:10878000696E697469616C20726174653A20252E86
:108790003266487A004D61676E65746F6D65746509
:1087A0007220696E697469616C20726174653A2027
:1087B000252E3266487A00496E697469616C697A5F
:1087C00065642073656E736F7273004170706C79AD
:1087D000696E67206779726F73636F706520676178
:1087E000696E00574553545F544F504449522F7A95
:1087F00065706879722F696E636C7564652F7A6530
:10880000706879722F647269766572732F67706908
:108810006F2E6800415353455254494F4E204641F4
:10882000494C20402025733A25640A005573696E2F
:108830006720257300496E697469616C697A6564A3
:1088400020667573696F6E0025733A204661696C06
:10885000656420746F20616C6C6F63617465206D5A
:10886000656D6F727920666F72204649464F2062AF
:10887000756666657200537769746368696E672010
:1088800073656E736F727320746F206C6F77206ED8
:108890006F69736500537769746368696E672073E5
:1088A000656E736F727320746F206C6F7720706FBA
:1088B00077657200537769746368696E67207365C2
:1088C0006E736F727320746F206C6F7720706F7788
:1088D00065722032004E6F207061636B6574732087
:1088E00070726F636573736564004E6F20706163AF
:1088F0006B65747320696E2062756666657200250B
:10890000733A205061636B6574206572726F7220D8
:108910007468726573686F6C6420657863656564FC
:10892000656400457870656374656420256420740F
:10893000696D657374657025732C20676F742025CD
:1089400064004E6F206D6F74696F6E2066726F6D7C
:108950002073656E736F727320696E2025646D736A
:1089600000537769746368696E6720746F20616370
:108970007469766974792074696D656F7574004ED9
:108980006F206D6F74696F6E2066726F6D207365F6
:108990006E736F727320696E2025646D004E6F20B8
:1089A0006D6F74696F6E2066726F6D2073656E7384
:1089B0006F727320696E20256C6C6473004C617358
:1089C00074207570646174652073746570732074AD
:1089D0006F6F6B20757020746F20256C6C64206D38
:1089E000730053656E736F7220696E746572727571
:1089F00070742074696D656F75740053746F707056
:108A000065642073656E736F72207468726561644B
:108A1000005265717565737465642073656E736F5C
:108A200072207363616E00537461727465642073A5
:108A3000656E736F72206C6F6F700025733A2046FD
:108A400061696C656420746F2073687574646F77F6
:108A50006E2073656E736F72730025733A204661E2
:108A6000696C656420746F20636F6E6669677572E8
:108A70006520494D552077616B6520757000526502
:108A800073756D65642073656E736F7220746872A0
:108A90006561640073656E736F725F736574757082
:108AA0005F574F4D0073656E736F725F73687574B7
:108AB000646F776E0073656E736F725F6C6F6F704B
:108AC0000073656E736F725F7363616E0073656EC2
:108AD000736F725F696E69745F7468726561645FF9
:108AE00069640073656E736F7200484D43353838A2
:108AF000334C00514D43353838334C00514D4336DB
:108B000033313000414B3839363300414B3039393D
:108B100031360049535438333230004953543833D6
:108B2000323100494953324D44432F4C4953324D61
:108B3000444C004D4D433334313630504A004D4D96
:108B400043333633304B4A004D4D43353630334E88
:108B50004A2F4D4D43353633334E4A4C004D4D432D
:108B600035363136574100424D4931363000424D9D
:108B700049333233004D50552D363030302F4D5063
:108B8000552D36303530004D50552D3635303000AE
:108B90004D50552D393235300049434D2D32303945
:108BA00034380049434D2D34323638382D502F4952
:108BB000434D2D34323638382D560049434D2D342F
:108BC000353638360049434D2D34353638382D503A
:108BD000004C534D3644534F313649532F49534D72
:108BE0003333304953004C534D36445333004C53C8
:108BF0004D3644533354522D432F4C534D3644532A
:108C00004C2F4C534D3644534D2F49534D33333035
:108C1000444C43004C534D364453522F49534D332B
:108C2000333044484358004C534D36445354004C61
:108C3000534D364453563136422F49534D3333301A
:108C4000425800565146000209A302084801A302F7
:108C5000084801FF01A3020848013201330306203E
:108C6000210180013D0148013D01400106020A3019
:108C7000021011018001900201000301000D0201A8
:108C80000001400100010002000F030A0F4F032002
:108C90002F3901000100010C010D020E0F0410110B
:108CA000121304141516170119011C011E013001BD
:108CB0003C017C04EAD1244302E9E705687071476E
:108CC000DB0822696A6B6C6D707103007275010FAD
:108CD00073656E736F725F6E6F6E65004E6F74209A
:108CE000656E6F756768206461746120746F2063BE
:108CF000616C63756C61746520646973636861722B
:108D0000676520637572766500547261636B657286
:108D100020726573657400547261636B65722069BB
:108D20006E697469616C697A65643A2025362E3201
:108D300066252500556E6163636F756E74656420EA
:108D40006368616E676520746F2062617474657218
:108D50007920534F433A2025352E32662525202889
:108D60006D696E29202D3E2025352E326625252061
:108D70000025733A2041626E6F726D616C206368EA
:108D8000616E676520746F2062617474657279200A
:108D9000534F433A2025352E3266252520286D690C
:108DA0006E29202D3E2025352E32662525200025D2
:108DB000733A2041626E6F726D616C206368616E00
:108DC000676520746F206261747465727920534FF7
:108DD000433A2025352E3266252520286D617829D5
:108DE000202D3E2025362E32662525200041626E3C
:108DF0006F726D616C206368616E676520746F20AF
:108E00006261747465727920534F433A2025352E80
:108E1000326625252F6D696E202825352E32662570
:108E200025202D3E2025352E3266252520696E20F1
:108E3000256C6C7520757329004E657720696E74FA
:108E4000657276616C3A20252E32662525005570B4
:108E50006461746520696E74657276616C3A202570
:108E60002E326625250025733A20496E7465727688
:108E7000616C2025753A20256C6C7520757320690E
:108E80007320746F6F2073686F72740025733A20BB
:108E9000496E76616C69642063757276650052650F
:108EA00073657474696E6720626174746572792089
:108EB000747261636B65722077696C6C20636C659A
:108EC000617220616C6C20626174746572792063D8
:108ED000616C6962726174696F6E20646174612E85
:108EE00020506C6561736520726573656E642074D3
:108EF000686520636F6D6D616E6420746F20636FB1
:108F00006E6669726D2E0A00526573657474696EBF
:108F100067206261747465727920747261636B6535
:108F2000720A004261747465727920747261636BB5
:108F30006572207265736574006170706C795F632F
:108F400075727665007570646174655F696E7465CD
:108F50007276616C007379735F7570646174655FBC
:108F6000626174746572795F747261636B657200BB
:108F7000626174746572795F747261636B657200AB
:108F80006C65645F7468726561645F696400456EF6
:108F9000746572696E67206E657720706F77657291
:108FA000207374617465207768696C652073656EE1
:108FB000736F72206572726F7220697320726169BB
:108FC00073656400456E746572696E67206E6577BF
:108FD00020706F776572207374617465207768699B
:108FE0006C652073797374656D206572726F722081
:108FF00069732072616973656400574553545F5407
:109000004F504449522F6D6F64756C65732F6861C2
:109010006C2F6E6F726469632F6E7266782F686151
:109020006C2F6E72665F6770696F2E680025733AE9
:109030002053797374656D20697320616C7265616A
:10904000647920656E746572696E672061206E6553
:109050007720706F77657220737461746500446562
:109060006C6179656420666F7220554152542062AC
:1090700061636B656E64006C6F675F6261636B65F3
:109080006E645F7561727400494D552077616B6540
:109090002075702072657175657374656400494D43
:1090A000552077616B65207570206E6F7420617636
:1090B00061696C61626C652C2077616974696E67A7
:1090C000206F6E204553422F737461747573207244
:1090D00065616479004553422F7374617475732020
:1090E00072656164792074696D6564206F757400C0
:1090F000436F6E6669677572656420494D552077C8
:10910000616B652075700057616B65207570204735
:1091100050494F2070696E3A2025752C20636F6E80
:109120006669673A20257500436F6E6669677572D8
:10913000656420494D552077616B65207570204727
:1091400050494F00506F776572696E67206F666691
:10915000206E52460053797374656D207265626F9C
:109160006F74207265717565737465640052656211
:109170006F6F74696E67206E524600537973746521
:109180006D206F6666207265717565737465640025
:109190005265717565737465642073656E736F7263
:1091A000207363616E206F6E206E65787420626F2D
:1091B0006F740057616B65207570204750494F20D0
:1091C00070696E3A20257500446973636F6E6E6531
:1091D0006374656420494D552077616B6520757017
:1091E000204750494F00494D55204353204750498F
:1091F0004F2070696E3A20257500446973636F6E65
:109200006E656374656420494D5520435320475073
:10921000494F0025733A2043616E6E6F7420646974
:109220007361626C652063686172676572002573A3
:109230003A204661696C656420746F2072656164D0
:10924000206261747465727920766F6C74616765F1
:109250003A20256400426174746572792025752571
:109260002520282564206D5629004261747465729A
:1092700079206E6F7420617661696C61626C652023
:10928000282564206D56290025733A2042617474A4
:1092900065727920766F6C746167652072656164B0
:1092A000696E672069732061626E6F726D616C0018
:1092B0004469736368617267656420626174746590
:1092C0007279004368616E676520746F2062617413
:1092D0007465727920534F433A2025352E32662526
:1092E00025202D3E2025352E3266252500736574F8
:1092F0005F636861726765725F656E61626C65006D
:109300007379735F706F7765725F73746174655F93
:109310007265717565737400706F7765725F7468DC
:109320007265616400706F7765725F746872656101
:10933000645F69640064697361626C655F4446558B
:109340005F7468726561645F69640025733A2053D5
:10935000656E736F7220636F6D6D756E6963617496
:10936000696F6E206572726F7200436F6E6E656317
:1093700074696F6E206572726F720025733A2047B0
:10938000656E6572616C206572726F720055534232
:1093900020636F6E6E656374656400436861726715
:1093A000657220706C75676765640043616C696203
:1093B000726174696F6E2072756E6E696E670042BD
:1093C0007574746F6E207072657373656400436C9E
:1093D0006561726564207374617475733A202564E5
:1093E000005374617475733A202564007365745F6B
:1093F000737461747573007374617475735F7761EE
:10940000726E5F7468726561645F69640073746131
:109410007475735F6572726F725F74687265616490
:109420005F69640025733A204661696C6564207445
:109430006F20676574207061676520696E666F00D4
:1094400025733A204661696C656420746F206D6FE6
:10945000756E74204E56530025733A204661696C30
:10946000656420746F2066657463682073616D7035
:109470006C652066726F6D206E52462074656D704B
:1094800065726174757265206465766963650A004A
:10949000436F6E66696775726564207377302073F9
:1094A000656E73650025733A204661696C656420BA
:1094B000746F20777269746520746F204E56532C38
:1094C000206572726F723A2025640025733A204637
:1094D00061696C656420746F2072656164206672D6
:1094E0006F6D204E56532C206572726F723A202594
:1094F0006400526561642064617461207365742046
:10950000746F207A65726F00496E76616C69646170
:109510007465642052414D0056616C6964617465E4
:10952000642052414D00526573657474696E672002
:109530004E565320616E642072657461696E656475
:109540002077696C6C20636C65617220616C6C20A3
:1095500070616972696E672C2073656E736F72201B
:1095600063616C6962726174696F6E2064617461B9
:109570002C20616E6420626174746572792063616D
:109580006C6962726174696F6E20646174612E200F
:10959000506C6561736520726573656E64207468D4
:1095A0006520636F6D6D616E6420746F20636F6EF4
:1095B0006669726D2E0A00526573657474696E6710
:1095C000204E565320616E642072657461696E6529
:1095D000640A004E565320616E642072657461699E
:1095E0006E65642072657365740053746F72616791
:1095F0006520706172746974696F6E3A20257520F8
:1096000062797465730A00416C6C6F6361746564A0
:10961000204E56533A202575202A202575203D20BE
:1096200025752062797465730A004E565320667260
:1096300065653A2025642062797465732C206D611C
:10964000783A2025642062797465730A0055736541
:10965000722073687574646F776E207265717565BA
:109660007374656400494D552063616C6962726171
:1096700074696F6E207265717565737465640050EE
:10968000616972696E6720726573657420726571B5
:1096900075657374656400427574746F6E207072C2
:1096A00065737365642025642074696D6573004279
:1096B0007574746F6E207761732070726573736553
:1096C000642025642074696D6573007379735F721B
:1096D000656164007379735F77726974650073798B
:1096E000735F6E76735F696E69740074656D705F29
:1096F00074687265616400627574746F6E5F74681B
:10970000726561645F69640074656D705F7468722E
:109710006561645F6964007573625F696E69745F37
:109720007468726561645F69640075736200000744
:109730000E091C1B1215383F363124232A2D57459C
:1097400053545F544F504449522F7A657068797270
:109750002F6C69622F686561702F686561702E6378
:1097600000574553545F544F504449522F7A657007
:109770006879722F6C69622F6F732F6362707269E0
:109780006E74665F7061636B616765642E63002849
:10979000756E7369676E6564292063686172202A3B
:1097A000207573656420666F7220252570206172B4
:1097B00067756D656E742E2049742773207265631A
:1097C0006F6D6D656E64656420746F206361737482
:1097D00020697420746F20766F6964202A20626586
:1097E0006361757365206974206D617920636175AB
:1097F0007365206D69736265686176696F7220694F
:109800006E206365727461696E20636F6E6669674E
:1098100075726174696F6E732E20537472696E670E
:109820003A2225732220617267756D656E743A2540
:10983000640063627072696E74665F7061636B610D
:10984000676500286E696C2900574553545F544F73
:10985000504449522F7A65706879722F6C69622F73
:109860006F732F6D7073635F706275662E63005740
:109870004553545F544F504449522F7A657068796C
:10988000722F696E636C7564652F7A657068797282
:109890002F7370696E6C6F636B2E68004661696C24
:1098A000656420746F207265626F6F743A20737004
:1098B000696E6E696E6720656E646C6573736C7932
:1098C0002E2E2E0A007F7F7F7F7F7F7F7F7F7F7F8F
:1098D0007F7F7F7F7F7F7F7F7F7F7F7F7F7F7F7F98
:1098E0007F7F7F7F7F7F7F7F7F7F7F7F7F7F7F7F88
:1098F0003E7F7F7F3F3435363738393A3B3C3D7FBA
:109900007F7F407F7F7F000102030405060708096F
:109910000A0B0C0D0E0F101112131415161718192F
:109920007F7F7F7F7F7F1A1B1C1D1E1F202122230C
:109930002425262728292A2B2C2D2E2F303132336F
:109940007F7F7F7F7F4142434445464748494A4B9A
:109950004C4D4E4F505152535455565758595A61C9
:1099600062636465666768696A6B6C6D6E6F70715F
:1099700072737475767778797A303132333435365C
:109980003738392B2F574553545F544F5044495261
:109990002F7A65706879722F6C69622F7574696CA3
:1099A000732F6F6E6F66662E6300574553545F5476
:1099B0004F504449522F7A65706879722F6C6962F2
:1099C0002F7574696C732F6E6F746966792E6300DE
:1099D000574553545F544F504449522F7A6570682D
:1099E00079722F6C69622F7574696C732F72696E4E
:1099F000675F6275666665722E630025733A204E56
:109A00005653206E6F7420696E697469616C697A4F
:109A100065640025733A20436F756C64206E6F7423
:109A2000206F627461696E20666C6173682070617A
:109A300072616D65746572730025733A20556E739B
:109A40007570706F727465642077726974652062D6
:109A50006C6F636B2073697A650025733A20556ECD
:109A600061626C6520746F20676574207061676542
:109A700020696E666F0025733A20496E76616C69C5
:109A80006420736563746F722073697A650025734F
:109A90003A20436F6E66696775726174696F6E20F4
:109AA0006572726F72202D20736563746F7220630C
:109AB0006F756E7400416C6C20736563746F7273A4
:109AC00020636C6F7365642C2065726173696E67C7
:109AD00020616C6C20736563746F72732E2E2E0080
:109AE0006E76735F736563746F725F6D61785F64C8
:109AF0006174615F73697A65006E76735F63616C30
:109B0000635F667265655F7370616365006E76732F
:109B10005F726561645F68697374006E76735F7706
:109B200072697465006E76735F6D6F756E74006E2A
:109B300076735F636C6561720066735F6E76730047
:109B40006C6F6767696E6700574553545F544F5099
:109B50004449522F7A65706879722F7375627379F0
:109B6000732F6C6F6767696E672F6C6F675F636FCA
:109B700072652E63006C6F6700574553545F544FF6
:109B8000504449522F7A65706879722F73756273E9
:109B900079732F6C6F6767696E672F6C6F675F6D86
:109BA000676D742E6300574553545F544F504449BA
:109BB000522F7A65706879722F696E636C7564656F
:109BC0002F7A65706879722F6C6F6767696E672F7F
:109BD0006C6F675F6261636B656E642E68006C6FAB
:109BE000675F6D676D74004D6573736167652028ED
:109BF00022257322292064726F707065642062656B
:109C00006361757365206974206578636565647345
:109C10002073697A65206C696D69746174696F6E0F
:109C2000202825752900574553545F544F50444907
:109C3000522F7A65706879722F7375627379732FFA
:109C40006C6F6767696E672F6C6F675F6D73672EE8
:109C500063004D6573736167652064726F70706532
:109C6000642062656361757365206974206578633B
:109C7000656564732073697A65206C696D697461C8
:109C800074696F6E2028257529000D0A0057455309
:109C9000545F544F504449522F7A65706879722F3F
:109CA0007375627379732F6C6F6767696E672F6C5A
:109CB0006F675F6F75747075742E63002573200075
:109CC0005B2530386C755D20005B253032753A2598
:109CD0003032753A253032752E253033752C2530CB
:109CE00033755D200025732F003C25733E20002531
:109CF000733A2000253032782000202020007C009C
:109D0000256300206D657373616765732064726FEE
:109D100070706564202D2D2D0D0A1B5B306D001BAE
:109D20005B313B33316D2D2D2D20001B5B313B33DF
:109D3000316D001B5B313B33336D00657272007710
:109D4000726E00696E6600646267006C6F675F62C6
:109D500061636B656E645F72747400574553545F42
:109D6000544F504449522F7A65706879722F737539
:109D7000627379732F6C6F6767696E672F626163B7
:109D80006B656E64732F6C6F675F6261636B656E8A
:109D9000645F756172742E63006C6F675F756172CA
:109DA000740073757370656E646564006F66660039
:109DB000706D5F64657669636500000101030100F1
:109DC0000301574553545F544F504449522F7A650D
:109DD000706879722F7375627379732F7573622F40
:109DE0006465766963652F7573625F646576696320
:109DF000652E630025733A20456E64706F696E743A
:109E00002030782530327820697320696E76616C55
:109E100069640025733A204661696C656420746F3B
:109E20002064697361626C6520656E64706F696E31
:109E300074203078253032780025733A20466169E5
:109E40006C656420746F20636F6E666967757265F8
:109E500020656E64706F696E7420307825303278BA
:109E60000025733A204661696C656420746F206533
:109E70006E61626C6520656E64706F696E7420300F
:109E800078253032780025733A20526571756573F4
:109E9000742062756666657220746F6F20736D61E1
:109EA0006C6C0025733A204661696C656420746FA0
:109EB00020636F6E66696775726520555342206432
:109EC000657669636520737461636B0025733A205E
:109ED0004572726F6E656F75732064657669636530
:109EE0002064657363726970746F72206F72206290
:109EF0004D61785061636B657453697A65300075A4
:109F000073625F68616E646C655F636F6E74726FBD
:109F10006C5F7472616E73666572007573625F6503
:109F20006E61626C65007365745F656E64706F6905
:109F30006E74006765745F65705F626D5F66726FF7
:109F40006D5F616464720064697361626C655F6512
:109F50006E64706F696E74007573625F64657669B4
:109F60006365003031323334353637383941424356
:109F700044454600574553545F544F504449522F6F
:109F80007A65706879722F7375627379732F757340
:109F9000622F6465766963652F7573625F646573AC
:109FA00063726970746F722E630025733A2054686F
:109FB000657265206973206E6F207573625F6366DA
:109FC000675F6461746120666F722025700025737D
:109FD0003A20556E696E697469616C697A656420AE
:109FE0007573625F6366675F6461746120706F6937
:109FF0006E7465722C20636F727275707465642064
:10A000006465766963652064657363726970746FF3
:10A01000723F0025733A204661696C656420746F55
:10A020002076616C696461746520656E64706F6927
:10A030006E74730025733A20496E636F6D706C65A2
:10A04000746520646576696365206465736372690D
:10A0500070746F720025733A204661696C656420E4
:10A06000746F20666978757020555342206465735B
:10A0700063726970746F72007573625F6669785F8E
:10A0800064657363726970746F72007573625F6781
:10A0900065745F6465766963655F6465736372693F
:10A0A00070746F72007573625F6465736372697058
:10A0B000746F720025733A205472616E7366657214
:10A0C000206572726F722025642C206570203078B4
:10A0D000253032780025733A20525820646174612B
:10A0E000206C6F73742C206E6F207472616E7366B7
:10A0F00065720025733A204E6F207472616E73662C
:10A10000657220736C6F7420617661696C61626C3A
:10A11000650025733A2041207472616E7366657222
:10A1200020697320616C7265616479206F6E676F5E
:10A13000696E672C20657020307825303278007584
:10A1400073625F7472616E73666572007573625FCD
:10A150007472616E736665725F776F726B00757390
:10A16000625F7472616E736665725F65705F636172
:10A170006C6C6261636B007573625F7472616E73A5
:10A18000666572006364635F61636D5F75617274BD
:10A190003000757362776F726B71007365747469E8
:10A1A0006E677300666C617368002A2A2A20426F0A
:10A1B0006F74696E6720536C696D6556522D5472C9
:10A1C00061636B65722D6E52462076302E302E30D4
:10A1D0002D646961672D6669666F202D20756E6B31
:10A1E0006E6F776E20636F6D6D6974202A2A2A0A5C
:10A1F000002A2A2A205573696E67206E5246204332
:10A200006F6E6E6563742053444B2076332E312E6F
:10A21000312D306666623436623862396165202AD3
:10A220002A2A0A002A2A2A205573696E67205A654D
:10A2300070687972204F532076342E312E39392DA3
:10A24000666638663063353739656562202A2A2AA2
:10A250000A006D757465785F696E69742063616C5E
:10A260006C65642077697468204E554C4C20706191
:10A2700072616D6574657200436F756C64206E6FFA
:10A280007420616C6C6F63617465206D75746578A2
:10A29000206265666F726520696E697469616C69B8
:10A2A0007A696E670025733A2072302F61313A2047
:10A2B00020307825303878202072312F61323A20D2
:10A2C00020307825303878202072322F61333A20C0
:10A2D000203078253038780025733A2072332F618A
:10A2E000343A2020307825303878207231322F6986
:10A2F000703A2020307825303878207231342F6C35
:10A30000723A20203078253038780025733A2020A2
:10A31000787073723A2020307825303878002573B1
:10A320003A20735B2532645D3A202030782530383E
:10A33000782020735B2532645D3A20203078253008
:10A3400038782020735B2532645D3A2020307825F0
:10A350003038782020735B2532645D3A20203078D5
:10A36000253038780025733A2066707363723A207E
:10A37000203078253038780025733A204661756C96
:10A3800074696E6720696E737472756374696F6E39
:10A39000206164647265737320287231352F706395
:10A3A000293A203078253038780025733A20556EC8
:10A3B00068616E646C6564204952516E3A20256470
:10A3C000006573665F64756D70007A5F61726D5FC2
:10A3D000666174616C5F6572726F720025733A20FA
:10A3E0002A2A2A2A2A204D5055204641554C5420CD
:10A3F0002A2A2A2A2A0025733A20202053746163CE
:10A400006B696E67206572726F722028636F6E745D
:10A410006578742061726561206D69676874206277
:10A4200065206E6F742076616C6964290025733A2B
:10A43000202020556E737461636B696E67206572AE
:10A44000726F720025733A202020446174612041AC
:10A4500063636573732056696F6C6174696F6E0016
:10A4600025733A2020204D4D4641522041646472AC
:10A470006573733A20307825780025733A202020C0
:10A48000496E737472756374696F6E20416363659E
:10A4900073732056696F6C6174696F6E0025733A2F
:10A4A000202020466C6F6174696E672D706F696E35
:10A4B00074206C617A7920737461746520707265A0
:10A4C000736572766174696F6E206572726F720067
:10A4D000574553545F544F504449522F7A65706822
:10A4E00079722F617263682F61726D2F636F72656D
:10A4F0002F636F727465785F6D2F6661756C742E53
:10A50000630025733A202A2A2A2A2A2055534147D4
:10A5100045204641554C54202A2A2A2A2A002573D0
:10A520003A2020204469766973696F6E2062792031
:10A530007A65726F0025733A202020556E616C6930
:10A54000676E6564206D656D6F7279206163636508
:10A5500073730025733A2020204E6F20636F707252
:10A560006F636573736F7220696E73747275637451
:10A57000696F6E730025733A202020496C6C656703
:10A58000616C206C6F6164206F66204558435F5298
:10A59000455455524E20696E746F20504300257308
:10A5A0003A202020496C6C6567616C2075736520CA
:10A5B0006F662074686520455053520025733A2019
:10A5C0002020417474656D707420746F2065786507
:10A5D0006375746520756E646566696E656420696F
:10A5E0006E737472756374696F6E0025733A202AF6
:10A5F0002A2A2A2A20425553204641554C54202AC3
:10A600002A2A2A2A0025733A202020537461636B7A
:10A61000696E67206572726F720025733A20202080
:10A62000507265636973652064617461206275733B
:10A63000206572726F720025733A202020424641D5
:10A640005220416464726573733A20307825780033
:10A6500025733A202020496D707265636973652007
:10A660006461746120627573206572726F72002577
:10A67000733A202020496E737472756374696F6E2B
:10A6800020627573206572726F7200526573657215
:10A6900076656420457863657074696F6E20280064
:10A6A00053707572696F757320696E746572727517
:10A6B00070742028495251200025733A205350537A
:10A6C000454C20696E20746872656164206D6F640A
:10A6D0006520646F6573206E6F7420696E646963B2
:10A6E000617465205053500025733A202A2A2A2A83
:10A6F0002A2048415244204641554C54202A2A2AB7
:10A700002A2A0025733A202020427573206661753D
:10A710006C74206F6E20766563746F722074616252
:10A720006C6520726561640025733A2020204465C1
:10A73000627567206576656E740025733A20202067
:10A740004661756C7420657363616C6174696F6ECA
:10A7500020287365652062656C6F77290025733A40
:10A7600020415243485F455843455054207769740F
:10A770006820726561736F6E2025780A0025733A30
:10A78000202A2A2A2A2A204465627567206D6F6E66
:10A7900069746F7220657863657074696F6E202AC2
:10A7A0002A2A2A2A0025733A202A2A2A2A2A2025F8
:10A7B0007320256429202A2A2A2A2A0072657365B3
:10A7C000727665645F657863657074696F6E006446
:10A7D000656275675F6D6F6E69746F720075736126
:10A7E00067655F6661756C74006275735F6661753D
:10A7F0006C74006D656D5F6D616E6167655F66614C
:10A80000756C7400686172645F6661756C74006772
:10A8100065745F65736600574553545F544F5044E9
:10A8200049522F7A65706879722F617263682F615F
:10A83000726D2F636F72652F636F727465785F6DD1
:10A840002F6972715F6D616E6167652E63006D7057
:10A85000750025733A204661696C656420746F2029
:10A86000616C6C6F63617465206E6577204D505527
:10A8700020726567696F6E2025750A0025733A207E
:10A88000506172746974696F6E2025753A20736126
:10A890006E69747920636865636B206661696C65B5
:10A8A000642E00574553545F544F504449522F7AF9
:10A8B00065706879722F617263682F61726D2F63A2
:10A8C0006F72652F6D70752F61726D5F6D70752E73
:10A8D0006300726567696F6E5F616C6C6F63617452
:10A8E000655F616E645F696E6974006D70755F634A
:10A8F0006F6E6669677572655F726567696F6E73A3
:10A9000000464C4153485F30005352414D5F300088
:10A91000574553545F544F504449522F7A657068DD
:10A9200079722F6C69622F6C6962632F6E65776C28
:10A9300069622F6C6962632D686F6F6B732E6300A1
:10A94000000001000000736F630044657669636571
:10A950002064617461206E6F7420666F756E642070
:10A96000666F7220696E7465726661636520257515
:10A97000004465766963652064617461206E6F745C
:10A9800020666F756E6420666F7220656E64706FEE
:10A99000696E74202575004465766963652064617D
:10A9A0007461206E6F7420666F756E6420666F72BE
:10A9B000206366672025700025733A207756616C06
:10A9C00075652073686F756C6420626520300025A2
:10A9D000733A20556E68616E646C656420726571AF
:10A9E00075657374203078253032780025733A20ED
:10A9F000556E737570706F727465642070726F74C9
:10AA00006F636F6C3A202575004465766963652035
:10AA10006973206E6F7420636F6E66696775726507
:10AA200064006869645F6F6E5F7365745F70726FF6
:10AA3000746F636F6C006869645F6F6E5F676574E5
:10AA40005F70726F746F636F6C006869645F636CD2
:10AA50006173735F68616E646C655F7265710075C8
:10AA600073625F6869640025733A2055534244203D
:10AA70006576656E74206D656D6F727920636F7297
:10AA800072757074656400574553545F544F504459
:10AA900049522F7A65706879722F6472697665728F
:10AAA000732F7573622F6465766963652F757362A2
:10AAB0005F64635F6E7266782E6300757362645FB5
:10AAC000776F726B710025733A20555342442065AD
:10AAD00076656E7420616C6C6F636174696F6E2053
:10AAE0006661696C6564210025733A20556E6B6E52
:10AAF0006F776E2055534220706F776572206576B0
:10AB0000656E742025640025733A20556E65787053
:10AB10006563746564206576656E7420286E726660
:10AB2000785F75736264293A2025642C2065702053
:10AB30003078253032780025733A205F65705F7376
:10AB400074617475735F676574206661696C6564B0
:10AB50002120436F64653A2025640025733A206EF6
:10AB60006F742061747461636865642C20455020A3
:10AB7000307825303278206576656E742064726F87
:10AB8000707065640025733A206E5246205553421A
:10AB900044207472616E73666572206572726F72A2
:10ABA00020284F5554293A20307825303278002516
:10ABB000733A204661696C656420746F20616C6C27
:10ABC0006F63206576740025733A20555342442004
:10ABD0006576656E742071756575652066756C6C3B
:10ABE000210025733A20556E6B6E6F776E2055539A
:10ABF0004244206576656E743A20256864002573AA
:10AC00003A20696E76616C696420656E64706F6964
:10AC10006E7420636F6E66696775726174696F6EBA
:10AC20000025733A20696E76616C696420656E64F4
:10AC3000706F696E7420696E6465782F61646472E8
:10AC40006573730025733A204550206D617820703C
:10AC500061636B65742073697A65206D7573742008
:10AC60006265206120706F776572206F6620320008
:10AC700025733A205354414C4C20756E7375707097
:10AC80006F72746564206F6E2049534F20656E6447
:10AC9000706F696E740025733A20456E64706F6939
:10ACA0006E7420307825303278206973206E6F748E
:10ACB00020656E61626C65640025733A206E5246B1
:10ACC0002055534244207772697465206572726F13
:10ACD000723A20256400010002757362645F657634
:10ACE000656E745F7472616E736665725F646174C1
:10ACF0006100757362645F6576656E745F7472611E
:10AD00006E736665725F6374726C00757362645F04
:10AD1000736F665F747269676765725F69736F5F8F
:10AD20007265616400757362645F776F726B5F70E8
:10AD3000726F636573735F726563767265710075B8
:10AD40007362645F776F726B5F68616E646C65726B
:10AD500000037573625F64635F65705F7265616451
:10AD60005F636F6E74696E7565007573625F6463AF
:10AD70005F65705F726561645F77616974007573A8
:10AD8000625F64635F65705F777269746500757395
:10AD9000625F64635F65705F7365745F7374616C39
:10ADA0006C007573625F64635F65705F636F6E668E
:10ADB0006967757265007573625F64635F65705F74
:10ADC000636865636B5F63617000757362645F6580
:10ADD00076745F616C6C6F63007573625F64635F50
:10ADE000706F7765725F6576656E745F68616E64BB
:10ADF0006C6572007573625F6E72667800574553BA
:10AE0000545F544F504449522F7A65706879722FBD
:10AE1000647269766572732F7573622F636F6D6DDF
:10AE20006F6E2F6E72665F757362645F636F6D6DB8
:10AE30006F6E2F6E72665F757362645F636F6D6DA8
:10AE40006F6E2E63000001010101016E72665F7575
:10AE50007362645F636F6D6D6F6E000601050104C0
:10AE600001070203010502020103020504010101B9
:10AE7000020103010401060108010C01100118017F
:10AE80002001400180574553545F544F504449526C
:10AE90002F7A65706879722F647269766572732F84
:10AEA0006164632F6164635F6E7266785F73616172
:10AEB00064632E6300616463403430303037303077
:10AEC0003000574553545F544F504449522F7A65D0
:10AED000706879722F647269766572732F636C6F14
:10AEE000636B5F636F6E74726F6C2F636C6F636BF9
:10AEF0005F636F6E74726F6C5F6E72662E63006359
:10AF00006C6F636B40343030303030303000686606
:10AF1000636C6B006C66636C6B00636C6F636B5F80
:10AF2000636F6E74726F6C001B5B73001B5B75004C
:10AF30001B5B257544001B5B2575430063696E73BD
:10AF400074722025303278207472616E7366657277
:10AF500020746F6F206C6F6E673A20257A7500251C
:10AF6000733A204A45444543206964205B253032CA
:10AF700078202530327820253032785D2065787051
:10AF8000656374205B2530327820253032782025A7
:10AF90003032785D0025733A205244535220666166
:10AFA000696C65643A2025640025733A2051452078
:10AFB0002573206661696C65643A202564002573F9
:10AFC0003A207772697465206572726F723A2061F7
:10AFD000646472657373206F722073697A6520658B
:10AFE0007863656564732065787065637465642053
:10AFF00076616C7565732E416464723A20307825F1
:10B000006C782073697A6520257A750025733A205B
:10B0100072656164206572726F723A206164647255
:10B02000657373206F722073697A65206578636534
:10B030006564732065787065637465642076616CFF
:10B040007565732E416464723A203078256C7820DF
:10B0500073697A6520257A750025733A20657261D7
:10B060007365206572726F723A20616464726573F1
:10B0700073206F722073697A6520657863656564F3
:10B08000732065787065637465642076616C75659E
:10B09000732E416464723A203078256C782073698D
:10B0A0007A6520257A750025733A20756E73757060
:10B0B000706F72746564206174203078256C78201C
:10B0C00073697A6520257A750025733A207761695E
:10B0D00074206572726F72206174203078256C78EC
:10B0E0002073697A6520257A750025733A20657288
:10B0F000617365206572726F7220617420307825EB
:10B100006C782073697A6520257A7500636F6E66A6
:10B1100069677572655F6368697000717370695FF4
:10B12000696E697400717370695F6E6F725F7265CA
:10B13000616400717370695F6E6F725F77726974BA
:10B140006500717370695F6572617365007173701A
:10B15000695F6E6F725F6572617365006D7832351D
:10B16000723634333566403000717370695F6E6FCC
:10B17000720025733A20696E76616C69642061649F
:10B1800064726573733A2030782530386C783A25CC
:10B190007A750025733A20756E616C69676E656417
:10B1A00020616464726573733A2030782530386C9E
:10B1B000783A257A750025733A206E6F7420776F80
:10B1C00072642D616C69676E65643A203078253051
:10B1D000386C783A257A7500666C6173685F6E72B8
:10B1E000665F7265616400666C6173685F6E72664B
:10B1F0005F777269746500666C6173685F6E726612
:10B200005F657261736500666C6173682D636F6E54
:10B2100074726F6C6C657240343030316530303030
:10B2200000666C6173685F6E726600574553545FC9
:10B23000544F504449522F7A65706879722F696E65
:10B24000636C7564652F7A65706879722F647269B2
:10B25000766572732F6770696F2F6770696F5F759E
:10B2600074696C732E6800574553545F544F5044B3
:10B2700049522F7A65706879722F647269766572A7
:10B28000732F6770696F2F6770696F5F6E72667872
:10B290002E63006770696F403530303030333030A6
:10B2A000006770696F4035303030303030300069C1
:10B2B00032630025733A204E65656420746F2075F3
:10B2C00073652074686520696E7465726E616C20A8
:10B2D0006472697665722062756666657220627551
:10B2E00074206974732073697A6520697320696EAC
:10B2F00073756666696369656E7420282575202BF1
:10B30000202575203E202575292E2041646A7573FD
:10B310007420746865207A65706879722C636F6E2A
:10B320006361742D6275662D73697A65206F722072
:10B330007A65706879722C666C6173682D627566C7
:10B340002D6D61782D73697A652070726F706572EA
:10B3500074792028746865206F6E65207769746839
:10B3600020677265617465722076616C756529204D
:10B37000696E207468652022257322206E6F6465D3
:10B380002E006932635F6E7266785F7477696D5FF5
:10B390007472616E73666572006932634034303076
:10B3A0003033303030006932635F6E7266785F74BC
:10B3B00077696D0025733A20756E737570706F72C2
:10B3C0007465642073706565640025733A20547257
:10B3D00079696E6720746F207472616E736665722E
:10B3E000206D6F7265207468616E20746865206DD1
:10B3F0006178696D756D2073697A6520666F72205A
:10B4000074686973206465766963653A20256420F1
:10B410003E2025640025733A204661696C656420EE
:10B42000746F20696E697469616C697A65206465FE
:10B43000766963653A2025730025733A2064657642
:10B4400069636520616374697665006932635F6E64
:10B450007266785F7477696D5F636F6D6D6F6E5F35
:10B460006465696E6974006932635F6E7266785FE5
:10B470007477696D5F636F6D6D6F6E5F696E697410
:10B48000006932635F6E7266785F7477696D5F6DB5
:10B4900073675F7472616E73666572006932635FB1
:10B4A0006E7266785F7477696D5F636F6E666967E9
:10B4B00075726500000102030405060725733A2032
:10B4C000496E76616C6964206368616E6E656C3A82
:10B4D0002025752E0025733A20496E636F6D7061CB
:10B4E0007469626C6520706572696F642E002573E3
:10B4F0003A205072657363616C657220666F7220CA
:10B50000706572696F645F6379636C65732025751C
:10B51000206E6F7420666F756E642E0070776D5F9D
:10B520006E7266785F696E69740070776D5F7065C2
:10B5300072696F645F636865636B5F616E645F739C
:10B5400065740070776D5F6E7266785F7365745FA7
:10B550006379636C65730070776D403430303163AC
:10B560003030300070776D5F6E7266780067707291
:10B5700065677265743240343030303035323000B7
:10B5800067707265677265743140343030303035C1
:10B5900031630072657461696E65645F6D656D5FCE
:10B5A0006E72665F6770726567726574007265744B
:10B5B00061696E65646D656D0072657461696E6563
:10B5C000645F6D656D5F7A65706879725F72616DD9
:10B5D00000574553545F544F504449522F7A657079
:10B5E0006879722F647269766572732F73656E73F2
:10B5F0006F722F6E6F726469632F74656D702F7434
:10B60000656D705F6E7266352E630074656D704097
:10B6100034303030633030300074656D705F6E727E
:10B62000663500574553545F544F504449522F7A62
:10B6300065706879722F647269766572732F7365AD
:10B640006E736F722F766F6C746167655F64697675
:10B65000696465722F766F6C746167652E6300256F
:10B66000733A207261775F746F5F6D763A2025645C
:10B670000025733A206164635F736574757020669A
:10B6800061696C65643A2025640025733A20616421
:10B69000635F726561643A2025640025733A204136
:10B6A0004443206973206E6F742072656164790071
:10B6B00025733A20506F776572204750494F2069B3
:10B6C00073206E6F742072656164790025733A206F
:10B6D00073657475703A2025640025733A2073658C
:10B6E0007175656E636520696E69743A2025640022
:10B6F00025733A206661696C656420746F20636FFE
:10B700006E666967757265204750494F20666F7293
:10B7100020504D206F6E0025733A206661696C657C
:10B720006420746F20736574204750494F20666F02
:10B730007220504D20726573756D650025733A2037
:10B740006661696C656420746F207365742047506E
:10B75000494F20666F7220504D2073757370656E6F
:10B760006400766F6C746167655F696E6974007000
:10B770006D5F616374696F6E00666574636800670E
:10B78000657400626174746572792D6469766964A8
:10B79000657200766F6C746167650025733A2046A8
:10B7A00061696C656420746F20616C6C6F63617497
:10B7B0006520505049204368616E6E656C00656E6F
:10B7C0006474785F73746F7074785F7070695F69A8
:10B7D0006E697400756172744034303030323030CC
:10B7E0003000756172745F6E7266785F7561727435
:10B7F000650025733A204661696C656420746F208A
:10B80000616C6C6F63617465204750494F544520EB
:10B810006368616E6E656C20666F722057414B45A0
:10B820000025733A204661696C656420746F20635B
:10B830006F6E6669677572652057414B4520706968
:10B840006E0025733A204353204750494F20706FB4
:10B8500072742025732070696E202564206973201E
:10B860006E6F742072656164790025733A2055709B
:10B8700064617465206578636565647320637572BF
:10B8800072656E74206275666665720025733A2073
:10B8900048616C662D6475706C6578206E6F7420DD
:10B8A000737570706F727465640025733A20536C01
:10B8B000617665206D6F6465206973206E6F7420FA
:10B8C000737570706F72746564206F6E20257300DD
:10B8D00025733A204C6F6F706261636B206D6F64EB
:10B8E00065206973206E6F7420737570706F727449
:10B8F00065640025733A20576F72642073697A6516
:10B9000073206F74686572207468616E20382062DD
:10B9100069747320617265206E6F74207375707026
:10B920006F727465640025733A204672657175659F
:10B930006E63696573206C6F776572207468616EE1
:10B9400020313235206B487A20617265206E6F7429
:10B9500020737570706F727465640025733A2046A9
:10B9600061696C656420746F20696E697469616CCB
:10B97000697A65206E726678206472697665723ABB
:10B9800020253038780057616974696E6720666FCA
:10B99000722057414B452061636B6E6F776C656415
:10B9A000676D656E742074696D6564206F757400D1
:10B9B00025733A2054696D656F75742077616974D9
:10B9C000696E6720666F72207472616E736665724D
:10B9D00020636F6D706C657465007370695F636F71
:10B9E0006E746578745F63735F636F6E66696775A5
:10B9F00072655F616C6C007370695F6E7266785F10
:10BA0000696E6974007370695F636F6E74657874D2
:10BA10005F776169745F666F725F636F6D706C658D
:10BA200074696F6E007370695F636F6E74657874AC
:10BA30005F7570646174655F7278007370695F63CD
:10BA40006F6E746578745F7570646174655F747827
:10BA500000636F6E66696775726500737069403464
:10BA600030303266303030007370695F6E726678E5
:10BA70005F7370696D0025733A2052657365747445
:10BA8000696E672073797374656D006B5F7379738A
:10BA90005F666174616C5F6572726F725F68616E20
:10BAA000646C657200666174616C5F6572726F725E
:10BAB00000574553545F544F504449522F6E72669D
:10BAC0002F7375627379732F6573622F6573622E9E
:10BAD0006300574553545F544F504449522F6D6F84
:10BAE00064756C65732F68616C2F6E6F7264696327
:10BAF0002F6E7266782F68616C2F6E72665F72614E
:10BB000064696F2E680025733A204661696C65642C
:10BB100020746F20696E697469616C697A65206E42
:10BB20007266782074696D657220286572722025AE
:10BB300064290025733A204661696C656420746F3E
:10BB400020696E697469616C697A65204553422089
:10BB500073797374656D2074696D65720025733A2D
:10BB6000204661696C656420746F20696E69746930
:10BB7000616C697A6520505049000605000101009A
:10BB8000000000007379735F74696D65725F696EA0
:10BB90006974006573625F696E6974006573620041
:10BBA00025733A20677070695F67726F75705F61A7
:10BBB0006C6C6F63206661696C656420776974687A
:10BBC0003A2025640A0025733A20677070695F6324
:10BBD00068616E6E656C5F616C6C6F632066616935
:10BBE0006C656420776974683A2025640A005745BB
:10BBF00053545F544F504449522F6E72662F7375E1
:10BC0000627379732F6573622F6573625F707069F9
:10BC10002E63006573625F7070695F696E6974009E
:10BC200000000000000101000000000057455354CF
:10BC30005F544F504449522F6D6F64756C65732F7C
:10BC400068616C2F6E6F726469632F6E7266782FF5
:10BC500068656C706572732F6E7266785F72616D65
:10BC60005F6374726C2E63000010011102120313E3
:10BC70000414051506160717080808080808080818
:10BC800018181818181818182828282828282828B4
:10BC900038383838383838384848484848484848A4
:10BCA0005858585858585858574553545F544F503F
:10BCB0004449522F6D6F64756C65732F68616C2FEA
:10BCC0006E6F726469632F6E7266782F6472697624
:10BCD0006572732F7372632F6E7266785F636C6F19
:10BCE000636B2E6300574553545F544F5044495281
:10BCF0002F6D6F64756C65732F68616C2F6E6F723A
:10BD00006469632F6E7266782F68616C2F6E72663D
:10BD10005F636C6F636B2E6800574553545F544FDD
:10BD2000504449522F6D6F64756C65732F68616C58
:10BD30002F6E6F726469632F6E7266782F68616C04
:10BD40002F6E72665F6770696F74652E6800574565
:10BD500053545F544F504449522F6D6F64756C6556
:10BD6000732F68616C2F6E6F726469632F6E7266D9
:10BD7000782F647269766572732F7372632F6E7297
:10BD800066785F6770696F74652E630000203030DD
:10BD900030303030303030303030303000015745C6
:10BDA00053545F544F504449522F6D6F64756C6506
:10BDB000732F68616C2F6E6F726469632F6E726689
:10BDC000782F647269766572732F7372632F6E7247
:10BDD00066785F6E766D632E6300574553545F54EB
:10BDE0004F504449522F6D6F64756C65732F6861B5
:10BDF0006C2F6E6F726469632F6E7266782F647237
:10BE000069766572732F7372632F6E7266785F70D6
:10BE10006F7765722E6300000001000000574553E4
:10BE2000545F544F504449522F6D6F64756C657365
:10BE30002F68616C2F6E6F726469632F6E72667803
:10BE40002F68616C2F6E72665F70776D2E68005779
:10BE50004553545F544F504449522F6D6F64756C75
:10BE600065732F68616C2F6E6F726469632F6E72D9
:10BE700066782F647269766572732F7372632F6EA2
:10BE80007266785F70776D2E6300574553545F5428
:10BE90004F504449522F6D6F64756C65732F686104
:10BEA0006C2F6E6F726469632F6E7266782F647286
:10BEB00069766572732F7372632F6E7266785F7125
:10BEC0007370692E6300574553545F544F50444973
:10BED000522F6D6F64756C65732F68616C2F6E6F78
:10BEE000726469632F6E7266782F64726976657208
:10BEF000732F7372632F6E7266785F736161646310
:10BF00002E6300574553545F544F504449522F6D90
:10BF10006F64756C65732F68616C2F6E6F726469E6
:10BF2000632F6E7266782F68616C2F6E72665F7316
:10BF3000616164632E6800574553545F544F504409
:10BF400049522F6D6F64756C65732F68616C2F6E2D
:10BF50006F726469632F6E7266782F64726976659A
:10BF600072732F7372632F6E7266785F7370696D70
:10BF70002E6300010000000000574553545F544FEA
:10BF8000504449522F6D6F64756C65732F68616CF6
:10BF90002F6E6F726469632F6E7266782F64726998
:10BFA000766572732F7372632F6E7266785F746931
:10BFB0006D65722E6300574553545F544F5044498A
:10BFC000522F6D6F64756C65732F68616C2F6E6F87
:10BFD000726469632F6E7266782F64726976657217
:10BFE000732F7372632F6E7266785F7477696D2E2C
:10BFF00063000100000000005465726D696E616CA1
:10C0000000000000000000545452205245474745AC
:10C010005300574553545F544F504449522F7A654B
:10C02000706879722F6B65726E656C2F64657669C6
:10C0300063652E6300556E6B6E6F776E206572724E
:10C040006F7200756E6B6E6F776E0025733A203ECF
:10C050003E3E205A455048595220464154414C20BA
:10C060004552524F522025643A202573206F6E208E
:10C070004350552025640025733A204661756C7441
:10C0800020647572696E6720696E7465727275706E
:10C09000742068616E646C696E670A0025733A20CB
:10C0A00043757272656E74207468726561643A20BB
:10C0B0002570202825732900574553545F544F504D
:10C0C0004449522F7A65706879722F6B65726E657C
:10C0D0006C2F666174616C2E630043505520657847
:10C0E00063657074696F6E00556E68616E646C652F
:10C0F0006420696E74657272757074005374616344
:10C100006B206F766572666C6F77004B65726E653B
:10C110006C206F6F7073004B65726E656C20706180
:10C120006E6963007A5F666174616C5F6572726FDD
:10C130007200574553545F544F504449522F7A650B
:10C14000706879722F6B65726E656C2F696E697499
:10C150002E630069646C65006F7300574553545F2C
:10C16000544F504449522F7A65706879722F6B652D
:10C17000726E656C2F6D656D5F736C61622E63000E
:10C18000574553545F544F504449522F7A65706855
:10C1900079722F6B65726E656C2F696E636C756456
:10C1A000652F6B73636865642E6800574553545F51
:10C1B000544F504449522F7A65706879722F6B65DD
:10C1C000726E656C2F69646C652E6300574553541D
:10C1D0005F544F504449522F7A65706879722F6BC3
:10C1E00065726E656C2F6D757465782E63005745AA
:10C1F00053545F544F504449522F7A657068797296
:10C200002F6B65726E656C2F73656D2E63005745DD
:10C2100053545F544F504449522F7A657068797275
:10C220002F6B65726E656C2F776F726B2E63005784
:10C230004553545F544F504449522F7A6570687982
:10C24000722F6B65726E656C2F7468726561642EF7
:10C250006300574553545F544F504449522F7A65F9
:10C26000706879722F6B65726E656C2F7363686589
:10C27000642E6300574553545F544F504449522F26
:10C280007A65706879722F6B65726E656C2F696E56
:10C29000636C7564652F6B7468726561642E6800E9
:10C2A000574553545F544F504449522F7A65706834
:10C2B00079722F6B65726E656C2F74696D65736C26
:10C2C0006963696E672E6300574553545F544F503E
:10C2D0004449522F7A65706879722F6B65726E656A
:10C2E0006C2F74696D656F75742E630057455354D8
:10C2F0005F544F504449522F7A65706879722F6BA2
:10C3000065726E656C2F6D656D706F6F6C2E63005E
:10C31000574553545F544F504449522F7A657068C3
:10C3200079722F6B65726E656C2F6B686561702E0C
:10C330006300737973776F726B7100002020202087
:10C3400020202020202828282828202020202020C5
:10C3500020202020202020202020202088101010A5
:10C3600010101010101010101010101004040404FD
:10C370000404040404041010101010101041414172
:10C3800041414101010101010101010101010101DD
:10C390000101010101010110101010101042424270
:10C3A00042424202020202020202020202020202AD
:10C3B000020202020202021010101020000000000F
:10C3C000000000000000000000000000000000006D
:10C3D000000000000000000000000000000000005D
:10C3E000000000000000000000000000000000004D
:10C3F000000000000000000000000000000000003D
:10C40000000000000000000000000000000000002C
:10C41000000000000000000000000000000000001C
:10C42000000000000000000000000000000000000C
:0CC4300000000000000000000000000000
:10C4840004050020FF0E0000050F0000070F000048
:10C494002D0F00000B0F00003B0F0000110F0000D8
:10C4A400470F0000170F00004D0F0000230F00007E
:10C4B400270F0000190F00001F0F0000370F0000A6
:10C4C400410F000000000000FFFFFFFFFFFFFF7FA0
:10C4D40018FCFFFFFFFFFFFF18FCFFFFFFFFFFFF3C
:10C4E400FFFFFFFFFFFFFFFF18FCFFFFFFFFFFFF42
:10C4F4000000000000000000000000000000000038
:10C504000000000000000000000000000000000027
:10C514000000000000000000000000000000000017
:10C524000000000000000000000000000000000007
:10C5340000000000000000000000000000000000F7
:10C5440000000000000000000000000000000000E7
:10C5540000000000000000000000000000000000D7
:10C5640000000000000000000000000000000000C7
:10C574000000000000000000000000007C09002012
:10C584006809002000C2010000000800000000004B
:10C594000000000000000000000000000000000097
:10C5A40000000000240600202406002000000000F3
:10C5B40001000000340600203406002000000000C2
:10C5C4000100000000000000000000000000000066
:10C5D4000000000000000000000000000000000057
:10C5E4000000000000000000000000000000000047
:10C5F4000000000000000000000000000000000037
:10C604000000000000000000000000000000000026
:10C614000000000000000000000000000000000016
:10C624000000000000000000000000000000000006
:10C6340000000000000000000000000000000000F6
:10C64400D73F0300EA3F0300F73F03000540030020
:10C65400154003002B4003003F40030056400300F5
:10C6640066400300794003008840030099400300BA
:10C67400B7400300CB400300DF400300F340030056
:10C684000741030018410300284103003841030017
:10C694004741030055410300644103007D41030009
:10C6A4008F410300A4410300B9410300D2410300B8
:10C6B400E74103007CF3032000F0032000007A3DEF
:10C6C4000000003AA69B443A0000803FA69B443AEF
:10C6D4000000803F0000803F0000803F295C8F3DC8
:10C6E4000000003AD836002002000000E83600209E
:10C6F4000100000006000000DC2B0300002C0300F6
:10C70400FFFFFFFFFFFFFFFF0C280300F304353F8B
:10C714000000000000000000F304353F0000803FEB
:10C724000000000000000000000000000000803F46
:10C73400000000000000000000000000B01D030025
:10C744000048E80106010000DC1B03001F00010093
:10C7540000000000DC2B0300DC2B0300FC2A030098
:10C76400DC2B0300DC2B0300DC2B0300DC2903009F
:10C77400002A0300242A0300482A03006C2A030029
:10C78400DC2B0300DC2B0300902A0300B42A0300F3
:10C79400DC2B0300DC2B0300DC2B0300DC2B03006D
:10C7A400D82A0300EA8A0300F38A03004F830300B4
:10C7B400FC8A0300048B03000B8B030083800300BB
:10C7C400AB8303003281030082810300D381030021
:10C7D400138B03001B8B0300238B03007D82030058
:10C7E400338B03003E8B0300488B03005D8B0300F7
:10C7F400E7820300002C030074280300002C0300CC
:10C80400002C0300002C0300002C0300002C030068
:10C81400A4280300E0280300E0280300002C030000
:10C8240040290300402903007029030070290300F4
:10C83400002C0300AC29030010290300678B0300BC
:10C84400275903006E8B0300758B0300878B03004D
:10C85400908B0300998B0300A38B0300BB8B030015
:10C86400C58B0300D18B0300E68B0300EE8B030022
:10C87400148C0300687D0300278C0300F27E030000
:10C884002F8C03000C2803000C2803000C28030041
:10C89400402803003F8503003F8503003F850300D4
:10C8A400438C0300201D0300000000000000000072
:10C8B4000000000000000000000000000000000074
:10C8C4000000000000000000FFFFFFFFFFFFFFFF6C
:10C8D400FFFFFFFFFFFFFFFFDDF30200C5FD0200C6
:10C8E400642D03000000000080A900200000000067
:10C8F40000000000000000000004000080AD0020E3
:10C90400000000000000000000000000000400001F
:10C91400ADBA010080000000E5B60100000000008F
:10C92400E5B6010080000000A80D00203A000000D8
:10C93400BC0D00203A000000800D00203A000000E9
:10C94400D00D00203A000000A9030300C9D401005F
:10C95400800000000000000000000000C90C02007C
:10C9640000000000E4090020E409002001000000A8
:10C9740001000000F4090020F40900200000000078
:10C9840001000000000000000000000000000000A2
:10C994000000000045080300000000000000000043
:10C9A40000000000450803000000000080010000B2
:10C9B4000000000003090300000000000000000064
:10C9C40000000000710903000000000000000000E6
:10C9D40000000000ED25020000000000000000003F
:10C9E40000000000250E0300000000007C0A002067
:10C9F4000000000000000000000000000000000033
:10CA0400000000000560002020000000000000007D
:10CA1400000000000000000000000000BD0F030043
:10CA2400000000000000000000000000E0300300EF
:10CA340001000000B40A0020B40A00200000000035
:10CA440001000000C40A0020C40A00200000000005
:10CA540001000000000000000000000000000000D1
:10CA640000000000000000000000000000000000C2
:10CA74000000000000000000B01D030000000000E2
:10CA8400000000002D60002025600020010000004F
:10CA94000000000000000000000000000000000092
:10CAA400000000000000000000A0004000000000A2
:10CAB400000000000C00000000000000E7E7E7E7CA
:10CAC400C2C2C2C2E7C2C3C4C5C6C7C80805FF0202
:10CAD4000000000000A0004000040000FF0000006F
:10CAE4003F000000FFFF0700900200006C0B0020D5
:10CAF4006C0B002000000000D5C40200B80B00201D
:10CB0400B00B0020A80B002000000000A00B0020A8
:10CB1400F5C5020041C5020075C50200BDC502008D
:10CB2400D45700203A00003AD85700203A00003A7F
:10CB3400DC5700203A00003AE05700203A00003A5F
:10CB4400C80B00208C0B0020840B0020800B0020DD
:10CB54007C0B0020D80B0020000000000000000027
:10CB640000000000000000000000000000000000C1
:10CB740000000000000000000000000000000000B1
:10CB840000000000000000000000000000000000A1
:10CB94000000000000000000000000000000000091
:10CBA4000000000000000000000000000000000081
:10CBB4000000000000000000FFFFFFFFFFFFFFFF79
:10CBC400FFFFFFFFFFFFFFFFFFFFFFFFFFFFFFFF71
:10CBD400FFFFFFFFFFFFFFFFFFFFFFFFFFFFFFFF61
:10CBE400FFFFFFFFFFFFFFFFFFFFFFFFFFFF0080CF
:10CBF4000108000000000000000000000000000028
:10CC04000000000000000000000000000000000020
:10CC140000000000000015000000000000000000FB
:10CC24000000000000000000000000000000000000
:10CC34000000000000000000000000FFFF03FFFFF1
:10CC4400FFFF0C040C04FFFFFFFF0403FFFFFFFFC3
:10CC5400FFFFFF01FFFFFFFFFF01010101010101D0
:02CC640001FFCE
:10CC660000000000000000000000000000000000BE
:10CC760000000000000000000000000000000000AE
:06CC8600000000000000A8
:10CC8C000000000000000000000000000000000098
:10CC9C000000000000000000000000000000000088
:10CCAC000000000000000000000000000000000078
:0CCCBC000000000000000000000000006C
:04CCC8000000000068
:10CCCC00480D0020480D00200000000000A70020A7
:10CCDC000000000020000000140000000000000014
:10CCEC0000000000009F0020000800000000000071
:08CCFC00000000000000000030
:10CD0400800D0020800D00200000000000000000C5
:10CD14000E000000940D0020940D0020000000007F
:10CD2400000000000E000000A80D0020A80D002047
:10CD340000000000000000000E000000BC0D0020F8
:10CD4400BC0D002000000000000000000E000000E8
:10CD5400D00D0020D00D00200000000000000000D5
:10CD64000E000000E40D0020E40D0020000000008F
:08CD7400000000000E000000A9
:10CD7C00F80D0020F80D002001000000010000005B
:10CD8C00080E0020080E002000000000010000002A
:10CD9C00000000000000000000000000240E002035
:10CDAC00240E002000000000000000000000000025
:10CDBC00380E0020380E002000000000000000009B
:0CCDCC00000000004C0E00204C0E002067
:10CDD80012010002EF0201400912927601040102D9
:10CDE800030109020000000100E032080B00020202
:10CDF80002000009040000010202000005240010DE
:10CE08000105240102010424020205240600010789
:10CE180005800310000A09040100020A0000000747
:10CE280005800240000007050002400000090400D8
:10CE3800000103010000092111010001220000077F
:10CE4800058003400000040309042A034E6F72643E
:10CE580069632053656D69636F6E647563746F727F
:10CE680000000000000000000000000000000000BA
:10CE7800000000003A03536C696D654E5246205419
:10CE88007261636B6572206E5246353238343020D9
:10CE9800444B0000000000000000000000000000FB
:10CEA8000000000000000000000000000000220355
:10CEB80030313233343536373839414243444546C8
:10CEC800000000000000000000000000000000005A
:02CED800000058
:10CEDC0000000000770E0020F7000300E9BC010001
:10CEEC0049BA01000000000000000000030000002F
:10CEFC009009002000000000B10E0020D9030300AF
:10CF0C0001D7010039D5010000000000DDD301007C
:08CF1C0001000000CC09002017
:04CF240015E015E01F
:040000031000CAAD72
:00000001FF
