:10000000009D0020E1C8010061010300CDC801008E
:10001000CDC80100CDC80100CDC80100000000001E
:100020000000000000000000000000007DCA010088
:10003000CDC8010000000000E9C90100CDC80100E1
:1000400039CD0100893A020039CD010039CD0100D6
:1000500039CD010039CD010039CD010039CD010084
:1000600039CD010039CD01002585020039CD0100CF
:1000700039CD010039CD010039CD010039CD010064
:1000800039CD010039CD010039CD010039CD010054
:10009000ED3A020039CD010039CD010039CD010022
:1000A00039CD010039CD010039CD010039CD010034
:1000B00039CD010039CD010039CD010039CD010024
:1000C00039CD010039CD010039CD010039CD010014
:1000D00039CD010039CD010039CD010039CD010004
:1000E00039CD010039CD010039CD010039CD0100F4
:1000F00039CD010039CD010039CD010039CD0100E4
:10010000014B1B685B68184700050020014B1B680A
:100110009B68184700050020014B1B681B691847A6
:1001200000050020014B1B685B6918470005002093
:10013000014B1B689B69184700050020014B1B6899
:10014000DB69184700050020014B1B681B6A184734
:1001500000050020014B1B689B6A18470005002022
:1001600030B4044C9DF8085024680295E468A44615
:1001700030BC60470005002030B50246114890F9B8
:100180001C3093421ADD90F92430934218DAD31AC6
:10019000856A0D4CE85C235693420ED00E3400293C
:1001A0000CBF0346431CA542D8B206D129B1013A7F
:1001B000D2B2012A01D80130C0B230BD0D20FCE717
:1001C0000020FAE7A00F00205C24030008B5054BCF
:1001D00093F91C30984203DAFFF7CEFF024B1B560F
:1001E000184608BDA00F00205C24030010B51C4C6D
:1001F00094F82C3073B9012384F82C3000F09EF869
:1002000048B1184BA362D823236284F82430082312
:10021000A361237710BD00F0A7F80028F1D100F00A
:10022000ADF80028EDD100F06BF838B10E4BA362A9
:10023000D823236284F824300423E9E700F06AF825
:100240000028F3D100F070F80028EFD100F080F81A
:100250000028EBD140F2BF11742000F019F800BF64
:10026000A00F0020972403006A240300BFF34F8FE0
:100270000549064BCA6802F4E0621343CB60BFF342
:100280004F8F00BFFDE700BF00ED00E00400FA055E
:100290001FB572B6134B5D688DB9FFF7E7FFB2FB70
:1002A000F6F2DCB20133002AF9D104F110036B44F9
:1002B00003F80C2C0A2234B901A8A847EDE702463E
:1002C00000230A26EDE7631E04AEDCB256FA83F380
:1002D000B0FBF2F602FB1600303003F80C0C30468F
:1002E000E9E700BF401400204FF08052034BD2F8E2
:1002F00030111960D2F834215A6070477C14002004
:10030000034B1868A0F10F0358425841704700BFD3
:100310007C140020034B1868A0F10A03584258418E
:10032000704700BF7C140020034B1868A0F10E0337
:1003300058425841704700BF7C140020034B186896
:10034000A0F1100358425841704700BF7C140020B0
:10035000044B1868062803D0431C58425841704784
:10036000012070477C140020034B1868A0F10D0396
:1003700058425841704700BF7C140020034B186856
:10038000A0F1080358425841704700BF7C14002078
:1003900081F0004102E000BF83F0004330B54FEA36
:1003A00041044FEA430594EA050F08BF90EA020FA3
:1003B0001FBF54EA000C55EA020C7FEA645C7FEA36
:1003C000655C00F0E2804FEA5454D4EB5555B8BF59
:1003D0006D420CDD2C4480EA020281EA030382EACA
:1003E000000083EA010180EA020281EA0303362D5C
:1003F00088BF30BD11F0004F4FEA01314FF4801C2F
:100400004CEA113102D0404261EB410113F0004F40
:100410004FEA03334CEA133302D0524263EB4303F7
:1004200094EA050F00F0A780A4F10104D5F1200E95
:100430000DDB02FA0EFC22FA05F2801841F10001F0
:1004400003FA0EF2801843FA05F359410EE0A5F1C4
:1004500020050EF1200E012A03FA0EFC28BF4CF0F5
:10046000020C43FA05F3C01851EBE37101F00045AB
:1004700007D54FF0000EDCF1000C7EEB00006EEBB8
:100480000101B1F5801F1BD3B1F5001F0CD3490842
:100490005FEA30004FEA3C0C04F101044FEA445299
:1004A00012F5800F80F09A80BCF1004F08BF5FEA20
:1004B000500C50F1000041EB045141EA050130BD00
:1004C0005FEA4C0C404141EB0101013C28BFB1F512
:1004D000801FE9D291F0000F04BF01460020B1FA5D
:1004E00081F308BF2033A3F10B03B3F120020CDA30
:1004F0000C3208DD02F1140CC2F10C0201FA0CF00E
:1005000021FA02F10CE002F11402D8BFC2F1200C72
:1005100001FA02F120FA0CFCDCBF41EA0C01904028
:10052000E41AA2BF01EB0451294330BD6FEA040471
:100530001F3C1CDA0C340EDC04F11404C4F120025C
:1005400020FA04F001FA02F340EA030021FA04F36E
:1005500045EA030130BDC4F10C04C4F1200220FAC5
:1005600002F001FA04F340EA0300294630BD21FA03
:1005700004F0294630BD94F0000F83F4801306BFC9
:1005800081F480110134013D4EE77FEA645C18BFBD
:100590007FEA655C29D094EA050F08BF90EA020F54
:1005A00005D054EA000C04BF1946104630BD91EA4C
:1005B000030F1EBF0021002030BD5FEA545C05D14F
:1005C0004000494128BF41F0004130BD14F580048E
:1005D0003CBF01F5801130BD01F0004545F0FE4102
:1005E00041F470014FF0000030BD7FEA645C1ABF37
:1005F000194610467FEA655C1CBF0B46024650EA6E
:10060000013406BF52EA033591EA030F41F4002199
:1006100030BD00BF90F0000F04BF0021704730B51F
:100620004FF4806404F132044FF000054FF00001F4
:1006300050E700BF90F0000F04BF0021704730B5B5
:100640004FF4806404F1320410F0004548BF40428A
:100650004FF000013EE700BF42004FEAE2014FEADF
:1006600031014FEA02701FBF12F07F4393F07F4FBA
:1006700081F06051704732F07F4208BF704793F0BD
:100680007F4F04BF41F40021704730B54FF46074D0
:1006900001F0004521F000411CE700BF50EA0102D3
:1006A00008BF704730B54FF000050AE050EA01027C
:1006B00008BF704730B511F0004502D5404261EBEC
:1006C00041014FF4806404F132045FEA915C3FF42D
:1006D000D8AE4FF003025FEADC0C18BF03325FEACA
:1006E000DC0C18BF033202EBDC02C2F1200300FA7B
:1006F00003FC20FA02F001FA03FE40EA0E0021FAA0
:1007000002F11444BDE600BF70B54FF0FF0C4CF48D
:10071000E06C1CEA11541DBF1CEA135594EA0C0F3F
:1007200095EA0C0F00F0DEF82C4481EA030621EA7A
:100730004C5123EA4C5350EA013518BF52EA0335B5
:1007400041F4801143F4801338D0A0FB02CE4FF067
:100750000005E1FB02E506F00042E0FB03E54FF097
:100760000006E1FB03569CF0000F18BF4EF0010E8F
:10077000A4F1FF04B6F5007F64F5407404D25FEA8B
:100780004E0E6D4146EB060642EAC62141EA55513E
:100790004FEAC52040EA5E504FEACE2EB4F1FD0C80
:1007A00088BFBCF5E06F1ED8BEF1004F08BF5FEAFE
:1007B000500E50F1000041EB045170BD06F00046B0
:1007C00046EA010140EA020081EA0301B4EB5C045D
:1007D000C2BFD4EB0C0541EA045170BD41F4801155
:1007E0004FF0000E013C00F3AB8014F1360FDEBF7A
:1007F000002001F0004170BDC4F10004203C35DA56
:100800000C341BDC04F11404C4F1200500FA05F3D8
:1008100020FA04F001FA05F240EA020001F0004279
:1008200021F0004110EBD37021FA04F642EB0601EF
:100830005EEA430E08BF20EAD37070BDC4F10C0419
:10084000C4F1200500FA04F320FA05F001FA04F2DD
:1008500040EA020001F0004110EBD37041F10001C9
:100860005EEA430E08BF20EAD37070BDC4F12005D4
:1008700000FA05F24EEA020E20FA04F301FA05F23C
:1008800043EA020321FA04F001F0004121FA04F2E4
:1008900020EA020000EBD3705EEA430E08BF20EAB4
:1008A000D37070BD94F0000F0FD101F000464000EE
:1008B00041EB010111F4801F08BF013CF7D041EA70
:1008C000060195F0000F18BF704703F00046520074
:1008D00043EB030313F4801F08BF013DF7D043EA45
:1008E0000603704794EA0C0F0CEA135518BF95EAFB
:1008F0000C0F0CD050EA410618BF52EA4306D1D182
:1009000081EA030101F000414FF0000070BD50EAA0
:10091000410606BF1046194652EA430619D094EA2A
:100920000C0F02D150EA013613D195EA0C0F05D114
:1009300052EA03361CBF104619460AD181EA030168
:1009400001F0004141F0FE4141F470014FF0000020
:1009500070BD41F0FE4141F4780170BD70B54FF0BB
:10096000FF0C4CF4E06C1CEA11541DBF1CEA13553B
:1009700094EA0C0F95EA0C0F00F0A7F8A4EB05041D
:1009800081EA030E52EA03354FEA013100F0888014
:100990004FEA03334FF0805545EA131343EA1263DD
:1009A0004FEA022245EA111545EA10654FEA002692
:1009B0000EF000419D4208BF964244F1FD0404F54B
:1009C000407402D25B084FEA3202B61A65EB0305A7
:1009D0005B084FEA32024FF480104FF4002CB6EB64
:1009E000020E75EB030E22BFB61A754640EA0C00E4
:1009F0005B084FEA3202B6EB020E75EB030E22BF24
:100A0000B61A754640EA5C005B084FEA3202B6EB64
:100A1000020E75EB030E22BFB61A754640EA9C0023
:100A20005B084FEA3202B6EB020E75EB030E22BFF3
:100A3000B61A754640EADC0055EA060E18D04FEAB1
:100A4000051545EA16754FEA06164FEAC30343EA51
:100A500052734FEAC2025FEA1C1CC0D111F4801F1E
:100A60000BD141EA00014FF000004FF0004CB6E717
:100A700011F4801F04BF01430020B4F1FD0C88BFB6
:100A8000BCF5E06F3FF6AFAEB5EB030C04BFB6EBC1
:100A9000020C5FEA500C50F1000041EB045170BDB4
:100AA0000EF0004E4EEA113114EB5C04C2BFD4EBE1
:100AB0000C0541EA045170BD41F480114FF0000E65
:100AC000013C90E645EA060E8DE60CEA135594EAE1
:100AD0000C0F08BF95EA0C0F3FF43BAF94EA0C0FE4
:100AE0000AD150EA01347FF434AF95EA0C0F7FF459
:100AF00025AF104619462CE795EA0C0F06D152EAAD
:100B000003353FF4FDAE1046194622E750EA410690
:100B100018BF52EA43067FF4C5AE50EA41047FF4A1
:100B20000DAF52EA43057FF4EBAE12E74FF0FF3C06
:100B300006E000BF4FF0010C02E000BF4FF0010CD7
:100B40004DF804CD4FEA410C7FEA6C5C4FEA430C50
:100B500018BF7FEA6C5C1BD001B050EA410C0CBF9F
:100B600052EA430C91EA030F02BF90EA020F002001
:100B7000704710F1000F91EA030F58BF994208BF68
:100B800090422CBFD8176FEAE37040F00100704725
:100B90004FEA410C7FEA6C5C02D150EA013C07D17C
:100BA0004FEA430C7FEA6C5CD6D152EA033CD3D0C7
:100BB0005DF8040B704700BF8446104662468C46C1
:100BC0001946634600E000BF01B5FFF7B7FF0028F4
:100BD00048BF10F1000F01BD4DF808EDFFF7F4FF1D
:100BE0000CBF012000205DF808FB00BF4DF808EDA8
:100BF000FFF7EAFF34BF012000205DF808FB00BFCB
:100C00004DF808EDFFF7E0FF94BF012000205DF8EC
:100C100008FB00BF4DF808EDFFF7CEFF94BF0120A1
:100C200000205DF808FB00BF4DF808EDFFF7C4FF9A
:100C300034BF012000205DF808FB00BF4FEA410CE3
:100C40007FEA6C5C02D150EA013C0AD14FEA430CC6
:100C50007FEA6C5C02D152EA033C02D14FF0000003
:100C600070474FF0010070474FEA410212F5001241
:100C700015D211D56FF47873B3EB625212D94FEAE3
:100C8000C12343F0004343EA505311F0004F23FACD
:100C900002F018BF404270474FF00000704750EA22
:100CA000013005D111F0004008BF6FF000407047DF
:100CB0004FF00000704700BF4FEA4102B2F1E0433D
:100CC00024BFB3F5001CDCF1FE5C0DD901F0004C33
:100CD0004FEAC0024CEA5070B2F1004F40EB830083
:100CE00008BF20F00100704711F0804F21D113F1AF
:100CF0003872BCBF01F00040704741F480114FEAE8
:100D00005252C2F11802C2F1200C10FA0CF320FA70
:100D100002F018BF40F001004FEAC1234FEAD3238D
:100D200003FA0CFC40EA0C0023FA02F34FEA4303F7
:100D3000CCE77FEA625307D150EA01331EBF4FF080
:100D4000FE4040F44000704701F0004040F0FE409B
:100D500040F40000704700BF7BB972B90029BEBFE4
:100D600000204FF0004106E008BF00281CBF6FF0D4
:100D700000414FF0FF3000F077B8ADF1080C6DE99D
:100D800004CE002909DB002B1ADB00F006F9DDF8A0
:100D900004E0DDE9022304B07047404261EB410109
:100DA000002B1BDB00F0F9F8DDF804E0DDE902239D
:100DB00004B0404261EB4101524263EB4303704790
:100DC000524263EB430300F0E8F8DDF804E0DDE9AC
:100DD000022304B0404261EB41017047524263EB91
:100DE000430300F0DAF8DDF804E0DDE9022304B0A3
:100DF000524263EB4303704753B94AB9002908BF15
:100E000000281CBF4FF0FF314FF0FF3000F02CB82E
:100E1000ADF1080C6DE904CE00F0BFF8DDF804E098
:100E2000DDE9022304B07047D0B5FFF715FC0C4B89
:100E3000002206460F46FFF767FC00F017F804464D
:100E4000FFF7E8FB074B0022FFF75EFC02460B466C
:100E500030463946FFF7A0FA00F008F82146D0BD29
:100E60000000F03D0000F041704700BF4A0011D281
:100E700012F5001211D20DD56FF47873B3EB6252F4
:100E80000ED44FEAC12343F0004343EA505323FA00
:100E900002F070474FF00000704750EA013002D175
:100EA0004FF0FF3070474FF00000704710F8012BF3
:100EB00011F8013B012A28BF9A42F7D0D01A704797
:100EC000034613F8012B002AFBD1181A013870478A
:100ED00008B5FFF709FABDE80840FFF787B970B514
:100EE000841A04F307040E4660B259B21546FFF7A0
:100EF0006DF9002330702844737040B270BD002338
:100F0000036070477047002070474FF0FF30704714
:100F10004FF0FF30704770474FF0FF3070470020B0
:100F20007047002070470023037070479DF8003021
:100F30000022FFF7D4BF002070474FF0FF3070470A
:100F40004FF0FF3070474FF0FF3070477047002878
:100F50000CBF6FF01500002070470020704707237A
:100F6000037000207047002070470020704707EE94
:100F7000900AF5EEC07AF1EE10FA08B503D4BDE898
:100F80000840FFF751BFF1EE677A17EE900AFFF7BE
:100F90004BFF404261EB410108BD2DE9F047864619
:100FA0008C460846089E154674461946002B40F0AC
:100FB000C2808542B2FA82F245D94AB1C2F1200319
:100FC00000FA02FC2EFA03F3954043EA0C0C94401D
:100FD0004FEA154EA8B2BCFBFEF8230C0EFB18CC52
:100FE00008FB00F943EA0C43994528D9EB1808F1AE
:100FF000FF3704D2994502D9A8F102072B44A3EB8D
:101000000903A4B2B3FBFEFC0EFB1C330CFB00F087
:1010100044EA0344A04214D92C190CF1FF3304D242
:10102000A04202D9ACF102032C44241A43EA07403F
:101030001EB1D440002334607360BDE8F08747469A
:10104000DDE76346F1E792BB431B01214FEA154EF2
:10105000AFB2B3FBFEFC200C0EFB1C330CFB07F8FD
:1010600040EA0343984562D9EB180CF1FF3004D2F3
:10107000984502D9ACF102002B44A3EB0803A4B2BB
:10108000B3FBFEFC0EFB1C330CFB07F744EA0344E6
:10109000A7424ED92C190CF1FF3304D2A74202D932
:1010A000ACF102032C44E41B43EA0040C0E7C2F168
:1010B000200320FA03F1954090402EFA03F30343F6
:1010C0004FEA154EAFB2B1FBFEFC0EFB1C10190C23
:1010D0000CFB07F841EA0041884504FA02F422D9E2
:1010E00069180CF1FF3004D2884502D9ACF1020036
:1010F0002944A1EB08019BB2B1FBFEFC0EFB1C11C5
:101100000CFB07F743EA01439F420ED9EB180CF1A1
:10111000FF3104D29F4202D9ACF102012B44DB1B08
:1011200041EA004192E76046E3E76146F7E760463F
:10113000A3E76346B7E7834206D916B900210846FC
:101140007BE7C6E900E0F9E7B3FA83F78FB983429A
:1011500001D3724508D8BEEB020460EB0303012003
:101160009C461EB9002168E73846FAE7C6E9004CFC
:10117000F8E7C7F1200CBB4022FA0CF41C432EFA0E
:101180000CF120FA0CF3B84001434FEA14490EFA6F
:1011900007F5B3FBF9F81FFA84FE09FB18300B0CB6
:1011A00008FB0EFA43EA00439A4502FA07F240D9D7
:1011B000E31808F1FF3004D29A4502D9A8F10200E1
:1011C0002344A3EB0A0389B2B3FBF9F809FB1833F4
:1011D00008FB0EFE41EA03418E452CD9611808F147
:1011E000FF3304D28E4502D9A8F10203214443EA19
:1011F0000040A0FB0298A1EB0E014145CE464346BC
:1012000002D306D14D4504D2B9EB020E68EB0403BC
:101210000138002EA6D0B5EB0E0261EB030101FAF6
:101220000CFC22FA07F34CEA0303F940C6E900314B
:1012300098E74046C5E74346D9E7000000000000B4
:10124000F0B514461A4AA0FB020302FB0131C00BA1
:1012500085B040EA414014A3D3E90023C90BFFF74E
:10126000CBFD0546194610460023124AFFF7C4FD80
:1012700006461946104600230D4AFFF7BDFD0746F6
:101280001946104600234FF47A72FFF7B5FD009718
:10129000CDE90102334608482A4621462DF0CEFF0B
:1012A00005B0F0BDAFF3008000A493D600000000AD
:1012B00040420F00008793031B470300000000001B
:1012C0002DE9F04FC7B01AF09DFC18F0D5FA0028B0
:1012D00040F0CD80002140F6CD402AF04DF8664820
:1012E000664C674D2DF0AAFF66482DF0A7FF07F06A
:1012F00019F8654B18681B798DF84C30634B1290C8
:1013000018681B798DF85430614B14909A881868CE
:101310009B798DF87E305F4BADF87C209A88ADF8D4
:1013200084205D4A1E90186851689B79209010684F
:101330008DF8863026AB03C3584B594A186851685C
:101340001B79169010688DF85C3028AB03C31289A6
:101350001A80544B18689A889B798DF88E30524BBE
:101360002290CDE90943514BADF88C2018681B79C8
:101370008DF864304E4B189018689B88ADF8743027
:101380004C4B4D4A1C90186851681B791A90106894
:101390008DF86C302BAB03C31189927A19809A7047
:1013A000464B0B93A3F54023454AA3F61973CDE9A9
:1013B0000C34444B10685168CDE90E352EAB03C395
:1013C00090681860404B34AA03F108061868596801
:1013D000144603C40833B3422246F7D13B4A186887
:1013E00020601B7910685168237131AB03C390688A
:1013F0001860374B38AA03F1080618685968144674
:1014000003C40833B3422246F7D118681B7923710D
:10141000304B20609A8818689B798DF896302E4B57
:1014200010952490ADF8942011931AF0D3FB142258
:101430000746002141A830F0CCF9052241A93846E1
:1014400007F018FB06460028EFD0419806F05AFF37
:10145000012E02D0429806F055FFDDF8048112A952
:101460004046FFF723FDC8BB06F05CFFDDE7012027
:1014700029F0BEFF29E700BFAB4703006D6167009D
:10148000616C6C00E64703008A4D0300B5910300D0
:101490008F4D0300964D0300359003009C87030099
:1014A0009D4D0300A74D030073657400AE4D03000E
:1014B000B34D03004F4E0300B94D03007A726F0025
:1014C000C44D030062617400D04D0300DD4D030084
:1014D000E94D0300F64D03006E76730014A94046F3
:1014E000FFF7E4FC0546002840F01C82CC48CD4CB8
:1014F0002DF0A4FECC482DF0A1FECC482DF09EFE90
:101500000B232521CDE901311023092240F2EA7194
:10151000C74800930E232DF091FEC6482DF08EFE95
:10152000C5482DF08BFEC5482DF088FEC4482DF02F
:1015300085FE2368B3F8763303F07F037F2B00F03A
:10154000B88111F069FA0146BE482DF077FE236894
:1015500093F87A33FF2B08D013F0800FBA4BBB49B6
:10156000BB4818BF19462DF069FE2368B94893F8A7
:101570007A23B3F876132DF061FE2368B3F878333D
:1015800003F07F037F2B00F0968111F055FA01469E
:10159000B1482DF053FE236893F87B23FF2A10D027
:1015A00012F0800FB3F87833A74AA849AB4818BFA8
:1015B000114613F0800FAA4BAA4A18BF1A462DF005
:1015C0003DFE2368A34893F87B23B3F878132DF0EE
:1015D00035FEA54B1B68DB889A0640F16E81A34857
:1015E000DFF8C0A22DF02AFE0027266806EB87064A
:1015F0000137D6F84401FFF72FF88046D6F8680186
:101600008946FFF729F8CDE90401D6F85C01FFF718
:1016100023F8CDE90201D6F85001FFF71DF8424644
:10162000CDE900014B4650462DF008FE032FDCD1DA
:10163000D4F80080DFF86C92D8F8FC00FFF70CF8C3
:101640000646D8F804010F46FFF706F8CDE9020177
:10165000D8F80001FFF700F83246CDE900013B461B
:1016600083482DF0EBFD83482DF0E8FD236803EB64
:1016700085080135D8F81401FEF7EEFF0646D8F8C4
:1016800038010F46FEF7E8FFCDE90401D8F82C0138
:10169000FEF7E2FFCDE90201D8F82001FEF7DCFFFA
:1016A0003246CDE900013B4648462DF0C7FD032DEB
:1016B000DCD111F0D1F901466F482DF0BFFD604833
:1016C0002DF0BCFD23686D4893F8655093F86610C3
:1016D0006B4B002D08BF18462DF0B0FD4FF0805227
:1016E0006848D2F8A830D2F8A4209BB22DF0A6FD0D
:1016F00022686549D2F869306448B2F86720002D45
:1017000018BF084642EA03421B0C2DF097FD4C48D7
:101710002DF094FD12F0F6F9834612F001FA12F062
:101720004FF9824612F002FA07460E4612F0F0FA1E
:101730000546894612F000FABBF1000F04468846C0
:1017400040F3E1802FF0D1FF514AC01B61EB06034B
:10175000A0FB020102FB0311C00B40EA41402EA393
:10176000D3E90023C90BFFF747FB194606460023C0
:101770001046484AFFF740FB074650461EB9FBB2E9
:10178000002B00F0B480FEF755FF434B0022FFF71B
:10179000E5F8CDE9006702460B4640482DF04EFDC6
:1017A00055EA090300F0B680394BA5FB030103FBA2
:1017B0000911C00B40EA414017A3D3E90023C90B2C
:1017C000FFF71AFB0546194610460023314AFFF77A
:1017D00013FB2946024632482DF030FD54EA080337
:1017E00000F09C802A4BA4FB030103FB0811C00BF3
:1017F00040EA414008A3D3E90023C90BFFF7FCFAF4
:101800000446194610460023224AFFF7F5FA02461D
:101810004AE000BFAFF3008000A493D600000000B0
:101820000848030038070020E64703003B48030050
:1018300054480300784803008C4803009B48030089
:10184000059A0300B848030047470300317D0300B1
:10185000C1480300D0480300E5480300F8480300EE
:101860004B470300069A0300340700200949030090
:101870005B4903007B49030091490300564703007D
:10188000664703009E49030078470300934703001F
:1018900040420F000087930300005940B7490300FE
:1018A000124A030021490300C34821462DF0C6FC1B
:1018B000BBE5C24948E6C1496AE6D4F80080D8F8D9
:1018C000F000FEF7C9FE0646D8F8F8000F46FEF70E
:1018D000C3FECDE90201D8F8F400FEF7BDFE3246A2
:1018E000CDE900013B46B6482DF0A8FCA0E6FEF786
:1018F000A1FEB44B0022FFF731F802460B46B24876
:101900002DF09CFC4CE73E430CBFB048B0482DF096
:1019100095FC45E7AF482DF091FC5FE7AE482DF010
:101920008DFC82E51EA94046FFF7C0FAB0B92FF042
:10193000DCFEAA4A0D460446FFF782FCA84B1B6852
:10194000D3E90401D3E90223801A61EB03010019F2
:10195000A44A41EB0501FFF773FC66E520A9404668
:10196000FFF7A4FA10B92CF09CFE5EE526A94046CC
:10197000FFF79CFA002840F00D8112F0BDF80146F7
:1019800099482DF05BFC12F0BDF8804612F0C8F8C3
:10199000814612F015F8064612F0C8F8B8F1000FAB
:1019A00004460D4640F3D6803046FEF743FE854B95
:1019B0000022FEF7D3FF064648460F46CDF80880C2
:1019C000FEF738FE7F4B0022FEF7C8FF3246CDE916
:1019D00000013B4685482DF031FC54EA050300F038
:1019E000BD802FF082FE001B814A61EB0501FFF7ED
:1019F00027FC12F0A1F88146884612F0EDF8074660
:101A00000E4612F037F905460C4612F081F950EAFD
:101A1000010300F0A780774AFFF712FC59EA080398
:101A200000F0A480744A48464146FFF709FC57EA93
:101A3000060300F09F80714A38463146FFF700FCEC
:101A400055EA040300F09A806D4A28462146FFF7C4
:101A5000F7FB2CF0BFFD05462CF0C9FD04462846D7
:101A600011F0AEFF8246204611F0AAFF80462CF00E
:101A7000CBFD45EA04031B0407460E4600F18280B5
:101A800050EA01037ED04046FEF7D4FD4D4B0022C4
:101A9000FEF764FF804628468946FEF7CBFD494B9A
:101AA0000022FEF75BFFCDE904012046FEF7C2FDF0
:101AB000444B0022FEF752FFCDE902015046FEF7EB
:101AC000B9FD404B0022FEF749FF4246CDE9000137
:101AD0004B464C482DF0B2FB4B4A38463146FFF797
:101AE000AFFB12F07BF9064612F09EF9044612F0A5
:101AF000B3F944EA00030746180447D42046FEF72A
:101B000099FD304B0022FEF729FF06EB86060446BE
:101B1000F0B20D46FEF77EFDCDE902013846FEF734
:101B200089FD284B0022FEF719FF2246CDE900016E
:101B30002B4636482DF082FB12F02CF9FEF76AFD99
:101B4000334B0022FEF70AFF02460B4631482DF0C8
:101B500075FB6AE430482DF071FB3EE72F482DF00D
:101B60006DFB46E71B482DF069FB57E71A482DF03F
:101B700065FB5CE72A482DF061FB61E729482DF001
:101B80005DFB66E728482DF059FBAAE727482DF0B2
:101B900055FBD1E716A94046FFF788F918B901208F
:101BA00011F088FB41E428A94046FFF77FF900289F
:101BB0003ED108F085FD38E4524A0300394703005E
:101BC0003649030000005940DD490300EE49030097
:101BD000E04A0300304A0300744A03009A4A0300B3
:101BE00038070020A14A0300AD4A0300B94A0300A8
:101BF000EF4A0300114B0300244B03003A4B030050
:101C00006A4B03009A4B0300DA4B0300094C0300B4
:101C1000000034404E4C0300DF4A0300FC4A03003E
:101C20004A4B03007A4B0300ED4B03003A4C030090
:101C300022A94046FFF73AF918B908F055FDFFF719
:101C4000F4BB09A94046FFF731F928B9012100206A
:101C500007F034FBFFF7E9BB0AA94046FFF726F976
:101C600000BB022E01D0B14859E6429810212CF059
:101C70000DF8AF4ACDE9000105460C463CA81121FC
:101C80002DF0E9FA55EA04030AD042993CA8FFF77F
:101C90000DF928B92846214606F07AFAFFF7C5BBA8
:101CA000A4483CE618A94046FFF700F918B906F029
:101CB00061FAFFF7BABB1CA94046FFF7F7F818B95D
:101CC00006F0C2FAFFF7B1BB1AA94046FFF7EEF8DB
:101CD000002838D12FF009FD41F248220023FFF7F8
:101CE0003BF810461946EA220023FFF735F8044670
:101CF0001946104600232722FFF72EF816461D46E8
:101D0000C7B22946304603220023FFF725F88A4B45
:101D1000D2B2304613F8028029460D220023FFF785
:101D20001BF8864B864AC0B2E4B253F820300093C9
:101D3000844B52F8242053F82730834841462DF035
:101D40007DFAFFF772BB2BA94046FFF7AFF890BBB7
:101D5000022E88D1429C0BA92046FFF7A7F8014626
:101D600020B9012207F068F9FFF75FBB0CA92046F4
:101D7000FFF79CF820B9012107F0FCF9FFF755BBEC
:101D80000DA92046FFF792F800283FF45FAF0EA997
:101D90002046FFF78BF818B912F074F8FFF745BB2F
:101DA0000FA92046FFF782F818B913F0B3FDFFF72B
:101DB0003CBB6648B3E52EA93846FFF777F80446E2
:101DC000E0B9DFF8B081624F0646214640462DF06B
:101DD00035FA604B33F8149000257119A94589B282
:101DE00005DC0134042C3FF420AB0E46EDE757F838
:101DF000212059482DF022FA0135EEE734A940465A
:101E0000FFF754F80446002840F0B680032E7FF414
:101E10002AAF429824A9FFF749F8054638BB80202D
:101E20002AF0C6F9AC2300933CAA439BADF8F050CE
:101E30008021044616F0CEFA054608B147486EE503
:101E4000474E30688022214600F55F702FF099FCE4
:101E500004F01EFA3268802302F55F7229461E20C4
:101E600013F056FC20462FF06AFC3E4857E50A2145
:101E70004398DFF8E0A02BF0ECFEDDF808B1054652
:101E8000584606F0ADFA324A804623463AF8021B1D
:101E90000691002721E0B8F1000F1BDA079352F8F2
:101EA00026105846FFF702F8294A079BA0B9022CD2
:101EB00028D0032C30D0012C1CD0012D31D805F0B6
:101EC0000101484604F032FA214B274853F8261006
:101ED0002A46EBE4B045EAD00137069913FA87F6B3
:101EE0008F421FFA87F9B6B2D5DB0134042C1AD021
:101EF0003346CBE7012D14D805F00101484604F024
:101F000037FAE1E705F50043B3F5803F09D229B27E
:101F1000484604F04DFAD7E72946484604F062FAED
:101F2000D2E71248FBE41248F9E400BF624C030018
:101F30007F4C0300874C0300FD4D03008825030000
:101F4000D4250300BC250300984C0300C54C0300B6
:101F5000C0060020383C0300E34C0300EB4C0300B8
:101F600038070020024D0300124D0300294D0300E5
:101F7000384D0300D74C030031A93846FEF796FFD1
:101F8000002840F09F80022E7FF46DAE429F10A982
:101F90003846FEF78BFF044678BBDFF8EC81DFF8AC
:101FA000DC9106461CE0022CD9F800201CD0032C42
:101FB0001FD0012C14BF5288D2882A4102F001029E
:101FC0006A496B4851F823102DF038F9013573191F
:101FD000BD429BB2E7DB0134042C3FF426AA1E4627
:101FE00038F814700025F2E702EB4502B2F90A2036
:101FF000E6E702EB8502D26AE2E724A93846FEF75B
:1020000055FFC8B9AD202AF0D3F80023ADF8F03061
:10201000584B1B6880220446009203F55F733CAA6C
:10202000AD2116F057F9544821462DF007F9204606
:102030002FF085FBFFF7F9B9384606F0D1F90025F6
:10204000DFF844A1494B8046A9463AF802BB002478
:102050002DE0B8F1000F1BDA53F826103846FEF7D2
:1020600025FF424BB0FA80F04009F8B1434B022DF6
:102070001B6812D0032D15D0012D14BF5A88DA88A1
:10208000224102F00102394B394853F826100DE481
:10209000A6EB080148424841E7E703EB4403B3F9E4
:1020A0000A20F0E703EB8403DA6AECE7013409EB7A
:1020B00004065C45B6B2CCDB0135042D3FF433AFEA
:1020C000B146C2E738A93846FEF7F0FE002841D1F4
:1020D000022E7FF4C8AD429F10A93846FEF7E6FEF7
:1020E00018B904F0CFF9FFF7A0B9384606F078F92F
:1020F0000024DFF894801D4B0646A14638F802BB49
:1021000000251AE0002E13DA53F820103846FEF7A7
:10211000CDFE164BB0FA80F0400968B15146A0B22E
:1021200004F07AF9429916482DF088F8FFF77DB946
:10213000321A50425041F0E7013519FA85F05D45F9
:102140001FFA85FA80B2DDDB0134042C3FF4EBAEDC
:102150008146D3E711A93846FEF7A8FE18B913F057
:102160001DFCFFF762B90748FFF7D9BBC006002086
:10217000534D030038070020BD48030034070020FA
:10218000674D0300794D0300383C03000000000058
:102190002DE9F04F89B01F46DB000593139B039098
:1021A000DB000493139B079223EAE373DB000D46E5
:1021B00006934FF00008079B98452BDB09B0BDE85C
:1021C000F08FDBE90023F4E80201FEF79DFA0B46ED
:1021D0000246DDE90001FEF7E1F8049BCDE90001CC
:1021E0009B4409F101099DED007BB9458AED007B17
:1021F000E7DB0AF1080A0136129B03EBC60B139BBF
:102200009E420BDA9FED0A7B2C468DED007B4FF052
:102210000009E8E7DDF80CA00026EDE7069B039A2D
:102220001A44059B03921D4408F10108C3E700BF4F
:1022300000000000000000002DE9F74F0F461C468B
:102240001946064638469046651E0FF0C9FDA31E86
:102250009FED257B9FED266BE24304FB03316FF07E
:10226000070004FB0545183E4FEAC409D20007EBFE
:10227000C101A0EBC400ED000196A7F1100B002BEB
:1022800002DC03B0BDE8F08F019E03F1010C2E4487
:102290000BEB050EA44512DB58F823609E420AD0D2
:1022A00004FB063607EBC606B6468A469C46A4459E
:1022B00010DB86ED006B013B11440544DFE796ED32
:1022C000005B0CF1010C8EED005B86ED007BCE44D3
:1022D0004E44DFE79EED005B0CF1010CAAEC025BC3
:1022E000AEEC027BE3E700BF00000000000000004E
:1022F000000000000000F03F2DE9F04F2DED048BB1
:102300008FB0DDE91C541F4604FB05F300EBC3034B
:1023100003EBC40999ED007B4FEAC40808F10806F5
:1023200003EBC50B03930BEB0603CDE90C010992FC
:1023300051EC170B0293D3E900238DED0A0B8DEDC1
:10234000047BFEF729F87E4B0022FEF7DDF90BEB4C
:1023500008030893039BCDE900019919089BD1E973
:102360000001D3E90023FEF7CFF9DDE90023CDE931
:10237000060110461946FEF7C7F9DDE90623FEF708
:102380000DF8DDE90A2382468B46DDE90401FEF7FC
:1023900005F8C9E90001029BDDE90A01D3E9002340
:1023A000FDF7FCFF029BC3E90001099B03EB080951
:1023B00033440993BB19CDE904010A930022002399
:1023C00050465946B844FEF72FFC002800F0938091
:1023D0004BEC10AB2AF0E6FB00220023DDE9000104
:1023E00057EC106BFEF702FC32463B4600287DD0CE
:1023F000DDE90001FDF7D0FF82468B4602460B4621
:10240000DDE90401FDF7CAFF5246C9E900015B4658
:10241000DDE90601FEF7A2FA0B4602990246D1E970
:102420000001FDF7B9FF099B9FED437BC3E9000164
:102430000A9B88ED007B83ED007B089BD3E9008934
:1024400042464B4640464946FEF75EF9524606462E
:102450000F465B4650465946FEF756F902460B4674
:1024600030463946FDF79AFF41EC100B2AF09AFBF3
:1024700057EC106B404632463B464946FEF76EFA33
:102480003B4641EC190B324650465946FEF766FA78
:10249000B0EE491AF0EE691A41EC180B2246039887
:1024A000B0EE480AF0EE680A29462BF080FEB0EE46
:1024B000491AF0EE691AB0EE480AF0EE680A0C9874
:1024C000224629462BF0B8FEB0EE491AF0EE691A02
:1024D000B0EE480AF0EE680A0D98224629460FB081
:1024E000BDEC048BBDE8F04F2BF0F4BEDDE900013C
:1024F000FDF754FF80E7DDE90023DDE90401FDF786
:102500004DFF099B5246C9E90001C3E900012BF0C8
:10251000004343EC102B2AF045FB54EC103B0A9A85
:1025200088ED000BBB5104F1004353600FB0BDECCC
:10253000048BBDE8F08F00BF000000000000000029
:102540000000E03F000000002DE9F04FA9B059EC79
:10255000118B0693531E19920793339A069B18907A
:1025600002FB03F4069B2791DB000A93069B00EB1A
:10257000C40404EBC30BDBE900679D18304653EC41
:10258000102B39468DED000BFDF706FF32463B461A
:10259000FEF7BAF804EBC50A42464B46FDF7FEFECD
:1025A000DAE90023FEF7DAF9DBE90223FDF7F6FEAC
:1025B000DAE902238046894630463946FDF7EEFEC9
:1025C000DDE90023FDF7E8FE339B1D4404EBC50560
:1025D00095ED027B06460F46404629F00041324603
:1025E00027F000438DED007BFDF7D8FEDDE90025E7
:1025F00025F00043FDF7D2FECDE9080102460B4667
:1026000040464946FEF7AAF9DDE908238046894697
:1026100030463946FEF7A2F9DDE90823CDE902018B
:10262000DDE90001FEF79AF9339BDB000D930833D7
:102630001293CDE90001CDF820A0069B339ADDF876
:1026400018A003EB420304EBC3030C930A9B083B63
:1026500004EB030B079B9A4502DD29B0BDE8F08F20
:10266000069B9A4548DD079B9A4500F0E4800C9B49
:1026700013ED027B089BDBE9006753E9024527F075
:102680000043CDE91B3425F000431A961D93DDE984
:102690001C23DDE91A018DED007BFDF77FFE009B19
:1026A0001E93019B23F000431F93DDE91E23FDF7DA
:1026B00075FE02460B46CDE9042300220023FEF7F7
:1026C0008BFA002840F0AC80DDE90423304639461F
:1026D000FEF744F9DDE90423804689462046294671
:1026E000FEF73CF9DDE90423CDE90201DDE9000153
:1026F000FEF734F9CDE9000142464B4640464946D3
:10270000FEF702F8DDE9022304460D46104619469D
:10271000FDF7FAFF02460B4620462946FDF73EFE2E
:10272000DDE9002304460D4610461946FDF7ECFF8F
:1027300002460B4620462946FDF730FE41EC100BC1
:102740002AF030FA002200234046494655EC104B4F
:10275000FEF74CFA28B105F1004320942193DDE9FE
:102760002045069B9A4569DD05F100432393229499
:10277000DDE90423DDE92201FDF7C6FFCBE9000115
:1027800022462B4640464946FDF708FE22462B4688
:1027900080468946FEF7E2F822462B46CDE9040141
:1027A000DDE90201FEF7DAF822462B46CDE90E01FB
:1027B000DDE90001FEF7D2F84246CDE910014B46B3
:1027C000DDE90201FEF7CAF84246CDE902014B46B7
:1027D000DDE90001FEF7C2F8CDE900010C9D089C7F
:1027E0000BF108065746339B9F4238DB199A189C19
:1027F0000AF103039342A8BF134626934FEACA0384
:102800000A93083313930A9B103314930025269BD5
:10281000AB4273DA329C0025339B9D42C0F2C980E3
:10282000129A089B134408930C9B13440AF1010A63
:102830000C9393440EE79FED8C7B1BE7069B279A36
:1028400093429DD0DBF800302493DBF8043003F191
:10285000004325939DED247B8BED007B90E7D4E92D
:102860000023DDE902010A94FDF74EFFD6E90023BB
:10287000FDF794FD079B9A45804689461FD095ED4C
:10288000007BDDE9002351EC170B8DED0A7BFDF792
:102890003BFF02460B4640464946FDF77FFD024698
:1028A0000B4680468946DDE91001FDF72DFF024603
:1028B0000B46DDE90A01FDF76FFDC5E90001DDE921
:1028C0000E2340464946FDF71FFF02460B46D4E95A
:1028D0000001FDF761FDDDE90423E4E80201404663
:1028E0004946FDF711FF02460B46D6E90001FDF708
:1028F00053FD0137E6E80201083574E70A9BE61844
:10290000139BDDE904011F19D6E90023FDF7FCFE46
:10291000D7E9002380468946DDE90E01FDF7F4FE84
:102920000B46024649464046FDF738FD079B9A454F
:102930008046894623D0149B234493ED007B159356
:1029400051EC170BDDE910238DED167BFDF7DCFE56
:1029500002460B4640464946FDF720FD02460B461F
:1029600080468946DDE90001FDF7CEFE0B460246B2
:10297000DDE91601FDF710FD159BC3E90001DDE956
:10298000022340464946FDF7BFFE02460B46D7E903
:102990000001FDF701FDC7E900014B46D6E9000142
:1029A0004246FDF7F9FC0D9BC6E9000101351C44C8
:1029B0002DE70A9BE618139BDDE904011F19D6E9F0
:1029C0000023FDF7A1FED7E9002380468946DDE913
:1029D0000E01FDF799FE0B46024649464046FDF7BB
:1029E000DDFC079B9A458046894623D0149B2344EF
:1029F00093ED007B159351EC170BDDE910238DED62
:102A0000167BFDF781FE02460B4640464946FDF720
:102A1000C5FC02460B4680468946DDE90001FDF70C
:102A200073FE0B460246DDE91601FDF7B5FC159B6A
:102A3000C3E90001DDE9022340464946FDF764FE93
:102A400002460B46D7E90001FDF7A6FCC7E90001E5
:102A50004B46D6E900014246FDF79EFC0D9BC6E9B8
:102A600000011C440135D7E6000000000000000012
:102A70002DE9F04FA7B01D46309B249103FB05F4D0
:102A800000EBC4049A491790EB001493002004EB68
:102A9000C503C3E9000130990793CE00C6EBC50317
:102AA0001C446FF007039B1B9FED8F7B1593079BC7
:102AB000CDE91043249B8DED220B8DED0A7B8DED2E
:102AC000027B02EBC50203EBC50305F1FF3B169247
:102AD000AA462593149BBBF1000FA4EB030902DA6D
:102AE00027B0BDE8F08F259B109993ED007B51E94D
:102AF000020153EC172B8DED127BFDF74DFC09EB1A
:102B0000CA031F46309B94ED007B03FB0AF8149B1D
:102B1000CDE9040103EBC8088DED007B179BD1467E
:102B20009844A94549DB169B33ED027B002216939E
:102B300051EC170B00238DED0C7BFEF757F830BBE3
:102B4000DDE90C0100220023FEF746F8002849D0F9
:102B5000009B0E93019B03F100430F93DDE90401F9
:102B600000220023FEF738F8002838D1DDE90423DD
:102B7000DDE90E01FDF7F2FEC4E900019DED0A7BDF
:102B80008DED007B9DED027B8DED047BDA46079B8E
:102B9000159A9B1B9DED007B0793109B13448DEDB5
:102BA0000A7B10939DED047B119B13448DED027BFA
:102BB0000BF1FF3BA41B11938CE7D8E90023F7E846
:102BC0000201FDF7A1FD02460B46DDE90001FDF71C
:102BD000E5FB09F10109CDE90001B044A1E7DDE918
:102BE0002223C5E7109B93ED007B119B8DED087BA5
:102BF00013ED027B249B03EBCB01D1E90001DDE95E
:102C000012238DED207BFDF7C7FB02460B46FDF737
:102C10007BFDDDE90A23CDE91201DDE90801FDF7BD
:102C200073FDDDE9022380468946DDE90001FDF7F9
:102C30006BFD02460B4640464946FDF7ADFBDDE91C
:102C40000C238046894610461946FDF75DFDDDE9F7
:102C50001223FDF7A3FB02460B4640464946FDF70B
:102C60007DFE089B1893099B23F000431993029B58
:102C70001A93039B23F00043804689461B93DDE9AA
:102C80001A23C4E90089DDE91801FDF7CDFF4246AA
:102C90004B46A8B1DDE90401FDF736FDDDE900236F
:102CA000FDF77CFB01F100431D931C90DDE9082337
:102CB000DDE91C01FDF752FE079BC3E900015DE75A
:102CC000DDE92001FDF720FDDDE90A23FDF766FBC4
:102CD00001F100431F931E90DDE90223DDE91E018F
:102CE000E8E700BFAFF30080000000000000000034
:102CF0000000F03F000000002DE9F04F8DB0CDE95D
:102D00000901169A013A0192169AD6003344A6F1A7
:102D100008040893019B002B02DA0DB0BDE8F08F88
:102D2000089B73E902890022089340460023494624
:102D3000FDF75CFF054600284DD004F108030A9D0D
:102D40000B93A4F108094FF00008169B984504DB8B
:102D5000019B013B0193083CDCE79FED377B0B9B1C
:102D6000099F8DED047B8DED027BAB4605EB030ADD
:102D7000BBEC027B09EB070351EC170BD3E90023F3
:102D80008DED067BFDF7C0FC02460B46DDE9020136
:102D9000FDF704FB3B19D3E90023CDE90201DDE98E
:102DA0000601FDF7B1FC02460B46DDE90401FDF723
:102DB000F5FADA45CDE904013744D9D19DED027B1E
:102DC00005EB090383ED007B2B19C3E900013544B2
:102DD00008F10108B9E70022002340464946FDF703
:102DE000FBFE0028B4D00A9F04F1080A1FE09FED03
:102DF000127B099B8DED027B03EB0409B84607EBC0
:102E00000A0BD9E90023F8E80201FDF77DFC024630
:102E10000B46DDE90201FDF7C1FAD845CDE9020113
:102E2000B144EED13B19C3E9000101353744169B8B
:102E30009D42DCDB8CE700BF0000000000000000CA
:102E40002DE9F04F2DED048BBDB093464A9A0E93B9
:102E50005D1E02FB03F4EB001E930E9B1D909E1A59
:102E6000EB0000EBC40408330F9304EBC50704EB3D
:102E7000030AAB1A97ED007B04EBC60604EBC30410
:102E80000F9BCB188DED007B1C9393ED007B0F9B6C
:102E90005B44D6E900891393DDE90003424623F041
:102EA000004129F000438DED3A0B8DED027BFDF7DB
:102EB000BBFEDDE90223002859D0DAE90001FDF765
:102EC0006BFADDE9002301F10041FDF747FDC4E99C
:102ED00000010F9B5BF80300139B5B6803F100414B
:102EE000D7E90023FDF73AFDC6E900016E4B002249
:102EF000C7E900230E9B023B1293129A4A9B53434D
:102F00001D9A00200021CAE9000102EBC30A0E9AB3
:102F10004A9B134403F10053013BDB003693083313
:102F200038934A9BDB0016935B423993531E0BEB9D
:102F3000C3031F931C9B1793169B41EC170BC3F104
:102F4000FF2303F57F03F833CDE90A018DED107BF4
:102F500037930AEBC203A3F1100B129B002B8DEDEC
:102F6000087B19DA3DB0BDEC048BBDE8F08FD4E9E5
:102F70000001FDF711FA41EC120B2046139C42466A
:102F800009F1004394ED003B9FED451B43EC102BF2
:102F900031462BF02AFAA9E71C9B93ED007BDBE975
:102FA000000153EC172B8DED207BFDF7F5F90F9BFE
:102FB0000AEB030494ED007B8DED007B9FED387BE5
:102FC0004A9BCDE9060103FB05F88DED027B1D9BB5
:102FD0000AEBC50603EBC808A9460E9B994535DBED
:102FE0001F9B73E9026700221F9330460023394676
:102FF000FDF7FCFD002840F0A981139B93ED007BB9
:103000001E9B00220AEB03053046002339468DED56
:10301000047BFDF7E1FD002848D0029B2293039B2F
:1030200003F100432393009B2493019B03F100438E
:1030300025939DED043B9DED062B9DED221B9DED03
:10304000240B214628462BF0D0F972E1B6EC027B26
:103050001E9B434451EC170BD3E900238DED047BF9
:10306000FDF752FB02460B46DDE90001FDF796F93C
:103070000F9B4344D3E90023CDE90001DDE90401BE
:10308000FDF742FB0B460246DDE90201FDF786F93A
:10309000169BCDE9020109F1010998449DE700BFA3
:1030A00000000000000000000000F03F9BED027BEC
:1030B000169B17995B448DED0C7B93ED007B51E9DA
:1030C0000401DDE920238DED147BFDF765F902464F
:1030D0000B4680468946FDF761F9DDE90423FDF7DB
:1030E00013FB4246CDE920014B4640464946FDF7D9
:1030F0000BFB32463B468046894630463946FDF753
:1031000003FB02460B4640464946FDF747F9DDE919
:10311000042306460F4610461946FDF7F5FA024607
:103120000B4630463946FDF737F902460B4643EC6D
:10313000182B0C9B1A930D9B23F000431B93089BA9
:103140001893099B23F00043199300220023FDF7F5
:1031500043FD002831D0DDE9200100220023FDF7E6
:103160003BFD002829D0069B2693079B23F00043B4
:103170002793DDE92601DDE91A23FDF70FF9149BFA
:103180002893159B23F000432993DDE92823FDF7BD
:1031900005F9DDE91823FDF701F9049B2A93059B46
:1031A00023F000432B93DDE92A23FDF7F7F8DDE94F
:1031B0003A23FDF7A9FA41EC180BDDE90A23DDE912
:1031C0000C01FDF7A1FADDE9022306460F46DDE911
:1031D0000801FDF799FA02460B4630463946FDF7DD
:1031E000DBF8DDE9042306460F46DDE90001FDF7C3
:1031F0008BFA02460B4630463946FDF7CDF8DDE93D
:10320000102341EC190BDDE90C01FDF77DFADDE936
:10321000002306460F46DDE90801FDF775FA024670
:103220000B4630463946FDF7B7F8DDE9042306467C
:103230000F46DDE90201FDF767FA02460B4630460C
:103240003946FDF7ABF8B0EE482AF0EE682AB0EE4A
:10325000491AF0EE691A41EC100B9DED203B214616
:1032600028462BF0C2F8139BD3E90067369B2C96B7
:103270000AEB0309389B0AEB030827F000432D9360
:10328000DDE92C01DDE91823FDF788F8DDE91A23D3
:10329000FDF7ACFC00286ED0009B2E93019B03F140
:1032A00000432F93DDE90601D5E90023FDF72CFA51
:1032B00002460B46DDE92E01FDF76EF8D4E9002346
:1032C000CDE9000130463946FDF71EFADDE90C2351
:1032D000FDF744FB02460B46DDE90001FDF75EF811
:1032E000029B3093C9E90001039B03F10043319332
:1032F000DDE90601D4E90023FDF706FA02460B4694
:10330000DDE93001FDF748F80F461399D5E90023B0
:103310000646D1E90001FDF7F7F9DDE90C23FDF7D9
:103320001DFB02460B4630463946FDF735F8C8E925
:1033300000019DED0A7B8DED027B9DED107B8DEDF7
:10334000007B9DED087B8DED067B129D399B9A4499
:10335000129B9DED027B013B1293179B8DED0A7B27
:10336000083B9DED007B1793379B8DED107B9B44B5
:103370009DED067BF1E50A9B32930B9B03F1004325
:103380003393DDE91401D4E90023FDF7BDF90246CA
:103390000B46DDE93201FCF7FFFF109B3493119BD4
:1033A00003F1004341EC180B3593DDE91401D5E935
:1033B0000023FDF7A9F902460B46DDE93401FCF7CD
:1033C000EBFFB0EE481AF0EE681A41EC100B9DEDE1
:1033D000082B47EC136B4146484634E600000000DA
:1033E0002DE9F04F8BB0CDE906014C1CDFF8F0B0B1
:1033F000E40005464FF000084FF0000A079B98458F
:103400000FDB069BA4F1080903EB0907B846012569
:10341000079BAB425CDD069B059300230497019359
:1034200043E0D5E900670022002330463946FDF726
:10343000D3FB002847D132463B4650465946FDF75C
:103440008DFA08F10108C5E900012544D6E7DBE95A
:103450000023F6E80201FDF757F902460B46DDE9C5
:103460000201FCF79BFFCDE902010AF1010ACB44FE
:10347000AA45ECDBD8F808300893D8F80C3003F1F3
:1034800000430993DDE90801DDE90223FDF73CF97A
:10349000049BE3E802010493019B01330193059B24
:1034A00023440593019B9D4209D0DDE9043B9FED38
:1034B0000A7BDDF804A08DED027B1E46D8E70135BE
:1034C0004F44A044A4E74FF0FF300BB0BDE8F08FAD
:1034D0000020FAE7AFF300800000000000000000C9
:1034E0000000F03F000000002DE9F04F87B00D46CE
:1034F0000390FFF775FF00283BDB039F4FEAC50AE7
:103500000024AC423ADAE3000593039B029703EBF5
:10351000C409002621E0059B08EB0301049B4344FA
:10352000D3E90023D1E90001FDF7EEF802460B468E
:10353000DDE90001FCF732FF0BF1010B5D45CDE940
:103540000001D044E7D1029BE3E802010136B44216
:10355000C9E900010293D14408DB9FED097BF30028
:103560008DED007B0493B846A346D4E7013457445D
:10357000C7E74FF0FF3007B0BDE8F08F0020FAE753
:1035800000000000000000002DE9F04F99B0012A72
:1035900003908B46144607DC7D4B0022C1E90023D3
:1035A000002019B0BDE8F08F022A0CD17849002024
:1035B00000220023CBE90001CBE90223CBE904017F
:1035C000CBE90623ECE7900028F0F2FD05900028F7
:1035D00000F0D480039B049003EBC4030B93A31E61
:1035E000E50017930B9B0E9305F1080310930BEB6B
:1035F000041306930F930B9B07930026049B079FCE
:103600009FED617BB246013643F8046F4FEAC6096D
:103610008DED087B0493A9F108031493B046A045EF
:1036200042DB049B1A68B2420BD003983146234612
:103630002AF06CFF049A00941268039831462AF02D
:103640004CFF0E9BEB1811939846039B4B4415932C
:103650000F9B0AF10207A7420A933FDBDDE90F3215
:1036600013440F93079B13440793179B9E4218DB49
:103670000B9E02272E447A1E304606992AF010FD32
:10368000069B01372B44BC422E440693F3DC03987F
:10369000059A23465946FEF7CFFD05982EF04FF8C0
:1036A0007EE7119B0E93A9E73B6812937B6823F09A
:1036B00000431393DDE91201DDE90823FDF7B4FAB5
:1036C00040B1049BC3F800803B6808937B6823F0FB
:1036D000004309932F4408F10108A0E7149B08EB6D
:1036E0000301079BD1E90001D3E90023FDF736F977
:1036F000CDE9080105EB0803DDF838A01693C146B3
:1037000099ED007BDDE90823FAE802018DED0C7BE1
:10371000FCF7FAFF0B460246DDE90C01FCF73CFE24
:10372000E9E80201169B4B45EAD19DED087B0A9B17
:10373000DDF8549083ED007B039B03EBC7030C93F0
:103740004FF0000A0C9BDDE90801D3E90023FCF7E8
:10375000DBFF0B460246D9E90001FCF71FFE0C9B7C
:103760000AF1010A2B445445C9E900010C93A9440C
:10377000E8D10A9BA84401372B446CE74FF0FF3097
:103780000FE700BFAFF30080000000000000000062
:103790000000F03F000000002DE98048C04B9FB0C2
:1037A000012202AF1A7011F0E9FC062016F04EF863
:1037B00038B1BC4B43610223037400234374837408
:1037C000C374DFF83083B84900234FF486522CF0DD
:1037D00056FA98F800301BB1B44B1B685B689847E9
:1037E000B34CB44D23685B6898470023BB642B68D7
:1037F000DB88D80606D59FEDB00A07F14801012005
:103800002AF087FF97ED128AB5EE408AF1EE10FAA2
:1038100019D0082016F01AF8064668B1A74B436184
:1038200018EE100AFCF718FF0423C6E906013374EA
:1038300000237374B374F3749B4900234FF4035251
:1038400030462CF01CFA2B68B3F91820B3F9163067
:1038500000EE902A00EE103A2368F8EEE00A9B682A
:10386000B8EEC00A07F1600107F15400984708203C
:10387000D7F8549015F0EAFF064660B1904B4361CB
:103880004846FCF7E9FE0423C6E906013374002329
:103890007374B374F3743046834900234FF40352B6
:1038A0002CF0EDF90820D7F8609015F0CFFF064610
:1038B00060B1844B43614846FCF7CEFE0423C6E961
:1038C0000601337400237374B374F3744FF403521A
:1038D00030467549DFF820A2DFF820B200232CF033
:1038E000CEF92E68F388B6F91400C3F3C0038AF842
:1038F0000030FCF79FFE02460B4600207249FDF7A0
:103900002DF8FDF7D9F908EE100AB6F91200FCF708
:1039100091FE02460B4600206B49FDF71FF8FDF7AC
:10392000CBF9236869491B6897ED120A00EE900AEB
:10393000B0EE481A58469847644B9BED007AD3ED99
:10394000007A634BF861B4EE677AF1EE10FA48BF83
:10395000F0EE477AC3ED007A5E4B0820D3F804906E
:1039600015F074FF064688B15B4B43614846FCF78F
:1039700051FE49A3D3E90023FCF7F0FF0423C6E975
:103980000601337400237374B374F37430464649EC
:1039900000234FF403522CF072F90820DBF800905A
:1039A00015F054FF064690B14C4B43614846FCF776
:1039B00053FE0B46024644490020FCF7CFFF042388
:1039C000C6E90601337400237374B374F37430468C
:1039D000354900234FF403522CF051F93B4B08209A
:1039E000D3F8009015F032FF064690B13C4B43618E
:1039F0004846FCF731FE0B46024633490020FCF7EF
:103A0000ADFF0423C6E90601337400237374B37455
:103A1000F374002324494FF4035230462CF02FF95D
:103A2000FB69002BC0F2338198F800309FED2D8A9E
:103A3000002B40F0CA80062015F008FF002840F057
:103A40002B811949284EDFF8B88000234FF48652A5
:103A50002CF015F92B68254AB3F91A30244D83F35D
:103A600002032B6052F8233033600FF0B7FA2B6853
:103A7000032B03D1D8F800002AF06BF9DFF884900B
:103A80002A68D9F80000336890F87411914240F028
:103A90000C8139E0AFF300800000000080842E41EB
:103AA000B25B0020428403001C230300780700203F
:103AB0007C07002034070020000000475E840300DC
:103AC00078840300938403000000F03FCC3700208B
:103AD000C4370020BC070020AC840300CD84030061
:103AE000F084030000007A448807002004090020C5
:103AF000C0370020B55B0020B45B0020D037002029
:103B000084070020380700205B6800F27510984792
:103B1000D9F80030002283F8742105F013F8D8F8A2
:103B2000000005F033FA2268834B9A4215D1062033
:103B300015F08CFE38B1814B4361022303740023DE
:103B400043748374C3747E4900234FF486522CF06F
:103B500096F805F021FA2AF032F97A4BD3ED007A83
:103B6000794BF8EEE77A93ED007AC7EE886AC6EEF5
:103B7000877AFDEEE77A17EE903A18B2734B188009
:103B8000236880B25B6A9847064600287FD0C0F35E
:103B90000713012B6E4C00F09380032B00F09280F2
:103BA000002242F48032D4E9011023690968090532
:103BB00000F18D80674968484FF47F722BF0B1FBAC
:103BC0004FF47F7163482BF0A3FB9AF80030002B71
:103BD0003FF431AFDFF8A8A12368BAF80420DFF87A
:103BE000A491DB6ADFF88C8102F07F0200210220C1
:103BF0009847D9F800309FED590A1B68404698470E
:103C000098ED007AF0EE007A57EE087A064617EE45
:103C1000900AFDF7ACF9524BC3E90001514B216802
:103C200001221A70BAF80420D1F82CA0D9F800109B
:103C300002F07F020420D04708B94A4B18700820D0
:103C4000D8F8009015F002FE8046B0B1464B4361B3
:103C50004846FCF701FD0B46024644490020FCF7AC
:103C60007DFE0423C8E9060188F81030002388F897
:103C7000113088F8123088F81330314900234FF49E
:103C8000035240462BF0FBFF002EBFF6D4AE0121BD
:103C9000084611F0D5FAB7E0354B436102230374AF
:103CA000002343748374C374CBE6324A1B6892EDDD
:103CB000001A314ADBED000A92ED000A98472EE720
:103CC00020226EE72D4A2369D4E901106EE71968B6
:103CD00021F40061196003681D480B2106F00F06EE
:103CE0009847032E16D0022E4FF0000316D14FF046
:103CF000A8621343D4E90126B469002C4BD05902C1
:103D00000ED41449144840F27F322BF00AFB40F2E3
:103D10007F3157E74FF050730022EAE71A46E8E791
:103D20001268120530D40B490B4840F293322BF045
:103D3000F8FA40F2933145E7A426030045850300D5
:103D40001C23030074070020C4370020B059002052
:103D5000EC1903005D8503008E850300CDCCCC3DBE
:103D6000101F0020B35B00200F8503000000F03F10
:103D700031850300C8370020CC3700201000010037
:103D8000F037002078070020B94803F0C0634FF0F7
:103D9000A0720B21A047B749B74B4B604FF40063AB
:103DA0008B60F36913B1B248012298472A68B34B7C
:103DB0006C4688B053F8223002AAB149C2E9051313
:103DC0004FF400739383AF4B42F8103FAE4800238B
:103DD0004FF4E65115F01AFF0620A54615F036FD02
:103DE00038B1AA4B436102230374002343748374E4
:103DF000C37400234FF48652A3492BF040FFA44A1A
:103E000001231370A34A13709FED978B2AF096FB42
:103E1000A04B1B783B61C7E90210002B00F0F88330
:103E20009D4C9E4BDFF8C49294F8008093F800A05C
:103E30009B4D83F80080D9F8003028461B6A9847CC
:103E400040B92AF07BFB974B95ED000AC3E90001CE
:103E500002F0DEFB944B1B68DB8813F0010F40F28D
:103E60006C7608BF4FF48066304628F0A1F905460D
:103E7000C8B9082015F0EAFC40B18C4B43618C4B6B
:103E800083610323037445748574C57400234FF460
:103E9000C2527D492BF0F3FE0121084611F0D0F902
:103EA0007C4A00231370D9F8003031461B6928463C
:103EB0009847804B93F800900646B9F1000F40F008
:103EC000F0814FF000097C4BC245B3F90030BB6173
:103ED0001BD02478012C00F0FA81022C00F009821A
:103EE0009CB906200EF0FEFC062015F0AFFC30B1A8
:103EF000724B43610223037444748474C474624932
:103F000000234FF486522BF0BAFE0024C7E90C447C
:103F1000DFF8B4B1BC63A046FC617C61A0B286420C
:103F200000F2188228462DF00AFC07F15405B9F179
:103F3000000F4CD0DFF8B8A107F124040C22514641
:103F400020462DF00EFC002841D02AF0F7FA5C4BF9
:103F5000C3E9000194E807004FF0000B8AE807006E
:103F6000204604F0EDFFC7F854B09FED560AC5E9AE
:103F700001BB294620462AF005FD20B19AE807003A
:103F800084E80700D946D7ED097ABB6A3B66F1EEB3
:103F9000677AC7ED197AD7ED0B7AF1EE677AC7ED3C
:103FA0001A7AB9F1000F08D0474B484A1B6892EDC6
:103FB000000A5B6907F16000984707F1600210464C
:103FC00043492AF06CFC07F1600002F005FBFA6936
:103FD000404B002A40F03A82002E40F04E822AF0F8
:103FE000ADFA652871F1000103DBB8F1000F00F0B4
:103FF0008A82BB6923B37B69FA699342B8BF1346CF
:10400000F3B1BA6993421BD0334AB86933496C465D
:104010008AB0012818BF114602AA314850611362C4
:10402000B86940F2013393842E4BC2E9060142F88D
:10403000103F154800234FF4325115F0E7FDA54617
:10404000214E294833681B6B9847274908462AF0B8
:1040500073FB00237B651F48C5E9013329462AF01D
:104060003FFC47E0AFF300800000000000000000CC
:10407000EC190300B4370020912901001409002035
:10408000A6850300030000011C230300AF85030085
:10409000B95B0020AD5B0020B05B0020AF5B00206F
:1040A000D43700205005002034070020C2850300CB
:1040B0002F880300B35B0020B0590020F085030077
:1040C00058050020BD37863588070020C8370020F6
:1040D0008C070020A4370020ACB10300069A03002F
:1040E0009D86030005000001AC0700207C0700202E
:1040F000D8370020B5EE400AF1EE10FA04D083491B
:1041000083482A4611F09EFE202011F059F93368A9
:104110009B6A04469847002840F002829FED7D0A82
:104120007D497B48DFF828922AF0F4FB002C40F010
:104130002F83002800F02C832AF000FAD9E90032FE
:10414000C61A764B1B7861EB0208F3B9744B1B68F7
:10415000D3F830A04FEAEA73B24573EB080314DAE0
:10416000082015F073FB38B16E4B4474C0E9053A72
:10417000032303748474C47400234FF4C6526A4941
:104180002BF07DFD654A012313706848DFF890A18C
:10419000D0E90010D9E900325B1ADAF800104C6B54
:1041A00062EB00024FEAE4799C4279EB020008DA04
:1041B0008C6B4FEAE479A34272EB0900BCBF1C464A
:1041C0009146CA88D00709D554480378012B05D8F1
:1041D000B44279EB0803BCBF02230370DFF858B187
:1041E00052079BF8003040F1BC81012B00F2B681F0
:1041F000CA6BD317B24273EB080380F2B281062078
:1042000015F024FB38B14A4B4361022303740023A9
:1042100043748374C374002343494FF486522BF0D4
:104220002EFD02238BF80030DAF80030D3F840B0CE
:104230004FEAEB73B34573EB080380F292810820D9
:1042400015F004FB60B13B4B43614EF660239BFBD2
:10425000F3F3836103230374002343748374C374EF
:10426000314900234FF4C6522BF009FDDAF8003033
:10427000B3F9101029B95B881B0702D501202AF079
:10428000FDF9DAF80030B3F91020012A05D15B8876
:10429000580702D500202AF0FAF9274B03221A709A
:1042A0005FE12AF04BF9254BD3E90023801A61EB3B
:1042B0000301234BD3E9002382428B41BFF601AEB9
:1042C000204B1B6807F124005B699847FBE5212020
:1042D0000EF008FB062015F0B9FA00283FF40FAEE7
:1042E000194B436102230374002343748374C37422
:1042F00005E664200EF0F6FA062015F0A7FA00286D
:104300003FF4FDAD114B43610474EDE7A437002089
:10431000AC0700200AD7A33B9C070020B05B00201D
:1043200034070020BC8603001C230300081F002064
:10433000DB860300F9860300AE5B002058050020F1
:10434000101F0020780700200F8603002E86030030
:10435000001F00200023C7E91133C7E91333C7E961
:104360000F33714B07F124021B680092D3F814A09D
:1043700007F13C0207F148032946D04710F010032B
:10438000824661D110F0020F26D007F148007B6011
:1043900004F09CFDBA6C7A65FA6CBA653A6D634BB1
:1043A000FA65DBF8002093ED000AD26807F15400AB
:1043B00090475F4A7B69127801337B6162B15D4A45
:1043C0007B68127842B1C7E91833BB66DBF800306E
:1043D00007F16000DB6998471AF0010F2DD007F153
:1043E0003C0004F02DFDFB6B3B663B6C7B667B6CFD
:1043F000BB66514B514A1B6892ED000A1B6907F1DD
:1044000060009847D7ED0C7A97ED187AFB6977EE44
:10441000877A97ED197AC7ED0C7AD7ED0D7A77EE9A
:10442000877A97ED1A7AC7ED0D7AD7ED0E7A77EE87
:10443000877A0133C7ED0E7AFB613B691AF0040FEE
:1044400018BF994608F10108013467E5D7ED077AEE
:10445000D7ED0C6AF8EEE77A86EEA77AD7ED0D6A0B
:1044600083ED007A86EEA77AD7ED0E6A83ED017AA6
:1044700086EEA77A83ED027AAEE5B8F1000F06D09A
:10448000B0457FF4B6AD2E4B00221A60B1E5062090
:1044900015F0DCF948B12B4B43610223037480F81B
:1044A000118080F8128080F8138000234FF484522A
:1044B00025492BF0E4FB224A136801330A2B1360D1
:1044C0007FF497AD082015F0C1F948B11F4B436147
:1044D0001F4B836103230374002343748374C374E9
:1044E000194900234FF4C2522BF0C9FB01210846A1
:1044F00010F0A6FE002E3FF47CAD0EF09BFE0020D7
:104500002AF0CFF875E5062015F0A0F90028CCD0E8
:10451000104B43610223037446748674C674C4E767
:104520009FED0D0AFCE500BF7C070020CC37002082
:10453000B55B0020B45B002088070020D037002046
:10454000B03700204F8603001C2303007986030048
:104550002F88030064860300CDCC4C3D022B3FF432
:1045600063AEDAF80030DFF8B8B2DA889BF800A062
:10457000910703D55A88120700F1D380BAF1000FD2
:1045800000F0FD80BAF1020F40F0F980186CC117FD
:10459000801B61EB080102F06BF89FED8C0A8C49DF
:1045A0008C482AF0B7F99FED8C0A8C4904462846BE
:1045B0002AF0E8F904B1E0B9864B854C0FCB84E8CA
:1045C0000F0095E80700854B83E807008449814880
:1045D00007F160022AF0E5F881492A4628462AF0C8
:1045E0005EF9804B2946D3E9002307F1600001F012
:1045F000BDFF7D4B1B785BB17C4B1B7843B17C4B83
:104600001B782BB97B4B1B78012B01D106F080F86E
:10461000794CDFF814820023237029F08FFFFB68A8
:10462000D8F80020C01ABB6861EB0301D31782429F
:104630008B4107DA714DD5E9002382428B41B8BF27
:10464000C5E900016E4D29F079FFD5E90032C01AA5
:1046500041F2893361EB0201984271F1000121DBE3
:1046600029F06CFFC5E90001644DD5E90096B9F168
:10467000010F76F1000315DB082015F0E7F848B1CB
:10468000604BC661C0E905390423037400234374F9
:104690008374C3745C4900234FF402522BF0EFFA89
:1046A00085ED008B4F4B594D83ED008B2B7803F03C
:1046B000FF06002B40F0868001232B70D8F80030D5
:1046C00003F10A0C2CEAEC7C4FF4004E314640F228
:1046D000E7304FF47A720023CCFB0E01FCF78CFB21
:1046E00026F04AFE2B7893B1062015F0AFF830B1D2
:1046F000474B43610223037446748674C67442496F
:1047000000234FF484522BF0BAFA00232B70414B54
:104710001B7813B1404826F043F901232370FFF7BB
:1047200075BBBAF1000F7FF42DAFB44279EB0803EB
:104730002ADA082015F08AF8064690B1374B436113
:104740004FF47A72002320464946FCF705FBC6E980
:1047500006010423337486F811A086F812A086F8A7
:1047600013A0002328494FF4035230462BF087FA58
:104770000021084629F082FF01238BF800304FF01A
:10478000FF306FF0004106E7A01B69EB080102E76C
:10479000184B234C1B78022B02D02378012B04D119
:1047A00029F0CCFE1F4BC3E9000129F0C7FE237896
:1047B000104A012B4FF00003C9E9000108BF237024
:1047C0001370DCE726F0F2FC9FE700BF6F12833A1C
:1047D0009C070020AC070020CDCC4C3DE4370020E6
:1047E0008C070020F81E0020B55B0020B45B002081
:1047F000AF5B0020B05B0020B25B0020281D0020D2
:10480000301D0020378703001C230300B15B00200C
:104810005C870300B65B0020181E0020178703008A
:10482000AE5B0020081F002074070020000000007D
:104830002DE9F04F824F834D8BB0044619B34FF6EC
:10484000FF733B802B68B3F91A30002BC0F29780BE
:10485000062014F0FBFF38B17B4B43610223037445
:10486000002343748374C374784900234FF4865241
:104870002BF005FA0EF0ACFF4FF0FF300EF08AFF80
:104880000EF0C4FF7BE0724AB2F900301080834220
:104890001FBF70490B7823F008030B702CF025FF25
:1048A0006D4BC3E900012B68D3E90A016B4BC3E9E7
:1048B0000001B7F90030013305D13C802CF015FF21
:1048C000674BC3E900012B68B3F91A30002B54DAA7
:1048D000002C52DD082014F0B9FF064680B1614B70
:1048E00043612046FBF7A6FE5F4B0022FCF736F83B
:1048F0000423C6E90601337400237374B374F3749C
:104900003046524900234FF403522BF0B8F92046A9
:104910000EF040FF2B68B3F91A60A6F164029442CE
:1049200032DA0A2014F092FF0546C8B14F4B4361BA
:104930003046FBF77FFE4C4B0022FCF70FF8C5E931
:1049400006012046FBF776FE474B0022FCF706F8EF
:104950000623C5E908012B7400236B74AB74EB7458
:1049600000234FF44252284638492BF088F90EF0C4
:104970002FFF20460EF00EFF01E0002CCADA0BB02C
:10498000BDE8F04F04F0DEB806F1640294422BDD7E
:104990000C2014F05BFF0546D8B1354B4361354B15
:1049A00083613046FBF746FE2F4B0022FBF7D6FF14
:1049B000C5E908012046FBF73DFE2B4B0022FBF723
:1049C000CDFF0823C5E90A012B7400236B74AB7477
:1049D000EB7428461D49002344F240022BF04FF9A6
:1049E0000EF0F6FE204649E7B3F9186006F16403BD
:1049F0009C4243DD0C2014F029FF0546D8B11E4B24
:104A000043611C4B83613046FBF714FE164B0022BA
:104A1000FBF7A4FFC5E908012046FBF70BFE124B8C
:104A20000022FBF79BFF0823C5E90A012B74002332
:104A30006B74AB74EB74002344F2400293E700BF45
:104A40003C0C002038070020838A03002422030046
:104A50003E0C0020BD5B0020481F0020401F0020AE
:104A6000381F0020918A030000005940AE8A0300DD
:104A7000EB8A0300CF8C0300298B0300B7F90030C9
:104A8000581C7CD0643B9C4279DADFF88CA22CF075
:104A90002CFEDAE90023801A61EB0301984B98425F
:104AA00071F100016BD22CF020FEDAF80030B7F97A
:104AB00000B0DAF804A0009381460E20884614F076
:104AC000C5FE0546002848D0009B8E4AB9EB030678
:104AD00068EB0A03A6FB026702FB03778A4B43617C
:104AE000A4EB0B00FBF7A6FD884B0022FBF736FF7B
:104AF000F60B46EA4746FF0BCDE900013046394642
:104B0000FBF7CCFD7CA3D3E90023FBF727FF02468C
:104B10000B46DDE90001FBF721FFC5E90601584618
:104B2000FBF788FD794B0022FBF718FFC5E9080168
:104B30002046FBF77FFD754B0022FBF70FFFC5E911
:104B40000C67C5E90A014FF0000A0A232B7485F8A7
:104B500011A085F812A085F813A000236C4945F236
:104B6000C00228462BF08BF80EF032FE20460EF0E5
:104B700011FE684B1C80684BC3E90098FFE62B6868
:104B8000B3F91A20A242B3F91820C8BF5C836FF4AE
:104B900095710A4494427CDAB3F930306FF4F972BB
:104BA00013449C4275DA2046FBF744FD574B002224
:104BB000FBF7D4FE064608200F4614F047FE48B126
:104BC000564B4361C0E90667042303740023437412
:104BD0008374C37400234E494FF403522BF04FF8F3
:104BE0002B68B3F91830A3F21F339C4248DA08202F
:104BF00014F02CFE48B14A4B4361C0E90667042318
:104C00000374002343748374C37400234FF403526A
:104C10003F492BF034F804F2F3140EF0A5FD4FF4E5
:104C2000FA73B4FBF3F42B68D3E90A26D3E90E73C5
:104C3000D71B66EB0306B7F5160F76F100032BD2F0
:104C40000A2014F003FEA8B1364B4361364BC0E98D
:104C500006342C4CA7FB042304FB0633D20B42EA98
:104C60004342DB0B0021C0E908230623037441748F
:104C70008174C174264900234FF441522AF0FFFF8A
:104C80002B68D3E90A011A8EC3E90E01A2F5FA7264
:104C90001A860EF069FD72E60934A4B2202202A938
:104CA000204610F071FDBDF80830059A0133ADF8CB
:104CB0000830049BDB1946EB0202CDE90432DDE942
:104CC00006329F4276EB020101D3134301D1CDE9B5
:104CD0000676089BBB42099B02AAB3414FF0000134
:104CE0004FF02003204638BFCDE9087610F010FDC4
:104CF0000E4B00221A70C3E700000000389C8C4164
:104D000001001E0040420F00678B03000000594065
:104D1000242203003C0C0020381F0020B38B03002A
:104D2000C88B0300E08B0300BF8C0300BD5B002039
:104D30002DE9F04F054687B0214FBB68029304AAC6
:104D40005B68002138469847002832DBDDE9044AD9
:104D50001C4BDFF87480A4FB03B203FB0A2303930C
:104D6000039915A3D3E900235846FCF745F84FF003
:104D7000FF39039BD94578EB0303064619D3A5FBFE
:104D800004B405FB0A440CA3D3E90023214658468A
:104D9000FCF732F8D94578EB0404034609D3864280
:104DA00007D301220092029A002114683846324645
:104DB000A04707B0BDE8F08F00CA9A3B0000000092
:104DC000C01B0300002D3101FFC99A3B0000000009
:104DD0002DE9F04F9FB08246039117461C460025EF
:104DE000387810B9284600F0A6BD252809D00399C7
:104DF000D0470028C0F29F857B1C01350593059F95
:104E0000EEE71822002110A82CF0E3FC7B78252B7C
:104E100000F0BC800023791C98469E469C461846AC
:104E20000E4611F8012B2B2A00F0E38000F2DA8005
:104E3000202A00F0E180232A00F0E1802BB19DF8C8
:104E4000483043F040038DF84830B8F1000F05D0EA
:104E50009DF8483043F020038DF84830BEF1000F34
:104E600005D09DF8483043F010038DF84830BCF170
:104E7000000F05D09DF8483043F008038DF8483006
:104E800028B19DF8483043F004038DF848309DF870
:104E9000483003F04401442903D16FF386138DF8A1
:104EA00048309DF848300E9643F080032A2A8DF84A
:104EB000483040F0A9809DF8493043F001038DF857
:104EC0004930731C1A782E2A9DF849200CBF012105
:104ED000002161F341028DF849200CD15A1C0E9239
:104EE0005A782A2A40F0A0809DF8492042F0040216
:104EF0008DF8492002331A786C2A00F0C18000F244
:104F0000A380682A00F0A9806A2A00F0C2804C2A97
:104F100000F0C78013F8012B0593782A8DF84B20F9
:104F200000F209816D2A00F2C980692A00F203812A
:104F3000572A00F2E280412A04D0A2F14503022B55
:104F400000F2F9809DF84A3002F0DF020421A2F15C
:104F5000410961F30203D9F100029DF849108DF86F
:104F60004A3042EB090262F3C7110A068DF8491074
:104F7000CBB200F11F8103F07802182A40F00981BA
:104F80006FF3C6038DF849300023F8E08DF84B30FD
:104F9000BB1C05939DF849309DF84A20DE0702F0BE
:104FA000070040F1098154F8041B0491002908DA34
:104FB0009DF8481041F004018DF8481004994942C9
:104FC0000491590740F1008154F8046B002E80F2DF
:104FD000FF809DF849306FF341038DF849304FF061
:104FE000FF36F5E02D2A0DD0302A7FF427AF0123BC
:104FF00016E74FF0010C13E74FF0010E10E74FF0EA
:1050000001080DE701200BE70EA812F0AFFE0E9B82
:10501000B3423FF457AF9DF848201390C00F60F3A0
:1050200041028DF848204DE70EA812F09FFE9DF832
:1050300048301490C3F3400242EAD07262F3410355
:105040008DF848300E9B56E7742A26D07A2A7FF4D2
:1050500061AF9DF8492006210CE05A78682A9DF836
:10506000492006D1012161F3C6028DF8492002339F
:1050700050E7022161F3C6028DF84920013349E768
:105080005A786C2A9DF8492001D10421EBE70321CD
:10509000F0E79DF849200521ECE79DF8492007211C
:1050A000E8E7BDF8482022F4F04222F0020242F480
:1050B000804242F00202ADF84820DFE76E3AD3B2F8
:1050C00001229A4040F282431A429DF8493039D178
:1050D00012F0240F61D1D1072DD59DF84A2003F09D
:1050E0007803A3F14008032161F30202D8F1000321
:1050F0008DF84A2043EB080341E0A2F15801C9B200
:10510000012000FA01F111F4624F7FF41BAF40F669
:10511000010319429DF849301AD111F4043F0AD015
:105120009DF84A2060F3020203F07803402B8DF8CB
:105130004A207FF429AF9DF8483043F001038DF8F1
:10514000483021E79DF84A20022161F30202EBE793
:105150009DF84A10022003F0780360F30201402B0F
:105160008DF84A1002BF9DF8481041F001018DF8FA
:105170004810632A7FF408AF003B18BF01239DF855
:105180004820C2F340010B4363F341028DF84820ED
:1051900000E713F0380FCED1F6E69DF84A20032140
:1051A00013F0780F61F302028DF84A2014BF012337
:1051B0000023E4E70123E2E79DF948100029B4BF8A
:1051C00013994FF0FF31FBE69E077FF508AF149E61
:1051D00000230428CDE913339DF8493007D19907FE
:1051E00005D49DF949100029ACBF06260D2602F012
:1051F0000702012AC3F3C30332D1DA1E042A04D8FA
:10520000DFE802F02045452020002268012B4FEA0C
:10521000E271CDE910211BD19DF94020D117CDE9D4
:10522000102104349DF84820069292074FD0059B28
:1052300003993A4650462AF054F80028C0F27B837E
:105240000544DCE554F8042BD117CDE91021E9E73A
:10525000022BE6D111B242F3C032CDE91012E0E7E1
:10526000022A24D1DA1E042A04D8DFE802F018103A
:1052700010181800012B54F8042B4FF0000114D023
:10528000022BCDE91021CDD192B21092CAE707349A
:1052900024F00704F4E80201CDE91001C2E754F854
:1052A000042B109200221192BCE7D2B2CDE7042A5F
:1052B00008D1073424F00704D4E900010834CDE90B
:1052C0001001AFE7032AADD154F8042BDDE79DF8B8
:1052D0004B80B8F1780F3FF692ADB8F1570F5CD81C
:1052E000B8F1250F00F0A480B8F1240F7FF687AD48
:1052F000B8F1410F04D0A8F14503022B3FF67FAD72
:10530000DDE91023002BC0F24D810699080700F15A
:105310004C81C1F300194FEA4919C3F30A51C3F391
:105320001303002940F0448152EA030014BF4FF0F8
:10533000010C4FF0000CD80240EA5250D702CDE9E0
:105340000C70B8F1460F47EA010740EAE17008BF68
:105350004FF06608384300F0B881BCF1000F10D060
:105360001B0343EA125317033A4618464FF0000C4A
:10537000002880F25681BCF1000F40F05981CDE940
:105380000C730D9B43F00043A1F2FE3B0D930021F3
:10539000DDE90C230F46052060E1A8F15802202A20
:1053A0003FF62DAD01A151F822F000BF7755000066
:1053B000FF4D0000FF4D0000FF4D0000FF4D0000BD
:1053C000FF4D0000FF4D0000FF4D0000FF4D0000AD
:1053D00001530000FF4D0000235500003755000029
:1053E000015300000153000001530000FF4D000075
:1053F00037550000FF4D0000FF4D0000FF4D00003D
:10540000FF4D00007D55000077550000C754000097
:10541000FF4D0000FF4D000041540000FF4D000013
:1054200077550000FF4D0000FF4D0000775500004C
:1054300003994046D0470028C0F27D820135DEE462
:10544000002E109F3BDB314638462CF0EAF9002F46
:105450003FF4D5AC3E18F31B4FF000099DF84A20ED
:1054600012F01001069100F05B82023312F040024C
:10547000DDF84C80089218BF149ACDF81C80434484
:1054800018BF9B18049A002A40F36582D31A9DF82E
:10549000482004935007C2F3800B00F15C82510650
:1054A00040F14C82B9F1000F07D003994846D0472C
:1054B0000028C0F240820135D94630223FE238460A
:1054C000FBF7FEFCC6E71098002800F024820DF1DF
:1054D0007503009312AA17AB002112F05DFCBDF812
:1054E0004A3003F0EF0343F4F04343F01003074660
:1054F000ADF84A304FF00009002E0CDB9DF8482033
:105500000DF17503DB1B6FF386129E428DF8482068
:1055100001D9F31A1393002F3FF471AC0DF1750606
:105520006DE0109B8DF85C304FF000090DF15D06C9
:1055300017AF012392E7069B1F0758BFC3F300195B
:10554000DDE9102354BF4FEA49194FF02B09002B16
:1055500006DA524263EB4303CDE910234FF02D09E5
:105560000DF175030093DDE9100117AB12AA12F0DB
:1055700013FC0746C0E74FF00009F1E7109A072B2C
:105580003FF63DACDFE803F00C04060C08080C0CF9
:10559000157034E4158032E4EB17C2E900532EE4B1
:1055A00015602CE44FF02D09B7E64FF02B09B4E657
:1055B00040F2FF70814231D108F10108A2495FFA3F
:1055C00088F8134311F8081001F003011ED10129D6
:1055D0000BBF492369234E216E210CBF4622662250
:1055E0008DF85C309DF848308DF85D106FF38613B0
:1055F0008DF85E208DF848300DF15F0617AFF31B74
:10560000B9F1000F3FF42AAF013327E7012915BF95
:105610006E234E23612141211A46E1E74FF0000C31
:1056200089E6921801F1FF3140414FF0010C9FE6ED
:10563000CDE90C20A5E6520842EAC3725B08B3F13B
:10564000333F59460BF1010BF5D200FB03FCA2FBE3
:10565000002301F1020B6344013F01211BF1020F02
:10566000E9DB09B1CDE90C23BBF1000FDDE90C3218
:105670002EDCCBF10401A1F120000BF11C0B02FA8E
:105680000BFB22FA00F0CA40CB40079208F0DF0281
:1056900043EA0B03472A43EA00037DD1F91C01DBEF
:1056A000BE422BDAA8F10208002E5FFA88F87CDDF2
:1056B0009DF84820920606F1FF3676D4B6F1000B2D
:1056C00018BF4FF0010B721C27E04FF0000B5EE695
:1056D000023342F100020CA8CDE90C3229F0D2FDD0
:1056E000DDE90C320BF1FF3B0137DB185241002A98
:1056F0000BF1FF3BF9DACDE90C32B5E79DF8482014
:105700009006A6EB07064DD4B6F1000B18BF4FF07C
:10571000010BF2194FF066084AD4102AA8BF1022D4
:105720009FED477B8DED0E7B10200B90DDE90E0188
:10573000002A3FD1079A1B1842EB0101B1F1805FAB
:1057400047D2CDE90C31069BB8F1660F03F0200279
:1057500040F0C180002F47DC30238DF85C30002AF8
:1057600074D1002E40F3BA812E238DF85D3087B1BD
:105770007B42B342A8BF33469DF84A201393002BC7
:10578000A6EB0306D4BF0023012363F345128DF873
:105790004A200DF15E0340E0B8F1660F4FF0000BB8
:1057A000B7D090E74FF0000BB3E74FF0000B8AE75C
:1057B0000022B5E7400840EAC1704908CDE90E0172
:1057C0000EA8CDE9082329F05DFD089A099B013A4E
:1057D000ACE75B0843EAC1730CA84908CDE90C317A
:1057E000013729F04FFDAEE717AB0B9900290BDD10
:1057F0000BA90CA8CDE9063229F05CFD069B079A9F
:1058000003F8010B013FF0D11397AAB9002E40F322
:1058100063812E2103F8011B0027002E1FDD0B9A48
:10582000002A1CDD0BA90CA8069329F043FD069B5A
:10583000013E03F8010BF0E72E2203F8012BEBE702
:105840000000000000000008B0C003002E238DF807
:105850005D30002F9DD0002E8ADC0DF15E03BBF180
:10586000000F4CD114961E4608F0DF03452B21D1C2
:10587000002FBABF7F422D232B23632FC8BF642282
:105880007370C2BFB7FBF2F303F1300102FB137771
:105890004FF00A0286F80080CABFB17002360336A4
:1058A000B7FBF2F303F1300102FB137330333170B5
:1058B00073700236139B002B2BDC149B002BD4BF80
:1058C000002301239DF84A2063F3861200238DF8FC
:1058D0004A20337092E60BA90CA8069229F0EAFC44
:1058E000069A8DF85C00302818BF07F1FF3712B90F
:1058F000002E40F3F3802E238DF85D3049E71E46DD
:10590000013B16F8012C302AF9D02E2A08BF1E467A
:10591000AAE70123D6E7734E8146771F05239DE54D
:10592000110748BF0133A1E5104609920399D047FA
:105930000028099A05DA1FB0BDE8F08F2022DDF8B3
:1059400010B0594600290BF1FF3BEDDC049BCDF86C
:1059500010B02B445D1AB9F1000F05D003994846E9
:10596000D0470028E7DB0135089B002B79D09DF953
:105970004930002B29DBDFF870913B46187819F885
:10598000002052079B4603F101033FD49DF84A30A3
:10599000EF1B98065F4407D44246002A08F1FF38FF
:1059A0003BDC079B3B449F1A9BF800002E280AD142
:1059B0000399D0470028BEDBB8F1000F07F10107BB
:1059C00031DC0BF1010B5D4638E0B94699F8000077
:1059D0007028C84609F1010913D1EF1B149D4744F3
:1059E0003D44EB1B002B34DC0399334642465046C2
:1059F00029F077FC00289EDB3844049E05460644C7
:105A000065E00399D0470028E0DA94E7069303990C
:105A1000D0470028069BB1DA8DE703993020D047A4
:105A20000028B9DA87E703993020D04708F1FF381A
:105A3000C0E70399D0470028FFF67DAF287819F812
:105A400000305907A84605F10105F2D4A7EB0B0772
:105A5000C4E703993020D0470028FFF66CAF013728
:105A6000BFE79DF84A30DA0601D41B0706D5039933
:105A70003020D0470028FFF65EAF0135069B3BB1D2
:105A800003999DF84B00D0470028FFF654AF01352D
:105A9000A84406E003993020D0470028FFF64BAF1A
:105AA0000135A8EB0503002BF4DC039933463A4695
:105AB000504629F016FC0028FFF63DAF28449CE72D
:105AC00003992020D0470028FFF635AF0135731B1E
:105AD000002BF5DCFFF793B91746C0E60DF15D0327
:105AE000BDE600BFC2950300B1C003000000000086
:105AF00038B52DED028B55EC104B00F04DFA224BD2
:105B0000B0EE408AF0EE608A93F90030013312D093
:105B100045EC104B2BF0A5FE68B113A3D3E900238D
:105B200020462946FBF780F860B12AF05AFB9FED2A
:105B3000108B22230360B0EE480AF0EE680ABDEC39
:105B4000028B38BD0CA3D3E9002320462946FBF77E
:105B50004DF80028EFD02AF044FB22239FED088B5C
:105B60000360E8E7AFF30080EF39FAFE422E86408B
:105B7000000000000000F07F51302DD5104987C093
:105B80000000000000000000E10C00200000000008
:105B90002DE9F04F55EC104BC74B87B025F0004670
:105BA0009E4201952DD906F1404606F58016264302
:105BB00016D1A7A3D3E9002320462946FAF7A4FD6E
:105BC000A5A3D3E9002306460F4620462946FAF747
:105BD0009BFD02460B4630463946FAF7DFFB09E0EB
:105BE00022462B4620462946FAF7D6FB02460B46AC
:105BF000FAF7B4FE04460D4645EC104B07B0BDE87D
:105C0000F08FAE4B9E4210D8B6F1795F80F0AD8038
:105C100093A3D3E9002320462946FAF7BFFBA84BFC
:105C20000022FBF701F80028E6D145EC104B2BF0E1
:105C300010FEA34953EC102B0020FAF7ADFBA14B4B
:105C40000022FAF761FD88A3D3E9002304460D463C
:105C5000FAF75AFD86A3D3E90023FAF79FFB224601
:105C60002B46FAF751FD84A3D3E90023FAF794FBFE
:105C700022462B46FAF748FD81A3D3E90023FAF721
:105C80008DFB22462B46FAF73FFD7FA3D3E9002385
:105C9000FAF782FB22462B46FAF736FD7CA3D3E9BE
:105CA0000023FAF77BFB22462B46FAF72DFD7AA359
:105CB000D3E90023CDE9020120462946FAF724FD65
:105CC00077A3D3E90023FAF767FB22462B46FAF7BE
:105CD0001BFD75A3D3E90023FAF760FB22462B4690
:105CE000FAF712FD72A3D3E90023FAF755FB224617
:105CF0002B46FAF709FD724B0022FAF74FFB45ECF1
:105D0000104BCDE9040126F0D9FF6F4B9E425BECAE
:105D100010AB40F2DB80DDE90423DDE90201FAF794
:105D20001DFE52465B46FAF7EFFC52465B46FAF719
:105D300035FB02460B46FAF731FB47A3D3E90023B4
:105D4000FAF72AFB02460B4641A1D1E90001FAF716
:105D500023FB019B002BDCBF024601F100430446FC
:105D60000D46DCBF14461D4646E722462B4620461C
:105D70002946FAF7C9FC3CA3D3E9002306460F469F
:105D8000FAF7C2FC3AA3D3E90023FAF707FB32463D
:105D90003B46FAF7B9FC38A3D3E90023FAF7FCFA3B
:105DA00032463B46FAF7B0FC35A3D3E90023FAF7B5
:105DB000F5FA32463B46FAF7A7FC33A3D3E90023B2
:105DC000FAF7EAFA32463B46FAF79EFC30A3D3E9EB
:105DD0000023FAF7E3FA32463B46FAF795FC2EA386
:105DE000D3E900238046894630463946FAF78CFCD1
:105DF0002BA3D3E90023FAF7CFFA32463B46FAF752
:105E000083FC29A3D3E90023FAF7C8FA32463B46BC
:105E1000FAF77AFC26A3D3E90023FAF7BDFA324653
:105E20003B46FAF771FC264B0022FAF7B7FA024616
:105E30000B4640464946FAF791FD22462B46FAF7B3
:105E400063FC02460B4620462946C6E6AFF30080B7
:105E5000182D4454FB21F93F075C143326A6913CCE
:105E60009C7500883CE4377E09F7FD0DE13D023F5B
:105E700088B20175E0EF493F3B8F68B52882A43FA7
:105E80005544880E55C1C93F7D6FEB0312D6D43FF0
:105E9000555555555555C53F82922EB1C5B8B33F9E
:105EA00059018D1B6C06E63FC88A599CE52A0040C3
:105EB0004B2D8A1C273A0340FFFFEF3FFFFFDF3FD8
:105EC0000000F03F0000E03F3233EF3F52465B46B8
:105ED00050465946FAF762FADDE9042306460F46B2
:105EE000DDE90201FAF73AFD02460B463046394633
:105EF000FAF70AFC4FF0000806460F4642465B469A
:105F000040465946FAF700FC02460B462046294611
:105F1000FAF742FA424604460D465B465046594659
:105F2000FAF73CFA02460B4620462946FAF716FDD8
:105F300002460B46FAF732FA02460B4612A1D1E9A5
:105F40000001FAF729FA02460B4630463946FAF7BD
:105F500023FA424604460D465B4640465946FAF748
:105F60001DFA02460B460AA1D1E90001FAF714FA1C
:105F700002460B4620462946FAF70EFA02460B4621
:105F800003A1D1E90001E2E6075C143326A6913CA7
:105F9000182D4454FB21E93F2DE9FF4755EC104BE8
:105FA000AD4925F000428A424FEAD57633D9AB4954
:105FB0008A4214D892A3D3E9002320462946FAF74F
:105FC00033FE00BB90A3D3E9002320462946FAF70D
:105FD0000DFE002800F0A080002400250EE0C5F38F
:105FE00013032343224607D02B4620462946FAF7BF
:105FF000D5F904460D4601E0002EEDD145EC104BDD
:1060000004B0BDE8F08782A3D3E900231046194607
:10601000FAF77AFBEDE7924B9A4240F2A980914B56
:106020009A4279D8904B03EBC603D3E9002320466C
:106030002946FAF7B1F98D4BF7003B4493ED007B0D
:106040008DED007BC6F1010A80468946AAEB060A5F
:10605000DDE9002340464946FAF79EF904460D461D
:1060600022462B4620462946FAF74EFB6AA3D3E97F
:10607000002306460F46FAF747FB69A3D3E900233E
:10608000FAF78AF932463B46FAF73EFB66A3D3E9B4
:106090000023FAF783F932463B46FAF735FB64A34F
:1060A000D3E90023FAF778F932463B46FAF72CFB9E
:1060B00061A3D3E90023FAF771F932463B46FAF7B8
:1060C00023FB02460B4620462946FAF765F90246AD
:1060D0000B4606460F4620462946FAF715FBCDE942
:1060E0000201BAF1000F5CD100224FF0804330462C
:1060F0003946FAF751F902460B46DDE90201FAF793
:106100002DFC22462B46FAF747F902460B460020A3
:106110005749FAF741F96CE7564B204603EBC606A0
:10612000294647A3D3E90023FAF7EEFAD6E900237C
:10613000FAF734F9FAF798FD8246FAF77BFA42A3A8
:10614000D3E9002306460F46FAF7DEFA02460B466D
:1061500020462946FAF720F93DA3D3E900238046DB
:10616000894630463946FAF7CFFACDE900016FE7A4
:10617000414B9A4210D826A3D3E900232046294652
:10618000FAF70CF93A4B0022FAF74EFD38B1384BCA
:106190000022204629462AE74FF0000A60E782469F
:1061A0005EE732463B4600204FF08041FAF7F4F8B4
:1061B00002460B46DDE90201FAF7D0FB02460B4628
:1061C000DDE90001FAF7E8F842464B46FAF7E4F851
:1061D00002460B4600202649FAF7DEF86FF47F727C
:1061E000924502DB01EB0A5103E70AF57A7A01EBEB
:1061F0000A5100224FF0B8730AE700BFAFF30080E6
:10620000EF39FAFE422E864051302DD5104987C015
:106210009C7500883CE4377ED0A4BE726937663E28
:10622000F16BD2C541BDBB3E2CDE25AF6A56113F96
:1062300093BDBE166CC1663F3E5555555555C53F7D
:10624000FE822B654715F73F0000E0FE422EE63F39
:10625000763C7935EF39EA3D412E8640FFFFEF7FEE
:10626000422ED63FB1A2F03F282503001825030097
:106270000000F03F38250300FFFF2F3E0000000024
:106280009FED010B704700BF000000000000F87F89
:106290002DE9F043DFF88CC01F4C204E204FDFF873
:1062A00088E000230125206805FA03F802881FFA18
:1062B00088F1114207D116F803904288B9F1000F16
:1062C00023D00A43428022689088014207D117F800
:1062D0000390D088B9F1000F1AD00843D0801089FC
:1062E000014202BF02EB43003CF81380A0F80A8091
:1062F000508D014202BF02EB83025EF82310D1628F
:106300000133102BCFD1BDE8F08322EA0802D9E790
:1063100020EA0800E2E700BF340700204540030000
:1063200035400300183C03004825030030B40E4AF2
:10633000156801232C8803FA00F083B21C432C80DB
:10634000126861B151880B435380084B1A6830BC06
:10635000802302F55F7200211E200FF0D9B9538807
:1063600023EA0003F0E700BF3407002038070020CD
:1063700010B4012303FA00F00B4B1A68938884B21F
:1063800023439380D38861B12343D380074B5DF8C7
:10639000044B1A680021802302F55F721E200FF063
:1063A000B7B923EA0003F0E73407002038070020DC
:1063B00010B40A4B1B6801221C89824022431A81B7
:1063C00003EB40031E205981054B5DF8044B1A680E
:1063D0000021802302F55F720FF09AB93407002084
:1063E0003807002010B40A4B1B6801225C8D8240E4
:1063F00022435A8503EB80031E20D962054B5DF8CA
:10640000044B1A680021802302F55F720FF080B9F7
:106410003407002038070020012310B503FA01F1EA
:10642000032809D8DFE800F002151C23134B1A6873
:10643000138823EA01031380FFF72AFF104B1A6821
:10644000BDE81040802302F55F7200211E200FF08E
:106450005FB90A4B1A68938823EA01039380EBE73C
:10646000064B1A68138923EA01031381E4E7034BFF
:106470001A68538D23EA01035385DDE734070020B2
:106480003807002070B5194D2B782BB9184828F023
:10649000D5FE01232B7070BD164828F0CFFE164B99
:1064A0001A68002414801B689C801C815C85FFF79F
:1064B000EFFE124B1A681E20802302F55F72214600
:1064C0000FF026F906202C7013F0C0F930B10C4BF8
:1064D00043610223037444748474C474BDE870403F
:1064E000084900234FF4865229F0C9BBDA5900202D
:1064F000563D0300D63D0300340700203807002036
:10650000F13D030044220300014824F08FBF00BF87
:1065100000150020014823F0EFB900BF940D0020C2
:10652000014B1870704700BFFA590020112898BF1E
:106530000A4B0B4A94BF1B5C0023002913700ADB33
:10654000084B1B68DB8813F0080F14BF02230123DC
:10655000054A137070470023FAE700BF6B40030041
:10656000F659002034070020F559002070B59FED42
:10657000140A0D461349044628F0CCF9124B187042
:106580002346104C03F1100618685968224603C2CE
:106590000833B3421446F7D1286869680B4B03C32C
:1065A000A868186027F015FB094BC3E90001094BE7
:1065B0001B781BB1BDE87040FFF7A6BF70BD00BFE0
:1065C0000AD7A33BA8330020DC5900209C330020CD
:1065D000F8140020FB59002008B50246094B00685A
:1065E000516803C39068186027F0F3FA064BC3E9BB
:1065F0000001064B1B781BB1BDE80840FFF784BFC4
:1066000008BD00BF90330020F0140020FB5900208B
:10661000DFED137AB4EEE70AF1EE10FA82B01AD485
:10662000DFED107AB4EEE70AF1EE10FA15DCF3EEC6
:10663000097A30EE670ADFED0C7A30EE000A30EEB0
:10664000270AFCEEC07ACDED017A9DF80430074AA6
:10665000137002B070470123F9E7FF23F7E700BF8B
:1066600000001AC20000B14200800043F759002028
:10667000014BC3E9000170474805002030B5039C79
:10668000124D20B928700023114A137030BDAAB9E9
:106690006422B3FBF2F363F07F03DBB22B700A22B8
:1066A00071B141F2D603A342B8BF2346B3FBF2F364
:1066B000F53BFF2BD4BFDBB2FF23E5E7FF23EDE77C
:1066C00094FBF2F3F53BDED4F3E700BFF959002069
:1066D000F8590020044B10F0050F1870034B0CBF45
:1066E000012203221A707047F4590020700C002018
:1066F00008B5044B187027F06CFA034BC3E900018E
:1067000008BD00BFF3590020E0140020014B012216
:106710001A707047DB5900207FB52F4B00241B787F
:106720000394CDE900448DF801302C4B1B788DF893
:1067300002302B4B1B788DF803302A4B1B788DF8D9
:10674000043018238DF8053009238DF80630264BC8
:106750001B788DF80830254B1B788DF8093040F6F2
:106760002E53ADF80A30224840F6CD42002323F0E4
:106770000DF8A0B1082013F069F840B11D4B43613A
:106780001D4B83610323037444748474C4741B49D4
:1067900000234FF4C25229F072FA04B070BD6C4667
:1067A000174A04AE2546234603CBB342106051601E
:1067B0001C4602F10802F6D127F00BFA114BC3E98F
:1067C0000001114B1B780BB1FFF79EFEFFF7A2FEF5
:1067D000284602F001F8E0E7FA590020F9590020B4
:1067E000F8590020F7590020F6590020F5590020EB
:1067F000940D002055400300334103004C22030058
:10680000DE590020E0150020FB5900207FB58E4A9C
:10681000DFED8E6AD2ED017A9FED8D7A012367EE6E
:10682000A67A8DF800308B4BF4EEC77A1B788DF882
:106830000130F1EE10FA00F3C0809FED876AF4EEAC
:10684000C67AF1EE10FA00F1BB80FDEEE77A17EEA2
:10685000903A9BB2D2ED027AADF8023067EEA67A9A
:10686000F4EEC77AF1EE10FA00F3AD809FED7A6A8C
:10687000F4EEC67AF1EE10FA00F1A880FDEEE77AA8
:1068800017EE903A9BB2D2ED037AADF8043067EE82
:10689000A67AF4EEC77AF1EE10FA00F39A809FED33
:1068A0006E6AF4EEC67AF1EE10FA00F19580FDEE14
:1068B000E77A17EE903A9BB2D2ED007AADF8063047
:1068C00067EEA67AF4EEC77AF1EE10FA00F387804D
:1068D000DFED616AF4EEE67AF1EE10FA00F1828003
:1068E000FDEEE77A17EE903A9BB25C4ADFED5C6A08
:1068F000D2ED007AADF8083067EEA67AF4EEC77AEA
:10690000F1EE10FA71DC9FED546AF4EEC67AF1EE06
:1069100010FA6DD4FDEEE77A17EE903A9BB2D2ED05
:10692000017AADF80A3067EEA67AF4EEC77AF1EE96
:1069300010FA60DC9FED486AF4EEC67AF1EE10FAC8
:106940005CD4FDEEE77A17EE903A9BB2D2ED027A74
:10695000ADF80C3067EEA67AF4EEC77AF1EE10FAD5
:106960004FDC9FED3D7AF4EEC77AF1EE10FA4BD48E
:10697000FDEEE77A17EE903A9BB2ADF80E3039484B
:1069800040F6CD42002322F001FF00283FD008202E
:1069900012F05CFF48B1344B4361344B83610323F5
:1069A0000374002343748374C374314900234FF488
:1069B000C25229F064F904B070BD47F6FF7349E78D
:1069C0004FF4004346E747F6FF735CE74FF400439C
:1069D00059E747F6FF736FE74FF400436CE747F65C
:1069E000FF7382E74FF400437FE747F6FF7396E7B4
:1069F0004FF4004393E747F6FF73A7E74FF40043D4
:106A0000A4E747F6FF73B8E74FF40043B5E76C46D9
:106A1000184A04AE2546234603CBB34210605160AA
:106A20001C4602F10802F6D127F0D3F8124BC3E955
:106A30000001124B1B780BB1FFF766FDFFF76AFDF3
:106A4000284601F0C9FEB6E7A83300200000004741
:106A500000FEFF46FA590020000000C79C330020CA
:106A600000000043940D002055400300194103002D
:106A70004C220300DE590020E0150020FB590020C5
:106A800070B588B002238DF81030904B90481B7879
:106A90008DF811308F4B1B788DF812308E4B1B7890
:106AA0008DF813308D4B00241B78079401A9CDE994
:106AB0000544CDE901448DF8143003940FF0FAF940
:106AC000DDED016A9DED027ADDED037AF7EE005A05
:106AD00076EEA56A37EE257A77EEA57AB6EE006AED
:106AE00066EE866A27EE067A67EE867A9FED7C6A06
:106AF000CDED016A66EE866A9FED7A6A8DED027AC7
:106B0000F4EEC66AF1EE10FACDED037A00F3A2803E
:106B1000F5EEC06AF1EE10FA04D4FCEEE66A16EE69
:106B2000903A9CB29FED706ADFED706A27EE067AAC
:106B3000B4EEE67AF1EE10FA00F38F80B5EEC07A8B
:106B4000F1EE10FA00F18C80BCEEC77A17EE103A25
:106B50009AB267EE867AF4EEE67AF1EE10FA00F376
:106B60008180F5EEC07AF1EE10FA7ED4FCEEE77A81
:106B700017EE903A9BB244EA82245D4ADFED5D6AEB
:106B8000D2ED007A9FED5C7A67EEA67A44EA435430
:106B9000F4EEC77AF1EE10FACDF8154067DC9FED00
:106BA000576AF4EEC67AF1EE10FA63D4FDEEE77A96
:106BB00017EE903A9BB2D2ED017AADF8193067EE3C
:106BC000A67AF4EEC77AF1EE10FA56DC9FED4B6A26
:106BD000F4EEC67AF1EE10FA52D4FDEEE77A17EE33
:106BE000903A9BB2D2ED027AADF81B3067EEA67AEE
:106BF000F4EEC77AF1EE10FA45DC9FED407AF4EE40
:106C0000C77AF1EE10FA41D4FDEEE77A17EE903A2A
:106C10009BB20024ADF81D308DF81F40384840F677
:106C2000CD42002322F0B2FD98B3082012F00EFEF0
:106C300040B1344B4361344B836103230374447488
:106C40008474C474314900234FF4C25229F017F8F8
:106C500008B070BD40F2FF3464E740F2FF7278E79D
:106C6000002276E740F2FF7385E7002383E747F6CB
:106C7000FF73A0E74FF400439DE747F6FF73B1E7CA
:106C80004FF40043AEE747F6FF73C2E74FF400430B
:106C9000BFE704AC1E4A08AE2546234603CBB342E9
:106CA000106051601C4602F10802F6D126F091FFF7
:106CB000184BC3E90001184B1B780BB1FFF724FCFC
:106CC000FFF728FC284601F087FDC1E7FA590020AC
:106CD000A8330020F9590020F8590020F759002066
:106CE0000000804400C07F440000004500E0FF44F5
:106CF0009C3300200000004300FEFF46000000C758
:106D0000940D002055400300FF4003004C22030077
:106D1000DE590020E0150020FB5900207FB5254BEF
:106D20001B788DF80130244B1B788DF80230234BF3
:106D300000241B7803940325CDE901448DF800500D
:106D40008DF803301E4840F6CD42002322F01EFD90
:106D500098B1082012F07AFD38B11A4B43611A4BF2
:106D60008361057444748474C474184900234FF417
:106D7000C25228F084FF04B070BD6C46144A04AEC1
:106D80002546234603CBB342106051601C4602F1F6
:106D90000802F6D126F01DFF0E4BC3E900010E4B91
:106DA0001B780BB1FFF7B0FBFFF7B4FB284601F0EF
:106DB00013FDE0E7FA590020700C0020F459002080
:106DC000940D002055400300E54003004C220300D1
:106DD000DE590020E0150020FB5900207FB58E4AC7
:106DE000DFED8E6AD2ED017A9FED8D7A042367EE96
:106DF000A67A8DF800308B4BF4EEC77A1B788DF8AD
:106E00000130F1EE10FA00F3C0809FED876AF4EED6
:106E1000C67AF1EE10FA00F1BB80FDEEE77A17EECC
:106E2000903A9BB2D2ED027AADF8023067EEA67AC4
:106E3000F4EEC77AF1EE10FA00F3AD809FED7A6AB6
:106E4000F4EEC67AF1EE10FA00F1A880FDEEE77AD2
:106E500017EE903A9BB2D2ED037AADF8043067EEAC
:106E6000A67AF4EEC77AF1EE10FA00F39A809FED5D
:106E70006E6AF4EEC67AF1EE10FA00F19580FDEE3E
:106E8000E77A17EE903A9BB2D2ED007AADF8063071
:106E900067EEA67AF4EEC77AF1EE10FA00F3878077
:106EA000DFED616AF4EEE67AF1EE10FA00F182802D
:106EB000FDEEE77A17EE903A9BB25C4ADFED5C6A32
:106EC000D2ED007AADF8083067EEA67AF4EEC77A14
:106ED000F1EE10FA71DC9FED546AF4EEC67AF1EE31
:106EE00010FA6DD4FDEEE77A17EE903A9BB2D2ED30
:106EF000017AADF80A3067EEA67AF4EEC77AF1EEC1
:106F000010FA60DC9FED486AF4EEC67AF1EE10FAF2
:106F10005CD4FDEEE77A17EE903A9BB2D2ED027A9E
:106F2000ADF80C3067EEA67AF4EEC77AF1EE10FAFF
:106F30004FDC9FED3D7AF4EEC77AF1EE10FA4BD4B8
:106F4000FDEEE77A17EE903A9BB2ADF80E30394875
:106F500040F6CD42002322F019FC00283FD0082043
:106F600012F074FC48B1344B4361344B836103230A
:106F70000374002343748374C374314900234FF4B2
:106F8000C25228F07CFE04B070BD47F6FF7349E79B
:106F90004FF4004346E747F6FF735CE74FF40043C6
:106FA00059E747F6FF736FE74FF400436CE747F686
:106FB000FF7382E74FF400437FE747F6FF7396E7DE
:106FC0004FF4004393E747F6FF73A7E74FF40043FE
:106FD000A4E747F6FF73B8E74FF40043B5E76C4604
:106FE000184A04AE2546234603CBB34210605160D5
:106FF0001C4602F10802F6D126F0EBFD124BC3E964
:107000000001124B1B780BB1FFF77EFAFFF782FAF3
:10701000284601F0E1FBB6E7A83300200000004756
:1070200000FEFF46FA590020000000C79033002000
:1070300000008044940D002055400300CB40030025
:107040004C220300DE590020E0150020FB590020EF
:1070500030B5002385B0CDE90033CDE902330523F7
:107060008DF80030294B1B788DF801300CF058FD5D
:1070700000282BDB0CF04CFE254AA0FB020302FB90
:107080000131C30B43EA4143C90BCDF80230CDF8BF
:107090000610204840F6CD42002322F077FBC8B10D
:1070A000082012F0D3FB48B11B4B43611B4B83619B
:1070B00003230374002343748374C37418490023A7
:1070C0004FF4C25228F0DBFD05B030BD4FF0FF3366
:1070D0001946DAE7134A6C4604AD234603CBAB42AC
:1070E000106051601C4602F10802F6D126F071FDD5
:1070F0000D4BC3E900010D4B1B780BB1FFF704FAF0
:10710000FFF708FA684601F067FBDDE7FA5900204F
:1071100040420F00940D002055400300B140030091
:107120004C220300DE590020E0150020FB5900200E
:107130007FB50023CDE90133039306238DF800309A
:10714000414B424C1B788DF8013023788DF802308A
:107150003F4B1B78002B58D13E4AD2E90032012B1D
:1071600072F10002B8BF01239BB2ADF803300CF0FE
:10717000CFFD4FF47A72A0FB020302FB0133364AC3
:1071800082424FF000029A410CD3324AD2E90031D8
:10719000A3F57F43FF3B0B4302BF4FF6FE70002178
:1071A000C2E90001237800268DF80F6083B12B4DD2
:1071B00026F00FFDD5E9003213F57A7342F1000293
:1071C00083428A41BFBF00220023C5E90023267005
:1071D000234840F6CD42002322F0D8FAB8B1082067
:1071E00012F034FB48B11F4B43611F4B83610323F3
:1071F0000374002343748374C3741C4900234FF445
:10720000C25228F03CFD04B070BD0123ADE76C46CE
:10721000174A04AE2546234603CBB34210605160A3
:107220001C4602F10802F6D126F0D3FC114BC3E94B
:107230000001114B1B780BB1FFF766F9FFF76AF9F4
:10724000284601F0C9FADEE7FA590020F359002078
:10725000DB59002048050020FFFF2F75E0140020B7
:10726000940D002055400300974003004C2203007A
:10727000DE590020E0150020FB59002070B588B0D1
:107280000023CDE90533079307238DF81030AC4B6D
:10729000AC4D1B788DF811302B788DF81230AA4B3D
:1072A0001B78002B40F00D81A84AD2E90032012B57
:1072B00072F10002B8BF01239BB2ADF813300CF09D
:1072C00027FD4FF47A72A0FB020302FB0133A04AB0
:1072D00082424FF000029A410CD39C4AD2E900311D
:1072E000A3F57F43FF3B0B4302BF4FF6FE70002127
:1072F000C2E9000100249748039401A9CDE90144A3
:107300000EF0D8FDDDED016A9DED027ADDED037A28
:10731000F7EE005A76EEA56A37EE257A77EEA57A73
:10732000B6EE006A66EE866A27EE067A67EE867A21
:107330009FED896ACDED016A66EE866A9FED876AE8
:107340008DED027AF4EEC66AF1EE10FACDED037A15
:1073500000F3B980F5EEC06AF1EE10FA04D4FCEE49
:10736000E66A16EE903A9CB29FED7D6ADFED7D6A8B
:1073700027EE067AB4EEE67AF1EE10FA00F3A68074
:10738000B5EEC07AF1EE10FA00F1A380BCEEC77A38
:1073900017EE103A9AB267EE867AF4EEE67AF1EEDC
:1073A00010FA00F39880F5EEC07AF1EE10FA00F1D1
:1073B0009580FCEEE77A17EE903A9BB244EA82247D
:1073C000694ADFED6A6AD2ED007A9FED697A67EE6D
:1073D000A67A44EA4354F4EEC77AF1EE10FACDF8F7
:1073E00015407DDC9FED636AF4EEC67AF1EE10FA8B
:1073F00079D4FDEEE77A17EE903A9BB2D2ED017A9E
:10740000ADF8193067EEA67AF4EEC77AF1EE10FA0D
:107410006CDC9FED586AF4EEC67AF1EE10FA68D48F
:10742000FDEEE77A17EE903A9BB2D2ED027AADF814
:107430001B3067EEA67AF4EEC77AF1EE10FA5BDC49
:107440009FED4C7AF4EEC77AF1EE10FA57D4FDEEC8
:10745000E77A17EE903A9BB2ADF81D302B780026F4
:107460008DF81F6083B1444C26F0B3FBD4E90032A1
:1074700013F57A7342F1000283428A41BFBF0022B2
:107480000023C4E900232E703C4840F6CD4200237F
:1074900022F07CF9B0B3082012F0D8F948B1384B8B
:1074A0004361384B83610323037400234374837463
:1074B000C374354900234FF4C25228F0E0FB08B0F2
:1074C00070BD0123F9E640F2FF344DE740F2FF7250
:1074D00061E700225FE740F2FF736FE700236DE78B
:1074E00047F6FF738AE74FF4004387E747F6FF73D9
:1074F0009BE74FF4004398E747F6FF73ACE74FF480
:107500000043A9E704AC214A08AE2546234603CB35
:10751000B342106051601C4602F10802F6D126F019
:1075200058FB1B4BC3E900011A4B1B780BB1FEF74C
:10753000EBFFFEF7EFFF284601F04EF9BFE700BF73
:10754000FA590020F3590020DB590020480500209B
:10755000FFFF2F75A83300200000804400C07F4447
:107560000000004500E0FF449C3300200000004381
:1075700000FEFF46000000C7E0140020940D00202C
:10758000554003007D4003004C220300DE590020DB
:10759000E0150020FB5900202DE9F04FAB4DAC4E1B
:1075A00087B0AC4CD4E90032134300F08380AA4882
:1075B00040F6CD42002322F0E9F8A0B1082012F0F5
:1075C00045F948B1A54B4361A54B8361032303747F
:1075D000002343748374C374A24900234FF4C2523E
:1075E00028F04DFBDDE700220023C4E900239E4B79
:1075F0006A4603F1100C174618685968144603C40C
:10760000083363452246F7D1186820601B7923713F
:10761000FEF780FF954A13788DF81430591C1170CD
:107620003046102239460FF04BFE0490384600F0E9
:1076300033FE01238E492B708E4BD3E900C7D1E96D
:1076400000308D49D1E900A98C4940F2E732D1E9F7
:1076500000411CEB020847F100079A1840F1000EA8
:10766000A24579EB010B80F2E3801AF1640449F141
:107670000001A2427EEB010EC0F2DE80A04577EB56
:107680000101B8BF0CF57A7426F0A3FA0027241A7A
:107690004FF4004C24EAE474394640F2E7304FF4EA
:1076A0007A720023C4FB0C01F9F7A6FB23F064FEF9
:1076B0002F7076E7724FD7E90032134316D0714C22
:1076C00026F087FAD4E90023801A61EB0301C92868
:1076D00071F100010ADB00220023C7E9002326F034
:1076E00078FAC4E90001FFF779FB5AE7664CD4E960
:1076F000003213432DD0DFF8948198F80030DBB9C5
:107700005D4F26F066FAD7E90032C01A61EB02013C
:10771000652871F1000118DB00220023C4E9002371
:1077200026F057FA26F055FAC7E90001FFF7A8F945
:1077300037E798F80030FBB100220023C4E90023AA
:1077400026F047FAFFF762F82BE7D4E9003213433B
:10775000EFD1494C26F03DFAD4E90032C01A61EB72
:107760000201652871F1000124DB26F032FAC4E938
:107770000001FEF7D1FF14E7404F26F02AFAD7E9BF
:107780000023801A61EB0301652871F100010CDB15
:1077900000220023C4E9002326F01BFA26F019FA80
:1077A000C7E90001FFF76AFDFBE6D4E900321343A5
:1077B000CFD0C1E7314C26F00CFAD4E90032C01A20
:1077C00061EB0201652871F1000106DB26F001FA88
:1077D000C4E90001FFF7ACFCE3E6254F26F0F9F918
:1077E000D7E9003240F2E934C01A61EB0201A0424D
:1077F00071F1000106DB26F0ECF9C7E90001FFF7A3
:107800008DFACEE61B4F26F0E4F9D7E90023801A63
:1078100061EB0301A04271F1000106DB26F0D9F90A
:10782000C7E90001FFF714FCBBE600F05FF800E7D2
:10783000643441F100011CE713F57A7240F1000055
:10784000904577EB000014461BE700BFFB59002072
:10785000EB09A493E0150020940D0020554003008F
:107860004D4103004C220300DE590020DD59002069
:10787000C8140020C0140020D8140020D014002008
:10788000F0140020E8140020F8140020DC59002037
:1078900008B5082011F0DAFF48B1094B4361094BE4
:1078A000836103230374002343748374C374064900
:1078B00000234FF4C25228F0E2F96FF0850008BDB2
:1078C0007F4103005D4303006422030008B50020EC
:1078D00018F026FC044B186018B9BDE80840FFF703
:1078E000D7BF002008BD00BFB8330020044B1A7872
:1078F0002AB100221A70034B186811F053B8704770
:107900000D5A0020B833002070B50578012D2ED017
:10791000022D44D0002D58D1364B1B783BB9364A46
:10792000D2E90031013341F10001C2E90031334CA9
:1079300023681E3B092B0DD8314DD5E90032134386
:1079400008D1304B00200021C3E9000126F04FF997
:10795000C5E9000123680A2B38BF0A230A3B2360CC
:10796000294B1B788BB3BDE87040FFF7BFBF234A9C
:107970001368632B9CBF0133136013681E2BEFD178
:10798000204CD4E900321343EAD11D4B00200021E2
:10799000C3E9000126F02BF9C4E90001E0E71B4E22
:1079A00030461CF05FFD044678B9124B32781978E6
:1079B00061B9082A09D1164A9279012A05D1D6F867
:1079C00005201A60D6F809205A6070BD042AFCD13F
:1079D000062011F03BFF28B10E4B4361057444743F
:1079E0008474C474BDE870400B4900234FF4845282
:1079F00028F045B9105A0020E8150020BC330020BB
:107A0000D0160020D81600200E5A0020185A002048
:107A1000710C0020A3410300642203007FB52C4EAB
:107A20003578002D52D1012302932A4B0195186815
:107A30000395694610F032FF041E16DA082011F093
:107A400005FF48B1244B4361244B4574C0E906341B
:107A5000042303748574C574214900234FF4015233
:107A600028F00DF9204604B070BD0B24642026F0E8
:107A7000CCF8029D15F003051DD0013CF6D1194D3F
:107A80002B78ABB9082011F0E1FE48B1164B4361E9
:107A90006FF00A0383610323037444748474C47411
:107AA00000230F494FF4C45228F0E9F801232B704A
:107AB0006FF00A04D6E7039C34B1082011F0C6FE2B
:107AC0000028C9D0094BBEE7012333700024C9E761
:107AD0000D5A0020B8330020B94103005043030081
:107AE00064220300FC590020F9410300D641030041
:107AF00070B5234D06460FCD86B001AC0FC42B6880
:107B00002360204B1B6893F91C3016B901228DF8B5
:107B100005201D4A0292012501A88DF80E308DF82E
:107B200016501CF08FFA044670B1082011F08EFE3A
:107B3000C8B9164900234FF4015228F0A0F80121DA
:107B400002200DF07DFB0BE011481CF009FD1148EF
:107B50001CF020FD104808211CF036FD0F4B1D7055
:107B6000204606B070BD0E4B43610E4BC0E9063493
:107B700004230374002343748374C374D9E700BFE0
:107B8000F023030034070020097900006422030079
:107B9000095A0020055A0020FD5900200F5A0020E4
:107BA000224203004143030010B5064C237833B151
:107BB00000230A20237026F02AF81CF0F1F9002394
:107BC000237010BD0F5A002010B5FFF7EDFF0C4BCE
:107BD00000241C700B4B06201C605C6011F036FE0C
:107BE00030B1094B43610223037444748474C47438
:107BF000BDE81040054900234FF4865228F03FB8F5
:107C00000E5A0020105A0020444203006422030050
:107C1000074B08491A68084B1A60084B1A68084B4A
:107C20001A60084A0B6813604B685360704700BFC6
:107C3000564203005B420300095A002064420300DD
:107C4000055A0020FD5900201F4A84B0D2F80200D6
:107C500091790090907808448DF80400D078084419
:107C60008DF805001079084400238DF8060050793E
:107C7000CDE9023301448DF80710D0790DF10702E8
:107C8000C1180133082B02F8011FF9D169460022FF
:107C900011F8013B1BB1552B01D0AA2B02D108339F
:107CA00001F8013C0132102AF2D1084B019A1A6006
:107CB000074A084B126808491A60084A0B681360A3
:107CC0004B68536004B07047105A0020055A0020DA
:107CD00056420300095A00205B420300FD59002070
:107CE0002DE9F84F02200DF06BFB18B100210220A6
:107CF0000DF0A6FAB44DB54B2C7800221A60002C7A
:107D000040F08880062011F0A1FD30B1B04B4361F6
:107D10000223037444748474C47400234FF48652A1
:107D2000AC49AD4E27F0ABFF0120FFF771FF0024F7
:107D3000FFF7DEFE4FF080537470F470D3F8A400A8
:107D4000A64AC6F807009288A6F80B200820D3F8A8
:107D5000A480D3F8A87011F079FD48B1BFB2A04B50
:107D60004361C0E906870423037444748474C474B3
:107D7000984900234FF4035227F081FF99490622C6
:107D800007200FF0D5FA071E4FF0080008BF08279C
:107D900011F05CFD40B1944BC0E905370323037437
:107DA000002343748374C3748A49DFF85CA2DFF84C
:107DB0005C9200234FF4C65227F061FF0421032098
:107DC00077710CF08BF92B78BB4261D10A2004212A
:107DD0000CF084F9062011F039FD38B1834B436172
:107DE00002230374002343748374C374794900230A
:107DF0004FF4865227F043FF7D4B734A19680220E7
:107E0000082365310DF084FCFFF7CEFE4FF4C86007
:107E100025F0FDFE08206C7811F018FD40B1754B7F
:107E2000C0E9053403230374002343748374C374CB
:107E3000002368494FF4C65227F021FF6C4B1B68A2
:107E40000820D3F86540D3F8696011F0FFFC68B1F1
:107E5000240C694B436144EA0644360C0423C0E910
:107E600006460374002343748374C37400234FF4E1
:107E70000352584927F003FF6878FEF751FBFFF7DC
:107E8000E3FE5E4B01221A70BDE8F84FFFF72EBDEE
:107E900025F0ADFE9AF800300446884623B901204B
:107EA000FFF7B6FEFFF724FE99F800300BB9FFF795
:107EB000B5FD95F800B0BBF1000F14D0082011F00B
:107EC000C5FC40B14E4BC0E9053B032303740023BE
:107ED00043748374C37400233E494FF4C65227F0A1
:107EE000CEFE00232B70DFF828B13B480022002390
:107EF000CBE900230023B3711CF0FAF9642025F0CC
:107F000084FE1CF0EDF9002842D00123B371DBE9B7
:107F10000032013B13430BD125F069FE14F1090235
:107F200048F1000382428B4102DB2B481CF0E0F950
:107F3000642025F06AFE1CF0D3F9A0B3DBE900321F
:107F4000023B134311D1062011F080FC38B12D4BB8
:107F5000436102230374002343748374C3741D4973
:107F600000234FF4865227F08AFE99F800300BB1B7
:107F7000FFF7BCFC25F03BFE40F2E933001B61EB50
:107F80000801984271F1000118DB23F00FF91AE79C
:107F900025F02DFE14F1090248F1000382428B41C5
:107FA000B3DB0120ABE725F022FE14F1090248F112
:107FB000000382428B41C1DB0120BAE7C0F57A7031
:107FC00025F025FEFFE600BF105A0020BC3300203C
:107FD0006942030064220300710C0020A400001019
:107FE00071420300780C002089420300CA4203005A
:107FF00038070020D1420300E04203000E5A00205F
:1080000098420300B14203000F5A00200D5A00208D
:10801000E81500202DE9F84FDFF84C814B4DD8F8DA
:108020000030DFF848915C8825F0E1FD484B1A6884
:10803000D2F865302B60D2F869306B6004F020070D
:10804000824604F004040E4699F8003033B9002F3C
:1080500052D1FFF745FE0120FFF74AFDDFF810B1CE
:10806000DBF800301D2B4FF0020058D90DF0A8F9B5
:1080700020B99FBB012102200DF0E2F854B325F096
:10808000B6FDD8F80030334AD3F82CB0D2E900322C
:10809000C01A61EB02014FEAEB7383458B4119DA99
:1080A000082011F0D3FB60B12B4B43614EF66023E7
:1080B0009BFBF3F3836103230374002343748374F2
:1080C000C374264900234FF4C45227F0D8FD002082
:1080D00026F0DDFA642025F09AFDB5E708200DF0C2
:1080E0006FF90028C6D0002CC9D1642025F08FFD7F
:1080F00099F80030002BB3D12B78002BA9D10820A0
:108100000DF05EF90028A9D125F071FD144BC018BF
:1081100061F10001824576EB01019ADB9EE70DF0EB
:108120004FF90028D6D025F062FD0E4AD2E9003280
:10813000C01A40F6B93361EB0201984271F10001B7
:10814000C8DB002102200DF07BF8C3E7105A0020A5
:1081500038070020D8160020FA42030064220300EA
:1081600012FDFFFFD0160020340700200E5A002019
:10817000BC330020044B1B7813B9044B1B780BB1A4
:10818000FFF722BD704700BF105A00200E5A002092
:108190007FB5274B05460E4693E803000622029062
:1081A000ADF80C10072002A90FF0C2F8031E4FF023
:1081B000000408BF082305F0FF02A44208BF9A424A
:1081C00012D0062011F042FB30B11A4B436102235A
:1081D000037444748474C474174900234FF48652A2
:1081E00027F04DFD04B070BDFFF7C4FFCDE9005688
:1081F0006B4603CB114A10600620516011F026FB3C
:1082000030B10F4B43610223037444748474C4740B
:10821000094900234FF4865227F031FD094B074AE4
:1082200019680220082365310DF072FADAE700BF01
:10823000A40000101B43030064220300105A002016
:10824000CA4203003807002010B5FFF793FF0E4B1A
:108250000E4A19680220082365310DF059FA0620EC
:1082600011F0F4FA38B10A4B43610223037400237E
:1082700043748374C374BDE81040064900234FF46F
:10828000865227F0FCBC00BF38070020105A00209F
:108290002E4303006422030070B50F4B1B78054684
:1082A000CBB10E4B1B78B3B10D4B1B780BB9FFF75D
:1082B000B5FB0C4C2046002310F8052BE370294633
:1082C0000126667029F05DFA1CF01CF920461CF0AE
:1082D0000FF8054B1E7070BD0F5A00200E5A00207B
:1082E0000D5A0020960C00203D5A0020034B1878B0
:1082F00008B1034B187800F0010070470F5A0020B6
:108300000E5A00200649013810F8013F03B97047A2
:10831000CA5C02F00302012A08BF20330370F3E7AE
:10832000B1C0030008B51C4826F088FF1B4826F0A2
:1083300085FF1B4826F082FF1A4826F07FFF1A4867
:1083400026F07CFF194826F079FF194826F076FFC1
:10835000184826F073FF184826F070FF174826F0DB
:108360006DFF174826F06AFF164826F067FF16488B
:1083700026F064FF154826F061FF154826F05EFFE1
:10838000144826F05BFF144826F058FFBDE808406B
:10839000124826F053BF00BF81430300B7430300D8
:1083A000ED4303001D4403005144030087440300D0
:1083B000BA440300ED4403002A4503006745030067
:1083C0009C450300CD450300FE4503002346030002
:1083D0004646030080460300B9460300ED4603000D
:1083E00030B50A2185B0054625F033FC084A03461E
:1083F00004460C2101A826F02EFF294601A8F8F713
:1084000055FD00280CBF20464FF0FF3005B030BDB1
:108410009479030000B589B000220023CDE906233A
:1084200000230622CDE90323CDE90133009305495A
:10843000054B06484FF4806222F0E8F809B05DF879
:1084400004FB00BF00680020C1120000E0160020FD
:10845000014814F0B3BA00BFE016002010B50620A2
:1084600011F0F4F938B1084B43610223037400237F
:1084700043748374C374BDE81040044900234FF46F
:10848000845227F0FCBB00BFB34E030094220300CC
:1084900080B50C4A0C4B00AF88B0002908BF1346CA
:1084A0006A460A49C2E905134FF400739383084BE7
:1084B00042F8103F074800234FF4E65111F0A6FBA5
:1084C000BD4680BD288F0300604F0300E74E0300C8
:1084D000030000019422030038B52F482F4D20F0EF
:1084E000FFFD044628600820A4B911F0AFF940B19F
:1084F0002B4B43612B4B83610323037444748474BB
:10850000C474294900234FF4C25227F0B8FB6FF01E
:10851000120038BD11F09AF940B1244BC0E905347E
:1085200003230374002343748374C3741E4900231C
:108530004FF4C65227F0A3FB1D4B1E4928680F229B
:1085400015F046F8BFF35B8F1B4B53E8001F41F05B
:10855000010143E80012002AF7D1BFF35B8F00212D
:10856000286827F0A3FE88B1062011F06FF938B112
:10857000124B436102230374002343748374C37456
:10858000094900234FF4845227F079FB2868BDE89D
:10859000384027F090BE00BFF84E0300C8330020DB
:1085A000FE4E0300854F0300942203001C4F03007E
:1085B00024260300A44F0300C43300202F4F0300E0
:1085C000084BBFF35B8F53E8002F22F0010143E813
:1085D00000100028F7D1BFF35B8FD30701D4FFF75A
:1085E0003DBF7047C43300202DE9F347564C574D2B
:1085F0002378D3B925F01FFBD5E90023633861F157
:10860000000182428B4110DB25F015FB504E514B8F
:10861000C018D6E9002361F1000182428B416ADB78
:108620000021212022F0A8FEE2E725F004FBC5E9A5
:108630000001494BBFF35B8F53E8002F42F001016B
:1086400043E800100028F7D1BFF35B8F12F001025E
:10865000DAD12778414EDFF824C1DFF824E14FF06A
:10866000FF08032F317834DD3D484022006801AB1C
:108670000CEB011114F0C4FF327827780432D2B227
:10868000042F327009D937490B68043B3B440B6017
:1086900035490F88BB4288BF0B80072A84BF00235F
:1086A0003370002626700028AED0082011F0CEF8D6
:1086B00040B12E4B43612E4B8361032303744674F8
:1086C0008674C6742B4900234FF4C25227F0D7FAA0
:1086D0009AE7CB1919010CEB03130CF801805A70BF
:1086E000DEF80000C3F80200BEF80410D9809A60DA
:1086F000DA600137B5E7DFF86C801B4FD8F80090DF
:10870000B9F1000F16D00820B7F800A011F09EF8BC
:1087100050B1194BC0F81CA0C0E9053904230374FB
:10872000002343748374C374124900234FF403522B
:1087300027F0A5FA0023C8F800303B8025F07BFA2B
:10874000C6E900016CE700BF3F5A0020C8170020AF
:10875000C017002078ECFFFFC43300203E5A0020F1
:10876000C8330020C0330020A45900204B4F030021
:10877000984F030094220300674F0300405A0020E3
:10878000A400001000B589B000220023CDE9062323
:1087900000230622CDE90323CDE9013300930549E7
:1087A000054B06484FF4807221F030FF09B05DF8A8
:1087B00004FB00BF806C0020E9850000D01700207A
:1087C000014814F0FBB800BFD0170020014B186817
:1087D000FFF7F6BEC833002030B5174B1B685B8827
:1087E0009B0628D5154A034600F11004114653F89C
:1087F000045B42F8045BA342F9D10378012B03D058
:10880000042B1CBF0023CB730D4C0E4A00231078A1
:108810004B70237818440B280DDC084A0A4901EBF9
:10882000001102F1100052F8045B41F8045B82422F
:10883000F9D10133237030BD34070020005B0020E4
:108840003F5A00203E5A0020405A00202DE9F84FA0
:108850004FF08043DFF81892D3F80074D3F8002467
:10886000C3F80024D9F800305C8814F002042ED03C
:10887000022106200BF032FC0CF014FF0546002804
:1088800040F0E0800DF0B0F80446002866D125F0F5
:108890004DFF64200CF020FFFF25D9F800305B88E5
:1088A0005B070ED525F044FF074625F043FF06463B
:1088B0000CF078FC2DB924B91FB916B908B90DF020
:1088C000E5F828460DF036F90020BDE8F88F0221C2
:1088D00006200BF003FC0CF0E5FE07F0010705464F
:1088E000002840F0A780002FCCD0022107200BF0F9
:1088F000F5FB0DF079F8044690BB25F017FF012435
:1089000080466423A3F16405EDB2002F00F0A2803D
:10891000B8F1000F1ED10133DEB230460CF0DCFEA0
:10892000082010F093FF50B14E4B80F81180C0E941
:1089300005360323037480F8128080F813804A49B7
:1089400000234FF4C65227F09AF94FF4004000215B
:1089500022F012FD64200CF0BFFE9EE70027C4E762
:10896000012140200CF06CFC28F0BFFE4FF47A7817
:10897000A0FB080608FB0166C50B45EA46454FF01B
:10898000000AF60B40F2E93B0DF02EF848B328F050
:10899000ACFE4FF47A73A0FB030308FB0131C30B59
:1089A00043EA41435B1B4FEAD13161EB06015B4572
:1089B00071F1000139DB062010F048FF48B12B4B64
:1089C00043610223037480F811A080F812A080F89C
:1089D00013A0254900234FF4865227F050F9FFF7E2
:1089E000C9FBD9F800305B885A0716D528F07DFE00
:1089F0004FF47A72A0FB020302FB0131C30B43EA7E
:108A000041435B1B4FEAD13161EB0601322B71F11F
:108A1000000102DA002025F04DFE002140200CF07C
:108A20000FFC25F083FE80466BE70021212022F019
:108A3000A3FCA9E725F07AFEC82D28BFC8258046EB
:108A4000EBB25FE725F072FEC82D28BFC825643D54
:108A5000EDB2002464200CF03FFE002D08BFFF257E
:108A60001BE700BFBD4F0300CC22030044420300BC
:108A700034070020F8B503780D4616462BB303469D
:108A80001A78202A184603F10103F9D0EAB12860C8
:108A900001240027202128F0A4FE034638B103F862
:108AA000017B184613F8012B202AFAD022B90023A3
:108AB00045F824302046F8BD45F824000134A6428C
:108AC000E8D10348314626F0B9FB0024F2E700BFA5
:108AD000D24F030008B528F008FE024BC3E900019D
:108AE000002008BDB01800202DE97043114D124B35
:108AF0002868124C124E4FF48061D3E9008926F0A9
:108B000058F92B681968B14208BFA0420CBF012474
:108B1000002406D04FF480622146184628F059FE02
:108B200006602B68C3E90289C3E908892046BDE8CD
:108B3000708300BF38070020B01800201CDF4421DC
:108B400084BE010DF8B528F0D0FD0C4D0246286812
:108B5000D0E90434D0E90276DB1B64EB06049B18F1
:108B600044EB0104C0E90434C0E902214FF47F71F1
:108B700026F01FF92B68C3F8FC03F8BD3807002066
:108B8000D0ED007ADFED3B6AF4EEE67AF1EE10FA12
:108B900063DD9FED397AF4EEC77AF1EE10FA4CBF3F
:108BA000012300239FED357AF4EEC77AF1EE10FA37
:108BB00055D59FED336AF4EEC67AF1EE10FACCBFCC
:108BC000012200225200D0ED017AF4EEE67AF1EEB5
:108BD00010FA43EA020344DD9FED276AF4EEC67AF9
:108BE000F1EE10FA4CBF012200229200F4EEC77A97
:108BF000F1EE10FA43EA020335D59FED216AF4EE57
:108C0000C67AF1EE10FACCBF01220022D200D0EDDC
:108C1000027AF4EEE67AF1EE10FA43EA020324DD7A
:108C2000DFED156AF4EEE67AF1EE10FA4CBF0122A0
:108C300000221201F4EEC77AF1EE10FA43EA0203C1
:108C400015D59FED0F7AF4EEC77AF1EE10FACCBF8E
:108C5000012000204001184370470023A2E70022B2
:108C6000B1E70022C2E70022D1E70022E2E70020BC
:108C7000F1E700BF9A9999BFCDCC4CBF9A99993F23
:108C8000CDCC4C3F38B50C4B0C48002119700C4B27
:108C900019700C4B4FF4487200240025C3E90045BD
:108CA00028F097FD084900220023C1E90023074965
:108CB000C1E9002338BD00BF125B0020D819002095
:108CC000115B0020F81C0020D0190020C8190020DA
:108CD00008B5082010F0BAFD48B1094B4361094BB3
:108CE000836103230374002343748374C3740649AC
:108CF00000234FF4C25226F0C2FF4FF0FF3008BDF0
:108D0000F04F0300395503002C22030010B5D1EDBC
:108D1000007AD0ED006A91ED017A91ED026A76EE6B
:108D2000E76AD0ED017A77EEC77A90ED027A67EEC6
:108D3000A77A46EEA67A144637EE467A47EE077AC9
:108D400017EE900AF7F788FC41EC100B23F02AFF8E
:108D500051EC100BF7F7B0FFDFED097A07EE100AC0
:108D6000B4EEE77AF1EE10FA96BF20680020643086
:108D70002060B0F5FA6FD4BF0020012010BD00BF05
:108D8000CDCC4C3D2DE9F041054624F083FF012870
:108D900071F1000135DB24F07DFF10F5004441F155
:108DA0000006DFF89880204FD8E90023C7E90023A8
:108DB000D8E90013D7E90002884272EB030324D2FA
:108DC00000220023C7E9002324F064FFA042B14140
:108DD00023DB082010F03AFD48B1144B4361144BDB
:108DE000836103230374002343748374C3741149A0
:108DF00000234FF4C25226F042FF4FF0FF30BDE88F
:108E0000F0814FF400440026CBE724F043FFA0425A
:108E1000B141D5DA24F04EFFCAE7074B93E80700CB
:108E200085E807000020EAE7D81800201A50030060
:108E3000655503002C220300E8330020E0180020D1
:108E400010B504461B4B006861681B4A03C3A06849
:108E50001860D2E90031013341F10001C2E900316B
:108E6000164AD2E90032134301D024F023FF144BF9
:108E70001B782BB120461349BDE8104025F0BABD40
:108E8000114BD4ED007A93ED007A77EEC77AC4EDFA
:108E9000007A93ED017AD4ED017A77EEC77AC4EDCA
:108EA000017A93ED027AD4ED027A77EEC77AC4EDB7
:108EB000027A10BDE8330020E0180020D818002006
:108EC000105B0020243400206C34002010B50446D0
:108ED000174B00686168174A03C3A0681860D2E99D
:108EE0000031013341F10001C2E90031124AD2E9F7
:108EF0000032134301D024F0DDFE104BD4ED007A94
:108F000093ED007A77EEC77AC4ED007A93ED017A9B
:108F1000D4ED017A77EEC77AC4ED017A93ED027A47
:108F2000D4ED027A77EEC77AC4ED027A10BD00BFA5
:108F3000DC330020D0180020C81800206034002046
:108F400010B504460D4B006861680D4A03C3A06864
:108F50001860D2E90031013341F10001C2E900316A
:108F6000084AD2E90032134301D024F0A3FE204680
:108F70000549BDE8104025F03DBD00BFD0330020BD
:108F8000C0180020B8180020F4330020014B1870DE
:108F9000704700BF935B002000487047135B0020C0
:108FA00070B51E4B1E481C681E4D04F16D018022D9
:108FB00028F0E7FBD4F8F000D4F8F4101A4B03C300
:108FC000D4F8F8001860D4F80011D4F8FC00174B5E
:108FD00003C3D4F804011860D4F80C11D4F80801C4
:108FE000134B03C3D4F81001186004F5A27604F5FE
:108FF0008A73186859682A4603C20833B342154673
:10900000F7D10C4D04F5BA74186859682A4603C2A2
:109010000833A3421546F7D170BD00BF38070020C2
:10902000135B0020F43300206C34002060340020F7
:1090300054340020243400201B4B70B5002814BF8A
:1090400006461E46194B002914BF0D461D46002436
:1090500034607460B4602C606C60AC60FAB106205F
:1090600010F0F4FB30B1124B4361022303744474DB
:109070008474C4740F4C104900234FF4865226F0B8
:10908000FEFD21680C233246F03103200CF040FB3A
:1090900021680C232A46FC3104200CF039FBBDE882
:1090A00070400AF059BA00BF6C34002060340020D0
:1090B0003B500300380700202C220300F0B5274B5B
:1090C000002814BF06461E46254B85B00024002903
:1090D00014BF0F461F46B6EE000A01A93046CDE97F
:1090E00001441546039425F04DFC20BB30462A462A
:1090F0003946FFF7A1FF062010F0A8FB28BB19494D
:1091000000234FF4845226F0BAFD062010F09EFB97
:1091100038B1154B436102230374002343748374F5
:10912000C374104900234FF4845226F0A8FD4FF079
:10913000FF3005B0F0BD9FED0D0A01A9384625F0BE
:1091400021FC0028D2D02046F3E7094B43610223DB
:109150000374002343748374C374D0E76C34002019
:10916000603400202C2203007450030000004842A9
:109170005C500300174B70B5002814BF04461C4612
:109180000D4630220021204628F023FB4FF07E536D
:10919000E360E361E362E5B1062010F057FB38B10C
:1091A0000D4B436102230374002343748374C3741F
:1091B0000A4900234FF4865226F061FD084B1968D6
:1091C00022463023BDE8704001F5A27107200CF063
:1091D0009FBA70BD243400203B5003002C220300B2
:1091E0003807002070B5304B2DED028B002814BFDE
:1091F00005461D468AB0EB680493EB69059300248D
:10920000EB6A039404A80E46CDE90144069325F0C9
:10921000E2FB01A9B0EE408A8DED070A8DED080A48
:109220008DED090A2846B6EE000A25F0ABFB28BBF7
:1092300028463146FFF79EFF062010F007FB48BB8B
:109240001A4900234FF4845226F019FD062010F02D
:10925000FDFA38B1164B43610223037400234374B3
:109260008374C374114900234FF4845226F007FD20
:109270004FF0FF300AB0BDEC028B70BD9FED0D0AC0
:1092800007A928EE000A04A825F07CFB0028CFD00F
:109290002046EFE7084B4361022303740023437425
:1092A0008374C374CCE700BF243400202C22030055
:1092B00074500300CDCCCC3D5C500300154B70B511
:1092C000002814BF05461D460C46302200212846C2
:1092D00028F07FFAE4B1062010F0B8FA38B10E4B4E
:1092E000436102230374002343748374C3740B49E2
:1092F00000234FF4865226F0C2FC094B19682A4617
:109300003023BDE8704001F58A7105200CF000BAE9
:1093100070BD00BFF43300203B5003002C2203003B
:109320003807002070B5344B2DED028B002814BF98
:1093300005461D468AB0EB680493EB69059300244B
:10934000EB6A039404A80E46CDE90144069325F088
:1093500042FB01A9B0EE408A8DED070A8DED080AA7
:109360008DED090A2846B7EE000A25F00BFB28BB55
:1093700028463146FFF7A2FF062010F067FA90BB9F
:109380001E4900234FF4845226F079FC062010F089
:109390005DFA38B11A4B436102230374002343740E
:1093A0008374C374154900234FF4845226F067FC7C
:1093B0004FF0FF300AB0BDEC028B70BDDFED117ACB
:1093C0009FED110A28EE278A07A9B4EEC08AF1EEB4
:1093D00010FAC8BFB0EE480A04A825F0D3FA002856
:1093E000C6D02046E6E7094B4361022303740023FD
:1093F00043748374C374C3E7F43300202C22030046
:10940000B5500300CDCC4C3ECDCCCC3D5C500300E0
:109410002DE9F04F2DED068B9BB000AFFFF7C0FD9F
:10942000002101220846FFF749FE01210020FFF735
:10943000D9FE01210020FFF775FFA44BDFF8C0A281
:109440001B68DB88C3F340138AF80030A04B1C680C
:10945000012C54D0022C00F097849E4E96F90030D7
:10946000002B81F216810024C7E90B449A487C63E3
:1094700007F12C0125F034FAB5EE400AF1EE10FAAE
:1094800040F0A28324F006FC012871F10001C0F233
:10949000F38624F0FFFB10F5004541F10004DFF8EE
:1094A0006492DFF86482D9E90023C8E90023D9E98E
:1094B0000013D8E90002884272EB030380F0E086D3
:1094C00000220023C8E9002324F0E4FBA842A141C4
:1094D000C0F2F886082010F0B9F948B17F4B43611B
:1094E0007F4B836103230374002343748374C37429
:1094F0007C4900234FF4C25226F0C1FB64E32020D4
:1095000021460BF09DFE062010F0A0F938B1764BF5
:10951000436102230374002343748374C374714949
:1095200000234FF4865226F0AAFB062010F08EF995
:1095300038B16E4B43610223037400234374837478
:10954000C37400234FF48652664926F098FB03212A
:1095500004200AF0C3FD4FF40042002307F1380055
:10956000FFF710FC0646002840F0A9800C20D7F831
:109570003890D7F83C803D6C10F068F90446A8B1EB
:109580005B4B43614846F7F767F8C4E9060140467C
:10959000F7F762F8C4E908012846F7F75DF8C4E96F
:1095A0000A01082323746674A674E6744D49DFF833
:1095B00034B19FED508A002344F2C002204626F0C9
:1095C0005EFB4FF000084FF4FA7007F12C0524F011
:1095D00074FB4FF4004200232846FFF7D3FB81467B
:1095E00000286CD1D7ED0B7AC7ED037AD7ED0C7A52
:1095F000C7ED027AD7ED0D7A0C20C7ED017A10F095
:1096000025F90446C0B13A4B4361F868F7F724F8EE
:10961000C4E90601B868F7F71FF8C4E908017868DB
:10962000F7F71AF8C4E90A010822227484F81190A5
:1096300084F8129084F8139059462046002344F28F
:10964000C00226F01CFBB0EE480A07F1380128469C
:1096500025F098F9C0B3062010F0F8F838B1264B81
:10966000436102230374002343748374C37400238F
:109670004FF48652594626F002FBB8F1000F45D14F
:109680004FF0010895E8070007F1380383E8070069
:10969000013608F106039E4295DB062010F0D6F84D
:1096A00038B1164B4361022303740023437483745F
:1096B000C37400234FF486520A4926F0E0FA0321CE
:1096C00001200AF00BFD79E28046DBE73407002039
:1096D000CC330020125B0020F433002090540300B0
:1096E000295503002C22030014510300525103009A
:1096F00076510300CDCCCC3D94510300A75103001B
:10970000105B0020C0180020B818002003210220A0
:109710000AF0E4FC4FF4FA7024F0CFFAA54B1B7862
:10972000012B6CD1062010F091F838B1A24B4361A7
:1097300002230374002343748374C3749F4900237A
:109740004FF4865226F09BFA09F0A6FD062010F091
:109750007DF838B19A4B43610223037400234374AC
:109760008374C374954900234FF4865226F087FA18
:10977000944801F0A1FE0446062010F067F838B1C5
:10978000914B436102230374002343748374C374B5
:109790008A4900234FF4865226F071FA09F09CFEA4
:1097A000062074B110F052F838B1884B436102239F
:1097B0000374002343748374C37400234FF48452EE
:1097C0007AE710F043F830B1814B43610223037410
:1097D00044748474C474794900234FF4865226F08B
:1097E0004EFA7C4B774A19681F2080236D310BF0AD
:1097F0008FFF09F0B1FE4FF4FA7024F05EFA0620F4
:1098000010F024F838B1744B436102230374002331
:1098100043748374C374002368494FF4865207F17C
:10982000200B26F02CFA0022594607F11400FFF70E
:1098300003FC4FF40042002307F13800FFF7A2FABF
:109840000446002840F03F8124F026FAC7E90210C0
:109850009FED628A24F020FAFB68C01ABB6861EBB6
:10986000030140F6B833984271F10001C0F2C080A4
:1098700008200FF0EBFF40B1594BC0E9053403233A
:109880000374002343748374C3744C4900234FF45E
:10989000C65226F0F4F907EE904A9AF80090F8EED6
:1098A000E77AB9F1000F1FD197ED057AD7ED075A86
:1098B0009FED4C5A87EE276A97ED067A87ED056A89
:1098C000C7EE276A85EEA77AB4EEC56AF1EE10FA04
:1098D000C7ED066A87ED077A40F3A781B7EE007AF5
:1098E00036EE476A87ED056AD7ED086A86EEA77AF5
:1098F000D7ED096A87ED087A86EEA77AD7ED0A6A6E
:1099000087ED097A86EEA77A87ED0A7AB9F1000F1A
:1099100028D10C20D7F81480BE69FD690FF096FF9E
:109920000446C0B1304B43614046F6F795FEC4E9AA
:1099300006013046F6F790FEC4E908012846F6F71E
:109940008BFEC4E90A010823237484F8119084F87B
:10995000129084F813901949002344F2C002204663
:1099600026F08DF90C20D7F820807E6ABD6A0FF0B2
:109970006DFF0446B0B11D4B43614046F6F76CFEE7
:10998000C4E906013046F6F767FEC4E90801284637
:10999000F6F762FE0823C4E90A0123740023637406
:1099A000A374E3740549002344F2C002204626F064
:1099B00066F98AE0935B0020B75103002C22030074
:1099C000D0510300135B0020F45103000B5203003D
:1099D0003F5203003807002061520300CDCCCC3D3C
:1099E0008B5203006666663F97520300BA5203002B
:1099F0004FF4004200232846FFF7C4F9002862D143
:109A0000B0EE480A07F13801284624F0BBFF0028D1
:109A100000F03E819AF80030BBB9D7ED057A97ED9A
:109A20000B7A77EE877A97ED0C7AC7ED057AD7ED4A
:109A3000067A77EE877A97ED0D7AC7ED067AD7ED3D
:109A4000077A77EE877AC7ED077A24F023F90128A1
:109A500071F10001C0F2BB8024F01CF910F5004642
:109A600041F10008DFF81C93B549D9E90023C1E9A9
:109A70000023B34AD9E90013D2E90002884272EB0D
:109A8000030380F0A980AE4900220023C1E900232E
:109A900024F000F9B04271EB0801C0F2A780082061
:109AA0000FF0D4FE48B1A74B4361A74B836103235A
:109AB0000374002343748374C37400234FF4C252AD
:109AC000A24926F0DCF8A24B7B610022594607F13F
:109AD0001400FFF7F3FA9F4D0446002800F0EE80D3
:109AE000012003210AF0FAFA06200FF0AFFE38B188
:109AF000994B436102230374002343748374C3743A
:109B0000924900234FF4865226F0B9F89AF8006083
:109B100046BB924B0C20D3F80090D3F80480D3F8C6
:109B200008A00FF093FE0446A8B18D4B4361484650
:109B3000F6F792FDC4E906014046F6F78DFDC4E94B
:109B400008015046F6F788FDC4E90A01082323748A
:109B50006674A674E6747D49002344F2C002204670
:109B600026F08DF80C20D5F800806E68AD680FF0F7
:109B70006DFE0446B0B17B4B43614046F6F76CFD89
:109B8000C4E906013046F6F767FDC4E90801284636
:109B9000F6F762FD0823C4E90A0123740023637405
:109BA000A374E374694944F2C0022046002326F0FE
:109BB00066F8002101220846FFF780FA6A4B00216F
:109BC000202019600BF03CFB052000F068BD4FF42D
:109BD00000464FF0000845E724F05CF8B04271EB16
:109BE0000801BFF650AF24F065F842E75F4BD7EDB0
:109BF000087A93E8070085E8070097ED0B7A77EE7F
:109C0000877A97ED0C7AC7ED087AD7ED097A77EE67
:109C1000877A97ED0D7AC7ED097AD7ED0A7A77EE54
:109C2000877A0134C7ED0A7A14E6DFED515AB4EEB3
:109C3000E56AF1EE10FA04D5B7EE007A36EE076A5F
:109C400050E6F4EEC56AF1EE10FA06DDB7EE007AE2
:109C500076EEC76AC7ED066A46E6F4EEE56AF1EE0F
:109C600010FA04D5B7EE007A76EE876AF2E7B4EE22
:109C7000C57AF1EE10FA06DDF7EE006A37EE667A85
:109C800087ED077A30E6B4EEE57AF1EE10FA07D404
:109C900006200FF0DBFD40B900234FF486520FE79A
:109CA000F7EE006A37EE267AEAE7324B4361022389
:109CB0000374002343748374C374EDE706200FF02C
:109CC000C5FD30B12C4B436102230374447484748A
:109CD000C4741E49214C00234FF4865225F0CFFF57
:109CE00007F1140393E8070084E807009BE80700E6
:109CF00085E80700214D09F02FFC29680C23224636
:109D0000F03103200BF004FD2968124A0C23FC31CA
:109D100004200BF0FDFC06200FF098FD38B1184B25
:109D2000436102230374002343748374C37407499B
:109D300000234FF4865225F0A2FF03210A20C0E43D
:109D4000C81800206E520300545503002C22030053
:109D50000000C07F60340020D95203006C34002022
:109D600097520300BA520300CC330020DC330020AA
:109D7000666666BFA7510300F8520300380700204B
:109D80000D530300D0180020202001210BF058FAB9
:109D90009AF800500620002D00F05E820FF056FD6C
:109DA00030B1C24B43610023047443748374C374A1
:109DB000BF4900234FF4865225F061FF06200FF0C3
:109DC00045FD38B1BB4B4361022303740023437448
:109DD0008374C37400234FF48652B549DFF81CA383
:109DE00025F04DFF0024002107F13800FFF7C2F9EC
:109DF000C7E90B447C637C61FEF744FFAE4825F065
:109E00001DFA032104200AF069F9AC48DFF8F0924A
:109E1000AB4E25F013FA4FF40042002307F1200067
:109E2000FEF7B0FF0546002873D0FEF72BFFA54BC9
:109E3000BB63002107F13800FFF7D4F9044600287E
:109E400000F0E381012003210AF048F906200FF019
:109E5000FDFC38B19C4B436102230374002343741F
:109E60008374C374924900234FF4865225F007FF90
:109E700006200FF0EBFC38B1944B436102230374CE
:109E8000002343748374C3748949914D00234FF4B4
:109E9000865225F0F4FE03264FF0000855F804BB67
:109EA000D5ED087AD5F808A0D5F81490C7ED037A57
:109EB0000E200FF0CBFC0446E8B1864B43615846B8
:109EC000F6F7CAFBC4E906015046F6F7C5FBC4E93C
:109ED00008014846F6F7C0FBC4E90A01F868F6F73E
:109EE000BBFBC4E90C010A23237484F8118084F8B5
:109EF000128084F813806E49002345F2C002204688
:109F000025F0BDFE013EC9D101213046FFF76AF9B7
:109F100054E607F1140207F12C0107F12000FEF7C7
:109F2000F5FE3B6AFB627B6A3B63BB6A7B638046F0
:109F300007F12000FEF724FE9AF8001041EA000B1A
:109F40005FFA8BFB594580F0A28099F800305B45A1
:109F500040F09D80FB6023F09FFED6E900329842DE
:109F60009141C0F29E80B8F1010FFB6840F09980EA
:109F700059488AF80030214625F060F90321022073
:109F80000AF0ACF8642023F098FE23F085FE9FEDE4
:109F900053AA064688465FFA85F9642303FB09F94C
:109FA00023F07AFE801B61EB0801B0F57A7F71F136
:109FB0000001C0F2A780032109200AF08FF8484869
:109FC00025F03CF921464748013425F037F9062CA5
:109FD00040F0D880444825F031F909F053F9434B5B
:109FE000434993ED001B434B07F1380093ED000B01
:109FF00007F062F9FEF746FE3F4825F01FF92046BC
:10A000000FF024FC002840F0F780294900234FF48A
:10A01000865225F034FE07F1380503264FF000087C
:10A0200055F804BBD5ED087AD5F808A0D5F81490FA
:10A03000C7ED037A0E200FF009FC0446E8B1254B6A
:10A0400043615846F6F708FBC4E906015046F6F7A7
:10A0500003FBC4E908014846F6F7FEFAC4E90A0121
:10A06000F868F6F7F9FAC4E90C010A23237484F8B6
:10A07000118084F8128084F813800D49002345F282
:10A08000C002204625F0FBFD013EC9D1D1E623F0F8
:10A0900003FE10F57A7041F10001C6E9000189F86C
:10A0A00000B0642023F009FEB5E600BF2253030090
:10A0B0002C220300525103004F530300745303003A
:10A0C000F81C00200000C07FD95203004754030051
:10A0D000243400205D54030094530300CDCCCC3DC8
:10A0E000D1530300E353030013540300C8190020A5
:10A0F000D8190020D01900202D540300125B002035
:10A10000115B00204FF40042002307F12000FEF70E
:10A1100039FE00287FF489AEB0EE4A0A07F12C011F
:10A1200007F1200024F02EFC834600284DD0B86AA9
:10A13000F6F792FA41EC190B786AF6F78DFA41ECD2
:10A14000180B386AF6F788FAB0EE492AF0EE692A59
:10A15000B0EE481AF0EE681A41EC100B4D4A4E4929
:10A160004E4807F01DF823F097FD801B61EB0801B6
:10A17000484571F10001FFF613AF494825F05EF83C
:10A18000013508E74748214625F058F8642023F0B8
:10A1900094FD4FF40042002307F12000FEF7F2FD8A
:10A1A00000287FF442AE07F1140207F12C0107F1F9
:10A1B0002000FEF7ABFD3B6AFB627B6A3B63BB6A38
:10A1C0007B630028E2D178611BE6FEF75BFD062089
:10A1D0000FF03CFB48B1344A42610222027480F81D
:10A1E00011B080F812B080F813B0304900234FF45A
:10A1F000865225F044FD1AE62D4B43610223037479
:10A20000002343748374C374FFE606200FF01EFB23
:10A2100030B1284B43610223037444748474C474C2
:10A220002249254D00234FF4865207F1380425F0CA
:10A2300026FD0FCC0FC50FCC0FC594E80F0085E8A5
:10A240000F0009F089F91D4B1968A5F12002302390
:10A2500001F5A27107205CE50FF0F8FA28B1184B60
:10A260004361047445748574C574104900234FF428
:10A27000845225F004FDA1E44FF40045FFF70FB927
:10A2800023F008FDA842A141BFF61AA923F012FD50
:10A29000FFF70DB9C8190020D0190020D8190020E7
:10A2A000CF530300F1530300A75103002C220300F6
:10A2B00047540300F85203002434002038070020DC
:10A2C00071540300BB4CDFF84093A068DFF83C8377
:10A2D000F6F7C2F941EC190B6068F6F7BDF941ECED
:10A2E000180B2068F6F7B8F9B0EE492AF0EE692AA3
:10A2F000B0EE481AF0EE681A41EC100BAE4AAF49C6
:10A30000AF4806F04DFFAF483178FEF739FC41EA1F
:10A310000005EDB2A94280F0428199F80040AC42BC
:10A3200040F03D8123F0B8FCD8E9002382428B4104
:10A330004DDAA54AA54BA648A649347014F0010F82
:10A3400018BF9046A44A08BF984614F0020F18BFE1
:10A350009646A24A08BF9E4614F0040F14BF9446C6
:10A360009C4614F0080F08BF184614F0100F08BFE1
:10A3700019466D4614F0200F90B0994A08BF1A464E
:10A380006B46C3E909019749B96301F10231F963E9
:10A3900001F10231DA62396407F1380207CA924CDE
:10A3A000C3E9054803F13004C3E907EC84E807007A
:10A3B0001A468E4B42F8103F8D4845F6C0010023E7
:10A3C0000FF024FC0321AD46092009F087FE337805
:10A3D000BF2B03D10321052009F080FE3378FF2B2A
:10A3E00040F05C8106200FF031FA38B1814B4361B7
:10A3F00002230374002343748374C3744FF486529E
:10A400007B49002325F03BFC08F03CFF6A4B6C497C
:10A4100093ED001B694B07F1380093ED000B06F03C
:10A420004BFFFEF72FFC06200FF010FA38B1724BED
:10A43000436102230374002343748374C3746C491F
:10A4400000234FF4865225F01AFC07F13806032545
:10A450004FF0000856F804BBD6ED087AD6F808A0ED
:10A46000D6F81490C7ED037A0E200FF0EFF90446EA
:10A47000E8B1624B43615846F6F7EEF8C4E90601CD
:10A480005046F6F7E9F8C4E908014846F6F7E4F85B
:10A49000C4E90A01F868F6F7DFF8C4E90C010A23F9
:10A4A000237484F8118084F8128084F81380504952
:10A4B000002345F2C002204625F0E1FB013DC9D151
:10A4C000294607F13800FEF72DFF002800F0A08094
:10A4D0000120032109F002FE06200FF0B7F930B188
:10A4E000474B43610223037445748574C574404926
:10A4F00000234FF4865225F0C2FB06200FF0A6F988
:10A5000038B13D4B436102230374002343748374C9
:10A51000C37437493B4D00234FF4865225F0AFFBFF
:10A5200003264FF0000855F804BBD5ED087AD5F89E
:10A5300008A0D5F81490C7ED037A0E200FF086F925
:10A540000446E8B12D4B43615846F6F785F8C4E957
:10A5500006015046F6F780F8C4E908014846F6F7C8
:10A560007BF8C4E90A01F868F6F776F8C4E90C014B
:10A570000A23237484F8118084F8128084F81380ED
:10A580001B49002345F2C002204625F078FB013E1E
:10A59000C9D101213046FEF7C5FEFFF715BB23F0F8
:10A5A0007BFB10F57A7041F10001C8E9000189F8E0
:10A5B00000500CE7D0330020C8190020D01900202B
:10A5C000D8190020E8330020FF5003000251030097
:10A5D0000B5103000E510300055103000851030005
:10A5E0001151030000020103B054030008000006EB
:10A5F0002C220300E5540300145503005D540300AE
:10A60000D9520300F4330020115B0020F81C002015
:10A6100006200FF01BF930B1234B43610223037472
:10A6200045748574C5742149214D00234FF4865229
:10A6300007F1380425F023FB0FCC0FC50FCC0FC555
:10A6400094E80F0085E80F001A4B196805203023A5
:10A65000A5F1200201F58A710BF05AF806200FF0DF
:10A66000F5F838B1144B436102230374002343749B
:10A670008374C3740D4900234FF4865225F0FFFA0A
:10A6800003210A2009F02AFD0C4820F089F9FEF781
:10A69000D4BE002CF8D0032C7FF496AA642023F0BB
:10A6A0000CFBFEF7CABE00BFF85203002C220300C9
:10A6B000F4330020380700200D530300E818002071
:10A6C00008B5074B1A683AB1FEF702FB38B90548DE
:10A6D000BDE8084020F050BC01221A60F7E708BD31
:10A6E000CC330020E818002008B5074B1A683AB1AF
:10A6F000FEF7EEFA38B90548BDE8084020F03CBC4A
:10A7000002221A60F7E708BDCC330020E8180020C9
:10A71000054A117841F08003BF2B08BF41F0C00308
:10A720001370024820F028BC125B0020E8180020BB
:10A7300010B5104C20460BF0C9FC0F4B63610F4B5A
:10A7400023610F4BE3600F4BA3610F4B23620F4B51
:10A75000E3610F4BA3620F4B63620F4B23630F4BFD
:10A76000E3620F4B23600F4B636040F201132381C0
:10A7700010BD00BF683600200000A0405094084380
:10A78000850B4E40B96EB23E1B49823D0536E73B14
:10A79000FCA88E3FEF8F25409F94B53FA018B33F94
:10A7A000C2D08A400000204108B52DED048BB0EEE8
:10A7B000408AF0EE608AB0EE419AFFF7B9FFB0EE42
:10A7C000491AF0EE680AB0EE480ABDEC048B034A61
:10A7D00003490448BDE808400CF056BD843400200D
:10A7E000FC3400206836002010B50446FFF7A0FFB7
:10A7F00021464FF4B672054826F0C3FF04F5B67142
:10A800000348BDE81040782226F0BBBFFC3400208E
:10A810008434002010B5074904464FF4B67226F080
:10A82000B0FF04F5B6700449BDE81040782226F068
:10A83000A8BF00BFFC340020843400201FB59FED6A
:10A840000E7AD0ED007A0D4A0D4967EE877A01AB9A
:10A85000CDED017AD0ED017A67EE877ACDED027AFF
:10A86000D0ED027A074867EE877ACDED037A0BF0D8
:10A8700071FC05B05DF804FB35FA8E3C8434002091
:10A88000FC340020683600201FB59FED186AD0ED1B
:10A89000006A90ED017AD0ED027A66EE866A27EEC4
:10A8A000067A67EE867AF5EE406AF1EE10FACDEDA3
:10A8B000016A8DED027ACDED037A01AB09D1B5EED7
:10A8C000407AF1EE10FA04D1F5EE407AF1EE10FA8A
:10A8D00004D093E80700064C84E80700054A0649BF
:10A8E00006480BF0F5FC04B010BD00BF0AE81C419F
:10A8F0007834002084340020FC34002068360020A6
:10A900000346024A024903480CF0E6B884340020AA
:10A91000FC340020683600200246024902480CF050
:10A92000F1BA00BF84340020FC3400200146BFEEA1
:10A93000000A01480CF048BBFC34002001460148E5
:10A940000CF0A6BAFC34002010B5102288B00446E2
:10A9500000210DEB020026F03CFF04A8FFF7EEFFFC
:10A960009DED046ADDED065ADDED076ADDED057A41
:10A97000164A26EE257A17EEA67A01AB204667EE38
:10A98000867A46EEA57A04F10C0137EE077A77EE67
:10A99000A77A8DED017ACDED027AF6EE007A56EEC9
:10A9A000067A46EEA67A9FED0A7A77EEA77ACDED83
:10A9B000037AF2EC017AF3EC016A46EEC77AE0EC36
:10A9C000017A8842F5D108B010BD00BF783400206C
:10A9D0000AE81C41B5EEC00AF1EE10FA30B5F5EE0A
:10A9E000C00A64D4F2EE007AF1EE10FAB4EEE70A8F
:10A9F00048BFDFED320AF1EE10FA41D8F1EE007AED
:10AA0000B4EEE70AF1EE10FA3CD8F0EE007AB4EEBC
:10AA1000E70AF1EE10FA37D8B5EEC00AF1EE10FAF7
:10AA20000CD90423264A013BD45C264A1470264ADA
:10AA300032F8133000EE103AB8EE400A234A0123F0
:10AA4000144632F8025F07EE905AF8EEE77AF4EE19
:10AA5000E07AF1EE10FA1EDB0133062BF1D1DFEDC7
:10AA60001C7A1C4B80ED000A20EE277A60EEA77A54
:10AA700083ED007A184BC1ED000AC3ED007A30BDBA
:10AA80000123CFE70223CDE70323CBE7DFED0B0A5A
:10AA9000B0EE600AD2E7114A013BD55C34F81330BE
:10AAA0000F4A00EE903A1570F8EE600AD7E7F1EE23
:10AAB00010FAEBD49FED010AC0E700BF00000000D0
:10AAC00075570300BD0C0020783C03006C3C03006C
:10AAD00000000038400700203C07002070570300AA
:10AAE000945B00202DE9F041B5EEC00AF1EE10FABA
:10AAF0002DED028B8046F0EE408AB0EE608A0F4664
:10AB00007CD9DFED567AB4EE670AF1EE10FA75D013
:10AB10009FED537A534A60EE077A0123FDEEE77A00
:10AB2000104632F8021F00295CD017EE904AA1426D
:10AB300058DC01330D2BF4D10025B5EEC08AF1EEBF
:10AB400010FA6BD9DFED457AB4EE678AF1EE10FAB0
:10AB500064D09FED457A454A68EE077A0123FDEE01
:10AB6000E77A104632F8021F00294BD017EE904AC0
:10AB7000A14247DC0133092BF4D100243C4A13786D
:10AB8000AB423C4B02D11978A14265D015701C70C4
:10AB9000002D47D1002C5BD12646082222437D217F
:10ABA000002023F0CDF9304313D008200EF04EFEE4
:10ABB00048B1314B4361314B83610323037400235C
:10ABC00043748374C3742E4900234FF4C25225F09A
:10ABD00056F8C8ED008A002087ED008ABDEC028B94
:10ABE000BDE8F081013B274AD55C30F8133007EE11
:10ABF000903AF8EEE77AC7EE878A9EE7DFED228A81
:10AC000000259AE7013B214AD45C30F8133007EE67
:10AC1000903AF8EEE77A87EE878AAFE79FED1A8AD7
:10AC20000024ABE745F0A0024021002023F088F982
:10AC300006467CB144F0E0024221002023F080F976
:10AC4000002D46EA00060CBF08220C220224A5E7CC
:10AC50002E46EFE70C22A1E70120BFE70000807F2E
:10AC60000000C844523C030000004845403C03003B
:10AC7000BC0C0020BB0C002099550300F6560300C5
:10AC8000AC21030064570300000000005C57030080
:10AC900013B500EB4000800080B28DF80400C0F3D3
:10ACA000042002238DF8050001AA4621002003F0AC
:10ACB00055FF002204465621104623F041F90C228C
:10ACC00004435321002023F03BF90222044358217E
:10ACD000002023F035F9044313D008200EF0B6FD10
:10ACE00048B1094B4361094B83610323037400237B
:10ACF00043748374C374064900234FF4C25224F092
:10AD0000BEFF332002B010BD99550300AE560300BC
:10AD1000AC21030030B587B00446062301AA0C21FC
:10AD2000002003F005FF98B108200EF08FFD48B118
:10AD3000194B4361194B836103230374002343744C
:10AD40008374C374164900234FF4C25224F097FF52
:10AD5000144B93ED007A01AA03A80021557812F84C
:10AD6000023B43EA05231BB207EE903AF8EEE77A7E
:10AD7000013167EE877A0329E0EC017AEED1039B7B
:10AD8000DDED047A6360059BA360F1EE677AC4EDA4
:10AD9000007A07B030BD00BF99550300D9560300B3
:10ADA000AC2103004007002030B587B004460623DD
:10ADB00001AA1221002003F0BBFE98B108200EF07A
:10ADC00045FD48B11D4B43611D4B83610323037453
:10ADD000002343748374C3741A4900234FF4C2528E
:10ADE00024F04DFF184B93ED007A01AA03A800212F
:10ADF000557812F8023B43EA05231BB207EE903A5E
:10AE0000F8EEE77A013167EE877A0329E0EC017A00
:10AE1000EED10E4BDDED056A93ED007ADDED037AA0
:10AE2000C4ED026A46EEC77A9DED047AC4ED017A5C
:10AE3000B1EE477A84ED007A07B030BD9955030032
:10AE4000CB560300AC2103003C070020C436002091
:10AE50002DE9FF47002589460223074603AA24213E
:10AE60002846ADF80C5003F063FE9DF80D309DF8B8
:10AE70000C401B0203F47C5344EA030A4FF00C0815
:10AE8000B9FBF8F8C2450646544614D908200EF01E
:10AE9000DDFC48B11A4B4361AAEB0803836103232D
:10AEA000037445748574C574164900234FF4C45265
:10AEB00024F0E5FE444604EB44030C229B00009280
:10AEC0009BB23A462621002003F0CAFE304313D03D
:10AED00008200EF0BBFC48B10B4B43610B4B836168
:10AEE00003230374002343748374C374054900234C
:10AEF0004FF4C25224F0C3FE204604B0BDE8F087F0
:10AF0000B1550300AC21030099550300E856030036
:10AF10002DE9F04F00EB40008400A4B201EB0409DE
:10AF200089B0884617463649022248461E4626F012
:10AF300018FC002862D0334BD3ED006A324B611C01
:10AF400093ED007A01914A460DF1080E0DF1140CB3
:10AF50000023A01D04F1070B111B013311F80BA0F6
:10AF60000D5C45EA0A252DB207EE905A019DF8EED8
:10AF7000E77A4D5D12F8021B67EEA67A41EA0521D9
:10AF800009B2EEEC017A07EE901AF8EEE77A032B9D
:10AF900067EE877AECEC017ADED11C490622404448
:10AFA00026F0DFFB044650B1DDED037A029B7B60A7
:10AFB000F1EE677A049BC7ED007ABB600124144967
:10AFC0000622484626F0CDFBA0B1124BDDED076A04
:10AFD00093ED007ADDED057AC6ED026A46EEC77A9A
:10AFE00044F002049DED067AC6ED017AB1EE477A8F
:10AFF00086ED007A204609B0BDE8F08F1024F9E70D
:10B0000053570300400700203C0700204D57030022
:10B0100047570300C436002008B508200EF016FC80
:10B0200048B1094B4361094B836103230374002337
:10B0300043748374C374064900234FF4C25224F04E
:10B040001EFE4FF0FF3008BD99550300BD560300AA
:10B05000AC21030013B500222B4B01937C21104639
:10B0600022F06EFF04464FF4E17022F096FE0922B2
:10B070004021002022F064FF042204437D210020AF
:10B0800022F05EFF012204432F21002022F058FF0E
:10B0900004230DEB030204433C21002003F05EFD7A
:10B0A000002204435821104622F04AFF0C2253216B
:10B0B0000443002022F044FF0443372022F06FFEB7
:10B0C00040225621002022F03BFF012204437C2134
:10B0D000002022F035FF044313D008200EF0B6FB09
:10B0E00048B10A4B43610A4B836103230374002375
:10B0F00043748374C374074900234FF4C25224F08D
:10B10000BEFD332002B010BD00E040B899550300E9
:10B11000A0560300AC210300154AFF2310B513709D
:10B12000144A137000227D21104622F009FF0122EB
:10B1300004467C21002022F003FF044313D00820A2
:10B140000EF084FB48B10C4B43610C4B836103232D
:10B150000374002343748374C374094900234FF4B8
:10B16000C25224F08CFDBDE81040012022F017BE31
:10B17000BC0C0020BB0C00209955030005570300B0
:10B18000AC2103002DE9F74321210DF1030200203A
:10B1900003F028FD9DF8033003F00703012B05465B
:10B1A00000F0848008200EF051FB48B15E4B4361F3
:10B1B0005E4B836103230374002343748374C3745D
:10B1C00000235B49DFF87C914FF4C85224F057FD0F
:10B1D000B6227E21002022F0B3FE0446022022F097
:10B1E000DEFD00227C21104622F0AAFE0443254306
:10B1F0004FF4E170002422F0D0FD22465921204670
:10B20000ADF8044022F09CFE2746804663118DF87D
:10B21000053001AA02235B2100208DF8047003F0A1
:10B220009DFC09EB0402064640235E21002003F04A
:10B2300095FC40340643B4F5005F48EA0608E5D1C2
:10B2400001225921002022F07BFE58EA000012D092
:10B2500008200EF0FBFA40B1364B4361364B836158
:10B260000323037447748774C774314900234FF470
:10B27000C25224F004FD66249DF8033003F0070356
:10B28000012B16D108200EF0E1FA48B12B4B436197
:10B29000264B836103230374002343748374C374B4
:10B2A000234900234FF4C85224F0E9FC35BB0020A9
:10B2B00016E0013C17D108200EF0C8FA40B1204B2F
:10B2C00043611A4B83610323037444748474C4740C
:10B2D000174900234FF4C25224F0D1FC4FF0FF3045
:10B2E00003B0BDE8F083012022F059FD0DF1030207
:10B2F0002121002003F076FC0543BDE708200EF075
:10B30000A5FA48B10B4B4361084B836103230374D7
:10B31000002343748374C374054900234FF4C2525D
:10B3200024F0ADFCC3E700BFE4550300345703002D
:10B33000AC21030099550300215703003256030046
:10B3400014560300795703002DE9F0432DED048BCB
:10B35000012283B005460E4600204C49F0EE608A7B
:10B36000B0EE419A03F0C2FB00227C21104622F08D
:10B37000E7FD07464FF4E17022F00FFDFFF702FFF3
:10B38000044600287FD102462F2122F0D9FD0DF17D
:10B39000070281463C21204603F024FC9DF807303B
:10B3A0005B00DBB2804643F346008DF80730F5F7CB
:10B3B00041F9374B0022F5F7A7F9F5F77DFC59EA7B
:10B3C000080808EE100A12D008200EF03FFA40B12B
:10B3D000304B4361304B83610323037444748474A2
:10B3E000C4742E4900234FF4C25224F048FCBDEE31
:10B3F000C88A2B4B2B4AB8EEC88A412183ED008ABC
:10B40000FF231370284A1370284B00201A7822F06B
:10B4100097FD274B04461A784321002022F090FD27
:10B42000F0EE490AB0EE680A044331462846FFF7B9
:10B4300059FB3C43002204434821104622F080FD82
:10B44000C02204434921002022F07AFD044313D096
:10B4500008200EF0FBF948B10E4B4361154B836198
:10B4600003230374002343748374C3740B490023C0
:10B470004FF4C25224F003FC04EAE47003B0BDECC4
:10B48000048BBDE8F0834FF0FF30F7E7809698001B
:10B490000000603F9955030012570300AC210300E0
:10B4A000C4360020BC0C0020BB0C0020BD0C0020CA
:10B4B000945B00203E5703002DE9F04FDFF87CB28B
:10B4C000DFF87CA29BF800809AF8007085B04FF4FA
:10B4D0008073B6227E2104460020ADF80C3022F0A5
:10B4E0002FFD8146022022F05AFC00210DF10B02B3
:10B4F000084603F077FB0646C82022F04EFC0022E7
:10B500007C21104622F01CFD00904FF4E17022F0E7
:10B5100044FCFFF737FE0546002840F0FE808022FD
:10B52000772122F00DFD009B46EA09061E43042206
:10B530007D210643284622F003FD0643022022F027
:10B540002EFC04226921284622F0FAFC012206433F
:10B550002F21284622F0F4FC0223064303AA3221BD
:10B56000284603F0FBFA022206437E21284622F0F9
:10B57000E7FC0643C82022F012FC0DF10A02692103
:10B58000002003F02FFB9DF80A30042B46EA00064A
:10B59000F0D000222F21104622F0D2FC0DF10A0239
:10B5A00005463821002003F01DFB054335439DF877
:10B5B0000A60002E4ED008200EF048F940B1584BDA
:10B5C000C0E9053603230374002343748374C374F2
:10B5D000002354494FF4C65224F051FB9DF80A3021
:10B5E000032B11D106200EF031F938B14E4B4361D7
:10B5F00002230374002343748374C37449490023F2
:10B600004FF4865224F03BFB00232370B6227E21A8
:10B61000002022F095FC0543022022F0C0FB00210F
:10B6200008460DF10B0203F0DDFA0543C82022F0B5
:10B63000B4FB9FED3E1A00210846F0EE410AB0EE41
:10B64000410AFFF781FEB8F1000F28D17FBB082324
:10B650003A463AE00323621C7821304603F068FA48
:10B660006278A37894F80390019205430A2000932E
:10B670000EF0ECF858B1009B2D49019A4161C0E9E8
:10B68000073905238261037446748674C6740023E7
:10B6900024494FF4235224F0F2FA0123B5E748F08D
:10B6A000A0024021002022F04BFC05439FB347F04D
:10B6B000E0024221002022F043FCB8F1000F45EAED
:10B6C00000050CBF08230C2302221A437D21002011
:10B6D00022F036FC28438BF800808AF8007013D0E3
:10B6E00008200EF0B3F848B1124B4361124B83614E
:10B6F00003230374002343748374C3740949002330
:10B700004FF4C25224F0BBFA2078B0FA80F040091E
:10B7100005B0BDE8F08F0C239AE74FF0FF30F7E754
:10B7200047560300AC2103006056030000000000F0
:10B730007B5603009955030098560300BC0C00206B
:10B74000BB0C00204FF083430360014B0B6070473C
:10B750000000FA4413B5062304466A461F21002060
:10B7600003F0E6F998B108200EF070F848B1144BD8
:10B770004361144B83610323037400234374837474
:10B78000C374114900234FF4C25224F078FA9FED9C
:10B790000F7A6A46204604F10C011478537843EA84
:10B7A00004231BB207EE903AF8EEE77A023267EE16
:10B7B000877AE0EC017A8142EFD102B010BD00BF80
:10B7C00099550300B2770300C42103000000003A3A
:10B7D00013B5062304466A462521002003F0A8F984
:10B7E00098B108200EF032F848B1144B4361144B65
:10B7F000836103230374002343748374C374114966
:10B8000000234FF4C25224F03AFA9FED0F7A6A46B1
:10B81000204604F10C011478537843EA04231BB248
:10B8200007EE903AF8EEE77A023267EE877AE0ECBC
:10B83000017A8142EFD102B010BD00BF99550300DB
:10B84000A4770300C421030000007A3D2DE9FF41E5
:10B85000002588460223074603AA2E212846ADF874
:10B860000C5003F065F9BDF80C305BBA9BB207EEE3
:10B87000903A264BF8EEE77A93ED007A47EE877A16
:10B880000646FCEEE77A17EE903A9CB21423B8FB1A
:10B89000F3F8444514D908200DF0D8FF48B11C4BEB
:10B8A0004361A4EB08040323846103744574857425
:10B8B000C574184900234FF4C45224F0E0F94446FB
:10B8C00004EB840314229B0000929BB23A46302181
:10B8D000002003F0C5F9304313D008200DF0B6FF67
:10B8E00048B10D4B43610D4B836103230374002367
:10B8F00043748374C374074900234FF4C25224F085
:10B90000BEF9204604B0BDE8F08100BFC836002073
:10B91000B1550300C421030099550300C17703000A
:10B920002DE9F04700EB80008400A4B21F460B5DB8
:10B930007E2B884616466BD804F1010989440622FD
:10B940003449484625F00DFF0546E0B104F11100E9
:10B9500049464044354606F10C0C4B7810F8012B53
:10B9600091F800E01B04120243EA0E6302F47042F5
:10B97000134307EE903AF8EEE77A0231E5EC017AEC
:10B98000AC45EAD10125E01D08EB000A2149062259
:10B99000504625F0E6FEA0B3113408EB04015046F2
:10B9A0003C4607F10C0C437811F8012B90F800E0AD
:10B9B0001B04120343EA0E6392B2134307EE903A5C
:10B9C000F8EEE77A0230E4EC017AA445EBD145F0D9
:10B9D0000205DFED116A9FED117A324606F10C0384
:10B9E000D2ED007A67EEA67AE2EC017AD7ED007A22
:10B9F00067EE877A9342E7EC017AF1D12846BDE8F9
:10BA0000F08704490622484625F0ABFE0028E0D125
:10BA10001025F3E7F47703000000003200007A35C8
:10BA200008B508200DF012FF48B1094B4361094BDE
:10BA3000836103230374002343748374C37406492E
:10BA400000234FF4C25224F01AF94FF0FF3008BD22
:10BA50009955030096770300C421030013B5022310
:10BA6000044601AA1D21002003F062F818B1FFF777
:10BA7000D7FF02B010BDBDF80430DFED086ADBBAB5
:10BA800007EE903AF8EEE77A87EEA67AF3EE097AB7
:10BA900077EE277AC4ED007AEBE700BFE17A044342
:10BAA00010B508200DF0D2FE48B1094B4361094B97
:10BAB000836103230374002343748374C374BDE858
:10BAC0001040054900234FF4C25224F0D8B800BFFB
:10BAD0009955030087770300C42103002DE9F0473F
:10BAE0002DED028B824BB5EEC00AF1EE10FA93ED0C
:10BAF000007A07460E4640F2C380DFED7E7AB4EE50
:10BB0000670AF1EE10FA00F0BB8060EE077ADFED15
:10BB10007A6A7A4A67EEA67A0123FDEEE77A104642
:10BB200032F8021F002900F09E8017EE904AA142D1
:10BB300000F3998001330D2BF2D14FF0000803225E
:10BB4000F5EEC00AF1EE10FAC0EE078A40F2AA80C4
:10BB5000DFED687AF4EE670AF1EE10FA00F0A780E4
:10BB600060EE877ADFED646A644967EEA67A0123A6
:10BB7000FDEEE77A0D4631F8020F002800F08680CE
:10BB800017EE904AA04200F3818001330D2BF2D1D1
:10BB900000240321DFF884A1DFF884919AF80030B3
:10BBA000434580EE878A04D199F80000A04200F056
:10BBB0009C80FF2B14D099F80000FF2810D0003B88
:10BBC00018BF0123B8F1000518BF0125AB4207D10A
:10BBD000003818BF0120231E18BF0123984269D0E6
:10BBE00042EA810200204E2122F0AAF90546FA20FD
:10BBF00025F05FFC4246502100208AF8008089F839
:10BC0000004022F09DF9224605434F21002022F0FA
:10BC100097F9054313D008200DF018FE48B1384BB2
:10BC20004361384B8361032303740023437483749B
:10BC3000C374354900234FF4C25224F020F8F5EEC6
:10BC4000408AF1EE10FAC7ED008AB5EE408A86ED23
:10BC5000008A31D1F1EE10FA37D02C4B93ED007AF7
:10BC6000C7EE087A39E0013B294A12F8038030F820
:10BC7000133007EE903AF8EEE77A87EEA60A5EE711
:10BC80009FED240A4FF00008012259E7013B2049AB
:10BC9000CC5C35F8133007EE903AF8EEE77AC7EE51
:10BCA000A68A76E700242146DFED1A0A72E700240F
:10BCB0000121F9E700259DE7F1EE10FA05D1134BBC
:10BCC00093ED007AC7EE287A07E0F4EEC88AF1EE29
:10BCD00010FAF4D4C1DCDFED0F7A0F4B0020C3ED76
:10BCE000007ABDEC028BBDE8F0870120F9E700BFC8
:10BCF000480700200000807F0000FA46823C0300D5
:10BD000099550300CF770300C421030044070020A6
:10BD10000378030000000000C8360020BF0C00209C
:10BD2000BE0C002013B52D210DF10702002002F0FA
:10BD300059FF002204466521104622F001F927220E
:10BD400004435021002022F0FBF8022204434E213C
:10BD5000002022F0F5F800224D210443104622F085
:10BD6000EFF80443012022F057F804227621002046
:10BD700022F0E6F8082204434A21002022F0E0F8ED
:10BD8000082204434B21002022F0DAF808224C213B
:10BD90000443002022F0D4F80443012022F03CF8B0
:10BDA00000227621104622F0CBF8072266210443B8
:10BDB000002022F0C5F80443322022F02DF80122A1
:10BDC0005721002022F0BCF8044313D008200DF0C6
:10BDD0003DFD48B1094B4361094B83610323037463
:10BDE000002343748374C374064900234FF4C25282
:10BDF00023F045FF332002B010BD00BF995503006A
:10BE000079770300C4210300F8B500222DED048BDF
:10BE100006460F4610463C49B0EE408AF0EE608A76
:10BE2000B0EE419A02F062FE9FED387ADFED387A8B
:10BE3000384B002808BFF0EE477AC3ED007A402364
:10BE40001A464C21002002F0E3FEB5EEC08AF1EE66
:10BE500010FA044621DD9FED307A304BC8EE077AA8
:10BE6000012276210020C3ED007A22F069F8042235
:10BE700005467B21002022F063F80022054376214D
:10BE8000104622F05DF82543042305431A464D2150
:10BE9000002002F0BDFE45EA0004214AFF23137092
:10BEA000204AF0EE490AB0EE680A3946304613706F
:10BEB000FFF714FE0443012021F0AEFF10225F21A2
:10BEC000002022F03DF8402204431621002022F0F9
:10BED00037F8044313D008200DF0B8FC48B1124BDA
:10BEE0004361124B836103230374002343748374FF
:10BEF000C3740F4900234FF4C25223F0C0FEBDECBF
:10BF0000048B04EAE470F8BD00366E0117B7D1382F
:10BF1000A69B443A440700200000FA464807002048
:10BF2000BF0C0020BE0C002099550300EB770300E6
:10BF3000C4210300124A08B5FF231370114A1121CE
:10BF400013700020012221F0FBFF98B108200DF0B2
:10BF50007DFC48B10C4B43610C4B8361032303749C
:10BF6000002343748374C374094900234FF4C252FD
:10BF700023F085FEBDE80840012021F04DBF00BF41
:10BF8000BF0C0020BE0C002099550300DE77030093
:10BF9000C42103004FF084430360014B0B607047E2
:10BFA00000007A457FB519210DF10702002002F04B
:10BFB00019FE002204461621104621F0C1FF282256
:10BFC00004431B21002021F0BBFF02220443102167
:10BFD000002021F0B5FF002548F2A5130443ADF879
:10BFE000083002AA03237C2128468DF80A5002F06B
:10BFF000B5FD0826174B0293044305230DEB0602FB
:10C000007C2128468DF80C6002F0A8FD1422044320
:10C010002321284621F094FF0E22044317212846AD
:10C0200021F08EFF044312D030460DF00FFC40B1DA
:10C03000094B4361094B8361032303744574857481
:10C04000C574074900234FF4C25223F018FE332071
:10C0500004B070BDA27E080899550300197A030048
:10C06000CC21030013B50021044606236A46084686
:10C0700002F05EFD98B108200DF0E8FB48B1144BCA
:10C080004361144B8361032303740023437483745B
:10C09000C374114900234FF4C25223F0F0FD9FED09
:10C0A0000F7A6A46204604F10C011478537843EA6B
:10C0B00004231BB207EE903AF8EEE77A023267EEFD
:10C0C000877AE0EC017A8142EFD102B010BD00BF67
:10C0D000995503005A7A0300CC2103000000003A6E
:10C0E00013B5062304466A461946002002F020FDD7
:10C0F00098B108200DF0AAFB48B1144B4361144BD2
:10C10000836103230374002343748374C37411494C
:10C1100000234FF4C25223F0B2FD9FED0F7A6A461E
:10C12000204604F10C011478537843EA04231BB22F
:10C1300007EE903AF8EEE77A023267EE877AE0ECA3
:10C14000017A8142EFD102B010BD00BF99550300C2
:10C150004A7A0300CC21030000007A3D2DE9F04724
:10C1600000EB80008400A4B21F460B5D702B884654
:10C1700016460CD13E4B1B68002B77D0601CDB6948
:10C180000899404498470C252846BDE8F087782B4D
:10C1900001D01025F8E704F1010989440622354948
:10C1A000484625F0DEFA0546E0B104F111004946A3
:10C1B0004044354606F10C0C4B7810F8012B91F8F1
:10C1C00000E01B04120243EA0E6302F470421343C0
:10C1D00007EE903AF8EEE77A0231E5EC017AAC45E9
:10C1E000EAD10125E01D08EB000A2249062250464B
:10C1F00025F0B7FA90B3113408EB040150463C46E1
:10C2000007F10C0C437811F8012B90F800E01B04A7
:10C21000120343EA0E6392B2134307EE903AF8EE2C
:10C22000E77A0230E4EC017AA445EBD145F002054F
:10C23000DFED116A9FED117A324606F10C03D2ED63
:10C24000007A67EEA67AE2EC017AD7ED007A67EE23
:10C25000877A9342E7EC017AF1D195E70549062206
:10C26000484625F07EFA0028E2D192E708258BE7C0
:10C27000CC360020967A0300000080320000FA35A8
:10C2800010B508200DF0E2FA48B1094B4361094BA3
:10C29000836103230374002343748374C374BDE870
:10C2A0001040054900234FF4C25223F0E8BC00BF00
:10C2B00099550300297A0300CC21030008B5082012
:10C2C0000DF0C4FA48B1094B4361094B8361032364
:10C2D0000374002343748374C374064900234FF42A
:10C2E000C25223F0CCFC4FF0FF3008BD995503003B
:10C2F0003A7A0300CC2103002DE9F0472DED028BA3
:10C30000834BB5EEC00AF1EE10FA93ED007A0746C2
:10C310000E4640F2C580DFED7F7AB4EE670AF1EE9B
:10C3200010FA00F0BD8060EE077ADFED7B6A7B4A91
:10C3300067EEA67A0123FDEEE77A104632F8021F77
:10C34000002900F0A08017EE904AA14200F39B80E4
:10C3500001330B2BF2D14FF000080322F5EEC00A97
:10C36000F1EE10FAC0EE078A40F2AC80DFED697A98
:10C37000F4EE670AF1EE10FA00F0A98060EE877A19
:10C38000DFED656A654967EEA67A0123FDEEE77A7F
:10C390000D4631F8020F002800F0888017EE904A11
:10C3A000A04200F3838001330B2BF2D10024032140
:10C3B000DFF888A1DFF888919AF80030434580EED5
:10C3C000878A04D199F80000A04200F09E80FF2BDC
:10C3D00014D099F80000FF2810D0003B18BF0123AB
:10C3E000B8F1000518BF0125AB4207D1003818BFCE
:10C3F0000120231E18BF012398426BD042EA81021C
:10C400000020102121F09CFD0546FA2025F051F86E
:10C4100048F010021B2100208AF8008089F80040B3
:10C4200021F08EFD44F0100205431C21002021F074
:10C4300087FD054313D008200DF008FA48B1384BAA
:10C440004361384B83610323037400234374837473
:10C45000C374354900234FF4C25223F010FCF5EEAB
:10C46000408AF1EE10FAC7ED008AB5EE408A86EDFB
:10C47000008A31D1F1EE10FA37D02C4B93ED007ACF
:10C48000C7EE087A39E0013B294A12F8038030F8F8
:10C49000133007EE903AF8EEE77A87EEA60A5CE7EB
:10C4A0009FED240A4FF00008012257E7013B204985
:10C4B000CC5C35F8133007EE903AF8EEE77AC7EE29
:10C4C000A60A74E700242146DFED1A0A70E700246B
:10C4D0000121F9E700259BE7F1EE10FA05D1134B96
:10C4E00093ED007AC7EE287A07E0F4EEC88AF1EE01
:10C4F00010FAF4D4C1DCDFED0F7A0F4B0020C3ED4E
:10C50000007ABDEC028BBDE8F0870120F9E700BF9F
:10C51000500700200000807F0000C8459C3C0300BD
:10C52000995503006B7A0300CC2103004C070020CF
:10C53000A57A030000000000D0360020C10C0020C6
:10C54000C00C0020F0B52DED048B002283B0054611
:10C550000E4610464E49B0EE408AF0EE608AB0EECC
:10C56000419A02F0C3FADFED4B7A9FED4B7A4B4BC9
:10C570000028B5EEC08A08BFF0EE477AF1EE10FA57
:10C58000C3ED007A40F381809FED457A454BC8EEBC
:10C59000077A062231210020C3ED007A21F0D0FC79
:10C5A000202304461A462621002002F031FB0443D2
:10C5B00043F6A023ADF80430912301AA7C218DF825
:10C5C00006300020032302F0C9FA0443042021F0BE
:10C5D00064FC3B238DF80530242301AA7C218DF8CF
:10C5E00006300020032302F0B9FA0443042021F0AE
:10C5F00054FC46F2A27301AA7C21ADF80430022754
:10C60000032300208DF8067002F0A8FA04430420EA
:10C6100021F043FC244AFF231370244AF0EE490A18
:10C62000B0EE680A314628461370FFF765FE872290
:10C6300004431D21002021F083FC0F22044321210B
:10C64000002021F07DFC3A4604431821002021F00F
:10C6500077FC044313D008200DF0F8F848B1144BD0
:10C660004361144B83610323037400234374837475
:10C67000C374114900234FF4C25223F000FB04EAB3
:10C68000E47003B0BDEC048BF0BD002490E700BF64
:10C6900000366E01A69B443A17B7D1384C070020EC
:10C6A0000000FA4650070020C10C0020C00C0020FA
:10C6B000995503008B7A0300CC210300334AFF23F2
:10C6C0002DE9F3411370324A324E13707F2102225A
:10C6D000002021F035FC304A304F314D00231370DB
:10C6E000304A1370304A044613700DF107021921C5
:10C6F000002002F077FA044320D008200DF0A6F8BD
:10C7000048B12A4B4361254B836103230374002303
:10C7100043748374C374224900234FF4C25223F03C
:10C72000AEFA08200DF092F828BB1D4900234FF403
:10C73000C25223F0A4FA02B0BDE8F0819DF907309F
:10C74000002BF8DB0A2021F0A8FB08209DF80780C9
:10C750000DF07CF840B1C0E905670423C0F81C80E7
:10C76000037444748474C47400234FF4045229463F
:10C7700023F085FAB9E70E4B4361084B836103232D
:10C780000374002343748374C374CEE7C10C002088
:10C79000C00C002040780300975B00207C7A0300E7
:10C7A000CC210300965B0020955B00200F780300EE
:10C7B00099550300F7B516461C46BBB908200DF085
:10C7C00045F840B11A4B43611A4B8361032303744C
:10C7D00044748474C474184900234FF4C25223F083
:10C7E0004EFA4FF0FF35284603B0F0BD17468DF8DE
:10C7F000040017F8013B8DF805108DF8063001AAEA
:10C8000003237C21002002F0A9F90546042021F031
:10C8100044FB2644B742E6D017F8012B7E210020C6
:10C8200021F08EFB0543042021F037FBF2E700BF27
:10C830006E780300087A0300CC21030073B5154617
:10C840001C46BBB908200DF001F840B1174B4361FD
:10C85000174B83610323037444748474C4741549AF
:10C8600000234FF4C25223F00AFA4FF0FF3630464D
:10C8700002B070BD8DF804008DF80510022301AAE6
:10C880007C21002002F06AF90646042021F005FB15
:10C890002C442A467E21002002F0A4F901350643EB
:10C8A000042021F0FAFAA542F3D1E0E78A780300E8
:10C8B000F8790300CC2103002DE9F043002485B072
:10C8C000022307460D4602AA19212046ADF808406A
:10C8D00002F02EF94C4B1968064619B19DF8093043
:10C8E0009A0665D44FF000099DF808309B075BD588
:10C8F0004FF00008022303AA12214046ADF80C8035
:10C9000002F016F9BDF80C305BBA9BB207EE903A14
:10C910003E4BF8EEE77A93ED007A47EE877A0643CE
:10C92000FCEEE77A17EE903A9CB21423B5FBF3F5D0
:10C93000AC4216D908200CF089FF58B1344B436142
:10C94000641B03238461037480F8118080F81280D3
:10C9500080F813802F4900234FF4C45223F08FF93D
:10C960002C4604EB840314219B009BB200913A46B1
:10C97000002002F075F9304313D008200CF066FF58
:10C9800048B1254B4361254B836103230374002386
:10C9900043748374C3741F4900234FF4C25223F0BD
:10C9A0006EF94C441FFA84F9484605B0BDE8F0839F
:10C9B000132D15D93A46702302F8013B91F8223025
:10C9C00091F8210003F11B01C9B20344A220FFF733
:10C9D00035FF143D06431437ADB24FF0010983E72C
:10C9E00008200CF033FF38B10D4B4474C0E9053515
:10C9F000032303748474C474064900234FF4C4529F
:10CA000023F03DF96EE700BFCC360020D036002081
:10CA1000B1550300CC21030099550300B3790300FD
:10CA2000A578030073B5124E3378834205460C4651
:10CA30000FD08DF804108DF80500022301AA0E21F5
:10CA4000A220FFF7B7FE10B90A4B35701C7002B078
:10CA500070BD084D2B788B4207D00A46A2200E21CC
:10CA600021F01DFA0028F2D12C700020EFE700BF62
:10CA7000965B0020955B0020F7B5414B1F78022F95
:10CA800004460E46154614D008200CF0DFFE50B1C7
:10CA90003C4B43613C4BC0E906370423037400233D
:10CAA00043748374C374394900234FF4015223F053
:10CAB000E6F8062D17D908200CF0C8FE48B1344B13
:10CAC0004361314B836103230374002343748374F4
:10CAD000C37400234FF4C2522C4923F0D0F84FF016
:10CAE000FF3003B0F0BD2B4B20461978FFF79AFFBB
:10CAF0002B46044632463321A220FFF75BFEA5F108
:10CB000080020443D2B20621A22021F0C8F90122FA
:10CB100004431621A22021F0C2F9002304438DF81A
:10CB200006300DF106021821A22021F0C3F99DF86C
:10CB3000065015F0010644EA0004F2D1022D11D08E
:10CB400008200CF083FE48B1134B43610E4B467432
:10CB5000C0E90635042303748674C67400234FF4B9
:10CB60000152B9E70DF107021A21A22021F0A2F922
:10CB70009DF80730DB0740EA0400B0D4B1E700BFFE
:10CB8000975B0020DC780300E8790300CC210300E8
:10CB900014790300955B00202A7903002DE9F34105
:10CBA000012A089E04460F461D4602D1731E0E2B15
:10CBB00018D908200CF04AFE48B13F4B43613F4B67
:10CBC000836103230374002343748374C3740023B9
:10CBD0004FF4C2523A4923F052F84FF0FF3002B0FE
:10CBE000BDE8F081374B93F80080B8F1020F14D004
:10CBF00008200CF02BFE50B1334B43612F4BC0E9A2
:10CC0000063804230374002343748374C3742C49CB
:10CC100000234FF4015223F032F839782046FFF711
:10CC200001FFA6F170020446D2B20621A22021F033
:10CC300036F9012204431621A22021F030F9002305
:10CC400004438DF806300DF106021821A22021F0D0
:10CC500031F99DF8067017F0010844EA0004F2D19A
:10CC6000022F14D008200CF0F1FD60B1174B436186
:10CC7000124B80F81180C0E906370423037480F852
:10CC8000128080F8138000234FF40152A2E70DF1C7
:10CC900007021A21A22021F00DF99DF80730DB07C9
:10CCA00044EA000499D433462A461B21A220FFF708
:10CCB000C5FD204393E700BF3F790300D37903000C
:10CCC000CC210300975B00205A7903002A790300E6
:10CCD0002DE9F041504B174600228AB005468846A0
:10CCE0001A6004282ED8DFE800F00320222D31003E
:10CCF00001223021002021F023F9044614B308203A
:10CD00000CF0A4FD50B1454B4361454BC0E90634DE
:10CD100004230374002343748374C37441490023C0
:10CD20004FF4015222F0ABFF1BE01B22E1E7172278
:10CD30003021002021F004F904460028DFD13A48D0
:10CD400001F0EAFE394B00241D700AE091F8214001
:10CD5000196091F822301C44E4B20F2C05D94FF031
:10CD6000FF3420460AB0BDE8F081172230210020B0
:10CD700021F0E6F898F8231006463846FFF752FEF1
:10CD800044F0900206430621A22021F088F84022B8
:10CD900006431621A22021F082F8DFF894C06746EE
:10CDA00040EA06040FCF02AE0FC697E80F0086E8F0
:10CDB0000F00DCF82000DCF824106B4603C3D8F821
:10CDC0000C309847002602ABF3EC017AF4EEC07AFF
:10CDD000F1EE10FA02D90136082EF5D102227421A3
:10CDE000A22021F05CF806F128030DEB03060443B2
:10CDF00016F8282CD20042F0400202F0F802272157
:10CE0000002021F09DF8202204431721002021F06A
:10CE100097F8044372E700BFCC36002097790300EF
:10CE2000C3790300CC21030004270300975B002093
:10CE30000424030030B5C0EBC00080B20C5CE408F1
:10CE4000012C1CD0022C35D101301B4C014402F1C5
:10CE50000C004D7811F8023B43EA05231BB207EEA4
:10CE6000903AF8EEE77A60ED017A94ED007A67EE99
:10CE7000277A8242C0ED007AEBD1012030BD01302B
:10CE80000E4C014403F10C004D7811F8022B42EADC
:10CE9000052212B207EE902AF8EEE77AC3ED007A87
:10CEA00094ED007A67EE277AE3EC017A9842EBD1B1
:10CEB0000220E3E71020E1E7600700205C07002084
:10CEC00037B5062304466A462821002001F030FECB
:10CED00098B108200CF0BAFC48B1154B4361154BD2
:10CEE000836103230374002343748374C37412495E
:10CEF00000234FF4C25222F0C2FE10486A4604F1E9
:10CF00000C01557812F8023B43EA05231BB207EEE9
:10CF1000903AF8EEE77A61ED017A90ED007A67EEEB
:10CF2000277A8C42C1ED007AEBD103B030BD00BF4F
:10CF300099550300AF7A0300D42103006007002055
:10CF4000B5EEC00AF1EE10FA10B5F5EEC00A75D4D0
:10CF5000F2EE007AF1EE10FAB4EEE70A48BFDFED28
:10CF60003B0AF1EE10FA5DD8F1EE007AB4EEE70A72
:10CF7000F1EE10FA58D8F0EE007AB4EEE70AF1EECE
:10CF800010FA53D8B5EEC00AF1EE10FA0CD904230A
:10CF90002F4A013BD45C2F4A14702F4A32F81330C9
:10CFA00000EE103AB8EE400ADFED2C7AF4EEE70A14
:10CFB000F1EE10FA3CD8DFED2A7AF4EEE70AF1EE52
:10CFC00010FA37D8DFED277AF4EEE70AF1EE10FA1F
:10CFD00032D8F5EEC00AF1EE10FA0CD90423224A39
:10CFE000013BD45C214A1470214A32F8133000EE20
:10CFF000903AF8EE600ADFED1F7A1F4BDFED1F6AF3
:10D0000060EE277AC3ED007ADFED1D7A1D4B60EEEE
:10D01000A77A87EEA67A83ED007A80ED000AC1ED4B
:10D02000000A10BD0123B3E70223B1E70323AFE7F2
:10D030000123D4E70223D2E70323D0E7F1EE10FA6D
:10D040009FED020AB0D5F0EE400AD4E700000000E0
:10D050003C7B0300C30C0020D23C030000007A4458
:10D060000000FA4300007A43387B0300C20C002022
:10D07000C83C030000000038600700200024744909
:10D0800000000C425C07002030B5C0EBC00080B24D
:10D090000C5C013004BB1E4C2478012C02D11D4CC9
:10D0A0002478DCB11C4C014403F10C004D7811F8DC
:10D0B000022B42EA052212B207EE902AF8EEE77A36
:10D0C000C3ED007A94ED007A67EE277AE3EC017AFB
:10D0D0009842EBD1022030BD012CE0D10F4C01442D
:10D0E00002F10C004D7811F8023B43EA05231BB214
:10D0F00007EE903AF8EEE77AC2ED007A94ED007A06
:10D1000067EE277AE2EC017A9042EBD10120E2E768
:10D11000995B0020985B00205C07002060070020DE
:10D120002DE9F04F2DED028BB5EEC00A85B0F1EE82
:10D1300010FACDE90101F0EE408AB0EE608A3CD9E8
:10D14000DFED9E7AB4EE670AF1EE10FA35D09FED6E
:10D150009C7A9C4A60EE077A0123FDEEE77A10463E
:10D1600032F8021FE9B117EE904AA14219DC0133EF
:10D170000B2BF5D10023B5EEC08AF1EE10FA40F288
:10D18000FB80DFED8E7AB4EE678AF1EE10FA18D1EB
:10D190008D4A92F8008040274FF080099FED8B8ADE
:10D1A00028E05A1E8A4B9B5C30F8122007EE902A2A
:10D1B000F8EEE77AC7EE878ADDE7DFED848A0023A1
:10D1C000D9E79FED7F7A7F4968EE077A0122FDEE6D
:10D1D000E77A0C4631F8020F002800F0BF8017EE06
:10D1E000905AA84200F3BA8001320B2AF2D10027EC
:10D1F000B846B946DFF8F8B173489BF80020DFF86D
:10D20000F4E1DFF8F4C15AB99EF800204A4507D18D
:10D210009CF800209A4203D10278424500F0CB806E
:10D2200043459A4638BFC246AAEB0805C5F3071521
:10D23000052D00F2A580012D8CBF02350135EDB220
:10D24000AAEB0304C4F30714052C00F29B80012C05
:10D250008CBF02340134E4B2F4EEC88AF1EE10FA65
:10D2600040F19280F5EE408AF1EE10FA14BFC8EE5C
:10D27000287A01214FF000021FBFB6EE007A77EE48
:10D28000877AFCEEE77ACDED037A18BF9DF80C1093
:10D2900080F800804F488CF8003002704E4A8EF8BB
:10D2A000009011704D4A127800261A431021304622
:10D2B0008BF8006020F044FE32468346152130464C
:10D2C00020F03EFE464B1A784BEA000B48EA020279
:10D2D0001121304620F034FE4A464BEA0008162160
:10D2E000304620F02DFE3A4648EA00081321304629
:10D2F00020F026FE44EAC50248EA0008D2B208211E
:10D30000304620F01DFE4FEA5A0248EA000442F07F
:10D3100006020A21304620F013FE044312D00820F2
:10D320000CF094FA40B12F4B43612F4B83610323E0
:10D33000037446748674C6742C4900234FF4C25299
:10D3400022F09DFC019BC3ED008A029B002083ED2F
:10D35000008A05B0BDEC028BBDE8F08F013A1C4994
:10D3600011F8028034F8122007EE902AF8EEE77ADE
:10D37000002787EE878A3CE70027B846B9460DE7C5
:10D3800000255DE7002467E7B5EE408AF1EE10FA6C
:10D3900014BFC8EE887A01214FF001021FBFB6EE1C
:10D3A000007A77EE877AFCEEE77ACDED037A18BF44
:10D3B0009DF80C106CE70120CBE700BF0000807FD8
:10D3C00000409C46B23C0300C60C00200000000058
:10D3D0002E7B0300985B0020995B0020C30C00208B
:10D3E000C20C002099550300067B0300FC210300BA
:10D3F000C90C0020C80C0020C70C002070B500220A
:10D400002DED028B05460E4610462549B0EE608A8A
:10D41000F0EE418A01F06AFB74221221002020F014
:10D420008FFD044698B108200CF010FA48B11D4B4E
:10D4300043611D4B8361032303740023437483748E
:10D44000C3741A4900234FF4C25222F018FC184A40
:10D45000FF231370174A31462846F0EE680AB0EEF3
:10D46000480A1370FFF75CFE044313D008200CF049
:10D47000EDF948B10B4B43610B4B836103230374FC
:10D48000002343748374C374084900234FF4C252C9
:10D4900022F0F5FBBDEC028B04EAE47070BD00BF26
:10D4A0008096980099550300197B0300FC21030026
:10D4B000C70C0020C60C00202DE9F74F0026894636
:10D4C0000223804601AA3A213046019601F030FB42
:10D4D0009DF805309DF804401B0203F4E0631C43F3
:10D4E0004FF0030A0727B4FBFAF4B9FBF7F7BC4285
:10D4F000054613D908200CF0A9F940B13B4B436114
:10D50000E41B846180F810A046748674C6743849A0
:10D5100000234FF4C45222F0B2FB3C46DFF8DCB0EB
:10D5200008F101064FF000094FF0020A4C4518DCE3
:10D530009DB108200CF08AF948B12E4B43612E4B67
:10D54000836103230374002343748374C3742849E1
:10D5500000234FF4C25222F092FB204603B0BDE8F4
:10D56000F08F022301AA3C21002001F0E1FA9DF88E
:10D5700005309DF804701B0203F440731F4345EA15
:10D5800000080325B7FBF5F505EB45057D1BADB29E
:10D59000DDB106200CF05AF938B10023C0F814B000
:10D5A00080F810A043748374C374114900234FF4AE
:10D5B000845222F064FB6B0001AA3E21002001F09E
:10D5C000B7FA013C48EA0008A4B203233246B7FB8D
:10D5D000F3F73E2106F8017C0623002001F0A8FAAB
:10D5E00009F1010948EA000507369FE7B155030034
:10D5F000FC21030099550300F47A0300BE7A03006E
:10D6000013B51A4B1A788318013B93FBF2F30344CA
:10D6100003EB43039BB28DF80430C3F302238DF870
:10D62000053001AA02230621002001F097FA082202
:10D6300004460D21002020F083FC044313D0082071
:10D640000CF004F948B10A4B43610A4B8361032390
:10D650000374002343748374C374074900234FF495
:10D66000C25222F00CFB332002B010BD995B0020A7
:10D6700099550300E17A0300FC21030010B55C22F8
:10D680001021002020F05CFC10220446152100200F
:10D6900020F056FC742204431721002020F050FC97
:10D6A000102204435821002020F04AFC01220443A8
:10D6B0005B21002020F044FC044300214FF4C5709E
:10D6C0001DF05AFE90225821002020F039FC202223
:10D6D00004435E21002020F033FC30220443122159
:10D6E000002020F02DFC044313D008200CF0AEF8ED
:10D6F00048B1094B4361094B836103230374002341
:10D7000043748374C374064900234FF4C25222F059
:10D71000B6FA332010BD00BF99550300CF7A03003D
:10D72000FC210300B5EEC00AF1EE10FA10B5F5EEDB
:10D73000C00A75D4F2EE007AF1EE10FAB4EEE70A00
:10D7400048BFDFED3B0AF1EE10FA5DD8F1EE007A4A
:10D75000B4EEE70AF1EE10FA58D8F0EE007AB4EE23
:10D76000E70AF1EE10FA53D8B5EEC00AF1EE10FA5E
:10D770000CD904232F4A013BD45C2F4A14702F4A42
:10D7800032F8133000EE103AB8EE400ADFED2C7A92
:10D79000F4EEE70AF1EE10FA3CD8DFED2A7AF4EE67
:10D7A000E70AF1EE10FA37D8DFED277AF4EEE70A50
:10D7B000F1EE10FA32D8F5EEC00AF1EE10FA0CD9FB
:10D7C0000423224A013BD45C214A1470214A32F8D6
:10D7D000133000EE903AF8EE600ADFED1F7A1F4B2F
:10D7E000DFED1F6A60EE277AC3ED007ADFED1D7A68
:10D7F0001D4B60EEA77A87EEA67A83ED007A80ED66
:10D80000000AC1ED000A10BD0123B3E70223B1E70E
:10D810000323AFE70123D4E70223D2E70323D0E7B2
:10D82000F1EE10FA9FED020AB0D5F0EE400AD4E70F
:10D8300000000000AC7B0300C50C0020FC3C030092
:10D8400000007A440000FA4300007A43A87B0300FA
:10D85000C40C0020F23C03000000003860070020E8
:10D860000024744900000C425C0700202DE9F84FA9
:10D870002DED028B714BB5EEC00AF1EE10FA93ED6F
:10D88000007A07460E4643D9DFED6D7AB4EE670A9B
:10D89000F1EE10FA3CD060EE077ADFED6A6A6A4A70
:10D8A00067EEA67A0123FDEEE77A104632F8021FF2
:10D8B00009B317EE904AA1421DDC01330B2BF5D1C1
:10D8C0004FF00009F5EEC00AF1EE10FAC0EE078A3B
:10D8D00040F2AD80DFED5A7AF4EE670AF1EE10FA0D
:10D8E0001BD15A4B93F800804FF0400A4FF0800B49
:10D8F000DFED570A2BE0013B564A12F8039030F84F
:10D90000133007EE903AF8EEE77A87EEA60AD9E7E9
:10D910009FED4F0A4FF00009D4E760EE877ADFED04
:10D92000496A494A67EEA67A0123FDEEE77A104676
:10D9300032F8021F00296BD017EE904AA14267DC33
:10D9400001330B2BF4D14FF0000AD046D3464248A6
:10D950003E4B04784149424A80EE878A44B90C78AC
:10D960005C4505D114784C4502D11C78444563D000
:10D9700083F800803B4B82F800901A7881F800B061
:10D980000025057049EA02021021284620F0D8FA45
:10D990002A4604461521284620F0D2FA324B1A783E
:10D9A000044348EA02021121284620F0C9FA5A46E7
:10D9B00004431621284620F0C3FA5246044313219B
:10D9C000284620F0BDFA48EA1912044309212846E6
:10D9D00020F0B6FA044312D008200BF037FF40B114
:10D9E000224B4361224B8361032303744574857486
:10D9F000C574204900234FF4C25222F040F9C7ED0C
:10DA0000008A002086ED008ABDEC028BBDE8F88F0D
:10DA1000013B104A12F8038030F8133007EE903AB9
:10DA2000F8EEE77A4FF0000AC7EEA60A8EE74FF04D
:10DA3000000AD046D3465BE70120E5E75407002003
:10DA40000000807F00409C46DC3C0300C60C0020A8
:10DA5000000000009E7B0300C90C0020C80C0020C1
:10DA6000C70C0020C50C0020C40C002099550300F1
:10DA7000767B030004220300F0B52DED028B00221B
:10DA800083B006460F4610463349B0EE608AF0EE8A
:10DA9000418A01F02BF874221221002020F050FA64
:10DAA000054698B108200BF0D1FE48B12B4B4361DD
:10DAB0002B4B836103230374002343748374C37467
:10DAC000284900234FF4C25222F0D9F8264AFF23F6
:10DAD0001370264A6321137000200DF1070201F034
:10DAE00081F89DF90730DFED226A07EE103AB8EEB3
:10DAF000C77AF7EE007A47EE267A1E4B044639467F
:10DB0000F0EE680AB0EE480A3046C3ED007AFFF73F
:10DB1000ADFE062204430A21002020F011FA2C4316
:10DB2000044313D008200BF091FE48B10B4B436126
:10DB30000B4B836103230374002343748374C37406
:10DB4000084900234FF4C25222F099F804EAE47025
:10DB500003B0BDEC028BF0BD809698009955030090
:10DB6000897B030004220300C70C0020C60C0020A0
:10DB7000A69BC43A540700202DE9FF4100260C461D
:10DB80000223804603AA3A213046ADF80C6000F02B
:10DB9000CFFF9DF80D309DF80C501B0203F440732D
:10DBA0001D430723B4FBF3F4A542074623DCACB2C4
:10DBB000072300934246C4EBC4037821002001F000
:10DBC0004FF8384313D008200BF040FE48B1144BF7
:10DBD0004361144B836103230374002343748374F0
:10DBE000C374114900234FF4C25222F048F8204672
:10DBF00004B0BDE8F08108200BF028FE40B10B4BCB
:10DC000043612D1B03238561037446748674C674B7
:10DC1000054900234FF4C45222F031F8C8E700BF91
:10DC200099550300647B030004220300B1550300EF
:10DC300010B5042838D8DFE800F0032C34373A0058
:10DC400040220121002020F07BF908220446142103
:10DC5000002020F075F9002204430121104620F035
:10DC60006FF9044304B308200BF0F0FD50B1114BE1
:10DC70004361114BC0E90634042303740023437449
:10DC80008374C3740D4900234FF4015221F0F7FF50
:10DC90000BE040220121002020F052F9102204461E
:10DCA000D5E7074800F038FF0024204610BD4FF0AC
:10DCB000FF34FAE797790300407B03000422030056
:10DCC000D027030010B55C221021002020F038F985
:10DCD000102204461521002020F032F9802204434E
:10DCE0001421002020F02CF9F422044317210020F5
:10DCF00020F026F9102204435621002020F020F9BC
:10DD0000012204435B21002020F01AF90443002182
:10DD10004FF4C5701DF030FB80225821002020F008
:10DD20000FF9202204435E21002020F009F930225F
:10DD300004431221002020F003F9044313D00820EB
:10DD40000BF084FD48B1094B4361094B8361032308
:10DD50000374002343748374C374064900234FF48F
:10DD6000C25221F08CFF332010BD00BF9955030033
:10DD7000527B030004220300B5EEC00AF1EE10FA54
:10DD800030B5F5EEC00A6AD4F2EE007AF1EE10FA80
:10DD9000B4EEE70A48BFDFED350AF1EE10FA47D8D6
:10DDA000F1EE007AB4EEE70AF1EE10FA42D8F0EEA6
:10DDB000007AB4EEE70AF1EE10FA3DD8B5EEC00AEB
:10DDC000F1EE10FA0CD90423294A013BD45C294A0C
:10DDD0001470294A32F8133000EE103AB8EE400AB7
:10DDE000264A0123144632F8025F07EE905AF8EEF5
:10DDF000E77AF4EEE07AF1EE10FA24DB0133072B38
:10DE0000F1D1DFED1F7A1F4BDFED1F6A60EE277A3D
:10DE1000C3ED007ADFED1D7A1D4B60EEA77A87EE29
:10DE2000A67A83ED007A80ED000AC1ED000A30BDCC
:10DE30000123C9E70223C7E70323C5E7DFED0B0A88
:10DE4000B0EE600ACCE7134A013BD55C34F81330DE
:10DE5000114A00EE903A1570F8EE600AD1E7F1EE43
:10DE600010FAEBD49FED010ABAE700BF00000000F2
:10DE7000867C0300CB0C00202E3D0300203D0300D8
:10DE800000000038600700200024744900000C42A4
:10DE90005C070020807C0300CA0C002030B5C0EB7A
:10DEA000C00080B20C5CE408012C1CD0022C35D1DF
:10DEB00001301B4C014402F10C004D7811F8023B7B
:10DEC00043EA05231BB207EE903AF8EEE77AC2ED7B
:10DED000007A94ED007A67EE277AE2EC017A9042BC
:10DEE000EBD1012030BD01300E4C014403F10C0098
:10DEF0004D7811F8022B42EA052212B207EE902A61
:10DF0000F8EEE77AC3ED007A94ED007A67EE277AAF
:10DF1000E3EC017A9842EBD10220E3E71020E1E73D
:10DF2000600700205C0700202DE9F0472DED028BF3
:10DF3000604BB5EEC00AF1EE10FA93ED007A804620
:10DF40000F463ED9DFED5C7AB4EE670AF1EE10FAC7
:10DF500037D060EE077ADFED596A594A67EEA67A44
:10DF60000123FDEEE77A104632F8021FE9B117EE01
:10DF7000904AA14219DC01330D2BF5D10024F5EEB6
:10DF8000C00AF1EE10FAC0EE078A40F28E80DFED93
:10DF90004A7AF4EE670AF1EE10FA16D1494B1D7871
:10DFA0004FF0040ADFED480A28E0013B474AD45C01
:10DFB00030F8133007EE903AF8EEE77A87EEA60ACB
:10DFC000DDE79FED410A0024D9E760EE877ADFEDB7
:10DFD0003B6A3B4A67EEA67A0123FDEEE77A1046DC
:10DFE00032F8021F002954D017EE905AA94250DC93
:10DFF00001330D2BF4D100254FF0000A3448314B8A
:10E0000006783449344A80EE878A46B90E785645F8
:10E0100005D11678A64202D11E78AE4248D000261D
:10E02000067081F800A014701021224630461D7041
:10E030001FF086FF45EA0A128146112130461FF083
:10E040007FFF44EA051249EA0009D2B209213046AD
:10E050001FF076FF59EA000912D008200BF0F6FBFA
:10E0600040B11E4B43611E4B83610323037446740E
:10E070008674C6741B4900234FF4C25221F0FFFD81
:10E08000C8ED008A002087ED008ABDEC028BBDE858
:10E09000F087013B0D4AD55C30F8133007EE903A1B
:10E0A000F8EEE77AC7EEA60AA6E70025AA4679E7C2
:10E0B0000120EAE7580700200000807F0000F045BB
:10E0C000063D0300C60C002000000000747C030025
:10E0D000C90C0020C80C0020C70C00209955030073
:10E0E000477C03000C220300F0B52DED028B0022CB
:10E0F00083B005460E4610463A49B0EE608AF0EE0F
:10E10000418A00F0F3FC384B15211A7800201FF0EB
:10E1100017FF364B07461A78172100201FF010FF13
:10E12000074313D008200BF091FB48B1304B4361FB
:10E13000304B836103230374002343748374C374DB
:10E140002D4900234FF4C25221F099FD2B4AFF23A1
:10E1500013702B4A03211370002018221FF0F0FEC9
:10E160000DF1070204464F21002000F03BFD9DF910
:10E170000730DFED246A07EE103AB8EEC77AF7EE03
:10E18000007A47EE267A204B04433146F0EE680AC7
:10E19000B0EE480A2846C3ED007AFFF7C5FE3C43BF
:10E1A000044306220A2100201FF0CAFE044313D0B4
:10E1B00008200BF04BFB48B10D4B43610D4B8361C5
:10E1C00003230374002343748374C3740A49002334
:10E1D0004FF4C25221F053FD04EAE47003B0BDECE9
:10E1E000028BF0BD80969800CA0C0020CB0C00205A
:10E1F00099550300637C03000C220300C70C002028
:10E20000C60C0020C364AA3A5807002037B506237D
:10E2100004466A462821002000F08AFC98B10820B4
:10E220000BF014FB48B1154B4361154B836103237D
:10E230000374002343748374C374124900234FF49E
:10E24000C25221F01CFD204604F10C010E4C6A461E
:10E25000557812F8023B43EA05231BB207EE903AC9
:10E26000F8EEE77AC0ED007A94ED007A67EE277A4F
:10E27000E0EC017A8142EBD103B030BD9955030047
:10E280002A7C03000C2203006007002037B5062318
:10E2900004466A462221002000F04AFC98B108207A
:10E2A0000BF0D4FA48B1154B4361154B836103233E
:10E2B0000374002343748374C374124900234FF41E
:10E2C000C25221F0DCFC204604F10C010E4C6A46DF
:10E2D000557812F8023B43EA05231BB207EE903A49
:10E2E000F8EEE77AC0ED007A94ED007A67EE277ACF
:10E2F000E0EC017A8142EBD103B030BD99550300C7
:10E300001C7C03000C2203005C0700202DE9FF4762
:10E31000002589460223074603AA1B212846ADF89B
:10E320000C5000F005FC9DF80D309DF80C401B02D0
:10E3300003F4407344EA030A4FF00708B9FBF8F806
:10E34000C2450646544614D908200BF07FFA48B15E
:10E35000194B4361AAEB08038361032303744574DB
:10E360008574C574154900234FF4C45221F087FC0D
:10E370004446072300933A46C4EBC40378210020A7
:10E3800000F06EFC304313D008200BF05FFA48B168
:10E390000B4B43610B4B83610323037400234374D2
:10E3A0008374C374054900234FF4C25221F067FC03
:10E3B000204604B0BDE8F087B15503000C220300ED
:10E3C00099550300397C030013B51A4B8DF80500ED
:10E3D0001A78194B1B789A4294BF00220122C0F38D
:10E3E000012343EA42138DF8043001AA02230B21D2
:10E3F000002000F0B3FB402204460D2100201FF056
:10E400009FFD044313D008200BF020FA48B10B4BBA
:10E4100043610B4B836103230374002343748374B0
:10E42000C374084900234FF4C25221F028FC332062
:10E4300002B010BDC60C0020C70C00209955030087
:10E44000FF7B03000C22030010B5042817D8DFE877
:10E4500000F00319211641004022012100201FF085
:10E460006FFD00220446142100201FF069FD0022E8
:10E470000443012110461FF063FD0443A4B90024A6
:10E48000204610BD4022012100201FF059FD10221E
:10E490000446E8E75822032100201FF051FD0446FE
:10E4A0000E4800F039FBE9E708200BF0CFF950B136
:10E4B0000B4B43610B4BC0E9063404230374002368
:10E4C00043748374C374084900234FF4015221F04C
:10E4D000D6FBD5E74FF0FF34D2E700BFD0270300CB
:10E4E00097790300E37B03000C22030008B50820A2
:10E4F0000BF0ACF948B1094B4361094B836103232D
:10E500000374002343748374C374064900234FF4D7
:10E51000C25221F0B4FB4FF0FF3008BD9955030003
:10E520000E7C03000C2203002DE9F743012A0A9E0A
:10E530000746894690461D4602D1731E072B18D9FF
:10E5400008200BF083F948B14B4B43614B4B83617F
:10E5500003230374002343748374C3744849002362
:10E560004FF4C25221F08BFB4FF0FF3003B0BDE8F7
:10E57000F0834146402200201FF0E2FC99F8003071
:10E580008DF805307F0066F03F03044647F0010731
:10E590008DF8063001AA0323152100208DF80470A0
:10E5A00000F0DCFA44220443142100201FF0C8FCD0
:10E5B00000224146044310461FF0C2FC0DF1020246
:10E5C00004432921002000F00DFB002304438DF8B3
:10E5D00003301FF072FC10F10A0841F100079DF8AA
:10E5E0000330DA072CD400238DF803301FF065FCCC
:10E5F00010F10A0741F100089DF80330DB072CD425
:10E600004022012100201FF09BFC0022074614211C
:10E6100010461FF095FC274340EA07044FF496701C
:10E620001CF0E6FE33462A460221002000F080FA64
:10E6300000220443012110461FF082FC204395E78D
:10E640001FF03BFC4045B941CDDA0DF103021E211C
:10E65000002000F0C7FA0443C1E71FF02EFCB842C7
:10E6600071EB0801CCDA0DF103024821002000F023
:10E67000B9FA0443C0E700BF3F790300C27B03003F
:10E680000C22030010B5E222172100201FF058FCD5
:10E6900047220446102100201FF052FC5022044360
:10E6A000182100201FF04CFC1022044356210020AA
:10E6B0001FF046FC042204435B2100201FF040FCB5
:10E6C0000443002140F269101CF056FE80225021C4
:10E6D00000201FF035FC202204435E2100201FF0A3
:10E6E0002FFC18220443032100201FF029FC0443BF
:10E6F00013D008200BF0AAF848B1094B4361094B2D
:10E70000836103230374002343748374C374064931
:10E7100000234FF4C25221F0B2FA332010BD00BFE3
:10E7200099550300F17B03000C220300124A08B53F
:10E73000FF231370114A12211370002001221FF0D1
:10E74000FFFB98B108200BF081F848B10C4B4361F6
:10E750000C4B836103230374002343748374C374D9
:10E76000094900234FF4C25221F089FA2120BDE863
:10E77000084000211CF000BEC70C0020C60C002081
:10E7800099550300567C03000C220300022A73B53E
:10E7900005460E4617D008200BF058F848B1364B06
:10E7A0004361364B836103230374002343748374F2
:10E7B000C374334900234FF4C25221F060FA4FF082
:10E7C000FF3002B070BD4022012100201FF0B8FBD5
:10E7D00033788DF80530C02304466D008DF806307F
:10E7E00001AA0323152100208DF8045000F0B6F98A
:10E7F00072780443212100201FF0A2FB442204432D
:10E80000142100201FF09CFB002304438DF80330EB
:10E810001FF053FB10F10A0641F100059DF903308A
:10E82000002B1CDB0022142110461FF089FB05463B
:10E830004FF496701CF0DCFD0022012110461FF001
:10E840007FFB9DF903302543002B40EA0500B8DB30
:10E8500008200AF0FBFF0028ABD00A4BA0E71FF00E
:10E860002CFBB042A941DDDA0DF103022221002088
:10E8700000F0B8F90443D1E714790300D57B030015
:10E880000C220300B07B03007FB5194B1C5C012CEC
:10E8900011D0022C1FD044BB164BC3E900121649FD
:10E8A00001234B60154B53F82000224604B0BDE80D
:10E8B00070401FF02ABB124B53F8203018689B8819
:10E8C000CDE9011202228DF80C2001A922461FF089
:10E8D00028FB04B070BD0B4B1B6833B10A481B68A2
:10E8E000007804B0BDE8704018474FF0FF30F0E703
:10E8F000A45B0020E43600206C07002008370020CD
:10E9000000370020F4360020A35B002030B51C4601
:10E91000254B1D5C012D89B01ED0022D31D0002D5C
:10E920003FD1224D2960224901236B604B60214B6E
:10E93000214D1D60214DDC6055F820500135C3E9A3
:10E9400001521F4A022353601E4B53F8200009B0A6
:10E95000BDE830401FF0D9BA1B4B53F8203018687F
:10E960009B88CDE90215CDE90524002107228DF809
:10E9700010108DF81C2002A902221FF0D2FA09B053
:10E9800030BD124B1B6863B1187A844284BF1048B3
:10E990000478104800945C68007813460122A04770
:10E9A000EDE74FF0FF30EAE7A45B0020E4360020FB
:10E9B0006C070020D43600209A5B0020F836002037
:10E9C000640700200837002000370020F4360020BC
:10E9D000A25B0020A35B0020024B1860024B0022C8
:10E9E0001A70704708370020A45B00202DE9F04121
:10E9F000DFF8F48098F8004007460E463CB1012C41
:10EA00004ED008200AF022FFB8B12D4B4EE02D4B1E
:10EA10001D68002D35D02B7A934228D28B4215D217
:10EA200008200AF013FF40B1274B4361274B836155
:10EA30000323037444748474C474254900234FF47D
:10EA4000C25221F01CF94FF0FF3018E006200AF006
:10EA5000FDFE30B11F4B4361022303744474847480
:10EA6000C4741B4900234FF4845221F008F91A4B57
:10EA70001E701A4B1F70022388F801300020BDE879
:10EA8000F08108200AF0E2FE0028D6D0144B436142
:10EA90000E4B83610323037445748574C574CCE7FE
:10EAA00008200AF0D3FE0028C7D00E4B4361074B65
:10EAB000836103230374002343748374C374BCE72A
:10EAC000357D0300F43600208A7C0300707D03004E
:10EAD00024230300A77C0300A25B0020A35B00208B
:10EAE000C27C03000C7D0300A45B002010B503462C
:10EAF0000648C05C38B9064C54F8234061600549AB
:10EB000041F8232010BD4FF0FF30FBE7A45B00204D
:10EB100008370020F8360020014B1860704700BF0E
:10EB2000F4360020014B1868704700BFF43600200F
:10EB300007B58DF807100849095C29B99DF8071039
:10EB400061F07F018DF807100DF10701FFF7DEFE80
:10EB500003B05DF804FB00BFA45B002030B51C4689
:10EB60001B4B8BB015461A5C8DF807102AB1012A91
:10EB700014D04FF0FF300BB030BD164B0DF1070134
:10EB800019600121C3E901151349DC6002234B60C0
:10EB9000124B53F820001FF0B8F9ECE7104B9DF82A
:10EBA000071053F820308DF80F100DF10F01186881
:10EBB0009B88CDE9041200228DF8182004A90222B6
:10EBC000CDE907548DF824201FF0ABF9D3E700BF3F
:10EBD000A45B0020E43600206C07002008370020EA
:10EBE0000037002007B5094B8DF807101B5C23B9CF
:10EBF000CBB263F07F038DF8073001230DF10701DD
:10EC0000FFF784FE03B05DF804FB00BFA45B0020A7
:10EC10002DE9F341114F98463B5C05460C461646DC
:10EC20000BB941F080040DF1070221462846FFF799
:10EC3000D9FF80B99DF8073023EA060206EA0806E4
:10EC40003243934207D07B5D0BB904F07F04214629
:10EC500028461FF075F902B0BDE8F081A45B0020E2
:10EC60002DE9F8431646124A89461D46115C089B59
:10EC700040F2FF3443F6FF72002908BF14460746EE
:10EC8000B4FBF3F44FF000085C4315B94046BDE80F
:10EC9000F883AC4228BF2C463246234649463846C4
:10ECA000FFF746FF264448EA00082D1BEDE700BFAA
:10ECB000A45B0020014B93ED000A70471037002041
:10ECC000DFED0F6A10B5B2EE046A00F10904437873
:10ECD00082781B0443EA0263027853EA022348BFA6
:10ECE000FF331B1207EE903AF8EEE77A033067EE37
:10ECF000867A844287EEA67AA1EC017AE7D110BD2C
:10ED00000050C34770B53449B5EEC00AF1EE10FAB1
:10ED10000C78064659D9DFED317AB4EE670AF1EE88
:10ED200010FA26D0B7EE007AC7EE007AFDEEE77A49
:10ED300017EE903A642B05DD0A2C4AD0284D0A23A1
:10ED40001A461BE0322B04DD082C42D0254D082347
:10ED5000F6E7142B04DD062C3BD0234D0623EFE70A
:10ED60000A2B04DD042C34D0204D0423E8E7002BCB
:10ED700026DC012C22D00123002500220B7042F05A
:10ED80006002322101201FF0DBF8044698B1082010
:10ED90000AF05CFD48B1164B4361164B83610323B7
:10EDA0000374002343748374C374134900234FF422
:10EDB000C25220F064FF114B35601D60204670BDCB
:10EDC000022C06D00E4D0223BAE714B10023002511
:10EDD000B6E70124F2E700BFCC0C00200000807FE2
:10EDE0000AD7A33B0AD7233C0AD7A33CCDCC4C3D42
:10EDF00099550300E37D0300A42103001037002090
:10EE0000CDCCCC3D08B5044BFF221A70FFF77AFF3A
:10EE100000EAE07008BD00BFCC0C00202DE9FF41E6
:10EE2000DFF8F880D8E9007457EA04020CBF012229
:10EE30000022023744F100048DF8032005461FF03C
:10EE40008BF8B842A141A2BF00220023C8E90023E9
:10EE500000269DF80330DB074BD5D8E90032134379
:10EE600018D01FF079F8B842A14113DB08200AF04E
:10EE7000EDFC48B1254B4361254B836103230374AB
:10EE8000002343748374C374224900234FF4C25295
:10EE900020F0F5FE00220023C8E9002311210923F8
:10EEA00001AA0120FFF744FE0DF1030204461B21D5
:10EEB0000120FFF797FE0443344313D008200AF0E3
:10EEC000C5FC48B1144B4361114B836103230374A8
:10EED000002343748374C3740E4900234FF4C25259
:10EEE00020F0CDFE294601A8FFF7EAFE04B0BDE8F8
:10EEF000F0811FF031F8B842A141AEDA0DF1030202
:10EF00000F210120FFF76EFE0643A2E7AA7D030052
:10EF1000C87D0300A421030099550300001D0020B3
:10EF200010B508200AF092FC48B1094B4361094B27
:10EF3000836103230374002343748374C374BDE8A3
:10EF40001040054900234FF4C25220F098BE00BF84
:10EF500099550300F17D0300A421030008B5074B78
:10EF6000FF221A700122332110461EF0E9FF18B16A
:10EF7000BDE80840FFF7D4BF08BD00BFCC0C00209F
:10EF800010B508200AF062FC48B1094B4361094BF7
:10EF9000836103230374002343748374C374BDE843
:10EFA0001040054900234FF4C25220F068BE00BF54
:10EFB00099550300D47D0300A421030010B56122FC
:10EFC000322101201EF0BCFF04461EF0C5FF044B99
:10EFD000C3E900011CB1BDE81040FFF7D1BF10BD6F
:10EFE000001D002010B508200AF030FC48B1094B84
:10EFF0004361094B836103230374002343748374C7
:10F00000C374BDE81040054900234FF4C25220F0FC
:10F0100036BE00BF99550300BB7D0300A421030049
:10F0200000B52DED028B83B00DF107021A210120EE
:10F03000FFF7D8FD9DF907309FED0B7A07EE903A68
:10F04000F8EEE77A002887EE878AF3EE0E7A38EE3C
:10F05000278A01DAFFF7C6FFB0EE480A03B0BDEC1D
:10F06000028B5DF804FB00BF9A99D9BF014B93ED69
:10F07000000A70471437002073B5002200926C46D6
:10F08000451C10F8123015F8126003F0FE0343EA35
:10F090000623022A1BB219D15B10BDF90040ADF85E
:10F0A00004308379C279DFEDA26A9B0814F5805F92
:10F0B00043EA821312D100220A60BDF9022012F540
:10F0C000805F0FD0002B40F0D2800BE0002BB8BF48
:10F0D0000733DB1024F8023B0132D2E7002B62D168
:10F0E00000220A60DFED937ABDF9045087EEA67A1C
:10F0F00015F5804F81ED017A00F017818E4AB2F943
:10F100000000002800F011818C4A1488002C00F0C7
:10F110000C818B4A1288002A00F00781002B00F036
:10F12000048107EE903A874BB8EE677AB3F9003066
:10F1300007EE905AB8EEE76A07EE903A824BF8EE87
:10F14000E77AB3F9003036EE676A07EE902A05EEEB
:10F15000903AF8EE677AF8EEE55A77EE677A67EE5E
:10F16000A57ADFED7A5A56EE257A06EE104AB8EE09
:10F17000466ADFED775A26EE077A06EE100AB8EEF9
:10F18000C66A07EE256AB1EE007A26EE076A87EEB8
:10F19000867ADFED707A67EE277A87EEA67A81EDC0
:10F1A000027A02B070BD664A1088BDF902200028BC
:10F1B00000F0B88007EE900A9FED676A674807EE97
:10F1C000103AF8EE677AF8EEC75A67EE867A90F949
:10F1D000000087EEA57A05EE900A37EE467A604881
:10F1E000DFED607A007827EE076AF8EEE55A26EE42
:10F1F000276A07EE900AF8EE677A5B4867EE877A2F
:10F200009FED5A7A90F9000067EE877A45EE867A8C
:10F210009FED577A9FED576A77EE877A07EE100ACF
:10F22000B8EEC77A544837EE067A90F9000067EED8
:10F23000877A07EE104AB8EEC77AB2EE006A67EE38
:10F24000877A07EE100AB8EEC77A27EE067A9FEDA6
:10F250004B6A07EE867ADFED3F7A67EE277A87EE14
:10F26000A67A81ED007A12F5805F3FF43BAF344817
:10F27000008800283FF436AF07EE900A9FED366A0B
:10F28000364807EE103AF8EE677AF8EEC75A67EE9E
:10F29000867A90F9000087EEA57A05EE900A37EE9F
:10F2A000467A2F48DFED2F7A007827EE076AF8EECE
:10F2B000E55A26EE276A07EE900AF8EE677A30489C
:10F2C00067EE877A9FED297A90F9000067EE877ADA
:10F2D00045EE867A9FED267A9FED266A77EE877A4D
:10F2E00007EE100AB8EEC77A37EE067AB2EE006A79
:10F2F00067EE877A07EE102A224AB8EEC77A92F9AB
:10F30000002067EE877A07EE102AB8EEC77A27EE5C
:10F31000067A9FED1A6A07EE867ADFED0E7A67EEBF
:10F32000277AE1E6002008609DE7DFED027A34E706
:10F330000000C84200000000AC590020AE59002077
:10F34000A6590020A8590020AA5900200000004812
:10F35000000000380000803D00008046A65B0020D1
:10F36000A75B002000008031A95B002000008038EE
:10F370000000804300002043AB5B00200000003908
:10F38000A85B0020AA5B0020F8B5B5EEC00AF1EE3C
:10F3900010FA2DED028B0646B0EE408A63D99FED40
:10F3A0004E7AB4EE470AF1EE10FA63D0F7EE006A37
:10F3B000C6EE807A0022FDEEE77A17EE903A192B1E
:10F3C0005DDC142B61DC0F2B65DC0A2B69DC082B60
:10F3D0006DDC062B71DC022B75DC9342B6EE008AE5
:10F3E000D5BF04240E2401250425D4BF07230123FF
:10F3F000D8BFB0EE478A42EA8302384B197891426F
:10F4000067D01A704C21520001201EF099FD2A4647
:10F410000746512101201EF093FD224647EA0005D0
:10F42000522101201EF08CFD054313D008200AF064
:10F430000DFA48B12A4B43612A4B836103230374BD
:10F44000002343748374C374274900234FF4C252CA
:10F4500020F015FC254B86ED008A83ED008ABDEC7B
:10F46000028B2846F8BD00249FED218A0322254601
:10F470002346C0E70322042401250723BBE79FEDB1
:10F480001D8A0E2404250723B5E79FED1B8A0E2451
:10F4900004250623AFE79FED198A0E2404250523D2
:10F4A000A9E704259FED168A0E242B46A3E79FEDBE
:10F4B000158A0E24042513469DE70E2404250323F4
:10F4C000B4EE008A97E79FED108A0E2404250223EC
:10F4D00091E70125C3E700BF0000807FCD0C00202D
:10F4E00099550300247E0300B42103001437002043
:10F4F000000000008988083D0AD7233DCDCC4C3D53
:10F500008988883DCDCCCC3DABAA2A3E30B5054696
:10F5100085B000249DF8073003F00603022B22D0AB
:10F5200008230DEB030242210120FFF701FB0443F6
:10F5300013D008200AF08AF948B10F4B43610F4BF2
:10F54000836103230374002343748374C3740C49DD
:10F5500000234FF4C25220F092FB294602A8FFF785
:10F560008BFD05B030BD0DF107024C210120FFF7E6
:10F5700039FB0443CEE700BF99550300057E030025
:10F58000B421030010B508200AF060F948B1094B16
:10F590004361094B83610323037400234374837421
:10F5A000C374BDE81040054900234FF4C25220F057
:10F5B00066BB00BF99550300347E0300B4210300ED
:10F5C00008B5074BFF221A704B21002201201EF0C4
:10F5D000B7FC18B1BDE80840FFF7D4BF08BD00BFB5
:10F5E000CD0C002010B508200AF030F948B1094BC5
:10F5F0004361094B836103230374002343748374C1
:10F60000C374BDE81040054900234FF4C25220F0F6
:10F6100036BB00BF99550300137E0300B4210300DD
:10F62000F0B52DED028B012287B005464B21104627
:10F63000B0EE408A1EF084FC0746002142201BF0F9
:10F640009BFE0026022301AA5D210120CDE902666E
:10F65000ADF804600496ADF81460FFF769FA04236E
:10F66000044602AA62210120FFF762FA0A2304433A
:10F6700003AA68210120FFF75BFA044312D0082097
:10F680000AF0E4F840B1334B4361334B8361032309
:10F69000037446748674C674304900234FF4C25212
:10F6A00020F0EDFA2E4B9DF804201A702D4B9DF89A
:10F6B00005201A702C4B9DF80A201A702B4B9DF8D0
:10F6C0000B201A702A4BBDF80E201A80294BBDF86A
:10F6D0000C201A80284BBDF812201A80274BBDF849
:10F6E00008201A80264B9DF815201A70254B9DF88E
:10F6F00014201A709DF811309DF810201B0203F49D
:10F70000FE431343204A3C43138013D008200AF0E1
:10F710009DF848B10F4B43611C4B83610323037475
:10F72000002343748374C3740C4900234FF4C25202
:10F7300020F0A5FA164BFF222846B0EE480A1A70B0
:10F74000FFF722FE204300EAE07007B0BDEC028B19
:10F75000F0BD00BF99550300427E0300B4210300B1
:10F76000AB5B0020AA5B0020A95B0020A85B002007
:10F77000AE590020AC590020AA590020A8590020F9
:10F78000A75B0020A65B0020A6590020567E030040
:10F79000CD0C0020014B93ED000A70471837002074
:10F7A0009FED157A9FED156A30B5851D00F10904AE
:10F7B000437882781B0443EA0263027853EA022307
:10F7C00048BFFF331B1207EE903A8542F8EEE77A06
:10F7D00008D1DFED0B6A67EEA67AC7EE876AC1ED46
:10F7E000006A30BD67EE867A0330C7EE876A8442CE
:10F7F000E1EC016ADCD1F4E70000C84247ABE73B2B
:10F80000F61BEB3B70B5B5EEC00AF1EE10FA2DED2C
:10F81000028B0546B0EE408A5BD9DFED487AB4EE44
:10F82000670AF1EE10FA5AD0B7EE007AC7EE007A06
:10F830000124FDEEE77A17EE903AC82B53DC642BD7
:10F8400056DC322B59DC192B5CDC0C2B5FDC062BD5
:10F8500062DC032B65DC012B68DC9FED388ADFED71
:10F86000387A15BF0023032303220A2208BFB0EE13
:10F87000678A42EA0312334B197891425BD0042124
:10F8800001201A701EF05CFB22460646062101206C
:10F890001EF056FB064313D0082009F0D7FF48B1ED
:10F8A000294B4361294B8361032303740023437471
:10F8B0008374C374264900234FF4C25220F0DFF949
:10F8C000244B85ED008A83ED008ABDEC028B304627
:10F8D00070BD00249FED208A23462246C9E70024FC
:10F8E00023460322C5E79FED1D8A00230222C0E7BD
:10F8F0009FED1B8A23460322BBE79FED1A8A022352
:10F900000422B6E79FED188A03230522B1E79FED95
:10F91000178A03230622ACE79FED158A03230722EB
:10F92000A7E79FED148A03230822A2E79FED128A1E
:10F93000032309229DE70126C7E700BF0000807F5F
:10F940000AD7233FCE0C0020995503008E7E03007A
:10F95000BC21030018370020000000000AD7233B19
:10F960000AD7A33B0AD7233C0AD7A33C0AD7233D97
:10F970000AD7A33D0AD7233E0AD7A33E08B5044BB6
:10F98000FF221A70FFF73EFF00EAE07008BD00BFDB
:10F99000CE0C00207FB5064600259DF8034014F0EC
:10F9A000010421D10B2301AA31210120FFF7C0F866
:10F9B000054312D0082009F049FF40B10E4B4361C6
:10F9C0000E4B83610323037444748474C4740C4920
:10F9D00000234FF4C25220F052F931460DF10600D7
:10F9E000FFF7DEFE04B070BD0DF103020721012018
:10F9F000FFF7F8F80543D0E7995503006F7E030041
:10FA0000BC21030007B505236A463A210120FFF710
:10FA10008FF898B1082009F019FF48B11B4B4361DA
:10FA20001B4B836103230374002343748374C374E7
:10FA3000184900234FF4C25220F021F99DF80330F9
:10FA40009DF80420DFED147A1B0443EA02639DF85D
:10FA5000022053EA022348BFFF331B1200EE103A84
:10FA6000B8EEC00A20EE270AB5EEC00AF1EE10FA91
:10FA700006DDDFED0A7A30EE670A03B05DF804FBBD
:10FA800044BFDFED067A30EE270AF6E7995503000A
:10FA9000607E0300BC2103005B9E803A85EBCB4176
:10FAA00010B5082009F0D2FE48B1094B4361094B5B
:10FAB000836103230374002343748374C374BDE818
:10FAC0001040054900234FF4C25220F0D8B800BFBF
:10FAD000995503009E7E0300BC2103000A4BFF22C0
:10FAE00010B550211A70012080221EF029FA002240
:10FAF0000446062101201EF023FA044303D0BDE88A
:10FB00001040FFF7CDBF10BDCE0C002010B508206F
:10FB100009F09CFE48B1094B4361094B8361032303
:10FB20000374002343748374C374BDE81040054913
:10FB300000234FF4C25220F0A2B800BF9955030031
:10FB40007D7E0300BC210300014B93ED000A70474A
:10FB50001C3700209FED0D6ADFED0D6A30B50022E5
:10FB6000451C15F8124010F8123043EA04231BB26A
:10FB700007EE903AF8EEE77A013267EE867A032ACA
:10FB800087EEA67AA1EC017AEBD130BD9A99993E25
:10FB90000000C8422DE9F0414049B5EEC00AF1EE3F
:10FBA00010FA0C78074672D9DFED3D7AB4EE670A99
:10FBB000F1EE10FA2CD0B7EE007AC7EE007AFDEE27
:10FBC000E77A17EE903A642B07DD0A2C63D0354DA7
:10FBD0000A2301224FF01B0808E0322B08DD082C15
:10FBE00059D0314D082301224FF024081E4618E059
:10FBF000142B04DD062C4ED02C4D0623F3E70A2BE4
:10FC000004DD042C47D02A4D0423ECE7002B36DC1E
:10FC1000012C31D001234FF0FF451A464FF01B084D
:10FC200000260B705201302101201EF089F9324666
:10FC30000446312101201EF083F94246044341214C
:10FC400001201EF07DF9044313D0082009F0FEFDC9
:10FC500048B1184B4361184B83610323037400239D
:10FC600043748374C374154900234FF4C25220F0C7
:10FC700006F8134B3D601D602046BDE8F081022C64
:10FC800009D002230F4D1A464FF02D08AEE714B1EC
:10FC9000002300259DE70124EEE700BFCF0C0020E4
:10FCA0000000807F0AD7A33B0AD7233C0AD7A33C96
:10FCB000CDCC4C3D99550300D87E0300DC210300D8
:10FCC0001C370020CDCCCC3D08B5044BFF221A7068
:10FCD000FFF760FF00EAE07008BD00BFCF0C002016
:10FCE0002DE9FF41374FD7E9005455EA04020CBF14
:10FCF00001220022053544F100048DF80720064654
:10FD00001EF051F9A842A141A2BF00220023C7E979
:10FD100000234FF000089DF80730DB0744D5D7E9F2
:10FD20000032134318D01EF03EF9A842A14113DB64
:10FD3000082009F08BFD48B1234B4361234B8361BD
:10FD400003230374002343748374C3742049002382
:10FD50004FF4C2521FF093FF00220023C7E9002393
:10FD60001121062302AA0120FEF7E2FE58EA000054
:10FD700013D0082009F06AFD48B1164B4361134BBC
:10FD8000836103230374002343748374C374104991
:10FD900000234FF4C2521FF072FF314602A8FFF752
:10FDA000D9FE04B0BDE8F0811EF0FDF8A842A141E3
:10FDB000B5DA0DF1070210210120FEF713FF48EA22
:10FDC0000008A8E7081D0020AA7D0300B37E0300F9
:10FDD000DC2103009955030010B5082009F036FD19
:10FDE00048B1094B4361094B83610323037400232A
:10FDF00043748374C374BDE81040054900234FF475
:10FE0000C2521FF03CBF00BF99550300EB7E0300B8
:10FE1000DC21030008B5074BFF221A7001223221B2
:10FE200010461EF08DF818B1BDE80840FFF7D4BFAA
:10FE300008BD00BFCF0C002010B5082009F006FD5A
:10FE400048B1094B4361094B8361032303740023C9
:10FE500043748374C374BDE81040054900234FF414
:10FE6000C2521FF00CBF00BF99550300C47E0300AF
:10FE7000DC210300012210B5312110461EF060F88C
:10FE800004461EF090F8044BC3E900011CB1BDE824
:10FE90001040FFF7D1BF10BD081D0020014B93EDAE
:10FEA000000A7047203700209FED0D6ADFED0D6AD4
:10FEB00030B50022451C15F8124010F8123043EA04
:10FEC00004231BB207EE903AF8EEE77A013267EEB0
:10FED000867A032A87EEA67AA1EC017AEBD130BDAF
:10FEE0009A99993D0000C8422DE9F0414049B5EE8C
:10FEF000C00AF1EE10FA0C78074672D9DFED3D7AB0
:10FF0000B4EE670AF1EE10FA2CD0B7EE007AC7EE25
:10FF1000007AFDEEE77A17EE903A642B07DD0A2CA3
:10FF200063D0354D0A2301224FF01B0808E0322B25
:10FF300008DD082C59D0314D082301224FF0240848
:10FF40001E4618E0142B04DD062C4ED02C4D062343
:10FF5000F3E70A2B04DD042C47D02A4D0423ECE7F9
:10FF6000002B36DC012C31D001234FF0FF451A461F
:10FF70004FF01B0800260B705201302101201DF0AC
:10FF8000DFFF32460446312101201DF0D9FF4246F1
:10FF90000443412101201DF0D3FF044313D0082066
:10FFA00009F054FC48B1184B4361184B836103239B
:10FFB0000374002343748374C374154900234FF4FE
:10FFC000C2521FF05CFE134B3D601D602046BDE831
:10FFD000F081022C09D002230F4D1A464FF02D0854
:10FFE000AEE714B1002300259DE70124EEE700BF32
:10FFF000D00C00200000807F0AD7A33B0AD7233C07
:020000021000EC
:100000000AD7A33CCDCC4C3D99550300297F030072
:10001000E421030020370020CDCCCC3D38B50C4B7B
:10002000FF222DED028B1A70012205463321104666
:10003000B0EE408A1DF084FFB0EE480A0446284620
:10004000FFF752FFBDEC028B204300EAE07038BDA1
:10005000D00C00202DE9FF41374FD7E9005455EA75
:1000600004020CBF01220022053544F100048DF882
:10007000072006461DF0A5FFA842A141A2BF00220D
:100080000023C7E900234FF000089DF80730DB0785
:1000900044D5D7E90032134318D01DF092FFA8428F
:1000A000A14113DB082009F0D1FB48B1234B436188
:1000B000234B836103230374002343748374C37449
:1000C000204900234FF4C2521FF0D9FD0022002323
:1000D000C7E900231121062302AA0120FEF728FD0B
:1000E00058EA000013D0082009F0B0FB48B1164BC5
:1000F0004361134B836103230374002343748374AC
:10010000C374104900234FF4C2521FF0B8FD3146AA
:1001100002A8FFF7C9FE04B0BDE8F0811DF051FF51
:10012000A842A141B5DA0DF1070210210120FEF726
:1001300059FD48EA0008A8E7101D0020AA7D030029
:10014000047F0300E42103009955030010B5082043
:1001500009F07CFB48B1094B4361094B83610323E0
:100160000374002343748374C374BDE810400549CD
:1001700000234FF4C2521FF082BD00BF9955030007
:100180003C7F0300E421030008B5074BFF221A70EF
:100190000122322110461DF0D3FE18B1BDE80840FF
:1001A000FFF7D4BF08BD00BFD00C002010B5082059
:1001B00009F04CFB48B1094B4361094B83610323B0
:1001C0000374002343748374C374BDE8104005496D
:1001D00000234FF4C2521FF052BD00BF99550300D7
:1001E000157F0300E4210300012210B531211046E0
:1001F0001DF0A6FE04461DF0E4FE044BC3E9000119
:100200001CB1BDE81040FFF7D1BF10BD101D00208C
:10021000014B93ED000A7047243700209FED0B7AC5
:1002200030B50022451C15F8124010F8123043EA90
:1002300004231BB207EE903AF8EEE77A013267EE3C
:10024000877A032AE1EC017AEDD130BDA69BC43A4E
:1002500038B5B5EEC00AF1EE10FA2DED028B054669
:1002600045D99FED2E8AB4EE480AF1EE10FA3ED041
:10027000B7EE007AC7EE007AFDEEE77A17EE903A15
:10028000322B39DC142B3CDC0A2B3FDC002B4FF0EB
:1002900000031A4601DD9FED228A22490878904228
:1002A00039D00A70012043EA820260211DF048FE25
:1002B000044698B1082009F0C9FA48B11A4B4361C5
:1002C0001A4B836103230374002343748374C37440
:1002D000174900234FF4C2521FF0D1FC154B85ED96
:1002E000008A83ED008ABDEC028B204638BD9FED6D
:1002F000128A03230022D0E79FED108A00230322F5
:10030000CBE79FED0F8A00230222C6E79FED0D8AFF
:1003100000230122C1E70124E5E700BF0000807F40
:10032000CDCCCC3DD10C002099550300837F030038
:10033000EC21030024370020000000000AD7233CF2
:100340000AD7A33CCDCC4C3D08B5044BFF221A7014
:10035000FFF77EFF00EAE07008BD00BFD10C00206F
:1003600030B5054685B000249DF8073003F0030042
:10037000012821D0062302AA68210120FEF7D8FB1C
:10038000044313D0082009F061FA48B10E4B4361D1
:100390000E4B836103230374002343748374C3747B
:1003A0000B4900234FF4C2521FF069FC294602A8F2
:1003B000FFF734FF05B030BD0DF107026021FEF7F5
:1003C00011FC0443D0E700BF99550300647F03008C
:1003D000EC21030010B5082009F038FA48B1094BA8
:1003E0004361094B836103230374002343748374C3
:1003F000C374BDE81040054900234FF4C2521FF0FA
:100400003EBC00BF99550300937F0300EC2103001D
:1004100008B5074BFF221A706021202201201DF031
:100420008FFD18B1BDE80840FFF7D4BF08BD00BF7D
:10043000D10C002010B5082009F008FA48B1094B8A
:100440004361094B83610323037400234374837462
:10045000C374BDE81040054900234FF4C2521FF099
:100460000EBC00BF99550300727F0300EC2103000E
:1004700008B5084B1A78920042F0010202F0FD0222
:10048000602101201DF05CFD18B1BDE80840FFF7B8
:10049000D1BF08BDD10C002010B5082009F0D6F955
:1004A00048B1094B4361094B836103230374002363
:1004B00043748374C374BDE81040054900234FF4AE
:1004C000C2521FF0DCBB00BF99550300557F0300EB
:1004D000EC210300014B93ED000A70472837002000
:1004E0009FED0B7A30B50022451C15F8124010F82C
:1004F000123043EA04231BB207EE903AF8EEE77A93
:10050000013267EE877A032AE1EC017AEDD130BD42
:100510007A419939B5EEC00AF1EE10FA2DE9F041B1
:10052000074661D9DFED4A7AB4EE670AF1EE10FAB8
:100530005AD0B7EE007AC7EE007A0024FDEEE77AD3
:1005400017EE902AB2F50C7F53DCB2F5967F54DC9F
:100550009B2A56DC502A58DC282A5ADC142A5CDCF8
:100560000A2A5EDC052A60DC022A62DC65D0012AE8
:1005700066D1384D0326384B9200187842EA46126D
:1005800042F00201884260D0197042F082022021BC
:1005900001201DF0D5FC22468046222101201DF0BD
:1005A000CFFCB20048EA0004232101201DF0C8FC62
:1005B000044313D0082009F049F948B1274B43619F
:1005C000274B836103230374002343748374C37430
:1005D000244900234FF4C2521FF051FB224B3D60CF
:1005E0001D602046BDE8F081032400222646002538
:1005F000C1E71E4D22462646BDE71D4D2246012677
:10060000B9E71C4D22460226B5E71B4D22460326BC
:10061000B1E71A4D07220326ADE7194D062203263E
:10062000A9E7184D05220326A5E7174D0422032646
:10063000A1E70322154D16469DE7154D03269AE7BF
:10064000224603264FF0FF4595E70124C9E700BF86
:100650000000807FCDCC4C3FD20C00209955030088
:10066000CF7F0300F4210300283700206F12833A64
:10067000A10EEA3A0E745A3B0D68D33BCDCC4C3CEC
:10068000CDCCCC3CCDCC4C3DCDCCCC3DCDCC4C3EE2
:10069000CDCCCC3E38B580222DED028B20210546F5
:1006A0000120B0EE408A1DF04BFC2022044621219F
:1006B00001201DF045FC044313D0082009F0C6F8C2
:1006C00048B10F4B43610F4B836103230374002335
:1006D00043748374C3740C4900234FF4C2521FF057
:1006E000CEFA0A4BFF22B0EE480A28461A70FFF7EE
:1006F00011FFBDEC028B204300EAE07038BD00BF63
:1007000099550300ED7F0300F4210300D20C002073
:1007100030B5054685B000249DF8073003F003008E
:10072000012821D0062302AA28210120FEF700FA81
:10073000044313D0082009F089F848B10E4B4361F7
:100740000E4B836103230374002343748374C374C7
:100750000B4900234FF4C2521FF091FA294602A818
:10076000FFF7BEFE05B030BD0DF107022221FEF7F6
:1007700039FA0443D0E700BF99550300B07F030066
:10078000F421030010B5082009F060F848B1094BC6
:100790004361094B8361032303740023437483740F
:1007A000C374BDE81040054900234FF4C2521FF046
:1007B00066BA00BF99550300DF7F0300F4210300F0
:1007C00008B5074BFF221A702121042201201DF0D9
:1007D000B7FB18B1BDE80840FFF7D4BF08BD00BFA4
:1007E000D20C002010B5082009F030F848B1094BB0
:1007F0004361094B836103230374002343748374AF
:10080000C374BDE81040054900234FF4C2521FF0E5
:1008100036BA00BF99550300BE7F0300F4210300E0
:1008200010B5082009F012F848B1094B4361094B93
:10083000836103230374002343748374C374BDE88A
:100840001040054900234FF4C2521FF018BA00BFF0
:1008500099550300A17F0300F4210300014B93EDA0
:10086000000A70472C3700201FB54378047882793E
:10087000DFED166A9FED167A9B0043EA842343EA74
:1008800092130193C37884789B0043EA8423C2F3D4
:10089000011423430293437904799B00C2F381023C
:1008A00043EA84231343039301F10C0201ABF3ECFD
:1008B000017AF8EE677A77EEE67A67EE877AE1EC0E
:1008C000017A9142F3D104B010BD00BF000000488E
:1008D0000000803870B5444B9FED447AB5EEC00AF5
:1008E000F1EE10FA2DED028B0546B0EE408A83ED55
:1008F000000A71D9B4EE470AF1EE10FA4BD0F7EEC8
:10090000006AC6EE807AFDEEE77A17EE904AC82CB0
:1009100044DC642C47DC322C4ADC142C4DDC0A2CE1
:1009200050DC012C53DC57D10022B0EE668A304BEC
:100930001978A14255D00A2101201C701DF000FB3E
:10094000231E18BF012344EAC302064642F0F00208
:100950000B2101201DF0F4FA064313D0082008F003
:1009600075FF48B1234B4361234B83610323037419
:10097000002343748374C374204900234FF4C2528C
:100980001FF07DF91E4B85ED008A83ED008ABDECDA
:10099000028B304670BD03220024C8E79FED198A00
:1009A00003220724C3E79FED188A03220624BEE72B
:1009B0009FED168A02220524B9E79FED158A0122D0
:1009C0000424B4E79FED138A00220324AFE79FEDD0
:1009D000128A00220224AAE703220024B0EE478AEA
:1009E000A5E70126D3E700BF303700200000807F55
:1009F000D50C002099550300348003001422030015
:100A00002C3700206F12833A0AD7A33B0AD7233C26
:100A10000AD7A33CCDCC4C3DCDCCCC3D2DE9FF41FC
:100A2000374FD7E9005455EA04020CBF01220022D7
:100A3000023544F100048DF8072006461DF00FFB37
:100A4000A842A141A2BF00220023C7E900234FF022
:100A500000089DF80730DB0744D5D7E9003213437F
:100A600018D01DF0FCFAA842A14113DB082008F0C1
:100A7000EDFE48B1234B4361234B83610323037491
:100A8000002343748374C374204900234FF4C2527B
:100A90001FF0F5F800220023C7E9002300210723F7
:100AA00002AA0120FEF744F858EA000013D00820FB
:100AB00008F0CCFE48B1164B4361134B836103230E
:100AC0000374002343748374C374104900234FF4E8
:100AD000C2521FF0D4F8314602A8FFF7C5FE04B099
:100AE000BDE8F0811DF0BBFAA842A141B5DA0DF1D5
:100AF000070208210120FEF775F848EA0008A8E778
:100B0000181D0020AA7D0300178003001422030093
:100B10009955030010B5082008F098FE48B1094B1C
:100B20004361094B8361032303740023437483747B
:100B3000C374BDE81040054900234FF4C2521FF0B2
:100B40009EB800BF995503004380030014220300A0
:100B500008B5074BFF221A700A21802201201DF0E0
:100B6000EFF918B1BDE80840FFF7D4BF08BD00BFDA
:100B7000D50C002010B5082008F068FE48B1094BDC
:100B80004361094B8361032303740023437483741B
:100B9000C374BDE81040054900234FF4C2521FF052
:100BA0006EB800BF9955030024800300142203008F
:100BB00010B50B4B1B78002B0CBF01222122092101
:100BC00001201DF0BDF904461DF049FA054BC3E9AB
:100BD00000011CB1BDE81040FFF7CCBF10BD00BF45
:100BE000D30C0020181D002008B50822092101207F
:100BF0001DF0A6F998B1082008F028FE48B10A4B6C
:100C000043610A4B83610323037400234374837499
:100C1000C374074900234FF4C2521FF030F801207B
:100C2000BDE8084020F045BC995503005080030002
:100C30001422030038B52DED028B0546B0EE408A34
:100C4000FFF7D2FF2022092101201DF079F9044687
:100C500098B1082008F0FAFD48B10F4B43610F4BE3
:100C6000836103230374002343748374C3740C49A6
:100C700000234FF4C2521FF002F80A4BFF22B0EEDD
:100C8000480A28461A70FFF725FEBDEC028B204368
:100C900000EAE07038BD00BF99550300588003009A
:100CA00014220300D50C00202DE9F0412DED028B1C
:100CB00088B00DF10302072104460120FDF792FFE1
:100CC0009DF80330474A9FED488A117807EE903A25
:100CD000B8EE677ADFED457A994217EE278A054626
:100CE0005ED0434EDFED437A96ED007AB4EEE77ABC
:100CF000F1EE10FA54DD137000239FED3F0A2360DC
:100D00006360A36001A8FFF7E5FD3C4F05434FF08A
:100D1000000810220921012087F800801DF010F939
:100D2000A8B1082008F092FD58B1354B4361354B0E
:100D300083610323037480F8118080F8128080F8A7
:100D40001380314900234FF4C2521EF098FF012056
:100D500020F0AFFBFFF72CFF05A8FFF75FFEFFF7C2
:100D600043FFFFF725FF02A8FFF758FE02AA05ABD5
:100D700004F10C01B6EE007AF2EC017AF3EC016AB0
:100D800077EEA67A67EE877AE4EC017AA142F3D196
:100D9000012396ED000A3B7001A8FFF79BFD054378
:100DA0002222092101201DF0CBF8054313D508208C
:100DB00008F04CFD48B1124B4361144B836103238F
:100DC0000374002343748374C3740F4900234FF4E6
:100DD000C2521EF054FFB0EE480A08B0BDEC028BC0
:100DE000BDE8F081D40C002000009642CDCC4C3FF1
:100DF000303700200AD7A33C0000807FD30C0020AE
:100E000099550300FF7F03001422030009800300AB
:100E1000014B93ED000A704734370020B0F90030E1
:100E20009FED0F7A07EE903AF8EEE77A67EE877A51
:100E3000C1ED007AB0F9023007EE903AF8EEE77AA9
:100E400067EE877AC1ED017AB0F9043007EE903A87
:100E5000F8EEE77A67EE877AC1ED027A704700BF55
:100E60006F12833970B5B5EEC00AF1EE10FA2DEDB0
:100E7000028B054653D9DFED347AB4EE670AF1EE02
:100E800010FA4CD0B7EE008AC8EE007A0124FDEECD
:100E9000E77A17EE903A642B46DC322B48DC192BAC
:100EA0004ADC052B4CDD9FED298A2346284908782A
:100EB0001A0144EA0313984244D00B7042F008022E
:100EC0000B2101201DF03CF844F0200206460A21C7
:100ED00001201DF035F8064313D0082008F0B6FCB9
:100EE00048B11C4B43611C4B8361032303740023F3
:100EF00043748374C374194900234FF4C2521EF023
:100F0000BEFE174B85ED008A00200021C3E90001D9
:100F1000144B83ED008ABDEC028B304670BD9FED13
:100F2000128A00240423C1E79FED108A0423BDE741
:100F30009FED0F8A0323B9E79FED0E8A0223B5E7E1
:100F40000023B3E70126E6E70000807FCDCCCC3D4F
:100F5000D60C002099550300AD8003001C2203002D
:100F6000201D002034370020000000000AD7A33BDA
:100F70000AD7233C0AD7A33C38B5084BFF221A7086
:100F8000074B00221A70074B00240025C3E90045D7
:100F9000FFF768FF00EAE07038BD00BFD60C002004
:100FA000AC5B0020201D002010B5082008F04EFC8E
:100FB00048B1094B4361094B836103230374002348
:100FC00043748374C374BDE81040054900234FF493
:100FD000C2521EF054BE00BF99550300BC800300EE
:100FE0001C22030010B5082008F030FC48B1094B62
:100FF0004361094B836103230374002343748374A7
:10100000C374BDE81040054900234FF4C2521EF0DE
:1010100036BE00BF995503009D8003001C220300CB
:1010200070B522220A2101201CF08AFF044620F01C
:101030005CFB4FF47A75A0FB053205FB0121064EDF
:10104000DB0B43EA4143C90BC6E900311CB1BDE8E3
:101050007040FFF7C7BF70BD201D0020F0B5494F9D
:10106000D7E9005485B0002355EA040206468DF8FE
:1010700007304BD120F039FB4FF47A72A0FB0234D9
:1010800002FB0144DB0B43EA44439D1C4FEAD4348A
:101090004FF000024FF00003C7E9002344F10004C1
:1010A00000270DF1070209210120FDF79BFD9DF8A6
:1010B0000730DB0747EA000710D420F016FB4FF497
:1010C0007A72A0FB020302FB0131C30B43EA4143E6
:1010D0009D424FEAD13174EB0101E2DA9DF807300D
:1010E00013F0010414D1062008F0B0FB30B1264BF8
:1010F00043610223037444748474C4742349002339
:101100004FF484521EF0BBFD05B0F0BD0235BFE7C1
:1011100013F002031E4D13D02C7894B9062008F06A
:1011200095FB30B11B4B43610223037444748474F8
:10113000C474002315494FF486521EF0A0FD01230C
:101140002B700121062302AA0846FDF7F1FC384363
:1011500013D0082008F07AFB48B10F4B43610F4BC6
:10116000836103230374002343748374C3740749A6
:1011700000234FF4C2521EF082FD314602A8FFF751
:101180004DFEC1E7201D00206B8003001C220300E0
:10119000AC5B00207A800300995503009080030027
:1011A0002DE9F04F9DB017460E460790414BD7E909
:1011B0000001002255EC124B5BEC11AB8DED000BE6
:1011C000EFF7ECF8DDE90023C7E900011046194606
:1011D000EFF79AFA5246CDE902015B46504659466E
:1011E000EFF792FA2246CDE904012B462046294624
:1011F000EFF78AFADDE9042380468946DDE902013A
:10120000EFF7CCF842464B46EFF7C8F841EC100B2D
:101210001BF0C8FCD6E9000153EC102BEFF7BEF829
:101220009DED027B8DED087B9DED047BC6E9000101
:1012300052465B46504659468DED0A7BCDE90C89F6
:10124000EFF7ACF822462B4680468946EFF75CFA6A
:10125000DDE90023CDE90E0110461946EFF79EF8AF
:1012600022462B4606460F46EFF74EFA5246CDE988
:1012700010015B4630463946EFF746FA2246CDE983
:1012800012012B4620462946CDE91467CDE916897F
:10129000EFF784F8074B0022CDE91801CDE91A23B6
:1012A000079801230A2208A91CF0FDFE1DB0BDE825
:1012B000F08F00BF0000F03F2DE9F04F95B08DEDAD
:1012C000060B05904FF490708DED081B0D461AF03B
:1012D0006FFFDFF830A3DFF83083CAF800000A2779
:1012E000002606222B461146CDE9016600971CF028
:1012F0002CFFC0201AF05CFF0624C8F800002B4623
:101300002146CDE90164042200971CF01EFFC02095
:101310001AF04EFFDFF8F4922B46C9F8000022467F
:10132000CDE90146042100971CF00FFF80201AF040
:101330003FFFA84E042230602B461146CDE9014400
:1013400000971CF002FFDDE90823DDE90601EFF755
:1013500005FBCDE9100130689F4D042100F0C6FC6B
:1013600004213068F2F7C0F8C0201AF021FF28608D
:101370000194D9F800300093042331681A46F0F73D
:1013800007FF3068954E20F0DAF9D9F8000020F018
:10139000D6F94FF490701AF00BFF306001942B686F
:1013A0000093D8F800108E4D22460423F0F7F0FE8B
:1013B000D8F8000020F0C3F94FF490701AF0F8FE4E
:1013C000DAF80070D6F8009028600446B84607F5B1
:1013D000907AF8E80201F9E80223EEF7DDFFD04544
:1013E000E4E80201F5D1384620F0A9F930687D4FD4
:1013F0007D4C20F0A4F94FF490701AF0D9FE00262D
:10140000C0E90267C0E90467C0E90C67C0E910677A
:10141000C0E91867C0E91A67744F206000220023F2
:101420000026C0E90023C0E90623C0E90823C0E97B
:101430000A23C0E90E23C0E91223C0E91423C0E93E
:101440001623C0E91C23C0E91E23C0E92023C0E9FC
:101450002223C0E92423C0E92623C0E92823C0E9C8
:101460002C23C0E92E23C0E93023C0E93223C0E990
:101470003423C0E93623C0E93A23C0E93C23C0E95C
:101480002A67C0E93867C0E93E23C0E94023C0E9C4
:101490004223C0E94423C0E946674FF490701AF034
:1014A00087FE534F0626386001962B68009321680B
:1014B00033463246F0F76CFE20684E4C20F03FF980
:1014C00028684D4D20F03BF94FF490701AF070FEF3
:1014D0003246014628603868F2F756F830201AF094
:1014E00067FE206030201AF063FE444A10606422D8
:1014F000CDE90062034622682968386800F0B4FE2E
:10150000386820F01CF9D4F800B0DA46FAE802672F
:1015100001250024FAE8028932463B464046494606
:10152000EFF782FB10B146464F462C460135062D9B
:10153000F0D1584620F003F9304B314D186820F0B7
:10154000FEF830201AF034FE2B4A2860034610685B
:1015500000EBC404D4E90067C3E90067D4E90C6771
:10156000C3E90267D4E91867C3E90467D4E92467CB
:10157000C3E90667D4E93067C3E90867D4E93C6783
:10158000C3E90A6720F0DBF82C6894ED047B8DED4D
:10159000067B94ED067B8DED087B94ED087BD4E90A
:1015A00000898DED0A7B94ED0A7B42464B4640460E
:1015B00049468DED0C7BD4E902ABEFF7A5F8524616
:1015C00006460F465B4650465946EFF79DF80246E1
:1015D0000B461DE0903700208C3700208837002014
:1015E000843700200000E03FA03700200000D0BF7B
:1015F00080370020743700207837002070370020B3
:101600006C3700209C37002098370020943700204A
:1016100030463946EEF7C2FEDDE9062306460F46A0
:1016200010461946EFF770F802460B463046394629
:10163000EEF7B4FEDDE9082306460F4610461946CC
:10164000EFF762F802460B4630463946EEF7A6FE43
:10165000DDE90A2306460F4610461946EFF754F80F
:1016600002460B4630463946EEF798FEDDE90C237C
:1016700006460F4610461946EFF746F802460B4657
:1016800030463946EEF78AFE41EC100B1BF08AFA21
:1016900057EC106B404632463B464946EFF75EF941
:1016A0008046894632463B4650465946C4E9008941
:1016B000EFF754F932463B46CDE90E01C4E9020189
:1016C000DDE90601EFF74AF932463B46CDE906016E
:1016D000C4E90401DDE90801EFF740F982468B46D1
:1016E00032463B46C4E906ABDDE90A01EFF736F9BD
:1016F00032463B46CDE90801C4E90801DDE90C01A9
:10170000EFF72CF906460F46C4E90A6700220023CA
:1017100040464946EFF76AFAF8B109F100436360C1
:101720000E9BA3600F9BC4F8008003F10043E360AD
:10173000069B2361079BC4F818A003F10043636173
:101740000BF10043E361089B2362099BA66203F14E
:101750000043636207F10043E36220201AF028FD92
:10176000B14EB24F3060012301933B68B04C0093FF
:101770002168DFF8D082AF4D04220623F0F708FD80
:101780002068AD4C1FF0DBFF18201AF011FDC8F8DF
:10179000000048201AF00CFD206050201AF008FDCF
:1017A000034628603868D0E900ABC3E900ABD0E954
:1017B00002ABC3E902ABD0E904ABC3E904ABD0E9A7
:1017C00006ABC3E906ABD0E908ABC3E908ABD0E987
:1017D0000AABC3E90AAB1FF0B2FF30682B68D0E94F
:1017E000006202F10047C3E90C67D0E9026202F12E
:1017F0000047C3E90E67D0E9046202F10047C3E97C
:101800001067D0E9066202F10047C3E912671FF0D2
:1018100096FF28682368894DD0E90067C3E900670F
:10182000D0E90A67C3E90267D0E90867C3E904673A
:10183000D0E90A67C3E90667D0E90267C3E9086728
:10184000D0E90667C3E90A67D0E90867C3E90C670E
:10185000D0E90667C3E90E67D0E90467C3E91067FA
:10186000D0E90C67D8F80030C3E90067D0E90E670B
:10187000C3E90267D0E91067C3E9046790ED127B02
:101880008DED0A7B1FF05BFF18201AF091FC286099
:1018900048201AF08DFC6A4F23683860024603F135
:1018A0004801F3E802898B42E2E80289F9D1032179
:1018B00000F01CFA0126634C3868DFF89881DFF8E5
:1018C00098910321F1F710FE0196236800930323FA
:1018D000396828681A46F0F75BFC2068564C1FF000
:1018E0002EFF3868584F1FF02AFF2B68D3E90002FB
:1018F00002F10041C3E90001D3E9020202F1004113
:10190000C3E90201D3E9040202F10041C3E9040181
:1019100018201AF04DFC386001962B6800930323C1
:1019200021681A46F0F734FC01963B680093296859
:10193000464D0323324612A8F0F72AFC3868444F7C
:101940001FF0FDFE48201AF033FC032201462860F8
:101950002068F1F719FE48201AF02AFC48220021DD
:1019600038601FF036FF18201AF022FCC8F800007B
:1019700018201AF01DFC03266422C9F80000CDE9E6
:1019800000620346D8F800202968206800F06CFC4B
:1019900020681FF0D4FED8F80040D7F8008094EDFE
:1019A000000B1BF0FFF888ED000B94ED020B1BF011
:1019B000F9F888ED080B94ED040B1BF0F3F82046C2
:1019C00088ED100B1FF0BBFED9F800001FF0B7FE2A
:1019D0002C6894ED067BD4E900AB8DED067B94ED8D
:1019E0000C7B52465B46504659468DED087BEEF720
:1019F0008BFEDDE906238046894610461946EEF740
:101A000083FE02460B4640464946EEF7C7FCDDE939
:101A100008238046894610461946EEF775FE0246B1
:101A20000B464046494619E0683700206C370020D5
:101A30008C370020643700206037002058370020A2
:101A40005C3700207C3700205437002050370020BE
:101A5000443700204C37002048370020EEF79EFC2A
:101A600041EC100B1BF09EF859EC108B504642468F
:101A70004B465946EEF772FF4246C4E900014B4619
:101A8000DDE90601EEF76AFF4246C4E906014B466E
:101A9000DDE90801EEF762FF94ED087BD4E902ABC3
:101AA0008DED067B94ED0E7BC4E90C0152465B463E
:101AB000504659468DED087BEEF726FEDDE90623FC
:101AC0008046894610461946EEF71EFE02460B4632
:101AD00040464946EEF762FCDDE908238046894628
:101AE00010461946EEF710FE02460B4640464946A0
:101AF000EEF754FC41EC100B1BF054F859EC108B32
:101B0000504642464B465946EEF728FF4246C4E946
:101B100002014B46DDE90601EEF720FF4246C4E92B
:101B200008014B46DDE90801EEF718FF94ED0A7B4A
:101B3000D4E904AB8DED067B94ED107BC4E90E0176
:101B400052465B46504659468DED087BEEF7DCFD6C
:101B5000DDE906238046894610461946EEF7D4FD96
:101B600002460B4640464946EEF718FCDDE90823DD
:101B70008046894610461946EEF7C6FD02460B46DA
:101B800040464946EEF70AFC41EC100B1BF00AF800
:101B900059EC108B504642464B465946EEF7DEFE56
:101BA0004246C4E904014B46DDE90601EEF7D6FEE4
:101BB00042464B46C4E90A01DDE90801EEF7CEFED4
:101BC000C4E9100148201AF0F3FADFF81C81434CF5
:101BD000C8F8000048201AF0EBFA206001963B6834
:101BE0000093324633462968F0F7D2FA38681FF07E
:101BF000A6FD286831461CF052FC01962B68009324
:101C00002168D8F8000033463246F0F7C1FA286858
:101C1000334D1FF094FD20681FF091FD48201AF00D
:101C2000C7FADDE90A2328600446DDE91201EEF770
:101C3000B3FB41EC100B1AF0B5FFD8F8008057EC5D
:101C4000106BC14608F1480ADDE91023F9E80201EA
:101C5000EEF75AFD32463B46EEF780FECA45E4E811
:101C60000201F1D11F4C40461FF069FD2368D3E902
:101C70000001EFF721F8059B18602468D4E9020100
:101C8000EFF71AF8059B5860D4E90401EFF714F850
:101C9000059B986020461FF052FD059C08262B6886
:101CA000334453E90201EFF707F8E0602F6807EBD0
:101CB0000608D8E90001EEF7FFFF2061D8E902012C
:101CC000EEF7FAFF1836502E606104F10C04E6D1ED
:101CD00038461FF034FD15B0BDE8F08F40370020C6
:101CE00038370020583700203C3700202DE9F04FCE
:101CF0008BB0CB0001930833059104460893054649
:101D00000027059B9F42A04603DB00200BB0BDE8E7
:101D1000F08FFB0009930026B742D5E900AB24D130
:101D20000022002350465946EEF76AFF002851D1A1
:101D30004BEC10AB1AF036FF2E4653EC102BA6ECF2
:101D4000020B26490020EEF709FE019BCDE90601B2
:101D50002344049398460137049B9E4236D0099B46
:101D6000A246C34608EB03091DE0F8E8022310462B
:101D70001946EEF7C9FC02460B4650465946EEF7A7
:101D80000BFB0136C5E90001C6E7FAE80223FBE8D0
:101D90000201EEF7B9FC02460B46DDE90201EEF75F
:101DA000FBFAC9E9000199ED007BAA458DED027BA4
:101DB000EBD153EC172BDDE90601EEF7A5FC019BF7
:101DC000C9E900019844E6E80201C5E7089B3446EA
:101DD0001D4496E74FF0FF3098E700BF0000F03F4A
:101DE0002DE9F84F4D1CED00DFF844B004460E46D7
:101DF00000F10803A5F108094FF000084F1E4FF04D
:101E0000000A474508DC002ED8BF002705FB074421
:101E1000C4E900ABBDE8F88F43E902AB18464A4677
:101E200000211FF0D6FC034608F101082B44E8E727
:101E30000000F03F2DE9F04F85B01546109F02934A
:101E40000A2301FB02F497FBF3F203FB12776B1EEC
:101E50000393DB0000EBC40403F1080B04EB0B0A53
:101E6000E218064688464FEAC1090192DAE9000104
:101E7000002F43D10B4602990246D1E90001EEF74B
:101E80008DFA029BC3E9000109F10809AF422ADD7E
:101E9000A5EB080505F10055023D04EBC50354F818
:101EA0003500039D5B6854F83520019C646823F07D
:101EB000004124F00043EEF771FA0E9C02460B46F7
:101EC000C4E90023EEF720FC0F9BC3E900010022C8
:101ED0001C4BD4E90001EEF717FC2346C3E90001CF
:101EE00005B0BDE8F08FD6E90001DAE90023EEF78E
:101EF00053FA0137C6E900014E44C7E7A4EB0904D1
:101F0000E51802460B46D5E90001EEF747FA0E9BAD
:101F1000C3E90001DAE90023D5E90001EEF7F4FB9B
:101F2000019B5C44D3E9002306460F46D4E9000137
:101F3000EEF7EAFB0B46024639463046EEF72CFA3E
:101F40000F9BCBE70000F83F2DE9F04F1D46A9B0ED
:101F50009346941EEA0025926FF00702A2EBC50299
:101F600063430392ABF1030200EBC303521B03EB89
:101F7000C2060BEB050203EBC2070BEB4502013A6D
:101F80008DED0E0B8DED261B03EBCB0A03EBC2038D
:101F9000099024910893249B9C4221DAA11C01FB07
:101FA00005F22598099FD30003EBC4030830E6002F
:101FB0003B444FF000084FF00009594540F3DA80E8
:101FC0002A4406EBC203099A1A44E11C1346002670
:101FD0000027594540F3D380204629B0BDE8F08F53
:101FE0001AED047BDDE90E2351EC170B8DED007B20
:101FF000EEF7D2F9DDE90023EEF786FBDDE92623D3
:10200000EEF7CCF957E90423EEF7A8FC5AE90223CE
:10201000EEF7C4F917ED027BCDE90A0153EC172B5B
:10202000DDE900018DED047BEEF7B8F9DDE90E2363
:10203000EEF7B2F9089B93ED007B0A9B10930B9B84
:1020400023F00043CDE9113021F000431393DDE983
:10205000122380468946DDE910018DED067BEEF7FF
:102060009DF9069B1493079B23F000431593DDE92C
:102070001423EEF793F902460B46CDE90C01DDE996
:102080000A01EEF76BFCDDE90C23CDE90A014046BD
:102090004946EEF763FCDDE90C2380468946DDE91D
:1020A0000601EEF75BFC249B9C423FF477AF5AF8A5
:1020B000183C16935AF8143C23F00043CDE9173826
:1020C00029F00043CDE9193021F000431B93DDE9ED
:1020D0001A23DDE91801EEF761F902460B46DDE946
:1020E0001601EEF711FB33681C93736823F000436D
:1020F0001D93009B1E93019B23F000431F93DDE97A
:102100001E23CDE90601DDE91C01EEF747F9049B2A
:102110002093059B23F000432193DDE92023EEF774
:102120003DF90A9B22930B9B23F000432393CDE9B7
:102130000001154B0022DDE92201EEF7E5FA024627
:102140000B46DDE90001EEF7DFFA0B460399024684
:102150008A4403980E440F44089901440891DDE92C
:10216000060104F1FF38EEF74BFD00287FF416AFAF
:10217000444610E7C3E90089013103441DE7C3E980
:1021800000670131034424E70000B03C2DE9F04F23
:102190002DED028B1C468246D0E9000389B0E50094
:1021A00006910AEBC40623F0004105F108030392EF
:1021B0000793B0460127A74213DB2A4B0022EEF714
:1021C000A3FA039B41EC180B04F1FF3B1D440026CE
:1021D0000027BBF1000F19DA09B0BDEC028BBDE896
:1021E000F08F06EB050BC146D94504D1079B2E4461
:1021F00001379844DFE7F9E8022323F00043049213
:102200000593DDE90423EEF7C9F8EDE775E90289E6
:1022100032463B4640464946EEF7DEFC68B1B0EE3A
:10222000480AF0EE680A039A069900945B46504605
:10223000F0F71EFC0BF1FF3BCBE732463B46404636
:102240004946EEF7D3FC0028F4D0B0EE480AF0EE91
:10225000680A039A069900945B465046F0F7F0FD31
:10226000E8E700BF0000B03C2DE9F04F93B0934683
:10227000984600220023CDE910231C9B05914FEACC
:10228000C3095C1EC9F1000305460D93002C70DBE9
:1022900004FB09530C930C9A04F10053013B02EB2D
:1022A000C3030E936FF00703A3EB09034FF0010A7A
:1022B0000F933FE03B6806937B6823F0004307934E
:1022C000A7EB09031A685B68089223F0004309939F
:1022D000BB680A93FB6823F000430B93DDE90A23F4
:1022E000DDE90801EEF75AF82C4B0022EEF70CFA64
:1022F0000B460F9902460F44DDE90601EEF780FC1C
:1023000030B9049B0D9A1344013E0493002ED1D1A1
:10231000A31B17D0012B1FD010AB01931C9BCDF832
:1023200008A0009305992346324628461CF020F861
:102330000AF1010A1D9B9A452DDC0C9B0E9F04930C
:102340002646E3E79DED100B049833464246594676
:102350001BF016FF013C99E71C9B0093013C9DED8F
:10236000100B0599019443465A462846EFF7C4FFDF
:10237000F0E71C9B424659462846FFF707FF1C9B87
:1023800000932846059943465A46F0F7B5FC0020CD
:1023900013B0BDE8F08F4FF0FF30F9E70000B03C1C
:1023A0002DE9F04F95B081460D46059210932B888C
:1023B0007E2B00F25B810026B2463346B046039680
:1023C000109AB24222DC2C88A4F108036F2B04D9A6
:1023D000059B1B78FF2B00F04881082007F036FA98
:1023E00040B1A44BC0E905340323037400234374B4
:1023F0008374C37400234FF4C4529F491DF03FFC03
:102400000023059A2B80FF231370D0E703991E9AAF
:10241000525C0B921F9A42440D921F9A12F80820A8
:102420000692209AD25C099201330C931E9B0B9A60
:102430000B44049313440F932A880F990498A2F134
:10244000080381429BB213D1039B0B9A01331A44B8
:10245000069B039208F10108099A98440C9B924448
:102460001344012206998A42C0F2F8800136A7E798
:1024700004996F2B11F8014F049101D89442DBD1DC
:10248000082007F0E3F950B17C4B43617C4BC0E975
:10249000063404230374002343748374C374002339
:1024A0004FF4045274491DF0EAFB0D9B0A931F9BE5
:1024B000069ADDF824B0CDF820A0434413440E93CF
:1024C0000C9B07930A9B0E9A9342B5D00A9B13F874
:1024D000017F0A93059B8DF84A701B78FF2B02D071
:1024E0009F4240F08680082007F0B0F950B1654B5C
:1024F0004361634BC0E9063704230374002343742C
:102500008374C37400235C494FF404521DF0B7FB7D
:102510009DF84A30402B34D1A4F11003032B24D86A
:1025200040F24B12ADF84C20D9F80030022213A92A
:1025300020469847074600287FF47EAF082007F022
:1025400085F940B1504B43614D4B836103230374C4
:1025500047748774C774484900234FF4C8521DF06C
:102560008EFB4220002118F007FF01220092D9F8CB
:1025700004700DF14B030DF14A012046B8470746A0
:1025800014E0D9F80470002BEFD1A4F11403032B4D
:10259000EBD803230093012213AB0DF14A0120462F
:1025A000B8479DF84E308DF84B3007469DF84B30BC
:1025B0001193082007F04AF958B1344B4361304B6E
:1025C0008361119BC36104230374002343748374E8
:1025D000C374294900234FF404521DF050FB002F0F
:1025E0007FF42AAF209B07999DF84B200B445F4551
:1025F0000AD1089A079B5A445B440892209A12F821
:1026000003B0013307935DE713F8011B914223D117
:10261000059B2C809DF84A501D700A20039207F0FC
:1026200015F958B11A4B039AC561C0E90534052361
:1026300003740023026243748374C37400230E493D
:102640004FF423521DF01BFB089B1F44219B53F8A2
:10265000270015B0BDE8F08F0137C8E72099C95CA5
:1026600001330B448A440132FCE62B804FF0FF30EB
:10267000EFE700BF8B8103003C230300DD800300F4
:10268000AE810300FA800300188103002C8103004F
:10269000438103002DE9F04F99B000240693894B44
:1026A00009921B88ADF83C3010AA0123CDE9122312
:1026B0000FAA14920322159214AACDE9162311939E
:1026C00008900E468DF83E401094A04623462746BB
:1026D000099AA24223DC3478FF2C00F0F080082015
:1026E00007F0B4F840B1784BC0E905340323037414
:1026F000002343748374C374744900234FF4C45299
:102700001DF0BDFAFF233370239B0193229B00939E
:10271000099A069B08983146FFF7BCFFC3E0069A6A
:10272000CDF8108012F807B0229AD25C05920133DE
:102730000793069B03EB070909EB0B030A93079B1F
:10274000039392460A9B4B450BD1059A079B013791
:10275000134490445F4401225A45C0F2A9800134D9
:10276000B6E7327819F8013F8DF83B30FF2A0CD0DC
:1027700093420AD0049A039B524453440492229AEF
:1027800012F803A001330393DCE70DF13B0243F0A1
:102790008005082010928DF83B5007F057F850B193
:1027A0004B4B43614B4BC0E90635042303740023B4
:1027B00043748374C374454900234FF404521DF0DD
:1027C0005EFA089951F8040B836812AA1D6816ABCB
:1027D000A8470546082007F039F850B13E4B436141
:1027E0003C4BC0E90635042303740023437483740F
:1027F000C374364900234FF404521DF040FA9DF88B
:102800003D309DF83E20002B14BF19461146029121
:102810000C209DF83C100B91CDE90C2307F016F825
:1028200088B12E4B43612B4B83610D9B0362029B4E
:10283000836207230B990C9A03740023C1614262DF
:1028400043748374C374214900234FF464521DF010
:1028500016FA002D7FF476AF229B039A1344554558
:1028600088D013F8012B02998A421FD19DF83B4072
:102870003470082006F0EAFF50B1194BC0E9053466
:10288000029BC36104230374002343748374C374E1
:1028900000230E494FF403521DF0F1F9049B1D442F
:1028A000239B53F8250019B0BDE8F08F0135D6E71A
:1028B0002299C95C01330B44884401324CE74FF044
:1028C000FF30F0E7002503004482030044230300A7
:1028D000FA8003006B820300CE810300DA810300DB
:1028E0000A82030007EE900AB8EEE77ADFED0C7A71
:1028F0000C4B0D4AC7EE276A10B5044693ED007ADB
:10290000C6EE877AFDEEE77A17EE903A18B210809D
:10291000064A126880B2526A9047054B1C6010BD8F
:1029200000007A44C4370020B05900207C07002002
:102930007407002070B5114C2378C3B9104D2C7862
:10294000C4B9104818F02CF8062006F07FFF30B10B
:102950000D4B43610223037444748474C474BDE852
:1029600070400A4900234FF486521DF088B91BF0CD
:10297000E2FDE1E71BF0DFFDE1E700BFB75B002010
:10298000B25B0020181E00208B8203001C23030072
:1029900010B5094C23785BB11EF0A7FE074BC3E9C5
:1029A0000001002323700648BDE8104018F03EBD2A
:1029B0000123237010BD00BFB15B0020F81E002072
:1029C000181E002007B5054B0193054B009302220A
:1029D000044BFFF75FFE03B05DF804FBC029030062
:1029E0002D8A0300448A03001FB5074B0393074B4E
:1029F0000293074B0193074B00930B23FFF7D0FC87
:102A000005B05DF804FB00BF50290300C189030035
:102A1000F1890300108A0300044B1B68002BA6BF3A
:102A2000034A52F823000348704700BF8407002080
:102A3000BC080020A3820300044B1B68002BA6BF28
:102A4000034A52F823000348704700BF8007002064
:102A500024080020B9820300044B1B68032B9ABF93
:102A6000034A52F823000348704700BFC0370020D4
:102A700014090020B982030010B5124B1A68124BDA
:102A80009A4204460BD1114B2360012002F098FCBE
:102A900000280CBF4FF0FF306FF0010010BD1BF09D
:102AA0004DFD0B4AD2E90032C01A40F2E93361EB26
:102AB0000201984271F10001E5DA064B1B682360C0
:102AC0000020EBE77C070020302A03000000C8410B
:102AD00050050020D43700202DE9F041204B21493A
:102AE0001B68214AB3F8760318B1888093F87A03FB
:102AF0001070B3F878031D4D1D4C18B193F87B335B
:102B0000A880237008208F88167806F09FFE48B1B1
:102B1000184BC661C0E905370423037400234374CE
:102B20008374C374144900234FF403521DF0A7F8B3
:102B30000820AD88247806F089FE48B10F4BC461A7
:102B4000C0E9053504230374002343748374C374FC
:102B5000BDE8F041084900234FF403521DF08FB83F
:102B600038070020F8370020D80C0020F03700206C
:102B7000D70C0020BE8203001C230300E482030064
:102B8000094B0A4A1B689288A3F87623084A928860
:102B9000A3F87823074A127883F87A23064A127832
:102BA00083F87B23F5F7CEBF38070020F8370020E5
:102BB000F0370020D80C0020D70C0020054B1B68F4
:102BC0000022A3F87623A2F58032C3F87823F5F724
:102BD000B9BF00BF380700202DE9F84FB44E00AF51
:102BE0003378002B59D1B34B1C78002C40F05E8118
:102BF00001233370FFF770FFAF4BB04A5A600620D5
:102C000006F024FE30B1AE4B4361022303744474DA
:102C10008474C474DFF8F892AA49AB4CDFF8F482EC
:102C200000234FF486521DF02AF8A3484946FFF7C7
:102C3000C9FE051EC0F2D7809F48FBF7CDFE112DBF
:102C40002EDD062006F002FE38B1A04B43610223C0
:102C50000374002343748374C3749A4900234FF4AC
:102C600084521DF00CF8FFF7A9FFC4F8008008207B
:102C70000024347006F0EAFD40B1954B4361954B5A
:102C800083610323037444748474C4748D490023E2
:102C90004FF4C2521CF0F3FFBFE01BF04CFC9FE767
:102CA0008D4BEA4688B053F825306A468B49C2E915
:102CB00005134FF400739383894B42F8103F0023B0
:102CC00080484FF4E65106F0A1FF864B53F82530BB
:102CD000D546002BC7D04345C5D099F90020DFF871
:102CE0003882DFF838A2DFF838922360002A60DAF1
:102CF0000022DB6A1146022098470446002858D17A
:102D0000062006F0A3FD30B1774B43610223037424
:102D100044748474C474DFF80CB26A4900234FF41D
:102D200086521CF0ACFFBBF80420802A9DBF002215
:102D3000ABF804206D4A02F07F029ABFFF211170A8
:102D4000ABF80420FBF7EEFE684A6949FFF74CFE3A
:102D5000132804466AD8674B53F82010002900F066
:102D6000E380414500F0E08091F821209BF80400C9
:102D700091F82010FBF73AFEBBF8042042F08002E5
:102D8000ABF80420002800F0CF80082006F05EFD9C
:102D900048B1594B43614F4B8361032303740023B4
:102DA00043748374C374474900234FF4C2521CF028
:102DB00066FF4FF0FF34062006F048FD38B14F4B58
:102DC000436102230374002343748374C374002398
:102DD0003C494FF484521CF052FFCAF80080002393
:102DE00089F8003051E0082006F030FD48B1444B2E
:102DF0004361384B8361032303740023437483745A
:102E0000C37400232F494FF4C2521CF038FFFFF760
:102E1000D5FE0023C4F8008033700121084602F07B
:102E20000FFA4FF0FF30BD46BDE8F88FC3DD062036
:102E300006F00CFD38B1254B4361022303740023D7
:102E400043748374C3741F4900234FF484521CF0ED
:102E500016FFCAF8008008204FF0000889F80080AB
:102E600006F0F4FC58B1274B43611A4B83610323EE
:102E7000037480F8118080F8128080F81380114963
:102E800000234FF4C2521CF0FAFEFFF779FE2146F0
:102E90002846F3F74BFB1C4B1D601C4B1C60054B7D
:102EA000012000211870317002F0CAF90020BAE741
:102EB000B75B0020B85B0020BC070020809698001C
:102EC000138303001C2303007C0700202C830300D2
:102ED0005E8303003B880300BC080020418303009D
:102EE000030000017408002074830300D70C002045
:102EF000F4370020D4070020A3830300DA83030003
:102F00004A830300F3830300840700208007002026
:102F1000D80C0020302A03000C2A03007807002078
:102F2000B55B0020F0370020114BEB4688B053F81A
:102F300024306A460F49C2E905134FF400739383A6
:102F40000D4B42F8103F00230C484FF4E65106F0B9
:102F50005DFE0B4B53F82430DD46002B3FF479AF78
:102F600043453FF476AFCAF80030012338E700BF8D
:102F70002408002041830300030000011C230300F8
:102F8000D407002008B502F0F9F8FFF725FED0B10C
:102F9000A420002118F0F0F9062006F057FC38B103
:102FA0000B4B436102230374002343748374C37483
:102FB00000234FF4865207491CF061FE064B0022A5
:102FC0009A80FFF709FEBDE8084002F0C3B800BFD1
:102FD000128403001C230300F83700202DE9F14F71
:102FE000894B8A4D1B68DE8816F0200600F0DE80D3
:102FF000062006F02BFC38B1854B43610223037495
:10300000002343748374C374824900234FF48652AF
:103010001CF035FE002637462B6803EB86030E2096
:10302000D3F844B1D3F850A1D3F85C91D3F86881B8
:1030300006F00CFC0446D0B1774B43615846EDF7DF
:103040000BFBC4E906015046EDF706FBC4E9080195
:103050004846EDF701FBC4E90A014046EDF7FCFAEA
:10306000C4E90C010A2323746774A774E7746949DF
:10307000002345F2C002204601361CF000FE032E5C
:10308000CAD12B680C20D3F8FC80D3F80071D3F898
:10309000046106F0DBFB0446B0B1604B436140467F
:1030A000EDF7DAFAC4E906013846EDF7D5FAC4E9D6
:1030B00008013046EDF7D0FA0823C4E90A01237469
:1030C00000236374A374E3740023524944F2C002E2
:1030D00020461CF0D4FD524B1B78002B4CD0514B9A
:1030E0001B78002B48D0062006F0B0FB38B14E4BC1
:1030F000436102230374002343748374C3744549FA
:1031000000234FF486521CF0BAFD002637462B6888
:1031100003EB86030E20D3F814B1D3F820A1D3F823
:103120002C91D3F8388106F091FB0446D0B13A4B8C
:1031300043615846EDF790FAC4E906015046EDF7B1
:103140008BFAC4E908014846EDF786FAC4E90A019A
:103150004046EDF781FAC4E90C010A232374677431
:10316000A774E7742B49002345F2C00220460136BC
:103170001CF085FD032ECAD12B6893F87431002B07
:103180003ED0062006F062FB38B1284B4361022393
:103190000374002343748374C3741E4900234FF4E3
:1031A000865201B0BDE8F04F1CF069BD2B680C20C1
:1031B000D3F8F090D3F8F480D3F8F87006F046FB1B
:1031C0000446A8B11A4B43614846EDF745FAC4E9F5
:1031D00006014046EDF740FAC4E908013846EDF72C
:1031E0003BFAC4E90A01082323746674A674E674E2
:1031F0000849002344F2C00220461CF040FD40E78D
:1032000001B0BDE8F08F00BF340700203807002070
:10321000475403001C2303005D540300BA5203000B
:10322000B55B0020B45B0020145503002C84030020
:103230009752030010B50A4B1B7883B1094C0A4B17
:1032400020681B6800F275109B689847074A23683E
:10325000126883F87421BDE81040F5F773BC10BD07
:10326000B95B00203807002088070020C037002005
:1032700008B5034B1B780BB1F0F78EFA08BD00BF01
:10328000B85B002010B5034C237803B910BD1BF0C8
:1032900052F9F9E7B25B0020044B01221A70044B8B
:1032A0001B780BB1FFF746BB704700BFB65B002031
:1032B000B25B00202DE9F0433F4E337889B00446DD
:1032C0000BB1002875D0FFF7E7FF3C4809F076FB0B
:1032D000062006F0BBFA38B1394B43610223037470
:1032E000002343748374C374002336494FF4865219
:1032F0001CF0C5FC344B00251D703570CCB1334B30
:10330000334A9D80334B9D80FF231370324A062041
:10331000137006F09BFA30B1304B43610223037403
:1033200045748574C574274900234FF486521CF0F8
:10333000A6FC4FF000084FF0000900250727CDE953
:103340000689CDE90375CDE90155254B2549009541
:103350004FF48062194817F059F94FF0FF331748BE
:103360004FF0FF3218F0AAF93378FBB1F4B1022420
:10337000CDE90689CDE90374CDE901551A4B194908
:103380000E4800954FF4806217F040F9062006F0D1
:103390005DFA28B1154B4361047445748574C57496
:1033A000084900234FF486521CF069FC307880F005
:1033B000010009B0BDE8F083B85B0020181E0020B2
:1033C000758703001C230300B65B0020F83700203C
:1033D000D80C0020F0370020D70C00208B8703008A
:1033E000852F01000074002071320100A1870300C5
:1033F00070B500201B4EFFF75DFF347805468CB991
:10340000D8B901F0BBFE33783BB9174B1B685B683A
:103410009847BDE8704001F09DBE144B1B685B6887
:103420009847F2E701F0AAFE33781BB10F4B1B68F7
:103430005B689847002DECD1E7E7082006F006FA14
:1034400040B10B4B43610B4B836103230374447402
:103450008474C474BDE87040074900234FF4C2521D
:103460001CF00DBCB55B00207C0700207807002015
:10347000B58703001F8803001C23030010B500203C
:10348000FFF718FF50B901F079FE0F4B1B689B6ADC
:103490009847044601F05EFE204610BD082006F065
:1034A000D5F948B1094B4361094B83610323037488
:1034B000002343748374C374064900234FF4C2523B
:1034C0001CF0DDFB0024E7E77C070020D487030025
:1034D0000E8803001C23030010B50D4B1B78B3B1FD
:1034E0000C4817F049FD062006F0B0F938B10A4B38
:1034F000436102230374002343748374C374BDE8DF
:103500001040064900234FF486521CF0B8BB10BD92
:10351000B65B0020181E0020F88703001C23030060
:10352000084B1B7863B1084A084B92ED001A084A11
:103530001B68D2ED000A074A1B6892ED000A184783
:10354000704700BFAD5B0020C8370020880700200F
:10355000D0370020CC3700201FB5FFF7E1FF0D4B1F
:103560001B786BB10023CDE9013303930A4B1B6831
:1035700001A81B6A9847FFF75DFE05B05DF804FBE4
:10358000064A126882F8743105B05DF804EBF5F76D
:10359000D9BA00BFB95B0020880700203807002097
:1035A0009FED010A704700BF000000009FED010A77
:1035B000704700BF0000000038B5264C20681DF0A1
:1035C0007CFF38B96FF00100234AB0FA80F35B0941
:1035D000137038BD214D28461DF06FFF0028F1D033
:1035E0006B68A9681B682A6998040AD41C491D489D
:1035F0004FF47F721BF095FE19484FF47F711BF05A
:1036000087FE136823F4005313600B684FF4C02245
:103610000D21284698470028D6D10146142204F1EE
:103620000C001EF0D6F804F1200262610222A261B1
:1036300040F20E720123A28321460B4A2361A37735
:103640004FF40073C4E9012351F8040B83681B682D
:103650009847B9E724090020BA5B0020EC19030061
:103660005D8503008E8503000404034010B5144BF0
:103670001B780BB3134B59681A69096889040AD47B
:103680001149124840F28D621BF04BFE0E4840F289
:103690008D611BF03DFE1268920448BF80F001006E
:1036A00038B19B68DB680748BDE810404FF4005113
:1036B00018479B681B69F6E76FF0010010BD00BF5B
:1036C000BA5B0020EC1903005D8503008E850300C2
:1036D00073B5144B1B7813B3134D294651F80C0BDB
:1036E00083685B6898470023AB77B0B92B68B5F95E
:1036F00020409B6828791B892E7F634301A9019391
:103700000CF0B2F808B9019C344108484CF2387208
:10371000002384FB0001EDF76FFB02B070BD6FF07A
:103720000100FAE7BA5B002024090020D84D02000E
:1037300070B506460120FFF799FF044670B9FFF700
:10374000C7FF05462046FFF791FF002D08DB3560D7
:1037500028460449BDE870401AF020BF4FF0FF34FE
:10376000204670BD383D030070B51DF0BEFF084B0C
:103770001B68D3E90A24D3E90856521B64EB0604FC
:10378000121844EB0104C3E90A24C3E9080170BD1F
:103790003807002010B50446FFF7E6FF0B4B1B6807
:1037A000002000214FF4FA721C835C8304F2F314AE
:1037B00094FBF2F4C4EB441204EB8204C3E90A0163
:1037C000C3E90E01A4001C8610BD00BF380700200D
:1037D0001FB50D4B1B68B3F91810B3F91A20881ADE
:1037E000B0F57A7F0DDBADF80220D3E90A23ADF8FE
:1037F0000010CDE90223002110236A46082001F0C1
:1038000087FF05B05DF804FB380700202DE9F04F75
:1038100098208FB018F0CCFC00254FF0FF3A81467D
:10382000A0F108062F46AB46A846544605F109000C
:10383000202206A980B201F0A7FFBDF81820B2B37C
:103840000023DDE90801EDF7D7FA4FFA85FAC71929
:1038500008F101084BEB010B02460B46B4F1FF3FA8
:1038600008BF54465FFA88F846F8082F0135132D33
:103870007360DBD1B8F1010F01D9631C19D10620A7
:1038800005F0E4FF38B1414B436102230374002388
:1038900043748374C3743E4900234FF484521CF074
:1038A000EEF948460FB0BDE8F04F1DF048BF134693
:1038B000DAE7242018F07CFC2422002100901DF07F
:1038C00088FFC4EB441304EB83039B009BB2424686
:1038D00002933846002359460AF10105EDF78CFAA8
:1038E0002D1BC5EB451605EB8606A5EB0805EA176B
:1038F00005FB01F302FB0033B600A5FB00521344A5
:1039000036B2EA194FF0000543EB0B030190039127
:1039100009EBC407A8464FEAE67B544515DB484649
:103920001DF00DFF1B4B009A19681D202423403108
:1039300001F0EEFE00981DF002FF174A137823F005
:10394000080313700FB0BDE8F08FD7E9001051EAFB
:10395000000C04BF01990398491940EB08080D4673
:1039600006FB08F1A6FB050C05FB0B116144CDE934
:103970000432EDF741FA029B1844009B083723F804
:103980001400DDE904320134C7E700BF568A0300A2
:103990002422030038070020BD5B002008B5054B3A
:1039A000186031B9044B18601DF09FFE034BC3E94A
:1039B000000108BD4C09002048090020481F0020D4
:1039C00070B5474B474CB3F900208242054603D1FE
:1039D000B4F90050284670BD18804FF4FA7390FB7C
:1039E000F3F3D9B24A1E112A36D83F4A10685A1E3C
:1039F00012B2203230F912204AB1122935D191B2D7
:103A000042F2107399423BD842F21C5314E0C3EBCC
:103A1000431203EB82029200122912B2F4D0203337
:103A200030F91330002B54D14B1CDBB2C3EB4311E4
:103A300003EB81039B001BB29A4221DC4FF4FA7026
:103A400095FBF0F100FB115109B29B1A4B4393FB1C
:103A5000F0F313441DB227E0C1EB411201EB8202E7
:103A60009200112990B212B220D81F48203300686A
:103A700030F9133096B242F2107043BB8642D3D96C
:103A8000082005F0E3FE48B1184B4361184B8361F1
:103A900003230374002343748374C3741549002300
:103AA0004FF4C2521CF0EBF8258093E70131C1EBD3
:103AB000411301EB830189008BB242F210718842FD
:103AC000DED842F604118B42DAD81BB2B6E7864242
:103AD000D6D898B242F604118842D1D8ACE700BFDC
:103AE0003A0C0020380C002038070020068C030018
:103AF000B38C030024220300014B1868704700BFF9
:103B00004C090020054B1B6841F29312A3F2DD50D3
:103B1000904294BF18464FF0FF307047480900208C
:103B2000014BB3F9000070473E0C0020014BD3E974
:103B300000017047481F00202DE9F041244F254D1A
:103B40003C7814F0010488B004D0D5E9000108B035
:103B5000BDE8F08100220023C5E9002309262022C8
:103B60006946304601F010FEBDF800206AB100231E
:103B7000DDE90201EDF740F9D5E90023801843EBB8
:103B80000103C5E900030134E4B20136B6B21C2ECC
:103B9000E5D1D4B1D5E90086C4F11400C31700FB08
:103BA00006F108FB0311A0FB080C00232246614428
:103BB000EDF722F93B7810EB080046EB010143F0EA
:103BC0000103C5E900013B70C1E720462146BEE77D
:103BD000BD5B0020301F00202DE9F041234F244D14
:103BE0003C7814F0020488B004D0D5E9000108B094
:103BF000BDE8F08100220023C5E900230926202228
:103C00006946304601F0C0FDBDF8003053B1D5E93A
:103C10000021049B9B18059A42EB0102C5E9003282
:103C20000134E4B20136B6B21C2EE8D1D4B1D5E9E4
:103C30000086C4F11400C31700FB06F108FB031152
:103C4000A0FB080C002322466144EDF7D5F83B7831
:103C500010EB080046EB010143F00203C5E9000147
:103C60003B70C4E720462146C1E700BFBD5B002092
:103C7000281F00202DE9F041234F244D3C7814F0FB
:103C8000040488B004D0D5E9000108B0BDE8F08193
:103C900000220023C5E90023092620226946304678
:103CA00001F072FDBDF8003053B1D5E90021069B4B
:103CB0009B18079A42EB0102C5E900320134E4B2D5
:103CC0000136B6B21C2EE8D1D4B1D5E90086C4F1D4
:103CD0001400C31700FB06F108FB0311A0FB080C3E
:103CE000002322466144EDF787F83B7810EB08008B
:103CF00046EB010143F00403C5E900013B70C4E752
:103D000020462146C1E700BFBD5B0020201F0020E8
:103D100070B51B4E33781B0703D51A4BD3E900014E
:103D200070BD194B194AD3E90013914273F1000396
:103D300002D200200146F3E7FFF7FEFE50EA01033E
:103D400004460D46F5D0124BB3F900000028F0DB15
:103D5000FFF736FE031EECDBDA175D43A3FB04011D
:103D600004FB0255002342F210722944EDF744F897
:103D7000044BC3E90001337843F008033370CFE705
:103D8000BD5B0020181F0020401F002001001E0006
:103D90003E0C002070B50F4E0F4D337813F010031A
:103DA00088B002D0286808B070BD2B600924204676
:103DB0002022694601F0E8FC01342B68BDF80000C0
:103DC000A4B218441C2C2860F1D1337843F01003BE
:103DD0003370E8E7BD5B00200038002070B5104E5E
:103DE000104D337813F0200388B002D0287808B043
:103DF00070BD2B70092420226946204601F0C4FCC6
:103E0000BDF8003013B12B7801332B700134A4B20C
:103E10001C2CF0D1337843F020033370E6E700BF69
:103E2000BD5B0020BC5B00200A4B1A6800233E32B9
:103E300032F9021F002907DDDBB2C3EB431203EBAB
:103E40008203980000B270470133122BF0D14FF07B
:103E5000FF30704738070020094B1A68112303F11F
:103E6000200132F91110002902DC013BDBB2F6E738
:103E70000233C3EB431203EB8203980000B2704796
:103E80003807002030B52B4D2B788DB033B92A4838
:103E90001BF0D4F901232B700DB030BD27481BF067
:103EA000CDF94FF0FF30FFF775FC10220021684676
:103EB0001DF08FFC10236A460021082001F028FC29
:103EC00009242022002104A81DF083FC204601348F
:103ED000202304AA0021A4B201F01AFC1C2CF0D16A
:103EE000242018F065F92422002104461DF071FCFD
:103EF000134B19682246242340311D2001F008FC91
:103F000020461DF01CFC0F4B002406201C702C705A
:103F100005F09CFC30B10C4B4361022303744474E4
:103F20008474C474094900234FF486521BF0A7FE21
:103F3000B2E700BFBB5B0020188C0300828C03003B
:103F400038070020BD5B00209D8C03002422030065
:103F50000F4B53F8203022EAE272002B01FB02F2F1
:103F600042F21071B2FBF1F20BDA0A4B1B68B3F9A3
:103F70000A304FF4FA60534393FBF1F35843F0F7E0
:103F8000D7BE4FF4FA605A43B2FBF1F25043F6E762
:103F9000602A03003407002010B5034600681B792F
:103FA00002690121994043681B6819420AD10A49F4
:103FB0000A4840F28D621BF0B4F9074840F28D6167
:103FC0001BF0A6F9136819428368BDE810400CBFC6
:103FD0001B69DB68184700BF5D8503008E85030001
:103FE00070B503460C46DA8800681979224302F05E
:103FF0003004302CD0E9013605690AD11849194836
:1040000040F2E2321BF08DF940F2E23114481BF02D
:104010007FF902F00604042C08D11149114840F23E
:10402000E9321BF07EF940F2E931EFE71B68012429
:104030008C401C4208D10A490A484FF47F721BF099
:1040400070F94FF47F71E1E72B6812F0010F14BF94
:104050002343A3432B603368BDE87040184700BF7B
:104060005D8503008E85030010B5174C4FF40031B9
:104070002046FFF7B5FF2046144CFFF78DFF4FF4A5
:1040800000312046FFF7ACFF2046114CFFF784FFBC
:104090004FF400312046FFF7A3FF20460D4CFFF7F9
:1040A0007BFF4FF400312046FFF79AFF20460A4C71
:1040B000FFF772FF4FF400312046FFF791FF2046D3
:1040C000FFF76AFF002010BD942A03008C2A03002A
:1040D000842A03007C2A0300742A0300012870B597
:1040E000354E04460D4639D817F0E6F9334B834276
:1040F00034D1334B1B68F4542F49002211F8013B93
:10410000012B03D10132082AF8D123462D49087822
:10411000984225D1012B4DD8294B1A602A4B0022F9
:104120001A600021294806F095F929480021FFF777
:1041300057FF28480021FFF753FF27480021FFF7CA
:104140004FFF26480021FFF74BFF25480021FFF7CE
:1041500047FF1A48BDE8704016F022BC7455CBE703
:104160000B7017490A60184A0021012B1160D8D939
:1041700017F0A2F9114DA842044610D0284616F0B7
:104180000FFC0121114806F065F9FFF76DFF284685
:1041900016F0F2FE2846BDE8704017F047B901213D
:1041A0000A4806F057F9FFF75FFF204616F0E4FED5
:1041B0002046F0E770BD00BFD90C0020501F002042
:1041C00008380020BE5B002004380020C01B03001C
:1041D000942A03008C2A0300842A03007C2A03000B
:1041E000742A030038B5AD4DAD4C2B78023B122B31
:1041F0001AD8DFE813F013001D003300430052000B
:10420000680078008C009D00AD00B300C100F10093
:104210000B011D01270131013901440142F21072E5
:1042200011460020FFF794FE9E4816F0B9FBDCE72C
:104230002268013202F0010248BF524242F210717C
:10424000042022604A43FFF783FE2368012B14BF3A
:104250004FF4617064201AF0E2F9C6E72268013277
:1042600002F0010248BF524242F210712260002067
:104270004A43FFF76DFE4FF4FA70ECE72268013213
:1042800002F0010248BF524242F210712260002047
:104290004A43FFF75DFEC820DDE72368013313F0D2
:1042A000010F42F210710CBF0A4600220120236068
:1042B000FFF74EFE2368032B40F0EE800021012023
:1042C000FFF70CFF91E72368013313F0010F42F26F
:1042D00010710CBF0A46002201202360FFF738FE50
:1042E0002368052BE8E72368013313F0010F42F23E
:1042F00010710CBF0A46002203202360FFF728FE3E
:104300002368072B40F0C88000210846D8E72368BF
:10431000013313F0010F42F210710CBF0A46002264
:1043200001202360FFF714FE2368052BB3D1C5E7F6
:104330002368013313F0010F42F210710CBF0A46DB
:10434000002201202360FFF703FE2368092BEDE71D
:1043500042F210724FF4FA61012063E722680132E1
:1043600002F0010248BF524242F2107322604FF441
:10437000FA615A4303207CE722684FF47A730132D2
:1043800092FBF3F103FB1122B2F5FA7F2260C8BF62
:104390009A1AC72A08DC1E235A43032042F21071DE
:1043A000FFF7D6FD052056E7B2F5967F06DAC83A44
:1043B000142141F2707301FB0232EEE7B2F5C87FBF
:1043C000ABBF02EB8202C2EB021202F5EA5202F626
:1043D000AC52A8BF0C32E0E72368013303F00103BD
:1043E0001A4642F2107148BF5A42002B22604FF029
:1043F00000000CBF0A460022FFF7AAFD2368002B2D
:1044000042F2E45008BF4FF4967024E722680A2372
:10441000013292FBF3F103FB11222260032AD4BF85
:1044200002F00102002242F210714A43022020E70A
:1044300022680A23013292FBF3F103FB112222606E
:10444000052AECE722680A23013292FBF3F103FB11
:1044500011222260072AE2E72268013202F00102FB
:1044600048BF52422260DEE72268013202F00102B8
:1044700048BF524242F2107122604A437AE72268F2
:10448000013202F0010248BF524242F21071226032
:1044900002204A43FFF75CFD6420DCE6BE5B00209F
:1044A00004380020501F002007B5012000F088FFCD
:1044B00088B1062005F0CAF938B11B4B43610223CD
:1044C0000374002343748374C374184900234FF4A6
:1044D00084521BF0D4FB042000F072FF88B1062048
:1044E00005F0B4F938B1124B436102230374002381
:1044F00043748374C3740D4900234FF484521BF03A
:10450000BEFBFEF7C9FEFEF773FF00210846FFF76A
:10451000E5FD9FED080A01A900201AF0FAF801F064
:1045200087F803B05DF804FB088D0300F422030054
:104530003E8D03000000000008B5036859090246DB
:1045400013D0012906D103F01F034FF6FF71D940A4
:10455000C80712D40A490B4840F2CA321AF0E1FEE9
:10456000074840F2CA311AF0D3FE4FF0FF31D9406C
:10457000C907EFD54FF0A04000E00348136008BD25
:10458000748D03008E8503000003005010B50820D1
:1045900005F05CF948B1094B4361094B8361032382
:1045A0000374002343748374C374BDE81040054949
:1045B00000234FF4C2521BF062BB00BFA78D030063
:1045C0007A900300F4220300034B1A680AB1FFF744
:1045D000DDBF1860704700BF0C38002008B506200A
:1045E00005F034F938B1094B436102230374002309
:1045F00043748374C374002305494FF486521BF03F
:104600003EFBBDE80840C8201AF028B8D88D03004A
:10461000F422030008B5064805F0BEFA30B143683D
:104620005B791BB1BDE80840FFF7D8BF08BD00BFEC
:10463000F18D030037B50446062005F007F938B1BF
:104640006C4B436102230374002343748374C3746B
:10465000002369494FF486521BF011FB674B1B681E
:104660005B88DB0633D594BBF3F740FE58BB644C44
:10467000D4E90032134308D119F0E2FF47F2305376
:10468000C01841F10001C4E9000119F0D9FFD4E9D3
:104690000023904299414FF0060080F2988005F087
:1046A000D5F838B1574B4361022303740023437498
:1046B0008374C374504900234FF4865203B0BDE89D
:1046C00030401BF0DCBA00F081FE0028CFD0FFF7AD
:1046D000EBFEFEF7AFFDFEF7D1FE0446062005F027
:1046E000B5F838B1484B4361022303740023437487
:1046F0008374C374404900234FF486521BF0BFFA01
:10470000082005F0A3F850B1404B43612B23C0E9CA
:10471000063404230374002343748374C37436493A
:1047200000234FF403521BF0AAFA2B2501A8019590
:10473000FFF702FF019B019500EB8300344BD0F89B
:1047400000271340C4F3071243EA8203C0F800377E
:1047500001A8FFF7F1FE019B00EB830004F00F04BA
:10476000D0F8003723F4403343EA0444C0F800474C
:10477000062005F06BF838B1264B43610223037421
:10478000002343748374C3741B4900234FF486527F
:104790001BF075FA062005F059F838B11E4B43613D
:1047A00002230374002343748374C3744FF486524A
:1047B000114900231BF063FA184B1978184BB3F911
:1047C0000000F0F735F8FFF725FF1AF0B9FE05F005
:1047D0003DF838B1134B4361022303740023437443
:1047E0008374C374044900234FF486521BF047FAC4
:1047F0006DE700BF028E0300F4220300340700209F
:1048000030200020188E03006A8E0300818E030082
:10481000F0F8FCFFA28E0300BE8E0300C35B0020F5
:104820006E0C00204F8E030008B5062005F00EF830
:1048300038B1174B4361022303740023437483741C
:10484000C374144900234FF486521BF018FAFFF783
:104850002BFE062004F0FAFF38B10F4B4361022310
:104860000374002343748374C3744FF4865209495C
:1048700000231BF004FA094B1978094BB3F9000027
:10488000EFF7D6FFFFF7C6FE012003F00DFD00BFD6
:10489000CF8E0300F4220300E78E0300C35B0020E9
:1048A0006E0C002073B50446062004F0CFFF38B12B
:1048B000654B436102230374002343748374C37400
:1048C000624900234FF486521BF0D9F9FFF7ECFD43
:1048D00019F0B6FE05460E461CB921460820FFF722
:1048E000FDFBFEF76BF9062004F0B0FF38B1584B22
:1048F000436102230374002343748374C3745349D4
:1049000000234FF486521BF0BAF9082004F09EFFF2
:1049100048B1504B43612B2383610323037400236D
:1049200043748374C3744FF4C652484900231BF088
:10493000A6F92B2301A80193FFF7FEFD019B00EBD5
:104940008300454BD0F80027134043F00603C0F81E
:104950000037062004F07AFF38B1404B4361022350
:104960000374002343748374C374384900234FF4E1
:1049700086521BF084F9082004F068FF48B1384BD8
:1049800043611F23836103230374002343748374EF
:10499000C3744FF4C6522D4900231BF070F91F2336
:1049A00001A80193FFF7C8FD019B00EB83002A4B90
:1049B000D0F80027134043F00203C0F80037062068
:1049C00004F044FF38B1274B4361022303740023F2
:1049D00043748374C3741D4900234FF486521BF043
:1049E0004EF9062004F032FF38B11F4B4361022319
:1049F0000374002343748374C374144900234FF475
:104A000086521BF03CF9194B1978194BB3F9000089
:104A1000EFF70EFFA4B940F28A2419F011FE401BF3
:104A200061EB0601A04271F1000105DB002108469F
:104A3000FFF754FB1AF084FD012019F00FFEECE79C
:104A4000FFF7E8FDF6E700BFF58E0300F422030050
:104A50000A8F03002D8F0300F0F8FCFF428F030044
:104A6000608F0300748F0300BE8E0300C35B0020C1
:104A70006E0C00202DE9F04F2DED028B082197B030
:104A80000E20FFF72BFB8748002105F0E3FC864B47
:104A90001B68013B042B09D8DFE813F00500440034
:104AA000A001460048000020FFF7C4FD7E4A7F4C6D
:104AB0000023136019F03AFE804619F039FE834650
:104AC00019F038FE029007A800F07EFD054608A800
:104AD000FDF7D2FFDDED077A9DED088AF4EEC87A86
:104AE000F1EE10FAF4EE487A54BFF0EE488AF0EE98
:104AF000678AF1EE10FAC8BFB0EE678A002D00F0A9
:104B00009180471C15D0002800F08C8002302AD1FB
:104B1000674B4FF0FF304FF0FF31C3E90001012335
:104B2000237020E00120BFE7FFF77EFE0120FFF7A2
:104B3000B9FE5F4DD5E90023B3F1FF3F08BFB2F1E5
:104B4000FF3F03D119F07CFDC5E9000119F078FDA4
:104B5000D5E90032C01A40F2E93361EB0201984214
:104B600071F10001DBDA2478524D002C00F08380D3
:104B7000514B1C78002C7ED02E7896B9082004F07A
:104B800065FE40B14D4B43614D4B8361032303747C
:104B900046748674C6744B4900234FF4C2521BF00E
:104BA0006EF84FF0FF3909A82C70FEF7C1FD05B271
:104BB000002D14DA082004F049FE50B1424B436145
:104BC000424BC0E906350423037400234374837405
:104BD000C3743C4900234FF401521BF050F83C4A87
:104BE0001378172B9CBF01331370099A40F2DC53E2
:104BF0009A42A2F1640A374B47DD41F20C718A45B3
:104C000000F2F98034491C780968002935DAADB31F
:104C1000002C40F0E58041F2CC018A42264661DC5E
:104C2000012761E019F00CFD214BC3E90001237855
:104C300083B9F1EE047AF4EEE78AF1EE10FA3FF56B
:104C40006EAFDFED267AB4EEE78AF1EE10FA3FF7A9
:104C500066AF88E7F2EE047AF4EEE78AF1EE10FA36
:104C600081DDDFED1F7AB4EEE78AF1EE10FA7FF511
:104C70007AAF002354E7A14695E7C9D1002C40F054
:104C8000B88041F2CC010124C7E71C78002C40F029
:104C9000B28041F20C7292452746264624D9002262
:104CA0001A7021E0581A03000C380020C15B002064
:104CB00060050020BF5B0020C35B00208D8F0300D8
:104CC00067900300F4220300A88F03009290030072
:104CD000C75B0020C55B0020500900200000344263
:104CE0000000204201271F704FF08042D2F8382484
:104CF00002F001020392524A117800297FD1BBF1E0
:104D0000000F05D1029919B91B780BB9039B23B188
:104D100001211170102000F093FA4A4B029A1A7088
:104D2000494B1B780593002B39D1099B049308202C
:104D3000002F74D004F08AFD68B1444A049B42619C
:104D4000C3616422059B95FBF2F282610422027426
:104D500043748374C37400234FF403523C491AF024
:104D60008EFF41F20C739A4516D9082004F06EFDAF
:104D700048B1384B4361384B8361032303740023EC
:104D800043748374C37400234FF4C25230491AF041
:104D900076FF324B01221A702B4B01221A7016B18A
:104DA000274B1B7813B1B8F1000F5DD0B4B10620CA
:104DB00004F04CFD38B12A4B4361022303740023F5
:104DC00043748374C374224900234FF484521AF04D
:104DD00056FF1B4B00201978EFF72AFD0020A6E6AE
:104DE0000026344641F29A018A423FF719AF012763
:104DF00055E70126F6E70026374634464FE7BBF174
:104E0000000F8AD10299002987D11B78002B84D109
:104E1000039B002B81D182F800B059467AE704F059
:104E200015FD40B10F4B4361049B83610323037461
:104E300047748774C77400234FF4C6528EE700BFCF
:104E4000C35B0020C25B0020C45B0020CF8F030047
:104E5000F42203000290030092900300C05B002044
:104E60002A900300E48F0300AA4B1E68002E37DB54
:104E7000AB1B002BB8BF5B42B3F57A7F30DD0A2055
:104E800004F0E4FC0446D8B1A34B43613046EBF791
:104E9000D1FBA24B0022EBF761FDC4E906012846D5
:104EA000EBF7C8FB9D4B0022EBF758FDC4E9080166
:104EB0000623237484F8118084F8128084F8138008
:104EC000002397494FF4435220461AF0D8FE2E2271
:104ED00094484FF0FF311CF07CFC934B01221A7078
:104EE000904B0AAA03F1280C1E461868596814460C
:104EF00003C4083363452246F7D1186820609B88B5
:104F00008A4AA3801368ADF85650172126F813502B
:104F1000013393FBF1F001FB103313600AA9002267
:104F2000B1F9020053B20C4634F90269B04204DA16
:104F3000013B5BB2A6805E1CF6D101335BB216ACBE
:104F400004EB43030132172A23F8300C01F102016C
:104F5000E6D1704B744C00221A602378D908C3EB59
:104F6000D3031833DBB21046C1F118018B426ADB60
:104F7000684BB8F1000F00D01A6010B11D6895FBA6
:104F8000F0F51D606A4B1A6805F1640191426ADA16
:104F900019601B68674D6422643B5343632293FB93
:104FA000F2F32B80FEF7B4FE634BB5F900E01B680B
:104FB000D3F844C0002F67D0DFF88C814FF47A76A5
:104FC000A0FB062398F800A006FB0133D20B42EAAF
:104FD00043424FEAEC76DB0BBAF1000F4ED10143AE
:104FE00045D0624573EB060644D3544E0998317898
:104FF000FEF7D4FC2378182B01D0337823B1317815
:10500000B5F90000EFF714FCB5F900004C4CFEF7C1
:10501000D7FC099A00924B4A3178127803463846F9
:10502000F1F72CFB2378002B36D1B9F1000F33D1E7
:10503000042000F0C5F918B10021042000F000F9A7
:10504000002101203CE016AE06EB4306013336F9A1
:10505000306CB6F1FF3F1FBF01309219C0B24FF064
:105060000108DBB282E79542C8BF1D6091E7BEF53B
:105070007A7FBADA012388F80030B6E7014307D017
:10508000624573EB0606B0D32F4B00221A70ACE7D3
:10509000BEF57A7FA9DBF7E7042000F091F938B973
:1050A0000121042000F0CCF8B9F1000F06D1C7E7C8
:1050B0002378002BF8D1B9F1000FB9D000211420CA
:1050C000FFF70CF8214B1A78214B4AB11A783AB104
:1050D00006211320FFF702F8642019F0BFFAD2E48A
:1050E000BBF1000F02D006210D20F3E7029A12B1A6
:1050F00006210B20EEE71B78002BF4D1039B002B3D
:10510000F1D1114B1B7806210BB10C20E2E70120F5
:10511000E0E700BF500900203D9003000000594027
:10512000F4220300400C0020C75B00201038002050
:10513000540900206E0C002034070020C35B0020BF
:10514000C05B0020C25B0020C65B0020C15B00206A
:10515000C55B002010B5074C0748002105F07AF91F
:105160000021204605F076F920460021BDE81040D8
:1051700005F070B99C1B0300E41B030010B5074C3D
:105180000748012105F066F90121204605F062F982
:1051900020460121BDE8104005F05CB99C1B0300CE
:1051A000E41B030010B5054C237813B1044B1878A9
:1051B00010BD012016F01CF9F6E700BFC45B00200B
:1051C000C55B002038B50A4C0A4D23689B074FF099
:1051D000070106D40120FEF781FF284615F0E0FB09
:1051E000F3E71020FEF77AFF19F06EFAEDE700BF43
:1051F00014380020F8210020F8B50F4E0F4D346808
:10520000E20704F0050705D505210F20FEF766FF2C
:1052100019F05AFA630705D505211120FEF75EFF44
:1052200019F052FA002FEAD105210120FEF756FFAE
:10523000284615F0B5FBE2E714380020D8220020FC
:1052400070B5514D04462B680E46002900F0888049
:10525000034308282B6009D870B1441E072C0BD8D3
:10526000DFE804F023390A4F0A0A0A56202869D0D9
:1052700040286ED010285ED02868F1F72BFA08205D
:105280002C6804F0E3FA40B1404BC0E90534032335
:105290000374002343748374C374BDE870403C49B5
:1052A00000234FF4C6521AF0EABC082004F0CEFAEC
:1052B00048B1384B4361384B8361032303740023A7
:1052C00043748374C374324900234FF4C2521AF0FA
:1052D000D6FC324812E0062004F0B8FA38B1304B60
:1052E000436102230374002343748374C374284905
:1052F00000234FF484521AF0C2FC2A4815F03CFEF9
:10530000BAE7082004F0A2FA0028DCD0264BD1E747
:10531000062004F09BFA38B1244B43610223037446
:10532000002343748374C37400234FF486521849D6
:105330001AF0A5FCA0E7062004F088FA0028F3D0B4
:105340001B4BEAE7062004F081FA0028ECD0194B49
:10535000E3E7062004F07AFA0028E5D0164BDCE7F4
:1053600023EA000308202B6004F070FA38B1134BD5
:105370004674C0E90534032303748674C67400239D
:105380004FF4C652D3E700BF143800205B910300EE
:1053900064230300C590030066910300D822002017
:1053A000E4900300F8210020F5900300079103002A
:1053B00015910300259103003991030048910300E2
:1053C000014B1B681840704714380020034B1B68C2
:1053D00033F002030CBF0120002070471438002076
:1053E00008B503685909024613D0012906D103F014
:1053F0001F034FF6FF71D940C80712D40A490B4862
:1054000040F2CA3219F08DFF074840F2CA3119F054
:105410007FFF4FF0FF31D940C907EFD54FF0A040D3
:1054200000E00348136008BD748D03008E850300FF
:1054300000030050F0B51F4F3E7885B0EEB91E4D09
:105440001E48A8624FF47A21296001AA1BF029F8AE
:105450000446A0B1082004F0F9F940B1184B4361AB
:10546000184B83610323037446748674C67416490B
:1054700000234FF4C2521AF002FC05B0F0BD029BAB
:10548000AB8128460423EB8103F040FC70B1082077
:1054900004F0DCF90028EAD00C4B4361094B83612E
:1054A0000323037444748474C474E0E701233B70E1
:1054B000E3E700BFCA5B002024380020781B03000C
:1054C0009E910300589403006C230300BA910300DB
:1054D000F8B51E4C6768A5683B68226999050AD42F
:1054E0001B491C484FF47F7219F01BFF4FF47F716A
:1054F000174819F00DFF136843F4007313602B680D
:10550000154A092120469847AE6996B13B689B052C
:1055100008D40F490F4840F2933219F002FF40F2CD
:105520009331E5E74FF0C0634FF0A07209212046A8
:10553000B0470A490A4B4B604FF400738B60EB692C
:1055400013B10248012298470020F8BDEC1903006E
:105550005D8503008E8503001100010018380020CE
:10556000395A010038B5134B134D9C681148E36854
:1055700040219847C0B1082004F068F948B10F4BAA
:1055800043610F4B836103230374002343748374CB
:10559000C3740C4900234FF4C2521AF070FB4FF44D
:1055A000FA7019F0A6F8E1E719F095F8C5E90001DD
:1055B000F5E700BF081C030068050020D291030036
:1055C000659403006C23030038B5044619F083F892
:1055D000134AD2E90032C31A61EB020140F2E93208
:1055E000934271F1000118DA0E480F4D83682A4684
:1055F0001B690C219847D5ED017ADFED0C6AB8EEF6
:10560000E77A0020C7EE267A95ED007AB8EEC77AE1
:1056100077EE877AC4ED007A38BD4FF0FF30FBE7B4
:1056200068050020081C0300543A00200024744937
:1056300013B5292468460094FFF7D2FE009B01941D
:1056400000EB8300144BD0F80027134043F00C0309
:10565000C0F8003701A8FFF7C3FE019B00EB8300F1
:10566000D0F8003743F44033C0F80037062004F088
:10567000EDF838B1094B43610223037400234374EE
:105680008374C374064900234FF4865202B0BDE808
:1056900010401AF0F4BA00BFF0F8FCFF0A920300C1
:1056A0006C23030010B5094B094C1B7853B9FFF765
:1056B000C1FE226807480123643219461AF085FAB0
:1056C000F3F740FA236893F8640010BDC95B00202B
:1056D000380700202438002010B50A4C236883F8CE
:1056E0006400094B1B7843B9FFF7A4FE2268074802
:1056F00001236432194603F007FDBDE81040F3F7BB
:1057000021BA00BF38070020C95B002024380020E0
:105710002DE9F0410C46074615461E46FFF78AFE66
:1057200024B13246294620461CF02BF82A4612485E
:105730003346394603F0E8FC051E16DA082004F06B
:1057400085F850B10D4B43610D4BC0E9063504237C
:105750000374002343748374C374BDE8F0410949A2
:1057600000234FF401521AF08ABA1CB1BDE8F0418F
:10577000F3F7E8B9BDE8F081243800201F92030058
:105780004E9403006C23030070B504460D46164684
:10579000FFF750FE21461C4833462A461AF015FAF8
:1057A000041E2FDAA31C26D0082004F04FF850B1B5
:1057B000164B4361164BC0E90634042303740023DF
:1057C00043748374C374134900234FF401521AF0D5
:1057D00056FA062004F03AF838B10F4B4361022321
:1057E0000374002343748374C3740A4900234FF481
:1057F00084521AF044FA324628460021BDE870402F
:105800001BF0E7BF70BD00BF2438002045920300A5
:10581000459403006C2303006C92030010B54FF015
:105820008043D3F80034DB075EBF354B01221A708A
:10583000F3F75AF904460620002C4BD104F006F881
:1058400030B1304B43610223037444748474C474D4
:105850002D4C2E4900234FF484521AF010FAFFF712
:10586000E9FD2168082265310220FFF78DFF2168DC
:1058700080226D311F20FFF787FF21680C22F03155
:105880000320FFF781FF21680C22FC310420FFF781
:105890007BFF2168302201F58A710520FFF774FF34
:1058A0002168302201F5A2710720FFF76DFF216802
:1058B000242240311D20FFF767FF2168802201F577
:1058C0005F711E20FFF760FFF0F7E2FCF3F73AF993
:1058D000002010BD03F0BAFF38B10D4B4361022325
:1058E0000374002343748374C37400234FF48652FB
:1058F00006491AF0C4F9024B01221A70E8E700BF0A
:10590000C95B002082920300380700206C2303004B
:105910009292030070B5194D2B782BB9184819F0E5
:105920008DFC01232B7070BD164819F087FCFFF722
:1059300081FD154B4FF48062186800211BF049FF70
:10594000124803F0B3F9F0F7A3FCF3F7FBF8104BA0
:10595000002406201C702C7003F078FF30B10D4B32
:1059600043610223037444748474C474BDE87040BA
:10597000094900234FF486521AF081B9C85B002010
:10598000A092030031930300380700202438002040
:10599000CA5B00204D9303006C23030038B50E4C06
:1059A000FFF748FD0D484FF4C04119F047FCA189AD
:1059B000E2890B4802FB01F319F040FC204603F09A
:1059C0001FFD0546204603F083FD29460246BDE83B
:1059D0003840044819F032BC243800206493030096
:1059E00081930300A493030013B5104843681B6818
:1059F0009B050AD40E490F4840F2346219F091FC1D
:105A00000B4840F2346119F083FC0469836801A9F2
:105A10005B68984720B9236801985840C0F340203C
:105A2000003818BF012002B010BD00BFEC19030000
:105A30005D8503008E85030070B5FFF7D5FF044632
:105A400018F049FE0E4BD3E9002552EA050613D0A3
:105A5000ACB9801A61EB0501332871F10002A4BFD3
:105A6000084AC2E9000100200146C3E900010648D6
:105A7000BDE8704015F080BA002CF6D1F3E770BD98
:105A8000C0230020B8230020C8230020F8B518F058
:105A900022FE254B1B685B885B0705460E4641D5F9
:105AA000F0F734FE01210820FEF718FBFFF79CFFFA
:105AB000044608BB062003F0C9FE30B11B4B43610E
:105AC0000223037444748474C474194900234FF48A
:105AD00086521AF0D4F80020FFF7FEFD40F28B2723
:105AE000FFF782FF044658B101210020FEF7F6FAC5
:105AF000002018F0D6FD0FE0012018F0FAFDD5E7E0
:105B000018F0E9FD401B61EB0601B84271F100019C
:105B100004DB204618F0CEFD0020F8BD012018F06F
:105B2000E8FDDDE70120F8E734070020C793030014
:105B30006C230300012810B5044602D002281BD0B4
:105B400010BD184B1B685B88DB07F9D5062003F0F6
:105B50007DFE38B1144B4361022303740023437468
:105B60008374C374114900234FF486521AF087F8E6
:105B7000BDE81040F4F7A4BD062003F067FE30B185
:105B80000B4B43610023047443748374C37407494B
:105B900000234FF486521AF072F8BDE81040F2F775
:105BA000E9BA00BF34070020DF9303006C23030031
:105BB000F99303002DE9F04100256D4C6D4FA84687
:105BC0002E46D4E90032134312D018F084FDD4E9F4
:105BD0000023801A61EB0301332871F1000107DB18
:105BE0004020FFF7EDFB18B901214020FFF728FB0B
:105BF000D7E90023332A73F100032CDB4020FFF7A1
:105C0000DFFB18B901214020FFF71AFB5A4B1B6834
:105C10005B88DA0706F1010602D43046F0F768FD2A
:105C2000082003F013FE40B1544BC0E905360323AE
:105C30000374002343748374C374514900234FF4E5
:105C4000C6521AF01CF800220023C7E9002318F0FE
:105C500042FD0546884655EA08033BD1D4E90032A7
:105C6000134367D018F037FDD4E90023801A61EBA5
:105C7000030140F2E933984271F1000122DBFFF7A2
:105C8000B3FEF8B1FFF702FF00286CD0062003F046
:105C9000DDFD38B13B4B43610223037400234374A1
:105CA0008374C374364900234FF4865219F0E7FF1A
:105CB000F2F760FA0022002300214020C4E900230B
:105CC000FFF7BEFAD4E90032134344D155EA080382
:105CD00030D040E018F0FFFC40F29113401B61EB24
:105CE0000801984271F1000131DB082003F0AEFD9C
:105CF00040B1254BC0E905360323037400234374E8
:105D00008374C37400231E494FF4C65219F0B7FFC1
:105D1000194B1B685B88DB0712D5701EC0B2FFF7FA
:105D200009FF00214020FFF78BFAD4E9003213432A
:105D300015D100261548002514F032FEA84640E78C
:105D4000022E3046A8BF0220F0F7D2FCE9E7D4E9E2
:105D50000032134386D1142018F0CBFC31E7002524
:105D6000A8462E467EE7094806F028FEAAE700BFAF
:105D7000C0230020B8230020340700201194030022
:105D80006C2303004442030029940300C82300202D
:105D9000014805F057B800BF9D5D0100F8B5044605
:105DA00024480F4603F0F8FE234B1B685E88631EF1
:105DB000054606F02006032B06D8DFE803F00206AE
:105DC0001C281E4B00221A70F8BD01210820FFF785
:105DD00037FA01211A4804F03DFB6B680422196868
:105DE000284619F02DFFF2F715FB002EECD0BDE888
:105DF000F840F2F7C7BC3B78104C0BB92370E3E7CF
:105E00002378002BE0D1F2F7E1FC0123F6E7002133
:105E10000820FFF715FA0EB1F2F7D2FCF2F718FBE3
:105E2000284603F0DDFEBDE8F8400548002104F0F7
:105E300011BB00BFF18D030034070020CB5B0020B5
:105E4000341A030090ED006AD0ED025AD0ED036AD7
:105E5000D0ED017A26EE257A17EEA67A84B001AB52
:105E600067EE867A46EEA57A01F10C0037EE077AE6
:105E700077EEA77A8DED017ACDED027AF6EE007A13
:105E800056EE067A46EEA67A9FED097A77EEA77A65
:105E9000CDED037AF1EC017AF3EC016A77EEE67A64
:105EA000814267EE877AE2EC017AF3D104B0704761
:105EB0000AE81C4138B52DED048B90ED009A9FED5A
:105EC000210AF7EE008AF0EE689A49EE499A0446F4
:105ED0000D4639EE800A16F0CBFE88EE808AB0EED1
:105EE000C90A69EE889A89EE800A16F021FDDFED75
:105EF000167AB5EE409AF1EE10FA20EE270A07D096
:105F000019EE103AFFEE007A002BB8BFF0EE678A68
:105F100068EE007A94ED017A67EEA87A27EE277A88
:105F200085ED007A94ED027A27EE277A85ED017AE5
:105F300094ED037A67EE277AC5ED027ABDEC048B07
:105F400038BD00BFBD37863583F9223F9FED0A0A71
:105F500000EB8101884207D1B5EEC00AF1EE10FADC
:105F600007DBB1EEC00A7047F0EC017A07EEA70A32
:105F7000F0E79FED010A70470000000008B50A46EF
:105F80000346FFF7E3FFDFED097AB4EEE70AF1EE2F
:105F900010FA09D4F7EE007A1946184687EE800AFF
:105FA000BDE808400EF0F0BD08BD00BF00000034A1
:105FB00038B5F6EE007A60EEA77A2DED028BF4EE9E
:105FC000C07AF1EE10FA04460D46B7EE008A36DCD0
:105FD0009FED1F7AC7EE007A9FED1E7A27EE870AA3
:105FE00020EE200A16F078FDF0EE007A20EE006A2E
:105FF000F1EEE77A20EE270A76EE485A70EE066A4E
:1060000075EEA55A76EE886A38EE408AC6EE267A94
:1060100085EEA65A38EE068A37EEA77A88EE266A0B
:10602000B0EE678A84ED008A84ED017AC4ED027ACD
:1060300085ED005A85ED016ABDEC028B38BD9FED00
:10604000067AF0EE477AB0EE475AB0EE476AE9E7D3
:10605000217B663EDB0F494000000000B5EEC00A20
:10606000F1EE10FA08B51BD4B5EE400AF1EE10FAC5
:1060700019D0F1EE600AC0EE807A17EE900AEAF7C6
:10608000EBFA41EC100BEFF733FD084953EC102B02
:106090000020EAF781F9EAF70FFE00EE100A08BDCA
:1060A0009FED030AFBE7B7EE000AF8E70000F03FB8
:1060B00000000000044B00EB8101884200D17047D2
:1060C00040F8043BF9E700BF0000C07F164B1749BA
:1060D000036010B5164B4360C16140F201131549CE
:1060E000154C0381016201234FF07F51134A8372E3
:1060F00084614FF07C534162C4631149114CC36009
:10610000026183624FF080420363416304640E497D
:106110000E4C03650E4B4261C2628163416484642C
:10612000C1644365826510BD0000404017B7D13897
:10613000000010418FC2F53CCDCCCC3D0000C842E0
:10614000CDCC4C3D000020410000A0410000A0400B
:1061500000007042F0B52DED048B1D468368D2ED32
:10616000000A23F07F4323F0FF038DB007460C465F
:106170001646002B54D001F1F003019301F1FC030A
:10618000009390ED0A0A02F14403032138322846B5
:1061900018F007FDD5ED017AD4ED3D5AD5ED006A32
:1061A00094ED3C5A95ED027A94ED3E6ADFED454A56
:1061B00077EEE57A76EEC56A67EEA77A46EEA67ABE
:1061C00037EE467A47EE077AC4ED397A97ED0B7AC7
:1061D000D7ED056A27EE247A27EE077AF4EEC77A20
:1061E000F1EE10FA16DA66EEA47AB0EEC55AB4EE05
:1061F000E75AF1EE10FA0DDCF0EEE55AF4EEE75A4C
:10620000F1EE10FA06DCB0EEC66AB4EEE76AF1EE23
:1062100010FA05DD0023C4F8EC30002384F82430A4
:10622000D4ED177A95ED009AD5ED018A95ED028AA5
:1062300039EE679AD4ED187A8DED059A78EEE78AF3
:10624000D4ED197ACDED068A38EE678A032105A8C8
:106250008DED078AFFF77AFEDFED1B7AB4EEE70AD1
:10626000F1EE10FAF0EE409A27DDD6ED007A60EEFE
:10627000277A9FED160A04A927EE800A03A80EF0DC
:106280008DFC9DED037A049B0893C7EE297A08A93B
:106290002246204629EE279A68EEA78A28EE278A0A
:1062A000CDED037A8DED099ACDED0A8A8DED0B8A3D
:1062B00018F0DDFB0421FFF761FE0DB0BDEC048B8F
:1062C000F0BD00BF35FA8E3C00000034E02EE54101
:1062D0002DE9F04F2DED0C8BD3ED007AF5EE407AE1
:1062E000F1EE10FAA9B007460C4615461E460ED12F
:1062F000D3ED017AF5EE407AF1EE10FA07D1D3ED45
:10630000027AF5EE407AF1EE10FA00F0B5837B7A6E
:106310004FF00008D3B304F58A73019304F590732A
:106320000093D5ED010A97ED0A0A05F1580305F12E
:106330004C020321304618F034FCD6ED006AD4ED4F
:10634000457A94ED467A94ED476A76EEE76AD6EDA3
:10635000017A77EEC77A96ED027A67EEA77A46EE73
:10636000A67A37EE467A47EE077AC4ED3A7A97ED89
:106370000C7A27EE077AF4EEC77AF1EE10FAC0F243
:106380003781C4F8EC80002384F82430314605AA14
:10639000204604F1280A04F1340318F0A1FB05F1AA
:1063A0000C090093CDF804A005F1180BD5ED010AF6
:1063B00097ED000A5B464A46032105A804F1100642
:1063C00018F0EFFB05AA5146304618F089FB03216F
:1063D0001046FFF7D3FDDDED077AF7EE008A77EE82
:1063E000A87AF6EE006A67EEA67AF5EEC07AF1EECC
:1063F00010FAC0F20F81F1EEE77A9FED8A7AF4EE9F
:10640000C77AF1EE10FA40F305819DED067ACDEDE5
:106410000E7A27EE267AC7EE276A9DED057ACDED36
:106420000F6AFEEE006A27EE267AC7EE276A32462A
:1064300031460EA8CDF84480CDED106A18F017FB58
:1064400004213046FFF79AFD9DED070A16F0DEFBAA
:1064500095ED017AC0EE077AC4ED137A3B89002BE3
:1064600000F00A8312A9204697ED058A18F09CFCDB
:106470009DED154A9DED147ADDED135A9DED122A1E
:1064800067EE254A24EE026A67EE073A74EEC66AA2
:1064900074EE864A25EEA56A73EEA33A64EE047A9A
:1064A00036EE066A78EEE32A77EEA77A38EEC66A09
:1064B00067EE021A24EE255A27EE047A65EE825A18
:1064C00072EEE72A76EE677A36EE636A37EE654A51
:1064D00076EEA66A37EE257AD4ED185A8DED1E6A4F
:1064E00074EEA44A94ED176ACDED176A31EE853A41
:1064F00066EEA56A37EE077ACDED1A7A67EEA57AD1
:1065000042EE866A16AE04F18C0A44EE867A5B4649
:106510004A4633EE033A34EE044A8DED1D7A94ED8B
:10652000197A019643EE076ACDF800A0092144EEDE
:10653000077A304635EE615AD5ED010A97ED000A2B
:10654000CDED162A35EE055A8DED183ACDED194AE6
:106550008DED1B4A8DED1C5ACDED036ACDED047A0D
:1065600018F01FFB03A804F1D403009301905B46CD
:10657000D5ED010A97ED000A4A46022118F011FBF9
:1065800094F82430002B57D07B7A002B54D094ED14
:10659000177AD4ED3C7A95ED0D0ACDED168A77EE9B
:1065A000C77A94ED187ACDED0B7AD4ED3D7ACDF81B
:1065B0005C8077EEC77A94ED197ACDED0C7AD4ED44
:1065C0003E7ACDF8608077EEC77ACDF86480CDED65
:1065D0000D7ACDED1A8ACDF86C80CDF87080CDF8AB
:1065E0007480CDED1E8A032108A80EF0D3FC70E064
:1065F00095ED017AD4ED3B7A77EE877AC4ED3B7A5C
:1066000097ED097AF4EEC77AF1EE10FAFFF6BEAE16
:106610000123B9E6DFED076ACDF83880CDED0F8AAA
:1066200005E700BFBD37863535FA8E3C000000B463
:1066300000000034000000003B7A002B00F02182B3
:10664000DDED065A95ED015A94ED176AD4ED187AEE
:10665000D4ED196AEB6A0893F1EE655A85EE857AF6
:1066600009932B6B0A93DDED035A37EE257ADDEDA6
:10667000165A06EE657ADDED175A07EEE57ADDED7E
:10668000185A06EEE57ADDED055A8DED0B7A85EEAA
:10669000857ADDED045A37EE257ADDED195A06EEDE
:1066A000657ADDED1A5A07EEE57ADDED1B5A06EE46
:1066B000E57A8DED0C7A9DED1D7A67EE877A9DED7A
:1066C0001C7A57EE467A9DED1E7A46EEC77ACDEDDE
:1066D0000D7AD5ED097A94ED1A7AB4EEE77AF1EEF7
:1066E00010FA44BFD5ED0A7A77EE877A94ED1E7AD8
:1066F00048BFC4ED1A7AD5ED097AB4EEE77AF1EE27
:1067000010FA44BFD5ED0A7A77EE877A94ED227AB3
:1067100048BFC4ED1E7AD5ED097AB4EEE77AF1EE02
:1067200010FA42BFD5ED0A7A77EE877AC4ED227A65
:10673000DDED087AF5EEC07AF1EE10FAC0F29C8138
:106740005FED477A28EE278A0BA9F1EE488AF0EE32
:10675000480A08460322B0EE680A0EF0FBF9D4EDB1
:106760001B6A9DED17CA94ED1A3A9DED16DAD4ED29
:106770001C3ADDED18AA9DED1A9ADDED1DBADDED8E
:106780001CCA9DED1EAA94ED1E7A94ED1D4AD4ED0F
:106790001F4AD4ED217AD4ED205A94ED226ADDED22
:1067A000199A9DED1BBA26EE8C5A03EE0D5A1FAABC
:1067B000114603EEAA5A304604F168058DED1F5AC2
:1067C00026EE895A66EEAB6A43EE2C6A43EE8A6A7D
:1067D00003EE295ACDED216A6CEE076A4DEE046A8C
:1067E0004AEEA46A03EE8B5ACDED226A69EE076A7F
:1067F0002BEE877A0CEE847A0AEE247A49EE846ACC
:106800008DED247A2CEE277A0DEE257A0AEE867A23
:106810004BEE246A8DED257A29EE277A6BEEA77A66
:1068200009EEA57A4CEEA57A0BEE067A4AEE067AC8
:106830008DED205ACDED236A8DED267ACDED277AA8
:1068400018F041FA9DED1F5ADDED087ADDED231AAF
:106850009DED0A7ADDED245A9DED266ADDED250ACF
:10686000DDED214ADDED206A35EE275ADDED097AAE
:106870008DED1F5A71EEA71ADDED277ACDED231AA3
:1068800077EE877A9DED227ACDED277A27EE874A3B
:1068900065EE863A15EEA04A51EEA73A24EEA03AEC
:1068A00021EEA01A16EE071A27EEA62A15EE273AB1
:1068B00066EE847A45EE237A61EEA42A44EE817A6C
:1068C00055EEA62A16EE242A65EE255A25EE066A0E
:1068D00054EE875A16EEA06A26EE877A5FEDAD6A0F
:1068E000F4EEE67AF1EE10FA15EE217AC0F2CE80DF
:1068F0005FEDB16AF4EEE67AF1EE10FA00F2C680CE
:106900001FEDB40A092110460EF044FBDDED226AAA
:10691000DDED1F2A9DED253ADDED235ADDED203A10
:106920009DED264A9DED246ADDED214A9DED275A15
:1069300066EEA97A42EE8D7A1FAA114643EE2C7AB2
:10694000284626EE297ACDED1F7A65EEA97A43EE28
:106950008D7A44EE2C7A04EE8D7ACDED207A66EEB7
:10696000897A42EE8C7A43EE2B7A05EE2C7ACDEDC5
:10697000227A65EE897A43EE8C7A44EE2B7A8DED9D
:10698000217ACDED237A66EE097A44EE8C7A45EED3
:106990002B7A25EE8B7ACDED247A66EE8B6A66EE45
:1069A0000B7A42EEAA6A03EEAA7A44EEAA7A43EE82
:1069B0000A6A04EE0A7A45EE0A7ACDED256A8DED73
:1069C000267ACDED277A18F07EF9DDED0C7A9DED73
:1069D000207A9DED0B6ADDED1F5ADDED0D6A27EE85
:1069E000877A06EE257A31461046DDED215A06EE0D
:1069F000A57AD4ED175A35EE877ADDED225A84ED6B
:106A0000177A9DED237A27EE877A06EE257ADDED5B
:106A1000245A06EEA57AD4ED185A35EE877A84ED1D
:106A2000187A9DED267A67EE877A9DED257A46EEF7
:106A3000077A9DED277A46EE877A94ED197A77EEFC
:106A4000277AC4ED197A18F03EF9294618F03BF977
:106A5000D1ED007AB2EC017A77EEC77AE1EC017AF7
:106A60005145F5D104F15C010322F0EE480AB0EE85
:106A7000680A08460EF06EF829B0BDEC0C8BBDE834
:106A8000F08F032108A8BFEE000AAEE5C3EEA76AA7
:106A9000CDED1F6AC2EE276ACDED206AC2EEA76A6D
:106AA000CDED216AC4EE276ACDED226AC3EE276AD6
:106AB000CDED236AC5EEA76ACDED246AC1EE276A43
:106AC000CDED256AC6EE276ACDED266AC7EE276AA8
:106AD000CDED276A1AE700BF70B52DED048BD3ED1D
:106AE000007AF5EE407AF1EE10FA8AB005460C46CF
:106AF00016460ED1D3ED017AF5EE407AF1EE10FA9A
:106B000007D1D3ED027AF5EE407AF1EE10FA00F0FB
:106B1000798106A9204618F047F9194603AA06A864
:106B200017F0DEFFAB7ADFEDD48A9FEDD48A002B1D
:106B300000F0E28010460321FFF708FADDED057A48
:106B400084ED550AC7EE807A17EE900AE9F784FDC6
:106B500041EC100B15F0ECFF51EC100BEAF7ACF820
:106B600007EE900AF1EE677AC4ED567A95ED0D0ABC
:106B7000B4EEE80AF1EE10FA0EDD04F5AE7304F59A
:106B8000AA7000930190D6ED020A06F1700306F197
:106B90006402022118F005F8D4ED4E7AD4ED555A6E
:106BA00095ED0F7A94ED566A75EEE74A27EE877AEF
:106BB000F0EEE46AF4EEC76AF1EE10FA40F12681D5
:106BC00094ED4F7AD5ED106ADFEDAD3A36EE475AC7
:106BD00066EEA36AB0EEC54AB4EEE64AF1EE10FAEC
:106BE00040F1148196ED024AD4ED506A76EE846A43
:106BF000C4ED506A95ED144AF4EEC46AF1EE10FA51
:106C00000EDB002384F82530D6ED186A44EEA67A10
:106C1000C4ED4E7AD6ED187A05EE277A84ED4F7AD8
:106C200094ED527AD5ED0F7A75EEC74A67EE277A62
:106C3000F0EEE46AF4EEE76AF1EE10FA40F1EC806F
:106C4000D4ED536AD5ED107ADFED8D3A36EE665A03
:106C500067EEA37AB0EEC54AB4EEE74AF1EE10FA59
:106C600040F1DA80032104F1F000FFF76FF9D5ED70
:106C7000137ADFED845A94F8253067EE887A87EE30
:106C8000A56AB4EEC60AF1EE10FAA1BF96ED026A4B
:106C9000D4ED547A77EE867AC4ED547AD6ED187A2C
:106CA00004EEA77A84ED527AD6ED187A45EE276A7B
:106CB000C4ED536A03B3D4ED547A95ED116AF4EE42
:106CC000C67AF1EE10FA0DDA94ED4E6AB5EE406A2E
:106CD000F1EE10FA10D195ED126AF4EEC67AF1EEEB
:106CE00010FA09DB002384ED4E7AC4ED4F6A84F874
:106CF00025302B6DC4F840319DED039ADDED049AEB
:106D0000B0EE490AF0EE690A1AF09EFDD4ED087A59
:106D1000CDED028A30EE670A02A884ED150AF0EE86
:106D2000690AB0EE490A0DF0B7FFD4ED087A9DED7F
:106D3000027A37EE677AB4EEC87AF1EE10FA72DDB5
:106D4000DFED516A37EE667A84ED157AAB7A96ED0F
:106D5000087ACBB194F82530D4ED516A002B6ED06F
:106D600095ED156AF4EEC66AF1EE10FA8BBFD5ED1B
:106D7000166A96ED027A87EE267A37EE267A9CBF5F
:106D800084ED517A9FED3C7A94ED146AB5EE406A39
:106D9000F1EE10FA1DD0F7EE005A76EE255AB4EE59
:106DA000476AC6EE256AF1EE10FAC4ED146AC8BF50
:106DB000B0EE467A95ED016AD6ED025A26EE866A65
:106DC000B4EE656AF1EE10FA48BFF0EE686AC4ED01
:106DD000146AD4ED156A27EE267A77EE877AC4ED29
:106DE000087A96ED026AC7EE066AF4EEC87AF1EE0A
:106DF00010FAC4ED166A32DD9FED237A77EEC77A7A
:106E0000C4ED087A0AB0BDEC048B70BD0123C4ED5B
:106E1000508A84F8253003E7C4ED548AC4ED525AF1
:106E200084ED536A68E7DFED196AB4EEE67AF1EEB5
:106E300010FA44BFDFED146A37EE267A84E7D5ED09
:106E4000165A96ED026A45EEC66AF5EEC06AF1EE94
:106E500010FAD8BFDFED086AC4ED516A94E79FEDE0
:106E60000B7AF4EEC77AF1EE10FACBD59FED067AE5
:106E700077EE877AC4E700BF00000000DB0F4940CF
:106E800035FA8E3C00003443DB0FC940DB0F49C0AC
:106E900013B50A460C460146103017F0E8FD91ED97
:106EA000080ADFED177A01A920EE270A68460DF0DF
:106EB00075FE9DED006A94ED035ADDED016AD4ED97
:106EC000007AD4ED024A94ED017A65EE065A57EE47
:106ED000A65A67EE867AC4ED005A66EE245A56EE3C
:106EE000875A26EE077A06EEA47A46EE857AC4ED36
:106EF000015A84ED027AC4ED037A02B010BD00BFDE
:106F0000E02EE5412AB1C36D1360036E5360436EFA
:106F10009360D0ED1A6AD0ED1B7A90ED1D7A90ED5A
:106F2000216A91ED090AF0EEE77AF0EEE66A76EE74
:106F3000A76AD0ED1C7AF0EEE77A76EEA76AD0ED7C
:106F40001E7AB0EEC77AF0EEE77A37EE277AD0ED08
:106F50001F7AF0EEE77A37EE277AD0ED207AB0EE9E
:106F6000C66AF0EEE77A77EE867A90ED226AF4EE62
:106F7000476AB0EEC66AF1EE10FA77EE867AC8BFBD
:106F8000B0EE667AF4EE477AF1EE10FA48BFF0EE12
:106F9000477AB4EE670AF1EE10FAC8BFB0EE670A9E
:106FA000B5EEC00AF1EE10FA06DBB1EEC00ADFED75
:106FB000047A20EE270A70479FED020AF7E700BF28
:106FC000D4023739000000000B68C3654B680366C4
:106FD000B5EEC00A8B684366F1EE10FA4FF000037D
:106FE00013DDDFED0A7AC36620EE270A036720EE81
:106FF000000A436780ED1A0A80ED1E0AC367C0F8D5
:107000008030C0F8843080ED220A70479F0CB34571
:10701000F8B52DED028B9FED4B8A0C464FF4807333
:107020004FF07E578B8405460F6081ED018A81ED1C
:10703000028A81ED038A0F6181ED058A81ED068A5E
:1070400081ED078A81ED088A04F12800B0EE480A34
:10705000032116460DF09EFF04F134000621FFF7D0
:1070600029F8B0EE480A84ED138A84ED158A84ED80
:10707000168A04F15C00276503210DF08BFF736A0B
:10708000A366A367C4F888302F4BC4F8F030C4F867
:10709000F430C4F8F83084ED1B8A84ED1C8A84ED4A
:1070A0001D8A84ED1F8A84ED208A84ED218A04F1F3
:1070B0008C001221FEF7FEFF04F1D4000421FEF73C
:1070C000F9FFB0EE480A04F1E40002210DF062FF7E
:1070D00084ED3B8A04F1F000B0EE480A03210DF084
:1070E00059FF04F1FC000621FEF7E4FFB0EE480A68
:1070F00004F58A7003210DF04DFF04F59070062110
:10710000FEF7D8FF84ED4E8A84ED4F8A84ED508AD5
:107110006B6DC4F844310D4B84ED538A84ED548A71
:1071200004F5AA70C4F848310221B0EE480A0DF007
:1071300031FFBDEC028B04F5AE700421BDE8F840D0
:10714000FEF7B8BF000000000000C07F000080BF55
:10715000F8B52DED028BD2ED018A0546144602F1F9
:107160000C0095ED000AF0EE680A0E4602F11801D7
:10717000FEF71EFF94ED028A95ED010AF0EE480A33
:10718000FEF76CFF84ED080AD5ED037A9FED3C7A9B
:10719000D4ED000A67EE877A68EE876A67EEA77A11
:1071A0002746C4ED097AD5ED047A86EEA76A04F184
:1071B000440104F13800583784ED0A6AD5ED067AA7
:1071C00067EE877A67EEA77A67EEA75AC5EE866AFA
:1071D000DFED2C5A76EEA76AC4ED0B6AD5ED077A7F
:1071E000F4EEE57AF1EE10FAD8BFF0EE657AC6EE6D
:1071F000A75AC4ED0C5AD5ED087A67EE877A67EE88
:10720000A77A67EEA76A86EE867A77EE277AC4EDCC
:107210000D7A95ED0A0AFEF7CBFE04F14C0095EDD0
:107220000A0A3946F0EE680AFEF7C2FE95ED0E0A2C
:10723000F0EE480AFEF712FF84ED180A95ED0D0AEC
:10724000B5EEC00AF1EE10FA04F1640004F1700228
:107250000DDD1146F0EE480AFEF7AAFEBDEC028BEA
:10726000224631462846BDE8F840FFF7D1BE03214B
:10727000FEF720FF02211046FEF71CFFEEE700BFDD
:107280000000C842FFE6DB2E9FED0C7A82ED000A7B
:10729000F4EEC70AF1EE10FAB4EE471AD8BFF0EEDA
:1072A000400AF1EE10FACCBFF0EE417AF0EE407AEF
:1072B000C2ED010AC2ED027AFFF74ABF00000000EA
:1072C00030B50B4D0A44914200D130BD11F8013B5D
:1072D0001C0984EA107455F8244084EA001083EAFB
:1072E000107303F00F0355F8233083EA0010EAE728
:1072F0009C2A030030B50D4DC0430A44914201D190
:10730000C04330BD11F8013B83EA000404F00F04D0
:1073100055F8244084EA101080EA131303F00F0399
:1073200055F8233083EA1010E8E700BFDC2A030099
:1073300010B5094C0A44914200D110BD11F8013B2F
:10734000584003090001E35CC0B2434018091B0127
:10735000205CDBB25840EEE7A894030070B589B317
:107360000668304617F062FD0122014604463046A9
:1073700017F024FDC30708D413491448AF2217F0AF
:10738000D0FFAF21104817F0C3FF2146304617F059
:107390002BFD251829460022304617F00FFD2D1A27
:1073A000AC4206D008490948B72217F0BAFFB72106
:1073B000E8E72146304617F01DFD2146BDE8704044
:1073C00017F059BE70BD00BFB89403008E8503004E
:1073D000B2F5802F2DE9F0410CD2042A20D83D4986
:1073E0003D484FF4077217F09CFF4FF4077139487E
:1073F00017F08EFF0823D21ACC1D114424F0070485
:1074000021F00701091B17294FEAD1060AD8314993
:10741000314840F2252217F084FF40F22521E6E7AB
:107420000423E8E7002704603146A660E7603046A1
:1074300017F00FFD0121421D8046304617F000FD78
:107440009200D51DED082844B0423AD8B8F1FF3F6C
:10745000A2F110023946B8BF3A4604F110001AF002
:10746000B8F92A463946204617F0DCFC3B463A4636
:107470003946204617F0ADFCA6EB050820463946F4
:10748000012217F0B7FC4246294617F0CBFC2B46E9
:107490003A462946204617F09CFC3146204617F014
:1074A000C1FC43463A463146204617F092FC31462D
:1074B0002046012217F09EFC2946BDE8F04117F056
:1074C00098BD0449044840F23A2217F02AFF40F2DE
:1074D0003A218CE7B89403008E8503002DE9F04F24
:1074E00091B08407009302F004030293C2F3C20335
:1074F00003F10103DDF86880039205460E4605930B
:1075000040F0E181041D30B1072909D86FF01B005C
:1075100011B0BDE8F08F01F007063444C6F108064B
:10752000009B4FF00009591E4FF0040A4FF0FF3343
:107530000193CDF810904F46CB4653460DB10098BD
:1075400020600598002800F3D7809C48009A82426A
:1075500003D39B488242C0F0CF80039AA4EB050E70
:1075600092074FEA9E0040F1DE804FF0000CCCE025
:107570007A285DD84B280ED8472859D829282DD8E5
:10758000252852D054D820287AD02338D0F1000BA7
:107590004BEB000B74E04C382E2849D8DFE800F0A4
:1075A0007048484848484848484848484B48484830
:1075B000484848484859484B4B595959704B6D48B1
:1075C0007048184B18484883804B48484B48800007
:1075D00000204FF0000B4FF0040A38E02A38C0B208
:1075E000012202FA00F010EA0E0F49D110F0625C9D
:1075F0002FD110EA020B43D06046013C5444B4FB47
:10760000FAF40AFB04F4002D60D0A3EB050CA444AB
:10761000B4453FF67BAF002867D1042B48D158F81A
:10762000043B2360043404232AE0019A013A0192C6
:107630004FF0000B24E011F8010C6C2835D111F843
:10764000023C00206C2B8346C5D14FF0080A5346FC
:10765000D3E708F1070828F007080734F8E802AB79
:1076600024F0070435B106982044B0423FF64EAFEF
:10767000C4E900AB08344FF0000B4FF0080A534642
:1076800011F8010F002800F0AA80BBF1000F7FF471
:107690006FAF2528F4D1019B013301934FF0010B0B
:1076A0004FF0040AEBE7584693E700208346A4E72F
:1076B000082B40F08B8008F1070828F00708B8EC89
:1076C000027B84ED007B08340823D9E768B9042BDA
:1076D00002D108F10408A5E7082B77D108F10708C3
:1076E00028F0070808F10808EDE70598013805902B
:1076F00058F8040B009021E7039A900744D5A4EBB7
:10770000050E4FEA9E004FF0010CBEF5007F1BD323
:107710002C492D484FF41F7217F003FE4FF41F71D0
:10772000284817F0F5FD0F2F10D8002D38D007F19D
:1077300040020DEB020C019A0CF8200C0CF8102CF6
:107740000498013004901EE00F2F08D91D491E48EF
:1077500040F2812217F0E5FD40F28121E0E7D5B14A
:1077600007F140020DEB020EC0B2019A0EF8200C98
:107770000EF8102CBCF1000FE2D060F07F000EF884
:10778000200C09F101090137C5F108020434069201
:107790004FF6DA7E74E7BCF1000F01D00136F2E754
:1077A000029A0236002AEED10098CDE90631E9F7B7
:1077B00087FBDDE906310644E5E700BF80180300DA
:1077C000B4C10300DB9403008E8503003F494048A9
:1077D00040F2C62217F0A5FD40F2C621A0E7631BC8
:1077E000B3F5806F08D33949394840F2D22217F0F7
:1077F00098FD40F2D22193E71DB9A6F10804E018E4
:1078000086E6029A28609B082B709DF81030C2B162
:10781000EB7085F80290B9F1000F05D008A800229E
:10782000C5F1010C97420ED1C5F101030DF12008FD
:107830004FF0000A01930DF1300B574512D1601B38
:1078400066E66B70E5E710F8013B190608D50CEB0E
:10785000040EB64503F07F033FF658AE04F8013B33
:107860000132DFE7B9F1000F03D098F90020002AB8
:1078700017DB029BD3B11AF80B2004F8012B00226E
:10788000019B18191044B0423FF640AE98F8000032
:1078900004F8010B00990392204619F072FF039A35
:1078A00014440AF1010A08F10108C6E798F800201B
:1078B00055F822300093029B45F822300098E9F7F2
:1078C000FFFA421CDCE76FF00D0021E6DB940300B9
:1078D0008E8503002DE9F04F97B000AF8946D7F8A9
:1078E00080B0FA623B62044650B9A849A84840F209
:1078F000993217F016FD40F29931A44817F008FDAF
:10790000CBF3C00390F802A07B6141B945780078C1
:107910000AEB800020444D4517D8A0EB0409E3781A
:10792000FB61BAF1000F02D01BF0010F16D1FB6909
:1079300053BBFB6A1BB13A6A4946204698474D46FD
:1079400028465C37BD46BDE8F08F461C3046E9F757
:10795000B7FA0130304409F10109DCE723786268A5
:107960007A62FA6A9900B96104EB8301002A40F057
:1079700001814D460E4601EB0A094FF000084E45C5
:107980004CD101EB0A0610E01BF0020FD1D0237896
:107990009A00BA6162687A62FA6A04EB8301002A8B
:1079A00077D14D4601EB0A0690461BF0050F0CBF40
:1079B00002230123FB62FB6906EB430A0BF002037F
:1079C000BB625645BCD016F8021B16F8013C54F8B1
:1079D0002390704B994502D36F4B994536D37B6901
:1079E000002B40D0786A17F0EEFB00283BD0E94628
:1079F0008AB06A46694B53617B6AC2E906314FF42B
:107A000000731384664B42F8103F664800234FF41E
:107A1000125102F0FBF8023DCD46D2E716F8013BC9
:107A2000F96254F82300E9F74BFAD7F88430F96A81
:107A300001304BB1D7F8883098453EBFD7F8843035
:107A400023F8180008F10108054498E77B6923B181
:107A5000786A17F0B8FB0028C9D11BF0010F05D1D7
:107A6000FB6AED1AADE7BB6A002BAAD04846E9F7DE
:107A700027FAD7F8843053B1D7F8883098453FBFFC
:107A8000D7F88420431C22F8183008F10108054477
:107A900097E7BAF1000F73D01BF0040873D0D046FB
:107AA00007F14800002652463B61B96219F069FEB1
:107AB000B96A3B6901EB0A02BA62FA69F9695200D4
:107AC000FA60BA6A02EB41023A610BF00202BA6054
:107AD000BA6A39698A4267D162787A621BF0020F0A
:107AE00032440CBF4FEA580100211BF0010FD2B203
:107AF00040F0DF801BF0040F14BF404600207B6184
:107B00006270A070E1703A6AB969FB6A20469847D2
:107B1000051EFFF615AF7B6923707B6A6370FB69F6
:107B2000E37041463A6AFB6A84F802A007F1480014
:107B30009847B0F10008C0F2F080BB693A6AA9EB3F
:107B40000A01C91AFB68C91AD7E90A03984700282D
:107B5000C0F2E580A84408EB00054FF0000B07F1E8
:107B6000380AB345C0F0A78000213A6AFB6A08468C
:107B70009847E5E6564607F138004FF0000892E7CF
:107B8000D046564696E7464694E700BFDB9403008E
:107B90008E85030080180300B4C10300099503001B
:107BA0000400000134220300BA6A12F8021BBA6210
:107BB00012F8015C5B4A54F82500904202D35A4AFD
:107BC000904217D37A693AB1786A7B6017F0FBFA72
:107BD0007B6800287FF47CAFBA68002A49D00F2E5A
:107BE0003DD95249524840F24D4217F09AFB40F2BB
:107BF0004D4182E67A693AB1786A7B6017F0E3FA20
:107C00007B6800287FF464AF1BF0010F0AD00F2EB1
:107C100025D94649464840F2434217F082FB40F2DC
:107C200043416AE61BF0040F3FF452AFB8F10F0F67
:107C300008D93E493E4840F2464217F072FB40F2F6
:107C400046415AE608F1280207F1300008F1010127
:107C500002EB000808F8105C5FFA81F838E706F1DB
:107C6000280207F13000711C161806F8205CCEB20D
:107C70002EE7B8F10F0F08D92C492D484FF48A622E
:107C800017F04FFB4FF48A6137E608F1280207F13D
:107C9000300C08F10100944407F1580252FA80F0C8
:107CA00008F102080CF8101C5FFA88F800F8105C64
:107CB0000EE7002023E71BF80A3087F8373054F826
:107CC0002390D7F884302BB3D7F888309B4521D246
:107CD000D7F8843033F81B803A6AFB6A012107F138
:107CE0003700984700281ADB0544B8F1000F06D189
:107CF0004846E9F7E5F800F101081FFA88F83A6A02
:107D0000FB6A414648469847002808DB05440BF1CA
:107D1000010B26E74FF00008DEE7454610E6054672
:107D20000EE600BF80180300B4C10300DB9403001B
:107D30008E850300014B1860704700BF5809002072
:107D400030B587B00025CDE903010446009503A9AD
:107D500005480595EDF73CF8DDE904309842B8BFD9
:107D6000255407B030BD00BF15F20200F0B5094E32
:107D7000016802460A2700200B4601311C78355D58
:107D80006D0701D41360F0BD07FB0043A3F1300081
:107D9000F2E700BFB1C003002DE9F84F15469A463F
:107DA000D378234A12F803B06F2B81460F460BF0AD
:107DB000030B2BD026D8582B0CBF10260A26DDF833
:107DC00028803246002348463946E9F715F8092A43
:107DD00008F1FF38D4B21ED83034B145E4B277F19F
:107DE000000788F8004001D3D04511D82B789B06B6
:107DF00005D5082E15D1AB7843F00803AB7040468B
:107E0000BDE8F88F03F0F703702BD5E70826D6E717
:107E100081460F46D5E7BBF1010F0CBF373457340D
:107E2000DBE7102EEBD1AB7843F01003E6E700BFA1
:107E3000B1C0030038B50D4604462022002119F0D8
:107E4000C8FCEB68E361AB68A3612B6823626B68D5
:107E500063620022A2622A6923B1591E194208BF37
:107E600042F0010222610122002104F12C0019F0EC
:107E700099FB40B1044905482F2217F052FA0248F5
:107E80002F2117F045FA38BDC39503008E850300F6
:107E90002DE9F04F89B0CDE90123436A00268B42DA
:107EA0000446884605960796B24652D300F1140759
:107EB0004FF0400BEFF3118300938BF31288BFF365
:107EC0006F8F3846DDF8009013F09EFD40B94649AB
:107ED0004648882217F025FA8821434817F018FAF7
:107EE000384613F0B5FD079A2AB13146204617F0FF
:107EF000FFFA0023079306A9204617F01FFA0699F8
:107F0000414505462ED32268236A13F8221021F03A
:107F1000030103F8221003EB820A2168424620463F
:107F200017F030FAE3682060984216D000253846F2
:107F300013F078FD50B389F31188BFF36F8F059963
:107F400029B1A3690BB12046984700230593002D62
:107F5000B0D1504609B0BDE8F08F236943F0080363
:107F60002361E3E718B1204617F026FADFE7DDE9E1
:107F70000132134330D0039119F042FB039958BBEF
:107F8000009B4BBB384613F04DFD40B916491748CE
:107F900040F2311217F0C5F940F231119DE785F337
:107FA0001188BFF36F8FDDE9012304F12C0011F07C
:107FB000E5FE0546EFF311898BF31288BFF36F8F4F
:107FC000384613F021FD002881D03846B5FA85F5F2
:107FD00013F03EFD6D09AAE707AB05AA2046266807
:107FE00017F007FA0546A2E7E99503008E8503001E
:107FF0002DE9F0410446C36908460D46984704F14F
:1080000014060746EFF31188402383F31288BFF369
:108010006F8F304613F0F8FC40B916491648882295
:1080200017F07FF98821134817F072F9304613F0E2
:108030000FFD2B7843F001032B7061683A46204610
:1080400017F0A0F96060204617F06DFA304613F083
:10805000E9FC40B90749084840F2311217F061F9CC
:1080600040F23111DFE788F31188BFF36F8FBDE86D
:10807000F08100BFE99503008E8503002DE9F843E8
:10808000044600F11407EFF31188402383F31288AC
:10809000BFF36F8F384613F0B7FC054640B930493F
:1080A0003048882217F03DF988212D4817F030F923
:1080B000384613F0CDFC2369A26813F0080F02D1F3
:1080C00063689A4200D9636A9B1A002B3AD0216AEE
:1080D00011F8223013F0030001EB820935D0022899
:1080E00003D151F82260B60805D1D8071AD4E36944
:1080F000484698470646A1683246204617F042F99E
:108100003146A060204617F04BF9384613F08AFC40
:10811000E8B91349134840F2311217F002F940F25E
:108120003111C2E743F0020301F822304846E36907
:10813000A568984729460246204617F023F90025EE
:10814000A060E2E71D46A946DFE70546FBE788F3A6
:108150001188BFF36F8F002D95D14846BDE8F88395
:10816000E99503008E8503002DE9F0410446C369BB
:1081700008460D46984704F114070646EFF31188A8
:10818000402383F31288BFF36F8F384613F03CFC13
:1081900040B923492348882217F0C3F88821204892
:1081A00017F0B6F8384613F053FC2B786FF3000342
:1081B0002B7023699B0705D5E268236A03EB8203D2
:1081C0009D421DD12B786FF341032B70D4E902310E
:1081D000994204D13246204617F0D4F8A0603146C7
:1081E000204617F0DDF8384613F01CFC68B90C493E
:1081F0000C4840F2311217F094F840F23111CEE7FA
:108200002B6866F39F032B60EDE788F31188BFF3BB
:108210006F8F04F12C00BDE8F04111F04BBD00BFA1
:10822000E99503008E85030070B5044600F114053E
:10823000EFF31186402383F31288BFF36F8F284634
:1082400013F0E2FB40B916491648882217F069F886
:108250008821134817F05CF8284613F0F9FB2369CE
:10826000A06813F0080F02D1636898420ED9646ABF
:10827000241A284613F0D6FB50B90949094840F2A0
:10828000311217F04EF840F23111E2E71C1AF0E714
:1082900086F31188BFF36F8F201E18BF012070BDB9
:1082A000E99503008E85030008B50446EFF31183BA
:1082B000402383F31288BFF36F8F0BF02DF9204614
:1082C00004F094FF024816F0B9FF17F05BFFFCE7DB
:1082D000169603002DE9F043079D15B9156000209F
:1082E00012E00324B5FBF4F404EB4407BD4218BFCD
:1082F0000134B4F1804F09D2A40001348C4200D87B
:1083000038B914606FF00B00BDE8F0834FF0FF3414
:10831000F7E7DFF8BCE004460021B94203F1030CA3
:1083200004F104062CD3A942274624D21F7801F178
:10833000010CAC45264938BF5B784FEAA70E28BF31
:10834000002311F80EE084F800E0AC4501EB131EA9
:108350003CBF9B0003F03C034FEA071707F03007D0
:1083600038BFCB5C1EF80770677028BF3D23A37031
:108370003D23E3703746381A002310603B70AEE7A8
:108380001CF8034C1CF8023C1CF8018C4FEAA409B1
:1083900024011EF8099006F8049C04F030040EEB4A
:1083A00013199B0019F8044006F8034C03F03C0332
:1083B0000EEB981408F03F08E35C06F8023C1EF848
:1083C000083006F8013C033134466346A5E700BF98
:1083D000BF9603002DE9F043DDF81CE0DFF82C81A7
:1083E00000273C463D4675451FD3E4BB1460002082
:1083F000BDE8F0830136764533D013F806C0BCF1F2
:10840000200FF7D0AEEB0609B9F1010FA6EB050579
:108410000DD0BCF10D0F0AD103EB060999F80190BC
:10842000B9F10A0F6ED1751CDDE72E46E3E7BCF10A
:108430000A0FF8D02DB9BCF13D0F05D10137022F3D
:108440000DD96FF01500D3E71CF0800FF9D118F8A3
:108450000C507F2DF5D03F2D01D8002FF1D10134E4
:10846000E1E73546C1E704F007064FF0060CE408E3
:108470000CFB06F60CFB04F40736E41B04EBD604F5
:1084800070B18C420CD80027DFF880E0DFF88080E4
:108490001D44014603263C469D4205D10C1AA5E722
:1084A00014606FF00B00A3E713F8019BA9F10A0C0D
:1084B0005FFA8CFCBCF1160F04D848FA0CFC1CF0D7
:1084C000010FE9D01EF809C00134BCF1400F08BF0C
:1084D000013E0CF03F0C042C4CEA8717DCD17EB136
:1084E0003C0C012E0C7002D101310024D4E7022E85
:1084F0004FEA17244C7016BF8F7002310331F4E736
:108500003446C9E7002DA2D09BE700BF3F96030089
:10851000F6FFBFFF2DE9F84F04460846A38B190765
:10852000164612D4022803F0070162D1204617F044
:108530002CF888B10138042800F22581DFE810F01A
:10854000590023017E00C800F50001280CBF43F04C
:10855000100143F02001A18304F1140013F062FA2A
:10856000002800F0AB8086F31188BFF36F8FBDE861
:10857000F88F03F00702501F01281ED80020062A9A
:108580002768C4E9000014D13A4603E0E08B0130CB
:10859000E0831268002AF9D123F0070343F00202B6
:1085A000A283204616F0F1FF90B342F02002A2838E
:1085B0002EE023F007039AB2F2E7042A33D123F026
:1085C00007039AB2A283204616F0DFFF10B142F0F3
:1085D0002002A283A38B03F00709894540F0DC80C9
:1085E000A18BCA0640F1218121F01003A38301F081
:1085F0000701D4F81880A38BB8F1000FB9DA002274
:10860000276823F00703C4E9002243F00103A38392
:10861000A38B03F00709894540F0BF80002FDFD00E
:108620000025AA4640E08549854840F21B1216F015
:1086300078FE40F21B11814816F06AFE41B17F4975
:108640007F484FF4AB7216F06CFE4FF4AB71F2E75B
:10865000236843B979497A4840F2571216F061FE0F
:1086600040F25711E7E723691D6845B9734974481B
:108670004FF4AD7216F055FE4FF4AD71DBE7A38BEE
:1086800023F0070343F006039BB2A3830F468846FB
:108690004FF00609A268002A40F08180002F40F0C8
:1086A0008180002D9CD0BA4643F0080304F1140BDE
:1086B000A383584613F0B6F9002875D16149604884
:1086C00040F2311216F02DFE40F231115D48B3E751
:1086D000022908D059495A4840F25D1216F021FE8D
:1086E00040F25D11A7E7E78B47B1544954484FF476
:1086F000AF7216F016FE4FF4AF719CE723695D6808
:1087000045B94E494E4840F2611216F00AFE40F259
:10871000611190E7A38B23F0070343F004039BB29E
:10872000A383B8464FF00409B4E7012908D04349B0
:1087300043484FF4B27216F0F4FD4FF4B2717AE789
:10874000236843B93D493E4840F2651216F0E9FD01
:1087500040F265116FE723699D6845B9374938488C
:108760004FF4B47216F0DDFD4FF4B47163E7A38BE0
:1087700023F0070343F005039BB20027A383B84609
:108780004FF0050986E72D492D4840F26B1216F08F
:10879000C8FD40F26B114EE7002700257AE74FF045
:1087A000010A81E792467FE786F31188BFF36F8F56
:1087B000BAF1000F16D147BB15B123492046A8478F
:1087C000EFF31186402383F31288BFF36F8F58466F
:1087D00013F01AF908BB1B491948882216F0A1FDAD
:1087E000882173E7A1680029E5D00E680029E2D04E
:1087F000D1F804A043464A462046D0471EB133680C
:1088000031461E46F2E73346FAE7394643464A46C2
:1088100020463F6816F0E5FECDE7584613F018F9FC
:10882000A38B23F00803A383DAE68B067FF594AECF
:1088300021F02003A38301F0070177E6FF960300F0
:108840008E850300E99503004D880100F8B50446C4
:108850000D4600F11406EFF31187402383F31288CD
:10886000BFF36F8F304613F0CFF840B909490A487B
:10887000882216F056FD0748882116F049FD30463B
:1088800013F0E6F8A5613A4620460121BDE8F8401C
:10889000FFF740BEE99503008E8503002DE9F04700
:1088A00004460F4616F08DFE051E5DDB04F114092B
:1088B000EFF3118A402383F31288BFF36F8F48468A
:1088C00013F0A2F8804638B933493448882216F0AC
:1088D00028FD882130483CE0484613F0B9F8E38B86
:1088E000A68B4FF6FF72934206F007063FD0022E8A
:1088F00010D10133E3833546484613F093F800283E
:108900003BD12549254840F2311216F00AFD40F2CC
:108910003111DFE7062E13D8DFE806F0092C12121A
:10892000090409006FF085054FF00008E4E7002313
:108930003B6063687BB9C4E900777EB13546F3E7F5
:10894000174916484FF4E47216F0EBFC14484FF444
:10895000E47116F0DDFC1F606760EEE7524602210D
:108960002046FFF7D7FD35462846BDE8F0876FF073
:108970000A05D9E76FF00405D6E78AF31188BFF33B
:108980006F8FB8F1000FEFD00023324639462046F2
:1089900016F027FEE8E700BFE99503008E85030087
:1089A000FF960300F8B5054600F11406EFF31187B2
:1089B000402383F31288BFF36F8F304613F024F8FF
:1089C00038B920492048882216F0ABFC88211D4880
:1089D00025E0304613F03CF8AC8B04F00704022C81
:1089E00012D0012C0CBF6FF004046FF085043046E8
:1089F00013F018F808BB1349134840F2311216F06F
:108A000090FC40F23111E2E7EB8B53B90F490E486D
:108A100040F2EF1216F085FC0C4840F2EF1116F010
:108A200077FC013B9BB2EB83002BE0D13A46214619
:108A30002846FFF76FFD2046F8BD87F31188BFF386
:108A40006F8FF8E7E99503008E850300FF9603001A
:108A50002DE9F0410E460546002845D0002943D0B7
:108A600000F11407EFF31188402383F31288BFF35A
:108A70006F8F384612F0C8FF38B91D491D4888224B
:108A800016F04FFC88211A4816E0384612F0E0FF35
:108A900031462846AC8B16F05DFD78B104F0070432
:108AA000231F022B0CD91449124840F22D2216F034
:108AB00038FC114840F22D2116F02AFC6FF07704A3
:108AC000384612F0AFFF40B909490A4840F2311266
:108AD00016F027FC40F23111D5E788F31188BFF377
:108AE0006F8F2046BDE8F0816FF01504F9E700BFF5
:108AF000E99503008E850300FF96030008B54268E0
:108B0000816002F00302032A034602D02AB100204A
:108B100000E0006800225A6008BD0449044845226C
:108B200016F0FFFB0148452116F0F2FB24970300E5
:108B30008E8503002DE9F34106460F4615464FF09A
:108B400000082A4601A9304616F09DFD044640B1B2
:108B500002463946019818F014FE2D1BA044274404
:108B6000EFD14246311D304616F0ABFD40B106490B
:108B70000648482216F0D5FB0348482116F0C8FBEA
:108B8000404602B0BDE8F0814A9703008E8503009D
:108B90002DE9F34107460E4615464FF000082A46D8
:108BA00001A9384616F07EFD044648B12EB10246B2
:108BB0000199304618F0E5FD26442D1BA044EED166
:108BC000424607F10A01384616F07BFD40B10649DE
:108BD0000648632216F0A5FB0348632116F098FBB4
:108BE000404602B0BDE8F0814A9703008E8503003D
:108BF0002DE9F7430F4606460821C06ADFF850907A
:108C000016F0E5FD3C68241A80463C6004EA09053C
:108C1000AC4203D8002003B0BDE8F08308236A46C5
:108C20002146304616F084FD0028F4D169463046CE
:108C300016F0D7FD40B1BDF80230BDF804203C600D
:108C400005EA090513441D44A4EB0804E0E700BF4E
:108C50000000FFFF73B504460821C06A124E16F0EB
:108C6000B6FD4FF6FF726368ADF800208DF8062060
:108C7000A289191833401344181A00256060684609
:108C8000ADF80210ADF8045016F098FD6946204684
:108C900016F08FFE2046211D16F083FD63682846DE
:108CA0003340A36002B070BD0000FFFF38B5057C03
:108CB00004461DBB082000F0C9FD40B1104B4361C4
:108CC000104B83610323037445748574C5740E4986
:108CD00000234FF4C25216F0D2FF6FF00C0038BDE3
:108CE0002904204616F0BAFD01350028F7D1E289A3
:108CF000ABB29A42F4D800202074F0E70025F6E7E2
:108D000075970300A9980300842203002DE9F0471A
:108D100004468AB000F11407384618F025FCA06A12
:108D20008368DB6898470546E06268B9082000F070
:108D30008DFDF8B1A54B4361A54B836103230374FB
:108D400045748574C57415E0A06A8368DB6898472C
:108D50000368013B1F2B19D9082000F077FD48B1AB
:108D60009C4B43619A4B8361032303740023437438
:108D70008374C374984900234FF4C25216F07FFFE6
:108D80006FF0150528460AB0BDE8F087A06A216893
:108D900007AA17F086FB30B1082000F057FD002825
:108DA000E8D08E4BDDE7A5892DB1089BB5FBF3F22A
:108DB00003FB125535B1082000F048FD0028D9D03A
:108DC000874BCEE7E389012B06D8082000F03EFD53
:108DD0000028CFD0834BAEE7E36A019593F8058076
:108DE0004FF0FF334FF0FF32384610F0CFFCE06A0F
:108DF000082116F0ECFCA9460646E3891FFA85FA1D
:108E0000534521D8E3894B4551D1062000F01EFD82
:108E100038B1754B43610223037400234374837498
:108E2000C3746D4900234FF4845216F028FFA289C1
:108E3000E389A06A21685A4317F076F9054608B31A
:108E4000384610F059FD9DE7A1892B04891B13FAC0
:108E500081F1424608232046019116F077FC78B153
:108E600001A9204616F09DFC09F10109019908238A
:108E7000424620461FFA89F916F068FC0028C1D046
:108E80000135BAE7A389E2899B1B013A9BB203EB48
:108E900002430193019908234246891B204616F09C
:108EA00055FC30B901A9204616F07BFC01E0534582
:108EB000F0D001A92046FFF79BFE05460028BFD150
:108EC000019B63604FEA13494FEA0949C4F80890CF
:108ED000D4E9011399420FD3082303AA204616F0C0
:108EE00027FC05460028ABD103AB13F8012B9045B6
:108EF00035D10135082DF8D163681B0C1B0401A97D
:108F00002046019316F04DFCA38901994246204664
:108F100016F01CFC051E93DB636800F0928006EBE4
:108F200003084FF6FF79A389CDF804801FFA88F271
:108F30009B1B9A422FD300236168002B56D0090C4B
:108F400009040191204601A916F02BFC0199204645
:108F500016F084FC0546002D00F0918070E703A90F
:108F6000204616F03EFC626810B9921B6260AFE7C3
:108F7000BDF81050BDF80E10E06AC4F808902944FE
:108F800016F025FC48449042A060EED1002DECD0B4
:108F90006FF01C05A9E0082305AA4146204616F0FB
:108FA000C7FB054600287FF44BAF05A9204616F005
:108FB00018FC30B1BDF814304B4502D1BDF8183063
:108FC0000BB1B044AFE70123B6E700BF8D970300B4
:108FD0009F980300B397030084220300D4970300F3
:108FE000F0970300089803002F980300204616F01E
:108FF00035FC054600287FF423AF6368414AA18908
:1090000013400B44A3EB46031A40A260636004F1D3
:109010002C0204F50B7142F8043F9142FBD120462B
:1090200016F0FBFC96E75B1A4246204616F08EFBD4
:10903000051EFFF605AF08D0E26AA3681268134464
:10904000A360D4E901318B42EDD86168A38901EBBB
:1090500046029A427FF47FAFDFF8A880A26801EA57
:1090600008039A423FF477AF204616F0F7FB054617
:1090700000287FF4E5AE636803EA0803A3604FF4B9
:109080000072FF2104F1300018F0A3FB6368029323
:109090004FF6FF7805AA02A92046DDF8089016F0E1
:1090A00005FC054600287FF4CBAEBDF81400404512
:1090B0000DD016F020FB04EB80052B6B013306D19D
:1090C00005A9204616F08DFB08B1C5F830906368FD
:1090D000029A9342DED1A2899BB2A2EB460293424E
:1090E00008D1204616F082FC0546384610F004FCF4
:1090F0001DB147E6384610F0FFFB0123237400251D
:1091000040E600BF0000FFFF2DE9F04F91B0067C64
:10911000019204460F461D46C6B9082000F096FB92
:1091200040B1744B4361744B8361032303744674F1
:109130008674C6744FF4C2527049002316F09FFD26
:109140006FF00C02104611B0BDE8F08FC26A082122
:10915000104616F03CFB29460290104616F037FBED
:10916000A389029AA3EB8203AB420646C0F0BF80FC
:1091700055B9384616F0BFFA0C3054F82030059334
:1091800001334DD10022DDE7019B002B00F0AF80C1
:10919000384616F0B0FA0C3054F8203005930133FD
:1091A0003ED1002E40F08D8004F1140A4FF0FF32C2
:1091B0004FF0FF33504610F0E9FA4FF00009E38911
:1091C000994500F09180A168626873189A427CD337
:1091D000FF23019A8DF8263020462B46ADF8221049
:1091E000ADF82070ADF8245016F0AAFB29460246CF
:1091F000E06A16F0ECFAA3680344A36052B908A829
:1092000016F0DCFA08A9204616F0D3FB002814BF9C
:1092100002462A460192504610F06EFB019A91E7F1
:1092200006AA05A92046DDF814A016F03FFB024669
:10923000002887D1BDF81830BB4206D06268059B74
:109240009A42EDD1002DACD19CE706A9204616F03C
:10925000C8FA0028F2D0BDF81A90BDF81C304DB302
:109260009D429ED1E36ADDF804B01B684FEA1A4ABA
:109270005B424FEA0A4A03F02003D1440393AA4613
:10928000039B534528BF534608AA494620469846A3
:1092900016F04EFA021E11D1424608A9584618F09F
:1092A00060FA00287FF47DAFBAEB080AC144C344DA
:1092B000E6D167E7002B7FF474AF63E73FF771AF48
:1092C00040E7029B1E44B6B26EE72046FFF7C2FCA1
:1092D000024600289ED1204616F09FFB0246002839
:1092E00098D109F101096AE76FF01B0292E76FF06C
:1092F000150227E775970300959803008422030061
:109300002DE9FF47057CBDF8309004460E46904697
:109310001F46BDB9082000F099FA40B1354B4361B2
:10932000354B83610323037445748574C5743349D5
:1093300000234FF4C25216F0A2FC6FF00C0004B0F0
:10934000BDE8F087C06A082116F041FAA389A3EBB3
:109350004003BB424AD3304616F0CDF90C3054F8E6
:1093600020A0CDF804A0BAF1FF3F1AD16FF00100A0
:10937000E5E702AA01A9204616F098FA0028DED1F6
:10938000BDF80830B34206D102A9204616F029FAEA
:1093900008B10135ADB26268019B9A4202D15146D3
:1093A00008E000254D455146DDF804A0E1D9636889
:1093B000534503D1BDF80830B342D7D1BDF80C30C6
:1093C000002BD3D0A945D1D8BDF80A00090CBB4267
:1093D0004FEA014128BF3B4601444246204616F071
:1093E000A7F90028ABD1BDF80C00A8E76FF0150075
:1093F000A5E700BF75970300879803008422030048
:1094000070B5057C86B00446B5B9082000F01EFA98
:1094100040B12C4B43612C4B83610323037445748F
:109420008574C574294900234FF4C25216F027FCF5
:109430006FF00C0006B070BDC06A082116F0C7F9C5
:10944000A589E389A5EB4005013B5D436368009373
:10945000064602AA6946204616F028FA0028E9D1F5
:109460006368019304AA01A9204616F01FFA002898
:10947000E0D1BDF81020BDF808309A4203D06268F0
:10948000019B9A42EED102A9204616F0AAF9009A51
:1094900048B1BDF80C1059B9BDF808104FF6FF736C
:1094A000994200D1AD1B63689342D2D12846C1E7EF
:1094B000019B9342F7D1E06A16F089F9AD1B2D1A92
:1094C000F1E700BF7597030073980300842203003F
:1094D00010B5047C0246ACB9082000F0B7F940B1E1
:1094E0000D4B43610D4B83610323037444748474F7
:1094F000C4740B4900234FF4C25216F0C0FB6FF046
:109500000C0010BDC06A082116F061F9D2E90132E1
:109510009B1A181AF5E700BF759703005A980300C5
:109520008422030030B51049104889B0002218F099
:10953000DEF80F4D0F4900220023CDE90623002459
:109540000E23CDE90334CDE901440B4B00944FF4D5
:109550008062284611F05AF80849284610F0DEFFCC
:10956000204609B030BD00BFB5960100502D002047
:109570006826002000890020C9990100BA980300DC
:109580002DE9F047DFF85880044607464FF00109FF
:1095900014B93846BDE8F08794FAA4F5B5FA85F514
:1095A00009FA05F32E0108EB05156FEA030A24EA10
:1095B00003042B7B002BEBD058F806301B694BB90A
:1095C0004644042273682846196807EA0A0716F019
:1095D00037FBDDE7284698470028D9D1F0E700BFE0
:1095E000C42303002DE9F047DFF8C4902C4CA9EB0D
:1095F00004038F2B80460F460AD92A492A484FF484
:10960000A77215F08EFE4FF4A771264815F080FE64
:10961000264816F0F5FA064658B300252846BDE858
:10962000F087237B83B12368DB680BB12046984722
:10963000636883F806A023681B6993B963680422F2
:109640001968204616F0FCFA013610344C4514D93E
:10965000144915484FF4AD7215F063FE4FF4AD7127
:10966000D3E7204698470028E8D00AFA06F31D43BE
:10967000EAE705464FF0010AE8E7D2D3B8F1000F58
:10968000CCD0002DC9D02846FFF77AFF0546002F21
:10969000F7D000214FF4A47011F06EFEF1E700BF87
:1096A000C4230300C29803008E850300703A002093
:1096B000E4230300014810F0FDBA00BF080E0020AB
:1096C000014B53F820007047302B030008B50346C8
:1096D00008462BB1044A136000F0B4FD002008BD19
:1096E0006FF01500FBE700BF5C09002010B5044CCB
:1096F000237813B9034810F0DDFA0123237010BD5D
:10970000CC5B0020080E002010B504460B4816F074
:1097100077FA5CB1BFF35B8F094B53E8001F013947
:1097200043E80012002AF8D1BFF35B8F054817F019
:10973000EAFF0548BDE8104010F0BCBA683A0020C6
:109740006C3A0020502D0020080E00200020064B0F
:10975000BFF35B8F014653E8000F43E80012002A75
:10976000F9D1BFF35B8F7047683A002070B5FFF7FF
:10977000EDFF0E4C0E4E0546B44215D90D490E486C
:1097800040F20E2215F0CDFD0A4840F20E2115F0F0
:10979000BFFD63685B792BB123685B6813B1294611
:1097A000204698471034E7E7F3D370BDC423030085
:1097B000E4230300C29803008E85030010B5044C17
:1097C00004492046FEF736FB034B1C6010BD00BF6A
:1097D000080D00201C2B03005C3A0020134A14489B
:1097E000002310B51370134A1360134A4FF400415D
:1097F0001360FFF76BFFFFF7E1FF104B10491846AE
:109800008B4211D90F49104840F2291215F089FDF9
:109810000C4840F2291115F07BFD1A1A5C681211F0
:10982000013222711033EBE7F7D310BDCD5B00207E
:10983000FDFB0200683A00206C3A0020C4230300BC
:10984000E4230300C29803008E8503000146002232
:1098500001480023FEF71CBB080D00200148FEF75D
:109860000DBC00BF080D0020024B01461868FEF732
:109870007BBC00BF5C3A00200148FEF7D5BC00BFAE
:10988000080D002070B52F4B1878002859D0FFF72D
:10989000E5FF0546002840D12B4B2C4C1B68002BC4
:1098A00019DD17F022FF4FF47A72A0FB020302FBCE
:1098B0000131C30BD4E9002043EA41439B1A4FEA2C
:1098C000D13140F2E93261EB0001934271F10001C4
:1098D00001D3FFF74BFFD4E9003213F57A7342F15D
:1098E0000002C4E90032BDE87040FFF7C5BF6368FD
:1098F0005B7923B1236829461B68204698471034BA
:10990000B4420DD91249134840F2022215F009FD64
:109910000F4840F2022115F0FBFC0F4C0F4EEFE711
:10992000E5D32846FFF7A0FFBFF35B8F0C4B53E84E
:10993000001F013943E80012002AF8D1BFF35B8F02
:10994000AAE770BDCC5B0020683A0020482D0020BB
:10995000C29803008E850300C4230300E4230300A0
:109960006C3A002070B5134D297809BB0120FFF730
:1099700039FE114C114EB44213D91149114840F22D
:10998000C71215F0CEFC0E4840F2C71115F0C0FC0E
:1099900063685B791BB1236820469B689847103445
:1099A000E9E7F5D3FFF76EFF0028FBD101232B7009
:1099B00070BD00BFCD5B0020C4230300E42303007F
:1099C000C29803008E8503002DE9F0472C4B2D4FE4
:1099D000FB1A1B090AD12C492C4840F2AB3215F076
:1099E000A0FC40F2AB31284815F092FC002108465B
:1099F000FFF7F8FD044640B340F267684FF00009F6
:109A000011F05AFD224B186030B1224B1B68092B14
:109A100002DD214810F04EF9DFF87CA0002544B1AA
:109A20002046FFF7ADFD044618B94FF0FF384FF060
:109A3000FF39FFF727FF064628B95DB942464B4676
:109A4000504610F09BF93546E9E74FF0FF384FF0EC
:109A5000FF39D5E70A4D08E0F0D22B689B691BB1AE
:109A600000221146284698471035BD42F4D90649D0
:109A7000064840F29F3215F054FC40F29F31B2E7A5
:109A8000C4230300E4230300C29803008E8503006F
:109A9000643A00206C3A0020080E002013B52648D6
:109AA00016F0AEF8254B1B785BB3EFF3118440231F
:109AB00083F31288BFF36F8F214811F0A5FF40B9DF
:109AC00020492148882215F02CFC88211D4815F0DA
:109AD0001FFC1B4811F0BCFFFFF7D4FE184811F023
:109AE000A1FF40B91749184840F2311215F019FC8E
:109AF00040F23111EAE784F31188BFF36F8F02B0AF
:109B000010BD124B1B68002BF9D050B90022002366
:109B1000CDE900230E4840F26762002312F074FA88
:109B2000EDE70928EBD10A4817F0EDFD094802B02E
:109B3000BDE8104010F0BEB86C3A0020CD5B0020AC
:109B4000603A0020E99503008E850300643A002006
:109B5000502D0020080E002010B5064B1B6804464F
:109B600098472146A0600448FEF742FABDE810403D
:109B7000FFF794BF5C090020080D0020044A054B44
:109B80009B1AB1EBD30F34BF52F83100002070475D
:109B9000A4210300C423030070B50D4C0D4E0546EF
:109BA000B44211D90C490D4840F2262215F0B9FBF8
:109BB000094840F2262115F0ABFBA1682846E7F7DB
:109BC00075F918B11034EBE7F7D30024204670BDC7
:109BD000C4230300E4230300F39803008E850300ED
:109BE00008B550B90749084840F2351215F099FBFD
:109BF000044840F2351115F08BFB436800225A717E
:109C000008BD00BF209903008E8503002DE9F04FA9
:109C10008FB004AFC1F34A28B8600D4691467B600F
:109C20000C0DB8F1000F67D0002607F114034FF0B8
:109C3000040B4FF00A0AC7F80C80C7E907667E627A
:109C40000193CDF808B0CDF800A007F11C03F96826
:109C500032464846FDF73EFEB0F5006F03461CD382
:109C60006C468AB0D9F8041004AB2C48C3E905014E
:109C700040F2FF71D9611A464FF400711984284BE4
:109C800042F8103F274833464FF41251FFF7BEFF0A
:109C9000A5462C37BD46BDE8F08FC0F30A0804F195
:109CA0001700184420F0070080083B60FFF7CEFD46
:109CB00068F35325044638B33B681B4AC7E90836A6
:109CC00000F1100107F11403F961CDE900A3CDF80B
:109CD00008B0F96807F11C034846FDF7FBFD0028B2
:109CE00012DA124912484FF4A37215F01AFB0F480A
:109CF0004FF4A37115F00CFB04F1170020F00700DE
:109D00008008FFF7A3FD044668F353257B68B96814
:109D10002A46204615F0B3FFBBE700BF6199030058
:109D200004000001B422030053FC0200A0990300C8
:109D30008E8503002DE9F04F87B0DDE91279DDE96A
:109D4000106A04460391934698468FB3CDF800906D
:109D50003B46524610210020CDF81490FDF7BEFB83
:109D6000051E0ADA2A492B4840F2651215F0D9FA85
:109D700040F26511264815F0CBFAB5F5006F18DBF7
:109D80000820FFF763FD50B1234B436140F2FF739E
:109D9000836103230374002343748374C3741F49D2
:109DA00000234FF4C45207B0BDE8F04F15F067BF71
:109DB0003D4606F11700284420F0070004F0070490
:109DC0008008FFF743FD0BF0070BE40044EA8B1417
:109DD00044EA452444EA0654064698B197B1CDF8C2
:109DE00000903B46524629461030FDF777FB00288D
:109DF00008DA074907484FF4C47215F092FA4FF495
:109E0000C471B7E70399434622463046CBE700BF0B
:109E1000A09903008E850300CC990300B4220300AF
:109E2000406820B1034BC01A40F3CF0070474FF099
:109E3000FF307047A42103000EB403B503AB014605
:109E400053F8042B0448019315F04DFF02B05DF860
:109E500004EB03B0704700BF799E0100CA0605D429
:109E60008B064CBF02490349FFF7E6BF704700BFAE
:109E7000059A0300049A030038B54B681A68CB684A
:109E80009A4205460C4602D1084615F01FFF63684A
:109E9000BFF35B8F53E8002F511C43E800100028EC
:109EA000F8D1BFF35B8FA3689D5463681A68E368B9
:109EB0009A4208D905490648722215F032FA034839
:109EC000722115F025FA002038BD00BF079A030063
:109ED0008E8503002DE9F04F8BB09A46169B0693B2
:109EE0009DF854B0179B0593189B199E0493044644
:109EF0000D469046BBF1000F00F0AC80BBF1040FA3
:109F00000AD9A349A34840F2462215F00AFA40F2C2
:109F100046219F4815F0FCF906F00103089306F06E
:109F20000803079306F48073099315F087FE06F083
:109F30000209024600283BD097492046FFF77CFFE4
:109F40000746B9F1000F08D016F0440F32D19349FB
:109F50002A462046FFF770FF0744089B53B1904BF9
:109F6000904953F82B20904B2046002A08BF1A46F0
:109F7000FFF762FF099B002B48D0079B002B62D1A3
:109F8000B8F1000F64D0894942462046FFF754FFDC
:109F90000546069B3D44002B6BD1049B002B7FD1D3
:109FA000F30700F1EE8031462046FFF757FFE2E06D
:109FB0000746C6E77E4B18680028CDD07D4B4FF48E
:109FC0007A791B68B5FBF3F54FF46163B5FBF0F1EB
:109FD00000FB115509FB05F54FF03C0CB1FBF3F20A
:109FE00003FB1211B5FBF0FEB1FBFCF300FB1E55A9
:109FF0000CFB131109FB05F50091B5FBF0F56E495B
:10A00000CDE901E52046FFF717FFA5E7079BEBB178
:10A010006A4B6B4953F82B202046FFF70DFF05468E
:10A02000B8F1000F05D0614942462046FFF704FF12
:10A030000544BAF1000FACD0624952462046FFF702
:10A04000FBFE0544A5E74FF0000AE1E7079DE7E7BF
:10A0500045469EE7BAF1010F069B06D1D3B9049B92
:10A06000002B00F0888000251AE0002BF7D056481E
:10A0700011E05648069B5649224615F073F8002811
:10A080000BDA434943484FF4287215F04AF94FF46C
:10A0900028713EE74D485D46ECE7049B002B66D0F7
:10A0A000DFF84081DFF84091049F3146102F2046B1
:10A0B00028BF1027FFF7D2FE4FF0000A554543DCBA
:10A0C000059B49461A782046FFF7B6FE4FF0010A75
:10A0D0001AF0070F03D141462046FFF7ADFE574562
:10A0E00039D9059B494613F80A202046FFF7A4FEFC
:10A0F0000AF1010ABAF1100FEAD1364920464FF0B1
:10A10000000AFFF799FE5246059B9A5C324B995C18
:10A1100011F0970F08BF2E2230492046FFF78CFE22
:10A120000AF1010ABAF1100F1AD01AF0070F03D181
:10A1300041462046FFF780FE57455246E4D8414647
:10A140002046FFF779FEEBE741462046FFF774FE15
:10A150000AF1010AB2E722492046FFF76DFEC7E780
:10A16000059B3B440593049BDB1B04939CD1BBF1F3
:10A17000000F7FF415AF20460BB0BDE8F04F15F08F
:10A18000A5BD094A07492046FFF756FE0BE700BF69
:10A19000079A03008E850300369A03003A9A03005B
:10A1A000402B0300ABB10300B48203005F9A0300AD
:10A1B000783A0020743A0020439A0300542B03009D
:10A1C000639A0300699A0300F5FC0200799E01007E
:10A1D000E7FC0200789A0300B1C003007A9A0300FA
:10A1E000749A0300769A03006E9A030073B542F2E4
:10A1F0000F738B4228BF0B4605680F4A04460521A2
:10A20000684615F028F863680C495B6806460B221F
:10A21000284615F04DFD63683246694628465B685E
:10A2200015F046FD636806495B681B22284615F059
:10A230003FFD02B070BD00BF94790300999A0300FE
:10A240007D9A0300074A00210123904206D8064A5E
:10A2500001B901231360054B1860704740085B008B
:10A260000121F2E740420F00743A0020783A0020C2
:10A27000014B01221A707047CE5B0020014B002079
:10A2800019607047903A00200148FFF7AFBF00BF48
:10A29000842B030010B5064B18680C46FFF710FA24
:10A2A00021460346BDE8104002480F22184700BF70
:10A2B000903A0020842B0300F8B5094D094B0A4E53
:10A2C000D5E9004701221A700CB92C60F8BD21466F
:10A2D00030463A4600F01EF8241A0644F4E700BF60
:10A2E000843A0020CF5B0020D05B002010B9074BE0
:10A2F00018707047064B1B781BB141F2883017F07D
:10A30000D8B8A420002111F037B800BFCE5B0020E0
:10A31000CF5B00202DE9F047DFF87C901D4F804691
:10A320000E46042499F80050A5B917F0B5F8324646
:10A330008246414628460EF00DFE0546504617F06F
:10A34000B3F8E5B101233B7099F8003073B930469A
:10A35000BDE8F0873246414600200EF0FBFD054681
:10A36000EFE72046FFF7C2FF651E2C4600200EF0E7
:10A370007BFE0028EBD03B78002BF2D1E7E73B785F
:10A38000002BE4D0013C2046FFF7B0FF3B78002BC8
:10A39000C8D1DCE7CE5B0020CF5B00202DE9F34184
:10A3A000436812481C680DF10701656815F0FFFC51
:10A3B00030B99DF80710012902D10C4800F04AF885
:10A3C00001232B752568D5E90136D3E900482F68AC
:10A3D00024B96B681C6002B0BDE8F08121463046AC
:10A3E0004246B847241A0644F2E700BF341A030075
:10A3F000F8B5074F0D4604464618B44201D1284629
:10A40000F8BD14F8011BBB6801485B689847F4E786
:10A41000341A030010B543681C68084817F04DF85B
:10A4200040B907490748992214F07BFF0448992155
:10A4300014F06EFF23685B685C6010BD341A030083
:10A44000D59A03008E850300014B036000207047FE
:10A45000C82B030070B5046A0D46002C3FD0244A77
:10A460002379565CB3423DD0224A525C9A423CD199
:10A47000A3689847002814DA022D10D0032D0FD1BD
:10A4800010F1860F0BD0BFF35B8F54E8003F43F011
:10A49000020344E80032002AF7D1BFF35B8F267134
:10A4A00070BD022D267101D00020F9E7BFF35B8F4C
:10A4B00054E8003F23F0040344E80032002AF7D1B7
:10A4C000BFF35B8FBFF35B8F54E8003F23F00203C1
:10A4D00044E80032002AF7D1BFF35B8FE4E76FF066
:10A4E0005700DDE76FF07700DAE76FF08500D7E718
:10A4F000389B0300349B03002DE9F0471A4CDFF82A
:10A500007480DFF8749005460E461746444525D9F9
:10A51000164917484FF4BB6214F003FF13484FF479
:10A52000BB6114F0F5FE6268D9F824309A4213D367
:10A53000A3698BB1A9889078C9B2884205D13A46FF
:10A5400031462846BDE8F04718475279012A03D121
:10A550003A463146284698472434D7E7E3D36FF08C
:10A560008500BDE8F08700BF580F00203C9B03002A
:10A570008E850300A00F0020B83A00202DE9F0419D
:10A58000134B144F5E6A144BBB421BD9134914483A
:10A5900040F2BB5214F0C5FE104840F2BB5114F01B
:10A5A000B7FE5C68B4420BD31D694DB194F802C08C
:10A5B0008488E4B2A44503D12B46BDE8F041184796
:10A5C0002433E1E7EDD36FF08500BDE8F08100BFF3
:10A5D000B83A0020A00F0020580F00203C9B030039
:10A5E0008E850300024B00221A605A60704700BF3C
:10A5F000733B00202DE9F041114CDFF850800546F7
:10A600000E461746444516D90E490F484FF4C1620D
:10A6100014F087FE0B484FF4C16114F079FE6369B2
:10A620000BB92434EEE73A463146284698470028CD
:10A63000F7D1BDE8F081F2D36FF08500F9E700BFF4
:10A64000580F00203C9B03008E850300A00F0020C4
:10A65000430670B51CD0114B114CA3421AD91149B5
:10A6600011484FF47D7214F05CFE0E484FF47D717A
:10A6700014F04EFE196A1E7F00220439D5B2AE4294
:10A6800001D82433E9E7013211F832508542F5D17F
:10A69000012001E0EED3002070BD00BF580F002064
:10A6A000A00F00203C9B03008E850300F7B5848833
:10A6B000E4B220460F468DF80740FFF7C9FF054674
:10A6C00080B114F07F0F0E4E02D096F8BA30ABB1C5
:10A6D000204657B103F0F2FDF3691BB10DF10701FC
:10A6E00008209847284603B0F0BD03F02BFEF3691D
:10A6F000002BF7D00DF107010920F2E71D46F1E725
:10A70000B83A002010B504460820FFF79FF850B172
:10A71000094B4361094BC0E9063404230374002349
:10A7200043748374C374064900234FF4015215F037
:10A73000A6FA002010BD00BF6E9B0300AD9C030075
:10A740009C23030038B5054615F0D6FD10F1780FAF
:10A75000044617D0B0B10820FFF778F850B10F4B7E
:10A7600043610F4BC0E9063504230374002343748F
:10A770008374C3740B4900234FF4015215F07FFA20
:10A78000204638BD284615F06FFB074AD2F8C43082
:10A7900023EA0003C2F8C4300024F1E78D9B0300D4
:10A7A000C19C03009C230300B83A002008B5094867
:10A7B0000378C3F341130A3350F823303BB100F15F
:10A7C000080200F110019847C043C00F08BD1846A9
:10A7D000FCE700BFB83A002004282DE9F74FDFF866
:10A7E000D89004460F4616D0012830D1DFF8C48037
:10A7F00098F8B9305BB300F09DFF2B4D4D4532D931
:10A800002A492B4840F2C24214F08BFD40F2C2416B
:10A81000264814F07DFDFFF7E5FEE7E702EBC606EC
:10A820000192307915F068FD8346307915F01CFBF4
:10A83000D8F8C430019A23EA0003BBF1000FC8F82E
:10A84000C4300AF1010A12DA002388F8B930164D33
:10A850004D451BD91549164840F2EE4214F061FDF2
:10A8600040F2EE41D4E7EFD22A6A4FF0000A2B7F84
:10A870005FFA8AF6B342D1D82435BFE7EB681BB143
:10A880003A462146284698472435E1E7F6D3094B56
:10A890001B6A2BB13946204603B0BDE8F04F18477C
:10A8A00003B0BDE8F08F00BF580F00203C9B0300B1
:10A8B0008E850300B83A0020A00F002073B504462F
:10A8C00080788DF80000237962792C4D43EA0223C9
:10A8D000ADF80230E37803F003038DF8043015F08F
:10A8E000C3FAD5F8C430184206460CD0A4782046E6
:10A8F00000F002FF2046FFF725FF16F081FE10B999
:10A90000962010F075FD684603F09AFC10F1780F60
:10A910009DF8004018D0B8B10820FEF797FF50B15D
:10A92000174B4361174BC0E906340423037400231B
:10A9300043748374C374144900234FF4015215F017
:10A940009EF9002002B070BD204603F037FD10F1E3
:10A95000780F09D040B108209DF80040FEF776FF3F
:10A960000028E8D0094BDCE7D5F8C4300120334398
:10A9700085F8B900C5F8C430E4E700BFB83A002054
:10A98000B39B0300A09C03009C230300DB9B0300FC
:10A990002DE9F047A84EB36904460F461546FBB9AA
:10A9A000237803F01F03012B00F09E80022B00F0A0
:10A9B000068133BB94F900002A686178002834DAF4
:10A9C000062912D008292BD0D9B901231370517050
:10A9D00096F8C3305B0043F001031370022328E1B3
:10A9E00098470028DCD100200DE06288100A011F82
:10A9F0000129844605D9072803D8716AD2B20C7898
:10AA00001CB96FF01500BDE8F0874E78664503D19C
:10AA10009A4200F0098101332144F0E70B7808E104
:10AA200096F8BA301370012303E101390829E8D8F8
:10AA300001A353F821F000BFD3AA010003AA01002B
:10AA4000E1AA010003AA01005DAA010003AA010016
:10AA500003AA010003AA01006BAA01006088C0B22A
:10AA600003F086FB0028BED0CBE76388756A63BB22
:10AA7000FFF7B8FD638886F8BA30F369002BB2D0CF
:10AA80006E4903209847AEE76B78042B10D0052B56
:10AA900011D0022B04D16F796388BB4208BF01201B
:10AAA0002B781D442B78002BEED10028A9D0DFE7AE
:10AAB00095F80380F4E76388BB42F1D1B8F1000F49
:10AAC000EED12846FFF7FAFEEAE7FF270020B84656
:10AAD000E8E76388012B94D1002386F8C33082E72E
:10AAE0006388012B8DD1F8E796F8BA30D5F800C00D
:10AAF000002B86D0A388756A5FFA83FE2A461078F9
:10AB000000283FF47EAF5178022904D192F80480E6
:10AB1000F04500F295800244F1E78CF800208CF8B3
:10AB2000012039605FE7154496E00B2A7FF469AF96
:10AB300000274FF0FF08C146BA4606E06B78042BA9
:10AB40000FD0052B21D02B781D442B78002BF5D16D
:10AB5000F36913B1514607209847002F7FF443AFA4
:10AB60004FE795F80280A38895F803909845EAD1BD
:10AB700063889945E7D1B8F1070F1DD806EB0803A4
:10AB8000AA4683F8BB900127DDE7A3884345DAD1C5
:10AB90006388DBB24B450AD0AF78384600F0ACFD95
:10ABA0003846FFF7CFFDB0FA80F77F09CBE728469C
:10ABB000FFF784FE0746C6E7AA460027C3E794F9D5
:10ABC00000206378002A19DA002B7FF41AAFA488DA
:10ABD0002D68E4B22046FFF73BFD00283FF411AF9B
:10ABE000630604D096F8BA30002B3FF40AAF29462A
:10ABF000204603F0C7FB00236B70EFE6012B08D063
:10AC0000032B7FF4FEAE6388002B7FF4FAAE0121A4
:10AC100003E0618800297FF4F4AE2046FFF746FD8B
:10AC200000287FF4E0AEECE6022829607FF4F6AE5F
:10AC30004B883B60D7E600BFB83A0020723B00204B
:10AC400094F9000062780028BFF66FAF002A3FF445
:10AC500064AF0A2A7FF4D5AE2A78002A3FF4D1AE39
:10AC6000697804297FF45FAFA9788B427FF45BAFEA
:10AC7000072B96BF9B19002393F8BB308CF800304C
:10AC8000D1E600BF13B5164C237DF3B9E268A16885
:10AC9000019201AB802015F0F5F8019AA3681344E6
:10ACA000A360E3689B1AE3606BB962B12369E28831
:10ACB0009A4208DD94F8C82093FBF2F102FB1133AD
:10ACC0000BB90123237502B010BD00231A461946A3
:10ACD0008020237502B0BDE8104003F099BB00BF8F
:10ACE000B83A00207FB500230D46019306460028A0
:10ACF00070D1002948D108220B460DEB020115F056
:10AD000014FB002803DA802003F0D8FA2DE03C4C35
:10AD1000029A2260039A626004F13802A2609DF9EF
:10AD20000820BDF80E302575002AC4E903551EDB46
:10AD3000802B17D90820FEF789FD40B1314B4361C4
:10AD4000314B83610323037445748574C5742F49A3
:10AD500000234FF4C25214F092FF802003F0AEFAA9
:10AD60000020D1E71BB1C4E9033304B070BDFFF785
:10AD70001DFD0028C7D0E28823699A42D4BFE26053
:10AD8000E360FFF77FFFF0E71D4CD4E90212002AD1
:10AD900001AB05DC024615F0C8FA0028E5DAB2E797
:10ADA00015F0C3FA002804DA802003F087FA304651
:10ADB000AAE7019AA3681344A360E3689B1AE360BF
:10ADC000002BD2D104F13803A360FFF7EFFC002879
:10ADD000D7D198E7802807D1094BDA68002AD0D16B
:10ADE0001B7D002BCDD1C0E709490A484FF4C5723D
:10ADF00014F097FA06484FF4C57114F089FA00BFB1
:10AE0000B83A0020009C0300799C03009C230300B7
:10AE10003C9B03008E850300054B064A9A62064A56
:10AE2000DA62064A1A63064A58629A61002070473D
:10AE3000B83A002091A901007DA50100F5A5010007
:10AE4000F9A401002DE9F3410646604D60484FF03A
:10AE5000FF334FF0FF320EF099FC95F8B830002B1D
:10AE600040F0B0806B6A0BBB00F00CF9FFF7D4FF29
:10AE70006C6ADCB90820FEF7E9FC40B1554B436130
:10AE8000554B83610323037444748474C47453491D
:10AE900000234FF4C25214F0F2FE4FF0FF344C483E
:10AEA0000EF02AFD204602B0BDE8F0814C48E86172
:10AEB0006F6A2E6203F03CFC03F028F9041EEEDBFF
:10AEC00000F05AFC041EEADB7B78012B01D1FB79F0
:10AED000B3B90820FEF7BAFC48B1424B43613E4B80
:10AEE000836103230374002343748374C3743B4955
:10AEF00000234FF4C25214F0C2FE6FF01504CEE7E7
:10AF00000026684685F8C830ADF802308DF8046038
:10AF10008DF8006003F094F9041EC0DB80276846BA
:10AF20008DF8007003F08CF9041EB8DB2E49304612
:10AF300003F0EAFB041EB2DB2B49384603F0E4FBC6
:10AF4000041EACDB294CDFF8B08044451DD92849EC
:10AF500028484FF4C36214F0E4F925484FF4C36164
:10AF600014F0D6F9276A0026227FF3B29A4201D85C
:10AF70002434EAE707EBC30257F83310107903F0E3
:10AF8000C3FB01360028EFD087E7EBD3002003F0A6
:10AF900015FA041E83DBD5F8C430802043F001038A
:10AFA000C5F8C43003F00AFA041EFFF678AFD5F8EE
:10AFB000C43043F48033C5F8C430012385F8B83079
:10AFC00000246CE76FF0770469E700BFB83A00200F
:10AFD000E40D00201D9C0300959C03009C230300AE
:10AFE000D9A70100469C0300E5AC0100580F0020E2
:10AFF0003C9B03008E850300A00F002030B51F4B43
:10B000008BB005AA03F1100518685968144603C4EB
:10B010000833AB422246F7D11B782370102200215F
:10B0200001A816F0D6FB12220021154816F0D1FB1C
:10B03000102101A815F026FB00281BDD0828B8BF49
:10B040000820093801AB0E491A18002012F8013FF8
:10B050000AAC04EB131403F00F0328336B440130E4
:10B0600014F8144C13F8143C0C7008284B7001F1C0
:10B070000201EBD102480BB030BD00BFDD9C0300E4
:10B08000E25B00202DE9F04FAC4B93F800B087B0A5
:10B09000BBF1000F03D0AA4807B0BDE8F08FA84C61
:10B0A00000264FF0011AB1463546374623783BB9A2
:10B0B000A44B02349C42F3D1A04A01231370EAE767
:10B0C0006378052B29D8DFE813F0F50006005F014F
:10B0D000F5002B007900402304A88DF810B0ADF8DE
:10B0E00012308DF814B003F069F898B1082304A861
:10B0F000ADF8123003F062F860B193499348ADF8AF
:10B1000012B040F28F1214F00CF940F28F118E48F9
:10B1100014F0FEF8BDF81230E37123781C44C5E743
:10B12000E378002BF9D1A378002B42D1884D03E0BE
:10B130006B689C4238D02435864B9D4208D98249A1
:10B1400082484FF49B7214F0ECF84FF49B71DEE7E9
:10B15000EED30820FEF77AFB50B17F4B43617F4B63
:10B16000C0E9063404230374002343748374C37456
:10B1700000234FF401527A4914F081FD0820FEF7B4
:10B1800065FB48B1774B4361774B836103230374BD
:10B19000002343748374C374714900234FF4C25273
:10B1A00014F06DFD002077E7AB6813B149462046E7
:10B1B000984709F101095FFA89F9AEE7002D77D1C7
:10B1C0000820FEF743FB40B1684B4361634B83614A
:10B1D0000323037445748574C57400234FF4C2526D
:10B1E000C9E7296AA07801EBC2010B79984213D014
:10B1F00001322B7F9A42F4D30820FEF727FB002868
:10B20000EBD05B4B4361554B8361032303740023F5
:10B2100043748374C374E0E74FF00108E07800F0F2
:10B2200003008DF81400207994F805C040EA0C2042
:10B23000ADF8120094F9020000285FFA88F329DAC9
:10B2400008F110004FF0010C0CFA00F010EA0A0FA0
:10B2500028D143F080008DF8100004A8CDE9021336
:10B26000019202F0ABFFDDE90121039BD0B99DF80B
:10B270001020A27012F0800F18BF10330A7118BF8F
:10B28000DBB24FF0010214BF9A4002FA08F24AEA18
:10B29000020A42E7012000FA08F010EA0A0F01D181
:10B2A0001846D8E708F10108B8F1100FB6D19FE7AA
:10B2B00000229EE7032E1AD1FFF7A0FE804650B170
:10B2C000E5F7FEFD024630B11028A8BF1022414626
:10B2D000A01C16F056FA23786FF00200E118001B4C
:10B2E00004EB5303C84216D50136F6B215E7002E1B
:10B2F000F1D1002F40D10820FEF7A8FA00283FF432
:10B300006CAF1C4B4361154B83610323037447747B
:10B310008774C77461E71A78203A5E2A06D90A4909
:10B320000A48CB2213F0FDFFCB21F0E601F801BC67
:10B3300013F8012901F8022DD4E700BFE15B0020DA
:10B34000540E0020560F0020EE9C03008E85030053
:10B35000580F0020A00F0020249D0300F29D030041
:10B3600094230300CF9D0300059E0300489D030026
:10B370008D9D0300AE9D0300E31BBB70C3F3072349
:10B38000FB7087F80490AFE72746C6E610B5094B77
:10B3900000211A461C78844204D15C6814B102EB87
:10B3A000811010BD0131042903F14003F2D10020C6
:10B3B000F7E700BF843B00202DE9F34150F8283C1B
:10B3C00010F82C6C103304460BD1036950F8202C74
:10B3D00013F002074DD0D2B9590715D5002344F810
:10B3E000283C54F8283C10330BD054E9077554F826
:10B3F000148C16F005F9002878D04348214616F041
:10B40000EFF802B0BDE8F08143F00403036154F8A3
:10B41000241C01AB304614F035FD0546C0B10A20AE
:10B42000FEF714FA58B1394B4361394B0662C0E953
:10B43000063505230374002343748374C374002307
:10B4400034494FF4215214F01AFC6FF01503C6E78B
:10B45000019A54F8243C134444F8243C54F8203C0A
:10B460009B1A44F8203C54F81C3C134444F81C3C00
:10B47000B7E750F8241C01AB304603F07BF80546D3
:10B4800080B10A20FEF7E2F90028D8D01F4B4361B3
:10B490001F4B0662C0E906350523037447748774A1
:10B4A000C774CCE7019D54F8243C2B4444F8243C59
:10B4B00054F8203C5B1B44F8203C54F81C3C2B44C3
:10B4C00044F81C3C002D89D0304603F037F9B5FB19
:10B4D000F0F303FB1055002D80D154F8203C002BD5
:10B4E0003FF47CAF304603F0B1F87AE744F8180C2B
:10B4F000A4F110000EF0DEFB002D82D0424639464A
:10B500003046A8477DE700BF882D00202E9E03000F
:10B51000C69E0300B42303004B1E012B73B50646E1
:10B520000D4622D8FFF732FF044600BB012D1CD187
:10B5300001AB01220DF10301304603F01BF8019C21
:10B54000002CF5D10820FEF781F940B1114B436181
:10B55000114B83610323037444748474C4740F49CE
:10B5600000234FF4C25214F08AFB02B070BD16F0F3
:10B5700047F804F12C0108B1012D05D1084602B0AD
:10B58000BDE87040FFF718BF054802B0BDE8704045
:10B5900016F026B84F9E0300D89E0300B423030084
:10B5A000882D00202DE9F74F054601911646984653
:10B5B00014F0B0FC0446002840F08D80EFF31183B6
:10B5C0000093402383F31288BFF36F8FDFF820913D
:10B5D0000022002348460EF0D1FB18BBDFF814A16F
:10B5E0000AEB841BA701DBF8044014F1100F3DD1D6
:10B5F00001900820FEF72AF950B1384A4261384AD2
:10B60000019B4374C0E90625042202748374C37449
:10B61000344900234FF4015214F031FB48460EF038
:10B6200049FB1AE00134042C09F14009D0D108206B
:10B63000FEF70CF948B12C4B4361294B836103237E
:10B640000374002343748374C374264900234FF4A6
:10B65000C25214F014FB6FF00B04009B83F31188AB
:10B66000BFF36F8F204603B0BDE8F08F0C9B019AAB
:10B67000CBF814300D9BCBF81000CBF818302846CF
:10B680006FF00F03CBE902260AF80750CBF83C8095
:10B69000CBF8043003F052F868B1284603F04EF8B6
:10B6A000B6FBF0F303FB10662EB1DBF83C3043F041
:10B6B0000403CBF83C3018F0020F07D007F12C013F
:10B6C0000A48514415F08CFF0024C6E7284602F0D2
:10B6D000BDFF0446C1E76FF00F04C3E78C9E030073
:10B6E000B99E0300B42303006D9E0300882D002043
:10B6F000A03B0020843B002010B5EFF311844023D1
:10B7000083F31288BFF36F8FFFF740FE50B1436899
:10B71000103307D16FF08B03436000F12C01044814
:10B7200015F05EFF84F31188BFF36F8F10BD00BF6B
:10B73000882D0020F8B50E4C04254027EFF3118624
:10B7400087F31288BFF36F8F6368103307D16FF0F0
:10B750008B030848636004F12C0115F041FF86F368
:10B760001188BFF36F8F013D04F14004E6D1F8BDAD
:10B77000843B0020882D002070B50A4C0A4E00251D
:10B78000314620460EF060FD0122A4F11000114662
:10B79000013515F007FF042D04F14004F0D100201D
:10B7A00070BD00BFB03B0020B9B3010001690123A7
:10B7B00081F84B300B6833B191F849301BB1024826
:10B7C000083115F00DBF7047882D00200169012355
:10B7D00081F84A300B6833B191F848301BB1024808
:10B7E000083115F0FDBE7047882D002070B5056941
:10B7F000EFF31186402383F31288BFF36F8FD5F8E0
:10B800009000FDF797F9044686F31188BFF36F8F18
:10B8100030B104480022002305F118010EF012FE99
:10B82000204670BD882D002070B5012382F8483075
:10B8300013680D4614463BB192F84A3023B10E48C6
:10B8400002F1080115F0CCFED4F89030DA885B895B
:10B850009A4205D17DB904F1180140F6CD4204E0C9
:10B8600004F11801002DF8D00022BDE87040024814
:10B8700000230EF0E7BD70BD882D002070B50E4688
:10B8800081880446C9B21548154614F01FFB10B351
:10B8900094F900206378002A16DB202B04D0222B99
:10B8A0000ED06FF085000AE02B681A6840F8102C63
:10B8B0009A8820F80C2C9B7900F80A3C002070BD77
:10B8C000638800F8093CF9E7212BEAD110380723F7
:10B8D00028603360F2E76FF01200F0E7843C00204C
:10B8E00008B50146034814F0FFFA10B1012300F82F
:10B8F000073C08BD843C00200D4A03460021A0F807
:10B9000048101068C3F8940090889279A3F89800C2
:10B9100083F89A2083F89C1083F89B10A3F89E105C
:10B9200083F8A010402203F14C0015F052BF00BF75
:10B930000325030010B504690023C4F8A8300C4B9C
:10B94000C4F8A400596804F1A80269B9C3E9002247
:10B9500004F1080007490EF077FC04F118000649CD
:10B960000EF04AFD002010BD0A605A60F0E700BFEB
:10B97000843C00203FFF020031BA010030B54FF493
:10B980000033426805690D4C85B042F2A100CDE953
:10B990000103002385F89D30106AADF80C10007982
:10B9A0000A2201A914F06EFA95F89D3023B90120FE
:10B9B00015F07FFD013CF7D105B030BDA186010037
:10B9C00073B504698DF80710002384F848304025CA
:10B9D000EFF3118685F31288BFF36F8F0122D4F83D
:10B9E00090000DF10701FDF7A5F886F31188BFF36C
:10B9F0006F8F01280AD015F003FE10B994F8A1301A
:10BA00006BB9094B1A780AB901221A702122002356
:10BA100004F1180105480EF015FD02B070BD0021BB
:10BA200021200FF0A9FCD3E7F45B0020882D002033
:10BA3000F0B5D0F88C305B681B6A1F7D85B0054679
:10BA4000384614F067FA064650BB95F886303BB38B
:10BA5000A86F0146C38831F80A2F9B1A9BB2B3F531
:10BA6000806F28BF4FF4806303AA13F0F4FD0446EF
:10BA7000B0B18306A5F1180308BF00F1FF3485F8C3
:10BA800030600193074B0399009322460223384606
:10BA9000FFF788FDA86F224600F10A0113F011FE9E
:10BAA00005B0F0BD29B8010037B514460A1E054699
:10BAB00021DDD4F88C0004F14C01FDF73BF80123A3
:10BAC00084F8493023683BB194F84B3023B11148D6
:10BAD00004F1080115F084FDD4F88C209388918935
:10BAE00012695B1A9BB2D31A3F2B04D8012384F846
:10BAF000A03003B030BD94F89E30002BF9D0064B37
:10BB0000009301940123402204F14C012846FFF7E1
:10BB100049FDEEE7882D0020A9BA0100F7B50D46D2
:10BB200001461D4814F0C6F9044610B30646691EC6
:10BB300056F8A4395F6805291BD8DFE801F01C1A04
:10BB4000031C222610F8061C99B9012300F8063CB4
:10BB50003B6A3246187BFFF7A7FF14F85C2C42B90A
:10BB60003B6A187D0D4B0093019602231146FFF7A7
:10BB700019FD03B0F0BD304603B0BDE8F040FFF75B
:10BB8000BBBE012304F8053CF3E710F8053C002B8D
:10BB9000EFD00023F6E700BF843C002029B8010065
:10BBA00037B5094D0949002400944FF0FF334FF495
:10BBB000007228460EF0BAFB054928460EF0AEFC8E
:10BBC000204603B030BD00BF882D0020808D0020AE
:10BBD0000C9F030010B5084C216811B1074815F0FF
:10BBE000D6FC4FF0FF324FF0FF3305480DF0ECFF6D
:10BBF0002060053010BD00BF8C3C0020180E0020D6
:10BC0000400E002038B5094C094D2046294615F054
:10BC1000BEFC05F58471204615F0B9FC20460549A7
:10BC2000BDE83840002204F04FBD00BF180E0020D0
:10BC3000903C0020400E002008B5054813F0FEFAA5
:10BC4000044813F0FBFABDE80840034813F0F6BAC5
:10BC5000249F0300669F0300999F0300014810F092
:10BC600081BB00BFC82B030038B5044618B90F4B81
:10BC70000F485B6898476168B1F5683F10D0B1F52F
:10BC8000680F0DD00B4DA9420AD011F468612068ED
:10BC900007D0014608480DF0C5FC0023236065600D
:10BCA00038BD142215F095FDF9E700BF740B002094
:10BCB000C79F03002C5F5CA9A043002008B520B3F8
:10BCC0004368B3F5683F10D101220368BFF35B8F6F
:10BCD00053E8001F002903D143E800200028F7D1D2
:10BCE000BFF35B8F0DD1002008BD094A93420AD0F3
:10BCF00000684FF0FF324FF0FF330DF047FD002892
:10BD0000F1D00448F0E70448EEE76FF4E040EBE7D9
:10BD10002C5F5CA9E98FFFFFEA8FFFFF08B5D8B160
:10BD20004368B3F5683F10D100220368BFF35B8F0F
:10BD300053E8001F012903D143E800200028F7D170
:10BD4000BFF35B8F0BD1002008BD074A934208D098
:10BD500000680DF0D1FDF6E76FF4E040F4E703482A
:10BD6000F2E70348F0E700BF2C5F5CA9E98FFFFF13
:10BD7000EA8FFFFF10B5044618B91D4B1D485B68DC
:10BD800098476368B3F5683F2FD0B3F5680F2CD0A0
:10BD9000194A934219D1236803BB18484FF0FF3268
:10BDA0004FF0FF3321460DF0CBFB08B923681BB9D8
:10BDB0000F4B13485B68984720681422002115F048
:10BDC00008FD4FF46863636008E0B3F5683F0DD881
:10BDD0003A2B03D040F6BA629342DED1206815F0C8
:10BDE000C3FB636843F03A03636010BD054AF3E7A1
:10BDF000740B0020C79F03002C5F5CA9A0430020A8
:10BE0000ED9F03003A00003A08B506490648402372
:10BE1000142215F092FBBDE808400449044810F0D4
:10BE200013BB00BFA03E0020A0430020D02B030086
:10BE3000E42B03002DE9F74F07460C46002900F0DC
:10BE4000A8800A20D1E900868D68FDF7FFFC60B16B
:10BE5000604B4361604BC0E90865C0E906380623C2
:10BE60000374002343748374C3745C4900234FF448
:10BE7000415213F004FF0A20D4E903866569FDF7F7
:10BE8000E5FC60B1564B4361534BC0E90865C0E91E
:10BE9000063806230374002343748374C3744F4924
:10BEA00000234FF4415213F0EAFE0820E569FDF744
:10BEB000CDFC50B14B4B4361474BC0E906350423E1
:10BEC0000374002343748374C3744449DFF80891F6
:10BED00000234FF4015213F0D2FE00252646A84657
:10BEE000326A736A01921020D6E90ABA0093FDF70C
:10BEF000ADFCB8B13C4B019A0262C0E90539009B28
:10BF00008362AB1CC0E90B3BEB1CC0E90D3A6A1C19
:10BF10000B23C5614262037480F8118080F812809F
:10BF200080F813802D49002345F64002043513F0B4
:10BF3000A6FE102D06F11006D2D10820256EFDF7C1
:10BF400085FC50B1294B4361234BC0E906350423DE
:10BF50000374002343748374C374204900234FF493
:10BF6000015213F08CFE0820A569FDF76FFC50B15B
:10BF70001F4B4361184BC0E90635042303740023AB
:10BF800043748374C374154900234FF4015213F0B2
:10BF900076FE012F17D1EFF305850820FDF756FC3B
:10BFA00058B1144B4361144B83610423103D037457
:10BFB0000023C56143748374C374084900234FF49C
:10BFC000015213F05CFE2146384603B0BDE8F04F45
:10BFD0000DF0BEB81AA0030036A10300E42203004E
:10BFE0004DA0030080A0030093A00300DAA003008B
:10BFF000EDA003001FA103003FA1030030BFFFF726
:10C00000FDBF00BF054B9A699B689A421FBF044A57
:10C01000536843F080535360704700BF7C57002043
:10C0200000ED00E02DE9F041064608200F461546D8
:10C03000FDF70CFC48B1764B4361764B83610323DB
:10C040000374002343748374C374002372494FF450
:10C05000C25213F014FE714B9B6AD8066AD50820B1
:10C06000FDF7F4FB48B16E4B43616A4B83610323D8
:10C070000374002343748374C374674900234FF42B
:10C08000C25213F0FCFD4FF01108644B9B6A190774
:10C0900015D50820FDF7DAFB48B1624B43615D4BD3
:10C0A000836103230374002343748374C3745A4964
:10C0B00000234FF4C25213F0E2FD4FF01208574B29
:10C0C0009B6A9A0739D50820FDF7C0FB48B1564B4B
:10C0D0004361504B836103230374002343748374CF
:10C0E000C37400234C494FF4C25213F0C8FD4B4BAC
:10C0F0005C6B9B6A1B067AD50820FDF7A7FB50B145
:10C100004A4B4361434BC0E90634042303740023C4
:10C1100043748374C374404900234FF4015213F0F5
:10C12000AEFD27B13D4A936A23F0800393624FF03E
:10C13000130804E04FF01008A7E76FF01504374B21
:10C140009B6AD80715D50820FDF780FB48B1384B0E
:10C150004361304B8361032303740023437483746E
:10C16000C3742D4900234FF4C25213F088FD4FF0E1
:10C1700014082A4B9B6A990615D50820FDF766FB23
:10C1800048B12C4B4361234B836103230374002389
:10C1900043748374C374204900234FF4C25213F0D4
:10C1A0006EFD4FF015081D4FBB6ADA0602D4BB6A5C
:10C1B0009B070BD57B68180508D53146204600F053
:10C1C00047FDB8B180F309884FF00208134B9A6A13
:10C1D000920642BF5A6A22F400525A629A6A42F0A8
:10C1E000FF029A6200232B704046BDE8F0816FF099
:10C1F00015049CE7BB6AD906E8D50F490F484FF4F0
:10C20000927213F08EF80C484FF4927113F080F88C
:10C2100051A1030068A50300E422030000ED00E043
:10C220006BA10300A2A10300B9A10300D5A10300E3
:10C23000EFA1030012A2030045A203008E850300B4
:10C2400008B50820FDF702FB48B1584B4361584B35
:10C25000836103230374002343748374C3745549B7
:10C2600000234FF4C25213F00AFD534B9B6A99010D
:10C2700040F19A800820FDF7E9FA48B14F4B43613D
:10C280004B4B836103230374002343748374C3748F
:10C29000484900234FF4C25213F0F1FC1E20464BD4
:10C2A0009B6ADA0114D50820FDF7D0FA48B1444B57
:10C2B00043613F4B836103230374002343748374FE
:10C2C000C3743C4900234FF4C25213F0D8FC1F2022
:10C2D000394B9B6A1B0314D50820FDF7B7FA48B108
:10C2E000384B4361324B836103230374002343744F
:10C2F0008374C3742F4900234FF4C25213F0BFFC60
:10C3000021202D4B9B6A590314D50820FDF79EFA76
:10C3100048B12D4B4361264B8361032303740023F3
:10C3200043748374C374234900234FF4C25213F03F
:10C33000A6FC2220204B9B6A9A0314D50820FDF707
:10C3400085FA48B1214B4361194B83610323037480
:10C35000002343748374C374164900234FF4C252FC
:10C3600013F08DFC2320144B9B6ADB0314D50820AB
:10C37000FDF76CFA48B1164B43610D4B8361032303
:10C380000374002343748374C3740A4900234FF475
:10C39000C25213F074FC2420074A936A6FEA0343E5
:10C3A0006FEA1343936208BD1D2078E777A203006C
:10C3B00052A50300E422030000ED00E093A2030075
:10C3C000AAA20300C8A20300EAA2030013A3030069
:10C3D00031A3030070B5054608200C46FDF736FA78
:10C3E00048B1684B4361684B8361032303740023A6
:10C3F00043748374C37400234FF4C252634913F02F
:10C400003EFC634B9B6ADA0440F1A2800820FDF7F2
:10C410001DFA48B15F4B43615B4B83610323037497
:10C42000002343748374C374584900234FF4C252E9
:10C4300013F025FC1720564B9B6A1B0514D50820CA
:10C44000FDF704FA48B1544B43614F4B836103231A
:10C450000374002343748374C3744C4900234FF462
:10C46000C25213F00CFC1820494B9B6A9E0534D530
:10C470000820FDF7EBF948B1484B4361424B83611B
:10C4800003230374002343748374C3743F4900235C
:10C490004FF4C25213F0F3FB3D4B9E6B9B6A1904A1
:10C4A0001AD50820FDF7D2F950B13D4B4361364B08
:10C4B000C0E9063604230374002343748374C374F1
:10C4C000324900234FF4015213F0D9FB25B1304A11
:10C4D000936A23F40043936219202D4B9B6A5A05FB
:10C4E00014D50820FDF7B2F948B12E4B4361264B15
:10C4F000836103230374002343748374C374234947
:10C5000000234FF4C25213F0BAFB1A20204B9D6A4D
:10C5100015F480751ED00820FDF798F948B1224B1C
:10C520004361194B836103230374002343748374B1
:10C53000C374164900234FF4C25213F0A0FB1B2012
:10C54000134A936A43F47F4393620023237070BDC0
:10C55000162070E79B6A9B04F2D50820FDF776F958
:10C5600040B1124B4361084B83610323037445744C
:10C570008574C574054900234FF4C25213F07FFB44
:10C580001C20DDE760A303005EA50300E422030096
:10C5900000ED00E07AA30300A2A103008FA3030033
:10C5A000ACA30300C5A30300E4A3030012A203008D
:10C5B0002DE9F041AC4B9CB05C6800AF0546C4F37C
:10C5C0000803002686F31188BFF36F8F02F07F40C7
:10C5D000B0F17F4F15D102F00C0008281CD1FDF7F7
:10C5E00035F940B1A14B4361A14B8361032303742F
:10C5F00046748674C6749F4900234FF4C25213F0E8
:10C600003EFB9D499D4840F2114212F08AFE40F2E5
:10C610001141994812F07CFE12074CBF0D460126CD
:10C62000002DEED00022FA71DA1E092A00F2F980FC
:10C63000DFE812F00A00E000E300CB00F700F700AB
:10C64000F700F700F700E6000820FDF7FFF848B113
:10C650008B4B43618B4B836103230374002343742F
:10C660008374C374002383494FF4C25213F007FB51
:10C670004FF000087C4B87F80780DC6A14F0020456
:10C6800017D00820FDF7E2F858B17F4B43617D4B8E
:10C6900083610323037480F8118080F8128080F88E
:10C6A0001380744900234FF4C25213F0E8FA0024B7
:10C6B0004CE0DA6A002A0EDA0820FDF7C7F80028F5
:10C6C000EFD0724B43616F4B836103230374447457
:10C6D0008474C474E5E7DB6A5B0040F18280082063
:10C6E000FDF7B4F840B16A4B4361664B83610323A5
:10C6F000037444748474C4745E4900234FF4C252BA
:10C7000013F0BDFA584BA9695A6942F480725A6114
:10C71000BFF34F8FBFF36F8F5A6931F8021C22F4B9
:10C7200080725A61BFF34F8FBFF36F8F4DF6027265
:10C73000914227D108202C68FDF788F860BB4D494D
:10C7400000234FF4015213F09AFA2C68FB79ABB92D
:10C750006822294607F1080015F013F87B6A002EBD
:10C760007DD0C3F3080222B96FEA53236FEA432353
:10C770007B6207F108012046FFF75CFB7037BD467E
:10C78000BDE8F0819A6AD2B292B1FA1D0121284621
:10C79000FFF748FC0446D9E73E4B4361394BC0E9FB
:10C7A000063404230374002343748374C374C6E7FC
:10C7B0009A6A12F47F4F04D0F91D0120FFF70AFE98
:10C7C000E8E79B6AB3F5803F02D3FFF739FDE1E765
:10C7D00029492A4840F2EA2212F0A3FD40F2EA2158
:10C7E00017E72549254840F2ED2212F09AFD40F264
:10C7F000ED210EE7FA1D0021C9E7F91D0020DDE754
:10C800000820FDF723F800283FF44BAF224B43618B
:10C81000224B836103230374002343748374C37422
:10C820003FE71F4A1F4914F4F87F6C468AB018BFCF
:10C8300011466A461C485061103B13621B4840F287
:10C84000013393841A4BC2E9060142F8103F0948AC
:10C8500000234FF43151FDF7D9F9A54627E723F41A
:10C86000FF7323F0010383E700ED00E02EA4030033
:10C8700084A50300E422030045A203008E85030083
:10C880005DA4030079A5030078A403009DA4030020
:10C89000AFA40300D2A40300F2A4030044A5030044
:10C8A00015A4030000A403001AA5030031A503008A
:10C8B00005000001044B5A6942F010025A615A699E
:10C8C00022F008025A61704700ED00E0EFF30880A3
:10C8D000EFF3098101B57246FFF76AFE01BD00BFA3
:10C8E000002080F31488BFF36F8F0F4880F308880F
:10C8F00008F070FB00200D490860BFF34F8F00F077
:10C900002BF8402080F3118809484FF490614018BB
:10C9100080F30988EFF314800221084380F3148820
:10C92000BFF36F8F00F024F9009D002094ED00E02C
:10C93000809400200749D1F890200023C2F30722F9
:10C940001846934200DB7047C1F89830C1F8A00048
:10C950000133F6E700ED00E008B572B6002383F37B
:10C960001388FFF7E7FF144B4FF0FF32C3F8802026
:10C97000C3F88420C3F88820C3F88C20C3F8902023
:10C98000C3F89420C3F89820C3F89C20C3F88021F2
:10C99000C3F88421C3F88821C3F88C21C3F89021FF
:10C9A000C3F89421C3F89821C3F89C2162B6BFF361
:10C9B0004F8FBFF36F8F08BD00E100E0084B9B680D
:10C9C00083420BD1EFF3058343B1064B5A6842F023
:10C9D00080525A605A6A22F400425A620EF072BDC6
:10C9E0007C57002000ED00E022498A6882F8DDE0F3
:10C9F0004FF030001044EFF3098C80E8F01F1EF078
:10CA0000100F03D102F19C0080EC108A402080F3CB
:10CA10001288BFF36F8F184F4FF000668A698A60E3
:10CA20003E6092F9DDE0D2F894000023C2F8943021
:10CA300080F311881EF0100F03D00023E1EE103AAE
:10CA400003E002F19C0090EC108AEFF3148323F0D2
:10CA5000040383F31488BFF36F8F04B5104600F00E
:10CA600089F9BDE8044002F1300090E8F01F8CF332
:10CA7000098870477C57002004ED00E01EF0040F89
:10CA80000CBFEFF30880EFF30980816911F8021CF5
:10CA90000229FFD001B5724613F05EFB01BD00BF55
:10CAA00040B2002807DB044A4109012300F01F00BF
:10CAB000834042F82130704700E100E040B2002896
:10CAC0000CDB4309064900F01F002033012282409D
:10CAD00041F82320BFF34F8FBFF36F8F704700BF24
:10CAE00000E100E0054B420900F01F0053F822204E
:10CAF000012303FA00F01040704700BF00E100E09E
:10CB000008B5D3070BD40231072909D90E490F48BC
:10CB10006B2212F006FC0C486B2112F0F9FB00218D
:10CB200040B20028ACBF00F16040094B4FEA411110
:10CB3000B8BF00F00F00C9B2AABF00F56140195498
:10CB400080F8001308BD00BF8CA503008E8503008C
:10CB500014ED00E0044B054A23F07F039360BFF31C
:10CB60004F8FBFF36F8F70470000000000ED00E0B3
:10CB700008B5FFF7EFFF104BD3F8882022F47002BE
:10CB8000C3F88820D3F8882042F4A002C3F8882094
:10CB90004FF04042C3F83422BFF34F8FBFF36F8F83
:10CBA0000023E1EE103A0CF0F9FB0EF059FF00F013
:10CBB000B7F80CF039FC00BF00ED00E042F8203C73
:10CBC000009B42F81C3C019B42F8183C0A49029B1E
:10CBD00042F8143C4FF0807342F8043C21F001010C
:10CBE000002342F8081C203AC0F894304FF47D43EB
:10CBF0000265C0F8DC30704771F20200037B13F06D
:10CC0000020F124B03D190F8DD20D20611D45A6BDB
:10CC100042F080425A63D0F8DC3019075CBF43F021
:10CC20000803C0F8DC30037B43F002030373802069
:10CC300070475A6B22F080425A63D0F8DC301A07F2
:10CC400044BF23F00803C0F8DC30F0E700EF00E059
:10CC50000A4A0346906878B113F1160FD0F88400A1
:10CC600005D0A0F180029A4205D8834203D28142C6
:10CC700028BF002070470020704700BF7C5700206D
:10CC8000104B9B6883421AD1EFF30580B8B9EFF3DC
:10CC90001181402282F31288BFF36F8F1A7B22F03A
:10CCA00002021A73EFF3148323F0040383F314884E
:10CCB000BFF36F8F81F31188BFF36F8F70476FF0F1
:10CCC000150070477C57002008B515460E46002217
:10CCD000E1EE102AEFF3148222F0040282F31488AA
:10CCE000BFF36F8FBFF36F8F074A906000F042F879
:10CCF0002C4686F309880020044B984720460021E3
:10CD000000220023024C20477C57002077010300BB
:10CD100071F20200014B10221A61704700ED00E031
:10CD2000044800234021C2180133302B82F800133D
:10CD3000F9D1704700E100E008B5EFF30583064A3A
:10CD4000103B02EBC30152F8330049688847BDE845
:10CD50000840FFF757B900BF501C0300024B034ABD
:10CD60000348012100F0BAB800F0032000000020C1
:10CD7000F42B030010B50446FFF740FFD4F88420DD
:10CD800003460548D21AC0E90023044B8360BDE87E
:10CD90001040012100F0BEB8C043002000000B1578
:10CDA00010B504460820FCF751FD50B1094B436112
:10CDB000094BC0E9063404230374002343748374CD
:10CDC000C374064900234FF4015212F058FF6FF06C
:10CDD000150010BDC7A5030047A60300D422030019
:10CDE00010B40F4CD4F89030C3F30723013B9842A2
:10CDF00003D95DF8044BFFF7D3BFC4F898000B6864
:10CE000023F01F03034343F01003C4F89C308B68E6
:10CE100043F00103C4F8A0305DF8044B704700BF35
:10CE200000ED00E0F0B50E4685B01F460446002533
:10CE3000B54211DA606830B3B7B1431E18420ED064
:10CE40000820FCF703FD08BB164900234FF40152EC
:10CE500012F015FF6FF01502104605B0F0BD7F28E7
:10CE6000EED921680B42EBD12368019313F0A6F9A8
:10CE7000A36801A90343D0B20393FFF7B1FF10F1F8
:10CE8000160FE7D0421C01350C34D1E7064B436145
:10CE9000064BC0E9063504230374002343748374EE
:10CEA000C374D1E7D4220300F1A5030060A60300F8
:10CEB000044B0522C3F89420BFF34F8FBFF36F8F4D
:10CEC000704700BF00ED00E0BFF35F8F024B002210
:10CED000C3F89420704700BF00ED00E010B50A4C85
:10CEE00001232278FFF79EFF207016300AD10749F0
:10CEF00007484FF4BB7212F014FA04484FF4BB71A8
:10CF000012F006FA10BD00BFF55B002018A6030062
:10CF10008E85030008B5114A00231278FFF782FFBF
:10CF200010F1160F08D00E4A0021D2F89030C3F34A
:10CF3000072398420BDB08BD0A490B4840F29512C3
:10CF400012F0EFF9074840F2951112F0E1F9C2F83A
:10CF50009800C2F8A0100130E7E700BFF55B0020A1
:10CF600000ED00E018A603008E8503002DE9F04FC8
:10CF700070487149D0F890300D68C3F307239D4283
:10CF800085B00AD96D496E4840F2AD1212F0C9F968
:10CF900040F2AD11694812F0BBF9FFF795FF4968FF
:10CFA0000022954201F10C0129D1664C664F257093
:10CFB0006846FDF749FADFF89481DFF89491064658
:10CFC0000025AE422ED123785A490020D1F8902076
:10CFD000C2F307229342C0F2A380FFF769FFD1F8A2
:10CFE0009030C3F30723082B00F0A0805349544826
:10CFF00040F21F2212F095F940F21F21CAE7C0F853
:10D00000982051F80C3C23F01F03134343F0100306
:10D01000C0F89C3051F8043C43F00103C0F8A03044
:10D020000132BEE7009A02EB05132901D3F80CA0E8
:10D030000AEA0700B0F5000F58D00AD8B0F5001F73
:10D0400034D0B0F5800F46D0B0F5801F12D0013536
:10D05000B7E7B0F1807F54D0B0F1007FF7D1986886
:10D06000D3F804A0525813F0A9F8CDE901A240F476
:10D0700080200BE09868D3F804A0525813F09EF873
:10D08000CDE901A240F0885040F430200390207890
:10D0900001A9FFF7A5FE00283EDA2849284840F2FA
:10D0A000D71212F03EF940F2D71173E79868D3F81F
:10D0B00004B0525813F082F81AF0010F40EA080049
:10D0C000CDE901B20390E2D01C491D487B2212F049
:10D0D00028F97B215EE79868D3F804A0525813F032
:10D0E0006DF8CDE901A240EA0900CFE79868D3F8CE
:10D0F00004A0525813F062F8CDE901A240F082700A
:10D10000C4E79868D3F804A0525813F057F8CDE953
:10D1100001A240F08870B9E723780133237096E7C5
:10D12000C1F89830C1F8A00001334FE7002005B0E6
:10D13000BDE8F08F00ED00E0002C030018A603000E
:10D140008E850300F55B00200000F0FF0000081151
:10D150000000020208B5094BC3F1005303F57C330C
:10D16000B3F5006F08D206490648922212F0D9F8AA
:10D170000348922112F0CCF8002008BD80B10020B5
:10D1800085A603008E850300014B1860704700BF21
:10D19000C80900200E4A0123C2F840354FF08042F2
:10D1A0004FF08051C2F87835D1F83001082808D105
:10D1B000D1F83411052904D80648415C09B1C2F8F8
:10D1C00038364FF080430122C3F880250020704795
:10D1D00000E00140B5A6030020B1034B800143F0FD
:10D1E00001031847704700BF10250300BFF34F8F9E
:10D1F0000549064BCA6802F4E0621343CB60BFF3F3
:10D200004F8F00BFFDE700BF00ED00E00400FA050E
:10D210002DE9F843914690F900200378002A05464D
:10D220000E4603DB6FF01500BDE8F88303F01F0323
:10D23000012BF7D14378062BF4D1B0F8048047884E
:10D240001D485FFA88F8414612F040FE3F0A044646
:10D2500090B90820FCF7FAFA38B1184B4474C0E9C9
:10D260000538032303748474C474154900234FF4F0
:10D27000C45212F004FDD5E7212F04D0222F10D084
:10D280006FF08500D0E70368E9885B685B6813F896
:10D29000092F914294BF31603260C9F800300020FC
:10D2A000C2E7A0F5A264EB8862689A4294BF32603C
:10D2B00033602368F1E700BFE4480020BFA6030005
:10D2C000A423030010B504460820FCF7BFFA40B1C0
:10D2D000084BC0E9053403230374002343748374AB
:10D2E000C374BDE81040044900234FF4C45212F047
:10D2F000C6BC00BFE6A60300A423030070B5044625
:10D300000D4601460A4812F0EFFD20B92046BDE85F
:10D310007040FFF7D7BF022D09D1A0F5A2639B682B
:10D320002BB11B691BB1BDE870400068184770BD88
:10D33000E448002010B504460820FCF787FA40B105
:10D34000084BC0E90534032303740023437483743A
:10D35000C374BDE81040044900234FF4C45212F0D6
:10D360008EBC00BF0CA70300A42303002DE9F041ED
:10D370000F4681880546C9B26548904612F0A6FD61
:10D380000446B0B90820AD88FCF760FA38B1614BAB
:10D390004474C0E90535032303748474C4745E497E
:10D3A00000234FF4C45212F06AFC6FF01200BDE883
:10D3B000F08195F9003000686E78002B54DA022E67
:10D3C00010D0032E20D0012E3BD1A4F5A264A36877
:10D3D0007BB31C686CB343463A462946A446BDE875
:10D3E000F04160476888C0B2012338B96FF4817298
:10D3F0001444C8F800403B600020D8E7A0F58270D4
:10D400002044C8F80000F6E76B88ABB10820FCF7B1
:10D410001DFA40B1414B4361414B836100230674C7
:10D4200043748374C37400234FF4C2523A4912F018
:10D4300026FC6FF08500BAE7033CC8F800400123E2
:10D44000D9E70820FCF702FA50B1364B4361364B5E
:10D45000C0E9063604230374002343748374C37441
:10D4600000234FF40152E1E70A2E0AD00B2E2DD0F3
:10D47000092EE6D1A4F5A264A368002BD9D05C687C
:10D48000A8E76E88310A16F0FF06A4F5A26714D14A
:10D490006FF481734FF48072E01814F09AF94FF42E
:10D4A00080623146A4F2045014F093F96B88003B7B
:10D4B00018BF012387F80C349EE7BB19013607EB30
:10D4C000860683F80C1400237360EFE76D88012D46
:10D4D0000AD90820FCF7BAF90028C1D0134B4361E0
:10D4E000134BC0E90635B5E714F8032CAA42A4F59E
:10D4F000A26381D0E9B204F8031C9B68002B3FF4BF
:10D500007BAF9B68002B3FF477AF984774E700BF71
:10D51000E4480020BFA60300A42303002DA70300B6
:10D52000ABA7030044A70300BFA7030061A7030044
:10D5300097A7030038B504460D460146234812F06C
:10D54000B9FC20B92046BDE83840FFF7F3BE691E9C
:10D55000A0F5A264092921D8DFE801F005201D21EA
:10D5600027292020202F002384F80E3584F80F353A
:10D5700094F80D35D4F8100501218B4284F80D156F
:10D5800004D0A36813B19B6803B198472046BDE857
:10D59000384012F03FBE012384F80E3538BD002319
:10D5A00084F80E3584F80F35F8E70123FAE794F88C
:10D5B0000F35002BF2D00023F4E794F80C34002B45
:10D5C000ECD02046BDE8384012F038BEE4480020D8
:10D5D00010B50469C4E90012A3600023C4F814352F
:10D5E000064BC4F81005596804F2145211B9C3E986
:10D5F000002210BD0A605A60FBE700BFE44800202B
:10D6000070B54468006990F80E5545B190F80F0563
:10D6100028B9206ABDE87040007912F033BC0620BA
:10D62000FCF714F938B1084B43610223037400235B
:10D6300043748374C374054900234FF4845212F079
:10D640001EFB6FF00A0070BD7EA70300A423030039
:10D65000020600F07F0312D5082B05D1010700F068
:10D660000F0306D50E48704710F0780F12D100F066
:10D670000F034C2000EB43100A4B18447047082B53
:10D6800005D1020700F00F0306D50748704710F0D8
:10D69000780FF6D000207047044800EB4310704725
:10D6A000384A0020EC480020584B0020584A0020FF
:10D6B0000149024813F094BF14490020882E00202D
:10D6C0000146014813F063BF2C0E002008B5082066
:10D6D000FCF7BCF848B10D4B43610D4B836103234C
:10D6E0000374002343748374C3740A4900234FF402
:10D6F000C25212F0C4FA084908484FF4E37211F01C
:10D7000010FE05484FF4E37111F002FEDCA70300A0
:10D710003FAB0300AC230300FCA703008E8503008E
:10D7200010B51049BFF35B8F002351E8002F012A89
:10D7300003D141E800300028F7D1BFF35B8F0CBF65
:10D74000012018460DD151F8044C14392046FBF73E
:10D750007FF910F1780F04D12046BDE81040FBF7A7
:10D7600021B910BD0C4900200248002200230CF012
:10D770002BBA00BF2C0E002013B5124801F022FA7C
:10D78000114B98421AD1114808F032FC002410487D
:10D7900008F082FC0F49104800944FF0FF334FF41B
:10D7A00080620CF0C3FD0D490B480CF0B7FE0C482D
:10D7B0000C490CF049FD204602B010BD6FF004008A
:10D7C000FAE700BF75DA01000000AD0BC6AA03003E
:10D7D000242C030000900020882E002030A8030095
:10D7E0001449002031DC010038B5002464F07F00CA
:10D7F000C0B2FFF72DFF50B91B491C4840F27A22F6
:10D8000011F08FFD40F27A21174811F081FD0134AB
:10D8100012F05BFD082CE9D1154D0024E0B2FFF7B2
:10D8200017FF40B9104911484FF4207211F079FDEB
:10D830004FF42071E8E7036903B90561013412F080
:10D8400044FD082C05F14005E8D10A4812F03DFDE1
:10D85000094BD3F87C2212B9084AC3F87C22084845
:10D8600012F033FD002038BDFCA703008E850300B5
:10D870007C4F0020384A0020EC4800207C4B0020E0
:10D88000584B002010B5054CFFF76EFF20B14168E2
:10D8900020460BF0C7FEF7E710BD00BF480D002083
:10D8A00013B500221948002301A90BF049FE50B31B
:10D8B0000820FBF7CBFF48B1154B4361154B836143
:10D8C00003230374002343748374C3741249002335
:10D8D0004FF4C25212F0D3F9FFF7D4FF0B480022E5
:10D8E000002301A90BF02CFE044608B1FFF7EEFE61
:10D8F0000198042340600374FFF7E2FEFFF7D8FEAF
:10D90000204602B010BD01984060FAE7480D0020A3
:10D910003BA803003FAB0300AC230300022810B573
:10D92000044611D8144B1C5CFFF7BAFF18B3002251
:10D9300002740472FFF7C4FE104B93F82430D3B185
:10D94000BDE81040FFF7B4BE0820FBF77FFF50B1E1
:10D950000B4B43610B4BC0E90634042303740023D3
:10D9600043748374C374BDE81040074900234FF427
:10D97000015212F084B910BD4BAA0300EC480020FC
:10D980005DA803004EAB0300AC2303002DE9F0417A
:10D99000877806463846FFF75BFE3B06F478054677
:10D9A0002BD5CCB1032C5BD00A20FBF74FFF58B12D
:10D9B0002C4B43612C4B0762C0E9063405230374EA
:10D9C000002343748374C374BDE8F04127490023E6
:10D9D0004FF4215212F053B9FFF762FF03460028BB
:10D9E0003ED00122AC770274032202739D60FFF7E0
:10D9F00067FEBDE8F041FFF75BBE4CB1012CD3D10F
:10DA0000FFF74EFF034658B36C7704740473EDE7D9
:10DA1000FFF746FF20B3B278154B12F0800F02F0EB
:10DA2000080111D041B1D3F8A836EB60012303748B
:10DA3000022303738560DAE702F00F02142101FB71
:10DA40000233D3F80836F0E711B1D3F8A837ECE782
:10DA500002F00F02142101FB0233D3F80837E4E788
:10DA6000BDE8F0817CA803004EAA0300AC230300AC
:10DA7000007002402DE9F041804688B01422002158
:10DA800003A813F0A6FE98F80030062B26D8DFE88E
:10DA900003F0BD04121717AC19000224FFF700FFB2
:10DAA0000346D8B1047400F10802DDE9050182E8FB
:10DAB000030018463FE003238DF814300024EDE7FF
:10DAC0000423F9E798F802703846FFF7C1FD857A1C
:10DAD000064635B1013D022D40F2818008B0BDE817
:10DAE000F0813B0698F803402CD5CCB1032CF5D03F
:10DAF0000A20FBF7ABFE50B1454B4361454B076233
:10DB0000C0E906340523037445748574C57442491D
:10DB100000234FF4215208B0BDE8F04112F0AFB835
:10DB2000FFF7BEFE03460028D8D00122B477027466
:10DB3000032202739E60FFF7C3FD08B0BDE8F04109
:10DB4000FFF7B6BD54B1012CD2D1FFF7A9FE0346B1
:10DB50000028C3D0747704740473EBE7FFF7A0FECA
:10DB600005460028BAD0012303740223037386609C
:10DB700098F8020006F10C0112F0E6FB0746F0B13E
:10DB80000820FBF763FE48B1244B4361214B4474EA
:10DB9000C0E90637042303748474C4741E49002347
:10DBA0004FF4015212F06BF81D491E4840F29D32AD
:10DBB00011F0B7FB1A4840F29D3111F0A9FB1A4A47
:10DBC000F168B2F88C328B4206D95B1AA2F88C321B
:10DBD00001F032FC2846AEE7A2F88C02FAE7404694
:10DBE00008B0BDE8F041FFF7D1BE01A801F002FC8A
:10DBF0009DF80530052B05D19DF8043013F0600F1A
:10DC00003FF46CAF094B0593012447E7032445E734
:10DC10007CA8030067AA0300AC230300ACA80300A0
:10DC2000FCA703008E850300EC480020584A002022
:10DC30002DE9F043A94DDFF8A88285B00746FFF72C
:10DC400093FD064610B905B0BDE8F08395F8253080
:10DC5000347C3BB9002C00F0E1807168A0480BF0E7
:10DC6000E1FCECE7042C00F22582DFE814F0D70099
:10DC70000500A001B601E90117F8044CB4B9B36876
:10DC8000082093F80990FBF7E1FD48B1954B4361FB
:10DC9000954B4474C0E90639042303748474C47436
:10DCA000924900234FF4015211F0E9FFB46854B9CE
:10DCB0008F4990484FF44B7211F033FB4FF44B7186
:10DCC0008B4811F025FB337B032B4DD8DFE803F0A5
:10DCD00002538E93A27A42B1854986484FF4397235
:10DCE00011F01FFB4FF43971EAE7D4F81490824B1E
:10DCF000C9F80020C9F80420D3F8801489F800106E
:10DD0000D3F8841489F80110D3F88814D3F88C045C
:10DD100041EA0021A9F80210D3F89014D3F8940432
:10DD200041EA0021A9F80410D3F89814D3F89C34E0
:10DD300041EA0323A9F806300823E360D9F800007C
:10DD4000D9F804106D4B03C311462368607A9847D5
:10DD500099F90030002B0ADBB9F806309AB232B1DB
:10DD6000A5F88C3201F068FB7168404677E7002324
:10DD7000A5F88C32F8E7637F002BF5D0237F002BCA
:10DD8000F2D04FF0000984F81D905D4884F81C9093
:10DD90004FF0FF324FF0FF3312F0AAFA636901939C
:10DDA0006368CDE9023901A9607A00F083FF554B21
:10DDB0009842044616D00820FBF748FD60B1524B4C
:10DDC0004361524B80F81190C0E906340423037478
:10DDD00080F8129080F81390444900234FF40152C8
:10DDE00011F04DFF464812F085FABDE72368012186
:10DDF000607A9847B8E7A37A6BB9E37F5BB940488C
:10DE00004FF0FF324FF0FF3312F072FA01F01AFBBD
:10DE10003B4812F06FFA23680221E9E7327A042ABC
:10DE2000A2D8DFE802F094032EADB90000F044FE62
:10DE30000446002898D100F04BFDBFF35B8F3449B6
:10DE4000012351E8002F002A03D141E800300028C7
:10DE5000F7D1BFF35B8F87D141F8084C41F8104CE4
:10DE6000E8696B611439FAF719FD0028BFF67CAF39
:10DE70001F49204840F2AA2211F053FA40F2AA2189
:10DE80001EE7002464F07F00C0B2FFF7E1FB40B959
:10DE90001749184840F2312211F043FA40F231217B
:10DEA0000EE7037A13B1407A01F084FC0134082CA8
:10DEB000E8D195F854311BB195F8550101F07AFC81
:10DEC0000024E0B2FFF7C4FB20BB0949094840F237
:10DED000432211F026FA40F24321F1E6EC480020FB
:10DEE000480D0020D0A80300B4AA0300AC2303000F
:10DEF000FCA703008E85030000700240F04800205C
:10DF0000244900200000AD0BFAA803009AAA0300E0
:10DF10000C490020037A13B1407A01F04BFC013424
:10DF2000082CCED195F874321BB195F8750201F02A
:10DF300041FC012000F090FD012385F825302B687D
:10DF4000002B3FF411AF0021022098470CE700247A
:10DF500085F8254001F074FBFFF7E2FBA04208DAE8
:10DF60005F49604840F2C22211F0DBF940F2C22161
:10DF7000A6E62B68002B3FF4F7AE21460420E4E729
:10DF8000002B3FF4F1AE00F0A1FD2B68002B3FF415
:10DF9000EBAE00210520D8E72A68002A3FF4E4AE62
:10DFA000002B3FF4E1AE002106209047DCE607F1AC
:10DFB00010044FF0FF334FF0FF32204612F098F973
:10DFC000FFF712FC204612F095F957F8283C002B79
:10DFD0003FF4CAAE00210120B7E795F87432E3B1EF
:10DFE0004FF0010985F8899285F88892FFF758FC6F
:10DFF0000446D0B90820FBF729FC40B13A4B4361F5
:10E000003A4B83610323037444748474C4743849A1
:10E0100000234FF4C25211F032FE57F8283C002B77
:10E020003FF4A2AE00210A208FE7324B80F8109017
:10E0300080F80C908360FFF743FBFFF739FBECE7B8
:10E040000820FBF703FC48B12B4B43612B4B83614A
:10E0500003230374002343748374C374244900238B
:10E060004FF4C25211F00BFE13F048F801F0E8FA39
:10E0700000F010FCFFF706FCFFF7B6FB40B11849B3
:10E08000184840F2864211F04CF940F2864117E6FA
:10E0900013F02DF81A4800F095FD1A4B98423FF402
:10E0A00063AE0F490F4840F28D4211F03AF940F249
:10E0B0008D4105E60820FBF7C9FB50B1124B4361C7
:10E0C0000E4BC0E9063404230374002343748374A5
:10E0D000C374074900234FF4015211F0D0FD43E609
:10E0E000FCA703008E85030024A9030080AA030077
:10E0F000AC230300584B00203CA90300B4AA030042
:10E1000075DA01000000AD0B57A9030038B5164DB4
:10E1100095F824402CBB05F1380013F025FA204671
:10E1200001F0FEFF22460121E8612720FEF7E8FC0E
:10E1300012F0DDFFFFF758FB044610B9012385F804
:10E1400024300A4B1B680BB1FFF7B2FA4FF0804343
:10E15000D3F83834DB0702D50020FFF7DFFB204679
:10E1600038BD0024FBE700BFEC4800202C0E002047
:10E1700008B50E4B93F824209AB193F8253083B15B
:10E180000B4BD3F87034DBB283420DD009490A48F7
:10E1900040F2595211F0C5F8064840F2595111F0B9
:10E1A000B7F86FF0120008BD0020FCE7EC48002033
:10E1B00000700240FCA703008E85030010B50378B1
:10E1C000047903F00F02B4B972B30820FBF73EFBE9
:10E1D00040B1174B4361174B8361032303744474AD
:10E1E0008474C474144900234FF4C25211F047FDE3
:10E1F0004FF0FF3010BD082A0FD90820FBF726FB8F
:10E200000028EFD00D4B43610A4B83610323037455
:10E21000002343748374C374E4E7012C04D183F0B6
:10E22000080040F3C000E5E743F3C000E2E700BFA9
:10E2300073A903002BAB0300AC23030096A90300D2
:10E2400038B51A4B93F8243004465BB3057828465A
:10E25000FFF7FEF9F8B14572237983726388436052
:10E260002078618810F0080518D14B1E0B4215D09C
:10E270000820FBF7EBFA40B10D4B43610D4B836176
:10E280000323037445748574C5740B4900234FF44C
:10E29000C25211F0F4FC6FF0150038BD00F04CFCD8
:10E2A0000020FAE76FF01200F7E700BFEC4800200B
:10E2B000B9A9030017AB0300AC23030038B51D4B0D
:10E2C00093F8242005468AB393F8253073B3FFF7FB
:10E2D000BFF9044610B96FF0150038BD837A012BE1
:10E2E0000FD007D9023B012B07D96369A361002036
:10E2F000E060F2E701F0ACF8F7E7284601F02AF811
:10E30000F3E70820FBF7A2FA48B10B4B43610B4B34
:10E31000836103230374002343748374C374084923
:10E3200000234FF4C25211F0AAFCD4E76FF01200A0
:10E33000D3E700BFEC480020E5A9030003AB0300CE
:10E34000AC23030038B50E4B93F82420054682B168
:10E3500093F825306BB1FFF77BF968B115F008042D
:10E360000AD1284601F02AF8284601F05BFA204637
:10E3700038BD6FF01200FBE76FF01500F8E700BF43
:10E38000EC48002038B50C4B93F8242005460C4689
:10E3900062B193F825304BB1FFF75AF948B144B157
:10E3A000284600F0F1FF2070002038BD6FF0120009
:10E3B000FBE76FF01500F8E7EC48002070B5134E4E
:10E3C00096F824300446C3B1FFF742F90546B8B1C8
:10E3D000230705D4204600F0F1FF204601F022FA81
:10E3E0002B7A83B901232B7296F825300BB90020C4
:10E3F00070BD204601F0DEF9F9E76FF01200F7E793
:10E400006FF01500F4E76FF07700F1E7EC480020BB
:10E410002DE9FF47DFF858811E4698F8243007465B
:10E420008A461546002B00F0948098F82530002B82
:10E4300000F08F8003061FD5FFF70AF90446D8B114
:10E4400090F80890B9F1000F1CD10820FBF7FEF9F5
:10E4500060B1414B4361414B80F81190C0E90637F0
:10E460000423037480F8129080F813903C49002331
:10E470004FF4015211F003FC6FF01504204604B074
:10E48000BDE8F0874FF0FF334FF0FF3208F138005E
:10E4900011F02EFFA37F33B108F1380011F02AFFED
:10E4A0006FF00A04EAE7A37A8DB3002B3FD0012373
:10E4B000A37738464FF0000801A9CDE901A5CDF8B2
:10E4C0000C8000F0F7FB274B984207463DD084F8BC
:10E4D0001E800EB1C6F800800820FBF7B7F950B1D6
:10E4E000214B43611D4BC0E906370423037400230D
:10E4F00043748374C3741A4900234FF4015211F01A
:10E50000BEFB6FF00404194811F0F4FEB6E7E27F99
:10E5100002B1E577002BCAD100F0A0FF8742C6D038
:10E5200000F090FF114811F0E5FE0024A6E7B8F8CE
:10E530000A309D42F0D26268B5FBF2F302FB13533E
:10E54000002BE9D10123E377E6E706B1356000242B
:10E55000D9E76FF0120491E70BAA0300F3AA0300B6
:10E56000AC2303000000AD0B2EAA030024490020B9
:10E57000EC4800202DE9F8431D462F4B174693F831
:10E58000242080460E46002A53D093F82530002BD5
:10E590004FD010F0800F22D101B907BB4046FFF7E2
:10E5A00057F80446D8B190F80890B9F1000F19D186
:10E5B0000820FBF74BF960B1204B4361204B80F8FA
:10E5C0001190C0E906380423037480F8129080F893
:10E5D00013901C4900234FF4015211F050FB6FF0CF
:10E5E000150013E04FF0FF3317484FF0FF3211F0E2
:10E5F0007FFEE3689F42B84628BF984646B93FB9B8
:10E6000005B12B60104811F075FE0020BDE8F883BD
:10E61000A1694246304613F0B4F8A3694344A361AC
:10E62000E368A3EB0803E360002DEBD0C5F800809E
:10E63000E8E76FF01200E9E7EC4800200BAA0300BE
:10E64000DFAA0300AC23030024490020F8B5294DBC
:10E6500095F824300746002B48D095F82530002B3C
:10E6600044D0030619D4FEF7F3FF0446A8B1067A96
:10E67000B6B90820FBF7EAF848B11F4B43611F4BBE
:10E680004674C0E90637042303748674C6741C49B3
:10E6900000234FF4015211F0F2FA6FF01500F8BDAB
:10E6A0004FF0FF334FF0FF3205F1380011F020FE3C
:10E6B000E368B3B9012663692677A361637F83B1F9
:10E6C000FFF7EEF830B905F1380011F013FE6FF0E6
:10E6D0000B00E4E7067484600673FEF7F1FFFEF7B3
:10E6E000E7FF084811F006FE0020D8E76FF012009F
:10E6F000D5E700BFEC4800200BAA0300C7AA03001F
:10E70000AC2303002449002010B5084B93F82430B3
:10E710000C462BB1FEF79CFF28B10460002010BD11
:10E720006FF01200FBE76FF01500F8E7EC480020EF
:10E73000014B1860704700BFEC48002008B5074B3C
:10E7400093F8243023B1FEF783FF20B1406808BD61
:10E750006FF01200FBE76FF01500F8E7EC480020BF
:10E760004FF08053D3F83021082A06D1D3F8343142
:10E77000052B04D8034AD05C704700207047012065
:10E78000704700BFBAAB0300EFF31180402383F35F
:10E790001288BFF36F8F0A4BD3F8001C032261B9B4
:10E7A00049F27531C3F8001CC3F8142DC3F8001CDE
:10E7B00080F31188BFF36F8F7047C3F8142DF7E70C
:10E7C00000E00640EFF31180402383F31288BFF38B
:10E7D0006F8F0A4BD3F8001C61B949F27532C3F848
:10E7E000002CC3F8141DC3F8002C80F31188BFF36C
:10E7F0006F8F70470022C3F8142DF6E700E0064043
:10E8000000F00F02082A08B50AD90B490B484FF44B
:10E81000D77210F086FD08484FF4D77110F078FDDC
:10E82000074B10F0800F03F1D80118BF0B461820DA
:10E8300000FB023008BD00BF72AB03008E850300F1
:10E84000BC51002008B500F00F03082B0AD9084975
:10E85000084840F2C11210F064FD054840F2C111B1
:10E8600010F056FDC043C0F3C01003EB001008BD0C
:10E8700072AB03008E8503004FF08053D3F8303124
:10E88000082B02BF024B0022C3F81C2C704700BFAC
:10E890000070024008B50A4B1A78012A0AD00949CB
:10E8A000094840F2744210F03CFD064840F27441C1
:10E8B00010F02EFD054900220A601A7008BD00BF45
:10E8C000FA5B002072AB03008E85030074530020B6
:10E8D00010B5574C2378012B0AD05649564840F2C0
:10E8E0007C4210F01EFD40F27C41524810F010FDB9
:10E8F000524B4FF40062C3F80024FFF731FF08B118
:10E90000FFF742FF4FF08053D3F83031082B18D176
:10E91000EFF31180402383F31288BFF36F8F484BCE
:10E92000D3F8001CC02200296DD149F27531C3F81B
:10E93000001CC3F8142CC3F8001C80F31188BFF32B
:10E940006F8F3E4B0122C3F80025D3F80024120537
:10E95000FBD54FF40062C3F800244FF08053D3F886
:10E960003031082B17D1EFF31180402383F3128845
:10E97000BFF36F8F324BD3F8001C002946D149F208
:10E980007532C3F8002CC3F8141CC3F8002C80F3B4
:10E990001188BFF36F8FFFF7E3FE30B1FFF712FF6F
:10E9A000FFF7DEFE08B1FFF7EFFE4FF08053D3F81C
:10E9B0003031082B214B0AD140F2E372C3F8002812
:10E9C0004022C3F80428BFF36F8FBFF34F8F80221C
:10E9D000C3F81C250122C3F830251A4B40F2FF1260
:10E9E0001A60194B00211960184B1970184B9B685D
:10E9F000012B0FD00F4910484FF4956210F091FC95
:10EA00004FF4956171E7C3F8142C96E70022C3F820
:10EA1000142CBCE7FFF730FF0E4B19700223237054
:10EA2000FFF79EFE18B1BDE81040FFF7CBBE10BD4A
:10EA3000FA5B002072AB03008E8503000070024079
:10EA400000E00640705300206C530020F65B00206D
:10EA5000F80D0020F85B002010B5104B1B78022B3E
:10EA60000AD00F490F4840F2DC4210F05AFC0C4823
:10EA700040F2DC4110F04CFC0B4B0C4C00221A70A5
:10EA80000B4A0C4B002808BF1346C4F8003327205C
:10EA9000FEF706F80123C4F8043510BDFA5B002028
:10EAA00072AB03008E850300F95B0020007002400A
:10EAB000FDFFDF01FDFFFF01034B1878012894BF24
:10EAC00000200120704700BFFA5B002010B54FF016
:10EAD000FF324FF0FF3315480BF050F9EFF311817F
:10EAE000402383F31288BFF36F8F114B1B7803F021
:10EAF000FF0483B10F4BD3F8002412F400720AD143
:10EB00000120C3F82C05D3F82C05D3F800048005A8
:10EB100002D5C3F82C25002481F31188BFF36F8F31
:10EB200002480BF0C7F8204610BD00BFF80D0020CA
:10EB3000F95B0020007002404B1E0B4210B500F044
:10EB400008030C460CD001071ED11B491B4840F29C
:10EB5000695210F0E6FB40F26951174810F0D8FBFB
:10EB600091B9020708D11449144840F26B5210F0D1
:10EB7000D8FB40F26B51F0E713B1114BD3F81C35C1
:10EB8000FFF73EFE848210BDA3B10D4BD3F81C15D8
:10EB900040F2FF3240F2FF13802918BF13469C4217
:10EBA000EED90549054840F26D5210F0BAFB40F22B
:10EBB0006D51D2E7402CF3E772AB03008E85030062
:10EBC00000700240F8B550B92149224840F24D4248
:10EBD00010F0A7FB1E4840F24D4110F099FB1E4B70
:10EBE0001C7894BB1D4A106001221A7040F2FF1776
:10EBF000264664F07F0514F0080FEDB214BF3946C5
:10EC000040212846FFF798FF2846FFF7F9FD013419
:10EC1000092C867506730661EBD1002440F2FF17BC
:10EC2000254614F0080FE6B214BF3946402130469D
:10EC3000FFF782FF3046FFF7E3FD0134092C8575AD
:10EC400005730561EDD10648F8BD0648FCE700BF35
:10EC500072AB03008E850300FA5B00207453002022
:10EC60000000AD0B0500AD0B08B543B200F00F007E
:10EC700008280AD90C490D4840F2815210F051FB86
:10EC8000094840F2815110F043FB002B084BB4BF00
:10EC9000D3F81025D3F8142501238340134214BF61
:10ECA0000120002008BD00BF72AB03008E85030069
:10ECB000007002402DE9F84381460C46FFF7C2FD83
:10ECC000EFF31188402383F31288BFF36F8F54B999
:10ECD0002649274840F2BC5210F023FB40F2BC51B9
:10ECE000224810F015FB19F00F0F03D1214B1B78B0
:10ECF0004B4537D1204B214F1B683D68DB43012634
:10ED00009BB286402B4333422ED14846FFF778FD15
:10ED100019F0800F03460FD122686AB102F06042F9
:10ED2000B2F1005F08D0114911484FF4BA6210F0F7
:10ED3000F8FA4FF4BA61D3E701221A7394E8070096
:10ED400083E8070000221A619A750D4B0D48354380
:10ED500080223D60C3F8042188F31188BFF36F8FD0
:10ED6000BDE8F8830848F7E70848F5E772AB030009
:10ED70008E850300F85B0020705300206C53002048
:10ED800000E100E00000AD0B0A00AD0B0B00AD0B85
:10ED900010F0080F074B06D0D3F8C00410F4803FE2
:10EDA00018BF0020704700F00F0000F5947053F872
:10EDB00020007047007002402DE9F74FA04BA14D95
:10EDC000D3F85421DAB10022C3F85421D3F8041344
:10EDD000890214D58DF80420D3F82025ADF806203B
:10EDE000D3F8C034002B2B6814BF4FF001224FF42E
:10EDF000807213432B60944B01A81B689847904B7B
:10EE0000D3F8604134B10022C3F86021D3F86C44D8
:10EE1000C3F86C44D3F828214AB10022C3F8282152
:10EE20008A4B1878FFF70EFD012383401C43884F5F
:10EE300097F8008097F9009008F00F03082B0AD983
:10EE4000844985484FF4917210F06BFA4FF4917138
:10EE5000804810F05DFA18F00801804E42D1B9F1F7
:10EE6000000F2FDA7E4A52F8230020B342F8231015
:10EE70001422534303F1804303F51C33D3F80836BF
:10EE8000784A117803F001034B401370FFF7F4FC4C
:10EE900075480AF00FFF4046FFF7B2FC837D032B55
:10EEA00038D14046FFF7CEFC012303FA00F0336867
:10EEB00023EA00033360DFF890A14FF001084FF020
:10EEC00006095DE0694A52F823000028F3D042F8B1
:10EED00023101422534303F1804303F51C33D3F86A
:10EEE0000837CDE7B9F1000F554B09DBD3F85021B6
:10EEF000002AE0D00022C3F85021D3F8A837BFE79A
:10EF0000D3F82C21002AD6D00022C3F82C21D3F824
:10EF1000A836B5E7037BE3B94046FFF793FC01232E
:10EF200003FA00F03368B9F1000F23EA00033360FD
:10EF300002DAB8F1880FBED106238DF80430002321
:10EF40008DF80730404B8DF806801B6801A8984764
:10EF5000B1E7B8F1000FAED1394B0122DA64AAE76C
:10EF600094FAA4F02A68B0FA80F008FA00F31A4381
:10EF70000F282A6024EA0304326849DD134256D080
:10EF8000002CEDD12E4BD3F800215AB1C3F800412B
:10EF9000374B1C702D4B1C70012301932A4B01A889
:10EFA0001B689847264BD3F85821002A6DD00022C1
:10EFB000C3F85821D3F80044C3F80044E20508D54B
:10EFC0002B4B01221A70022301931F4B01A81B68CF
:10EFD0009847A30508D5264B00221A7003230193F6
:10EFE000194B01A81B68984760054ED5204A137835
:10EFF000002B4AD0124BD3F82C1500293AD01549D2
:10F00000154840F2F52210F08CF940F2F5211FE787
:10F010001340B5D160F07F018DF804908DF8061093
:10F020008DF80730DAF8003001A89847A8E7A0F17A
:10F0300010018DF804908DF806108DF80780F1E727
:10F04000007002407053002074530020F85B0020D1
:10F05000F75B002072AB03008E8503006C53002029
:10F0600008710240F65B0020F80D0020307102406C
:10F07000F95B002011700122C3F808259A6504236A
:10F080000193AD4B01A81B689847AC4BD3F85C319A
:10F09000FBB1AB4B9B6813B93B78590619D0A74B12
:10F0A0000022C3F85C21D3F88034A64A23F07F0302
:10F0B0001370336823F0011333602B6823F480331B
:10F0C00043F001032B60052301939B4B01A81B68B0
:10F0D000984732682B681A4200F01C819848002239
:10F0E00000230AF04BFE002840F01481934BD3F824
:10F0F0002C35002B00F09A80914803B0BDE8F04F0A
:10F100000AF0D8BD49F0800B5846FFF779FB037B26
:10F110000446002B00F0AA804368B0F81480016810
:10F12000984528BF984601F06043B3F1005F23D1B2
:10F130002268636842442260A268A3EB0803D207F6
:10F140004FFA8BF0636040F1A680B8F1000F40F0F9
:10F15000A58000232373A1E05846FFF719FEB4F8F9
:10F1600014C060451AD97849784840F2631210F00B
:10F17000D8F840F263116BE6B8F1400F08D9724934
:10F1800072484FF4C17210F0CCF84FF4C1715FE6D1
:10F190006F48424612F0F5FA6D49C9E723686BB132
:10F1A00003F06043B3F1005F08D0674967484FF44C
:10F1B000B27210F0B6F84FF4B27149E66368226893
:10F1C00098429BBF1B1A02EB000E4FF000086360D1
:10F1D0009CBFC4F800E08046604511460FD1003B5B
:10F1E00018BF01236AB9B8F1000F52D056495748E9
:10F1F0004FF45A7210F095F84FF45A7128E6002334
:10F20000F0E740453BD9012303FA09F32AEA030357
:10F21000022233600623A2758DF80430464B8DF828
:10F2200006B01B688DF8072001A89847D6F800A003
:10F230002B681AEA03093FF45FAF19F0012314BFEA
:10F2400093FAA3F999FAA9F9B9FA89F9B9F10F0F63
:10F250007FF658AFA9F1100B5FFA8BFB5846FFF70A
:10F26000CFFA037B0446002B7FF476AF364937484C
:10F2700040F2573210F055F840F25731E8E508D027
:10F280003149324840F2793210F04BF840F279318E
:10F29000DEE54FFA8BF0002B3FF45BAF4FF080536D
:10F2A0000126D3F83031082B02BF244B8222C3F849
:10F2B0001C2C2B6887F800B006FA09F923EA090329
:10F2C0002B602369434423610BF00F04082C08D9F9
:10F2D0001D491E484FF4A47210F023F84FF4A47196
:10F2E000B6E51BF0080F154B17D100284FF014029C
:10F2F00002FB0432A9BF0A3403EB8403C2F80017EF
:10F30000C2F80487AFBF43F82460C2F80016C2F801
:10F3100004865E6003B0BDE8F08F0028B5BFC3F877
:10F32000A016C3F8A017C3F8A486C3F8A487B4BF77
:10F330005E629E64EEE700BF7453002000700240DE
:10F34000F80D0020F85B002072AB03008E850300EF
:10F350007C51002008B503070AD50849084840F247
:10F3600007620FF0DEFF054840F207610FF0D0FFA3
:10F37000044B40F48070C3F8180508BD72AB03005D
:10F380008E85030000700240030713D400F00F03C2
:10F3900010F0800F084A0BBF03F5887303F58473E0
:10F3A00002EB830252F8230008BF5068003818BFF0
:10F3B00001207047002070470070024008B5030725
:10F3C0000AD50949094840F229620FF0AAFF064808
:10F3D00040F229610FF09CFF054BC3F80C0540F487
:10F3E0008070C3F80C0508BD72AB03008E85030066
:10F3F000007002400023036043600E4BD3F880246A
:10F400000270D3F884244270D3F88824D3F88C1483
:10F4100042EA01224280D3F89024D3F8941442EABD
:10F4200001228280D3F89824D3F89C3442EA032343
:10F43000C380704700700240014B0122DA647047BC
:10F4400000700240014B01221A65704700700240B3
:10F45000014B01225A65704700700240014B187839
:10F46000704700BFF85B002038B50446EFF3118504
:10F47000402383F31288BFF36F8F03060AD5124926
:10F48000124840F253620FF04CFF0F4840F25361B4
:10F490000FF03EFFFFF7D6F90D4A012303FA00F003
:10F4A000136823EA0003136014F0080201BF04F09C
:10F4B0000F04084B04F5947443F8242085F3118855
:10F4C000BFF36F8F38BD00BF72AB03008E850300A2
:10F4D00070530020007002402DE9F04F044685B0C3
:10F4E000EFF31187402383F31288BFF36F8FFFF789
:10F4F00087F914F0800F414E05462BD12046FFF7C7
:10F50000A1F9D6F800804FF0010909FA00F030EABD
:10F5100008000BD02046FFF7A7FF0323AB7587F346
:10F520001188BFF36F8F05B0BDE8F08F28732046B8
:10F53000FFF788F909FA00F028EA00003060204659
:10F54000FFF780F92E4A136809FA00F923EA090344
:10F550001360E2E7230715D4802C2A4B41D004F036
:10F560000F0202F2DA325200C3F80028D3F804285E
:10F57000D3F80418D2B242F002020A43C3F80428B6
:10F58000D3F80438DFF87890D6F800B0D9F800A0A6
:10F5900020466BEA0A030193FFF754F94FF0010884
:10F5A000019B08FA00F00342B9D02BEA000030605A
:10F5B0002046FFF747F900232B73032308FA00F8CE
:10F5C000AB758DF80F30104B8DF80E4048EA0A00ED
:10F5D0000622C9F800001B688DF80C2003A8984784
:10F5E0009DE740F2B472C3F80028D3F80428D3F89A
:10F5F0000418D2B242F00402BFE700BF6C530020EF
:10F6000070530020007002407453002038B5044647
:10F61000094D4FF0FF324FF0FF3328460AF0AEFBA2
:10F620002046FFF759FF28460AF044FB034B80228F
:10F63000C3F8042138BD00BFF80D002000E100E050
:10F640002DE9F0413A4D2B7853B93A493A4840F206
:10F65000BA420FF066FE40F2BA4136480FF058FE4B
:10F660004FF0FF3335484FF0FF320AF087FB2B781D
:10F67000022B08D02F49304840F2FC420FF051FED7
:10F6800040F2FC41E9E72E4B8022C3F88421272079
:10F69000FDF728FAA0B12B4F2B4B3C681B68240CBC
:10F6A00024041C434FF0010864BB284E40F2FF13B2
:10F6B0003B602720C6F80445FDF700FAC6F8004372
:10F6C000234A13788BB1214B0021C3F80811012183
:10F6D000C3F80026C3F804165960D3F808110029AE
:10F6E000FBD00021C3F808111170184B0022C3F899
:10F6F0000025FFF7C1F811480AF0DCFA01232B704E
:10F70000BDE8F08194FAA4F6B6FA86F60F2E3046DC
:10F71000C6BFA6F11000C0B240F08000030701D4BC
:10F72000FFF7DAFE08FA06F624EA0604BCE700BF93
:10F73000FA5B002072AB03008E850300F80D0020F9
:10F7400000E100E0705300206C5300200070024084
:10F75000F65B002010B504464FF0FF324FF0FF3348
:10F7600011480AF00BFB2046FFF7B6FE04F00F022B
:10F77000012393400D4A14F0800F14BFD2F81015E6
:10F78000D2F814156FEA030315BF0B400B40C2F803
:10F790001035C2F8143504480AF08CFA044B802264
:10F7A000C3F8042110BD00BFF80D00200070024016
:10F7B00000E100E070B50446FFF756FA68B904F0BE
:10F7C0000F02012514F0800F144B05FA02F205D048
:10F7D000D3F810150A43C3F8102570BDD3F81415DB
:10F7E0000A43C3F81425631E062BF6D8EFF31186DF
:10F7F000402383F31288BFF36F8F2046FFF734FE58
:10F800002046FFF71FF8064A1368854023EA0503E0
:10F81000136086F31188BFF36F8FDEE7007002403C
:10F820006C530020020710B504460AD50B490C485A
:10F8300040F20F620FF075FD084840F20F610FF0C3
:10F8400067FD030605D4FFF79FFD10B12046FFF7C3
:10F850000BFE044BC3F8184510BD00BF72AB03008C
:10F860008E8503000070024014280ED8084A12F852
:10F87000103053B102EB4002527832B10868434372
:10F88000002093FBF2F30B6070476FF01500704798
:10F89000D0AB03007FB50023CDE901330B7903F032
:10F8A0001F02C3F30400072A8DF80D0003D96FF07F
:10F8B000150004B070BD13F0200418BF8B7948798F
:10F8C0008DF80B0008BF23468DF80C300B780C2BFD
:10F8D000EDD801A050F823F013F901000DF9010053
:10F8E00037F90100AFF801003BF90100AFF8010062
:10F8F0003FF90100AFF80100AFF8010043F9010042
:10F9000047F90100AFF801004BF9010001238DF820
:10F9100006304B78032B1AD0042BC8D14B8844F205
:10F920000A00834238D843F6FE70834213D8002B76
:10F93000BDD1022340E00223E9E70323E7E70423E4
:10F94000E5E70523E3E70623E1E70723DFE70123F4
:10F950008DF80730E2E7A3F57F533F3B0B2BA6D88A
:10F9600001A050F823F000BFF3F90100AFF8010047
:10F97000AFF80100AFF80100BDF90100AFF80100D8
:10F98000B7F90100AFF80100AFF80100AFF80100CE
:10F99000AFF8010033F9010044F21400834226D08D
:10F9A00044F22800834224D044F20F0083427FF4C3
:10F9B0007EAF032300E001238DF808300F4D0126B0
:10F9C00006FA02F395F85000DBB2A4B18A790AB1C5
:10F9D0008DF8096020EA030301A885F8503007F08C
:10F9E00003FD074B98427FF462AF002061E70423D8
:10F9F000E2E70523E0E70343EEE700BF200600202F
:10FA00000000AD0B08B50D490D48002211F06FFE46
:10FA1000002007F09FFC0B4B98420CD100220121E3
:10FA20000720FDF76DF80848C36813B9043010F0DB
:10FA3000A2FC002008BD6FF00400FBE7EDFB010015
:10FA4000800600200000AD0B2006002010B50C4CF5
:10FA500094F83A3023B1BDE810400A4807F0F4BEEC
:10FA600007F026FE084B984208D06FF0040363624B
:10FA700004F11400BDE8104010F07DBC10BD00BFC3
:10FA8000200600208DFA01000000AD0B2DE9F041A9
:10FA90000778002F40F08C804D4CE26A94F850C0FB
:10FAA0001CEA020F25460AD14A4B0022C3F8002562
:10FAB000A36A6BBB4848BDE8F04110F05CBCB0F8ED
:10FAC00008E0A66D4FEA4E0E0123D0B218420AD0CC
:10FAD00094F898200CEA030192B121B132460EEB62
:10FAE0000601914204D15B009BB26345EED9DBE78E
:10FAF00032F9028BB8F1000FB8BF22F8027CF0E7B0
:10FB000021B1B6F900100029B8BF32800236EAE709
:10FB1000236CB4F84C2033B1304931489847012860
:10FB200022D0022839D0B4F84C30B4F848209A4298
:10FB300033D90133A4F84C3094F89830C3B9A36D8D
:10FB400094F8512003EB4203A36594F85110A06D83
:10FB500007F058FD234B98420AD06FF004031E486B
:10FB6000636210F008FC03E094F89830002BECD0AE
:10FB7000E36B1BB9BDE8F041FFF768BFBFF35B8FD4
:10FB800055E8003F5A1E45E800210029F8D1BFF38F
:10FB90005B8F012BEEDCBDE8F081E36B002B89D09D
:10FBA00094F89830002B85D10F4811F0ACFD81E717
:10FBB000022F0AD107F07CFD0A4B9842EBD0044893
:10FBC0006FF004034362143075E7052FE3D171E74A
:10FBD0002006002000700040340600204806002067
:10FBE000541B03000000AD0B80060020094BBFF33F
:10FBF0005B8F53E8002F511C43E800100028F8D118
:10FC0000BFF35B8F0AB9FFF721BF6FF00F025A6293
:10FC1000704700BF200600202DE9F0430E4685B056
:10FC20004FF0FF337A484FF0FF320AF0A7F87768B9
:10FC30007B1EFE2B08D96FF01504754810F09BFB56
:10FC4000204605B0BDE8F08300252C4627FA05F3D1
:10FC5000DA0706D507F0F8FBE840C307EBD5013417
:10FC6000E4B20135082DF1D1002CE4D0337C083BFF
:10FC7000062BE0D801A252F823F000BFB7FC010028
:10FC800037FC0100BBFC010037FC010099FC0100BE
:10FC900037FC0100BFFC01000221012C727C10D056
:10FCA000002AC8D15B4B002083F898005A4B384695
:10FCB00007F0E4FB38E00021EFE70121EDE7032145
:10FCC000EBE7082AB7D8DFE802F0050505050505CA
:10FCD000050505003368002BE4D0186801387F283B
:10FCE000E0D88DF8082000228DF809201B885A1EC4
:10FCF0007F2A0AD949494A4840F255220FF011FBA0
:10FD0000464840F255210FF003FB1B01414A013BDD
:10FD1000ADF80A30012382F898308DF80C3002AA31
:10FD20003D4B384607F0EEFB3E4B984283D132689C
:10FD3000630012B1928902FB0333F2689A4264D3E2
:10FD4000344D85F8514095F89830B068A865214643
:10FD5000A8462BB133689B89013313FB04F4A1B28D
:10FD600007F050FC2F4B984281467FF464AF374632
:10FD70000FCF2D4C0FC43B68236000276F623368A0
:10FD8000002B3FD00FCB261D86E80F00EB6BAE6239
:10FD9000A5F84C70B3B3BFF35B8F58E8003F48E859
:10FDA0000072002AF9D1BFF35B8F95F89810E9B97A
:10FDB000E86B1E4E1E4A4FF40047E0FB076100232C
:10FDC0003046E1F719F80022CDE90001002304F1E3
:10FDD00028000CF019F917484FF0FF324FF0FF33AD
:10FDE00009F0CCFF00B168626C6A26E707F060FC9E
:10FDF0004845F0D06FF00403A4F124006B6210F0CA
:10FE0000BAFAE8E7FFF722FEE5E76FF00B0414E724
:10FE100024060020200600208DFA0100FAAB030022
:10FE20008E8503000000AD0B480600203F420F0006
:10FE300040420F003406002037B50C460A490B4AF1
:10FE4000411A40230093491105462346084810F003
:10FE500094FA011E05DA2846234603B0BDE8304077
:10FE6000184703B030BD00BF8C530020E3030300EC
:10FE7000C8190300C9B2012908B508D908490948B9
:10FE80007F220FF04EFA06487F210FF041FA0369F6
:10FE90000C2201FB0233986C00F0070008BD00BF84
:10FEA00037AC03008E85030070B5C9B20129036920
:10FEB0000AD91849184840F2D1120FF032FA154801
:10FEC00040F2D1110FF024FAEFF31185402484F3AE
:10FED0001288BFF36F8F0C2606FB0134A46C14F05C
:10FEE000C00408D0A24206D085F31188BFF36F8FFB
:10FEF0004FF0FF3070BD71430B4401229A6485F3CB
:10FF00001188BFF36F8F43680B445B6898470020EC
:10FF1000F0E700BF37AC03008E85030070B50D46D7
:10FF20000649411A0446491105484022FFF7BCFF23
:10FF30002B4601462046BDE8704018478C530020F0
:10FF4000C8190300002270B5012104461046FCF7D1
:10FF5000D7FD0F4805F032FA0E4B984215D105F047
:10FF60003DFA26690C4930460FF051FB00280BDBA7
:10FF70000125B5642469084904F120000FF047FB0E
:10FF8000002801DB6565002070BD6FF00400FBE711
:10FF9000510002000000AD0B282C03001FB5002209
:10FFA0000123CDE90223094ACDF800D06B46CDF8F4
:10FFB00004D010F00FFA002805DB4FF48042002334
:10FFC000684609F0DBFE05B05DF804FBFB030300A7
:10FFD00010B5EFF31184402383F31288BFF36F8FC2
:10FFE000074A136823F00201DB07116002D40120E5
:10FFF00005F086FA84F31188BFF36F8F10BD00BF40
:020000022000DC
:10000000E453002030B4104B0C2202FB00330146B5
:100010000020D3E910521864EFF31180402484F3D8
:100020001288BFF36F8F9C6C04F0C00444F002048C
:100030009C6480F31188BFF36F8F1DB12B4603487A
:1000400030BC184730BC70478C530020C8190300DF
:10005000012808B506D0032808D090B90E4B9B6C38
:100060005B0717D1BDE80840FFF7CCBF0B490C4830
:100070004FF43D720FF055F94FF43D7107480FF002
:1000800047F9064906484FF441720FF04AF94FF418
:100090004171F3E708BD00BF8C53002037AC03006B
:1000A0008E85030010B4EFF31182402383F312888E
:1000B000BFF36F8F1848016841F002040460C8075D
:1000C00008D482F31188BFF36F8F01205DF8044BD1
:1000D00005F0ACB94FF08041D1F80C04D1F80C1404
:1000E000C907EED5EFF3118083F31288BFF36F8F4A
:1000F0000A498B6C03F0C00343F002038B6480F366
:100100001188BFF36F8F82F31188BFF36F8F0020C8
:100110005DF8044BFFF776BFE45300208C530020BA
:10012000024BC0B203EB4010704700BF8C5300205D
:10013000F8B53349BFF35B8F0646012251E8003F13
:1001400041E800200028F9D1BFF35B8F9BB92D490E
:100150002D484B60CB608A60F8F7A0FB00280ADAD4
:100160002A492B484FF429720FF0DBF84FF429711C
:1001700026480FF0CDF806B3731E012B37D811F0C7
:100180003FFA0446D0B9234B1B78BBB14FF08043F4
:100190000222C3F8082305464FF08047D7F81824F9
:1001A000D7F81834D20312D59B0701D0012E0ED1F7
:1001B000BCB185F31188BFF36F8FF8BDEFF31185E4
:1001C000402383F31288BFF36F8F0124E4E71CB14F
:1001D00028460FF0E4FFE1E7002121200BF0CCF8E6
:1001E000DCE74FF080430222C3F80423E5E7074928
:1001F000074840F2B6220FF094F840F2B621B7E774
:100200008853002078530020AC53002037AC030003
:100210008E850300D862002010B5044C2046F7F705
:1002200089FD2046FCF7B0FF002010BD310202001E
:1002300073B5104E8DF807000446032501220DF119
:100240000701002008F0F6FE20B10123337020469C
:1002500002B070BD3378002BF9D0013D08D011F009
:10026000CFF90028EAD1002142200BF085F8E5E71C
:100270003570ECE7FB5B0020024883685B6A03B1E2
:1002800018477047341A03000146024883685B68C8
:10029000184700BF341A030008B5074811F00DF9DC
:1002A00038B10648FCF770FF0448F7F743FD00201B
:1002B00008BD6FF01200FBE7341A030025040300A9
:1002C00038B504460D460820FFF7DEFF3DB9202073
:1002D000FFF7DAFFBDE838400820FFF7D5BF0A482E
:1002E0000EF0ACFF2544EDB2607804F8010BFFF787
:1002F000CBFFE3B2AB42F7D12020FFF7C5FFBDE84B
:10030000384002480EF09ABF9DAC0300A1AC030038
:100310002DE9F74F9C4F9D4ED7F80880D8F83C3018
:10032000BBB138469847002813DDD8F8383083B180
:100330003846984700280CDDD8F82C304BB13846A9
:100340009847002805DBE9D0D8F8103023B9FFF72B
:1003500093FF03B0BDE8F08F01220DF1070138468D
:1003600098470028F3DB336893B3BFF35B8F884C67
:100370002368BFF35B8F13F0020F234600F0D68093
:100380009DF80750D6F80090BFF35B8F53E8002F1D
:1003900022F0040143E800100028F7D1BFF35B8F7F
:1003A00050072AD57B4BDFF8F8A15B5D13F0040FF3
:1003B00018D10123CAF80030482D5CD8422D5CD9F1
:1003C000433D052D59D8DFE805F0766558945885EA
:1003D000714B18680022002309F0F6FB30600028FA
:1003E000C3D1B6E70821204610F00DF86B4B303D25
:1003F0000022CAF800501A6090E7BFF35B8F2368B1
:10040000BFF35B8F1907D7D5624B5B5D5A0710D5D9
:10041000BFF35B8F2368BFF35B8F13F0100F14BF24
:100420005E4A5F4A13680A2101FB0353303B1360A5
:1004300074E73B2D18D0BFF35B8F54E8003F23F0E7
:10044000080344E80032002AF7D1BFF35B8FBFF303
:100450005B8F54E8003F23F0100344E80032002A89
:10046000F7D1BFF35B8FA7E7102120460FF0CBFF3A
:10047000C306E0D452E77E2D44D0BFF35B8F54E82F
:10048000003F23F0020344E80032002AF7D1BFF313
:100490005B8F43E74348424A037811688B42ECD3B1
:1004A000414D2A785B1A52FA81F203703F482A7054
:1004B0000EF0C4FEE1E73C48394B027819688A42E5
:1004C000DBD3CBB2D21A0270364A107803441370D1
:1004D0003748EDE7334D29780029CED033480EF068
:1004E000ADFE314A137829780B44137000232B702A
:1004F000C3E72D4D29780029BFD02D480EF09EFE70
:10050000284AEFE7284D2B78002BB6D02848012148
:100510000EF094FE234A2978107809F10509013973
:10052000C9B248442970FFF7CBFEA6E7BFF35B8F43
:1005300054E8003F23F0010244E800210029F7D1EC
:10054000BFF35B8F13F0010F9DF807500BD05B2DAD
:100550007FF4E4AE022120460FF055FF042120462F
:100560000FF051FFDAE60B4B5B5D13F0970F6CD188
:100570000D2D1FD8072D2ED9083D052D2BD8DFE8CE
:1005800005F01D53342A2A38341A0300E85300209A
:10059000F4530020B1C0030000540020EC530020AD
:1005A000F0530020FE5B0020FD5B0020A5AC0300A3
:1005B000ABAC03001B2D13D07F2D0CD13B4A13781D
:1005C0004BB1013BDBB213703068394A0533117807
:1005D0001844FFF775FE374B9DF807201A709DE60B
:1005E000012120460FF00FFFF5E7324B1B780D2B52
:1005F000F1D0DFF8B8902E4D99F8001033682A78C2
:100600000B44134400245C710D20FFF73DFE0A20CB
:10061000FFF73AFE284B3168186889F800402C70C3
:1006200010F0B5FF3460D6E7244B1B68002BD2D006
:100630001F4A1278002ACED11C4C30682178053030
:100640009847237818442070C5E7194A174B147847
:1006500093F800B004EB0B02FE2ABCDCD6F800A035
:100660000BF1010228461A70FFF70EFE0AEB0B038E
:100670000CB95D71AFE793F8059011485D710EF00C
:10068000DDFD0BF1060B013CDA44E4B2013C4846C7
:10069000E4B2FFF7F9FD4B46FF2C9AF800900AF8F8
:1006A000013BF3D107480EF0C9FD94E7FE5B002043
:1006B000FD5B0020FC5B0020FC530020F853002071
:1006C0009DAC0300A1AC0300164B73B51860164B2C
:1006D0001960164B1A60FFF7CFFD154DAC68A36982
:1006E0000BB128469847236C1BB1124910480022D1
:1006F00098470F4EE36A23B9AB681B6A73B902B01F
:1007000070BD304698470028F6DD2369002BF1D0F4
:1007100001220DF1070130469847EBE7044898475E
:10072000EDE700BF00540020FC530020F8530020E8
:10073000341A03001103020000F1744000F5A60012
:100740000A289ABF024B33F910006FF00F00704770
:10075000403D0300024B0B6001231360704700BF54
:10076000D82C0300004870474C2C030073B50D468D
:10077000416829B3D1E9001384681CB3D4E900248B
:100780000CB303B39C4217D15C1C092C06781DD90D
:100790000820F9F75BF848B1174BC461C0E905368A
:1007A00004230374002343748374C3741349002324
:1007B0004FF402520FF063FA6FF0150002B070BDF3
:1007C0000B46D9E7224601331C44DEE740F2011311
:1007D000ADF80230684600238DF800608DF80140C6
:1007E0008DF804308DF8055006F0FCF902B0BDE834
:1007F0007040FFF7A1BF00BFB1AC030004230300AA
:100800000268154BFF2A08BF4FF0FF32C3F82425BA
:100810004268FF2A08BF4FF0FF32C3F828258268DC
:10082000FF2A08BF4FF0FF32C3F83025C268FF2A05
:1008300008BF4FF0FF32C3F834250269FF2A08BF12
:100840004FF0FF32C3F838254269FF2A08BF4FF046
:10085000FF32C3F83C2570470090024030B5224D6E
:100860000FCD91B00AAC0FC495E8030084E80300F3
:100870000024CDE90144AB238DF804301B4B0394D5
:10088000D3F82425D2B20492D3F82825D2B2059207
:10089000D3F83025D2B20692D3F83425D2B20792DB
:1008A000D3F83825D2B20892D3F83C350AA8DBB287
:1008B0000993FFF7A5FF012006F088FA014604A876
:1008C000FFF79EFF0A4B99420BD1214601A8FFF783
:1008D0004DFF002803DB232010F0EBFD204611B074
:1008E00030BD6FF00400FAE72C24030000900240B2
:1008F0000000AD0B054B994206D14FF0FF324FF08F
:10090000FF33103009F03ABA704700BF0000AD0B5A
:100910002DE9F04F8BB0436800AF05460021586BBE
:100920000FF000FE041E63DB002201212920FCF7EA
:10093000E7F8D5F804902A696649484606F026F992
:10094000FFF7FAFE041E4EDBFFF788FF041E4ADBAA
:100950004FF000089F2307F1100A4FF0030B07F137
:100960001406C7E906B8C7F814A0C7F820803B777B
:100970007E62414607F11C00FFF7F8FE041E32DBE1
:100980005A46514609F1300010F0EBFE0446A0B380
:100990003B7C97F811B097F812A099F8306099F85D
:1009A000315099F832407B600E20F8F74FFF90B13C
:1009B0007B68494A4261C0E909A6C0E90B54C0E915
:1009C000073B464A82610923037480F8118080F84E
:1009D000128080F813804249002344F640020FF051
:1009E0004EF96FF0120406F035FA08B106F010FA6D
:1009F00020462C37BD46BDE8F08F6A68537F023B26
:100A0000012B25D992F81C80A8F10208B8F1020F39
:100A10008CBF4FF000084FF001080FF053FD051E8A
:100A200019DA0820F8F712FF50B12E4B43612E4B14
:100A3000C0E9063504230374002343748374C3742C
:100A4000274900234FF401520FF019F92C46CAE749
:100A50004FF00108E1E7EAB2C5F38015A845C2D01E
:100A6000002382F040020121BB813A7307F10C029E
:100A7000C7E906137A617B6239773E6207F11C0091
:100A8000FFF774FE041E07D10FF01CFD041E04DBEB
:100A900014F00104F8D1A6E7A5DA144A144B6D4608
:100AA0008AB0B8F1000F18BF13466A461149516168
:100AB0000D491462C2E9061340F2013393840E4BD0
:100AC00042F8103F064800234FF43151F9F79EF8E1
:100AD000AD4688E7B9040300D4AC030090AE030030
:100AE000042303000AAD030081AE03003D4303006D
:100AF000B34D03001EAD030005000001F0B585B045
:100B000005460C460FF05CF90646002842D12869DC
:100B10000FF017FD4CB1012C24D06FF0850428692B
:100B200009F0C8F8204605B0F0BD6E6806F0CAF8B6
:100B30001A4B984228D1B923214601A8CDE9014496
:100B400003948DF80430FFF711FE041EE7DB0A2042
:100B500010F0AFFC06F0ECF8706B01210FF0E2FC36
:100B60000446DCE76F683146786B0FF0DBFC041E4F
:100B7000D5DB2A690A49384606F008F8074B98423F
:100B800005D1FFF76BFEEBE76FF00F04C7E76FF0DF
:100B90000404C4E76FF00F04C4E700BF0000AD0B0E
:100BA000B90403002DE9F3470E46074641681D4688
:100BB00090461AB313B3042B01D9AB071ED116F01C
:100BC00003041BD1002E03DBCA6A731993421BD99D
:100BD0000A20F8F73BFE58B13F4B43613F4B05629B
:100BE000C0E9063605230374002343748374C37479
:100BF0003B4900234FF421520FF041F86FF01504E8
:100C0000204602B0BDE8F08738460FF0A0FC204631
:100C10000FF073FC044630B101200FF06EFC384633
:100C20000FF0B0FCECE7032D1ED8042132460DEB8B
:100C3000010010F0D6FA044601463869FFF75AFE63
:100C4000284B9C4235D12A46414601A810F099FD17
:100C5000042132460DEB010010F0C0FA04460146B3
:100C60003869FFF747FE24E008F06043B3F1005F06
:100C700002D118F0030F2BD0DFF868A0042DA9468D
:100C800028BF4FF004094A46414601A810F079FDFB
:100C90003246494601A810F0A1FA044601463869D7
:100CA000FFF728FE544504D1B5EB0905C8444E446E
:100CB000E4D12046FFF740FD044601200FF01DFC63
:100CC000054638460FF05EFC002C08BF2C4697E71F
:100CD000324629464046BFE733AD0300A8AE0300C5
:100CE000042303000000AD0B2DE9F04F824685B0D0
:100CF0000E461C469046FAB1002B00F0A180002958
:100D0000426803DBD26ACB1893421AD90A20F8F75B
:100D10009DFD58B14B4B43614B4B0462C0E9063615
:100D200005230374002343748374C3744749002369
:100D30004FF421520EF0A3FF6FF0150005B0BDE88F
:100D4000F08F754205F003050FF001FCA54228BFA6
:100D50002546D8F1000303F0030308F0030758BF4A
:100D60005F427F4207F00307A74228BF2746631B65
:100D7000E41B24F0030423F00309A145C8BFA146E6
:100D800003F0030BC8BFA3EB040BB9F1000F19D09C
:100D900008EB0703721949461846019310F021FA2F
:100DA00004460146DAF81000FFF7A4FD284A9442F1
:100DB0003BD1BD4206D0019B4A46194608EB0500CF
:100DC00010F0EDFCBDB1C5F10407F21B042102A82F
:100DD00010F007FA04460146DAF81000FFF78AFD22
:100DE0001B4B9C4221D107F108032A460DEB03015E
:100DF000404610F0C6FCBBF1000F1FD0082172194D
:100E00004A440DEB010010F0ECF904460146DAF813
:100E10001000FFF76FFD0E4B9C4206D109EB050059
:100E20005A4602A9404410F0ACFC50460FF0AAFB11
:100E3000204605B0BDE8F04FFFF77EBC044CF4E758
:100E400018467BE781AD03009AAE0300042303003C
:100E50000000AD0B2DE9F0470C46074641682646D9
:100E6000C4F30B03154622B96FF015042046BDE804
:100E7000F087C2F30B0252EA0308F5D1002C03DB22
:100E8000CA6A6319934216D90A20F8F7DFFC58B1F1
:100E9000594B4361594B0562C0E90634052303747D
:100EA000002343748374C374554900234FF42152C3
:100EB0000EF0E5FED8E70FF04AFB4046D7F8049065
:100EC0000FF01BFB0446002840F08580DFF848A1A6
:100ED000D9F82C309D4221D106F024F8A8460446CA
:100EE00038692146FFF706FD54454CD14644A5EB31
:100EF000080500214FF4A4700AF03EFA0FF0E2FA60
:100F0000041E5BDB14F00104F3D1002DE0D10120BD
:100F10000FF0F3FA002C08BF04465CE0B5F5803F03
:100F200009D3B3B253B93146012005F09DFF4FF408
:100F300080380446D4E7B5F5805F09D3C6F30B00CB
:100F400030B9314605F090FF4FF480580446C7E7AA
:100F50000A20F8F77BFC58B12A4B43612A4B056203
:100F6000C0E9063605230374002343748374C374F5
:100F70002349264C00234FF421520EF080FE2349D2
:100F80003869FFF7B7FC0A20F8F760FC58B1204B2E
:100F900043611D4B0562C0E9063605230374002337
:100FA00043748374C374002315494FF421520EF027
:100FB00066FE2046FFF7C0FB0446A8E70A20F8F7C4
:100FC00045FC60B90E4900234FF421520EF057FE44
:100FD00001200FF092FA38460FF0D4FA46E70D4B95
:100FE0004361094B0562C0E90636052303740023FB
:100FF00043748374C374E5E7CEAD0300C2AE03004F
:10100000042303001CAE0300B7AE03000400AD0BC5
:101010005FAE03003EAE03000000AD0B024B0B6061
:1010200001231360704700BF04540020004870473C
:10103000E02C030038B505460A200C46F8F706FCFC
:1010400058B10A4B43610A4B0462C0E906350523D7
:101050000374002343748374C374064900234FF45C
:1010600021520EF00CFE6FF0150038BDE7AE030004
:101070004DAF03007C22030010B501221146064843
:10108000064C10F08FFA10F022F8206010F01BF8D8
:101090006060002010BD00BF0C54002004540020EC
:1010A0004FF08042D2F81015D2F8103501F01E0131
:1010B00023F01F030B4343F00103C2F81035024B2A
:1010C00000221A70704700BFFF5B00204FF0805372
:1010D000D3F83031082B20D14FF08042D2F81015D0
:1010E000CB071AD5D2F8103501F01E0123F01F03EB
:1010F0000B43C2F81035D2F808315BB1D2F8103585
:1011000023F01F030B4343F00103C2F810356FF0C7
:101110008B007047024B01221A700020704700BFFD
:10112000FF5B00202DE9F0410E4615460FF0CBFF86
:101130002946074630460FF04BFAB04604460028D1
:1011400046D0B6FBF7F307FB136323B9B5FBF7F4FF
:1011500007FB1454C4B10A20F8F778FB58B1254BAB
:101160004361254B0562C0E906360523037400235D
:1011700043748374C374214900234FF421520EF049
:101180007EFD6FF015041DE0AF421BD84FF0FF321B
:101190004FF0FF331A481B4F08F0F0FD0FF093FF9C
:1011A0000646FFF793FF044678B9404604F0BCFEBC
:1011B0003B780BB1FFF774FFAD1BB044F1D1104881
:1011C00008F078FD2046BDE8F0816FF08B04F6E76B
:1011D0000A20F8F73BFB0028CDD00B4B4361064BB0
:1011E0000562C0E906360523037444748474C4742C
:1011F000C1E700BF08AF03006CAF03007C2203000F
:101200000C540020FF5B0020E7AE03002DE9F843FB
:101210000E463046194617461C460FF0D9F90546CA
:10122000C8B90A20F8F712FB50B12C4B43612C4B84
:101230000462C0E906360523037445748574C574D9
:10124000284900234FF421520EF019FD6FF01504C8
:101250002046BDE8F88346EA040515F0030511D0E1
:101260000A20F8F7F3FA0028EAD01F4B43611C4B21
:101270000462C0E9063605230374002343748374B3
:10128000C374DDE7002CE3D01848DFF868904FF016
:10129000FF324FF0FF3308F071FD24F00304A54244
:1012A00005EB060809D1124AD2F80034DB07FBD55A
:1012B00000240E4808F0FEFCCAE7FFF707FF50B90C
:1012C0007959404604F064FE99F800300BB1FFF7FD
:1012D000E7FE0435E3E76FF08B04EAE7E7AE0300CF
:1012E0005CAF03007C2203002BAF03000C540020F2
:1012F00000E00140FF5B002010B5036941B91C49C3
:101300001C483F220EF00DF83F2119480EF000F85E
:10131000486830B91649174840220EF002F84021BB
:10132000F3E75868F8B1884219D19C68086858609A
:10133000A14200D19860002008602AB15A680A6072
:101340009A68596002B99960002010E0814206D184
:101350000868206098688142EDD19C60EBE7044604
:1013600000680028F2D1002AE8D16FF0150010BD06
:10137000A0AF03008E85030070B545682B69064653
:10138000B3B11035284604F05DFC044680B901462F
:10139000284604F023FC0B4B98420FD10A49224601
:1013A000284604F0EBFB224605210620FBF7A8FBAC
:1013B00030460649BDE870400EF036BD6FF00400BF
:1013C00070BD00BF0000AD0BE116020079060300FE
:1013D00008B503685909024613D0012906D103F064
:1013E0001F034FF6FF71D940C80712D40A490B48B2
:1013F00040F2CA320DF095FF074840F2CA310DF0B5
:1014000087FF4FF0FF31D940C907EFD54FF0A0401B
:1014100000E00348136008BD748D03008E8503004F
:1014200000030050F0B54068057B01F01F0444EA5A
:101430004514056987B0002D77D0B2F5001F00F183
:10144000100506D1214628460FF01EFE002007B0E9
:10145000F0BD01AE0027B2F5800F0197776034D15F
:10146000B3F1007F14BF052304238DF8043000235B
:10147000CDE9046303938368CB40D9073AD4B2F132
:10148000A07F37D168460094FFF7A2FF009B03F5C9
:10149000E07350F82330DB072CD46A4621462846F7
:1014A00004F072FB244B98421AD0CDF808D003AA5E
:1014B0002146284604F02AFA204B984238D10122CE
:1014C0002146284604F0D8FBC0E7B3F1C06F05D031
:1014D000B3F1007F14BF01230223C6E70323C4E74F
:1014E0006946284604F0C0FB144B9842DDD06FF0EB
:1014F0000B00ACE76A462146284604F045FB0F4B3B
:1015000098420646D3D19DF80010284604F0A4FB6B
:10151000B042CCD00A490B4840F2E1120DF001FF75
:10152000074840F2E1110DF0F3FE6FF085008EE701
:101530006FF015008BE700BF0400AD0B0000AD0B92
:10154000DCAF03008E8503002DE9F043466840F2CE
:101550000635337BD00687B001F01F0702EA050588
:1015600047EA431754BFC2F340130323B5F5837F03
:1015700014468DF8033044D00FD8062D18D007D864
:10158000B5B1022D3FD06FF0150007B0BDE8F08374
:10159000B5F5807FF7D101250AE040F2022295429D
:1015A00033D0B5F5407F32D0B5F5007FEBD10225C1
:1015B00022032ED5726801238B40C2F808353369A7
:1015C0007BBB03A80397FFF703FF039B00EB83009C
:1015D00084F48033C3F30043C4F34044D0F80027BD
:1015E00044EA43049DF8033022F4E16244EA8304B0
:1015F00022F0070244EA05231343C0F80037002015
:10160000C3E70725D4E70425D2E70525D0E703255E
:10161000CEE7630341BF012372688B40C2F80C35EB
:10162000CDE710360DF102023946304604F0ACFA2F
:1016300014F4403F804616D1394630460FF022FD63
:10164000244B9845DBD19DF80210304604F004FB92
:101650004045D4D020492148DE220DF062FE1E48CC
:10166000DE210DF055FE01AB4FF0000903AA39460B
:101670003046CDE90439CDE90199CDF80C9004F05C
:1016800045F9144B98427FF47EAF14F4003315D023
:101690009DF803308DF80E3084F48034C4F3004498
:1016A0004B4603AA394630468DF80C508DF80D4054
:1016B00004F0E8F9074B9842C2D064E7CDE904335F
:1016C00003AA0DF1030339463046039304F01EF9D3
:1016D000F0E700BF0000AD0BDCAF03008E85030018
:1016E000420970B5034602D0012A1AD070BD124ECD
:1016F000326951680029F9D003F01F0301250C68F5
:101700009D400029F2D08A682A400ED04B6853B918
:101710000A490B4864220DF004FE084864210DF0CC
:10172000F7FD084EE4E7304698471CB12368214690
:101730001C46E6E72346FAE7101A0300A0AF0300B1
:101740008E850300EC19030002780B69012A08D08A
:10175000022A08D04AB9064A1A6203F1100008F0BA
:10176000A9BA044AF8E7044AF6E7044AF4E700BFD6
:101770000000AD0B0100AE0B0200AE0B0100AD0B83
:101780002DE9F04F89B002AF9346BB600369FB605F
:101790004368D3F828A09B8B3B614FF0FF324FF09A
:1017A000FF3305460C460EF09BFFFB6810337B6150
:1017B000002378690022002608F0E0FA33465E45EF
:1017C00001D3002342E0207A010700F1978001361F
:1017D0005E45D4F800E00BD2820709D4227D80EA6E
:1017E000020C0CF0010C02F004025CEA020C08D0BE
:1017F00023B90EF06042B2F1005F41D04FF0000813
:1018000001E04FF001086268396903EB020C8C4576
:1018100026D96C468CB0286802A93A4E4E613A4EE1
:101820000A62C1E906633B690A46C1E9093040F230
:1018300004638B85354B42F8103F002334484FF446
:101840007151F8F7E3F96FF01B03A54628467B6159
:101850000EF049FF7B691C371846BD46BDE8F08F86
:10186000C10706D40AEB030071467B600FF089FFC5
:101870007B6862681A4493B2B8F1000F27D1D3B9DC
:10188000D4F80090A3884FF00008BA68217A00923B
:1018900028464A4600F09CF8031ED7DB4FF44D72F1
:1018A0007869002308F06AFA40B1284600F034F85D
:1018B0006FF00403CAE79846D146E6E7FB68154A8D
:1018C0001B6A9342F4D1237ADB0702D400230C3441
:1018D00075E7CA45FAD123460AE0A8EB0201D868A9
:1018E0007B601FFA81F819FA81F10FF04AFF7B68DB
:1018F0005A689045A3F10C03EFD2E7E76FF0850338
:10190000A4E700BF28B00300F7B003000700000100
:10191000A42203000000AD0B73B5446823680DF1E9
:101920000701D3F80855D3F80C650EF040FA9DF87E
:10193000073013B9204606F00DFF3146284607F060
:101940006BFA9DF80710054629B9606A0EF0CEFEC5
:10195000204606F0DBFE044B9D4214BF6FF00F00E3
:10196000002002B070BD00BF0000AD0B10B511F03B
:101970000104436818D1C1F34201012917D002299B
:101980001CD00820F7F762FF40B10E4B43610E4BAD
:1019900083610323037444748474C4740B49002367
:1019A0004FF4C2520EF06BF96FF0150005E01B68A2
:1019B0004FF0CC72C3F82425002010BD1B684FF0F7
:1019C000C862F7E729B1030011B20300A4220300A3
:1019D000F0B587B0476816460C46122200210DF17B
:1019E00006001D460FF0F5FE0496BE8D029504F02C
:1019F00001038DF80430AE42BDF830308DF805306B
:101A000019D20A20F7F722FF58B1164B4361164B43
:101A10000662C0E90635052303740023437483740A
:101A2000C374124900234FF421520EF028F96FF0CD
:101A30001B0007B0F0BD84F00202C2F34002520165
:101A400001A9384606F00CFF094B984207D00B332A
:101A5000984214BF6FF004006FF00F00E9E7002018
:101A6000E7E700BF3FB10300F6B10300A422030083
:101A70000000AD0BB0B5456800AF2B6A044698472F
:101A8000686A01210EF032FE2346AA6905F10801B9
:101A9000284606F0F9FD114B984219D023686C4690
:101AA0008AB06A460E4951610E49C2E9061340F2F6
:101AB000013313840C4B42F8103F0C4800234FF4C1
:101AC0001151F8F7A3F86FF00400A546BD46B0BD6C
:101AD000074920460EF0A8F9F8E700BF0000AD0B5B
:101AE0008AB10300DCB1030004000001A42203005A
:101AF0003707030013B50DF1070144680EF057F9DD
:101B00009DF8073003F0FD03012B17D00820F7F7ED
:101B10009DFE48B10C4B43610C4B8361032303745E
:101B2000002343748374C374094900234FF4C252E1
:101B30000EF0A5F86FF00F0002B010BD204606F0C1
:101B40004FFE0020F8E700BFAEB10300C0B10300B4
:101B5000A422030008B503685909024613D00129DD
:101B600006D103F01F034FF6FF71D940C80712D406
:101B70000A490B4840F2CA320DF0D3FB074840F245
:101B8000CA310DF0C5FB4FF0FF31D940C907EFD581
:101B90004FF0A04000E00348136008BD748D0300BF
:101BA0008E850300000300502DE9F04FDFF894B15B
:101BB00085B01546824600EB810840F2FF19D045FA
:101BC00003D1002005B0BDE8F08FDAF800305804EA
:101BD000C3F3C321C3F3080400F1AC80584A1B0EC1
:101BE000575C4C4508BF4FF0FF34222B00F2A58014
:101BF000DFE803F012191F22252B22A3A3A3A33B86
:101C000068A3A3A3A3A3A3A3A3A36B818487A3A374
:101C1000A38A9194979A9D00C5F80C45621C5ED1E9
:101C20000AF1040ACBE7C5F81445631CF8D0002676
:101C30005FE0C5F80845F1E7C5F81045F5E7661C13
:101C4000C5F80845ECD0002604E0601CC5F80C453A
:101C5000E6D0012603A80394FFF77CFF039B012134
:101C600001FA03F3C0F80C3508E0C5F80845002F69
:101C7000DBD1631CD4D0002631460627DAF80030C9
:101C8000019303F40040002818BF002103A800912D
:101C900018BF01260394FFF75DFF039C019B009989
:101CA00000EB8400C3F3412CD0F800473B0243EA29
:101CB0008C030B4304EA0B04234343EA4603C0F8B6
:101CC0000037ADE7C5F80C45D1E7C5F86045611CA4
:101CD000DAF80030A4D0C3F30043002BB9D003A836
:101CE0000394FFF737FF039B012606FA03F3C0F8BE
:101CF00008353146C2E7C5F86445E8E7C5F86845E8
:101D0000E5E7C5F86C45E2E7C5F82445621C87D0D5
:101D100000210126B2E7C5F828457FE7C5F8304520
:101D2000F4E7C5F83445F1E7C5F83845EEE7C5F8FE
:101D30003C4573E76FF0150044E76FF0850041E71D
:101D400029B20300F0F8FCFF08B503685909024600
:101D500013D0012906D103F01F034FF6FF71D940BC
:101D6000C80712D40A490B4840F2CA320DF0D9FA1A
:101D7000074840F2CA310DF0CBFA4FF0FF31D9409D
:101D8000C907EFD54FF0A04000E00348136008BD3D
:101D9000748D03008E8503000003005098B504463F
:101DA00000AF002201211C20FAF7AAFE6068236917
:101DB000134A00F1080104F06DFB124B984219D050
:101DC00023686C468AB06A460F4951610F49C2E9DF
:101DD000061340F2013313840D4B42F8103F0D48B7
:101DE00000234FF41151F7F711FF6FF00F00A546D4
:101DF000BD4698BD084920460EF016F8F8E700BF2A
:101E0000790703000000AD0B8AB1030091B2030013
:101E100004000001FC220300A50703002DE9F341A3
:101E2000BDF820C046680469032907460D46904660
:101E30000CF0010C12D90820F7F708FD50B15F4BE8
:101E400043615F4BC0E906350423037400234374E8
:101E50008374C37400234FF4015223E0B27F012A3C
:101E60004FF0010104BF5B084FEA5808A940002B5E
:101E70007AD098457BD9226890452CD02079884328
:101E800018D00820F7F7E2FC48B14E4B43614E4BA7
:101E9000836103230374002343748374C374002396
:101EA0004FF4C25249490DF0EAFE6FF0150002B03E
:101EB000BDE8F0814246B2F5004F45D2C4F800803B
:101EC0006071D6F800E096F81E80CEF80C05CEF8CA
:101ED0000485CEF80825627923FA02F292B24FF017
:101EE000010E78688CF00108806A42EAC83220F856
:101EF00015205FFA81F8BEF1000F47D1326805F571
:101F0000AC7552F82520002A0FDBBCF1000F51D030
:101F1000B3FA83F35B097BBB01A80192FFF714FFBF
:101F2000019A01239340C0F80C35217921EA080178
:101F3000217181B3A379ABBB1023012206F12801E3
:101F4000304604F0CDFA2BE0013008284FEA520267
:101F5000B1D1F7F77BFC00283FF47CAF1C4B436109
:101F6000194BC0E906386FE79E461A46B9E74FF0AD
:101F7000000E47F6FF72B4E701A80192FFF7E4FEF6
:101F8000019A01239340C0F80835CEE7237948EA47
:101F900003032371CEE7786804F004FB0123A371E7
:101FA000002084E70023A371304604F031FB0028B1
:101FB000FAD0C1E7003B18BF0123ACE731B2030000
:101FC000B8B203004AB203009FB20300FC22030030
:101FD00063B2030008B5064801224FF4805103F0B4
:101FE00067F904480122042103F062F9002008BDCA
:101FF00000F003207C7F0020014B01221A60704713
:1020000000C000400C2903690BD15B6A06490748F0
:102010004B4393FBF0F100FB113311605360002040
:1020200070476FF08500704790D0030040420F006A
:10203000044B00690022C3F80021D3F8003107F0F7
:1020400039BE00BF00C000407FB50569AB6A002BF8
:1020500040D0402901D00C293FD105F110064FF0A6
:10206000FF324FF0FF33304607F090FB1C4B0193DB
:1020700000240323A86A039469460293F6F70EFC32
:10208000A04208DA174918483D220DF04AF93D21CF
:1020900014480DF03DF94FF0FF324FF0FF33284662
:1020A00007F06CFEA86AF6F77DFC002806DA0D49F9
:1020B0000D4842220DF035F94221E9E70B4BD3F8E8
:1020C00008256A6201225A60304607F015FC204656
:1020D00004B070BD6FF00A00FAE76FF08500F7E713
:1020E000F91F020046B303008E85030000C00040C4
:1020F00010B504690020FEF713F8A06240B910493A
:10210000104877220DF00DF90D4877210DF000F9F8
:102110004FF0FF32002120460FF044FA04F1100086
:102120000FF022FA002201210C20FAF7E9FC0C2022
:10213000FAF7B6FC044B0122C3F80423002010BDBB
:1021400046B303008E85030000C0004010B503466F
:102150000A46006819790469012303FA01F143680A
:102160001B6819420AD10C490C4840F28D620DF0EF
:10217000D8F8094840F28D610DF0CAF82368194279
:1021800018BF82F0010222B18368DB68BDE810400D
:10219000184783681B69F9E75D8503008E85030096
:1021A000F7B515464668036942B9304930484322BD
:1021B0000DF0B7F82D4843210DF0AAF81F2952D190
:1021C000B27A1B8C12F02001727918BF1BB22AB3AD
:1021D000F279377C042A09BF3268F2899268128941
:1021E00009B1013FFFB25A43B079019201A9FDF74D
:1021F0003BFB0446A0B9019941FA07F077693FBB60
:102200004FF47A7303FB00F190FBF3F2194B2A6051
:1022100091FBF3F203FB1211696016E06FF0850485
:102220000820F7F713FB50B1134B4361134BC0E980
:10223000063404230374002343748374C374104965
:1022400000234FF401520DF01AFD204603B0F0BDFB
:102250004FEAE07CA0FB0701B269234607FB0C11A3
:10226000DEF77AFDCCE76FF08504EEE798B3030064
:102270008E85030040420F00D4B30300F4B4030082
:10228000BC23030070B51F294668056901D04029A9
:102290002ED1D5E9060109F06FF830460EF071FB3A
:1022A0000446B0B10820F7F7D1FA50B1124B4361A0
:1022B000124BC0E90634042303740023437483746F
:1022C000C3740F4900234FF401520DF0D8FC20468F
:1022D00070BD3068836829465B68984704460028CB
:1022E000F5D00820F7F7B2FA0028EAD0054BDEE770
:1022F0006FF08504EBE700BFE6B30300EEB4030024
:10230000BC230300FFB30300F8B5056946686FF00E
:1023100001024FF0FF33C5E90623074630680FF08E
:10232000CCF80446B0B90820F7F790FA40B1354B25
:102330004361354B83610323037444748474C47410
:10234000324900234FF4C2520DF099FC6FF0120491
:102350002046F8BDF06950B10FF0AFF8044630B92F
:102360000820F7F773FA0028EAD0294BE0E7304657
:102370000EF007FB0446A8B10820F7F767FA50B142
:10238000244B4361204BC0E906340423037400232B
:1023900043748374C3741D4900234FF401520DF03C
:1023A0006EFCD5E7747964B90820F7F74FFAD8B90D
:1023B000164900234FF401520DF061FC6FF08504C3
:1023C000C6E732791449012393406B60337C2B7448
:1023D000737C6B7405F12003AB600223EB6038461D
:1023E000BDE8F8400DF020BD0C4B4361064B836106
:1023F0006FF08503C3610423037444748474C4744C
:10240000D6E700BF10B40300D7B40300BC23030019
:1024100025B4030041B40300212402004FB403009B
:102420002DE9F84F46680769F06930B1032900F2D9
:10243000C880DFE801F0B65F020600242046BDE850
:10244000F88F96F82010738C03F03002302AD0E910
:10245000014706690AD15C495C4840F2E2320CF05F
:1024600060FF40F2E23158480CF052FF03F00602E0
:10247000042A08D15449554840F2E9320CF051FF82
:1024800040F2E931EFE724680125DA0705FA01F5A2
:1024900054BF43F4B01383F4D013254223F48012C5
:1024A00008D1494949484FF47F720CF03AFF4FF484
:1024B0007F71D8E73468DB074CBF2C43AC433460F2
:1024C0003B68984704460028B7D00820F7F7BEF9C4
:1024D00048B13F4B43613F4B8361032303740023A7
:1024E00043748374C3743C4900234FF4C2520DF00B
:1024F000C6FBA3E7012106F11C00FFF727FE0446F7
:1025000098B10820F7F7A2F948B1344B4361314B39
:10251000836103230374002343748374C3742E49BB
:1025200000234FF4C2520DF0AAFB0FF0DEF8DFF8E3
:10253000B8A02B4A80464FF00009706A0D464FF450
:10254000004BD4464946E0FB0BC100236046DEF752
:1025500053FC10EB080045EB0105012875F100055F
:102560001ADB0FF0C2F88046706A1D4A0D464946D4
:10257000E0FB0BA100235046DEF73EFC6FF00103A9
:1025800010EB080045EB01014FF0FF321B1A62EB24
:102590000101C7E9063151E76FF001034FF0FF3148
:1025A000F7E7002106F11C00FFF7D0FD04460028E4
:1025B0003FF443AF0820F7F749F9002893D0094BBF
:1025C00088E76FF0850439E75D8503008E85030099
:1025D00065B40300E4B40300BC2303008CB403001F
:1025E00040420F00B1B403003F420F002DE9F0411B
:1025F000044647680D460FF003F84FF0400888B9CD
:102600001F4B1B7873B1642660680EF085FAF0B931
:1026100001200EF081FC013EF6D10021212008F0BE
:10262000ABFEF0E7EFF311810E4688F31288BFF39B
:102630006F8F60680EF070FAA8B981F31188BFF34C
:102640006F8FEFE781F31188BFF36F8FE5E7EFF34B
:1026500011810E4688F31288BFF36F8F60680EF009
:102660005BFA0028EED0BB691D70B96901222046D3
:102670000EF036FA86F31188BFF36F8FBDE8F08154
:10268000D8620020F8B50022054601210220FAF7A1
:1026900037FA0220FAF704FA6C680121E0680EF0BC
:1026A000CCFA6B681A682369C2F82435617D237DF2
:1026B0000B43A17D0B43C2F86C356E68D6E900432D
:1026C00013F0010342D02F6907F10C000EF03BFC20
:1026D0002B4B984216D00820F7F7B8F848B1294B91
:1026E0004361294B83610323037400234374837480
:1026F000C374264900234FF4C2520DF0C0FA6FF0A4
:102700000400F8BD387B04F10C0204F590710EF062
:1027100010FC387B012707FA00F002F0CFFD0823F8
:10272000C4F80035B369C4F844350023C4F848350B
:10273000A760D4F85831002BFBD00023C4F8003533
:1027400028461349BDE8F8400DF06EBB0822C4F8D6
:102750000025B269C4F84425C4F848350123A360B4
:10276000D4F82031002BFBD00023C4F82031D4F85A
:1027700020310123E3604FF48073C4F80433D8E7B9
:102780000000AD0B10B5030033B503008423030034
:10279000590C030008B503685909024613D00129F2
:1027A00006D103F01F034FF6FF71D940C80712D4BA
:1027B0000A490B4840F2CA320CF0B3FD074840F218
:1027C000CA310CF0A5FD4FF0FF31D940C907EFD554
:1027D0004FF0A04000E00348136008BD748D030073
:1027E0008E8503000003005010B5012303FA01F1A8
:1027F000436804691B6819420AD10C490C4840F22D
:102800008D620CF08EFD094840F28D610CF080FD68
:102810002368194218BF82F0010222B18368DB6885
:10282000BDE81040184783681B69F9E75D85030020
:102830008E8503002DE9F84F4568D0F8108000AF71
:1028400006460021E86B0EF0C4FA041E20DB296C5A
:10285000481C38D005F1440000F02AFC10F1130F99
:10286000044619D10820F6F7F1FF48B1564B4361F1
:10287000564B836103230374002343748374C3742E
:10288000534900234FF4C2520DF0F9F96FF01204CE
:102890002046BD46BDE8F88F411D14D10820F6F74B
:1028A000D5FF48B14B4B4361484B8361032303740D
:1028B000002343748374C374454900234FF4C25208
:1028C0000DF0DDF9E4E76B6B9847D8F808504FF04E
:1028D0000109D8E9023203EBC2039D4208D3404606
:1028E0000EF0C3FA3C4930460DF09EFA0446CFE79D
:1028F00028680EF0E2FD0346C0B92A6829791068FD
:102900006C468AB06A46354D55611162344D40F2CD
:10291000013191843349C2E9065042F8101F2C4816
:102920004FF43151F7F772F9A546AFE728682979D6
:10293000EB8803F03002302AD0E901BAD0F810E079
:102940000AD12949294840F2E2320CF0EAFC40F26F
:10295000E23125480CF0DCFC03F00602042A08D121
:102960002149224840F2E9320CF0DBFC40F2E93127
:10297000EFE7DA0754BF43F4B01483F4D014DBF864
:10298000003009FA01FC1CEA030F24F4801208D17C
:10299000154916484FF47F720CF0C3FC4FF47F7159
:1029A000D7E7DEF80030E4074CBF43EA0C0323EA24
:1029B0000C03CEF80030DAF800309847041EFFF61A
:1029C00067AF083585E700BF67B503006CB7030044
:1029D0005C23030096B50300F10D0300B7B50300B7
:1029E0004FB70300050000015D8503008E850300DD
:1029F0002DE9FF410569D0F80480AA6C2B6D0646CD
:102A0000002A35D1002B53D0B8F83840686CEF6CF1
:102A10009C4228BF1C46EB6C53B12A6D42B107F0B3
:102A20006042B2F1005F03D0082C6F6E28BF08240B
:102A30006A6CAC651AB1AA6C002A18BF22460192D2
:102A40001BB12B6D002B18BF234600900022694656
:102A500040460393029705F0D9FA184B984229D0C3
:102A60006FF00401304604B0BDE8F0410EF01FBA2B
:102A7000696CEF6CB8F838400846ABB1934228BF98
:102A800013469C4228BF1C460029C4D001F0604375
:102A9000B3F1005FBFD0082C28BF0824286E22465F
:102AA0000EF06FFE286EB6E7944228BF1446EBE79F
:102AB0001946D7E704B0BDE8F08100BF0000AD0BB8
:102AC00010B502780346002A7DD10C69A26D32B997
:102AD000606D6FF07301BDE810400EF0E8B9E06C76
:102AE00040B1216D31B1DB6823B1834202D0616E08
:102AF0000EF047FEA36CA26DABB19A4231D908200B
:102B0000F6F7A4FE48B1304B4361304B8361032399
:102B10000374002343748374C3742D4900234FF45A
:102B2000C2520DF0ACF8236DA26DABB19A4231D90F
:102B30000820F6F78BFE48B1234B4361254B836198
:102B400003230374002343748374C3742049002354
:102B50004FF4C2520DF093F8606DBDE81040FFF7DE
:102B600047BF9B1AA3647BB9636B08336363A36B92
:102B7000013BA36304F1480204F1380104F134007D
:102B80000EF014F96064CEE7636C002BCBD01344D5
:102B90006364C8E79B1A23657BB9E36B0833E3637F
:102BA000236C013B236404F1500204F1400104F161
:102BB0003C000EF0FBF8E064CEE7E36C002BCBD0DA
:102BC0001344E364C8E710BDDFB50300B0B70300EA
:102BD0005C2303009AB703002DE9F04F91B000AFDA
:102BE000C7E9023243687B608B8804698046980499
:102BF000894642D44FF0FF324FF0FF3304F110000A
:102C000007F0BCF8C4F80490D8F804B0D8F810A0C5
:102C1000DBF808303B609AF85D3023B1DAF8003019
:102C2000994500F04A81B9F804C01CF400632BD028
:102C30000820F6F70BFE48B1834B4361834B836159
:102C400003230374002343748374C37480490023F3
:102C50004FF4C2520DF013F86FF0850523689B887E
:102C600013F4005304D1636004F1100007F022F85C
:102C700028464437BD46BDE8F08FA369002BB9D183
:102C800063689942B6D1BFE71CF0010618D06D46C3
:102C90008AB0D8F800106A466E4850616B48C2E9A5
:102CA000060140F2013111846B4942F8101F684857
:102CB0004FF41151F6F7AAFFAD466FF01505CDE7B9
:102CC0001CF0080513D00820F6F7C0FD40B1634B97
:102CD00043615E4B83610323037446748674C67438
:102CE0005B4900234FF4C2520CF0C9FFE5E7CCF377
:102CF000451008280ED00820F6F7A8FD0028EFD0D0
:102D0000574B4361514B83610323037445748574AE
:102D1000C574E5E7D9F800E0524B9E4505D8F6F7B3
:102D200095FD0028DCD0504BEBE70BF10C060FCEE5
:102D300007F118050FC50FCE0FC53B68734528BFB7
:102D400073469E4696E80300484B9E4585E803007F
:102D500017D2474B9E4514D2464B9E4511D2464B47
:102D60009E455DD8454B9E455CD8454B9E455BD8FE
:102D7000444B9E455AD84449444B454A8E4588BFEA
:102D800013461CF0020FFB620CF0040350D0002B22
:102D900014BF0323022387F83030CCF3001387F8E5
:102DA0003130DBF80030D3F80835591C0CD01CF05A
:102DB000020F7B6107F114003ED1FFF7EBFC7A694B
:102DC00001239340C0F80C359AF85D302BB158467A
:102DD00005F0BCF800238AF85D3043462D4A07F120
:102DE0001801584605F074F82B4B984205465FD001
:102DF0000820F6F72BFD50B1284B4361134BC0E977
:102E0000063504230374002343748374C374104988
:102E100000234FF401520CF032FF6FF004051DE760
:102E20001F4BAEE71F4BACE71F4BAAE71F4BA8E7B2
:102E3000003B18BF0123AEE7FFF7ACFC7A69012322
:102E40009340C0F80835BFE701B60300C6B70300DA
:102E50005C2303001FB603000400000145B6030015
:102E600068B6030047E801009BB603000048E8018C
:102E70000024F40000127A00FF083D007F841E0049
:102E80003F420F001FA107008FD0030048E8010058
:102E900090D00300C12A02000000AD0BD0B60300A1
:102EA00000093D0080841E0040420F0020A1070061
:102EB00001238AF85D30CAF80090012384F85C3061
:102EC0007B68196C4A1C17D003F1440000F020F90C
:102ED000743011D10620F6F7B9FC38B15B4B436171
:102EE00002230374002343748374C374584900237A
:102EF0004FF484520CF0C3FEFB68002B7AD163635D
:102F00000023A36304F1480204F1380104F1340002
:102F10000DF04CFFBB686064002B73D1E3630023AA
:102F2000236404F1500204F1400104F13C000DF06F
:102F30003DFF00252A46E0640121204625630DF06F
:102F400073FF4046FFF754FDA06B2A462B46834291
:102F500060D10023256C1946A94262D19A422646C7
:102F600038BF1A464FF4FA5303FB02F556F8203BDC
:102F70004FF000091B68B5FBF3F54FF4004CC83562
:102F8000494640F2E7304FF47A720023E5FB0C012A
:102F9000DDF732FF02460B46304606F0EFFE0246F2
:102FA000002845D00820F6F751FC58B1294B436161
:102FB000294B83610323037480F8119080F81290E9
:102FC00080F81390224900234FF4C2520CF057FEB0
:102FD00000257868A56504F0B9FF84F85D506FF0AE
:102FE000730140460DF063FF304606F027FF6FF097
:102FF000730533E6FB681B686363002B80D0FB68B6
:103000005B687EE7BB681B68E363002B87D0BB6807
:103010005B6885E7616B01EBC301013349680A44D2
:1030200095E7E06B00EBC10001314068034493E792
:10303000256B15F1740FCBD0002D3FF40FAE014678
:10304000D8F810000DF0F0FE08E600BFFBB6030054
:103050005C23030025B703007AB7030008B50368B3
:103060005909024613D0012906D103F01F034FF678
:10307000FF71D940C80712D40A490B4840F2CA323E
:103080000CF04FF9074840F2CA310CF041F94FF00B
:10309000FF31D940C907EFD54FF0A04000E0034809
:1030A000136008BD748D03008E850300000300507B
:1030B000F0B587B001238DF8023002238DF804307B
:1030C0006B4403930F4601AB0DF1030100240493FD
:1030D00005460291059402F0C7FD0C4B9842064646
:1030E0000FD103AA3946284602F010FCB0420BD09B
:1030F0009DF80310284602F0AFFD6FF0040007B002
:10310000F0BD6FF01200FAE72046F8E70000AD0BC3
:10311000F7B50C4605460DF0B9FF002221460646DC
:10312000284602F0A9FD01A80194FFF797FF019B33
:1031300000EB8302164BD2F800170B4043F00C0350
:10314000C2F800370DF0C4FE07462B689B59B3B197
:103150000026214628460DF097FF01A80194FFF7AD
:103160007DFF019B00EB8300094BD0F80027134043
:1031700043F00403C0F80037304603B0F0BD0DF053
:10318000A7FEC01B0628E0D96FF07306E1E700BF79
:10319000F0F8FCFF70B40E49D1E90034D01AC3181E
:1031A00044F1000422F07F46C1E90034A6F5001383
:1031B000B3F5400F09D2074B1B681A0A1B069C196E
:1031C000054B42F10005C3E9004570BC08F0A8BDFD
:1031D000C02F0020E4540020C82F00200D4B186899
:1031E000010A0006BFF35F8F0B4BD3F804351818A4
:1031F00041F10001B3F5801F0AD2084BD3E9002347
:10320000904271EB030303D210F1807041F1000191
:10321000704700BFE454002000100140C82F002078
:103220002DE9F7432B4CD4F8043399070BD5D4F888
:10323000043143B1284A0023C4F80431D4F80431DE
:10324000136801331360D4F80433DA0323D5BFF3D2
:103250005B8F224B53E8002F22F0010143E800105E
:103260000028F7D1BFF35B8FD30702D4D4F84031E5
:103270008BB10025C4F84051D4F84031FFF7AEFFC0
:10328000EFF3108272B6164BD3E90267B042B94130
:1032900004D282F3108803B0BDE8F0834FF0FF380A
:1032A0004FF0FF39C3E90289D3E900101D604FF4E4
:1032B0008033C4F84833C4F84051D4F8403182F325
:1032C00010880029E7D0009032463B4628468847C0
:1032D000E1E700BF00100140E4540020DC5400206E
:1032E000B02F00202DE9F84F4B4DBFF35B8F064602
:1032F0000F4655E8008F28F0010345E80032002A08
:10330000F7D1BFF35B8F454C4FF48039C4F8089375
:10331000BFF35F8FBFF36F8FFFF760FFB04271EBBA
:10332000070308F0010840D23D4B301A67EB01015A
:10333000984271F100014CD23A4BD3E902239F42EB
:1033400008BF96423ED04FF0000CC4F84893C4F832
:1033500040C126F07F40D4F84031DFF8D8A0834642
:1033600003216FF0020E2BF07F43C4F84035C4F800
:103370004493D4F80425AEEB02035B4423F07F436F
:1033800053451FD9D4F840315BB1D4F80425131A42
:1033900023F07F43B3F5000F14D9C4F840C1D4F82B
:1033A000403101EB020B0131DDE71F4BBFF35B8FB7
:1033B00053E8001F41F0010143E80012002AF7D151
:1033C000BFF35B8F174B194A1A60C3E902670022EB
:1033D0005A60B8F1000F1CD0BFF35B8F55E8003F77
:1033E00043F0010345E80032002AF7D1BFF35B8FB9
:1033F0004FF48033C4F804330B4BBFF35B8F1B686F
:10340000BFF35B8FDB0742BF094B4FF40032C3F8B9
:103410000021BDE8F88F00BFE054002000100140FB
:1034200001008000B02F0020DC5400209531020004
:1034300000E100E0FDFF7F0070B5194C194BC4F8A6
:103440000833C4F84833184B00254FF0FF304FF0D5
:10345000FF31C4F80855C3E902014FF48033C4F8C2
:103460000433124B02264FF40032C4F804630121E6
:10347000C3F8802111202A46F9F742FB1120F9F701
:103480000FFB01230A4AA36000212360094813604F
:10349000FFF728FF3046FCF74BFE284670BD00BF03
:1034A0000010014003000F00B02F002000E100E0F9
:1034B000E0540020FFFF7F00431C10B50F4C05D0E7
:1034C0008442A8BF0446012CB8BF0124FFF786FE42
:1034D0000B4AD2E90031C01AB0F5000F074A0AD2F0
:1034E0002044904228BF1046C018BDE8104041F16A
:1034F0000001FFF7F7BE1046F6E700BFFFFF7F00B1
:10350000C02F002008B5FFF769FE024B1B68C01AE8
:1035100008BD00BFC02F002010B5084C0123636018
:103520001120F9F7CBFA064BC4F80833C4F8483336
:10353000044B4FF40032C3F8802110BD001001404D
:1035400003000F0000E100E008B5F6F70BFA0820D1
:10355000F6F77CF948B1094B4361094B83610323BA
:103560000374002343748374C374064900234FF427
:10357000C2520CF084FB0020F9F738FEEBB70300D1
:1035800000B803006C2203000B4B0C4A1B7AC2F8F4
:103590001035042B0DD8DFE803F008030C080300F6
:1035A000074BA0221A6001207047054B4FF496721A
:1035B000F8E70020704700BFE055002000100040F1
:1035C000F0540020044A0023C2E908339362034AFE
:1035D000C2E9083393627047AC5500208055002043
:1035E000054B1B68D3F80423920342BF0022C3F8A3
:1035F0004421D3F844317047540B002008B5084BE0
:103600001B6801221A61DCF799FDDCF791FD01F0DE
:103610001FF80320DCF798FDBDE80840DCF776BD15
:10362000540B002038B500280E490F480F4D40F2CA
:10363000044408BF4FF48064DCF76EFD38B9DCF752
:103640005FFD00F0E9FF2B68C3F8004238BD084B6E
:10365000DB7C002B2B680CBF81222822C3F8482575
:10366000F1E700BF0C0B0020182F0300540B0020C3
:10367000E0550020EFF31181402383F31288BFF35C
:103680006F8F074A936A013B9362536A0133082B99
:1036900028BF0023536281F31188BFF36F8F7047F7
:1036A000AC5500202DE9F843224BDFF898801A78BA
:1036B000012A81460F4630D198F80030C3F3050245
:1036C00003F03F03202B33D81B4B196A53F82130EA
:1036D0001A70194D19492C6A55F824603046013486
:1036E00010F8052B0EF04DF8154B86F80190D3F825
:1036F0004835377103F07F03B37098F80130DB432E
:1037000003F00103F370AB6A082C28BF00240133D7
:103710002C62AB620120BDE8F883074A116A52F8B7
:103720002120597809B91170D3E75B7C1370D0E779
:103730000020F0E7E0550020805500208B6200203B
:1037400000100040896200201FB5174B93F90A0052
:103750001B7A013BDBB2032B9CBF144AD25C144B97
:10376000DB7C4FF0000188BF0522009103F5166352
:1037700003A9DCF7F5FC9DF80D00DCF7EBFC50B17C
:103780000C490D4840F281320BF0CBFD094840F264
:1037900081310BF0BDFD9DF80C20084BC3F80C25C2
:1037A00005B05DF804FB00BFE0550020EFB8030052
:1037B0003C0B002026B803008E850300001000405B
:1037C000837842781B0443EA022302781343C278C9
:1037D00043EA0253027943EA8253427943EA02639D
:1037E000827943EA8263C27943EA4273094AC2F8A2
:1037F0001435837A417A1B0443EA0123017A0B438F
:10380000C17A43EA0163017B43EA4163C2F8183598
:10381000704700BF001000401FB504460D22002174
:1038200068460DF0D6FF0A4B00930A4B5B7CE0B272
:10383000013B8DF808008DF809008DF80A306846C4
:1038400001238DF80B30FFF7BBFF04B010BD00BFA4
:10385000000101003C0B00201FB50023CDF809300A
:10386000CDF80130CDF8053003238DF80230062362
:103870008DF800300C4B5B7C013B8DF80A30202327
:103880008DF80830094B1B7A012293428DF80B20EA
:1038900007D18DF805206846FFF792FF05B05DF867
:1038A00004FB042BF5D0F6E73C0B0020E05500208C
:1038B000F8B5634B634F644D3C78644E01221A6047
:1038C000634B5A6A53F8221029600CB3012C42D082
:1038D00001242B685F4D5A78C5F82C255B785E4A29
:1038E000012707FA03F3DBB2C5F83035D37C40F685
:1038F000C41103F516638B426BD9584958484FF4ED
:10390000E6620BF00EFD55484FF4E6610BF000FD4A
:10391000544B348008781B689847296833780A79B3
:10392000304662F3010300F8023B11F8052B0DF05D
:1039300028FF484B40F21B12C3F800221022C3F8A4
:103940000423494BFA891A60484B494A1A60494B8B
:1039500002221A70BCE7CA780023338012B1BC7C03
:1039600084F001040B7991F800C030785B0003F01B
:103970000603002A08BF43F00103727822F0070211
:1039800013436CF305003070737011F8052B3A483F
:103990000DF0F7FE2F4B3549364A74B140F21B103B
:1039A000C3F800023048FC890460314808600221F5
:1039B00011701022C3F804238AE740F21310C3F8F1
:1039C00000022E480860012111701022C3F8042360
:1039D0007FE7A3F51663C5F8083502F11403BFF3BA
:1039E0005B8F53E8001F21F0010143E80012002A19
:1039F000F7D1BFF35B8FFFF7A7FE214BC5F8046536
:103A00000222C3F880213846F9F74AF80020C5F8A9
:103A10000401D5F80431C5F80801D5F80831C5F816
:103A20001001D5F81031C5F80C012146D5F80C313C
:103A300000F024FE2046FFF7F5FD124B9F61F8BD14
:103A4000F4540020E0550020D8550020AB6200203F
:103A5000AC550020001000403C0B002047B803008C
:103A60008E850300E8540020F8540020EC54002018
:103A7000F53C0200CD620020AD620020553C020002
:103A800000E100E000400140684620F007018D465B
:103A900019B5144BD3F80423D2060BD5D3F8102153
:103AA00042B10022C3F81021D3F810310E4B1B682D
:103AB00003B198470B4CD4F804331B070BD5D4F84B
:103AC0000C3143B1084B1B6803B198470023C4F87D
:103AD0000C31D4F80C31F8F795FABDE81940854659
:103AE000704700BF00100040EC540020684620F0F2
:103AF00007018D4631B5194B82B01B680193EFF376
:103B00001181402383F31288BFF36F8F144B00227F
:103B10001D681A6081F31188BFF36F8F114C236801
:103B2000ABB1E90703D58DF8002068469847AA078E
:103B300005D501238DF800306846236898476B0748
:103B400005D502238DF80030684623689847F8F7BA
:103B500059FA02B0BDE8314085467047F454002060
:103B6000FC540020DC5500200146C80708B506D5E6
:103B700031480DF0B1F9314B00BAC3F81C058A0782
:103B800006D52F480DF0A8F92C4B00BAC3F8200534
:103B90004B070AD52B4829490DF09EF9C1F8240599
:103BA00029480DF099F9C1F828054FF08053D3F852
:103BB0003021082A3ED1D3F83431052B3AD8234A94
:103BC000D35CBBB31C4B224A5B7C052B1B4BD3F84D
:103BD0001C15D3F8200518BF4FF07F424140114219
:103BE00028D1D3F82415D3F82825C1F30720CBB268
:103BF000834214D0C1F30740834210D0B3EB116F5E
:103C00000DD0D1B28B420AD0C2F307218B4206D02D
:103C1000C2F307418B4202D0B3EB126F0AD1074ABD
:103C2000D2F8743723F0807323F0010343F08073DC
:103C3000C2F8743708BD00BF3C0B002000100040E4
:103C4000400B0020440B0020480B0020F3B8030079
:103C50000000FFFF10B5DCF76BFA154B154C1B6825
:103C600001221A6100F0F4FCDCF750FA002108464A
:103C700000F070FD104A1148136843F0010313600F
:103C8000A36A3BB90E4B00221A704FF48013C0F8A0
:103C9000003110BDFFF7EEFCA36A002BF2D04FF409
:103CA0008013C0F80031BDE81040FFF701BE00BF2F
:103CB000540B0020AC550020FC54002000E100E033
:103CC000CD62002008B5DCF733FA07490748DCF776
:103CD00029FA074B1A68D2F8003223F4806323F0E4
:103CE0000403C2F8003208BD0C0B0020302F030083
:103CF000540B0020F8B501210020244C244D254E02
:103D000000F028FD00F0A4FCFFF7DCFF40F21313E5
:103D1000C4F800322B680127DF601F4B1A680023AC
:103D20000D321946284604F0CDFBF37CB189002BF7
:103D30000CBF8122282228468A1A0023394604F023
:103D4000C1FB2B6840F202220025C3F80022C3F811
:103D50004051D3F84021C3F84451D3F8443100F026
:103D6000B7FD00F08FFDC4F80C513078D4F80C3159
:103D700010B90A4B1B689847094BC4F80435094B26
:103D8000094A1A60094B03221A70F8BD001000405E
:103D9000540B0020E0550020F0540020E85400208F
:103DA00089620020EC540020153E0200CD62002004
:103DB00038B50A4C0A4D2368D3F844358133EB609B
:103DC00000F02AFC07492846DCF7A6F920B9236849
:103DD00040F20442C3F8002238BD00BF540B00205B
:103DE000240B00200C0B002008B500F031FCDCF7A0
:103DF0009FF90320DCF7A8F9054B1A68D2F80032C6
:103E000023F4806323F00403C2F8003208BD00BF2E
:103E1000540B002070B500F08DFDDCF78FF9DCF756
:103E200075F94E4B4E4AD3F80C11002943D0D3F804
:103E30000034D9073FD54B4C4B4D23684B4E43F0D4
:103E4000010323601268EB899B1A494A013313600E
:103E5000B36A0BB1FFF70EFC2B78B3B1454B1A7860
:103E6000920612D05978444B3C4A9B6AD2F82C05F2
:103E7000072BC1F3410108D800F00700FFF712FC3F
:103E800018B1236843F004032360B26A3B4B12B1BC
:103E90002A7C012A07D13A4A002111704FF480127E
:103EA000C3F8002170BD4FF48012C3F80021BDE8B3
:103EB0007040FFF7FDBC1368314E324D591E116042
:103EC0007BB92A6801211161274AD2890A4428490D
:103ED0000A6024490A6842F002020A603370274BE4
:103EE000DCE71E4C0023C4F80031D4F8003140F266
:103EF0001B13C4F80032244B1A68244B10781B683B
:103F00009847234BC4F80435224B234A1A600223F6
:103F10003370FFF719FCFFF74BFF00F079FC2B68BB
:103F2000D3F84421BAB1D4F85035DBB2092BB9D05B
:103F3000D4F80041002CB5D1FFF756FF00F0A2FCE9
:103F40000121204600F09AFB0120FFF76BFB134B89
:103F500001229A61A6E701221A60A3E7001000403F
:103F6000F8540020FC540020E0550020AC550020FF
:103F7000F4540020896200208055002000E100E018
:103F8000CD620020540B0020D8550020E8540020BA
:103F9000AB620020EC540020F53C020000400140E0
:103FA00038B5214B214C002501201D60F8F786FD16
:103FB0001420F8F783FD0A20F8F780FDD4F80032CA
:103FC000C4F800524FF0FF33C4F80833C4F810515E
:103FD000D4F8103101232361D4F81031002BFBD029
:103FE0000025C4F81051D4F8103100F037FDFFF768
:103FF00005FB0F4804F036FA00F05AFDD4F85036AD
:104000000C4823F00103C4F850360B4B1D700B4BCA
:1040100029461D70FFF7D6FA20220DF0DAFB084B77
:104020001D605D6038BD00BFEC54002000100040F2
:10403000540B0020BA590020CD620020CE6200202F
:10404000816200202DE9FF410446002800F007812D
:10405000844F3B780BB1FFF7A3FF834B62681A6074
:10406000824A234604F110059046186859681446A0
:1040700003C40833AB422246F7D1186820607C4B5A
:104080007C480024202221461C600DF0A2FB7A4BC4
:104090007A491C605C60FFF777FA98F8003083B1CA
:1040A000012B01D1764B0B6098F80920754B012A42
:1040B00074D0022A07D07AB9C3F83C25C3F8342556
:1040C00008E0714BEFE74FF6FF70C3F83C05C3F80B
:1040D00034256E4AC3F838250B6898F811009847C4
:1040E000684B6B484FF0E732C3F81C254FF0433262
:1040F000C3F82025674AC3F82425674AC3F8282552
:10410000FFF760FA654A002311460133082B40F897
:10411000041B01F12501F8D16149624800230133F4
:10412000082B40F8041B01F12501F8D100265E4B55
:1041300035460136082E1A601D719D6002F1250278
:1041400003F10C03F5D12022002158480DF041FB6A
:10415000574B584A5848019301A9CDE9025504F03C
:1041600015F9564B9842044620D100F009FC04464C
:10417000002849D03046F5F769FB40B1504B436108
:10418000504B83610323037445748574C5744E4991
:1041900000234FF4C2520BF072FD31E0FF20C3F850
:1041A0003C05C3F8342540F2071293E73046F5F793
:1041B0004DFB48B1454B4361454B4574C0E906345E
:1041C000042303748574C5743F4900234FF40152DE
:1041D0000BF055FD0820F5F739FB48B13D4B436125
:1041E000384B836103230374002343748374C374C3
:1041F000354900234FF4C2520BF041FD6FF00D041E
:10420000204604B0BDE8F08100F024FC324B1D498B
:104210005860D1F8502698F8133022F00102134369
:10422000C1F85036012108462246F8F769FC2246BB
:1042300002211420F8F764FC224602210A20F8F734
:104240005FFC0120F8F72CFC1420F8F729FC0A2069
:10425000F8F726FC214B1C7001233B70D0E76FF070
:104260001504CDE7CE620020DC550020E05500208B
:10427000FC540020BA59002081620020E85400203C
:1042800059380200001000401938020021100100C6
:10429000AC550020E743C323A363E3135961002017
:1042A000316000208055002020550020005500205E
:1042B00040420F00E1350200540B00200000AD0B1E
:1042C000D2B8030008B903005C2203007BB80300E6
:1042D000F9B80300A8B803000C0B0020CD62002041
:1042E000024B1878B0FA80F040097047CD62002088
:1042F0002DE9F041544B1B78002B00F099800028E9
:1043000000F09F8003785A1E1F2A00F294804F49C4
:104310000A781AB94A7C9A42C0F08D804C4B9A6A4E
:10432000072A00F28B804278072A00F28A80EFF396
:104330001185402282F31288BFF36F8F4A7822BB27
:104340001C6A53F82440024600F1240652F8047B0C
:1043500044F8047BB242F9D11278227046783D4C81
:10436000A25D013202F00302A2551A6A407853F8A6
:104370002220205C10711A6A0132082A28BF00220C
:104380001A629A6A01329A623AE0334C0022A446D9
:1043900094F804E0BEF1000F2DD10C2757430CEB2D
:1043A000070601245CF807703471C6F808E004467B
:1043B00000F1240E54F8048B47F8048B7445F9D1AE
:1043C00024783C7090F801E0224F17F80E40013439
:1043D00004F0030407F80E400C24624344785CF8B0
:1043E00002203C5D147144781C4850F8242092B996
:1043F00040F82460C5E70132082A04F10C04C7D153
:1044000085F31188BFF36F8F4B780A7C134308D074
:104410000020BDE8F08110469268002AFBD186603A
:10442000AFE70F4B1B78002BF2D1FFF741FAEFE714
:104430006FF00C00EDE76FF07900EAE76FF00B002A
:10444000E7E76FF01500E4E7CE620020E0550020BA
:10445000AC5500208162002020550020005500202E
:10446000CD62002038B5254B1B78002B3CD00028AE
:104470003DD0234CA36A002B3CD0EFF311854023A1
:1044800083F31288BFF36F8F636A54F823301A786E
:104490000270636A54F823305B784370636A54F89F
:1044A000233093F902308370636A54F823301B7908
:1044B0000371636A54F82330DB78C370636A54F87D
:1044C0002310053005310DF05CF9636A0133082BC8
:1044D00028BF00236362A36A013BA36285F31188AE
:1044E000BFF36F8F002038BD6FF00C00FBE76FF05B
:1044F0001500F8E76FF03C00F5E700BFCE62002042
:104500008055002038B5124B1B78F3B1EFF31185BD
:10451000402383F31288BFF36F8F0E4A0023C2E952
:10452000083393620C4A0824013C1371936002F132
:104530000C02F9D12022214608480DF04AF985F3F2
:104540001188BFF36F8F204638BD6FF00C00FBE77A
:10455000CE620020AC5500202055002000550020E0
:1045600010B50A4B1B7803F0FF0443B950B1084B58
:1045700002681A600120FFF7F7FA204610BD6FF0BD
:104580000F00FBE76FF01500F8E700BFCD620020D9
:104590003C0B002010B50A4B1B7803F0FF0443B915
:1045A00050B1084B02685A600220FFF7DDFA20463E
:1045B00010BD6FF00F00FBE76FF01500F8E700BFCC
:1045C000CD6200203C0B002038B5104B1B780C4608
:1045D00003F0FF059BB9A8B1082913D80A46014684
:1045E0000B480DF0CEF80B4AFF231474C4F10804F5
:1045F000234104209374FFF7B7FA284638BD6FF0C3
:104600000F00FBE76FF01500F8E700BFCD62002058
:10461000440B00203C0B0020094B0A491A78D300B8
:1046200003F1804303F5F833C3F810150649C3F8C6
:10463000141501239340054AC2F80435704700BFA2
:10464000D16200201841014000A0004000F001406C
:10465000084B09491B7801229A40DB0003F1804393
:1046600003F5F833C1F808250022C3F81025C3F874
:1046700014257047D162002000F00140F0B52B4BAB
:104680002B4C1B782B4FDA0014442B4A0025C2F820
:104690001851D2F81821294A15788000EA00C0B2D2
:1046A00002F1804202F5F83200F1804000F58050BE
:1046B000C2F81075C2F81405214A05F5117042F8C8
:1046C0002040204A20481678F20002F1804202F58C
:1046D000F8320124C2F8100500F5973000F5847017
:1046E000C2F8140504FA06F604FA05F0304369B17D
:1046F000164A174E1178CA0002F1804202F5F832CC
:104700008C40C2F810752043C2F814659B0003F179
:10471000804303F5F8330122D3F80018AA400A4376
:10472000C3F80028064BC3F80405F0BDCF62002093
:1047300004F001401841014000400140D2620020D5
:1047400000F00140D062002010110040D162002032
:1047500000A00040F0B5294B294E1878294B1A7853
:10476000012404FA02F304FA00F51D4300F5117761
:10477000C3004FEAC20C19BB03F1804303F5F833C1
:10478000C6F80855C3F81015C3F8141546F82710D5
:104790000CF1804303F5F833C3F81015C3F8141572
:1047A000194B1B789B0003F1804303F5F83301217B
:1047B000D3F80028814022EA0102C3F80028F0BDA6
:1047C000124A127803F1804303F5F8339440002134
:1047D0002C43C6F80845C3F81015C3F814150CF19E
:1047E000804303F5F83346F82710C3F81015C3F8D3
:1047F0001415D30003F18043CCE700BFD262002040
:1048000000F00140D0620020CF620020D162002081
:10481000154B164916480022C3F81821D3F8183151
:10482000144B1B78DA0002F1804202F5F832C2F82C
:10483000101501F5973101F58471C2F814150E4A6F
:104840001178CA0002F1804202F5F832C2F8100570
:104850000A48C2F81405012202FA03F38A401343FE
:10486000074AC2F80435704700400140101100406B
:1048700044A10040D0620020D3620020001000401C
:1048800000F001400F4B1A780F4B1B78012101FA01
:1048900002F09940D200DB00014302F180420B4854
:1048A00003F1804302F5F83203F5F833C0F8081538
:1048B0000021C2F81015C2F81415C3F81015C3F87A
:1048C00014157047D0620020D362002000F0014030
:1048D000134B14491B781448DA0002F1804202F5A8
:1048E000F832C2F8101501F50F410C31C2F8141559
:1048F0000E4A1178CA0002F1804202F5F832C2F87D
:104900001005A0F511403038C2F81405012202FA52
:1049100003F38A401343064AC2F80435704700BFC8
:10492000D56200200411004040A10040D462002064
:1049300000F001400F4B1A780F4B1B78012101FA50
:1049400002F09940D200DB00014302F180420B48A3
:1049500003F1804302F5F83203F5F833C0F8081587
:104960000021C2F81015C2F81415C3F81015C3F8C9
:1049700014157047D5620020D462002000F0014079
:1049800038B52848284D01F033FCA84204463BD1F5
:10499000264801F02DFCA842044635D1244801F0F8
:1049A00027FCA84204462FD1224801F021FCA8424E
:1049B000044629D1204801F01BFCA842044623D11B
:1049C0001E4801F015FCA84204461DD11C4801F008
:1049D00029FCA042054622D00820F4F737FF50B149
:1049E000184B4361184BC0E90635042303740023B8
:1049F00043748374C374154900234FF401520BF0C0
:104A00003EF96FF0120038BD0820F4F71FFF0028B0
:104A1000F1D00F4B43610C4BC0E90634E5E70020B1
:104A2000F1E700BFD26200200000AD0BD062002091
:104A3000D1620020D5620020D4620020D362002021
:104A4000CF62002015B9030088B903005C2203007F
:104A50003BB9030000487047101100400E4B0F494E
:104A60001B780978012202FA01F102FA03F30B43E1
:104A70000B49097802FA01F10B430A49097802FA55
:104A800001F10B43084909788A401343074A43F070
:104A90000103C2F808357047D2620020D4620020BA
:104AA000D0620020D1620020D562002000F00140D9
:104AB00038B51E4B187801F0A1FB1D4B98420546F6
:104AC0000AD01C491C4840F235120AF02AFC194849
:104AD00040F235110AF01CFC184B187801F08EFBDF
:104AE000A8420446EDD1164B187801F087FBA0428E
:104AF0000546E6D1134B187801F080FBA842044626
:104B0000DFD1114B187801F079FBA0420546D8D1CE
:104B10000E4B187801F072FBA8420446D1D10C4B21
:104B2000187801F085FBA042CBD138BDD2620020BD
:104B30000000AD0B63B903008E850300D062002036
:104B4000D1620020D5620020D4620020D362002010
:104B5000CF620020BAB100EB8202F0EC017AF4EEF1
:104B6000E70AF1EE10FAB0EE607AB4EEE70A06D486
:104B7000F1EE10FAB4BFB0EE677AB0EE407A82423E
:104B8000A1EC017AE9D170473AB1F0EC017A67EE15
:104B9000807A013AE1EC017AF7D17047DFED3A7A99
:104BA0009FED3A6A3A4A9FED3B7A60EE277A00B56C
:104BB000F0EEE77AFDEEE76AF0EE002AF8EEE66A3C
:104BC000B0EE081A77EEE67AB5EEC00A67EE867A9E
:104BD000F1EE10FAFCEEE76A16EE903AC3F3080322
:104BE00006EE903A02EB830E03F1800C9EED016A13
:104BF000DEED004AF8EE666ACCF3080C02EB8C039B
:104C000077EEE67A93ED014AF1EE646AB0EE465A29
:104C100036EE642A76EEC63A96EEA25A26EE876AF9
:104C2000D3ED006AF0EE445AE6EEA25A74EE661A2C
:104C300032EE023A71EEA12A36EE844A67EE655AE8
:104C4000D3EE872A27EE455AF0EE433AD4EE073AE0
:104C5000E2EE015AA1EE815AE7EEA35AA7EEA25A5C
:104C600026EE877AA7EE856AA7EEA57AE7EE866A32
:104C7000E7EE874AC1ED006A48BFF1EE644AC0ED35
:104C8000004A5DF804FB00BF610B363B00000044A6
:104C9000482F0300DB0F493CF5EEC00AF1EE10FA95
:104CA00014DC56D4F5EE400AF1EE10FA40F03181F2
:104CB000B5EEC00AF1EE10FA00F3948040F12981BC
:104CC000DFEDA87AC0ED007A00207047C0EE207AB0
:104CD000F7EE006AF5EEC07AF1EE10FA48BFF1EE99
:104CE000677AF4EEE67A4CBF01230023F1EE10FA66
:104CF0007BDD86EEA77ADFED9C2A9FED9C3ADFED07
:104D00009C3A9FED9C4ADFED9C4A9FED9C5ADFED5B
:104D10009C5A9FED9C6ADFED9C6ADFED9C7AA7EEC2
:104D2000223AE7EE033AA7EE234AE7EE044AA7EE5B
:104D3000245AE7EE055AA5EE876AE7EE066AE7EE23
:104D4000667A002BBED0F1EE677AC0ED007A0020C3
:104D50007047B5EEC00AF1EE10FA6BDDC0EE207AB6
:104D6000F7EE006AF5EEC07AF1EE10FA48BFF1EE08
:104D7000677AF4EEE67A4CBF01230023F1EE10FAD5
:104D800040F39F8086EEA77ADFED772A9FED773A92
:104D9000DFED773A9FED774ADFED774A9FED775A5F
:104DA000DFED775A9FED776ADFED776ADFED777A8F
:104DB000A7EE223AE7EE033AA7EE234AE7EE044ACB
:104DC000A7EE245AE7EE055AA7EE256AE7EE066A33
:104DD000E7EE667A0BB1F1EE677A9FED6D7A77EECA
:104DE000877A6FE7DFED697A6CE7DFED5F6A9FED49
:104DF0005F7A9FED5F4ADFED5F4A9FED5F5ADFED1F
:104E00005F5A9FED5F6AA7EEA67ADFED5E6AA7EEB6
:104E1000874A9FED5D7AE7EE844AA7EEA45AE7EE53
:104E2000855AA7EEA56AE7EE866AA7EEA67A67EE30
:104E3000877A86E702D4DFED567A43E7C0EE207A20
:104E4000F7EE006AF5EEC07AF1EE10FA48BFF1EE27
:104E5000677AF4EEE67A4CBF01230023F1EE10FAF4
:104E60005ADD86EEA77ADFED402A9FED403ADFED6E
:104E7000403A9FED404ADFED404A9FED405ADFED5A
:104E8000405A9FED406ADFED406ADFED407AA7EEC1
:104E9000223AE7EE033AA7EE234AE7EE044AA7EEEA
:104EA000245AE7EE055AA7EE256AE7EE066AE7EE12
:104EB000667A0BB1F1EE677A9FED357A77EEC77AB5
:104EC00000E7DFED296A9FED297A9FED294ADFEDA2
:104ED000294A9FED295ADFED295A9FED296AA7EE4D
:104EE000A67ADFED286AA7EE874A9FED277AE7EEDC
:104EF000844AA7EEA45AE7EE855AA7EEA56AE7EE24
:104F0000866AA7EEA67A67EE877A002B3FF465AF34
:104F100061E76FF003007047DFED136A9FED137ACE
:104F20009FED134ADFED134A9FED135ADFED135A3D
:104F30009FED136AA7EEA67ADFED126AA7EE874A05
:104F40009FED117AE7EE844AA7EEA45AE7EE855A60
:104F5000A7EEA56AE7EE866AA7EEA67A67EE877ADD
:104F6000A7E700BFDB0FC9BFA59204BDE745093E17
:104F700008B732BEEBFCA9BC3C695D3E435690BB12
:104F8000E565AABEC90CC0B70100803FDB0FC93F71
:104F9000DB0F494019B10139A0EC010AFBD1704780
:104FA0004FF08053D3F83021082A06D1D3F834319A
:104FB000052B02D8024AD05C70470020704700BF22
:104FC0009BB90300024AD2F80034002BFBD0704793
:104FD00000E0014010B54FF08053D3F83021082A8B
:104FE0004ED14FF080420021C2F80C11C2F81011CE
:104FF000C2F8381502F54042D3F80414C2F820155F
:10500000D3F80814C2F82415D3F80C14C2F82815E4
:10501000D3F81014C2F82C15D3F81414C2F83015B4
:10502000D3F81814C2F83415D3F81C14C2F840157C
:10503000D3F82014C2F84415D3F82414C2F8481544
:10504000D3F82814C2F84C15D3F82C14C2F8501514
:10505000D3F83014C2F85415D3F83414C2F86015DC
:10506000D3F83814C2F86415D3F83C14C2F86815A4
:10507000D3F84014C2F86C15D3F84434C2F8703534
:10508000FFF78EFF18B1414B414AC3F88C26FFF75A
:1050900087FF18B13F4BFB22C3F81825FFF780FFAD
:1050A00070B14FF080414FF08053D1F8E42ED3F827
:1050B000583222F00F0203F00F031343C1F8E43E0D
:1050C000FFF76EFF20B1344B4FF40072C3F8402657
:1050D0004FF08053D3F83031082B09D14FF0804383
:1050E000D3F80024D20744BF6FF00102C3F80024B4
:1050F0002A4AD2F8883043F47003C2F88830BFF3EC
:105100004F8FBFF36F8F4FF08053D3F83021082AB1
:105110000ED1D3F83431052B02D8214AD35C3BB1F0
:105120004FF01023D3F808224FF08043C3F85825DE
:105130004FF01023D3F80022002A03DBD3F8043207
:10514000002B22DA174901234FF01020C1F8043553
:105150001224FFF737FFC0F80042FFF733FFC0F813
:105160000442FFF72FFF0023C1F80435FFF72AFFA1
:10517000BFF34F8F09490C4BCA6802F4E062134336
:10518000CB60BFF34F8F00BFFDE710BD0050004064
:105190004881030000F000400090024000ED00E074
:1051A00095B9030000E001400400FA0530B5046839
:1051B000CCB1BFF35B8FB4FA84F3C3F11F03DBB24E
:1051C00001229A4024EA020250E8005FA54204D17D
:1051D00040E8002CBCF1000FF6D1BFF35B8FE6D1A5
:1051E00002480B7030BD0248FCE700BF0000AD0B69
:1051F0000200AD0B10B50368CB40DB0714D40123CC
:105200008B400268BFF35B8F43EA020150E8004F16
:10521000944204D140E8001CBCF1000FF6D1BFF36A
:105220005B8FEED1014810BD0148FCE70000AD0BDB
:105230000400AD0B2DE9F0471F4600F06043B3F1C9
:10524000005F164608D017491748DC220AF069F8B3
:10525000DC2114480AF05CF831B912491248DD2209
:105260000AF05FF8DD21F4E700F160404C1E0444D1
:10527000DFF83880050B240BFF234FF0010AA5420D
:1052800001D9BDE8F08718F80510994201F00F0028
:10529000894604D0090932460AFA01F1B8470135B6
:1052A0004B46ECE7A1B903008E850300DDB903008E
:1052B000014BFFF7BFBF00BF1D0F0300014BC3F839
:1052C0000405704700F00140F7B5044660B10128BD
:1052D00030D0364936484FF486720AF022F8334807
:1052E0004FF486710AF014F80C224FF482730221F5
:1052F0004FF0804003440244C0F808130026012107
:1053000011601E608C421B688DF8071008BF0DF1FC
:10531000070642F210754FF080478CB3012C14D071
:105320002449234840F2EE4209F0FBFF214840F2B5
:10533000EE41D7E704224FF480730146D8E783B1EA
:1053400001200BF0E9FD013D26D0D7F80C3403F421
:105350008033002EF3D0D7F80C2402F00102327013
:10536000E3B9154B00225A7116E00BF0D5FD013D53
:10537000D3D111E083B101200BF0CEFD013D0BD064
:10538000D7F8183403F48033002EF3D0D7F818245C
:1053900002F0030232600BB903B0F0BD9DF80700C4
:1053A0000128E2D0012CF7D1DBE700BF1DBA0300D2
:1053B0008E8503005ABA0300F4550020044B1A7975
:1053C00022B9012218609A8002487047024870474B
:1053D000F45500200000AD0B0C00AD0B08B50F4BD1
:1053E0001A7952B90E490F484FF4B67209F099FF75
:1053F0000B484FF4B67109F08BFF1B682BB10020EE
:10540000F7F770FB08B9F7F74BFB4FF0804300222A
:10541000C3F81825044B01221A7008BDF45500206A
:105420001DBA03008E850300D662002038B5314CCA
:10543000237953B93049314840F2C11209F071FF64
:1054400040F2C1112C4809F063FF50B1012846D049
:1054500029492A4840F21D2209F063FF40F21D212C
:10546000F0E74FF08043D3F81814D3F81824CD0395
:105470001DD5900702D00020FFF726FF4FF0804394
:105480000022C3F81825022008224FF4827303F18A
:1054900080430021196002F180421D6801251560DA
:1054A000226802B34FF08043C3F804030CE0D3F842
:1054B0001424D107E2D5D3F81C249207DBD122684B
:1054C0001AB10222C3F8042338BDD3F80421002AFC
:1054D000FBD00022C3F80421D3F80431F4E7002202
:1054E0004FF48073D3E71A68002AFCD019601B6858
:1054F000EAE700BFF45500201DBA03008E850300C3
:1055000008B5094B1B7953B90849094840F23722BD
:1055100009F007FF054840F2372109F0F9FEBDE820
:105520000840FFF7D1BE00BFF45500201DBA0300AC
:105530008E850300F8B54FF080431B4DD3F804432C
:105540000126002704B9F8BDB4FA84F0C0F11F00A9
:10555000830003F580739BB203F1804306FA00F2E7
:10556000196892B224EA02040029EBD01F601B687C
:105570004FF08043012AC3F808230CD0022A0ED032
:105580000A490B484FF46F7209F0CBFE07484FF4FD
:105590006F7109F0BDFE6B79002BD3D16A712B6856
:1055A000C0B29847CEE700BFF45500201DBA0300F3
:1055B0008E850300034A430900F01F00D35C1844A2
:1055C000C0B2704701BB030008B50268014610462F
:1055D0000BF0BBFC50B91049104840F2CA3209F038
:1055E000A0FE40F2CA310C4809F092FE02F01F03FF
:1055F00052090B600AD0012A0BD00749074840F234
:10560000D33209F08EFE40F2D331ECE74FF0A040E8
:1056100008BD0348FCE700BF748D03008E850300BE
:1056200000030050072808B50AD90749074840F287
:10563000D13209F076FE044840F2D13109F068FE1B
:10564000800000F5807008BD8EBA03008E850300CF
:1056500070B50546FFF7AEFF0C4C08300E4634F827
:105660001030DA0508D5C3F3432304EBC302284600
:1056700054F8333052689847A3682BB1E26831463A
:105680002846BDE87040184770BD00BFFC5500209B
:1056900008B5FFF78FFF034B083033F81000400BBD
:1056A00008BD00BFFC55002008B5FFF783FF034B82
:1056B000083033F81000C0F3400008BDFC5500204E
:1056C00008B5FFF777FF044B083033F8100010F0EF
:1056D0001C0018BF012008BDFC55002008B5FFF7CD
:1056E00069FF034B083033F81000C0F3401008BDC9
:1056F000FC550020034611F0010010B5CCB20DD1CD
:10570000A207C4F3400012D5094AD2F82005586018
:10571000C2F82005003818BF012008E04FF0A04172
:10572000D1F820251A60C1F82025002AE8D010BD44
:105730000003005010B5FFF73DFF184A083032F85B
:105740001030D9051DD5C3F3432123F4F85322F8B3
:10575000103002F10E04002034F8023F13F4807F71
:1057600003D0C3F3432399420BD001303028F3D147
:1057700000230B4842F83130FFF73CFD094B9842BB
:1057800000D110BD0849094840F2EB1209F0C9FDEB
:10579000054840F2EB1109F0BBFD00BFFC550020AD
:1057A000745600200000AD0BC3BA03008E850300C1
:1057B00008B501460BF0C9FB50B91949194840F228
:1057C0001E2209F0AEFD40F21E21154809F0A0FD91
:1057D0000846FFF769FF40B11149124840F21F2205
:1057E00009F09FFD40F21F21EFE70846FFF768FF31
:1057F00040B90B490B484FF4087209F092FD4FF481
:105800000871E2E70846FFF769FF30B10846FFF785
:105810003FFFBDE80840FFF705BF4FF4BE7008BD6D
:10582000C3BA03008E8503002DE9F8430024074620
:10583000CEB225464FF00108A146B4420DD1124B1D
:10584000D3F87C2132B10022C3F87C21D3F87C311B
:1058500045F000452846BDE8F8832046FFF7E2FE04
:10586000A0F58072920808FA02F2174209D000F1FE
:10587000804303F5C043196819B1C3F800901B6851
:1058800015430134E4B2D8E700600040F7B506469E
:105890000846FFF78FFE194F00F108050C4637F850
:1058A0001530DB0727D530460BF0C8FB2046FFF745
:1058B00015FF40B12046FFF7EBFE316800F5A270FE
:1058C000002341F820302046FFF734FF002301A8D1
:1058D00027F815300194FFF777FE019B00EB83005A
:1058E000074BD0F80027134043F00203C0F80037FD
:1058F000044803B0F0BD0448FBE700BFFC5500209E
:10590000F0F8FCFF0000AD0B0400AD0B2DE9FF41EA
:10591000164607460846FFF74DFED6F800800D46AE
:105920000446B8F1000F1CD008460BF07CFB10BBFE
:10593000CDE900008DF80E008DF80F0043460DF103
:105940000F020DF10E0128460BF011FB494A04F13C
:10595000080132F8113023F0020343F0010322F86A
:105960001130736873B3284693F800805968FFF7C5
:105970009BFE10B1D9B1404827E03E4A04F1080C23
:1059800032F81C3023F02003DB04DB0C22F81C303F
:1059900069B1B8F1030FEED87168386849680978C1
:1059A000B8F1000F14D101F5A27140F82180314AFD
:1059B00004F1080132F8113023F01C0343EA880394
:1059C00022F81130B36863BB2C4804B0BDE8F08105
:1059D00000EB810043EA4133D0F810E52EF0030ECE
:1059E000C0F810E53F6807EB810743F02003D7F8C4
:1059F000100522F81C3020F44F3020F44070C7F816
:105A000010052802D7F810E500F47C5040EA084061
:105A100040EA0E00C7F8100502EB4100A0F87C50E8
:105A2000C5E7D3E900672846FFF784FE002ECBD0F8
:105A3000104DD5E90023964203D19F4201D10022A7
:105A400009E00F480DF10F01FFF7B0FB0B4B984237
:105A5000BBD19DF80F2045F8326005EBC203083436
:105A60005F6035F8143043EA422343F4807325F82D
:105A70001430A9E7FC5500200400AD0B0000AD0B6D
:105A8000745600202DE9FF410C4680462046114601
:105A90001E46FFF78FFD054621B32046FFF704FEA3
:105AA00018B92046FFF71AFE10BB2046FFF708FE84
:105AB00010B14B78012B1BD001238DF80F30002340
:105AC000CDE900134A1C8B1C20460DF10F010BF091
:105AD0004EFA274A05F1080132F8113043F003036A
:105AE00022F81130002E41D02046FFF7DDFD18B915
:105AF000204804B0BDE8F08196F800C0D8F8003026
:105B00001B4F0CF5A272002143F8221005F1080288
:105B100037F8121021F02001C904C90C27F812101F
:105B200075781DB3D8F80000B67800EB8C002D0412
:105B3000D0F8103523F4991323F4F853C0F8103536
:105B4000230203F47C5305F440353605D0F810E504
:105B50002B4306F4801641EA4C31334341F02001D7
:105B600043EA0E0327F81210C0F810350248C0E7C8
:105B7000FC5500200400AD0B0000AD0B014BC3E948
:105B800002127047FC55002010B5144652B90E4958
:105B90000E4840F24D3209F0C4FB0B4840F24D3143
:105BA00009F0B6FB0846FFF799FD50B10846FFF72C
:105BB00001FD074B083033F8103006485B0B2370AB
:105BC00010BD0548FCE700BFC3BA03008E85030083
:105BD000FC5500200000AD0B0400AD0BF8B5164ECF
:105BE00096F88C4005462CBB6022214606F1100039
:105BF0000BF0EFFD2D682746E0B2FFF713FDA0F58F
:105C000080739B081F2B08BF2F5004F1010408BFAD
:105C10002B58082CF0D10023C5F87C3145F3073010
:105C2000D5F87C31F6F73CFF0123044886F88C3028
:105C3000B367F8BD0248FCE7FC5500200000AD0B3F
:105C40000C00AD0B034B93F88C00003818BF0120FB
:105C5000704700BFFC5500200079024B03EB800029
:105C6000FFF7C8BA5C0B00200079024B03EB800001
:105C7000FFF79CBA5C0B00202DE9F341054608466E
:105C80000C461646FFF71CFD50B93249324840F227
:105C9000534209F046FB40F253412E4809F038FBCD
:105CA0000846FFF71BFD2F6800B30846FFF7FCFC12
:105CB0008046D8B90846FFF7EBFC0446FFF7B2FC74
:105CC00047F800803B582B6822B203EB8203D3F8DD
:105CD000102542F00102C3F8102526B12A680123DD
:105CE000A340C2F8043302B0BDE8F081D7F8043312
:105CF000002BA4BF4FF00043C7F8043346B9154941
:105D0000154840F26D4209F00CFB40F26D41C4E7CA
:105D10002046FFF74FFC114B083033F81030C3F327
:105D20008203042B12D0052B12D001A80194FFF797
:105D30004BFC019BD0F81015D94001F00101023154
:105D4000204602B0BDE8F0410BF05EB90321F7E751
:105D50000221F5E7C3BA03008E850300FC5500203D
:105D60002DE9F04F654BD3F80403C0B287B008218A
:105D700040F00040FFF758FD051E2BDA00230321F9
:105D800004A8CDE90433FFF7B5FCDFF880A10DF1DD
:105D900010084FF000094FF0010B1AF8013B584969
:105DA000DA0803F007038A5C22FA03F3DA071CD44B
:105DB00008F10408B9F1000F14D000214FF00040A1
:105DC000FFF732FD032104A8FFF794FC0028DCD183
:105DD00025F00045494E4B4F0124002D78D107B0E6
:105DE000BDE8F08F4FF00109D7E7474B4B440093D4
:105DF000D8F800100029DBD0009B91FAA1F11C78A3
:105E0000B1FA81F141EA44142046FFF7D3FB3D4B40
:105E10000394083033F81070C80801F0070118F82F
:105E200000200BFA01F122EA0102BB0808F8002069
:105E300003A80193FFF7C8FB039A019B02F5E072E8
:105E4000C7F3820650F822205B073746C2F30142AF
:105E500023D539462046D6B2FFF7FAFB03A80394B0
:105E6000FFF7B2FB039B03F5E07350F82330C3F355
:105E700001439E4207D1002120460BF0C5F8314670
:105E800020460BF0C1F803A80394FFF79DFB039B8A
:105E90000BFA03F3C0F82035AAE7022A0CD103213C
:105EA00020460BF0B1F806F00503012BEBD1394683
:105EB0002046FFF7CDFBE6E70221204601920BF0DA
:105EC000A3F8032EF3D0019A032ADCD1022EEDE7CA
:105ED00095FAA5F3B3FA83F304FA03F225EA02056F
:105EE00003F5A27207EB430356F82210B3F87C00C7
:105EF000C1F30141FFF7ACFB6FE700BF006000405A
:105F000050370300FC55002011BB030011BB0300F8
:105F1000044AD2F80034DB07FBD50160BFF35F8F82
:105F2000704700BF00E0014008B54FF080531A6988
:105F300059694A43904207D21A69B0FBF2F302FB57
:105F4000130363B10D4818E00D490E4840F20712E3
:105F500009F0E7F90A4840F2071109F0D9F90A4BAC
:105F60000222C3F80425C3F80805D3F80024D20799
:105F7000FBD500220548C3F8042508BD0A00AD0B77
:105F800013BB03008E85030000E001400000AD0B51
:105F9000F8B50D46012104460BF07BF850B91149C4
:105FA000114840F2951209F0BCF940F295110D48E4
:105FB00009F0AEF914F0030708D00A490A484FF473
:105FC000CB7209F0AEF94FF4CB71F0E7074E012325
:105FD000C6F8043529462046FFF79AFFC6F804752F
:105FE000F8BD00BF13BB03008E85030000E0014035
:105FF00010B540B91C491D48752209F092F91A489C
:10600000752109F085F91A4C237853BB0278C2F345
:106010004003920712D54FF08053D3F83021082A5D
:106020000BD1D3F83431052B07D8124AD35C23B1F6
:106030004FF080430122C3F8382601234FF08042FD
:10604000C2F88035037803F00103C2F878350020E8
:10605000F6F748FD08B9F6F723FD0123064823703B
:1060600010BD0648FCE700BF4FBB03008E85030050
:10607000D76200208CBB03000000AD0B0C00AD0B01
:106080004FF080434FF46072C3F80823014B0022A5
:106090001A6070478C56002008B550B90849094865
:1060A0004FF4A47209F03DF905484FF4A47109F0CA
:1060B0002FF9FFF7E5FF03680BB1034A136008BD32
:1060C0004FBB03008E8503008C56002010B54FF0A7
:1060D0008043D3F80443620713D54FF484700AF069
:1060E000FAFF70B13D4B1B6853B93D493D484FF431
:1060F000BA7209F016F94FF4BA71394809F008F983
:106100009847A30612D54FF48A700AF0E4FF68B1ED
:10611000354B1B6843B93249324840F27D1209F0D1
:1061200000F940F27D11E8E700209847600612D59B
:106130004FF48C700AF0CFFF68B12B4B1B6843B94A
:10614000274928484FF4C27209F0EBF84FF4C271A6
:10615000D3E701209847210612D54FF48E700AF03C
:10616000BAFF68B1214B1B6843B91D491D4840F275
:106170008D1209F0D6F840F28D11BEE70020984745
:10618000E20512D54FF490700AF0A5FF68B1174BE5
:106190001B6843B9124913484FF4CA7209F0C1F899
:1061A0004FF4CA71A9E701209847A30514D54FF40D
:1061B00092700AF090FF78B10C4B1B6843B9084904
:1061C000084840F29B1209F0ACF840F29B1194E7AA
:1061D000BDE810400220184710BD00BF94560020B3
:1061E0004FBB03008E850300905600208C56002084
:1061F00001460148FEF7DABF640B0020012383400B
:10620000C3F3120201462AB1034A0448C2F8083512
:10621000FEF7F0BF0248704700F00140640B002019
:106220000400AD0B01460148FEF7C0BF600B002023
:10623000C30003F1804303F5F833012201465A609D
:106240000148FEF7D7BF00BF600B002010B552B960
:1062500029492A4840F2513209F063F840F251319D
:10626000254809F055F8136843B92349234840F2FB
:106270005E3209F056F840F25E31F1E700EB41146E
:10628000C4F82035938843B91B491C4840F26B324F
:1062900009F047F840F26B31E2E713F4004F08D001
:1062A000154916484FF45C7209F03BF84FF45C71E5
:1062B000D6E7C4F824359368B3F1807F08D30E493C
:1062C0000E4840F27A3209F02CF840F27A31C7E7F2
:1062D00000EB4110C0F82835D368B3F1807F08D3B4
:1062E0000549064840F2833209F01BF840F2833139
:1062F000B6E7C0F82C3510BD92BB03008E850300B5
:1063000008B503685909024613D0012906D103F0E4
:106310001F034FF6FF71D940C80712D40A490B4832
:1063200040F2CA3208F0FDFF074840F2CA3108F0D7
:10633000EFFF4FF0FF31D940C907EFD54FF0A04034
:1063400000E00348136008BD748D03008E850300D0
:106350000003005070B505790A4C14236B43E6180E
:10636000E35833B9006802210AF0E7FE08B10123BF
:106370003372142303FB0544207A023818BF01202E
:1063800070BD00BF985600202DE9F74F0B7F0546E2
:106390000C4673BBDFF8F8A00E1F01F1100701F1E6
:1063A0000C094FF0010856F804BFBBF1FF3F1CD0A9
:1063B0003B78CDF804B001A8002B3ED0FFF7A0FF3A
:1063C000019B08FA03F3C0F8083501A8CDF804B022
:1063D000FFF796FF019B00EB8300D0F8003703EA3C
:1063E0000A0343F00303C0F80037B14507F1010782
:1063F000D9D194F81DC0218B677DA67DA27EE07E59
:106400002B68BCF1000F0BD1D4E9008ED4E902C493
:10641000C3F86085C3F864E5C3F868C5C3F86C4584
:106420000C0412D51849194840F2463208F079FF99
:10643000154840F2463108F06BFFFFF761FF019B02
:1064400008FA03F3C0F80C35BFE742EA0022C3F8AC
:106450000C75C3F80465C3F80815C3F8102528683F
:106460000023C0F81031D0F81021C0F80831D0F85E
:106470000821C0F80C31D0F80C3140F3073003B0DC
:10648000BDE8F04FF6F70CBB92BB03008E8503000E
:10649000F0F8FCFF2DE9F04190F804800D4C142633
:1064A00006FB08F6A71997F808C0BCF1000F0ED13B
:1064B000A2517B6019B10B7F3B74FFF765FF14237A
:1064C00003FB0844044801232372BDE8F08103481C
:1064D000FBE700BF985600200000AD0B0C00AD0B91
:1064E0002DE9F0411F46037904462B4803EB830650
:1064F0001546142200EB860602FB03008846037A49
:1065000053B92649264840F2671208F00AFF40F2C4
:106510006711224808F0FCFE45B9204920484FF495
:10652000B47208F0FEFE4FF4B471F2E70B6803F0AA
:106530006043B3F1005F08D01849194840F269126E
:1065400008F0EFFE40F26911E3E70A4620680021F7
:10655000FFF77CFE424620680121FFF777FE2268A4
:1065600005F0010303EB5505C2F81455FA0710D4E2
:1065700017F0020203D0002B14BF08220422216866
:10658000C1F8002220463A463146BDE8F0410AF003
:10659000FEBD1022F3E700BF98560020C4BB0300E5
:1065A0008E85030070B5174D0679142303FB06533F
:1065B00004461B7A53B91449144840F2BF1208F03C
:1065C000B0FE114840F2BF1108F0A2FE036800229D
:1065D000C3F80022036801225A6069B12046FFF720
:1065E000B9FE0028FAD023680022C3F8002514233E
:1065F00003FB065501232B722046BDE87040FFF7D0
:10660000A9BE00BF98560020C4BB03008E850300BE
:1066100008B50B4B0279142101FB02331B7A53B9E5
:106620000849094840F2DD1208F07BFE054840F2B7
:10663000DD1108F06DFEBDE80840FFF78BBE00BF1E
:1066400098560020C4BB03008E85030010B5B2210C
:106650001A480AF072FDC106044608D5184BDA68DC
:10666000520704D51A6812B1596801209047A00654
:1066700008D5134BDA68110704D51A6812B15968A6
:1066800002209047220608D50D4BD86810F0100064
:1066900003D11A680AB159689047A3070DD5074B73
:1066A0000022C3F80025064B01221A721A6822B193
:1066B000BDE8104059680320104710BD00C00140DC
:1066C0009856002070B5104D6C6B9CB14FF47A73E6
:1066D0005C430A23B4FBF3F40C4ED6F8003163B9E3
:1066E00095F839304BB90A200AF016FC013CF4D178
:1066F000074870BD4CF25034EEE795F83930002B66
:10670000F6D10448F5E700BFAC56002000900240E7
:106710000700AD0B0000AD0B094B10B500220124A2
:10672000C3F80045C3F800211C6038B1FFF7CAFF69
:10673000044B984203D1044B83F83840014810BD04
:10674000009002400000AD0BAC56002070B53C4CF0
:1067500094F8305045B93B493B487F2208F0E1FDB1
:106760007F21384808F0D4FD30B9364936488022B8
:1067700008F0D7FD8021F4E700F06046B6F1005F35
:106780005AD1860758D1012D05D09D4256D194F893
:106790003850002D52D02D4D022B0BBFC5F81025BF
:1067A000C5F80425C5F81405C5F808050CBFC5F8DB
:1067B0001815C5F80C154FF0000684F839602668E6
:1067C0000CBF08250425BEB994F838306BB11F4BB7
:1067D00005F1804505F524350022C3F80021012389
:1067E0002B60BDE87040FFF76DBF0120FFF794FFFD
:1067F000174B9842EBD170BDA66826B1E06061618D
:10680000E2611448F7E7A261104A84F830300123AE
:10681000A0602161C2F80061C2F8043394F8382006
:1068200002F0FF0012B9FFF777FFEAE705F18045B4
:1068300005F524352B60E4E70748DCE70748DAE78D
:10684000AC560020FFBB03008E8503000090024081
:106850000700AD0B0000AD0B0A00AD0B0B00AD0B3C
:10686000084B9A685A621A699A629A69DA62DA6817
:106870009A6032B15A691A61DA699A610022DA6063
:1068800070477047AC56002008B543090CD0012B67
:106890001ED01449144840F2CA3208F042FD114893
:1068A00040F2CA3108F034FD4FF0FF33C340DA073D
:1068B000EFD54FF0A04202EB80020C4BD2F800075C
:1068C000034043EA012343F00203C2F8003708BD46
:1068D00000F01F004FF6FF73C340DB07D9D5044A11
:1068E000E9E700BF748D03008E850300F0F8FCFF1C
:1068F0000003005010B50E4B0238D3F83C26D3F8F5
:106900003836072813D8DFE800F0110F0D0B0A08FE
:106910000604100EC871100C8871100A48710A71B3
:106920001A0ECA701A0C8A701A0A4A700B7010BDBF
:1069300000900240023807281FD8DFE800F029271E
:10694000251123211F04CB791B068A7943EA0243D0
:106950004A7943EA02230A7913430E4AC2F83C36C5
:10696000CB781B068A7843EA02434A7843EA02233B
:106970000A781343074AC2F8383670470023E4E721
:106980000023E5E70023E6E70023EBE70023ECE73D
:106990000023EDE7009002400268154BFF2A08BF74
:1069A0004FF0FF32C3F824254268FF2A08BF4FF09A
:1069B000FF32C3F828258268FF2A08BF4FF0FF3254
:1069C000C3F83025C268FF2A08BF4FF0FF32C3F872
:1069D00034250269FF2A08BF4FF0FF32C3F838257B
:1069E0004269FF2A08BF4FF0FF32C3F83C257047C9
:1069F000009002400A4B002283F83820094B012105
:106A00004FF08050C3F808131961D0F830010828FE
:106A100008BF5965C3F80025C3F80021704700BFBF
:106A2000AC5600200090024030B5194D0FCD8DB00E
:106A300006AC0FC495E8030084E803001549D1F8BB
:106A40002435DBB20093D1F82835DBB20193D1F8BD
:106A50003035DBB20293D1F83435DBB20393D1F891
:106A60003835DBB20493D1F83C3506A8DBB2059388
:106A7000FFF792FF0023C1F8003101230B60D1F82A
:106A80000031002BFBD06846FFF786FF0DB030BD0C
:106A9000442403000090024070B590F82930044669
:106AA00013B190F82A206ABB6068FF2864D0A268FE
:106AB000FF2A61D0E268FF2A5ED02269FF2A5BD0FC
:106AC000D3B90321FFF7E0FEA0680321FFF7DCFE46
:106AD000E0680321FFF7D8FE20690321FFF7D4FE09
:106AE0006069FF2802D00321FFF7CEFEA069FF28CE
:106AF00002D00321FFF7C8FE94F82A3013B9201DF5
:106B0000FFF74AFF1D4E636A73631D4D94F82930E9
:106B100086F83A300123C5F80833FFF785FF23686C
:106B2000C5F84035A37F617F227F9B0143EAC10303
:106B30001343E27F43EAC213C5F84435D5F8002673
:106B400094F8203022F07F4222F0FF02134394F8A1
:106B5000212043EA026394F8222043EA426394F836
:106B6000232043EA0273C5F80036336813B12920A5
:106B7000F5F796FF034870BD0348FCE7AC560020CC
:106B8000009002400000AD0B0400AD0B38B550B9C9
:106B90000F4910484FF4DB7208F0C3FB0C484FF468
:106BA000DB7108F0B5FB0C4C94F8305075B9C4E9B2
:106BB0000012FFF771FF094B984206D1C4E9025554
:106BC000012384F8303084F8385038BD0448FCE79D
:106BD000FFBB03008E850300AC5600200000AD0B08
:106BE0000C00AD0B2DE9F843DFF8D490074699F877
:106BF00030008846144650B92B492C484FF4017296
:106C000008F08FFB4FF40171274808F081FB012841
:106C100048D199F83830264E7BB3264D0123C5F86C
:106C20000833FFF701FFB8F1000F2DD14FF0000836
:106C300089F83980C5F80081BB787A781B0343EA6C
:106C400002233A781343FA7843EA42333A7943EA23
:106C500082337A7943EAC233C5F83436FFF732FD1E
:106C6000B04216D13B7963B90F49104840F2362241
:106C700008F057FB40F23621C6E7FFF74DFDB04262
:106C8000CBD10B48BDE8F88378784146FFF752FE38
:106C9000CCE7C5F800811CB178782146FFF72AFEC1
:106CA0000548EFE70548EDE7FFBB03008E850300CD
:106CB0000700AD0B009002400000AD0B0B00AD0BC8
:106CC000AC5600201FB5144B93F8303053B913491C
:106CD00013484FF4337208F024FB10484FF433711B
:106CE00008F016FB0F4A02920DF10702002311462D
:106CF00002A88DF80730ADF80C30FFF773FF0A4B90
:106D0000984206D19DF8073013F0010F074B18BFCA
:106D1000184605B05DF804FBAC560020FFBB03002D
:106D20008E850300050200010000AD0B0B00AD0BCA
:106D30002DE9F843214E96F8303053B920492148C7
:106D40004FF43B7208F0EDFA1D484FF43B7108F028
:106D5000DFFA2920F5F7B2FEFFF74CFE96F83A303D
:106D600033BB194BD3F82405D3F82895D3F83085D5
:106D7000D3F83475D3F83855D3F83C45C0B20AF08F
:106D80002AFA5FFA89F00AF026FA5FFA88F00AF028
:106D900022FAEDB2F8B20AF01EFAFF2DE4B202D0E8
:106DA00028460AF018FAFF2C02D020460AF013FAFF
:106DB000002386F83030BDE8F88300BFAC560020D1
:106DC000FFBB03008E8503000090024008B50C4B0A
:106DD00093F8302052B90B490B484FF43F7208F03A
:106DE000A0FA08484FF43F7108F092FA93F838304F
:106DF0001BB9BDE80840FFF78FBC044808BD00BFC1
:106E0000AC560020FFBB03008E8503000C00AD0BC9
:106E100008B50B4B93F8303053B90A490A484FF480
:106E2000427208F07EFA07484FF4427108F070FA97
:106E3000012B03D1FFF7DEFD044808BD0448FCE741
:106E4000AC560020FFBB03008E8503000000AD0B95
:106E50000B00AD0B034B93F83000003818BF012036
:106E6000704700BFAC56002038B5264B93F8304031
:106E700054B92549254840F2313208F052FA2248E7
:106E800040F2313108F044FA11F0030536D11A68A6
:106E9000C2B1012C34D11E4AC2F81C150421C2F81B
:106EA000200583F8395083F83010C2F80051C2F839
:106EB000044393F8383003F0FF00EBB9FFF72CFCE4
:106EC000144818E0124CC4F81C15C4F8200583F8C7
:106ED000392093F8383043B10023C4F8003101233E
:106EE000E360BDE83840FFF7EDBB0120FFF714FC7D
:106EF000094B9842F0D138BDD460E1E70748FAE782
:106F00000748F8E7AC560020FFBB03008E8503005E
:106F1000009002400000AD0B0700AD0B0A00AD0B66
:106F20000B00AD0B08B50A4B93F8303053B9094943
:106F300009484FF4597208F0F4F906484FF45971B2
:106F400008F0E6F9BDE8084000210220FFF78CBFF9
:106F5000AC560020FFBB03008E85030010B5224B0A
:106F6000D3F8002192B1214C0022C3F8002194F8FB
:106F7000381094F8302071B90121032A84F83810B0
:106F800005D0042A05D0022A00D1996010BD5960AD
:106F9000FCE7D960FAE7032A19D0042A19D0022A9B
:106FA00004D1012384F82030FFF75AFCA36813B9F9
:106FB000012384F8303094F8393003F0FF0013B91E
:106FC000D4E900319847002384F82030DEE702231B
:106FD000E8E7032284F82020D3F81C256262D3F866
:106FE000203584F82830E1E700900240AC560020BC
:106FF000054B93F82E00431E012B03D9043818BF0C
:107000000120704700207047E856002010B5164A4E
:1070100016490020C2F8000591F82F40D2F8043339
:1070200081F82E400C6823F033030CB143F02303A6
:10703000C2F81C01D2F81C41C2F81801D2F818415C
:10704000C2F80801D2F8082191F83320D00791F84E
:10705000342048BF43F08003D207034A48BF43F0BF
:107060004003C2F8003310BD00700040E856002015
:1070700070B50D4A002392F8301001251E4618B94C
:107080000BB182F8301070BD90FAA0F3B3FA83F31D
:1070900005FA03F40C3302EB430320EA0400DE801C
:1070A00021EA04010123EAE7E856002038B540B997
:1070B00013491448812208F034F98121104808F05E
:1070C00027F9FF2806D90E490E48822208F029F92F
:1070D0008221F3E70C4B082493F83050012200235F
:1070E000024203D02A4208D00133DBB2013C4FEA0E
:1070F0004202F5D105480B7038BD0548FCE700BFDA
:107100003BBC03008E850300E85600200000AD0B59
:107110000400AD0B73B50023044601AA0E464FF4DC
:10712000807101930AF060F84FF48A7120460AF0EA
:107130005BF84FF48271054620460AF055F820B1FD
:107140001EB115B1144BD3F8343601AA4FF4847133
:1071500020460AF049F84FF4867120460AF044F8B8
:107160004FF4887120460AF03FF80C4B234083B15E
:107170004FF48E75294601AA20460AF035F8291FDA
:10718000083589B22046ADB20AF02EF8B5F5AE7FCB
:10719000F0D1019802B070BD00700040C0FF3F0008
:1071A0002DE9F04F93B09A460DF1080C0AAF1C9DE3
:1071B0003F4B3E46E046002403EB041E0134DEF85C
:1071C000189548F8049B082CDEF81CE546F804EBFB
:1071D000F2D1D3F8F065D3F8404601944FF0010E98
:1071E0000024D3F84496D3F84886C3F8FC4FC3F87C
:1071F000FCEF2F4B5CF804BB03EB041E0134CEF80C
:1072000018B557F804BBCEF81CB5082CF2D1019C78
:10721000C3F84046F6B2274CC3F84496C3F84886F4
:10722000C3F8F065002684F8336084F83460A66003
:107230002661256084F83100A683C3F8F015C3F8F1
:10724000F4252DB32322C3F800231A4D184E002134
:10725000012707FA01F303404FEA01121BD102F1A3
:10726000804404F5E044C4F81035C4F814353244C1
:107270000131D2F8184524F0807444EA03630829E8
:10728000C2F8183505F10205E3D113B0BDE8F08F5F
:10729000C3F80053D9E702F1804303F5E043EC7FE4
:1072A00095F81EC0C3F810C5C3F814455346DEE771
:1072B00000700040E856002010B5C37943B9224958
:1072C0002248982208F02DF81F48982108F020F84D
:1072D000C3788278417A1B03120202F4E06203F45D
:1072E00080531343027802F003021343027912041D
:1072F00002F4E02213434278120102F030021343F9
:107300008279120602F0807213434279120502F468
:10731000801213430A0102F1804202F5E042C2F8F2
:1073200018350B4AC47901F10C0302EB43039C713D
:10733000007AD871012303FA01F192F830300B433F
:1073400082F8303010BD00BF3BBC03008E850300C7
:10735000E856002070B51F4D95F82E40002C37D10F
:107360000126FF2085F82E60FFF782FE1A4B1B498D
:10737000C3F80041D3F80021C3F80441D3F8042135
:10738000C3F81041D3F81021C3F81441D3F81431D5
:107390001C239A0806FA02F212F0330F1FBF03F102
:1073A000804202F5E242146012681A1F920806FA3F
:1073B00002F212F0330F1CBF5C505A5808335C2B9A
:1073C000E7D10720F5F76CFB002305482B6070BD63
:1073D0000448FCE7E856002000700040FC700040C4
:1073E0000000AD0B0C00AD0B08B5124B93F82E301E
:1073F000024653B9104911484FF4B37207F091FF98
:107400004FF4B3710C4807F083FF40B90A490B48A9
:1074100040F2671207F085FF40F26711F2E7FFF7CD
:10742000E7FD20B91046FFF747FF054808BD0548AE
:10743000FCE700BFE85600203BBC03008E8503003C
:107440000000AD0B0B00AD0B08B5094B93F82E20D7
:1074500052B90849084840F2751207F062FF054822
:1074600040F2751107F054FF93F8300008BD00BFDB
:10747000E85600203BBC03008E8503002DE9F04355
:107480001B4F994697F82E3085B00546884616461C
:1074900053B91849184840F28D1207F042FF1548B9
:1074A00040F28D1107F034FFFFF7A2FDE8B90DF1AE
:1074B0000F012846FFF7FAFD104B9842044610D101
:1074C000331E18BF0123CDF80090324641462846AE
:1074D000FFF766FE9DF80F3087F83230022387F8F9
:1074E0002E30204605B0BDE8F083054CF9E700BF1B
:1074F000E85600203BBC03008E8503000000AD0B66
:107500000B00AD0B2DE9FF47364E994696F82E300D
:1075100080468A46154653B93349344840F2B7127B
:1075200007F0FFFE40F2B7112F4807F0F1FE42B915
:107530002D492E484FF4DC7207F0F3FE4FF4DC7156
:10754000F2E7FFF755FD0746002846D10DF10F0180
:107550004046FFF7ABFD264B9842044639D16B8875
:1075600033B19DF80F30012B39D8B9F1000F36D067
:107570002A786B782AB123B99DF80F1001292ED8EB
:107580000127CDF8009051464046FFF709FE6B8871
:10759000184A83B1A3F15001B1F5F66F09D316492A
:1075A000124840F2255207F0BCFE134840F2255124
:1075B000BBE743F48053C2F8F8359DF80F3086F8E6
:1075C00032302B7986F83530042386F8367086F809
:1075D0002E30204604B0BDE8F087084CF9E7084C8F
:1075E000F7E700BFE85600203BBC03008E85030090
:1075F0000000AD0B0070004078BC03000B00AD0B29
:107600000300AD0B38B5214B93F82E2052B9204919
:1076100020484FF4FA7207F084FE1D484FF4FA71C7
:1076200007F076FE1C695CBB00F06044B4F1005FBB
:1076300028D193F83240B1FBF4F504FB15151DBBBE
:107640000DB2002D20DD052A05D8032A0AD8022A0A
:107650000DD0114838BD062AFBD1104AC2F82C06BD
:10766000C2F830169A6842B1C3E9040103E08C42C3
:107670000AD1C3E902040A48ECE7C3E90201FAE7C8
:107680000848E7E70848E5E70848E3E7E856002048
:107690003BBC03008E8503000500AD0B007000406D
:1076A0000000AD0B0C00AD0B0A00AD0B0600AD0BDE
:1076B0002DE9F3415B4C94F82E2052B95A495B48AE
:1076C00040F22D2207F02DFE40F22D21564807F002
:1076D0001FFE012A08D15449544840F22E2207F0D7
:1076E00020FE40F22E21F1E7A368002B00F09780E6
:1076F000022A05D0042A30D04D4802B0BDE8F081FE
:107700004C4D0126C5F800652168E26849B10321A6
:1077100084F82E10C5F82C36C5F830262E60464861
:10772000EBE7C5F82C36C5F830262E6009F073FD5E
:1077300008346E6021460220FFF7ECFC0028F9D0E7
:107740003C4B0022C3F80821D3F80811C3F80C21E0
:10775000D3F80C11C3F80025E1E7364D4FF00108CE
:10776000C5F80085276857B1052284F82E20E26805
:10777000C5F82C36C5F83026C5F80080CFE7A18BB8
:1077800094F83220019203EB41030093C5F82C36A4
:10779000C5F83026C5F8008009F03DFD94F8363074
:1077A0005BBB244D01236B6069460220FFF7B2FCEE
:1077B0000028F9D00022C5F80821D5F80831C5F80D
:1077C0000C21D5F80C31A18B94F832300B44E168D0
:1077D0009BB28B42A38321BF184BA283D3E9020142
:1077E000C3E90001134B28BF22614FF000022CBFF8
:1077F00011481348C3F800257FE7D5F8F465F6B2C1
:1078000008FA06F6013EBE42CBD9C5F80480002135
:107810000420FFF77FFC0028F9D00137F3E709487F
:107820006BE700BFE85600203BBC03008E850300D9
:107830000500AD0B007000400000AD0BF0560020BD
:107840000B00AD0B0200AD0BF8B5324E96F82E10C2
:10785000024651B93049314840F2D12207F061FD6A
:107860002D4840F2D12107F053FDFFF7C1FB00285E
:107870004ED12B4C86F82F10072386F82E3001238B
:107880007260C4F80035D4F80453C4F80003E36010
:107890003AB125F0C00545F03305C4F8005321483E
:1078A000F8BD00211020FFF735FC0028F9D0002397
:1078B000C4F80431D4F804311B4BC4F82C3601272A
:1078C0000223C4F83036276009F0A5FCA760002128
:1078D0002020FFF71FFC0028F9D0114B0022C3F82D
:1078E0000421D3F80411C3F80821D3F80811C3F810
:1078F000002596F82F1086F82E10C3F81C21D3F817
:107900001C11C3F81821D3F81821C3F80053C6E797
:107910000648C5E7E85600203BBC03008E850300FF
:10792000007000400000AD0B005700200B00AD0BB5
:107930007FB56249614E3320FFF7ECFB10F0100F6A
:1079400005460BD05E4B1022C3F80823B218C3F8CB
:107950002C260222C3F8302601221A60594CAA06AE
:1079600094F82E300ED5072B554A05D0D2F8343670
:107970009BB2E36000232361D2F80433DB0601D518
:10798000FFF744FBA80718D594F82E30A1680291A0
:107990000022E1688DF80420062BADF80C1018D0F9
:1079A000072B35D0032B08D1454BC3F80025022304
:1079B00084F82E30236801A89847E9074FD594F83A
:1079C0002E30033B042B4AD8DFE803F05A49294103
:1079D0005E0094F8353023B1236913B1384B01228E
:1079E0001A60236801A89847374B93E8030086E89C
:1079F000030000232361A368002BDED1304AC2F8C4
:107A00000035042384F82E3005238DF80430D1E7A7
:107A1000FFF7FCFA02238DF804306368CBE70423F8
:107A20008DF8043001A823689847254BD3F8F82532
:107A3000D20444BF01225A602269062384F82E3002
:107A40002AB11F4B6169C3F82C26C3F8301623698D
:107A50002BB903238DF8043001A82368984794F8C4
:107A60002E30072B0AD0164B1848D3F804330021C8
:107A70001840FFF74FFB012685094DB904B070BDD2
:107A80000F4B01225A60EAE70D4B01229A60E6E7AC
:107A900095FAA5F3B3FA83F306FA03F225EA020591
:107AA0005A08DB4303F001038DF809308DF80460B8
:107AB00023688DF8082001A89847DEE7F0560020DB
:107AC00000700040E8560020F8560020C0FF3F003C
:107AD00070B54B7F04460D467BB10123436164269C
:107AE00000220221204609F0B3FB20B9012009F051
:107AF00013FA013EF4D100236B774FF08052D2E9A4
:107B00004C23082A1BD1052B19D80F4AD35CB3B1DB
:107B10004FF0FF320023D4F80805D4F80C15C4F850
:107B20000035C4F80825C4F80C250922C4F800253E
:107B3000C4F80035C4F80805C4F80C1570BD00235E
:107B4000C4F80035FAE700BFE8BC030008B50368D5
:107B50005909024613D0012906D103F01F034FF63D
:107B6000FF71D940C80712D40A490B4840F2CA3203
:107B700007F0D7FB074840F2CA3107F0C9FB4FF0C6
:107B8000FF31D940C907EFD54FF0A04000E00348CE
:107B9000136008BD748D03008E8503000003005040
:107BA0000F4B984219D00DD80E4B984215D007D8DC
:107BB0000D4B984211D00D4BC31A58425841704793
:107BC0000B4BF9E70B4B984207D004D80A4B98426D
:107BD00003D00A4BF0E70A4BEEE70120704700BFE5
:107BE00080841E0020A1070048E8010090D0030017
:107BF00040420F000024F40000093D0000127A000A
:107C00000048E801F7B51746421C1C460646089B8B
:107C10000D4618D0012902D1BBB109F057FB01A8CC
:107C20000196FFF793FF019B00EB83002402D0F83D
:107C30000027074B44EA87042C4313401C4344EAC3
:107C40004504C0F8004703B0F0BD09F04CFBE6E77F
:107C5000F0F8FCFF2DE9F04F91F8213090F804A0E6
:107C600085B007460C460BB391F8223003934FF0D2
:107C7000010863697E4A934237D021D87D4A9342F6
:107C800000F0CB8016D87C4A934200F0C9807B4A32
:107C9000934200F0C8807A497A484FF4BF7207F0E7
:107CA00040FB77484FF4BF7107F032FB9846022340
:107CB0000393DEE7744A9342EDD14FF0805516E00E
:107CC000724A934200F0B28009D8714A934200F0A0
:107CD000B080704A9342DED14FF0004507E06E4A13
:107CE0009342D8D14FF0A05501E04FF00055DFF896
:107CF000AC9194F82300242202FB0A93997F60F34D
:107D0000000199773B79217C02FB03939A7F61F311
:107D100041029A7794F82360002E32D162695E4B5B
:107D20009A420CBF4FF0030B4FF0000B237E012B48
:107D300094BF00230123009320685B463246012153
:107D4000FFF760FF009660685B4632460121FFF74F
:107D500059FF0096A27EA0685B463146FFF752FFAE
:107D6000237C83F001030093E0685B4632460121E7
:107D7000FFF748FF01210091E0695B463246FFF7BB
:107D800041FF2423B8F1000F56D003FB0A934FF0B4
:107D9000FF321A62A07C217E627EE66894F8108031
:107DA00094F824E094F820C03B68BEF1000F13D192
:107DB000D4E900BAD4F808E0E469C3F808B5C3F818
:107DC0000CA5C3F810E5C3F86C45039CC3F8146513
:107DD000C3F86885C3F86445003A18BF0122022938
:107DE000C3F8C005C3F8245538D0032939D0012978
:107DF00001D142F00202C3F85425C3F860C53B79B3
:107E00002422534359F8033073B3386840F30730E2
:107E100005B0BDE8F04FF4F743BE4FF0006566E7EC
:107E20004FF0007563E74FF0806560E74FF0206525
:107E30005DE74FF080455AE703FB0A9AE268CAF80B
:107E40002020227C9AF81E3062F341038AF81E300B
:107E5000A07C217E627E4FF0FF36A1E742F0040253
:107E6000C9E742F00602C6E705B0BDE8F08F00BFE3
:107E700080841E0020A1070048E8010090D0030084
:107E8000ACBC03008E85030040420F000024F400C8
:107E900000093D0000127A000048E8012457002044
:107EA000431C07B50ED0019001A8FFF74FFE019BC0
:107EB00000EB8300054BD0F80027134043F002038A
:107EC000C0F8003703B05DF804FB00BFF0F8FCFF1A
:107ED0002DE9F84305461F4651B9164916484FF497
:107EE000167207F01EFA13484FF4167107F010FAD5
:107EF0002E79DFF8549024235E4309EB060494F8AE
:107F00001C80B8F1000F10D14869FFF749FE70B12D
:107F1000284649F806206760FFF79CFE01230748C2
:107F200084F81D802377BDE8F8830548FBE7054802
:107F3000F9E700BFACBC03008E8503000000AD0B69
:107F40000C00AD0B0400AD0B245700202DE9F843C5
:107F50000679294D24277743EB1904461B7F53B933
:107F60002649274840F2B92207F0DBF9234840F2BE
:107F7000B92107F0CDF9006840F30730F4F79EFD12
:107F8000EB5953B123681F4AC3F8082306EBC60117
:107F9000206805EB8101FFF79BFD2427236807FB81
:107FA0000657D3F80805D3F80C85D3F81095BB7F96
:107FB000DB0714D4FFF774FF4846FFF771FF404614
:107FC000FFF76EFF386AFFF76BFF2368D3F86C0585
:107FD000D3F81475FFF764FF3846FFF761FF236895
:107FE000094A934204BF01225A60242303FB065529
:107FF00000232B77BDE8F88324570020ACBC030096
:108000008E8503005201080000F002402DE9F04F78
:10801000DFF864820679242303FB068385B01B7F87
:1080200083460D46174653B98A498B4840F2AD3214
:1080300007F077F940F2AD31864807F069F90B682F
:1080400053B94B6843B18349834840F2AE3207F0DD
:1080500068F940F2AE31EFE7D5E902234AB953B1EE
:108060007C497D4840F2AF3207F05BF940F2AF3116
:10807000E2E71B0C04D1B5F806A0BAF1000F08D056
:10808000744975484FF46C7207F04BF94FF46C71FA
:10809000D2E717F008090ED0242303FB06831B6ADE
:1080A000013308D06B496C4840F2B33207F039F91C
:1080B00040F2B331C0E72423734308EB0302517F3E
:1080C000002940F0C58058F8033023B117F0140F91
:1080D00004BF0123537795E80F00242404FB068492
:1080E00004F10C0C8CE80F00206A431C04D0A37F21
:1080F00099071AD509F0EAF82968DBF8004021B1A0
:1081000001F06043B3F1005F06D1AB6883B103F0C7
:108110006043B3F1005F0BD0242303FB06830022EE
:108120004E485A7705B0BDE8F08F09F0DCF8E3E778
:108130004B4B9C4222D14FF080436A68D3F8000E2B
:10814000484B1860D2B1484821F4FF5323F01F0375
:1081500083426DD8C3F34F3011440122824043481B
:1081600003F5005399424AEA020A4FEA420201D952
:108170008342F5D34FF08043C3F800AE17F00103FC
:1081800018BF0123C4F8503517F0020318BF0123AC
:10819000C4F8403595E80F00EC468CE80F00039BCF
:1081A000C4F84405C4F84815C4F83425C4F8383573
:1081B0000023C4F81831D4F818310723C4F8003567
:1081C000B9F1000F0FD12423734358F80320012382
:1081D000236142B9D4F81831002BFBD0624640210C
:1081E000204609F035F82423734358F803302BBB9D
:1081F0001B4B9C4201BF1B4B1A684FF08043C3F8D6
:10820000002E242303FB0683186A421C04D09B7FA4
:108210009B0710D509F067F8B9F1000F06D106EBFE
:10822000C60608EB86012046FFF752FC104879E7A6
:108230004FF4807A9EE709F049F8EDE717F0040F54
:108240004FF0400314BFC4F80833C4F80433EDE71B
:10825000084867E7ACBC03008E8503000A00AD0B3D
:1082600000F0024020570020FFFF002000200120E6
:108270000000AD0B0B00AD0B2457002070B51B4D5B
:108280001B482A46402108F0E3FF70B3194B1A68D7
:108290004FF08043A5F10C04C3F8002E55F80C3CB8
:1082A00053B91549154840F2194207F03AF81248F7
:1082B00040F2194107F02CF8206A421C04D0A37F39
:1082C0009B070FD509F00FF8637F1BB10C490848D5
:1082D000FFF7FEFB002323720A48D4E90031BDE812
:1082E0007040184708F0F2FFEEE770BD30570020ED
:1082F00000F0024020570020ACBC03008E85030034
:10830000245700202C57002070B51D4A0C68B2FB82
:10831000F4F304FB13258DBB94422FD85C1E1C4044
:108320002CD1B3F5007F29D802684D79D2F80465C5
:10833000097926F0030601F003013143C2F8041560
:10834000D2F8081593FAA3F321F0030105F0030511
:10835000B3FA83F32943C2F80815C2F81035006850
:10836000402300F58072D450D1580433582BFAD1F1
:1083700040F30730F4F794FB024870BD0248FCE775
:108380000024F4000000AD0B0400AD0BF8B541B9BA
:108390001E491F487C2206F0C4FF7C211B4806F0C2
:1083A000B7FF05791B4C0C236B43E618377A5FBB8C
:1083B000E2508B68184A7360036893420FD002F54D
:1083C000805293420BD002F58052934207D002F5BF
:1083D0008032934203D002F58052934202D14B790E
:1083E000032B06D909490A48942206F09AFF9421E2
:1083F000D4E7FFF789FF0C2303FB0544074BC21AA0
:10840000534253412372F8BD0548FCE7EEBC03001C
:108410008E85030048570020008000400000AD0B0F
:108420000C00AD0B10B50C4B02790C2101FB023294
:10843000127A42B909490A48DB2206F072FF07485E
:10844000DB2106F065FF046801222261007901FB4F
:1084500000331A7210BD00BF48570020EEBC030065
:108460008E850300F8B5144D03790C2707FB0353E1
:1084700004461B7A43B911491148BC2206F051FF4A
:108480000E48BC2106F044FF006840F30730F4F7C3
:1084900015FB23680026D3F80022C3F80062236886
:1084A0004FF0FF32C3F808232046FFF7BBFF2379C4
:1084B00007FB03552E72F8BD48570020EEBC0300A1
:1084C0008E85030070B5144C05790C2606FB054417
:1084D000247A54B9114912484FF4957206F021FFDD
:1084E0000E484FF4957106F013FF4FF48034056881
:1084F0008C4073B18B0003F5A0730026EE50EB584F
:108500000368C3F80443036801F5A87143F8212008
:1085100070BDC5F80843F6E748570020EEBC0300DD
:108520008E8503002DE9F0410025402329460120D6
:1085300003F1804202F5214214682CB111601268E7
:108540009A0800FA02F215430433582BF0D10E4B6F
:108550000E4FD3F80463402406F47C164FF0010854
:10856000A30808FA03F31E4208D02B4206D03B684A
:1085700023B104F58070796880B298470434502C98
:10858000EED1BDE8F08100BF00A0004048570020B8
:1085900038B544090CD0012C20D01549154840F2BB
:1085A000CA3206F0BEFE124840F2CA3106F0B0FEF2
:1085B0004FF0FF34C440E507EFD54FF0A04404EB83
:1085C00080001B02D0F800570B4C43EA82022C407B
:1085D00042EA41012143C0F8001738BD00F01F00F6
:1085E0004FF6FF74C440E407D7D5044CE7E700BF5B
:1085F000748D03008E850300F0F8FCFF000300502B
:1086000038B5857B0446CDB9D0E9000398420AD13C
:108610000B490C4840F2071206F083FE084840F26E
:10862000071106F075FE062303222946FFF7B0FF67
:108630006068062303222946FFF7AAFF012038BD00
:108640002BBD03008E85030010B4CC7B8A680368C1
:108650002CB9D1E90041C3F80845C3F80C15C3F89B
:108660002425037928225343064AD35833B100689E
:108670005DF8044B40F30730F4F712BA5DF8044B91
:10868000704700BF54570020F8B506460D4651B953
:108690001849194840F21B1206F043FE154840F2F3
:1086A0001B1106F035FE0079144F282148433C1871
:1086B00094F82210C9B93A50A160636084F825107B
:1086C00084F82410AB7B84F827302846FFF798FF06
:1086D00068B16B7B84F8263030462946FFF7B4FF3B
:1086E0000123074884F82230F8BD0648FCE7064815
:1086F000FAE700BF2BBD03008E850300545700200E
:108700000000AD0B0C00AD0B0400AD0B08B50E4B1B
:108710000279282101FB023393F82220012A0AD092
:108720000A490B484FF4E17206F0FBFD07484FF48D
:10873000E17106F0EDFD02680621C2F80015022283
:1087400083F8222008BD00BF545700202BBD030032
:108750008E85030010B51D4B0479282202FB0432DC
:1087600092F8221051B91A491A484FF4E77206F0EC
:10877000D8FD17484FF4E77106F0CAFD002191605B
:1087800002681549C2F80813D2F8001221F4BC514E
:10879000C2F800124FF08051D1F83001082809D1F9
:1087A000D1F83411052905D80C48415C11B10921D3
:1087B000C2F800150021C2F80015282202FB04337C
:1087C000012283F8222083F8241010BD5457002082
:1087D0002BBD03008E85030002029C0167BD0300D0
:1087E000F8B51C4E0779282505FB0765044695F862
:1087F000223053B9184919484FF4D17206F091FD4F
:1088000015484FF4D17106F083FD006840F307303E
:10881000F4F754F92046FFF79DFF95F8273093B9F8
:1088200095F826507DB92368D3F80805D3F80C4590
:108830002A462B460121FFF7ABFE2B462A46012193
:108840002046FFF7A5FE282303FB0766002386F8D2
:108850002230F8BD545700202BBD03008E85030045
:108860002DE9F84F03790E4617463BB94B68B3F52F
:10887000803F03D28B68B3F5803F0AD3A649A7484F
:1088800040F2B62206F04DFD40F2B621A24806F0B5
:108890003FFDA34D95F82230022B08D09E499F48FA
:1088A0004FF42F7206F03DFD4FF42F71EEE72B6869
:1088B000B3B90B78022B08D19749984840F2BF22F0
:1088C00006F02FFD40F2BF21E0E7032B08D19249CB
:1088D00092484FF4307206F024FD4FF43071D5E722
:1088E0000023046885F82330736833B1F36803F01C
:1088F0006043B3F1005F40F07F813378023B012B8E
:1089000006D8336903F06043B3F1005F40F074812F
:10891000844BC4F8083395F8243003F0FF013BB1D1
:10892000AB68DFF80482C4F804334046BDE8F88F32
:1089300017F0140F0CBF0123002385F8243033787F
:1089400085F82030737885F82130F268EA60736822
:108950002B61D6F810C0C5F814C0B068A861C7F381
:10896000001E85F825E0EF6196F801E0C4F888E57F
:10897000C4F86011D4F860E1C4F84811D4F848E1B3
:10898000C4F82411D4F824E1C4F80411D4F8041173
:1089900017F0010118BF0121C4F8501517F00201AA
:1089A00018BF0121C4F84015317807F008090329E0
:1089B00000F2AC80DFE801F08DA37D02F80608D557
:1089C000554956484FF40B7206F0ABFC4FF40B714F
:1089D0005CE7B9F1000F08D04F49504840F22D2212
:1089E00006F09FFC40F22D2150E7790708D54A494F
:1089F0004A4840F22E2206F094FC40F22E2145E730
:108A00004FF48071C4F80012C4F84425C4F8483506
:108A10000123A3604FF48011204608F0B3FC002826
:108A2000F8D1D5E90523C4F84425C4F848354FF4F6
:108A30008023AB60DFF8F4802A68B9F1000F40F0C2
:108A4000B1803378032B00F0AD80012B76D1236009
:108A50009AB92A69002A5CD0DFF8D4A0DFF8D49054
:108A60004FF0010B5146204608F08CFC830548BFAF
:108A7000C4F814B010EA090FF4D072682B68002A09
:108A800040F09080002B00F0918001236361790712
:108A900044BF0023AB607A065EBFAB6843F00203BD
:108AA000AB60AB6843F40073AB60AB68C4F80433ED
:108AB0003BE7C4F84425C4F84835C4F834C54FF43E
:108AC0008453C4F83805C4F800320123236202231A
:108AD000AFE7C4F84425BA06C4F848354BBF4FF495
:108AE00080734FF40073C4F80032C4F800324CBFF6
:108AF0004FF480230223AB60012323629AE7C4F87A
:108B00003425C4F838354FF48053DCE7DFF828808B
:108B100092E76361A0E700BF2BBD03008E850300D1
:108B20005457002002029C010B00AD0B0000AD0B5E
:108B300002020400020004000400AD0B0123A36044
:108B4000002A9AD12A692AB3DFF8C4A0DFF8C4B09A
:108B500019EA0A0F91D15946204608F013FC10F487
:108B6000007F8146F4D04FF08071204608F00AFC67
:108B7000D4F8003280B113F4007103D101222262D3
:108B800089466261D805E3D54FF48021204608F07C
:108B9000F9FB04E06361D7E70123236263614FF0CF
:108BA0000009D5E72B68002B7FF471AFD4F8C434EB
:108BB000C4F8C434002285F824208BB1104A11492E
:108BC00013F0010F14BF90468846013213F0020FD4
:108BD00018BF904613F0040F0B4B18BF9846A4E63D
:108BE0007B063FF5A2AE0949204608F089FB054BFC
:108BF000002808BF984698E6DFF81C8095E600BF7D
:108C00000000AE0B0100AD0B0200AE0B545700206C
:108C100002000400020204000A00AD0B70B5634CB0
:108C2000236886B053B96249624840F2063206F0C2
:108C300078FB5F4840F2063106F06AFB5E4D022188
:108C4000284608F09FFB4FF400710646284608F0BE
:108C500099FBD8B1E6B9A368C5F808330223A3602D
:108C6000A368C5F804334FF08071284608F08AFBEA
:108C700018B1D5F800329B0503D44F4B01221A627C
:108C80005A61012384F8233006B070BD002E57D0FE
:108C9000E5696E060AD494F823303BB94349464847
:108CA00008F02EFB80F0010084F8230015F0040585
:108CB00024D1414B94F82520C3F86051D3F86011BA
:108CC000C3F85C51D3F85C1112B194F8232052B16F
:108CD0000022C3F80022A260384AC3F80823384BA8
:108CE0000822C3F88021238CADF80430E368049394
:108CF0002369029363690593A36903932E4AD2F80B
:108D0000C434C2F8C434980749D4590749D4DA079F
:108D100049D494F823309B00DBB28DF8003094F8EE
:108D200025300BB984F82430E3695B0703D594F848
:108D30002330002BA8D0D4E9003168469847A3E738
:108D40004FF48021284608F01DFB94F82030A3B989
:108D500094F825304BB9C5F80032A360174BC5F81D
:108D60000833174B0822C3F8802100238DF8043004
:108D700094F821308DF80530B8E74FF40073C5F84A
:108D8000003240F20223A36003F1CE73C5F808332A
:108D9000A368C5F804330123AB602B6274E7012399
:108DA000BBE70223B9E70323B7E700BF545700200E
:108DB0002BBD03008E8503000030004002029C01A1
:108DC00000E100E008B503685909024613D0012903
:108DD00006D103F01F034FF6FF71D940C80712D424
:108DE0000A490B4840F2CA3206F09BFA074840F2A3
:108DF000CA3106F08DFA4FF0FF31D940C907EFD5DF
:108E00004FF0A04000E00348136008BD748D0300DC
:108E10008E85030000030050F7B50C46064608F0A7
:108E2000DBFA204608F0D8FA01A80196FFF7CAFF3E
:108E3000019B2E4F019400EB830040F20D65D0F8AA
:108E400000373B402B43C0F8003701A8FFF7BAFFBB
:108E5000019B00EB8300D0F800373B402B43C0F868
:108E60000037042008F058F80925012701A80194CB
:108E7000FFF7A8FF019AD0F81035D340DB0715D4CF
:108E800001A80196FFF79EFF019B07FA03F3C0F8C4
:108E90000C35042008F040F8304608F09DFA013DFA
:108EA000042008F039F815F0FF05DFD101A801947E
:108EB000FFF788FF019A01239340C0F80C35042086
:108EC00008F02AF8204608F087FA042008F024F871
:108ED00001A80194FFF776FF019AD0F810350448F5
:108EE000D34003F00103C01A03B0F0BDF0F8FCFF5B
:108EF0000100AD0B08B5124BA8220021184608F05E
:108F000068FC032202610F4942610F4A8161C2611C
:108F10004FF480620262002282624262C262016693
:108F20000A49416610218166094902670346C26603
:108F3000426711F8010D98540132102AF9D108BD89
:108F4000100400206DBD0300100000200000002070
:108F500086BD03002DE9F84FDFF87C80182606FB5C
:108F6000008E00FB06664644DEF82440DEF828C08A
:108F70007368A44507468946154603EB040022D8CA
:108F8000DEF820B0ABEB040A0AF1FF339A4203D8B3
:108F900008F0F7FB2C440FE063449A4219D852467C
:108FA0002C4408F0EEFBB4EB0B0405D070682246AD
:108FB00009EB0A0108F0E5FB182303FB07830120F6
:108FC0005C62BDE8F88F0CF1FF3CACEB040C9445FF
:108FD000DED20020F5E700BF10040020F8B5144BE6
:108FE000182700FB07751D4407FB00330E46DB6A9C
:108FF000012B14460AD0022B14D023B9284608F0BE
:10900000F8F9844208D900242046F8BD284608F023
:10901000F0F9844228BF044622463146284608F02B
:10902000F1F9F1E72846BDE8F84008F006BA00BFBC
:1090300010040020F8B50B4B1B78532B04460E464A
:10904000174601D0FFF756FF08F026FA3A460546C4
:1090500031462046FFF7C2FF0446284608F024FAAE
:109060002046F8BD10040020034B182202FB0033F9
:109070009A6A586A801A70471004002010B4094A8E
:1090800009490023C85C12F8014D844205D101331F
:10909000102BF7D15DF8044B70475DF8044BFFF7D8
:1090A00029BF00BF86BD03001004002008B5084A90
:1090B000084B93420AD908490848192206F031F9A9
:1090C0000548192106F024F92433F2E7FCD308BD42
:1090D000501C0300C819030087BD03008E850300E0
:1090E00070B50446C0B1037813B3124D124EB542A9
:1090F0001BD912491248282206F013F90F482821DB
:1091000006F006F92968A14208D1284608F0D5F9E9
:10911000002814BF2C460024204670BD2046D7F7F7
:10912000C5FE0028F1D02435E1E7EBD30024F3E7B6
:109130001C46F1E7C8190300501C030087BD03005B
:109140008E850300014B9868803070477C57002063
:109150002DE9F047044600AF0D46EFF31189402397
:1091600083F31288BFF36F8F0428374A98BF374BB9
:109170009668117C94BF53F82030354BEA468CB08A
:109180006A46DFF8F48033485061C2E9083140F2A2
:1091900002431385304BC2E9068442F8103F2F4842
:1091A00000234FF45151F0F731FDD546B5B1EB69CD
:1091B000C3F3080393B10820F0F748FB40B1284BF4
:1091C000C0E9053803230374002343748374C37414
:1091D000224900234FF4C25206F051FD2EB1304611
:1091E00008F014FA08B1037803B91E48EA468AB0B9
:1091F0006A461D4BC2E9053840F2024393841B4B7B
:10920000C2E9076042F8103F144800234FF431517F
:10921000F0F7FCFC2946D5462046FAF795F9042CD0
:1092200008D113491348872206F07BF8104887219C
:1092300006F06EF889F31188BFF36F8F3046F3F7AD
:10924000BDFBBD46BDE8F0877C57002054370300C6
:10925000AABD0300C0BD030006000001E422030014
:10926000ECBD0300B8BD030011BE03000500000102
:109270002DBE03008E85030099BE030038B50A4B4E
:1092800053F82040013053F82050A54200D838BD93
:10929000606830B1037FDB0701D408F019F90834A6
:1092A000F3E723689847FAE76837030070B5344B53
:1092B000344C354D012286B003201A70FFF7DEFFD3
:1092C000F2F7BAFC0420FFF7D9FFAC42264624D9B6
:1092D0002E492F48422206F024F842212B4806F05E
:1092E00017F854F80C3C059354F8103C049354F8C8
:1092F000143C039354F8183C029354F81C3C01931B
:1093000054F8203C009354E90A2354E90C0101F07D
:1093100015F954F8303C5E65D7E7AE4204F13004ED
:10932000DFD301F07DFE174C1A4EAC421BD9174912
:109330001748662205F0F5FF6621CFE7D4E90A2336
:10934000B3F1FF3F08BFB2F1FF3F05D052EA03017E
:10935000206803D102F06AF83034E6E7314618306D
:1093600002F0C8FBF8E7E9D301F0A8FEDFF76EFAD8
:10937000094A137B23F00103137306B070BD00BFCD
:10938000D8620020D01D030010200300A7BE0300F8
:109390008E85030071160300B030002008B5034825
:1093A000034A0021121A08F0AAF808BDA00F0020F5
:1093B000DC62002070B5164E164D174986B0E023CA
:1093C00003FB0066154B059301220F23CDE9033201
:1093D0000023CDE90133182303FB0055044601EBBC
:1093E00040210F4B00954FF4C072304601F0A6F8B3
:1093F000737B0C4AEE6023F0040373734FF49063A5
:1094000004FB033313442C746B6006B070BD00BFC3
:10941000D02F00207C57002000990020C8BE0300F8
:109420004D97020080940020BFB50020FFF726FF73
:109430002B4B83F308882B4C2B4F636943F4007349
:109440006361E02384F8223000252023E37725762A
:109450006576A57684F82050636A43F4E02363625E
:1094600084F82350F3F726FAF3F754FC4FF0FF3358
:10947000A362E362F3F77AFDF3F770FCF0F7AEF95D
:109480001A481B4C01F000F9FFF710FE0120FFF70E
:10949000F5FE0220FFF7F2FE01F080FE154B1649A3
:1094A0009C61164B05930123CDE903534FF40072E1
:1094B0003B46CDE901550095204601F03FF8627B1F
:1094C000064622F004022046627301F035FA28466F
:1094D000FFF770FF3A4631462046F3F7F5FB00BF31
:1094E0000099002000ED00E0AD92020090310020D4
:1094F000B03000207C570020009B0020CD4F03009F
:1095000038B50B4C0B4D0020AC420FD90A490B4823
:10951000942205F006FF0848942105F0F9FE204644
:1095200007F0F1FF002802DB2034EDE7F7D338BD68
:10953000480D0020680D0020D0BE03008E8503007A
:109540002DE9F74305460E4691461C4600F10807F3
:10955000EFF31188402383F31288BFF36F8F3846EF
:1095600002F052FA38B92B492B48882205F0D9FE6F
:109570008821284822E0384602F06AFA2B69FBB1BC
:1095800033601C68EB692C610133EB6114B96A69C3
:1095900093421BD0EB68E41A09D4D5E905235A435A
:1095A000A24204D9B4FBF3F203FB124474B11B4989
:1095B0001948E92205F0B5FE1848E92105F0A8FE92
:1095C00059EA04020FD133606FF00B04384602F001
:1095D00029FAC8B90F49104840F2311205F0A1FE2E
:1095E00040F23111C5E7CDE900942A46414638469C
:1095F00001F026FB044618B9094B9B681B693360D0
:10960000204603B0BDE8F08388F31188BFF36F8F65
:10961000F6E700BFE99503008E850300D0BE030086
:109620007C5700202DE9F843C368CB1A05460E4647
:109630001ED4D0E905125143994219D9B3FBF2F176
:1096400002FB1133A3B900F10808EFF3118940249C
:1096500084F31288BFF36F8F404602F0D5F990B9BA
:1096600036493748882205F05CFE8821334808E0F7
:109670003449334840F2111205F053FE314840F2AC
:10968000111105F045FE404602F0E2F92F69002F66
:109690003AD1EFF3118384F31288BFF36F8F83F312
:1096A0001188BFF36F8F3BB927492548B02205F0D9
:1096B00038FEB0212448E4E72C68A54224D01CB32E
:1096C000A36833B920491E48992205F02AFE992142
:1096D000F0E7D4E9003213605A60637BA76023F09F
:1096E00002036373C4E9007704F1180002F0CCFAB6
:1096F0002046C4F89870266101F01EF9494640469C
:10970000BDE8F84301F000BC2B693360EB692E61C2
:10971000013BEB61404602F085F940B90749084832
:1097200040F2311205F0FDFD40F231119EE789F360
:109730001188BFF36F8FBDE8F88300BFE995030080
:109740008E850300D0BE0300F5BE030008B50C4BA8
:109750009B6893F90E30002B09DB4024EFF3118353
:1097600084F31288BFF36F8F06F00CFDF6E705490E
:1097700005481C2205F0D5FD02481C2105F0C8FD56
:109780007C57002020BF03008E8503002DE9F341A4
:10979000044617461E46EFF3058545B15149524828
:1097A0006F2205F0BEFD4F486F2105F0B1FDEFF3CC
:1097B0001188402383F31288BFF36F8F4B4802F068
:1097C00023F938B94A494848882205F0AAFD88217A
:1097D0004748EAE7454802F03BF9E368454A9BB150
:1097E000A0689168884224D057EA060329D13F48EF
:1097F00002F018F9A0B188F31188BFF36F8F6FF0F2
:109800000F0002B0BDE8F081916891F90E10374861
:1098100021610133E3609368A36002F003F950B95A
:109820003349314840F2311205F07BFD40F23111ED
:10983000CEE72169EBE788F31188BFF36F8F002033
:10984000DFE791F90E1090F90E309942A8BF194642
:109850006FF07E029142B8BF11468B4202DD07F0E5
:109860007BFE0546CDE9007620482246414601F0C0
:10987000E7F90028E3D0EFF31186402383F3128841
:10988000BFF36F8F194802F0BFF800289AD017482D
:1098900002F0DEF8A068C0B1236821699C420AD0BA
:1098A0004BB193F90E309942A8BF19466FF07E0371
:1098B0009942B8BF194607F04FFE30B10B48314608
:1098C00001F022FB6FF00A009BE7002DF6D107485C
:1098D00002F0A8F80028A3D086F31188BFF36F8F99
:1098E000F0E700BF41BF03008E850300A0570020B2
:1098F000E99503007C570020F8B50546EFF3058392
:1099000043B14A494A48D72205F00BFDD7214748C1
:1099100005F0FEFC8368002B00F08180454A9268C8
:1099200093427FD1C36833B940494148EF2205F0E3
:10993000F8FCEF21EBE7012B03D0013BC3600020D3
:10994000F8BDEFF31187402484F31288BFF36F8FC3
:10995000394802F059F838B938493548882205F0B5
:10996000E0FC88213548D3E7334802F071F82969D3
:10997000A86807F0F1FDEFF3118384F31288BFF3B9
:109980006F8F83F31188BFF36F8F3BB92C49284841
:10999000B02205F0C6FCB0212948B9E72C68AC42DA
:1099A0000FD10023C5E90233234802F03BF888BBFE
:1099B00022491F4840F2311205F0B3FC40F2311148
:1099C000D0E7002CEDD0A36833B91D49184899227F
:1099D00005F0A7FC9921DFE7D4E9003213605A6053
:1099E000637B002623F002036373C4E90066A6606C
:1099F00004F1180002F048F9AC6094F90E302B61C4
:109A00002046C4F8986000F097FF0B48394601F0F3
:109A10007BFA94E787F31188BFF36F8F8FE76FF0BE
:109A200015008DE74FF0FF308AE700BF41BF03000C
:109A30008E8503007C570020A0570020E995030085
:109A4000F5BE030008B5836843B90B490B4899225A
:109A500005F067FC0848992105F05AFCD0E900326E
:109A600013605A60427B0023C0E9003322F00202F7
:109A70004273836008BD00BFF5BE03008E850300FE
:109A80002DE9F04704469DF820600D4691469A4620
:109A900000F10807EFF31188402383F31288BFF326
:109AA0006F8F384601F0B0FF38B9444944488822E6
:109AB00005F037FC8821414817E0384601F0C8FF1F
:109AC00006B16568EFF31183402282F31288BFF379
:109AD0006F8F83F31188BFF36F8F43B939493848CB
:109AE000B02205F01EFC3748B02105F011FC2346DA
:109AF00053F80C6F9E4216D0AEB13046FFF7A2FF6E
:109B0000002406F1180002F0BFF83046C6F898406D
:109B1000C6F8109000F010FF4146384601F0F4F905
:109B20002046BDE8F087BAF1000F14D0082002F0FB
:109B30004FFB00283AD00122C0F80490026001686F
:109B400001F003015DB922680A4302606268206087
:109B50006AB960600BE0C9F800A04846EFE72A68E0
:109B6000032A18D80160616879B9C4E900000024AB
:109B7000384601F057FFE0B91049114840F2311260
:109B800005F0CFFB40F2311195E70A6802F00302BD
:109B900002430A60DDE722F003020A4302602A68FA
:109BA00002F0030240EA02032B60E0E76FF00B04CF
:109BB000DEE788F31188BFF36F8FB1E7E995030003
:109BC0008E850300F5BE03002DE9F7430546904658
:109BD0001F4600F10806EFF31189402383F3128832
:109BE000BFF36F8F304601F00FFF40B91F49204887
:109BF000882205F096FB88211C4805F089FB304639
:109C000001F026FF2C68CCB123686A6823F00303B7
:109C1000944220462B6008BF6B60012107F0ABFC2B
:109C20000446304601F0FEFEC0B91049104840F22B
:109C3000311205F076FB40F23111DDE758EA0703F7
:109C4000EFD0CDE9008705F10C024946304600F01F
:109C5000F7FF38B9074B9B681C6903E089F311884B
:109C6000BFF36F8F204603B0BDE8F083E995030092
:109C70008E8503007C57002008B5836843B90B49E3
:109C80000B48992205F04DFB0848992105F040FB4F
:109C9000D0E9003213605A60427B0023C0E90033F0
:109CA00022F002024273836008BD00BFF5BE0300CC
:109CB0008E85030070B50446EFF31186402585F3C9
:109CC0001288BFF36F8F294801F09EFE38B92849EA
:109CD0002848882205F025FB8821254814E02348E0
:109CE00001F0B6FEEFF3118385F31288BFF36F8F97
:109CF00083F31188BFF36F8F43B91F491D48B0220A
:109D000005F00FFB1C48B02105F002FB2568AC42B2
:109D100013D095B12846FFF7AFFF05F1180001F009
:109D2000B3FF00232846C5F8983000F005FE314601
:109D30000E48BDE8704001F0E7B8D4E902329A421B
:109D400018BF01330948A36001F06CFE40B908490F
:109D5000084840F2311205F0E4FA40F23111BCE754
:109D600086F31188BFF36F8F70BD00BFA45700202A
:109D7000E99503008E850300F5BE0300F7B50446A0
:109D800016461D46EFF305835BB152EA050308D082
:109D900026492748882205F0C4FA2448882105F07E
:109DA000B7FAEFF31187402383F31288BFF36F8F65
:109DB000204801F029FE38B91F491D48882205F0C6
:109DC000B0FA88211C48EAE71A4801F041FEA3686E
:109DD000ABB1013B1748A36001F024FE40B916491E
:109DE000134840F2311205F09CFA40F23111E9E7D4
:109DF00087F31188BFF36F8F002003B0F0BD56EAE0
:109E000005030BD10B4801F00DFE0028E7D087F3C6
:109E10001188BFF36F8F6FF00F00EEE7CDE900659B
:109E200022463946034800F00BFFE6E763BF030014
:109E30008E850300A4570020E99503002DE9F8431F
:109E40000546EFF31188402787F31288BFF36F8F21
:109E50002A4801F0D9FD064638B9294929488822FF
:109E600005F05FFA8821264817E0244801F0F0FD4C
:109E70006FF00A090023EFF3118287F31288BFF312
:109E80006F8F82F31188BFF36F8F42B91E491D484F
:109E9000B02205F046FA1C48B02105F039FA2C68CA
:109EA000A5420ED06CB12046FFF7E6FE04F1180083
:109EB00001F0EAFEC4F89890204600F03DFD3346DC
:109EC000D9E70022AA602BB141460C48BDE8F8430F
:109ED00001F01AB8094801F0A5FD40B90849094840
:109EE00040F2311205F01DFA40F23111BBE788F360
:109EF0001188BFF36F8FBDE8F88300BFA45700201F
:109F0000E99503008E850300F5BE03002DE9F043BB
:109F1000714E724F85B00446EFF31188402383F3EE
:109F20001288BFF36F8F304601F06EFD40B96C4967
:109F30006C48882205F0F5F98821694805F0E8F9B0
:109F4000304601F085FDD4F8E450F5B9022104F162
:109F5000FC0007F033FB00283BD004F1F40500229D
:109F60000121284601F030FC0028F8D1002302939B
:109F70004FF0FF324FF0FF33CDE90023414604F1AB
:109F8000EC02304601F06CFCC6E7D4F8E8202B6800
:109F9000C4F8E430954208BFC4F8E830D4F8FC3087
:109FA00043F00203C4F8FC30EB68D5F8049023F0CA
:109FB000040343F00103EB60304601F033FDD0B9F8
:109FC0004749484840F2311205F0ABF940F23111EF
:109FD000B3E7D4F8FC30DD06C8D5C4F8FC003E4831
:109FE00001F020FD0028EBD088F31188BFF36F8FBC
:109FF00005B0BDE8F08388F31188BFF36F8FB9F126
:10A00000000F09D13849374840F2AB2205F089F9F1
:10A01000354840F2AB2191E72846C847EFF3118855
:10A02000402383F31288BFF36F8F304601F0ECFCBE
:10A0300000283FF47CAF304601F00AFDEB68D906FA
:10A0400023F0010231D4EA60EB689A0716D538682C
:10A0500023F00203EB6088B10368002170B142680D
:10A06000954230D1036841BB7A683B60824200D19F
:10A070007B60002340F8083BFFF71CFED4F8FC305F
:10A0800023F00203C4F8FC303046C3F3002501F08E
:10A09000C9FC002894D088F31188BFF36F8F002D7E
:10A0A0007FF43AAF01F082F836E723F01103EB605A
:10A0B00005F11000FFF7FEFDC6E70B607B688342E9
:10A0C00008BF7960D5E723B11A68014618461346E0
:10A0D000C4E71A46F9E700BFB0570020A857002090
:10A0E000E99503008E85030083BF0300F8B5C368BC
:10A0F0009A0704460F46C3F340063AD45B0726D4BA
:10A100000B680BB983680B60E368DD0722D5A36891
:10A1100053B9294929484FF4AA7205F002F9264893
:10A120004FF4AA7105F0F4F83B6002263D68002D5B
:10A130003ED0234B9A68D5F8E0309A420CD0D5F83F
:10A14000FC30D807C3F3800216D46FF01206002348
:10A150003B6027E00126E9E707F052FAD5F8FC302A
:10A160000028EED1D907C3F3C002EED552B15B0788
:10A1700008D46FF00F06EAE7002AFAD1C3F3C00350
:10A18000002BF6D100232360D5F8E83063B9C5E988
:10A190003944284607F01DFAE36843F00403E360FE
:10A1A0003B68A3603046F8BD1C60C5F8E840F0E7A6
:10A1B0006FF01506CBE700BF83BF03008E85030059
:10A1C0007C57002073B50446EFF31185402383F3D9
:10A1D0001288BFF36F8F194801F016FC40B9184977
:10A1E0001848882205F09DF88821154805F090F858
:10A1F000124801F02DFC00230321201F0193A4F13C
:10A20000100607F0DBF928B1A369019301A93046D4
:10A21000FFF76CFF094801F005FC40B908490948FF
:10A2200040F2311205F07DF840F23111DDE785F39F
:10A230001188BFF36F8F02B070BD00BFB057002010
:10A24000E99503008E85030038B50D46044640B9F4
:10A250000B490C48992205F064F89921084805F04B
:10A2600057F831B9064907489A2205F05AF89A2159
:10A27000F4E71022002107F0ACFA656038BD00BF9A
:10A2800083BF03008E85030037B50C46019051B99A
:10A29000224923484FF4BD7205F043F84FF4BD71D5
:10A2A0001E4805F035F84B6843B91C491C4840F27C
:10A2B0007B1205F036F840F27B11F1E7EFF31185E0
:10A2C000402383F31288BFF36F8F164801F09CFB85
:10A2D00038B915491248882205F023F88821124818
:10A2E000DFE7104801F0B4FB204601A9FFF7FEFEAE
:10A2F00004460C4801F096FB40B90B49084840F26F
:10A30000311205F00EF840F23111E8E785F31188BB
:10A31000BFF36F8F204603B030BD00BF83BF030083
:10A320008E850300B0570020E9950300F0B589B091
:10A3300004460E9D50B92D492D4840F2F12204F0FB
:10A34000F0FF40F2F121294804F0E2FF41B927492A
:10A35000274840F2F22204F0E4FF40F2F221F2E753
:10A36000D0F8FC0010F0010008D02049204840F24D
:10A37000F32204F0D6FF40F2F321E4E7C4E9390008
:10A3800004F1EC00C4E93B0004F1F400C4E93D0031
:10A3900055B32879002840F2011008BF0120C4F805
:10A3A000FC0000204FF0FF364FF0FF37CDE90330BF
:10A3B000CDE90100CDE906670E4B0094204600F080
:10A3C00025F955B1296811B1204600F0A7F86B793D
:10A3D0001BB1237B43F001032373204601F026F8D1
:10A3E000C4F8E04009B0F0BD0120D8E783BF030006
:10A3F0008E8503000D9F020038B50D46044650B906
:10A400000E490F4840F2923204F08BFF40F2923135
:10A410000A4804F07DFF41B90849094840F29332E7
:10A4200004F07FFF40F29331F2E73022002107F081
:10A43000D0F94FF480736560E36038BD83BF0300DB
:10A440008E850300F7B50C46019016461D4650B99F
:10A450002D492E4840F20D4204F063FF40F20D41B9
:10A46000294804F055FF41B92749284840F20E42D7
:10A4700004F057FF40F20E41F2E7EFF3118740235B
:10A4800083F31288BFF36F8F214801F0BDFA38B90A
:10A4900020491E48882204F044FF88211D48E0E737
:10A4A0001B4801F0D5FAE36813F01E0F22D155EADC
:10A4B000060211D1204601A9FFF718FE04461448F0
:10A4C00001F0B0FAC0B91349104840F2311204F05B
:10A4D00028FF40F23111E1E743F00803E360019BFC
:10A4E000A36204F110000C4932462B4601F002FB36
:10A4F0000124E4E70024E2E787F31188BFF36F8FBC
:10A50000204603B0F0BD00BF83BF03008E8503006B
:10A51000B0570020E9950300C5A1020010B504461C
:10A5200008B9054B9C681F2204F1600007F066F92A
:10A53000002084F87F0010BD7C570020F0B585B066
:10A5400004460D9D0F9E0F2D46D12C48834247D1C6
:10A55000073222F00702FF320E9F277304F15800E2
:10A5600022F07F02C4E91600042700207F2AC4E9F4
:10A570000600A0606773A573E07301F1800EA2F17D
:10A58000800C05D880F31188BFF36F8F384602DF47
:10A590008D1800270C9AC4F88C70C4E921EC029243
:10A5A0000B9A01920A9A009220462A46F2F706FB7D
:10A5B000676506B31F22314604F1600007F01EF9FB
:10A5C00084F87F700E4B9B680BB1D3F89030C4F8C1
:10A5D0009030284605B0F0BD05F110001E28B7D90F
:10A5E0000849094840F2052204F09BFE054840F264
:10A5F000052104F08DFE84F86060E3E74D970200CA
:10A600007C570020A4BF03008E850300F0B587B0FF
:10A61000DDE912760446EFF3058555B11749184870
:10A6200040F2922204F07DFE144840F2922104F0A0
:10A630006FFE0595109D04950F9D03950E9D029547
:10A640000D9D01950C9D0095FFF778FFB6F1FF3F3A
:10A6500008BFB7F1FF3F05D056EA070305D12046F2
:10A6600000F0E4FE204607B0F0BD3A46334604F160
:10A670001800044901F03EFAF4E700BFA4BF03004C
:10A680008E8503007116030040F2011310B583811B
:10A690000023C0E92133044601F094FD014B9C6086
:10A6A00010BD00BF7C5700200A4A93686FF00A0172
:10A6B000C3F898100849C3F894004B6843F08053DE
:10A6C0004B60002383F31188BFF36F8F9368D3F837
:10A6D000980070477C57002000ED00E038B590F9F5
:10A6E0000D20437B002A014610DA03F07F034373F9
:10A6F000184B984208D118491848562204F011FE08
:10A700001548562104F004FE06F082FF144D2A4637
:10A71000AB6852F81C4F944200D004B9EC688B42ED
:10A7200010D03BB90F490D48D52204F0FAFD0D4871
:10A73000D521E7E75A7BD20604D1DA897F2A01D9ED
:10A74000A2692AB1A34202D0204601F0E3F82346D1
:10A75000AB6138BDD02F0020C7BF03008E8503003A
:10A760007C570020E9BF030008B5836843B9094955
:10A770000948992204F0D5FD0648992104F0C8FD46
:10A7800006F046FF437B23F00203437300238360FC
:10A7900008BD00BFF5BE03008E85030070B590F9BB
:10A7A0000D20437B002A4BDBD90649D163F07F03A0
:10A7B0004373254B984208D1244925484F2204F081
:10A7C000B0FD22484F2104F0A3FD224C2246216A0D
:10A7D00052F81C3F934207D1C0E900210860206273
:10A7E00011E09942F8D01B68002BF5D090F90E507B
:10A7F00093F90E60B542F4D0AE42F2DD5968C0E97B
:10A80000003108605860E569954200D005B9E568F7
:10A81000A3683BB910490E48D52204F082FD0E48CA
:10A82000D521D0E75A7BD20604D1DA897F2A01D913
:10A83000AA6932B1AB4202D0284601F06BF8A5619B
:10A8400070BDA361FCE700BFD02F0020C7BF03008D
:10A850008E8503007C570020E9BF030070B590F996
:10A860000D20437B2F4C002A01460FDA03F07F03B3
:10A87000A042437308D12C492C48562204F051FDC4
:10A880005621294804F044FD06F0C2FE4B7BA1424C
:10A8900063F07F034B7306D1234924484F2204F011
:10A8A00040FD4F21EDE7224C2246206A52F81C3F22
:10A8B000934207D1C1E900200160216211E0984272
:10A8C000F8D01B68002BF5D091F90E5093F90E606B
:10A8D000B542F4D0AE42F2DD5868C1E90030016003
:10A8E0005960E569A368954200D005B9E5688B42D7
:10A8F00010D03BB90F490D48D52204F012FD0D4888
:10A90000D521BFE75A7BD20604D1DA897F2A01D943
:10A91000AA692AB1AB4202D0284600F0FBFF2B46C1
:10A92000A36170BDD02F0020C7BF03008E85030038
:10A930007C570020E9BF030038B50446EFF31185CA
:10A94000402383F31288BFF36F8F124801F05CF845
:10A9500040B911491148882204F0E3FC88210E48CF
:10A9600004F0D6FC0B4801F073F82046FFF716FF01
:10A97000084801F057F840B90749084840F2311239
:10A9800004F0CFFC40F23111E9E785F31188BFF301
:10A990006F8F38BDB4570020E99503008E85030002
:10A9A000F8B5644DAE68864204464ED1EFF3058398
:10A9B000002B4AD1EFF31187402383F31288BFF3B2
:10A9C0006F8F5D4801F020F838B95C495C488822F7
:10A9D00004F0A7FC8821594812E0574801F038F8E4
:10A9E000737B03F07F0343F010037373554B9E4258
:10A9F00008D155495248562204F093FC524856213A
:10AA000004F086FC304606F003FE2B4653F81C4F3C
:10AA10009C4200D004B9EC68AB689C4202D020464E
:10AA200000F078FF4448AC6100F0FCFF40B94349B6
:10AA3000434840F26B1204F074FC40F26B11CAE719
:10AA40003846BDE8F840FFF72FBEEFF311864023EC
:10AA500083F31288BFF36F8F374800F0D5FF0028CB
:10AA6000B3D0354800F0F4FF637BDA060DD53248E9
:10AA700000F0D8FF002858D13049314840F2311257
:10AA800004F04FFC40F23111A5E7D90943F0100260
:10AA90003ED16273EF692D4B9F4200D007B9EF683A
:10AAA000AB68BB4202D0384600F034FFAB68AF6100
:10AAB0009C42DCD1EFF30585002DD8D1237BDB0749
:10AAC0001FD51D4800F0AEFF0028D5D086F31188B1
:10AAD000BFF36F8F85F31188BFF36F8F0423184680
:10AAE00002DFEFF31186402383F31288BFF36F8FE9
:10AAF000114800F089FF00283FF467AF0E4800F0CE
:10AB0000A7FF0D4800F08EFF002890D0304698E750
:10AB100003F07F0343F0100363730A4B9C423FF43E
:10AB200068AF204606F074FDB4E786F31188BFF3E2
:10AB30006F8FF8BD7C570020B4570020E9950300C3
:10AB40008E850300D02F0020C7BF03009857002038
:10AB500038B50446EFF31185402383F31288BFF321
:10AB60006F8F134800F050FF40B9124912488822F5
:10AB700004F0D7FB88210F4804F0CAFB0C4800F012
:10AB800067FFA36813B12046FFF7EEFD084800F009
:10AB900049FF40B90749084840F2311204F0C1FBAF
:10ABA00040F23111E7E785F31188BFF36F8F38BDAD
:10ABB000B4570020E99503008E85030038B504469C
:10ABC000EFF31185402383F31288BFF36F8F194889
:10ABD00000F01AFF40B918491848882204F0A1FB78
:10ABE0008821154804F094FB124800F031FF637B84
:10ABF00013F0280F0BD1A36813B12046FFF7B4FD63
:10AC0000637B23F0040363732046FFF7C7FD094805
:10AC100000F008FF40B90849084840F2311204F03A
:10AC200080FB40F23111DCE785F31188BFF36F8FB1
:10AC300038BD00BFB4570020E99503008E8503009E
:10AC40002DE9F047DFF8C8A02B4F2C4B1646B84231
:10AC5000DAF808201A60DDE9089804460D460AD1A2
:10AC60002749284840F2722204F05BFB244840F256
:10AC7000722104F04DFBEFF31183402383F312881C
:10AC8000BFF36F8F384600F0BFFE38B91E491D482C
:10AC9000882204F046FB88211B48EAE7384600F08A
:10ACA000D7FEDAF808703146384606F0B9FCB8F13C
:10ACB000FF3F08BFB9F1FF3F06D014494A4643465B
:10ACC00007F1180000F016FF204600F0ABFE40B977
:10ACD0000D490C4840F26B1204F023FB40F26B115B
:10ACE000DAE7054800F09EFE0028F1D02846BDE8CE
:10ACF000F047FFF7D9BC00BFB4570020B857002079
:10AD0000C7BF03008E850300E99503007116030099
:10AD10007C57002070B50546EFF31186402383F37E
:10AD20001288BFF36F8F164800F06EFE40B91549C8
:10AD30001548882204F0F5FA8821124804F0E8FA50
:10AD40000F4800F085FE2C68A54210D014B12046B3
:10AD5000FFF70AFD0A4800F065FE50B909490A48A4
:10AD600040F2311204F0DDFA40F23111E5E700243F
:10AD7000F0E786F31188BFF36F8F204670BD00BFE8
:10AD8000B4570020E99503008E8503002DE9F041BA
:10AD900004460D46EFF31187402383F31288BFF377
:10ADA0006F8F524800F030FE38B95149514888221F
:10ADB00004F0B7FA88214E4817E04C4800F048FEEE
:10ADC000637B03F01F02002A0CBF0126002657D127
:10ADD00003F07F036373484B9C4208D147494548C1
:10ADE000562204F09EFA4548562104F091FA204676
:10ADF00006F00EFCDFF80C81637B424663F07F03B4
:10AE00006DB2A573637352F81C3F934235D1D8F8E5
:10AE10002010C4E900210C60C8F820400FE09942DE
:10AE2000F7D01B68002BF4D093F90E008542F6D0C2
:10AE3000A842F4DD5968C4E900310C605C60D8F8C0
:10AE40001C40944200D00CB9D8F80C40D8F8083017
:10AE50009C4202D0204600F05DFDC8F8184023480F
:10AE600000F0E0FD002839D12149224840F231129A
:10AE700004F057FA40F231119DE7D8F82010D1E7DD
:10AE80009B0729D5A16839B91D491A48992204F0B0
:10AE900048FA1B489921A8E720466DB206F0B8FB96
:10AEA000A5730B68994209D14B68C4E900131C6073
:10AEB0004C60D4E74A689342F6D01B68002BF3D06D
:10AEC00093F90E209542F5D0AA42F3DD5A68C4E901
:10AED000003214605C60C2E7A573C0E787F3118895
:10AEE000BFF36F8F3046BDE8F08100BFB45700203C
:10AEF000E99503008E850300D02F0020C7BF030013
:10AF0000F5BE03007C57002038B503460C46D1B986
:10AF1000EFF30585BDB9154A91699268914212D047
:10AF200000F080FD50B91249124840F26B1204F053
:10AF3000F8F940F26B110E4804F0EAF92846BDE832
:10AF40003840FFF7B1BB184600F06CFD40B9084926
:10AF5000084840F2311204F0E4F940F23111EAE716
:10AF600084F31188BFF36F8F38BD00BF7C5700207A
:10AF7000E99503008E85030038B50446EFF311858B
:10AF8000402383F31288BFF36F8F184800F03CFD15
:10AF900040B917491748882204F0C3F9882114489A
:10AFA00004F0B6F9114800F053FD637BDA0611D4C2
:10AFB0000E4800F037FD40B90D490E4840F23112FD
:10AFC00004F0AFF940F23111E9E785F31188BFF3DE
:10AFD0006F8F38BD23F0100320466373FFF7DEFB4D
:10AFE00029460248BDE83840FFF78EBFB45700201D
:10AFF000E99503008E850300034648B9EFF3058207
:10B0000032B9064A91699268914201D0FFF74CBB70
:10B0100083F31188BFF36F8F704700BF7C57002008
:10B0200010B5EFF31184402383F31288BFF36F8FC1
:10B030001D4800F0E9FC38B91C491D48882204F07D
:10B0400070F9882119480CE0174800F001FDEFF372
:10B05000058343B1174916488F2204F062F98F2106
:10B06000144804F055F9144B9A68D37B012B06D190
:10B0700010490F48902204F054F99021F0E7013B69
:10B08000D373094800F0CEFC40B90849084840F2A3
:10B09000311204F046F940F23111D3E784F31188FC
:10B0A000BFF36F8F10BD00BFB4570020E9950300B8
:10B0B0008E850300F5BE03007C57002070B5EFF3CA
:10B0C0001186402383F31288BFF36F8F2E4800F060
:10B0D0009BFC38B92D492E48882204F022F988219A
:10B0E0002A480FE02B4D284800F0B2FCAB68DA7B11
:10B0F00052B92949264840F20D3204F012F940F2C3
:10B100000D31254804F004F9EFF3058141B12249DE
:10B110001F4840F20E3204F004F940F20E31F0E71D
:10B120000132DA732A4652F81C4F944200D004B917
:10B13000EC685A7BD20604D1DA897F2A01D9A26948
:10B140002AB1A34202D0204600F0E4FB23460E4879
:10B15000AB6100F067FC40B90C490D4840F2311278
:10B1600004F0DFF840F23111BAE786F31188BFF33B
:10B170006F8FEFF31180402383F31288BFF36F8F3B
:10B18000BDE87040FFF738BFB4570020E9950300D1
:10B190008E8503007C570020C7BF0300024B03F1DC
:10B1A0001C02C3E9072270477C57002070B5EFF3FB
:10B1B000058353B13249334840F2244204F0B1F8D8
:10B1C0002F4840F2244104F0A3F8EFF31186402306
:10B1D00083F31288BFF36F8F2B4800F015FC38B94A
:10B1E0002A492848882204F09CF888212748EAE761
:10B1F000274C254800F02CFCA168206A0B6881428E
:10B2000014BF1A46002249680B605960A368216A7E
:10B210002AB9204AC3E900210B6023620CE093F9AC
:10B220000E0092F90E50A84220D085421EDD5168D2
:10B23000C3E900210B605360E569164B9D4200D0C5
:10B2400005B9E568A3689D4202D0284600F062FB7C
:10B250000D48A56100F0E6FB60B90C49094840F2D1
:10B260006B1204F05EF840F26B11BFE78A42D0D057
:10B270001268CDE73046BDE87040FFF715BA00BF51
:10B28000C7BF03008E850300B4570020E995030073
:10B290007C570020985700202DE9F04106460C46C7
:10B2A000EFF3058757B12D492D4840F23C4204F099
:10B2B00038F82A4840F23C4104F02AF850EA0103E9
:10B2C00004D1FFF773FF0020BDE8F081EFF3118890
:10B2D000402383F31288BFF36F8F224800F094FB62
:10B2E00038B921491E48882204F01BF888211E48DD
:10B2F000E2E71E4D1B4800F0ABFB1D4BA868186031
:10B30000FFF7ECF9A8681B4923463246183000F0D5
:10B31000F1FBAA68537B43F00403044653731148BE
:10B3200000F080FB40B910490D4840F26B1203F069
:10B33000F8FF40F26B11DAE74046FFF7B5F9AB686A
:10B34000D3E90A23B3F1004F08BFBA42BBD106F0DC
:10B35000C8F9201A20EAE070B6E700BFC7BF0300B3
:10B360008E850300B4570020E99503007C57002028
:10B37000B85700207116030070B504460E46EFF36F
:10B38000058555B11849194840F2664203F0C9FFD6
:10B39000154840F2664103F0BBFFFFF77DFFB6F1B1
:10B3A000FF3F08BFB4F1FF3F0246204616D047F6E4
:10B3B000FF704FF47A7403462946C2FB0431B3F59B
:10B3C000004F71F100020AD36FF400429A4243F633
:10B3D000FF728A4105D3D80B40EA414070BD284630
:10B3E000FCE76FF00040F9E7C7BF03008E8503005C
:10B3F0000C490D4A38B500244FF400458C462146CF
:10B40000C0FB05C100236046D5F7F6FCC117FFF766
:10B4100043FF054A47F6FF73C0FB0234DB0B43EAE8
:10B42000444038BD3F420F0040420F0038B504464B
:10B43000EFF31185402383F31288BFF36F8F1B480E
:10B4400000F0E2FA40B91A491A48882203F069FF6D
:10B450008821174803F05CFF144800F0F9FA637B79
:10B460005B0710D504F1180000F00EFC637B23F09D
:10B47000040320466373FFF791F929460B48BDE8A2
:10B480003840FFF741BD094800F0CCFA40B90849FF
:10B49000084840F2311203F044FF40F23111D8E77E
:10B4A00085F31188BFF36F8F38BD00BFB4570020FC
:10B4B000E99503008E850300014B9868704700BF33
:10B4C0007C5700202DE9F8430446077BEFF31185F4
:10B4D000402383F31288BFF36F8F704800F094FA13
:10B4E00040B96F496F48882203F01BFF88216C48E0
:10B4F00003F00EFF694800F0ABFA637B190712D521
:10B50000664800F08FFA40B96549664840F231124A
:10B5100003F007FF40F23111E9E785F31188BFF32B
:10B520006F8FBDE8F883D90943F008027DD16273BB
:10B53000A36813B12046FFF717F904F1180000F0D3
:10B54000A3FBA66D04F15808B04511D04FF00009D7
:10B5500076B13046FFF708F906F1180000F094FBC9
:10B56000C6F898903046FFF719F9A66DB045EFD1AF
:10B57000DFF84481D8F808309C426AD1EFF305899E
:10B58000B9F1000918BF4FF00109D8F81C60464A0C
:10B59000964200D00EB9D8F80C60B34202D03046C3
:10B5A00000F0B8F92046C8F81860F1F769FBB9F166
:10B5B000000F02D03D48FFF767F8D8F808309C42EA
:10B5C00056D1EFF30586002E52D1237BDA071FD523
:10B5D000324800F027FA002896D085F31188BFF38F
:10B5E0006F8F86F31188BFF36F8F0423184602DF35
:10B5F000EFF31185402383F31288BFF36F8F274841
:10B6000000F002FA00283FF46CAF244800F020FA62
:10B61000224800F007FAF8B92149224840F26B129B
:10B6200003F07FFE40F26B1161E703F07F0343F00C
:10B63000080363731E4B9C4207D11E4919485622CA
:10B6400003F06FFE56211B4852E7204605F0E0FF4D
:10B650006EE74FF0000998E72846FFF725F81549EF
:10B6600010484FF4DD7203F05CFE4FF4DD71EAE741
:10B670000A4800F0D7F900283FF446AF85F3118857
:10B68000BFF36F8FFB077FF54CAF0A49054840F2C7
:10B690003D5203F046FE40F23D51D4E7B45700203E
:10B6A000E99503008E850300985700209031002013
:10B6B000D02F0020C7BF03007C5700202DE9F041A8
:10B6C000044616461D46EFF31187402383F3128884
:10B6D000BFF36F8F364800F097F938B935493648CF
:10B6E000882203F01EFE882132481FE0304800F017
:10B6F000AFF9637B1B073FD455EA06034AD0DFF856
:10B70000C480D8F80800A04247D0A26800F15803CE
:10B710009A4242D0EFF3058353B12849264840F2BC
:10B720005F5203F0FEFD254840F25F5103F0F0FD4B
:10B7300004F1580105F074FFB5F1FF3F08BFB6F101
:10B74000FF3F07D0D8F808001D4932462B46183075
:10B7500000F0D0F9164800F065F940B915491648CF
:10B7600040F26B1203F0DDFD40F26B11BCE738468E
:10B77000BDE8F041FEF798BF00240D4800F052F9F3
:10B7800070B90C490C4840F2311203F0CAFD40F286
:10B790003111A9E76FF00F04EFE76FF02C04ECE72D
:10B7A00087F31188BFF36F8F2046BDE8F08100BF9B
:10B7B000B4570020E99503008E850300C7BF03003E
:10B7C000711603007C5700202DE9F8430646884691
:10B7D0001746EFF31189402383F31288BFF36F8F6D
:10B7E0001C4800F011F9054640B91B491B48882246
:10B7F00003F097FD8821184803F08AFD154800F0F2
:10B8000027F93468A6421AD0DCB12046C4F89880E3
:10B810002761FEF7A9FF04F1180000F035FA204671
:10B82000FEF7BCFF0B4800F0FDF860B90A490B4871
:10B8300040F2311203F075FD40F23111DBE70025D3
:10B84000F0E72546EEE789F31188BFF36F8F2846AE
:10B85000BDE8F883B4570020E99503008E85030006
:10B86000D3B5DDE90667089CCDE90067FFF7E8F985
:10B870001CB1034B9B681B69236002B0D0BD00BFA5
:10B880007C57002008B568B10E4B98420AD303F1EB
:10B890001802904206D2C01A1822B0FBF2F302FB43
:10B8A000130343B108490948382203F03AFD06481A
:10B8B000382103F02DFD064BC0105843054B0122E3
:10B8C0001A5408BD7032002015C003008E85030095
:10B8D000ABAAAAAAD9620020C3897F2B12D80A4B2F
:10B8E0001B6863B1094B90F90E201B689A4209DB73
:10B8F000437BDB0606D1064BC31A18BF012303F0B6
:10B90000010070470023FAE7680B0020BC570020B5
:10B91000D02F002070B50E4B0E4C1E7C06EB46035C
:10B9200004EBC3040546204600F0AEF90A4B0022A2
:10B9300028469A55FFF7D0FF48B1084B08491A68C6
:10B94000013A2046D317BDE8704000F0D3B870BD6F
:10B950007C57002070320020D9620020680B002044
:10B9600085B8020038B5EFF31185402383F31288C0
:10B97000BFF36F8F1E4800F047F840B91D491E48BD
:10B98000882203F0CEFC88211A4803F0C1FC184835
:10B9900000F05EF8194B1A4A9C681068A0420ED15C
:10B9A000FFF7B8FF124800F03DF8E0B9114912481E
:10B9B00040F2311203F0B5FC40F23111E4E700210E
:10B9C0001B7C11600F4AD35C002BEBD02046FFF7A5
:10B9D00083FF0028E6D0637BDB0602D12046FEF71A
:10B9E0003DFF2046DCE785F31188BFF36F8F38BD3C
:10B9F000B4570020E99503008E8503007C57002092
:10BA0000B8570020D9620020006838B1044B1B7C75
:10BA100000F00300C01A18BF0120704701207047D2
:10BA20007C570020002302680360EFF30581074B79
:10BA300019B19968497BC90706D4197C98680843ED
:10BA4000831A584258417047012070477C570020A4
:10BA5000024B1A7C9B681343036070477C5700209D
:10BA60000748084A084908B5121A05F04AFD074870
:10BA7000074A0849BDE80840121A05F042BD00BF58
:10BA800000050020A00F0020FCC10300B804002026
:10BA900000050020B4C10300024B1868984208BF9B
:10BAA000002070476C0B0020034B1B680BB9F7F7A5
:10BAB00029BD0020704700BFC057002030B570B1CD
:10BAC0000B4B5B6898420AD0036843B1D3E9042169
:10BAD000D0E90445121941EB0501C3E90421D0E97D
:10BAE000003213605A600023C0E9003330BD00BF4C
:10BAF0006C0B0020B3F1FF3F08BFB2F1FF3F2DE90F
:10BB0000F74F044690469B4615461F4600F0AA8014
:10BB1000D0F80090B9F1000F08D05449544872226F
:10BB200003F0FFFB5148722103F0F2FB8160EFF359
:10BB300011830193402383F31288BFF36F8F4D4825
:10BB4000FFF762FF824638B94B494948882203F023
:10BB5000E8FB88214848E7E74648FFF779FFB8F156
:10BB6000FF3F7BF1FF33454A1FDBFFF79DFF434A51
:10BB70000135D2E900174BF1000B2D184BEBE073A8
:10BB8000C4E904536D18064643EB0707FFF784FF2B
:10BB9000DFF8F0E0DEF804900346F3B9C4E900E909
:10BBA000C9F80040CEF8044029E0D2E900126FF055
:10BBB00001035B1A4FF0FF3161EB0202B3EB0803A4
:10BBC00062EB0B02012B72F10001BCBF01234A465C
:10BBD000C4E904324FF0000AD8E7D3E9041CD4E9E1
:10BBE00004208A4270EB0C0B29DA891A5A686CEB34
:10BBF0000000C3E90410C4E9003214605C60FFF780
:10BC00004BFF84420ED11E4B1B685BB9BAF1000F8B
:10BC100002D1FFF749FF0646304605F04BFD0021F3
:10BC2000F7F74AFC1348FFF7FDFE88B912491048A0
:10BC300040F2311203F075FB40F231118AE7521ADB
:10BC400060EB0C009945C4E90420A7D01B68A4E769
:10BC5000019B83F31188BFF36F8F2846394603B0E9
:10BC6000BDE8F08F00252F46F7E700BF3DC0030079
:10BC70008E850300C4570020E99503008832002018
:10BC8000C05700206C0B002070B50446EFF31186FE
:10BC9000402383F31288BFF36F8F1E48FFF7B4FE73
:10BCA00040B91D491D48882203F03BFB88211A48F2
:10BCB00003F02EFB1748FFF7CBFE23680BB3FFF70B
:10BCC000EBFE05462046FFF7F9FE00224FF0004349
:10BCD000A542C4E9042306D1FFF7E6FE05F0EAFC1D
:10BCE0000021F7F7E9FB00240A48FFF79BFE58B94B
:10BCF00009490A4840F2311203F013FB40F23111B6
:10BD0000D5E76FF01504EFE786F31188BFF36F8F67
:10BD1000204670BDC4570020E99503008E850300BE
:10BD20002DE9F04D0446EFF31186402383F312888A
:10BD3000BFF36F8F3E48FFF767FE40B93D493E486D
:10BD4000882203F0EEFA88213A4803F0E1FADFF89E
:10BD5000F0803748394FFFF77BFEC8F80040FFF707
:10BD60009BFE4FF0000A04464FF0000BD8F800305D
:10BD7000D7E9001CD81754B1D4E90452AB4270EB98
:10BD8000020E1EDAED1A62EB0002C4E904525B18DF
:10BD90004CEB00000024C7E900302046C8F8004002
:10BDA00005F088FC2146F7F787FB2148FFF73AFEAC
:10BDB000A8B186F31188BFF36F8FBDE8F04DFFF790
:10BDC000D1BD69184CEBE5732046C4E904ABC7E963
:10BDD0000013FFF773FE1648FFF724FE40B915491C
:10BDE000154840F2311203F09CFA40F23111ABE7F2
:10BDF00086F31188BFF36F8FA36820469847EFF34F
:10BE00001186402383F31288BFF36F8F0848FFF732
:10BE1000FBFD002892D00648FFF71AFED8F8003044
:10BE20005B1BC8F80030FFF737FE04469EE700BFF3
:10BE3000C4570020E99503008E8503008832002056
:10BE4000C057002070B5EFF31186402383F31288AA
:10BE5000BFF36F8F1548FFF7D7FD40B91449154858
:10BE6000882203F05EFA8821114803F051FA0F4846
:10BE7000FFF7EEFDFFF718FE0F4AD2E9004504195F
:10BE800045EBE0750948FFF7CDFD40B90849094881
:10BE900040F2311203F045FA40F23111E4E786F343
:10BEA0001188BFF36F8F2046294670BDC45700200C
:10BEB000E99503008E85030088320020F8B504461A
:10BEC000EFF31187402383F31288BFF36F8F4A4843
:10BED000FFF79AFD40B949494948882203F021FA01
:10BEE0008821464803F014FA4348FFF7B1FD226861
:10BEF0006AB14148FFF796FD002878D13F49404894
:10BF000040F2311203F00DFA40F23111E9E7D4E9C1
:10BF10000A36581C46F10001022871F1000127D3AE
:10BF2000012B76F10001BCBF012316465D1E46F1D0
:10BF3000FF3605F0DAFB013041F10001401946EB14
:10BF40000101012871F100014CDB05F0CEFB01304D
:10BF500041F100016FF00102401946EB0103121A92
:10BF60004FF0FF3161EB030326492046FFF7C2FD86
:10BF7000236B01332363236AD3B11F48FFF752FDBC
:10BF80000028BBD087F31188BFF36F8F236A204648
:10BF90009847EFF31187402383F31288BFF36F8F25
:10BFA0001548FFF731FD002895D01348FFF750FDE5
:10BFB00054F8185FA5429CD0002D9AD02846FEF771
:10BFC000C7FD00230C48C5F89830FFF72BFD00286B
:10BFD00094D087F31188BFF36F8F2846BDE8F840EF
:10BFE000FEF7AABC6FF001024FF0FF33BCE787F306
:10BFF0001188BFF36F8FF8BDC8570020E995030083
:10C000008E850300BDBE02002DE9F84306461446A6
:10C010001D4691469846EFF31187402383F312881B
:10C02000BFF36F8F2348FFF7EFFC40B92249234845
:10C03000882203F076F988211F4803F069F91D482A
:10C04000FFF706FDB5F1FF3F08BFB4F1FF3F0CD18C
:10C050001848FFF7E7FC38BB1749184840F231127F
:10C0600003F05FF940F23111E6E7631C75F1FF332D
:10C070000ADB012C75F100032246BCBF012200251A
:10C0800012F1FF3945F1FF383046FFF7FDFDDDE9DC
:10C090000823C6E90A23002333634A464346304651
:10C0A0000749FFF727FDD3E787F31188BFF36F8FA9
:10C0B000BDE8F883C8570020E99503008E8503008A
:10C0C000BDBE02002DE9F84F4F1E0F4206460D4639
:10C0D0009A4607D025492648172203F022F917214E
:10C0E000224817E0141D3ED241F0040B00F1140861
:10C0F000EFF31189402383F31288BFF36F8F40461B
:10C10000FFF782FC40B91B491948882203F009F95E
:10C110008821184803F0FCF84046FFF799FC2246B6
:10C1200059463046D04704464046FFF77BFC40B9AD
:10C1300010490F4840F2311203F0F3F840F2311188
:10C14000E7E789F31188BFF36F8F64B1204640F8A9
:10C15000046B4DB1384207D004490548342203F03E
:10C16000E0F83421BCE70020BDE8F88F61C003008F
:10C170008E850300E99503002DE9F04105460E4642
:10C18000174605F03DFA30B9074B9B68D3F890404D
:10C1900014B9BDE8F081054C3B463246294620469D
:10C1A000BDE8F041FFF78EBF7C570020680D0020EE
:10C1B0000246024B02480021FFF784BF5FF10200F4
:10C1C000680D0020014BC0F890307047680D0020CA
:10C1D0000146024A0020FFF7CFBF00BF5FF1020017
:10C1E00038B50B4C0B4DAC420FD90B490B481A22FA
:10C1F00003F097F808481A2103F08AF8D4E90112ED
:10C20000204605F0A3FA1834EDE7F7D3002038BD37
:10C21000680D0020800D002085C003008E8503007E
:10C22000F8B504460E4600F11405EFF311874023DC
:10C2300083F31288BFF36F8F2846FFF7E5FB40B901
:10C2400016491748882203F06CF88821134803F038
:10C250005FF82846FFF7FCFB20463146EBF77EF8F7
:10C2600004F10C0005F012FA28B139462846BDE861
:10C27000F840FEF749BE2846FFF7D4FB40B907490E
:10C28000074840F2311203F04CF840F23111DDE77B
:10C2900087F31188BFF36F8FF8BD00BFE9950300E6
:10C2A0008E85030007B5074B0093074907484FF0F9
:10C2B000FF334FF48072FEF739F8002003B05DF8C9
:10C2C00004FB00BF80370300809D002090320020D7
:10C2D00010B50A4C23681BB101232360002010BD58
:10C2E00000F0E8F80028F7D00138062803D8044BFE
:10C2F00053F8200010BD034810BD00BFCC570020EC
:10C3000088370300FE8FFFFFBFF34F8F0549064BB1
:10C31000CA6802F4E0621343CB60BFF34F8F00BFE3
:10C32000FDE700BF00ED00E00400FA0510B40A4B81
:10C330000A490B4C4FF0FE32C3F800244968C3F899
:10C340000424C3F80824C3F80C240023C4F80035DF
:10C350005DF8044B084700BF00B00250740B00208A
:10C3600000A00250D0E90012014BC3E9001270474F
:10C37000740B002010B5044650B1636813F0685F79
:10C3800005D0064A934202D000232360626010BDAC
:10C39000034B04485B689847EFE700BF2C5F5CA93C
:10C3A000740B0020A4370300C8B143680D4A9342C0
:10C3B00013D013F0685F0ED0012350E8002F194608
:10C3C00040E8001C9CF0000FF7D1012AF5D0BFF324
:10C3D0005F8F0020704704487047044870476FF42F
:10C3E000E04070472C5F5CA9E98FFFFFEA8FFFFFF9
:10C3F00080B14368094A93420AD013F0685F05D0C0
:10C40000BFF35F8F002303601846704704487047EE
:10C41000044870476FF4E040704700BF2C5F5CA990
:10C42000E98FFFFFEA8FFFFF10B5044620B1044BF0
:10C4300063600022226010BD0248FFF777FFF6E735
:10C440003A00003ACC37030070B5D0E90023154C10
:10C45000154D6360D0E90230C4E9023022604868BB
:10C460000E68124BC3E90060D5F818018E689E6013
:10C4700010F0685FCE680969DE60196110D00C4960
:10C48000C5F8BC110023C5E9453105F58A70C5F82A
:10C49000B8319047236805F5DC70BDE87040184757
:10C4A00070BD00BF900B0020E45700207C0B0020E3
:10C4B0002C5F5CA938B500F02FF820B1032400F000
:10C4C00063F8204638BD00F031F898B900F0ACF8B8
:10C4D00098B90F4DD5F828391B0EF02B08D1D5F897
:10C4E000242A0C4B9A420AD0072400F017F8E6E7FA
:10C4F0000624FAE70424204638BD0024F5E701208D
:10C5000000F092F804460028F7D1C5F80C0AD8E7E5
:10C5100000B002500000E02000207047002070476B
:10C52000014BC3F8040A704700B0025010B511481F
:10C5300000F048F800B110BD0F4800F043F80028A3
:10C54000F9D10E4C204600F03DF80028F3D10C4BF9
:10C550000C481C6000F036F801460028EBD100F0D2
:10C560002DF8044608B1204610BD00F03FF82046E3
:10C57000FAE700BFD00B0020CC0B0020C80B002036
:10C58000C00B0020C40B002008B5084800F024F8B8
:10C59000074800F021F8074800F01EF8064800F0B0
:10C5A0001BF8BDE8084000F00BB800BFD00B00201E
:10C5B000CC0B0020C80B0020C40B002000207047CB
:10C5C000704700BF08B5034B02681B6810689847A6
:10C5D000002008BD900B002008B5034B02685B6883
:10C5E00010689847002008BD900B002070B5094CDA
:10C5F000094D2069AB68984718B1084B08485B683B
:10C600009847084AEB68206900211160BDE8704036
:10C61000184700BF7C0B0020900B0020740B0020FB
:10C62000F0370300E0570020F8B51A4D1A4E0446C3
:10C63000B26828699047E8B9184F3B684CB1A3B17C
:10C64000012B19D0013B3B602869F3689847002013
:10C65000F8BD43B9124A0121C2F800151149D1F8B9
:10C660001029002AFBD101333B60F3682869984701
:10C670000020F8BD0C48F8BD0A4AD2F81039002B4A
:10C68000FBD1074A6FF07E40C2F80035FFF748FF44
:10C690003B68D7E77C0B0020900B0020E057002080
:10C6A00000A0025000B00250E98FFFFF2DE9F04FCB
:10C6B00085B09046464A029089461E460D462B4656
:10C6C00015F8014B175D17F00807F8D12D2C41D153
:10C6D0002C7801279D1C002E41D1302C4CD00A26ED
:10C6E00007F1004A07F1FF3B0AF1FF3AF317324620
:10C6F000584651460393D4F77FFB019200228E46A1
:10C70000844611461046A4F13003092B05D9A4F143
:10C710004103192B37D8A4F137039E423DDD541C49
:10C7200015D084457EEB010234D38E4508BF844585
:10C7300002D1019A9A422DDB039A714300FB021148
:10C74000A6FB00020A44181842EBE371012215F817
:10C75000014BD8E72B2C04BF2C789D1CBBE7102E77
:10C76000BED1302CBCD12B7803F0DF03582BB7D1CE
:10C770006C7810260235B3E72B7803F0DF03582BD3
:10C78000F6D00826ACE7A4F16103192B05D8A4F173
:10C790005703C2E74FF0FF32D9E7531C0AD1029A80
:10C7A0002223136058465146B8F1000F0AD105B054
:10C7B000BDE8F08F17B1404261EB4101B8F1000FC5
:10C7C000F5D00AB105F1FF39C8F80090EFE700BFD6
:10C7D000B1C0030013460A46014602480068FFF74D
:10C7E00065BF00BFD40B00202DE9F74F91464A4AA0
:10C7F00001908A461E460D462B4615F8014B175DE3
:10C8000017F00807F8D12D2C42D12C7801279D1C58
:10C81000002E42D1302C4DD00A264FEAE67B32461C
:10C820005B464FF0FF304FF0FF31D4F7E5FA324668
:10C83000009088465B464FF0FF304FF0FF31D4F751
:10C84000DBFA002318461946A4F1300CBCF1090F9D
:10C8500037D86446A64245DDB3F1FF3F15D0009BB3
:10C86000834278EB01033AD3009B884508BF83429B
:10C8700001D1A24233DB714300FB0B11A6FB000385
:10C880001944201841EBE471012315F8014BDBE753
:10C890002B2C04BF2C789D1CBAE7102EBDD1302C58
:10C8A000BBD12B7803F0DF03582BB6D16C78102660
:10C8B0000235B2E72B7803F0DF03582BF6D00826B9
:10C8C000ABE7A4F1410CBCF1190F01D8373CC1E72B
:10C8D000A4F1610CBCF1190F04D8573CBAE74FF032
:10C8E000FF33D2E75A1C0AD1019922220A60184666
:10C8F0001946B9F1000F0AD103B0BDE8F08F17B1A6
:10C90000404261EB4101B9F1000FF5D00BB105F1E7
:10C91000FF3AC9F800A0EFE7B1C0030013460A468A
:10C92000014602480068FFF75FBF00BFD40B00203C
:10C9300038B510EE105A25F00044B4F1A14FF0EED6
:10C94000407A10D3B4F1FF4F04D970EE007AB0EE04
:10C95000670A38BDDFED4D7A9FED4D7A002DC8BFD7
:10C96000F0EE477AF3E74B4B9C4210D8B4F1445FAA
:10C970000AD29FED497A30EE077AF7EE006AB4EEFC
:10C98000E67AF1EE10FAE2DC4FF0FF3313E004F048
:10C9900054FF424B9C424FD8A3F5D0039C4241D850
:10C9A000F0EE007ABFEE007AA0EE277A002330EE98
:10C9B000270AC7EE007A5A1C27EEA76A9FED387A3D
:10C9C000DFED385A9FED385A66EE066AE6EE875A72
:10C9D0009FED367AA5EEA67ADFED355AE7EE265AB8
:10C9E0009FED347AA5EEA67ADFED335AE7EE265AAC
:10C9F0009FED327AA6EE875A9FED317AA5EE267A20
:10CA00009FED305AA7EE265A9FED2F7AA5EE267A93
:10CA100027EE267AA5EE867A27EE877A21D177EE61
:10CA2000C77A94E7F7EE007A30EE677A30EE270A9D
:10CA30000123C7EE007ABEE7244B9C420BD8F7EEE9
:10CA4000087AB7EE007AA0EE277A022370EE676AC2
:10CA5000C6EE877AAFE7BFEE007AC7EE007A03230F
:10CA6000A9E71B4A1B4902EB830201EB8303D3EDC9
:10CA7000006A37EE667A002D37EE677AD2ED007ADB
:10CA800077EEC77AB8BFF1EE677A60E7DB0FC9BF10
:10CA9000DB0FC93FFFFFDF3ECAF24971FFFF973F3F
:10CAA000D769853C59DA4B3D6BF16EBD356B883DDE
:10CAB0006E2EBA3D2549123EABAAAA3E21A215BD53
:10CAC00095879DBD388EE3BDCDCC4CBEFFFF1B408E
:10CAD000203803001038030010EE103A07B5124A50
:10CAE00023F00043934207D8DFED100A012003B082
:10CAF0005DF804EB00F0E0BEB3F1FF4F04D330EE7D
:10CB0000400A03B05DF804FB684600F027FB4000D4
:10CB100000F00200DDED010A9DED000AC0F1010008
:10CB200000F0CAFEEDE700BFDA0F493F0000000049
:10CB300038B52DED028B55EC104BD9F729F8164B73
:10CB4000B0EE408AF0EE608A93F9003001331CD0D9
:10CB500022462B4620462946D4F770F8A8B945EC62
:10CB6000104B04F076FE0D4B51EC100B0022D4F765
:10CB70005BF850B103F035FBBDEC028B2123036061
:10CB8000BDE838400648D9F77BBBB0EE480AF0EE66
:10CB9000680ABDEC028B38BDE10C00200000F03FBC
:10CBA000069A030038B52DED028B55EC104B00F0C2
:10CBB00085F8154BB0EE408AF0EE608A93F90030AC
:10CBC000013319D022462B4620462946D4F736F8A1
:10CBD00090B90022002320462946D4F707F858B11F
:10CBE00003F0FFFA212303600022002310461946B8
:10CBF000D3F7B4FE41EC180BB0EE480AF0EE680A29
:10CC0000BDEC028B38BD00BFE10C002008B52DED56
:10CC1000028BB0EE408A00F009F9134B93F9003013
:10CC20000133F0EE408A1AD0B4EE488AF1EE10FAE1
:10CC300015D6B0EE480A04F000FEF7EE007AB4EE26
:10CC4000E70AF1EE10FA0ADD03F0CBFABDEC028B35
:10CC500021230360BDE80840044800F051BFB0EE56
:10CC6000680ABDEC028B08BDE10C0020069A0300A7
:10CC700008B52DED028BB0EE408A04F0E7FD0D4BB8
:10CC800093F90030013311D0B4EE488AF1EE10FA76
:10CC90000CD6DFED098AB4EEE88AF1EE10FA05D57C
:10CCA00003F09FFA88EEA80A21230360BDEC028BF3
:10CCB00008BD00BFE10C0020000000002DE9F0419C
:10CCC000594A55EC104BAA432B4620460FD1224619
:10CCD0002946D3F719FD02460B4620462946D3F7CD
:10CCE0005DFB04460D4645EC104BBDE8F081002D80
:10CCF0000DDC25F000422243F5D095B122462946AD
:10CD0000D3F74AFB02460B46D3F728FEE9E72A157C
:10CD100015D1002109E0C30A153A4005002BFAD0CD
:10CD2000F7E72A46FAE75B000131DD02FBD54C1E2E
:10CD3000121BC1F1200420FA04F423438840C3F3FA
:10CD40001303D40743F480135CBF5B0003EBD07381
:10CD5000A2F2FF3558BF40005B0000266D1003EBC8
:10CD6000D07347004FF0160EB0464FF4001208EB98
:10CD700002019942DEBF5B1A02EB0108B6185B00A4
:10CD8000BEF1010E03EBD7734FEA52024FEA470799
:10CD9000EDD1F44620204FF00041984501EB0E0202
:10CDA0002FDB0BD1BA4209D8002A01EB020E02DABE
:10CDB000BEF1000F2CDA0023BF1A8C445B0001384F
:10CDC00003EBD7734FEA51014FEA4707E5D13B43E5
:10CDD00008D0BCF1FF3F13BF0CF1010301368446BC
:10CDE00023F0010C72104FEA5C03F10702F17F524D
:10CDF00002F5001248BF43F0004302EB055118460C
:10CE00006FE7002A01EB020E0BDABEF1000F08DB20
:10CE100008F10104BA42A3EB080300D9013BA04684
:10CE2000CAE74446F6E700BF0000F07F08B510EE01
:10CE3000103A23F00042B2F17E5F2DED0C8B0AD147
:10CE40009FED650ADFED657A002BC8BFB0EE670A7B
:10CE5000BDEC0C8B08BD04D930EE408A88EE080A80
:10CE6000F6E7B2F17C5F3CD2B2F10C5F40F2B180E8
:10CE700060EE007ADFED5A6A9FED5A7A9FED5A6AAA
:10CE8000A7EEA67ADFED596AE7EE276A9FED587A9A
:10CE9000A6EEA77ADFED576AE7EE276A9FED567A8E
:10CEA000A6EEA77ADFED556AA7EEA66ADFED546A13
:10CEB000E6EE276A9FED536AA6EEA76AF7EE006AD0
:10CEC000E6EE276A27EE277ADFED4F7A87EE266AAD
:10CED000E0EE467A70EE677A9FED4C0A30EE670A14
:10CEE000B6E7002BDFED3EDADFED3ECA9FED3FCA2D
:10CEF000DFED3FBA9FED3FBADFED3F8A9FED3FDAAE
:10CF0000DFED39AA9FED3EAADFED3E9AB7EE009A1B
:10CF1000F6EE007A28DA30EE098A28EE270AE0EEEB
:10CF20002DCAE0EE0DAAACEE80CAAAEE80AAECEE05
:10CF300000BAEAEE009AABEE80BAA9EE809AEBEE68
:10CF4000008A68EE808A04F081FC88EE897ADFED41
:10CF5000307AE0EE077AB0EE007A77EE807A9FEDD5
:10CF60002D0AA7EEC70A73E739EE408A28EE278A12
:10CF7000B0EE480A04F06AFCE8EE2DCAE8EE0DAA0D
:10CF8000ACEE88CAAAEE88AAECEE08BA10EE103A07
:10CF9000ABEE88BA23F47F6323F00F03EAEE089A1E
:10CFA00007EE903AEBEE088AB0EE486AA7EEE76A21
:10CFB000A9EE889A70EE276A68EE888A86EE267A4D
:10CFC000C8EE896AA0EE267A37EE870A30EE000AAC
:10CFD0003EE79FED110A3BE7DB0F494000000000F0
:10CFE00008EF1138047F4F3A613330BF461124BD3A
:10CFF000A80A4E3E90B0A6BEABAA2A3E2EC69D3DC4
:10D000002D57014039D119C06821A233DA0FC93F29
:10D010006821A2B3DA0F4940DB0FC93F10EE902A16
:10D0200022F00041B1F1FF4F10B5F0EE407A06D882
:10D0300010EE100A20F00043B3F1FF4F04D977EE51
:10D04000A07AB0EE670A10BDB2F17E5F03D1BDE8F1
:10D050001040FFF76DBC941704F0020444EAD0744A
:10D0600043B9022C5ED09FED347A032C08BFF0EE5A
:10D07000477AE6E741B9DFED317A9FED317A002852
:10D08000B8BFF0EE477ADCE7B1F1FF4F10D1B3F152
:10D09000FF4F04F1FF3407D1022C46D8294B03EB94
:10D0A0008403D3ED007ACCE7022C41D8264BF6E777
:10D0B000B3F1FF4FDFD05B1AB3F1F45F4FEAE351F6
:10D0C0001ADA002A01DA3C3119DB87EEA00A04F0F3
:10D0D000B4FBFFF72DFCF0EE407A012C12D0022CAD
:10D0E00017D0002CADD09FED197A77EE877A9FED9F
:10D0F000187A77EEC77AA4E7DFED107AEDE7DFED77
:10D10000157AEAE717EE903A03F1004307EE903AFA
:10D1100097E79FED0E7A77EE877A9FED0D7A77EE9F
:10D12000677A8EE7DFED0A7A8BE7DFED0B7A88E727
:10D13000DFED087A85E700BFDB0F49C0DB0FC93F91
:10D14000DB0FC9BF3C380300303803002EBDBB33B2
:10D15000DB0F494000000000DB0F493FF0B510EE47
:10D16000106A884B26F000459D4287B0044605D8DA
:10D17000002380ED000A4360002022E0824B9D42A4
:10D180003AD826F00043002E9FED807A804A23F0A3
:10D190000F0318DD934270EE477A09BF9FED7D7A49
:10D1A000DFED7D6ADFED7D6A77EEC77A37EEE67AEE
:10D1B00077EEC77A80ED007A77EEE67AC0ED017AF5
:10D1C000012007B0F0BD934270EE077A09BF9FEDD2
:10D1D000717ADFED716ADFED716A77EE877A37EE8B
:10D1E000A67A77EEC77A80ED007A77EEA67AC0ED60
:10D1F000017A4FF0FF30E4E7694B9D4273D804F0A9
:10D200001CFB9FED687AF6EE007AE0EE077AFDEE01
:10D21000E77AB8EEE77A17EE900ADFED5C7AA7EED0
:10D22000670A1F28DFED5C7A67EE277AB1EE476A5E
:10D2300070EE676A16EE901A09DC5B4A471E26F00C
:10D24000004352F8272023F0FF03934207D1C1F394
:10D25000C752C2EBD552082A4FEAE55314DC2160CD
:10D2600094ED007A30EE470A002E30EE670A84ED26
:10D27000010AA6DAB1EE477AB1EE400A84ED007AEF
:10D2800084ED010A40429CE7DFED425AF0EE406A2D
:10D29000E6EE256A70EE667AE6EE257ADFED3F5A15
:10D2A000D7EE257A76EEE75A15EE902AC2F3C751EB
:10D2B0005B1A192B04DCC4ED005AB0EE660ACFE706
:10D2C000DFED3A5AB0EE660AA6EE250A76EEC07A8F
:10D2D000DFED376AE6EE257AD7EE267A30EE677A0A
:10D2E00084ED007ABCE7B5F1FF4F06D370EE407ACB
:10D2F000C0ED017AC0ED007A3EE7EA15863AA5EB6B
:10D30000C25307EE903ABDEEE77ADFED2A6AB8EE37
:10D31000C77A77EEC77A8DED037A67EEA67ABDEE0F
:10D32000E77AB8EEC77A77EEC77A8DED047A67EEC2
:10D33000A67AF5EE407AF1EE10FACDED057A1ED11F
:10D34000B5EE407AF1EE10FA0CBF012302231A4920
:10D3500001910221009103A8214600F02FF8002E30
:10D36000BFF62FAFD4ED007AF1EE677AC4ED007A04
:10D37000D4ED017AF1EE677AC4ED017A82E70323F6
:10D38000E5E700BFD80F493FE3CB1640800FC93F08
:10D39000D00FC93F004435374344353708A3852EA5
:10D3A000800F494384F9223F4838030000A3852EAB
:10D3B00032318D2400008043C83803002DE9F04F3E
:10D3C0002DED048BD9B090469B46669ABE4BDDF896
:10D3D0009CC153F822A0019018F1040F0F460BF1E5
:10D3E000FF3325DBB8F1030248BF08F10402D21075
:10D3F000551CE900D41A9FEDB87A0291A8EBC50537
:10D400000AEB03060DF170090CEB840E0021B1420A
:10D4100010DD1CA901EB8B010DF58879002656451E
:10D4200026DCDDF804E0DFEDAC7A0C46002016E0E7
:10D430000022DDE7CC425DBF5EF8210007EE900AD6
:10D44000F8EEE77AF0EE477AE9EC017A0131DEE7AF
:10D45000FEEC016A94ED007AE6EE877A013098429C
:10D46000A4F10404F4DDE9EC017A01360431D6E7D5
:10D4700008A901EB8A010CEB8202DFED968A9FED91
:10D48000949A049103925446A200059258AA02EB82
:10D49000840212ED140A44A908AA01EB840116467D
:10D4A00020460028A1F104014EDC2846CDE90632D1
:10D4B00000F02CFBB0EE408AB4EE000A28EE000A21
:10D4C00000F0DAFAF2EE007AA0EE678A002DDDE9CC
:10D4D0000632FDEEC87A17EE909AF8EEE77A38EE4B
:10D4E000678A43DD601E08A9C5F1080C51F8206069
:10D4F00046FA0CF1894401FA0CF1761A08A941F8B0
:10D500002060C5F107010E41002E3EDD4FF0000CFA
:10D5100009F10109604664456ADC002D05DD012D35
:10D5200000F08380022D00F08B80022E2DD1B7EE0B
:10D53000000A30EE488A40B32846069300F0E6FA27
:10D54000069B38EE408A20E060EE287A0138FDEE36
:10D55000E77AF8EEE77AA7EEC90ABDEEC00AA6ECB4
:10D56000010A91ED000A37EE800A9AE705D1611EA3
:10D5700008A850F821603612C6E7F6EE007AB4EE3D
:10D58000E78AF1EE10FA31DA0026B5EE408AF1EEC4
:10D5900010FA40F0A380611E0020514557DA0028A0
:10D5A00071D0013C08AB083D53F82430002BF8D073
:10D5B0002846B7EE000A00F0A9FA631C44AA9FEDC2
:10D5C000457A990002EB83022346002B80F2B48057
:10D5D0002346002BC0F2D28044AA02EB8305DFF879
:10D5E000ECC0DFED3D7A0020E21ABCE002268DE7B8
:10D5F00096465EF8041B60B981B10CF1010CC1F5CF
:10D60000807164454EF8041C0DDDDEF8001002F157
:10D61000080EC1F1FF014EF8041C01210CF1010CB0
:10D620007246084677E7012077E7611E08AA52F89C
:10D63000212002F07F020DF1200C4CF8212074E72C
:10D64000611E08AA52F8212002F03F02F3E708AA5F
:10D6500052F82120013910439FE7013251F8040D9F
:10D660000028FAD0059901F5B071694404EB0B006C
:10D670000DF1700C661C4C390CEB80002244B24258
:10D6800004DA144600E704990122E7E7039CDDF879
:10D6900004C054F82640059407EE904AF8EEE77A65
:10D6A0000024E0EC017ADFED0C7A86469C4203DD33
:10D6B000E1EC017A0136E2E7FCEC016A3EED017A29
:10D6C0000134E6EE877AF1E70C3C0300E03B03000F
:10D6D000000080430000803B00000000029BB0EE91
:10D6E000480AA3EB080000F011FA1FED077AB4EE28
:10D6F000C70AF1EE10FA19DB5FED0A7A60EE277ABD
:10D7000008AAFDEEE77A0835F8EEE77AA7EEC70A31
:10D71000FDEEE77ABDEEC00A10EE103A42F8243072
:10D7200017EE903A013442F8243041E7BDEEC00ACA
:10D7300008AA10EE103AF6E708A850F82300019066
:10D7400007EE900AF8EEE77A013B67EE807A20EE6A
:10D75000070A62ED017A38E7FCEC016AB5EC017A60
:10D76000E6EE877A0130504501DC8242F4DA58A8AF
:10D7700000EB820242ED287A013B2AE7669B022BEE
:10D7800009DC002B2BDC44D009F0070059B0BDECBC
:10D79000048BBDE8F08F669B032BF5D130AA0B1FDD
:10D7A00013441A4620460028A2F1040252DC224605
:10D7B000012AA3F104035DDC30AB5FED397A0B4441
:10D7C000012C67DCDDED306A9DED317A002E67D1EA
:10D7D000C7ED006A87ED017AC7ED027AD4E730AB76
:10D7E0001FED437A0B442246002A24DA4EB3F1EEB1
:10D7F000477AC7ED007ADDED307A77EEC77A31AA45
:10D8000001239C4220DA0EB1F1EE677AC7ED017A6E
:10D81000BAE730AB5FED507A0B44002C05DA0EB15D
:10D82000F1EE677AC7ED007AAEE733ED017A013C9D
:10D8300077EE877AF1E773ED017A013A37EE277ACE
:10D84000D2E7F0EE477AD4E7B2EC017A013377EE13
:10D85000877AD6E7D2ED007AD2ED016A37EEA67A62
:10D86000013877EEC77A82ED007A77EEA67AC2EDBC
:10D87000017A98E7D3ED007AD3ED016A37EEA67A04
:10D88000013A77EEC77A83ED007A77EEA67AC3ED98
:10D89000017A8DE733ED017A013C77EE877A8FE7E5
:10D8A000F1EE666AB1EE477AC7ED006A87ED017A5C
:10D8B000F1EE677A90E700BF08B510EE103A23F05A
:10D8C0000042B2F1465FF0EE407A17D2BDEEC07A68
:10D8D00017EE101A41BB431C134308D103F0ADFFF0
:10D8E000B7EE007AC7EE007AB0EE670A08BD0128ED
:10D8F000FAD0BFEE007AC7EE007AF5E74C498A42CB
:10D9000012D3002B9FED4B7AB8BFF1EE407A37EE81
:10D91000677ADFED497AB8BFF1EE600A77EEE07A18
:10D92000DFED460A77EE877A67EEA76ADFED445AA5
:10D930009FED446A9FED445A3D4926EEA67A8A42FD
:10D94000A7EE256ADFED415AE6EE075A9FED406AE1
:10D95000A5EE876ADFED3F5AE6EE075A9FED3E6A75
:10D96000A5EE876ADFED3D5AE7EE055A9FED3C5A7A
:10D97000A5EE875ADFED3B5AE5EE075A9FED3A5A7E
:10D98000A5EE875ADFED395AE5EE075AB0EE467A32
:10D99000A5EEA67A27EEA65AB0EE606AA7EE056A53
:10D9A0009FED337AE6EE260AE5EE070A37EEA06A27
:10D9B0001DD307EE100AB8EEC77A26EE065A36EEE9
:10D9C000076A9B17C5EE065A03F00203C3F1010371
:10D9D00006EE903A35EEE06AF8EEE66A77EEC67A41
:10D9E000B0EE006AA7EEC67A66EE877A7CE7012879
:10D9F0001BD0204B16EE102A1A4005EE902A75EE29
:10DA0000E77AB7EE007A70EEE70AFFEE007AC7EE2B
:10DA1000866A16EE902A134007EE903AA5EEA77A92
:10DA2000A0EEA77AE7EE267A5EE7F0EE467A5BE7AD
:10DA300040A12C3FDA0F493F68212233000000004B
:10DA40005FAE9BB745F4A3388453D937C8261A3A3A
:10DA500016696B3BA427B33C8988083E7AC0953889
:10DA6000B937813948DEBE3A1F37113CD10D5D3DD3
:10DA7000ABAAAA3E00F0FFFF10EE103AC3F3C75264
:10DA80007F3A162A23F000412BDC002A12DADFED60
:10DA9000197A30EE270AB5EEC00AF1EE10FA06DD6B
:10DAA000002B24DA0029144B08BF4FF0004300EE8E
:10DAB000103A7047114911410B42FAD0DFED0D7A4F
:10DAC00030EE270AB5EEC00AF1EE10FAEFDD002BBA
:10DAD000BEBF4FF4000040FA02F29B1823EA010394
:10DAE000E5E7B1F1FF4FE4D330EE000A70470023C1
:10DAF000DDE700BFCAF24971000080BFFFFF7F0071
:10DB00009FED010A704700BF0000C07F10EE103A81
:10DB100033F000422AD0B2F1FF4F02D330EE000AB8
:10DB2000704713F0FF4F22D1224BDFED237A98424A
:10DB300020EE270A16DB10EE103AC3F3C752193A4B
:10DB40001044FE2815DDDFED1D7ADFED1D6A10EEB5
:10DB5000103AB0EE677A002BB8BFF0EE667A27EE87
:10DB6000870A7047DFED177A27EE800A7047D20DDB
:10DB7000E6E7002806DD23F0FF4343EAC05300EE4A
:10DB8000103A704710F1160F09DADFED0E7ADFED6B
:10DB90000E6A10EE103AB0EE677A002BDCE719300F
:10DBA00023F0FF4343EAC0539FED080A07EE903A83
:10DBB000DAE700BFB03CFFFF0000004CCAF2497139
:10DBC000CAF249F16042A20D6042A28D000000330A
:10DBD000704708B503F089FD4FF47A72A0FB020389
:10DBE00002FB0131C00B40EA4140C90B08BD08B53A
:10DBF00003F07BFD4FF47A72A0FB020302FB0131BC
:10DC0000C00B40EA4140C90B08BDFDF7F1BB38B578
:10DC1000002120EAE0744FF4004540F2E7304FF471
:10DC20007A720023C4FB0501D3F7E6F8BDE838405B
:10DC3000FDF7A2BB704708B503F057FD4FF47A72A9
:10DC4000A0FB020302FB0131C00B40EA4140C90BBB
:10DC500008BD08B50A460021FEF7BCFDB0F1004F33
:10DC600071F1FF3306DA02F0BCFA222303604FF0B1
:10DC7000004008BDB0F1004F71F10001F9DB02F086
:10DC8000B0FA222303606FF00040F2E70A46002159
:10DC9000FEF744BE03F029BD08B5FFF7FBFF4FF4C4
:10DCA0007A72A0FB020302FB0131C00B40EA414043
:10DCB000C90B08BD0120FDF79BBB014640F2E730D0
:10DCC00008B54FF47A72002300EBC1304914D3F742
:10DCD00093F8BDE80840FDF74FBB704770477047A9
:10DCE0007047704700207047704770477047704713
:10DCF00070477047704738B52DED028BD0ED007A34
:10DD0000F5EE407AF1EE10FA0D461446B0EE408A78
:10DD10000DD1D0ED017AF5EE407AF1EE10FA06D190
:10DD2000D0ED027AF5EE407AF1EE10FA03D0B0EEC3
:10DD3000480ADCF783FDB0EE480A2846DCF7A4FD6C
:10DD4000B0EE480ABDEC028B2046BDE83840DCF757
:10DD5000D7BD704713B50223044601AA2221002033
:10DD6000E0F7E6FE18B1DDF757F902B010BD9DF8F7
:10DD700004209DF805300AB9802B0CD0BDF9043081
:10DD800007EE903AFAEEEB7AB3EE077A77EE877AFF
:10DD9000C4ED007AE9E70120E7E7FDF729BB01467A
:10DDA00040F2E73008B54FF47A72002300EBC1303F
:10DDB0004914D3F721F8BDE80840FDF7DDBA10B5E6
:10DDC0000378012B04460CD180227721002000F03B
:10DDD000B7F8621C0323BDE8104078210020E0F76B
:10DDE000BDBE10BD13B58DF80400C0F303208DF83F
:10DDF0000500022301AA60210020E0F7AFFE042203
:10DE000004466521002000F09BF8044301D0DDF7B3
:10DE100047FE332002B010BD014640F2E73008B59E
:10DE20004FF47A72002300EBC1304914D2F7E4FFBB
:10DE3000BDE80840FDF7A0BA13B50223ADF8040011
:10DE400001AA1E210020E0F789FE022204461621C5
:10DE5000002000F075F8044301D0DEF711FA3320FA
:10DE600002B010BD13B50223044601AA0C21002004
:10DE7000E0F75EFE18B1DEF721FA02B010BDBDF882
:10DE80000430DBBA07EE903AFAEEEC7AB3EE097A98
:10DE900077EE877AC4ED007AEFE7FDF7A9BA07B508
:10DEA00001238DF807200DF10702DEF783FC03B094
:10DEB0005DF804FB0123DEF7C1BC08B503F015FCD7
:10DEC0004FF47A72A0FB020302FB0131C00B40EA5F
:10DED0004140C90B08BD13B50223044601AA202105
:10DEE0000020E0F725FE18B1E0F700FB02B010BDFE
:10DEF000BDF9043007EE903AFAEECC7AB3EE097A27
:10DF000077EE877AC4ED007AF0E730B40C4601462C
:10DF1000134651F8040B826815682246AC4630BCA3
:10DF20006047F0B40C2707FB0214866814F8045C01
:10DF300045F0020504F8045CB468A446F0BC6047F0
:10DF400007B58DF804108DF8052001A90222E0F72D
:10DF50009BFC03B05DF804FB08B503F0C6FB4FF46F
:10DF60007A72A0FB020302FB0131C00B40EA414080
:10DF7000C90B08BD08B5062202234C210120E0F799
:10DF800047FE18B1BDE80840E1F72CBB08BD08B555
:10DF9000042206210120FFF7D3FF18B1BDE8084095
:10DFA000E1F7B4BD08BD08B503F09FFB4FF47A72EA
:10DFB000A0FB020302FB0131C00B40EA4140C90B48
:10DFC00008BD08B503F091FB4FF47A72A0FB020381
:10DFD00002FB0131C00B40EA4140C90B08BD00B54E
:10DFE0002DED028B83B0022301AA6E210120E0F700
:10DFF0009FFDBDF9043008EE103ABAEEEE8A08B182
:10E00000E2F74AFAB0EE480A03B0BDEC028B5DF8C5
:10E0100004FB012208B522211046FFF791FF18B139
:10E02000BDE80840E2F7DEBB08BD00B52DED028B70
:10E0300083B0022301AA2E210120E0F779FDBDF96A
:10E04000043008EE103ABAEEEE8A08B1E2F7E8FBC7
:10E05000B0EE480A03B0BDEC028B5DF804FB08B5D6
:10E0600003F043FB4FF47A72A0FB020302FB013181
:10E07000C00B40EA4140C90B08BD10B580220B21FE
:10E080000120FFF75DFF002204460B210120FFF76E
:10E0900057FF044303D0BDE81040E2F785BF10BD31
:10E0A000D20003F06EBB2DE9F04F8BB00C46079306
:10E0B00013460133DB000493083B0993079B009050
:10E0C00023EAE373DB00019205934FF00008019B04
:10E0D000984537DA059BDDF800B00694E3180893FD
:10E0E000D946C24626462AE0F6E80223F5E80201B0
:10E0F000D2F70AFBDDE90223D2F750F9C9E90001A2
:10E10000013799ED007B079B9F428DED027BEBDB96
:10E11000DDE905361E44099B8BED007B9B44019B8A
:10E120000AF1010A534509F1080907D1009A049B35
:10E13000089C1A44009208F10108C8E70696254693
:10E140000027DEE70BB0BDE8F08F2DE9F041064671
:10E15000D700DDE907020C46069901FB002203EB1C
:10E16000C2054FEAC108002C01DCBDE8F081294658
:10E1700030463A4603F005FB45443E44013CF2E795
:10E18000F8B500EBC306DF000D46144651EC100B4A
:10E19000D6E90023D2F702F93D443C440022002393
:10E1A000C6E90001C5E90001C4E90023F8BD2DE975
:10E1B000F04F87B08DED000B8DED021B8B180E46D6
:10E1C000154600EBC20700EBC304B54202DB07B003
:10E1D000BDE8F08FD7E900ABDDE900235046594692
:10E1E000D2F792FAD4E90089CDE90401DDE90223EE
:10E1F00040464946D2F788FA02460B46DDE904015B
:10E20000D2F7CCF8E7E80201DDE90001F4E80223E7
:10E21000D2F77AFADDE9022380468946504659460C
:10E22000D2F772FA02460B4640464946D2F7B4F896
:10E23000013544E90201C8E72DE9F04F89B0531CCC
:10E24000D4008DED020B8DED041B079304F1080340
:10E25000054606934FEAC10A0026079B9E4202DD4F
:10E2600009B0BDE8F08F04EB050B069B9BED007B2E
:10E270005F19D7E90023DDE904018DED007BD2F7BA
:10E2800043FADDE9022380468946DDE90001D2F741
:10E290003BFA02460B4640464946D2F77FF8CBE9A7
:10E2A0000001D7E90023DDE90201D2F72DFADDE90B
:10E2B000042380468946DDE90001D2F725FA0246AB
:10E2C0000B4640464946D2F767F80136C7E90001D8
:10E2D0005544C2E72DE9F04FD60089B006F1080396
:10E2E0008DED020B8DED041B0693CB0004460D460D
:10E2F00007930027AF4202DB09B0BDE8F08F06EBC1
:10E30000040B069B9BED007B03EB040ADAE9002378
:10E31000DDE904018DED007BD2F7F6F9DDE902239A
:10E3200080468946DDE90001D2F7EEF902460B4648
:10E3300040464946D2F732F8CBE90001DDE9020157
:10E34000DAE90023D2F7E0F9DDE9042380468946C3
:10E35000DDE90001D2F7D8F90B46024649464046AE
:10E36000D2F71AF8079BCAE9000101371C44C1E73C
:10E370002DE9F0412DED048B88B01C46149BDDF88F
:10E380004880029306AB019304AB16460F460093F8
:10E390002246139B41460546E3F74CFD9DED048B59
:10E3A0009DED069BB0EE480AF0EE680A4346224611
:10E3B0003146B0EE491AF0EE691A2846E3F7C4FD7B
:10E3C000B0EE491AF0EE691AB0EE480AF0EE680AAB
:10E3D0000346224631462846CDE9127808B0BDEC06
:10E3E000048BBDE8F041D4F7AFB82DE9F04F55EC00
:10E3F000124B87B007460E4622462B46204629463A
:10E400005BEC13AB8DED000B8DED021BD2F77CF9AD
:10E410005246804689465B4650465946D2F774F9C3
:10E4200002460B4640464946D1F7B8FFDDE90023D6
:10E430008046894620462946D2F766F9DDE902235F
:10E44000CDE9040150465946D2F75EF902460B4623
:10E45000DDE90401D1F7A2FF42464B46D2F77EFA2E
:10E46000DDE90223C7E9000120462946D2F74CF92D
:10E47000DDE9002304460D4650465946D2F744F9DB
:10E4800002460B4620462946D1F786FF42464B46B8
:10E49000D2F764FAC6E9000107B0BDE8F08F2DE9B4
:10E4A000F04FCC0004F1080700238B4201DBBDE8EC
:10E4B000F08F013300F1080622181D468D4201D16C
:10E4C0003844F2E7D2E90089D6E900AB0135C2E968
:10E4D00000ABE6E802892244F0E72DE9D04300EBE7
:10E4E000C10100EBC200069A0024D2009C4201DB6D
:10E4F000BDE8D083D1E90067D0E900890134C1E9E2
:10E500000089C0E9006711441044EFE7F0B55A43B1
:10E51000594300EBC10100EBC20000229A4200DB2C
:10E52000F0BDD1E90045D0E900670132E1E80267BA
:10E53000E0E80245F2E70120FCF75ABF08B503F016
:10E54000D4F84FF47A72A0FB020302FB0131C00B36
:10E5500040EA4140C90B08BD4FF0FF30704770479B
:10E5600070474FF0FF30704700207047FF20704722
:10E5700070474FF0FF307047002070470020704711
:10E580004FF0FF3070474FF0FF30704770474FF04B
:10E59000FF307047704770477047704710B54B8821
:10E5A000834202D8088810BD04310B884C886BB1B7
:10E5B000A042F9D331F8042C31F8021C001BD21A06
:10E5C0004243091BB2FBF1F2D018ECE7A042F1D2B2
:10E5D0001846E8E71FB5102269460820E7F7D4F887
:10E5E000BDF9020040EAE07005B05DF804FB1FB51C
:10E5F000102269460820E7F7C7F8BDF9000040EA95
:10E60000E07005B05DF804FB1FB5102269460820D4
:10E61000E7F7BAF8DDE9020105B05DF804FB014651
:10E6200040F2E73008B54FF47A72002300EBC130B6
:10E630004914D2F7E1FBBDE80840FCF79DBE7047E6
:10E6400008B503F052F84FF47A72A0FB020302FB04
:10E650000131C00B40EA4140C90B08BD014640F200
:10E66000E73008B54FF47A72002300EBC13049144B
:10E67000D2F7C2FBBDE80840FCF77EBE09B1E5F762
:10E68000D9BF10B10220E5F79FBF0120FBE708B515
:10E6900010B10020E6F706F9BDE808400320E5F7D1
:10E6A00093BF08B508B1E6F7BFF8BDE808400420FD
:10E6B000E5F78ABF08B510B10120E6F7F3F8BDE829
:10E6C00008400520E5F780BF4FF420300021FCF71B
:10E6D00053BE0020704708B503F007F84FF47A7274
:10E6E000A0FB020302FB0131C00B40EA4140C90B11
:10E6F00008BD014640F2E73008B54FF47A720023B6
:10E7000000EBC1304914D2F777FBBDE80840FCF7B5
:10E7100033BE08B500230B60002002F0CEFE10B11E
:10E7200000239B68FFDE4FF0FF3008BD00207047DC
:10E73000002070470020704738B590ED010A90ED39
:10E74000027AD0ED037A2DED028B90ED008A20EE57
:10E75000000A08EE080A04460D4607EE070A07EE0F
:10E76000A70AFEF785FAB5EE400AF1EE10FA15D0C9
:10E77000C8EE007AC5ED007A94ED017AC7EE007A12
:10E78000C5ED017A94ED027AC7EE007AC5ED027A02
:10E7900094ED037AC7EE007AC5ED037ABDEC028BE7
:10E7A00038BD91ED016AD0ED017AD0ED006A91EDAE
:10E7B000007A67EE867A56EE877AD0ED026A91ED9E
:10E7C000027A46EEC77AD0ED036A91ED037A46EEFF
:10E7D000C77AC2ED007A91ED016AD0ED007AD0EDF2
:10E7E000016A91ED007A67EE867A46EE877AD0ED7F
:10E7F000036A91ED027A46EEC77AD0ED026A91ED96
:10E80000037A46EE877AC2ED017A91ED016AD0ED86
:10E81000037AD0ED026A91ED007A67EE867A46EED1
:10E82000877AD0ED006A91ED027A46EE877AD0EDD4
:10E83000016A91ED037A46EEC77AC2ED027AD0ED15
:10E84000027A91ED016AD0ED036A91ED007A67EEEC
:10E85000867A56EE877AD0ED016A91ED027A46EE1D
:10E86000877AD0ED006A91ED037A46EE877AC2EDA1
:10E87000037A704703680B60D0ED017AF1EE677A96
:10E88000C1ED017AD0ED027AF1EE677AC1ED027A3C
:10E89000D0ED037AF1EE677AC1ED037A704710B5D7
:10E8A00003468CB01446002200921A680192084672
:10E8B0005A689B68029204A9039308AAFFF7DAFF3B
:10E8C0006946FFF76EFF0A4608A804A9FFF769FF2B
:10E8D000019B2360029B6360039BA3600CB010BD8F
:10E8E000D1ED007A90ED007A90ED010AD1ED026A47
:10E8F00037EE677AD1ED017A30EE670AD0ED027A11
:10E9000020EE000A07EE070A77EEE67A07EEA70A7E
:10E91000FEF7AEB908B52DED028BD1ED016A90ED91
:10E92000007AD1ED007AB0EE408A90ED010A20EE37
:10E93000260A07EE270A90ED027AD1ED027AD0ED91
:10E94000036A07EE270A91ED037AF0EE407A46EE6D
:10E95000877AB0EEE70AF7EE007AB4EEE70AF1EE56
:10E9600010FA0DDCFEF752F930EE000AB4EEC80AD8
:10E97000F1EE10FA4CBF01200020BDEC028B08BD67
:10E980000120FAE708B52DED028BD1ED007AD0ED2C
:10E99000006A91ED017A91ED026A76EEE76AD0EDB8
:10E9A000017A77EEC77AB0EE408A90ED027A27EED0
:10E9B000A70A06EEA60A37EE467A07EE070AFEF722
:10E9C00057F9B4EEC80ABDEC028BF1EE10FA4CBF59
:10E9D0000120002008BD90ED017AD0ED007A77EE9D
:10E9E000877A90ED027A77EE877AB0EE080A87EEA2
:10E9F000800A7047D1ED007A90ED006A91ED017ABE
:10EA0000D0ED026AD1ED035A36EE676AD0ED017A95
:10EA100077EEC77A91ED027A76EEC76A91ED047AC5
:10EA200027EE877A06EE257AD1ED055A06EEA57A0D
:10EA300080ED007A91ED077AD1ED065A27EE877ABC
:10EA400006EE257AD1ED085A06EEA57A80ED017A18
:10EA5000D1ED0A5A91ED097A67EEA57A46EE077A6A
:10EA600091ED0B7A46EE877AC0ED027A7047D0EDD1
:10EA7000017A91ED015A90ED004A91ED006AD0EDD6
:10EA8000025AD1ED023AD0ED036AD1ED034A27EEE6
:10EA9000857A14EE067A05EEE37A06EEE47A82EDE4
:10EAA000007A26EE277A04EE057A05EEA47A03EEC4
:10EAB000E67A82ED017A27EEA47A67EEA37A14EE65
:10EAC000237A44EE247A06EE257A45EE657A05EE41
:10EAD000267A46EE267A82ED027AC2ED037A7047F4
:10EAE000D0ED027AD0ED035AD0ED016AD0ED001AD4
:10EAF000D1ED012A91ED002A91ED023A77EEA74A75
:10EB000035EEA57A64EEA74AB7EE006A2DED048BC8
:10EB100067EEA63A65EEA18A27EE257AB0EE465A50
:10EB200036EE646A25EEA64A27EEA10A72EEA20A24
:10EB300067EEA57A76EE475A33EEE86A33EE038A3B
:10EB400026EE206A05EE826A36EEA69A70EE045A28
:10EB500009EE665A05EE886A66EEA16A35EE477AD6
:10EB600082ED006A37EEE66A77EEA67A32EE021A96
:10EB700073EEA83A34EE404A27EE227A67EEA07A86
:10EB800003EE817A44EE017A35EE645A06EE087A95
:10EB9000BDEC048B45EE037A82ED017AC2ED027A78
:10EBA00070472DE9F8432DED048BDDE90C4694ED1B
:10EBB000007AD4ED017AB4EE477AF1EE10FA81468C
:10EBC000B0EE409AB0EE608A174698464FEA81054B
:10EBD00050D7F4EE677AF1EE10FA04F10803F7EE7D
:10EBE000008A44D718462A46002102F0F2FDF0EED2
:10EBF000687A0346C4ED017A4846324609EB050CB3
:10EC00003146B0EC017AD3ED007A77EE877A84450D
:10EC1000E3EC017AD4ED016A87EEA67AA1EC017AE1
:10EC2000EFD1D4ED017A68EE270AF4EEC90AF1EECD
:10EC300010FA18DB3544D7ED007AB2EC017A78EEA1
:10EC4000E77AAA4267EE877A04F1080444ED027A73
:10EC5000D7ED027AD8ED016A77EEE67A67EE877A29
:10EC600044ED017AE7D1BDEC048BBDE8F88377EE83
:10EC7000A87ABFE731460544F0EC016AD7ED007A87
:10EC800094ED007A97ED016A06EEA77A854204F1C9
:10EC90000804D8ED007A67EE277A56EE867A14EDEE
:10ECA000016A77EE867A44ED027AD8ED017A97ED23
:10ECB000026A67EE277A56EE867A44ED017AA1EC75
:10ECC000017AD9D1CFE7D0ED015AD1ED036AD1ED68
:10ECD000000A91ED061A91ED047AD1ED057A91EDD5
:10ECE000023AD1ED011A91ED072A91ED084A90ED13
:10ECF000046A90ED050AD0ED063AD0ED072AD0ED72
:10ED0000084A2DED048B90ED009AD0ED028A90ED2B
:10ED1000038A25EEA65A09EE205A08EE815A82EDA2
:10ED2000005A25EE875A65EEA75A49EE035A48EE77
:10ED3000845A09EE215AC2ED025A66EE865A40EE16
:10ED4000885A41EE005A66EEA26AC2ED035A67EE97
:10ED5000065A27EE866A27EE227A67EEA27A41EEFD
:10ED6000885A03EE086A40EEA36A01EEA37A43EEE6
:10ED7000237A08EE825ABDEC048B42EE005A04EE70
:10ED8000006A41EE246A02EE247A44EE247A82ED8F
:10ED9000015AC2ED045A82ED056AC2ED066A82ED9F
:10EDA000077AC2ED087A70470A4601461030FFF72D
:10EDB0005EBE0A4601460020E8F79CBA836800EB75
:10EDC000C101B3F5004F2CBF51F8220031F81200F9
:10EDD000704700EBC1018068B0F5004F2CBF41F8CF
:10EDE000223021F81230704708B50122FFF7E6FF04
:10EDF000D04008BD8368B3F5004F00EBC10108D3D4
:10EE00004B681AB143F001034B60704723F00103D4
:10EE1000FAE74B881AB143F001034B80704723F0A7
:10EE20000103FAE753000122FFF7D3BF8368B3F56C
:10EE3000004F34BF04230823C91A081AC0087047BA
:10EE4000B0F5004F34BF042308230731C818C008A9
:10EE5000704708B50A460121FFF7F2FF0132121A86
:10EE6000B2FA82F0C0F11F0008BD2DE9F04117464B
:10EE700003220E460446FFF7A1FF8642054607F12E
:10EE800004080AD1E3680122BA4023EA0203E360DE
:10EE9000002344F82830BDE8F081314602222046A4
:10EEA000FFF78CFF2B460646014644F828502046C3
:10EEB0000322FFF78EFF3346294620460222BDE893
:10EEC000F041FFF786BF70B50D4686680446FFF730
:10EED0008BFFB6F5004F014601D3012809D030461B
:10EEE000FFF7B7FF294602462046BDE87040FFF70E
:10EEF000BCBF70BD2DE9F047054680688846FFF726
:10EF0000A8FF05EB800A0646DAF81090B9F1000F69
:10EF10001BD00327DAF8104028462146FFF764FF8C
:10EF2000404507D3324621462846FFF79EFF20463C
:10EF3000BDE8F087032221462846FFF73FFF013F47
:10EF4000CAF8100001D08145E4D1EB6801364FF0DA
:10EF5000FF34B4401C40EAD094FAA4F2B2FA82F230
:10EF6000131D55F82340DEE72DE9F0411446054610
:10EF70000E46FFF739FFA4EB0608371B074442464D
:10EF800031462846FFF74EFF3A4621462846FFF70E
:10EF900049FF4346002221462846FFF71AFF214633
:10EFA0002846FFF721FF3B46211800222846BDE8EE
:10EFB000F041FFF70EBF2DE9F041164604460F461B
:10EFC000FFF712FF314605462046FFF70DFF0544C7
:10EFD0002A4639462046FFF725FF31462046FFF7EF
:10EFE00003FF2B46311800222046BDE8F041FFF711
:10EFF000F0BE2DE9F0410D4686680446FFF7F4FEA9
:10F00000B6F5004F014601D3012832D03046FFF754
:10F0100020FF04EB80010E6996B9E368012282406B
:10F020001343E36002220D612B4629462046FFF779
:10F03000D0FE032229462046BDE8F041FFF7C9BEB5
:10F04000022231462046FFF7B9FE2946034607460D
:10F050002046FFF7BEFE0322334629462046FFF72F
:10F06000B8FE39462B462046FFF7B3FE0222314652
:10F07000E1E7BDE8F081F8B50C460546FFF7B4FEC0
:10F080002618012231462846FFF798FEC3070CD404
:10F0900031462846FFF717FF21462846FFF7A4FE12
:10F0A000214622182846FFF786FF002221462846DF
:10F0B000FFF784FE271A012239462846FFF77EFE15
:10F0C00010EA020613D139462846FFF7FCFE214616
:10F0D00032462846FFF772FE2246211A2846FFF7DD
:10F0E0006AFF214632462846FFF768FE241A214669
:10F0F0002846BDE8F840FFF77CBF70B5066809B93F
:10F10000002070BDB068B0EBD10FF9D9FFF798FEC1
:10F11000014605463046FFF7EDFE04460028EFD0D5
:10F1200001463046FFF760FEA84209D92544214632
:10F1300030462A46FFF718FF29463046FFF759FFA9
:10F14000304601222146FFF755FEB368B3F5004F64
:10F1500034BF0423082303EBC4031844D1E711464A
:10F16000FFF7CBBF2DE9F04706460D4617469846F8
:10F170002BB398F8004093F80190DB78A40004EBDF
:10F18000430498F802301C4444444FF0000ACA4536
:10F1900009D3D8F8042008F1080339463046AC46B4
:10F1A000BDE8F047604714F8013B48F8234020468B
:10F1B000D1F786FE013004440AF1010AE7E76FF057
:10F1C0001500BDE8F08770B50025024628461446B4
:10F1D00014F8013B0BB9184609E098B18D4207D1EC
:10F1E000702B04D0A3F140023A2A0BD8002070BD46
:10F1F000A3F140063A2E05D853780135941C002B14
:10F20000E9D00020252B08BF80F001002246DEE770
:10F210000020704730B50C688B6814B14A689A4278
:10F2200002DC01338B6030BD013A9A4214BF0546BF
:10F230000025E5548B68F4E700F0EFBC0FB407B588
:10F2400004A951F8040B019100F0E7FC03B05DF84C
:10F2500004EB04B070470CB407B504AB53F8042BAF
:10F260000193E8F76DFD03B05DF804EB02B0704761
:10F27000044608B5084611461A46A047FCF71CF993
:10F28000EDF79CFBD0E9002130B54FF03333A2FB02
:10F290000324D51843EB0405A1FB0313521844EBD8
:10F2A0000304521944F10002891843F10003C0E934
:10F2B000001330BD10B50A68002A03460FDD013A7D
:10F2C0000A601A6844680A20A2FB001200FB0422AC
:10F2D000100F22F07042C3E90012303010BD302010
:10F2E000FCE72DE9F0410746884615461E461446C0
:10F2F000B44205D30EB1601B08E02378002BFAD08E
:10F3000014F8010B4146B8470028F1DABDE8F08156
:10F31000002383F31188BFF36F8F0423184602DFA5
:10F3200070470FB407B504A951F8040B0191FFF71A
:10F3300083FF03B05DF804EB04B0704710B50369B8
:10F34000024613F0080009D11368D4689C4297BFA5
:10F35000526AE31AD31A01200B6010BD002318462D
:10F36000FAE713B501A90446FFF7E8FF20B1019BB6
:10F37000E268013B13440193606A019BC01A0138A3
:10F3800002B010BD10B5044650182269636AD20756
:10F3900002D5013B184010BD984228BFC01AFAE7B9
:10F3A00010B504460A46C168FFF7ECFF2369E06028
:10F3B00023F00803236110BD38B50D46026A8B00A7
:10F3C000016843F0020342F82130044601682A46EE
:10F3D000FFF7D8FFE36861682060984202BF2369A5
:10F3E00043F0080323612A462046FFF7CBFF606005
:10F3F00038BD2DE9F74FC768066A9B4606EB8703C1
:10F40000009316F8273003F00303022B04468846C6
:10F4100091464FF000030BD01360CBF80030236906
:10F420009B0713D44FF0000A504603B0BDE8F08F9D
:10F4300056F8271013608908CBF80030EFD0FFF79B
:10F44000AFFFE368A3604FF0010AEDE7E3690098BE
:10F45000984716F8272012F0010A0546E2D012F06C
:10F4600002021FD0B8F1000F03D041462046FFF73B
:10F47000A3FF61682A462046FFF784FFD4E90221F2
:10F480009142606006D12A462046FFF77BFF4FF08D
:10F49000000AA060A2682260E260226942F00802CD
:10F4A0002261C1E7014620460192FFF779FFE36838
:10F4B000A360B8F1000F04D02168236A019A43F8D1
:10F4C000212005EB0802CBF8002021682046FFF739
:10F4D00059FF2369206043F00803236116F82730A1
:10F4E0006FF3000306F82730009BC9F80030AAE745
:10F4F00070B504461546FFF745FF2368834205D1E2
:10F500002369216023F00803236170BD226AAB00E8
:10F5100043F0020342F82130204661682A46FFF793
:10F5200031FF6060F1E738B503695B07044606D533
:10F53000856AFFF716FF85422CBFA562A06238BD21
:10F5400008B5EFF31183402383F31288BFF36F8F65
:10F5500000F049FE036800220BB9184670478B4241
:10F5600010D10B6842B942680360914200D14360F8
:10F5700000230B600120704713604368994208BF65
:10F580004260F5E71A461B68E6E7838B13F0070332
:10F5900005D10368002B0CBF002003207047022B0D
:10F5A00005D1C08BB0FA80F0400980007047012B74
:10F5B00005D10368002B0CBF0020052070470020F8
:10F5C000704710B50C4600B111B96FF0150010BDB1
:10F5D000081D00F02FF80028F9D1A368032BF6D9F5
:10F5E000F3E72DE9F0410D4607461946281D9046E0
:10F5F0001E46E9F783FA044638B1334642462946A7
:10F600003846A446BDE8F0416047BDE8F08138B512
:10F610000C46054658B151B10B6843B14B6833B144
:10F620002022002102F0D5F82C61002038BD6FF0B7
:10F630001500FBE7034658B1426802F00302012AB5
:10F6400003D0032A04D1026812B1002098607047E9
:10F650006FF01500704770B50C8806468888241A2C
:10F660003069A4B2844285B224BF641BA4B22D1BAE
:10F67000A8B2984228BF18463368234413600B8809
:10F6800003440B8070BD70B4838985880669ED1AC8
:10F69000ADB2731B934228BF134670BC0A46011DCE
:10F6A000FFF7D9BF70B40E460146C58831F80A3F4E
:10F6B000EC1AA3B2934228BF1346324670BCFFF740
:10F6C000CABF10B54B880C88E41AA4B294420ED37A
:10F6D0001A4492B28B884A800A800069D21A92B288
:10F6E000824201D2002010BD03448B80FAE76FF004
:10F6F0001500F8E7704780EA1020C0EBC01300EB5C
:10F700008303C3EB0313A0EB830083B2C0F3C810E1
:10F71000584000EB8013C0EB031303EBC30300EB73
:10F720004300C0EB800080EA502000F07F0070476B
:10F7300070B406688489806A0D0C16FA81F105FBA5
:10F74000041184682468A44670BC60472DE9F04326
:10F750001C46C36A1D686D4289B006468846174636
:10F7600005F020051CB9204609B0BDE8F083AC4285
:10F77000A14628BFA9464B466A4641463046FFF798
:10F78000D7FF0028F0D16B46484502D1241A8044A7
:10F79000E8E713F8012BBA4201D10130F4E7012068
:10F7A000E2E70B6803F580330B60C0891A0CB0EBFD
:10F7B000134F04BFA3EB02430B60704710B5014623
:10F7C00004460722FF20E7F7B3FDE07110BD036890
:10F7D000012B81BFC91801F1FF315B421940084676
:10F7E00070472DE9F0410C4605460821C06AFFF735
:10F7F000EEFF072207462146FF206688B4F8048002
:10F80000E7F796FDE379834208D1A8894644C01BF7
:10F81000B04294BF00200120BDE8F0810020FBE74A
:10F8200038B505460C46FFF7DCFFA0B1A08898B9B3
:10F8300022884FF6FF739A420DD1E86A0821FFF73C
:10F84000C6FF6288AB899B1AB3FBF0F202FB103053
:10F85000B0FA80F0400938BD0020FCE7F8B5044656
:10F86000234680890D0C0A0C53F8301B2D0402FB33
:10F8700000114FF0FF3604F50C70984210D1A06AC9
:10F88000A28900F051FC50B9E26AA3895279294655
:10F890002046FFF75BFF002818BF6FF00500F8BD9A
:10F8A0005F88BA4208BF1E600433E6E7F7B5044636
:10F8B0000D46C06A0821FFF78AFF2968074608231A
:10F8C0002046FFF735FF0646002836D12B683B441B
:10F8D0002B60A28999B2D21B91422ED11A0C03BF80
:10F8E000E28902F1FF3203EB0241A3F58031296086
:10F8F00008236A462046FFF71BFFE8B9E36A5A79F6
:10F900006B4613F8011B8A420CD101300828F8D14C
:10F91000636805E02B68BDF802201B0C1B04134430
:10F920002B600AE069462046FFF77AFF0028F1D1F4
:10F9300029462046E9F75CF90646304603B0F0BD9B
:10F940002DE9F043074689B090461E461BB90020BA
:10F9500009B0BDE8F0833C688389080C14FA81F192
:10F9600000FB0314FB6A1D686D4235400CD0B86A79
:10F9700083682146D3F804902B46C8470028E7D176
:10F98000761BE4D02C44A84432464146684601F038
:10F99000F8FEFD6A2A686979921B0DEB060001F0FA
:10F9A00018FFB86A2B688268214655686A46A847DE
:10F9B000CEE738B50A460D46082341680446FFF7EE
:10F9C000BFFF024628884FF6FF73984205D0FFF725
:10F9D00092FE0C30636844F82030E06A0821FFF79B
:10F9E000F6FE63681B1A6360104638BD13B54FF608
:10F9F000FF7300220446ADF800308DF806308368AE
:10FA0000ADF804206846ADF80230FFF7D7FE69462E
:10FA10002046FFF7CEFF02B010BD2DE9F04F04469F
:10FA200095B0C06A0821FFF7D2FE63681B0C1B0467
:10FA3000054603A920460393FFF7B3FEDDF80CB09B
:10FA4000A6895E44761B06AA082331462046049602
:10FA5000FFF76EFE021EC0F2B480E36A06AA59796F
:10FA6000002312F8010B814240F09A800133082BE9
:10FA7000F7D1A36862682B449A4280F08980594686
:10FA80002046FFF7EBFE02469BE0BDF81A30360C2D
:10FA900036041E44049608AA04A92046DDF810A0E6
:10FAA000FFF704FF0246002840F08B8008A920469B
:10FAB000FFF797FE18B9019B9A45ECD1D9E7BDF83D
:10FAC0002000FFF718FE0C3054F820300593013366
:10FAD00004BF636805930AAA05A92046059EFFF79F
:10FAE000E5FE024600286CD1BDF82820BDF8203084
:10FAF0009A4227D06268059B9A42ECD15645DAD1EA
:10FB0000BDF82430002BD6D0BDF822704FEA1A433E
:10FB10001B041F4408A8A368ADF82230FFF74EFE6F
:10FB2000E36ABDF824901E68764206F02006B9F11B
:10FB3000000F0ED108A92046FFF73BFF0246002820
:10FB4000B9D03EE00AA92046FFF74BFE0028D1D0ED
:10FB5000D4E74E45B04628BFC8460CAA43463946AE
:10FB60002046FFF7E5FD024658BB4346A1680CAAB4
:10FB70002046FFF7E5FE41460246E06AFFF727FE12
:10FB8000A3680344A360E2B9A9EB08094744CEE7A0
:10FB90002046FFF72BFF024600283FF470AF10E02D
:10FBA000731B06A920460193FFF73AFE00287FF455
:10FBB0006CAF04A92046E9F71BF8024600283FF481
:10FBC0006AAF104615B0BDE8F08F13B5002400945D
:10FBD000E9F796FB02B010BD03785B075FBF0368CF
:10FBE0004288C3F34A2303EB12105DBF173020F0A5
:10FBF00007008008002070470020704701F068B9B6
:10FC00000346BFF35B8F53E8000F421C43E800211B
:10FC10000029F8D1BFF35B8F70471FB50023CDE9F2
:10FC20000201CDE900331A4619461846EAF782F870
:10FC300005B05DF804FB0120E9F766BD00207047C0
:10FC40004368DA7143681960436801225A71E9F721
:10FC50004DBD70B5D2E901369B1B8B420C46154653
:10FC60000AD313680A460146981901F08AFDAB6869
:10FC70002344AB60204670BD6FF01B00FBE770B5FE
:10FC80000E4615461946044618B9BDE87040E9F716
:10FC90003BBD33B1C2F34A231030120D184401F0BA
:10FCA00070FDC4E900562046BDE87040E9F754BF36
:10FCB000F8B506460D4614461F4604B9F8BD214660
:10FCC00028463A46B047241A0544F6E710B542687C
:10FCD00081680446D2E900230068FFF7E9FF636802
:10FCE00000221A6010BD13B500240094D5F770F8F7
:10FCF00002B010BD0A2838B504460D4602D10D20C9
:10FD0000EAF7BAF829462046EAF7B6F8002038BDE7
:10FD10002DE9F043054687B008460E8891F800901B
:10FD2000D1F808800C461746EAF77AF8011EC6F3A8
:10FD30008216C9F3C2091EDB4846E9F71FFF0346D6
:10FD40002146608851F8102B0196C2F34A22002AFE
:10FD500001EB0204C0F30B1008BF00210022CDE923
:10FD60000407CDE90214009241462846EAF7B2F8AA
:10FD700007B0BDE8F0830023E2E743681B685B68D7
:10FD800000201961704743681B681868EAF72EBAAB
:10FD900070B543681D686B6818690C46E9F790FCFC
:10FDA000214603460F222868BDE870401847036AC1
:10FDB0001BB11B790B70002070476FF05700704724
:10FDC000006A30B1BFF35B8F0068BFF35B8F00F058
:10FDD00001007047036A5BB1BFF35B8F53E8001FFC
:10FDE00041F0010143E80012002AF7D1BFF35B8F15
:10FDF0007047036A5BB1BFF35B8F53E8001F21F0CC
:10FE0000010143E80012002AF7D1BFF35B8F70476E
:10FE1000036A3BB1DB682BB11B6A1879B0FA80F03A
:10FE2000400970470120704770B5056A04460E46C8
:10FE30000DB103232B712046FFF7EAFF98B1032190
:10FE40002046B047002802DA10F1860F0BD10121BD
:10FE500025B920463346BDE8704018472971204631
:10FE6000B04700232B7170BD10F0700F00F07F02BF
:10FE700001D0EAF747BC10F0800F18BF1032012004
:10FE8000904070472DE9F84306460F469046994644
:10FE900004254B46424639463046EEF7B9FA10F192
:10FEA0000B0F044603D1FBF781F9013DF1D1204648
:10FEB000BDE8F883006840B150F8043C5B688B42B1
:10FEC000A0F1040001D04068F5E77047006850B128
:10FED00050F8043C5B685B689B788B42A0F104009F
:10FEE00001D04068F3E7704730B5006888B150F83A
:10FEF000043C5B681A6A1D7F04380023043ADCB2B4
:10FF0000A54201D84068F1E7013312F833408C4232
:10FF1000F5D130BD08B5EBF739FA28B1406810F1DA
:10FF2000100F14BF0020012008BD4B1CDBB28170F4
:10FF3000817680F82530C37600F8061C704750E9BA
:10FF40000231D0F89C0018470369002283F84A2048
:10FF50007047036993F84A0050B193F8480038B1EC
:10FF6000D3F890209388918910695B1A9BB2C01ACC
:10FF700070470369002283F84B207047036993F8A8
:10FF8000490008B193F84B00704708B50246FFF7E7
:10FF9000F5FF30B91046FFF7DCFF003818BF01202D
:10FFA00008BD0120FCE70369C3E90012704702297C
:10FFB000036908D004290BD001290ED1D3F894305D
:10FFC00013600020704793F89B30C3F34003F7E7BA
:10FFD00093F89B3003F00103F2E76FF08500704760
:10FFE00008B5402903693FD013D8102932D006D86C
:10FFF00001291ED0082920D06FF0120008BD202949
:020000023000CC
:10000000FAD193F89C1001F0FB0152B341F00401C6
:1000100027E0B1F5807F30D0B1F5007F36D0802960
:10002000EAD193F89C1001F0EF01D2B141F0100138
:1000300017E0C3F894200020E0E793F89C1001F04B
:10004000FE010AB141F0010183F89C100121EBF798
:1000500095FCF0E793F89C1001F0FD010AB141F026
:10006000020183F89C10F2E793F89C1001F0F7016D
:10007000002AF6D041F00801F3E793F89C1001F054
:10008000DF01002AEDD041F02001EAE793F89C104F
:1000900001F0BF01002AE4D041F04001E1E770B572
:1000A00004690546D4F88C00E8F772FD94F8A03096
:1000B0000646B3B1D4F88C209388918912695B1AF3
:1000C0009BB2D31A3F2B0CD994F89E3033B16B6896
:1000D0001B6A2246187B0021EBF7E6FC002384F81C
:1000E000A030304670BD08B50122FFF7D8FF0138B7
:1000F00018BF4FF0FF3008BD0269D2F89010888910
:100100008B8809691B1A9BB2994204BF002382F8AD
:100110004830D2F88C30D9885B89994204BF0023DB
:1001200082F84930012070472DE9F0418768FB686B
:1001300004460D4616469847BB682BB13246294601
:100140002046BDE8F04118476FF05700BDE8F08148
:1001500008B50020E8F7A8F801460068EBF76ABE8A
:1001600008B5EBF74BFFBDE80840EBF74BBF0021AC
:100170000120EBF75FBE61B662B680F31188BFF372
:100180006F8F704772B6002383F31188BFF36F8FB0
:10019000BFF34F8F30BF62B6BFF36F8F704772B639
:1001A000002383F31188BFF36F8FBFF34F8F20BFFE
:1001B00080F31188BFF36F8F62B67047202809D98A
:1001C000B0F1004F08D80138B0FA80F0C0F11F003C
:1001D00040007047082070473E2070474FF0FF30C6
:1001E0007047F8F7AFBF08B500224FF480214FF0F9
:1001F0000050F5F75DF8F1F7EDFE4FF08043012276
:10020000C3F80025BFF34F8F20BFFDE78170704713
:100210000020704738B50025044680F80C54294664
:100220004FF480620C3001F0D4FA294604F20D40FC
:100230004FF48072BDE8384001F0CBBA2DE9F041AF
:100240008368054683B3DB6873B30024D0F8107568
:1002500000F20C4800F10C06224618F8013F013468
:10026000A4B2E3B13068411C4FEA830CC1EB8303B5
:10027000002BB8BF5B42012B31600CDC3AB9326015
:10028000AB682146DB6838469847012207E06145A4
:10029000FBD13060F9E7614501D1002AF9D1B4F50D
:1002A000807F06F10406D8D1BDE8F08143685B6821
:1002B0000020D9717047036942685B685268137403
:1002C000C3F3072353740020704710B50369C0E9D6
:1002D00005330023C360837F044613B1407AEFF7F0
:1002E00095F90123237700236377E377A37710BD84
:1002F000F9F74CBAF9F700BB38B50446EDF7A8F9A1
:10030000054660B1037A6BB120460024EFF722FA6C
:100310002846AC77FFF7D9FF2C72204638BD6FF026
:100320001500FBE76FF07700F8E770B504460E465E
:100330001546EEF71FF930B906B925B12046BDE8DC
:100340007040EEF783B970BD10B50C46EEF758FA61
:10035000EFF31183402282F31288BFF36F8F02699B
:100360002260027B2AB9807D83F31188BFF36F8FEF
:1003700010BD0420F8E7F9F79DBCF8B5069F0469A5
:10038000C9B2EFF31186402585F31288BFF36F8F52
:100390000C2569430C44A56C05F0070CBCF1010F5A
:1003A0000BD1A76486F31188BFF36F8FC4E91023C4
:1003B00043685B5898470020F8BD05F0C005AF4280
:1003C00086F31188BFF36F8F0CBF6FF077004FF08B
:1003D000FF30F1E713B580240094FFF7CEFF02B0A1
:1003E00010BD0069CBB200EB431000211047002084
:1003F000F5F71CB80020F5F783B81046F9F75ABC9A
:100400008022EFF751BD10B50346BFF35B8F53E871
:10041000000F40EA010243E80024002CF7D1BFF3AB
:100420005B8F10BD0A2810B5044602D10D20EFF7EE
:100430002BFFE0B2EFF728FF204610BD2DE9F34176
:100440001C469046002382682360A36053690D46D2
:1004500001AA69469847019B5A1E019223B96FF081
:10046000150002B0BDE8F0810098A26847682168D5
:10047000676085B9A8EB02030668B34228BF33461C
:100480001A4403FB07112160A26002689A4206D851
:1004900008300090DFE76B1AB3FBF7F3ECE70020BE
:1004A000DFE713460022FFF7C9BF4FF40002002325
:1004B000C1E900230020704718B901F11000F9F7D5
:1004C000F9BB70477FB5FF238DF803300DF10303AF
:1004D000002101930123CDE9023105238DF80C3071
:1004E00003A801AB04910593F0F740F90028A8BFD9
:1004F0009DF8030007B05DF804FB1FB5002188429A
:100500000CBF0623042301A8CDE9011103918DF846
:100510000430F0F72BF9002818BF6FF0040005B085
:100520005DF804FB13B501AA044600F012F9002897
:1005300005DB019B226819791868F1F735FB02B0D9
:1005400010BD4FF0FF324FF0FF33F9F717BC38B54D
:100550000569BFF35B8F044605F1200353E8001FD4
:10056000013143E80012002AF8D1BFF35B8F206904
:10057000FFF7E7FF6B6A23B92046BDE83840FFF775
:1005800029BC38BD10B50269BFF35B8F044602F188
:10059000200353E8001F013943E800100028F8D178
:1005A000BFF35B8F536A2BB909B9F6F731FC2046CC
:1005B000FFF71FFC2069BDE81040F9F77BBB10B5C1
:1005C0000C4600F07AFD0023C4E90003184610BD74
:1005D00038B505460C4600F070FD002D07DBA8423B
:1005E00005D9401B84428CBF0020012038BD00206B
:1005F000FCE770B50D462846194616461C46FFF71F
:10060000E7FF28B921462846BDE87040F0F712BD43
:1006100024B122462946304601F0B3F8002070BDCF
:1006200043685B68D3F810350B600020704743685F
:100630005B6802EA010021EA0201C3F80805C3F879
:100640000C150020704743685B680020C3F808154C
:10065000704743685B680020C3F80C157047436817
:100660005A68D2F8043521EA03000B40C2F80805A5
:10067000C2F80C350020704701298CBF6FF085004F
:100680000020704713B54FF080520829136E526E48
:1006900028BF082112BA00921BBA0C460A466946C6
:1006A000019301F06EF8204602B010BDF1F722BAB6
:1006B000002201210320ECF723BA38B5044605696E
:1006C00001221146284600F06DFF012205F11000BD
:1006D000002100F067FF2046BDE83840F1F7CAB9B5
:1006E0000069F9F74BBB0069F9F7E4BA13B501AA41
:1006F000044600F02EF8002805DB019B22681979DA
:100700001868F1F751FA02B010BD10B54468002125
:10071000606AFFF7EBFF2046BDE81040F7F7F6BF31
:1007200010B544682046F8F715F8606A0121BDE865
:100730001040FFF7DBBF08B529B1012906D1FFF74B
:10074000E4FF002008BDFFF7EBFFFAE76FF085003C
:10075000F8E730B543681360057A446804EBC504D4
:10076000A34202D36FF0010030BD5C798C4201D00E
:100770000833F0E70020F7E770474368DB6B0020A1
:10078000C2E90030704713B501AA0446FFF7E1FF44
:10079000002805DB019B226819791868F1F704FA33
:1007A00002B010BD0129F7B5044632D147680021D7
:1007B000B86BFFF7E8FF002635463B6805F5AC72DD
:1007C00053F82230002B0EDB01A80193F1F7BCFA9D
:1007D000019AD0F80435D34013F001031CBF012364
:1007E000AB403343DEB20135042DE6D100230120B6
:1007F0006268916A00FA03F232420CBF01220022C1
:10080000D20321F813200133042BF1D1002003B0CF
:10081000F0BD89B945682846F5F7C4FE2846F5F7C6
:10082000F7FE0028FAD0236900221A605A60A86BEC
:100830000121FFF7A8FFE9E76FF08500E7E74368CC
:10084000586870474FF0FF324FF0FF33F8F79EBF04
:10085000F9F752B82DE9F041D0F804800446006958
:100860001F460E461546FFF7EDFFD8F800103A4632
:100870003144284600F085FF2069FFF7E9FF00209A
:10088000BDE8F0812DE9F041D0F80480044600690C
:100890001F460D461646FFF7D5FFD8F800003A462A
:1008A0003146284400F06DFF2069FFF7D1FF00209A
:1008B000BDE8F08138B5456804460069FFF7C2FF1E
:1008C0006A682868002100F084FF2069FFF7C0FFF4
:1008D000002038BD08B5006900F046FE002008BDC4
:1008E0004368586870474FF0FF324FF0FF33F8F716
:1008F0004DBFF9F701B82DE9F041D0F80480044666
:1009000000691F460E461546FFF7EDFFD8F80010A8
:100910003A463144284600F034FF2069FFF7E9FFEA
:100920000020BDE8F0812DE9F041D0F804800446B4
:1009300000691F460D461646FFF7D5FFD8F80000A0
:100940003A463146284400F01CFF2069FFF7D1FFEA
:100950000020BDE8F08138B5456804460069FFF71E
:10096000C2FF6A682868002100F033FF2069FFF7A2
:10097000C0FF002038BD08B5006900F0F5FD00207B
:1009800008BD4379014623B151F8060B83681B6803
:1009900018476FF08500704743681B68D3F88004E0
:1009A000C3F88004704742681368D3F8100150B14F
:1009B000D269002012780A70C3F81001D3F8102110
:1009C00001221A6070474FF0FF307047002A0FDD98
:1009D00042681368D3F8100158B10020C3F8100121
:1009E000D269D3F8100112780A700120186070479C
:1009F0000020704710B5436819680369EFF311824E
:100A0000402080F31288BFF36F8F1868002484732E
:100A10001B680120D8734FF48003C1F8043382F3BC
:100A20001188BFF36F8F10BD03691A68012191739C
:100A30001B680022DA737047026911680346C87B9D
:100A400040B15B681B68D3F8580118B100234B61B3
:100A500013689889704743681B68D3F81001003801
:100A600018BF0120704743681B681022C3F8042395
:100A7000704743681B681022C3F808237047436817
:100A80001B684FF40072C3F80423704743681B6867
:100A90004FF40072C3F80823704738B543681D68E7
:100AA000D5F804335B02044605D4D5F8040310F0EE
:100AB000100006D138BDFFF7BFFF0028F5D0012098
:100AC000F8E72046FFF7C7FF003818BF0120F1E71D
:100AD000012070470369186801601B685A607047FD
:100AE00073B543680E460DF107011C681546FFF704
:100AF0005EF99DF807306BB9C4F84465C4F84855F1
:100B0000C4F82031D4F82021C4F85831D4F8583131
:100B10000123A36002B070BD02680346D2F85801F9
:100B200040B95B68DB0706D4D2F82001003818BF53
:100B30000120704701207047F8B5066933689C8929
:100B4000BFF35B8F9442A8BF1446054614330122BD
:100B500053E8000F002803D143E80027002FF7D106
:100B6000BFF35B8F0CBF134600231ED133682246B0
:100B7000986800F006FEEFF31187402383F3128894
:100B8000BFF36F8F6868FFF7C7FF336838B95861E4
:100B9000044687F31188BFF36F8F2046F8BD99682C
:100BA00022462846FFF79CFFF3E71C46F5E710B402
:100BB000436802691B68D3F80413C90517D5D3F835
:100BC0002011A1B1EFF31181402484F31288BFF307
:100BD0006F8FD3F8204134B10024C3F82041D3F8FB
:100BE00020410124DC6081F31188BFF36F8F11680D
:100BF000D3F8584171B184B100244C611168C97BAC
:100C000019B94FF48001C3F8081311688C7B24B123
:100C100000238B735DF8044B7047D3F8241121B186
:100C20000021C3F82411D3F8243112681368002B73
:100C3000F0D051685DF8044B184713B501AA04467B
:100C4000FFF787FD002805DB019B226819791868EA
:100C5000F0F7AAFF02B010BD01292DE9F8430546BF
:100C60000E4624D143680021D868FFF7E6FF6F687D
:100C70002D693C68F8680021FFF7DFFF0823C4F8FE
:100C800000353B7A83B9FA69C4F83425C4F838656D
:100C9000C4F81031D4F8103126602B6823B11B7CC6
:100CA00013B11023C4F804330020BDE8F8830029F1
:100CB00063D1D0F80480D8F80040D4F84C3123B385
:100CC0000269116851B1D4F80433C3F300130B74F3
:100CD00013681B7C13B11023C4F80833012363602D
:100CE000D4F84431002BFBD00023C4F84C31D4F8A5
:100CF0004C21C4F84431D4F84421C4F81031D4F85C
:100D00001021C4F82431D4F824316A68D2E9006390
:100D100013F0010917D14FF48073C6F808334FF46C
:100D20007A776868FFF7F8FE20B9012000F0F4F840
:100D3000013FF6D1D6F858312BB9C6F82031D6F894
:100D400020310123F3604FF47A75D6F8583123B976
:100D5000012000F0E1F8013DF7D1B9F1000F03D116
:100D60004FF48073C6F80433D8F80C000121FFF764
:100D700064FF0023C4F8003596E76FF0850094E720
:100D800007B50DF10701FFF712F89DF8073003F0E2
:100D9000FD03012B14BF6FF00F00002003B05DF8BE
:100DA00004FB002201212F20EBF7AABE10B50B682F
:100DB00013B91360184605E003685C681CB1146041
:100DC0000368186810BD083303600B68013B0B60B3
:100DD000EDE713B501AA0446FFF7BBFC002805DBCD
:100DE000019B226819791868F0F7DEFE02B010BD89
:100DF000012970B50C4606D14368D86B0021FFF776
:100E0000E8FF002070BD61B90669456896F85D305D
:100E100023B12846F7F79AF886F85D40E86B012180
:100E2000EDE76FF08500EDE710B503680446DBB130
:100E30009868C8B149B1197B0122F1F7D5FC236844
:100E40001869BDE8104000F034BB12B99A88D2048A
:100E50000AD4186900F02DFB23680022BDE8104079
:100E6000197B9868F1F7C0BC10BD10B501220021B4
:100E70000446FFF7D9FFA36933B9636004F110009A
:100E8000BDE81040F8F716BF10BD10B50069036843
:100E90008B4206D190F85C4034B9FFF7E6FF20465C
:100EA00010BD6FF01500FBE76FF00F00F8E738B5E5
:100EB00005690446296305F12000F8F7FBFE0022CE
:100EC00085F85C2020691146BDE83840FFF7ACBFCB
:100ED00008B5F2F783F908BD036893FAA3F318067F
:100EE0001A0A40EA136002F47F421B02104303F423
:100EF0007F031843704708B5CFF7EAFF002008BD0D
:100F0000FBF7E6B908B5EAF7A9FEEAF77DFFBDE809
:100F10000840FBF7DDB9004700F0CBBA0001090437
:100F200000F1804012B1C0F804197047C0F80819E8
:100F30007047C00000F1804000F5F830C0F810158F
:100F4000C0F814257047F5F753B943090AD0012BAF
:100F50000BD14FF6FF7300F01F0023FA00F000F0F2
:100F6000010070474FF0FF33F5E7002070472DE98F
:100F7000F341019001A8DDE908580C4617461E46CA
:100F8000F4F722FB019B391E18BF012100EB8300FF
:100F9000231E18BF0123002E43EA410314BF0C2176
:100FA0000021002D43EA010314BF4FF4E06100214A
:100FB000B8F1000F43EA0103D0F8002714BF4FF443
:100FC000403100210B4322EA030304B124780FB11E
:100FD0003F787F001C430EB13678B6003C438DB19C
:100FE000297809023443B8F1000F03D098F8008043
:100FF0004FEA0848214341EA0801C0F8001702B04F
:10100000BDE8F0812946EDE71FB50DF10F0301930F
:1010100000238DF80F1000931A461946FFF7A7FF1B
:1010200005B05DF804FB08B50146F4F73DFB10B1CF
:101030000846F4F753FB00F0010008BD38B505463B
:1010400008460C46F4F74AFBB0B10846F4F72CFB0F
:1010500090B90846F4F71CFB2A6801238340C2F8C4
:1010600008332A6803B202EB8303D3F8102522F079
:101070000302C3F8102538BD20460021BDE83840E2
:10108000FFF7C2BFF4F702BCFFF7D8BF0846F4F77A
:101090008FBB034608464FF080510A6949694A43AD
:1010A000934208D340B1A3F11023B3F5427F2CBF84
:1010B000002001207047012070474FF080531A69CB
:1010C0005869504370474FF08053186970474FF08C
:1010D00080535869704700F180431A68002A1FBF87
:1010E00000221A601B68012008BF002070474FF0E3
:1010F00080434FF46072C3F8042370474FF080437D
:101100004FF46072C3F80823704708B5F4F7DEFFA8
:10111000BDE80840F4F70EBA30B5A2F58075AD0809
:101120000124AC400C4207D0815829B100218150E4
:1011300082581A6822431A6030BD13B500230C464A
:1011400001934FF4887201ABFFF7E6FF21464FF49D
:101150008A72FFF7E1FF21464FF48E72FFF7DCFF42
:1011600021464FF48272FFF7D7FF21464FF4847275
:10117000FFF7D2FF21464FF48672FFF7CDFF4FF401
:101180008C722146FFF7C8FF019802B010BD30B540
:1011900002240C72CA6004680125C4F8005509686D
:1011A00079B112F0040F0CBF82219221150748BFBC
:1011B00041F02001D406046848BF21F08001C4F842
:1011C00000139B000168083312F0800006BF012263
:1011D000CA50C81830BD0021F5F756BB0223F5F7F9
:1011E000B5BA0323F5F7B2BAA1F5807310B59B0821
:1011F000012404FA03F318400CD001F1804101F5F9
:10120000E041086830B1002008600968116819439E
:101210001160204610BD08B500210120F5F77AFFC6
:101220000028F9D008BD70B5A2F58074A408012685
:1012300006FA04F4054614EA010008D0A85830B1B3
:101240000021A950AA581A6822431A60304670BD7E
:101250002DE9F341002304460D460193904601AB6E
:101260004FF4A672FFF7DFFF4FF482722946204643
:10127000FFF7D9FF4FF48C72074629462046FFF747
:10128000D2FF064630B1B8F1000F1DD017B1D4F827
:101290003C353E4601AB4FF4887229462046FFF7A5
:1012A000C2FF30B1B8F1000F03D016B90FB1D4F8B6
:1012B0003C3501AB4FF4907229462046FFF7B3FF4F
:1012C000019802B0BDE8F0814646E3E707B501901A
:1012D00001A8F6F73BFC019A01239340C0F80835BA
:1012E00003B05DF804FB07B5019001A8F6F72EFCEA
:1012F000019A01239340C0F80C3503B05DF804FB5C
:1013000091F820200346032A29D8DFE802F021259E
:1013100019028A68500304D5D3F84C250869904215
:1013200007D18A6852031AD4D3F84C2589699142AF
:1013300015D000200622C3F80005C3F80025704729
:10134000D3F84C2508699042F3D1D3F83C25EDE75A
:10135000D3F84C250969EAE7D3F83C25FAE70120E0
:10136000704730B5A2F58075AD080124AC400C4241
:1013700007D0815829B10021815082581A68224330
:101380001A6030BD13B500230C4601934FF4A472CC
:1013900001ABFFF7E6FF21464FF48272FFF7E1FF52
:1013A00021464FF49272FFF7DCFF21464FF4A872FA
:1013B000FFF7D7FF21464FF4A672FFF7D2FF214671
:1013C0004FF4B072FFF7CDFF4FF4AE722146FFF736
:1013D000C8FF019802B010BD07B5019001A8F7F74A
:1013E000F1FC019A01239340C0F8083503B05DF881
:1013F00004FB0369C26893429CBF81685B18013B90
:10140000981A70472DE9F041D0E902840546A8EB0F
:1014100004064068964220440F46144404D900F064
:10142000B0F9EC60BDE8F0813246A4EB080400F0AE
:10143000A8F968682246B919F1E72DE9F843C568AB
:101440000646894617464FF000083369B46870684D
:101450009D4228BF1B19641BBC4203F1FF3328BF08
:101460003C465B1B9C4228BF1C46494628442246FA
:1014700000F087F9B3682544AB4208BF00253F1B45
:10148000A044A144F560E0D14046BDE8F88308B52A
:10149000F7F7F4FD002008BDEFF31180402383F33C
:1014A0001288BFF36F8F704780F31188BFF36F8F7F
:1014B000704708B1EBF790BE704740B1C3685878E9
:1014C00010F001001EBF1878B0FA80F04009704794
:1014D00010B54369044633B90020E268537843F0FD
:1014E0000103537010BD98470028F5D00028B8BFFD
:1014F0004042E368FF28A8BFFF201870EDE700F026
:1015000068B900F03EB98169C36843EA010212F08C
:1015100003020FD102614269013A01FB0233C26842
:101520009A4201D90020704702691A6082690361FA
:101530009B1AF4E76FF01500704710B5C0E905324B
:101540000023C160C36183600446FFF7DCFF00280D
:10155000A8BFC4E9004410BD90F90E308B4201D001
:10156000F9F714BC0020704703460020C3E90200CD
:10157000C3E90033704710B5044630B102689307E1
:1015800003D0446809B100F0DAF8204610BD07B571
:101590000123009300230A461946F8F771FA03B0B5
:1015A0005DF804FB3AB18A4205D3C0E90212C0E9F2
:1015B0000000002070476FF015007047026801239B
:1015C0008B4022EA0303036022FA01F000F00100DD
:1015D000704720B100221146EC30FAF7F5B8704799
:1015E00010B5F8F751FE041E08DDEFF3118040231B
:1015F00083F31288BFF36F8FF9F7FEFC204610BD0E
:10160000EFF30580003818BF012070476030704745
:10161000D0E9003213605A600023C0E900337047FC
:1016200038B504460D46F9F759F8637B43F00203D9
:101630006373E5B1A5602B689D4209D16B68C4E96D
:1016400000531C606C6012E06A689A42F6D01B6816
:10165000002BF3D094F90E2093F90E108A42F3D0A8
:101660009142F1DD5A68C4E9003214605C6038BD13
:1016700001211838F9F7A2BA10B50446F9F768FA4B
:1016800004F11800BDE81040FAF7FEBA38B5046856
:101690000546AC424FF0000000D138BD002CFCD014
:1016A0002046FFF7E9FF2046F9F746F92C680120AC
:1016B000A542F1E708B50246FAF7EEF970B1D0E9B4
:1016C00004319B1A61EBE272B3F1004F72F1000139
:1016D00004DA002AACBF1846002008BD6FF00040B5
:1016E000FBE708B5FAF7AEFB08BDFAF7ABBB002382
:1016F000C0E9081200F11802C0E90622C0E900336F
:1017000003634363704710B50446FAF7BDFAA8B9FE
:10171000636A0BB12046984704F11800F9F7FAFA0A
:1017200060B1F9F709F9EFF31180402383F31288D0
:10173000BFF36F8FBDE81040F9F75EBC10BD20B15C
:10174000011F50F8040CFAF76BBD704710B400F19C
:101750000C04C0E90344002444615DF8044BE5F740
:1017600037BE10B501390244904201D1002005E096
:10177000037811F8014FA34201D0181B10BD0130AE
:10178000F2E70A44914200F1FF3300D1704710B5EF
:1017900011F8014B03F8014F9142F9D110BD884275
:1017A00010B501EB020402D98442234607D8431E38
:1017B000A14208D011F8012B03F8012FF8E70244E9
:1017C00001468A4200D110BD13F8014D02F8014DC7
:1017D000F7E702440346934200D1704703F8011B28
:1017E000F9E7C9B20346184613F8012B12B18A4231
:1017F000F9D17047002918BF0020704710B5013992
:10180000034632B111F8014F03F8014B013A002CA5
:10181000F7D11A440021934200D110BD03F8011BF7
:10182000F9E710B5024601448A42134603D01C78FA
:101830000132002CF8D1181A10BD10EE103A23F026
:10184000004300EE103A7047FBF7E8BBB1EEC00A68
:10185000704751EC100B024621F0004343EC102B73
:10186000704782B08DED000B019840F0004000F50C
:081870008010C00F02B07047A8
:0818780022F7FC7F01000000D3
:1018800095D101000000000000000000C81903000D
:101890008F1403000000000001950200000000000A
:1018A000E1C102000000000000000000EC1903008C
:1018B00000000000101A0300F70E030000000000F3
:1018C000010F03000000000000000000581A030090
:1018D00000000000341A030019020200000000009A
:1018E00099020200000000003934020000000000EC
:1018F000259501000000000055D101000000000006
:1019000000000000A01A030000000000C41A030039
:1019100000000000E81A0300000000000C1B030098
:10192000A1BB010000000000000000007C1A0300C1
:10193000050F030000000000A5C202000000000027
:1019400000000000301B030000000000541B0300D7
:1019500000000000C01B030000000000781B030013
:10196000000000009C1B030000000000E41B0300BB
:1019700079D7010000000000000000002C1C0300CB
:1019800000000000081C0300D984000000000000D3
:10199000CD78000000000000D58A000000000000A3
:1019A000B93501000000000069400100000000009E
:1019B000D3E6020000000000D15401000000000046
:0819C0001D58010000000000A9
:1019C80074AC0300342C0300F0200300EA0C002060
:1019D8008C53002045FF01000000000000000000BB
:1019E8000000000008B00300E82C03004C200300AE
:1019F800F00C00201C5400207913020000000000A5
:101A0800000000000C0A002016B00300002D03009F
:101A18004C200300F20C0020285400207913020007
:101A280000000000000000001C0A0020FE9E0300C9
:101A3800580F00200C210300E40C00207005002042
:101A480035B901000000000000000000000000009F
:101A580049B50300302E030058210300040D00206F
:101A68006C0A00208526020000000000000000002B
:101A78005C0A0020F84E03007C0F0020202C030095
:101A8800E60C0020CC4300201102030000000000F7
:101A98000000000000000000E2B20300E82D03008F
:101AA80090200300F80C002060540020D5080300A3
:101AB800000000000000000000000000F5B2030074
:101AC800F02D030090200300FA0C0020745400202D
:101AD800D50803000000000000000000000000001E
:101AE80022B30300F82D0300A0200300FC0C002003
:101AF800885400207709030000000000000000005F
:101B08000000000022B30300002E0300A020030001
:101B1800FE0C00209C540020770903000000000000
:101B28000000000000000000D1AE0300542C0300A8
:101B380034200300EC0C0020E40900201109020005
:101B48000000000000000000D40900202AAC0300B7
:101B58000000000010200300E80C00200000000036
:101B680005FA01000000000000000000000000006D
:101B78007CAF0300000000001C200300EE0C0020D6
:101B880000000000791002000000000000000000C2
:101B9800000000000EB10300182D030070200300A0
:101BA800F40C002034540020BB060300AD060300EB
:101BB800000000002C0A0020CCB20300742D0300A2
:101BC80088200300F60C0020585400209D1D0200B8
:101BD80000000000000000003C0A0020D0B703000D
:101BE8008C2E0300E8200300060D0020A40A002024
:101BF80035280200810D030000000000940A00202F
:101C080080B3030000000000B0200300000D002096
:101C1800B0540020F1200200000000000000000085
:101C280000000000F8B40300082E0300CC200300D5
:101C3800020D0020882F0020092302000000000068
:081C4800000000004C0A00201E
:101C50000B110300170F0300000000006F010300C9
:101C6000581A0300AF0B03001D8C0200170F03006E
:101C7000000000006F010300000000006F0103007E
:101C8000615D0200170F030031790200170F030096
:101C9000000000006F010300000000006F0103005E
:101CA000000000006F010300000000006F0103004E
:101CB000081C030031200200000000006F01030037
:101CC000000000006F010300000000006F0103002E
:101CD000000000006F01030000000000213202003C
:101CE000000000006F010300000000006F0103000E
:101CF000000000006F010300000000006F010300FE
:101D0000000000006F010300000000006F010300ED
:101D1000000000006F010300000000006F010300DD
:101D2000000000006F010300000000006F010300CD
:101D30004D660200170F0300000000006F01030052
:101D4000000000006F010300000000006F010300AD
:101D5000000000006F010300000000006F0103009D
:101D6000000000006F010300000000006F0103008D
:101D7000000000006F010300000000006F0103007D
:101D8000000000006F010300B9ED0100170F030010
:101D9000000000006F0103005D6F0200170F0300D9
:101DA000000000006F010300000000006F0103004D
:101DB000000000006F010300000000006F0103003D
:101DC000000000006F0103007D820200170F030076
:101DD000C82300208083002000010000B55B0100C3
:101DE00000000000000000000000000006000000ED
:101DF00000000000719403000000000000000000DB
:101E0000E8180020006E002000040000119400007B
:101E100000000000000000000000000006000000BC
:101E200002000000775503000000000000000000E1
:101E300000150020006300200002000099750000DA
:101E4000000000000000000000000000080000008A
:101E5000020000005F4103000000000000000000DD
:101E600018210020807F0020800000003FE6020053
:101E7000000000000000000000000000060000005C
:101E800000000000AF9003000040000000000000D0
:101E9000F015002080650020000200001580000081
:101EA000000000000000000000000000060000002C
:101EB0000000000069430300000000000000000073
:101EC000501F00208078002000020000E541010042
:101ED00000000000000000000000000006000000FC
:101EE00000000000FA8C0300000000000000000069
:101EF00038200020007B002000040000754A01000B
:101F000000000000000000000000000006000000CB
:101F1000000000009F90030000000000000000008F
:101F2000381D00208072002000010000B532010041
:101F30000100000000000000000000000700000099
:101F400000000000478803000000000000000000BF
:101F5000D82200200082002000010000F951010079
:101F6000000000000000000000000000060000006B
:101F70000000000087910300000000000000000046
:101F8000F82100208080002000010000C5510100E0
:101F9000000000000000000000000000060000003B
:101FA000000000007191030000000000000000002C
:101FB000A8240020008500200001000065550100D4
:101FC000000000000000000000000000060000000B
:101FD00000000000829403000000000000000000E8
:101FE000882500208086002000020000915D01000D
:101FF00000000000000000000000000006000000DB
:102000000000000091940300004000000000000068
:0C20100095F8010019FC010058020000C6
:10201C00F30503000D120200251102002D10020021
:10202C00BF0503001D100200E90C0200A50B020005
:10203C00550E020065070200AB04030055070200B1
:10204C0049150200210603002F0603004706030072
:10205C00530603005F06030025140200F912020068
:04206C000000000070
:102070006D1902000000000081170200000000003E
:08208000000000001919020024
:082088001D1E02007B0703008E
:102090003F0803005508030085080300B508030046
:1020A000E1080300F70803002709030057090300AC
:1020B00000000000000000000000000049200200B5
:1020C00005200200000000000000000000000000E9
:1020D000000000000000000085220200A121020093
:0820E0000000000000000000F8
:0820E800D92B02008B0E03004E
:1020F0009DFF010001040300D50303000000000060
:0C21000075FE010000000000000000005F
:10210C00E7000300C1B9010000000000EDB70100B9
:10211C009F000300CDB7010049FF020053FF0200EE
:10212C00ADB7010073FF0200000000007DFF02004C
:10213C0000000000000000008BFF0200F90003000B
:10214C00A7FF0200E1FF0200AFFF0200A709030096
:10215C00ED25020099090300390B0300CD0903009A
:10216C00F5090300290A0300390A0300670A030072
:10217C00730A0300390A0300570A03007F0A03009D
:10218C008D0A03009B0A0300D10A0300D50A030041
:08219C0000000000000000003B
:1021A400FD7D0300040000005557030004000000F7
:1021B4002581030004000000AC7E0300040000003D
:1021C400FA770300040000009C7A03000400000076
:1021D400B489030004000000FC7E03000400000036
:1021E4004D7F030004000000A588030004000000E4
:1021F400F77F030004000000267B030004000000B6
:10220400967B0300040000006C7C030004000000C3
:102214006180030004000000C98003000300000083
:10222400EA8C030003000000555203000300000081
:10223400AC950300030000008FAC03000300000012
:10224400E24D03000300000074410300030000009A
:10225400AB4E03000300000011B9030003000000AB
:1022640077430300030000001AB8030003000000D2
:102274001E9F03000300000096AF0300030000004C
:10228400B3980300020000008D5503000300000012
:10229400B34F03000300000024B003000300000058
:1022A4001BB10300030000002AAA0300030000007E
:1022B400EF98030003000000589903000300000096
:1022C400139B030003000000CD4F03000300000034
:1022D400C3A5030003000000C0AB0300030000001B
:1022E400CDBE0300030000002A9B0300030000008E
:1022F4002886030003000000D9B203000300000095
:10230400DEAE03000300000008B303000300000076
:102314002EB30300030000005D88030003000000E7
:10232400997D0300030000004A8A030003000000B3
:10233400D180030003000000BE81030004000000FC
:102344007B82030004000000159F030003000000CB
:10235400BBA6030003000000DDB703000300000078
:10236400543E030003000000F9B70300030000001B
:102374008EB3030003000000CCB803000400000087
:1023840057B5030003000000A494030003000000F9
:102394001F9E030001000000D29C03000100000006
:1023A400D4A703000200000069AB03000100000091
:1023B400F19E03000100000008B5030003000000C3
:1023C400682B03007C3A0020C59A0300010000003A
:1023D400AC2B030060090020F18D03000000000015
:1023F000010000000000000001020000580203007C
:10240000002000000AD7A33E0AD7233E0AD7A33DE7
:102410000AD7233D0AD7A33C0AD7233C0AD7A33BBC
:102420000AD7233B0001020304050607FF00000052
:10243000FF000000FF000000FF000000FF000000A0
:10244000FF000000FF000000FF000000FF00000090
:10245000FF000000FF000000FF000000D8ECF0F4D7
:10246000F8FC000203040506070800000000000055
:10247000000000000000000000000000000001015A
:10248000010102020202030303030404040405051C
:10249000050506060608090000000000000000000F
:1024A0000000000000000000000000010101010226
:1024B00002020203030303040404040505050506E0
:1024C000060708090A0B0C0D060808010206001091
:1024D0000200FA000000FCDE41EBA2D1422400B56C
:1024E000F8579FAC9D9EAAC9B43400004F0F00005E
:1024F0005B0F00005F0F0000670F00006B0F000014
:1025000000000000C2010000000800000000000000
:102510000338FDD870470000763C7935EF39EA3D45
:10252000763C7935EF39EABD0000E0FE422EE63F09
:102530000000E0FE422EE6BF000000000000E03F89
:10254000000000000000E0BFE0930400F401000080
:1025500088130000983A0000983A0000A0BB0D00D4
:1025600080CBA4000000000000000000000000007C
:10257000000000000000000000000000000000005B
:102580000000000000000000004E0300044E0300A5
:10259000094E03000D4E0300124E0300164E0300B9
:1025A0001B4E03001F4E0300244E0300294E030060
:1025B0002F4E0300344E0300069A03006C7803008C
:1025C0008B9D03005BA80300035103003A4E0300F8
:1025D000069A03003C4E0300404E0300454E0300A4
:1025E0004A4E0300544E03005A4E03005F4E030050
:1025F000654E03006C4E0300714E0300764E0300DF
:102600007A4E03004F4E03007F4E0300894E0300B5
:102610008F4E0300944E03009A4E0300A14E030018
:10262000A64E03000000000000000000918400009E
:1026300035DC0200C185000000000000DBDC020088
:10264000DDDC0200EFDC0200DFDC0200E9DC02007E
:10265000EDDC0200E1DC0200F1DC0200F3DC020050
:10266000E3DC0200E5DC0200F5DC0200EBDC02004A
:10267000A9A70000E9A7000015A800003DA80000D8
:1026800089A8000001A90000F7DC020019A90000D8
:102690002DA90000E3DC0200E5DC020049A90000EE
:1026A0003DA9000049B3000019B10000D5A9000000
:1026B000E5AA000051AE000011AF000015AD00000A
:1026C000A9AD000055DD020091AC000055B000003E
:1026D00081E5020009BE000035BF000045B70000DB
:1026E000DDBA00004DB8000021B9000055B7000068
:1026F000D1B700005DBA0000E5DD020025BD000095
:1027000081E5020079CA00009DCB00000F000000A7
:1027100045C50000BDC6000095BF0000F9C200001D
:10272000B9C800005DC1000065C00000E1C0000044
:1027300065DE020039DE0200A5BF0000D1CC00003A
:10274000E9E000002DE7000079DD000029DF00004E
:102750000DE3000035CE0000C1CE00008DE2000088
:10276000D7DE0200C9E3000085E6000049E400006E
:10277000FDD300002DE7000041CF000021D1000073
:10278000B9D4000089D000000DE200008DE2000005
:10279000D7DE020001D600007DD6000049E400002B
:1027A00079DA00002DE7000025D700006DD8000081
:1027B00079DB00009DDE00000DE200008DE20000EC
:1027C000D7DE0200C9E30000C5DC000031DC0000F8
:1027D0008DE7000029E5000008000000E9E00000A6
:1027E0002DE7000079DD000029DF00000DE3000087
:1027F0009DDE00000DE200008DE20000D7DE020049
:10280000C9E3000085E6000049E4000005EE000091
:102810005DEF000005ED0000B5EC0000BDEF00002D
:102820001DEE000021F00000C1EC000009090011BC
:1028300021F60000C1F5000089F300006DF00000F2
:1028400075DF02000DF50000AD35010079F00000E4
:10285000060800427DF90000DDFA000005F80000DE
:1028600095F700008FDF020095F9000005FA0000DF
:10287000A1F7000009090231C9FC000015FE0000A3
:1028800095FB000049FB000075FE0000E1FC000024
:10289000AD35010055FB0000060600111D000100CA
:1028A00089010100E9FE00009DFE0000E901010030
:1028B00055000100AD350100A9FE0000060600111B
:1028C000490301001104010051020100110201003D
:1028D0007104010061030100DFDF02001D0201003D
:1028E0000606006895060100C107010015050100F4
:1028F000D504010013E00200110701002BE00200E3
:10290000E104010006060028350C0100510B01000E
:10291000D50801005D080100B10B01001D0A01008E
:10292000A90C01006908010006070000790F0100E9
:102930007BE00200650E0100110E01002110010074
:102940005D100100AD3501001D0E010006060001FD
:1029500005000000060000000A000000040000005E
:10296000060000000A000000040000000100000052
:10297000060000000A00000004000000070000003C
:1029800008000000090000000B0000000C0000001F
:10299000030000000E000000000000000E00000018
:1029A0000D0000000F0000001000000013000000E8
:1029B00011000000120000000300000002000000EF
:1029C00006000000000000000100000002000000FE
:1029D00008000000090000000300000004000000DF
:1029E0000500000007000000070000000A000000CA
:1029F0000B0000000C0000000D0000000E000000A5
:102A00000F000000100000001100000087E5020028
:102A10009BE502008FE50200A135010099E5020067
:102A200095E50200AD3501008DE50200FFFF0000D5
:102A300059E502005FE5020061E5020063E502007E
:102A400069E502006DE5020071E5020097E502000C
:102A500073E5020079E502007DE5020081E50200F0
:102A6000102700001027000010270000102700008A
:102A700010270000101A030010000100101A0300B4
:102A80000F000100101A03000E000100101A0300CD
:102A90000D000100101A03001E00070000000000D6
:102AA000EB09A4933D1AECB4D6134827913D7CFA68
:102AB0007A34D869AC27904E472E34DDC9725C67F2
:102AC000227BF8F4F468B0D31F611440584F209D66
:102AD000B346840E6555CC298E5C68BA00000000B0
:102AE0006410B71DC8206E3BAC30D9269041DC760F
:102AF000F4516B6B5861B24D3C7105502083B8EDB9
:102B000044930FF0E8A3D6D68CB361CBB0C2649BDC
:102B1000D4D2D38678E20AA01CF2BDBD482700209B
:102B20008001000037FC0200D9FB02000200000017
:102B300011FD020000000000000000000000000085
:102B400000000000A59A0300AD9A030000000000F9
:102B50000000000000000000B59A0300B99A0300CD
:102B6000BD9A0300C19A030095A2010089A2010049
:102B7000B9A2010071A20100000000007DA20100C5
:102B80000000000015A30100843A0020D05B002063
:102B9000100000009C2B0300943A0020F1A30100D8
:102BA000AC3A0020E05B00200100000091FD020033
:102BB00087FD02009DA3010015A401000000000094
:102BC0007BFD020000000000000000005101030036
:102BD000C0090020B8090020B00900200000000052
:102BE000A809002075BD010069BC0100BDBC010041
:102BF0001DBD0100000500200000000000000B06C4
:102C000002000000082C03000000000076A603006C
:102C100026000202000000207EA6030022000B1105
:102C2000000000001DD9010039FE01001DFF010058
:102C300000000000A5000200D1FF010083AC0300EA
:102C4000EF030300F503030089AC03000400000058
:102C500000FF000000000000000000000000000075
:102C60000000000000000000000000000000000064
:102C70000403000000000003F40100000001010053
:102C800000008000C22817008C2C03000090024036
:102C9000982C030002000000C02C03000600000076
:102CA000A82C0300060100001380001D1480001FE3
:102CB0001580002016800021178000221186001E3A
:102CC0001318001D1418001F1518002016180021D5
:102CD000171800221118001E000800000010000044
:102CE0000400000000FF0000FFFF00000003005090
:102CF0000000000001000000006000400000000033
:102D0000BCF801FF000000500000000000000000BF
:102D100000600040000000000030004000000000A3
:102D2000000000000000000000004006000001015B
:102D300049170200FF030000B1060300482D0300FD
:102D4000005C0020FFFF000000300040542D030015
:102D5000020000006C2D030002000000642D03003F
:102D6000020100001A80000C1B80000B1A00000CEE
:102D70001B00000B00C0014000000000000000002C
:102D80000000000000000000000000000000000043
:102D900000040000E803020101010000B259002014
:102DA000040000000000000000000000B42D03003B
:102DB0000024F40000C00140C02D03000200000008
:102DC000DC2D030003000000D02D030003010000F0
:102DD0000D8000160E8000170F8000180D200116C0
:102DE0000E2001170F2001182005004001000000EF
:102DF0001C050040010000007C7F00200400000052
:102E000000F0032000100000541B0300010000002C
:102E1000000000000000000000000000D84D02008B
:102E200038C70000EC1903000D000000640000002A
:102E3000002000400100000000000000502E0300B0
:102E40000000D6010000000000600020FF5F0020AD
:102E5000002000405C2E0300020000007C2E0300D6
:102E6000040000006C2E0300040100000680000036
:102E700008800001058000020780000306000000B2
:102E800005000002080600010706000300F00240EA
:102E9000000000000048E801000000000000000001
:102EA00000000000FFFFFFFF0000FF000000000027
:102EB00000000000FFFFFFFF020000010100000012
:102EC000A30D0300FFFF0000DC2E0300FFFFFFFF48
:102ED00000000000000000000000000000F00240C0
:102EE000E82E030002000000042F0300030000008E
:102EF000F82E0300030100001C8000052A80000654
:102F00001D8000041C0000052A0000061D000004AE
:102F1000101A03001F0001000000000000A0004084
:102F200000000000810000000C0000000000000014
:102F30000000000000A00040000000007C00000035
:102F40000C0000000000000000000000920E493C50
:102F5000B10AC93C2BC3163D2EFB483D752B7B3D6A
:102F600004A9963D80B6AF3D36BDC83D2FBCE13DBE
:102F700073B2FA3D87CF093E8340163EB5AB223E81
:102F8000A2102F3ECF6E3B3EC2C5473E0115543EB8
:102F9000135C603E7F9A6C3ECCCF783EC07D823E13
:102FA000938E883E229A8E3E32A0943E86A09A3E10
:102FB000E59AA03E128FA63ED47CAC3EEF63B23EB3
:102FC0002A44B83E491DBE3E15EFC33E53B9C93E23
:102FD000CA7BCF3E4136D53E80E8DA3E4F92E03E96
:102FE0007533E63EBBCBEB3EEA5AF13ECBE0F63E14
:102FF000275DFC3EE4E7003F3D9C033F824B063FDC
:103000009BF5083F6B9A0B3FDA390E3FCDD3103F4B
:103010002A68133FD9F6153FC07F183FC6021B3FF1
:10302000D17F1D3FCBF61F3F9967223F25D2243F1A
:103030005636273F1594293F4AEB2B3FDE3B2E3F68
:10304000BB85303FC9C8323FF304353F233A373F91
:103050004268393F3B8F3B3FF9AE3D3F67C73F3F3B
:1030600070D8413F01E2433F03E4453F65DE473FFF
:1030700012D1493FF8BB4B3F029F4D3F207A4F3F53
:103080003D4D513F4918533F31DB543FE595563F85
:103090005348583F6AF2593F1A945B3F532D5D3FA6
:1030A00005BE5E3F2146603F97C5613F5A3C633F86
:1030B00059AA643F880F663FD86B673F3CBF683FA3
:1030C000A7096A3F0C4B6B3F5E836C3F93B26D3F29
:1030D0009ED86E3F73F56F3F0809713F5213723FE0
:1030E0004714733FDD0B743F0BFA743FC6DE753F28
:1030F00007BA763FC58B773FF853783F9812793FF0
:103100009DC7793F02737A3FBE147B3FCDAC7B3FB6
:10311000283B7C3FC9BF7C3FAC3A7D3FCCAB7D3F79
:1031200023137E3FB0707E3F6DC47E3F580E7F3FBD
:103130006D4E7F3FAB847F3F0FB17F3F97D37F3F83
:1031400043EC7F3F11FB7F3F0000803F11FB7F3F3F
:1031500043EC7F3F97D37F3F0FB17F3FAB847F3FEF
:103160006D4E7F3F580E7F3F6DC47E3FB0707E3FF7
:1031700023137E3FCCAB7D3FAC3A7D3FC9BF7C3F44
:10318000283B7C3FCDAC7B3FBE147B3F02737A3F34
:103190009DC7793F9812793FF853783FC58B773FA9
:1031A00007BA763FC6DE753F0BFA743FDD0B743FFE
:1031B0004714733F5213723F0809713F73F56F3F15
:1031C0009ED86E3F93B26D3F5E836C3F0C4B6B3F5E
:1031D000A7096A3F3CBF683FD86B673F880F663FCF
:1031E00059AA643F5A3C633F97C5613F2146603FFF
:1031F00005BE5E3F532D5D3F1A945B3F6AF2593F17
:103200005348583FE595563F31DB543F4918533FEB
:103210003D4D513F207A4F3F029F4D3FF8BB4B3F02
:1032200012D1493F65DE473F03E4453F01E2433F9A
:1032300070D8413F67C73F3FF9AE3D3F3B8F3B3FB3
:103240004268393F233A373FF304353FC9C8323F1C
:10325000BB85303FDE3B2E3F4AEB2B3F1594293F89
:103260005636273F25D2243F9967223FCBF61F3F92
:10327000D17F1D3FC6021B3FC07F183FD9F6153FC7
:103280002A68133FCDD3103FDA390E3F6B9A0B3FBC
:103290009BF5083F824B063F3D9C033FE4E7003F20
:1032A000275DFC3ECBE0F63EEA5AF13EBBCBEB3E5F
:1032B0007533E63E4F92E03E80E8DA3E4136D53E39
:1032C000CA7BCF3E53B9C93E15EFC33E491DBE3E32
:1032D0002A44B83EEF63B23ED47CAC3E128FA63E89
:1032E000E59AA03E86A09A3E32A0943E229A8E3E57
:1032F000938E883EC07D823ECCCF783E7F9A6C3ED6
:10330000135C603E0115543EC2C5473ECF6E3B3E46
:10331000A2102F3EB5AB223E8340163E87CF093E1A
:1033200073B2FA3D2FBCE13D36BDC83D80B6AF3D1E
:1033300004A9963D752B7B3D2EFB483D2BC3163DC6
:10334000B10AC93C920E493C00000000920E49BCF3
:10335000B10AC9BC2BC316BD2EFB48BD752B7BBD66
:1033600004A996BD80B6AFBD36BDC8BD2FBCE1BDBA
:1033700073B2FABD87CF09BE834016BEB5AB22BE7D
:10338000A2102FBECF6E3BBEC2C547BE011554BEB4
:10339000135C60BE7F9A6CBECCCF78BEC07D82BE0F
:1033A000938E88BE229A8EBE32A094BE86A09ABE0C
:1033B000E59AA0BE128FA6BED47CACBEEF63B2BEAF
:1033C0002A44B8BE491DBEBE15EFC3BE53B9C9BE1F
:1033D000CA7BCFBE4136D5BE80E8DABE4F92E0BE92
:1033E0007533E6BEBBCBEBBEEA5AF1BECBE0F6BE10
:1033F000275DFCBEE4E700BF3D9C03BF824B06BFD8
:103400009BF508BF6B9A0BBFDA390EBFCDD310BF47
:103410002A6813BFD9F615BFC07F18BFC6021BBFED
:10342000D17F1DBFCBF61FBF996722BF25D224BF16
:10343000563627BF159429BF4AEB2BBFDE3B2EBF64
:10344000BB8530BFC9C832BFF30435BF233A37BF8D
:10345000426839BF3B8F3BBFF9AE3DBF67C73FBF37
:1034600070D841BF01E243BF03E445BF65DE47BFFB
:1034700012D149BFF8BB4BBF029F4DBF207A4FBF4F
:103480003D4D51BF491853BF31DB54BFE59556BF81
:10349000534858BF6AF259BF1A945BBF532D5DBFA2
:1034A00005BE5EBF214660BF97C561BF5A3C63BF82
:1034B00059AA64BF880F66BFD86B67BF3CBF68BF9F
:1034C000A7096ABF0C4B6BBF5E836CBF93B26DBF25
:1034D0009ED86EBF73F56FBF080971BF521372BFDC
:1034E000471473BFDD0B74BF0BFA74BFC6DE75BF24
:1034F00007BA76BFC58B77BFF85378BF981279BFEC
:103500009DC779BF02737ABFBE147BBFCDAC7BBFB2
:10351000283B7CBFC9BF7CBFAC3A7DBFCCAB7DBF75
:1035200023137EBFB0707EBF6DC47EBF580E7FBFB9
:103530006D4E7FBFAB847FBF0FB17FBF97D37FBF7F
:1035400043EC7FBF11FB7FBF000080BF11FB7FBF3B
:1035500043EC7FBF97D37FBF0FB17FBFAB847FBFEB
:103560006D4E7FBF580E7FBF6DC47EBFB0707EBFF3
:1035700023137EBFCCAB7DBFAC3A7DBFC9BF7CBF40
:10358000283B7CBFCDAC7BBFBE147BBF02737ABF30
:103590009DC779BF981279BFF85378BFC58B77BFA5
:1035A00007BA76BFC6DE75BF0BFA74BFDD0B74BFFA
:1035B000471473BF521372BF080971BF73F56FBF11
:1035C0009ED86EBF93B26DBF5E836CBF0C4B6BBF5A
:1035D000A7096ABF3CBF68BFD86B67BF880F66BFCB
:1035E00059AA64BF5A3C63BF97C561BF214660BFFB
:1035F00005BE5EBF532D5DBF1A945BBF6AF259BF13
:10360000534858BFE59556BF31DB54BF491853BFE7
:103610003D4D51BF207A4FBF029F4DBFF8BB4BBFFE
:1036200012D149BF65DE47BF03E445BF01E243BF96
:1036300070D841BF67C73FBFF9AE3DBF3B8F3BBFAF
:10364000426839BF233A37BFF30435BFC9C832BF18
:10365000BB8530BFDE3B2EBF4AEB2BBF159429BF85
:10366000563627BF25D224BF996722BFCBF61FBF8E
:10367000D17F1DBFC6021BBFC07F18BFD9F615BFC3
:103680002A6813BFCDD310BFDA390EBF6B9A0BBFB8
:103690009BF508BF824B06BF3D9C03BFE4E700BF1C
:1036A000275DFCBECBE0F6BEEA5AF1BEBBCBEBBE5B
:1036B0007533E6BE4F92E0BE80E8DABE4136D5BE35
:1036C000CA7BCFBE53B9C9BE15EFC3BE491DBEBE2E
:1036D0002A44B8BEEF63B2BED47CACBE128FA6BE85
:1036E000E59AA0BE86A09ABE32A094BE229A8EBE53
:1036F000938E88BEC07D82BECCCF78BE7F9A6CBED2
:10370000135C60BE011554BEC2C547BECF6E3BBE42
:10371000A2102FBEB5AB22BE834016BE87CF09BE16
:1037200073B2FABD2FBCE1BD36BDC8BD80B6AFBD1A
:1037300004A996BD752B7BBD2EFB48BD2BC316BDC2
:10374000B10AC9BC920E49BC00000080080000000C
:10375000030000004FBE03005DBE030071BE030006
:1037600080BE03008CBE0300801803008018030095
:10377000E8180300F018030088190300C8190300B3
:10378000A7C0030000010000FF8FFFFFFF8FFFFFB6
:10379000FE8FFFFFFE8FFFFFFD8FFFFFFC8FFFFF00
:1037A000FC8FFFFF6D757465785F667265652063D9
:1037B000616C6C65642077697468204E554C4C20B0
:1037C000706172616D6574657200000043616E27FF
:1037D0007420696E697469616C697A65206D7574AD
:1037E00065782C20776173204E554C4C0D0A0000F3
:1037F000436F756C64206E6F74206C6F636B207008
:103800006F7765722073617665206D7574657800D9
:103810006937AC3168212233B40F14336821A233E5
:103820003863ED3EDA0F493F5E987B3FDA0FC93FC0
:1038300000000080DB0F4940DB0F49C0DB0F49BFB0
:10384000E4CB1640E4CB16C0000FC93F000F49403F
:1038500000CB9640000FC9400053FB4000CB1641FF
:1038600000ED2F41000F49410031624100537B417F
:10387000003A8A4100CB9641005CA34100EDAF4184
:10388000007EBC41000FC94100A0D5410031E2419A
:1038900000C2EE410053FB4100F20342003A0A42EB
:1038A0000083104200CB164200141D42005C2342EC
:1038B00000A5294200ED2F4200363642007E3C42F0
:1038C00000C74242000F4942A2000000F900000078
:1038D000830000006E0000004E0000004400000065
:1038E0001500000029000000FC0000002700000077
:1038F00057000000D1000000F50000003400000077
:10390000DD000000C0000000DB00000062000000DD
:1039100095000000990000003C00000043000000FA
:103920009000000041000000FE0000005100000077
:1039300063000000AB000000DE000000BB000000E0
:10394000C500000061000000B70000002400000076
:103950006E0000003A000000420000004D00000030
:10396000D2000000E0000000060000004900000056
:103970002E000000EA00000009000000D100000055
:10398000920000001C000000FE0000001D0000006E
:10399000EB0000001C000000B10000002900000046
:1039A000A70000003E000000E800000082000000C8
:1039B00035000000F50000002E000000BB000000F4
:1039C0004400000084000000E90000009C000000AA
:1039D0007000000026000000B40000005F0000003E
:1039E0007E0000004100000039000000910000004E
:1039F000D6000000390000008300000053000000E2
:103A000039000000F40000009C0000008400000069
:103A10005F0000008B000000BD000000F900000006
:103A2000280000003B0000001F000000F80000001C
:103A300097000000FF000000DE000000050000000D
:103A4000980000000F000000EF0000002F000000B1
:103A5000110000008B0000005A0000000A00000066
:103A60006D0000001F0000006D0000003600000027
:103A70007E000000CF00000027000000CB00000007
:103A800009000000B70000004F00000046000000E1
:103A90003F000000660000009E0000005F00000084
:103AA000EA0000002D000000750000002700000063
:103AB000BA000000C7000000EB000000E5000000B5
:103AC000F10000007B0000003D0000000700000046
:103AD00039000000F70000008A00000052000000DA
:103AE00092000000EA0000006B000000FB000000F4
:103AF0005F000000B10000001F0000008D0000000A
:103B00005D000000080000005600000003000000F7
:103B10003000000046000000FC0000007B000000B8
:103B20006B000000AB000000F0000000CF000000C0
:103B3000BC000000200000009A000000F40000001B
:103B4000360000001D000000A9000000E300000096
:103B500091000000610000005E000000E60000002F
:103B60001B00000008000000650000009900000034
:103B7000850000005F00000014000000A0000000AD
:103B800068000000400000008D000000FF00000001
:103B9000D8000000800000004D000000730000000D
:103BA00027000000310000000600000006000000B1
:103BB0001500000056000000CA000000730000005D
:103BC000A8000000C900000060000000E200000042
:103BD0007B000000C00000008C0000006B000000B3
:103BE0000000C93F0000F0390000DA370000A233BE
:103BF0000000842E0000502B0000C2270000D022BD
:103C00000000C41F0000C61B000044170400000091
:103C10000700000009000000A00F7017000000005E
:103C20006400C8000400E80303000800000000006E
:103C30000000000000000000060006000A00070067
:103C40000100020004000800100020004000800075
:103C500000000100020004000800100020004000E5
:103C6000800000010002000400080000D007E80303
:103C7000F401FA007D0000001000080004000200BA
:103C800000000100020004000800100020004000B5
:103C9000A000400180020005000A000001000200AF
:103CA0000400080010002000400080000001000215
:103CB0000000030006000C00180030006000C00087
:103CC0008001000300060000D007E803F401FA00B9
:103CD00000001000080004000200000003000600BD
:103CE0000C00180030006000C000800100030006D6
:103CF0000000D007E803F401FA00000010000800FB
:103D0000040002000000010002000400080010008E
:103D100020004000800000010002000400100000AC
:103D2000A00FD007E803F401FA007D0000001000A6
:103D3000080004000200000010270000000000003E
:103D40000000F0FFF0FFF0FFEAFF74FFF0FFF0FF6C
:103D5000F0FFF0FFEAFF526573657474696E6720C7
:103D60006465766963652073657474696E67732032
:103D700077696C6C20636C65617220616C6C207576
:103D80007365722D646566696E656420736574740D
:103D9000696E677320746F20746865206669726D40
:103DA000776172652064656661756C74732E20504E
:103DB0006C6561736520726573656E6420746865F7
:103DC00020636F6D6D616E6420746F20636F6E662B
:103DD00069726D2E0A00526573657474696E67208E
:103DE0006465766963652073657474696E67730AC8
:103DF000004465766963652073657474696E6773E2
:103E000020726573657400757365725F657874728E
:103E1000615F616374696F6E730069676E6F72656D
:103E20005F726573657400757365725F736875742E
:103E3000646F776E007573655F696D755F77616B31
:103E4000655F75700064656C61795F736C65657042
:103E50005F6F6E5F73746174757300636F6E6E6510
:103E60006374696F6E5F6F7665725F686964007313
:103E7000656E736F725F7573655F6C6F775F706F80
:103E80007765725F32007573655F696D755F746920
:103E90006D656F7574007573655F616374697665D0
:103EA0005F74696D656F75740073656E736F725FB3
:103EB0007573655F6D6167007573655F73656E73BC
:103EC0006F725F636C6F636B0073656E736F725FAD
:103ED0007573655F365F736964655F63616C6962A2
:103EE000726174696F6E006C65645F6465666175AC
:103EF0006C745F636F6C6F725F72006C65645F649B
:103F0000656661756C745F636F6C6F725F67006C80
:103F100065645F64656661756C745F636F6C6F7216
:103F20005F62006163746976655F74696D656F7562
:103F3000745F6D6F64650073656E736F725F61634C
:103F400063656C5F6F64720073656E736F725F6739
:103F500079726F5F6F64720073656E736F725F6109
:103F60006363656C5F66730073656E736F725F6722
:103F700079726F5F66730073656E736F725F6675DB
:103F800073696F6E00726164696F5F74785F706FE0
:103F900077657200636F6E6E656374696F6E5F74D0
:103FA000696D656F75745F64656C61790073656ECA
:103FB000736F725F6C705F74696D656F75740069A3
:103FC0006D755F74696D656F75745F72616D705F3B
:103FD0006D696E00696D755F74696D656F75745F8D
:103FE00072616D705F6D6178006163746976655FA1
:103FF00074696D656F75745F7468726573686F6CF2
:1040000064006163746976655F74696D656F75746A
:104010005F64656C617900626174746572795F6C6C
:104020006F775F72756E74696D655F7468726573C2
:10403000686F6C64000001010101010000000000D4
:10404000000000000000010101010000000000006C
:10405000000000000025733A204661696C65642009
:104060006D75746578206C6F636B00080B00060239
:1040700001090A101000000C0F0E000D0D636F6E89
:104080006E656374696F6E5F77726974655F706186
:10409000636B65745F3700636F6E6E656374696F21
:1040A0006E5F77726974655F7061636B65745F36AC
:1040B00000636F6E6E656374696F6E5F77726974AB
:1040C000655F7061636B65745F3500636F6E6E650D
:1040D0006374696F6E5F77726974655F7061636B3B
:1040E00065745F3400636F6E6E656374696F6E5FD5
:1040F00077726974655F7061636B65745F330063C9
:104100006F6E6E656374696F6E5F77726974655FF9
:104110007061636B65745F3200636F6E6E656374AC
:10412000696F6E5F77726974655F7061636B6574E8
:104130005F3100636F6E6E656374696F6E5F777277
:104140006974655F7061636B65745F3000636F6E87
:104150006E656374696F6E5F746872656164006335
:104160006F6E6E656374696F6E5F746872656164AB
:104170005F696400636F6E6E656374696F6E0025BE
:10418000733A20556E61626C6520746F20676574A8
:104190002074686520436C6F636B206D616E61678E
:1041A00065720054696D6572206E6F7420696E6966
:1041B0007469616C697A65640025733A20436C6F99
:1041C000636B2072657175657374206661696C65D7
:1041D000643A2025640025733A20436C6F636B209A
:1041E000636F756C64206E6F7420626520737461F8
:1041F000727465643A20256400556E61626C6520B6
:10420000746F20666574636820436C6F636B207203
:1042100065717565737420726573756C743A2025C9
:10422000640025733A2045534220696E69746961C0
:104230006C697A6174696F6E206661696C65643A55
:104240002025640050616972696E6720726571751E
:1042500065737465640062398AF200FEFF292709DC
:1042600002B2D60028FF50B80050616972696E67CB
:104270000044657669636520616464726573733AAE
:1042800020253031326C6C5800436865636B737560
:104290006D3A202530325800496E636F7272656343
:1042A0007420636865636B73756D3A2025303258EE
:1042B0000050616972696E6720726571756573740B
:1042C0002072656365697665640050616972656432
:1042D00000547261636B65722049443A2025750071
:1042E0005265636569766572206164647265737393
:1042F0003A20253031326C6C58004E6F2072657355
:10430000706F6E73652066726F6D2072656365698C
:1043100076657220696E2025646D00496E636F7248
:104320007265637420636865636B73756D005061BB
:104330006972696E67206461746120726573657467
:10434000006573625F696E697469616C697A6500A2
:10435000636C6F636B735F737461727400636C6F13
:10436000636B735F696E6974006573625F74687212
:104370006561645F6964006573625F6576656E742C
:10438000000A68656C70202020202020202020203A
:1043900020202020202020202020202020202044F9
:1043A0006973706C617920746869732068656C70DA
:1043B00020746578740A000A696E666F20202020D8
:1043C00020202020202020202020202020202020ED
:1043D000202020202047657420646576696365206D
:1043E000696E666F726D6174696F6E0A00757074C4
:1043F000696D6520202020202020202020202020E2
:104400002020202020202020202047657420646563
:104410007669636520757074696D650A00726562FE
:104420006F6F74202020202020202020202020209A
:1044300020202020202020202020536F667420720E
:104440006573657420746865206465766963650AC0
:104450000062617474657279202020202020202061
:1044600020202020202020202020202020204765E0
:1044700074206261747465727920696E666F726D02
:104480006174696F6E0A000A7363616E20202020D8
:10449000202020202020202020202020202020201C
:1044A0002020202020526573746172742073656E21
:1044B000736F72207363616E0A0063616C6962726C
:1044C0006174652020202020202020202020202012
:1044D0002020202020202043616C69627261746575
:1044E0002073656E736F72205A524F0A00362D7317
:1044F00069646520202020202020202020202020EA
:104500002020202020202020202043616C6962721E
:1045100061746520362D7369646520616363656C21
:1045200065726F6D657465720A006D616720202089
:10453000202020202020202020202020202020207B
:1045400020202020202020436C656172206D61674F
:104550006E65746F6D657465722063616C696272FB
:104560006174696F6E0A000A736574203C6164644B
:10457000726573733E2020202020202020202020E0
:1045800020202020204D616E75616C6C7920736550
:10459000742072656365697665720A00706169727C
:1045A000202020202020202020202020202020200B
:1045B000202020202020202020456E74657220704D
:1045C000616972696E67206D6F64650A00636C656E
:1045D0006172202020202020202020202020202048
:1045E00020202020202020202020436C6561722084
:1045F00070616972696E6720646174610A000A6D96
:10460000656F7720202020202020202020202020BF
:104610002020202020202020202020204D656F7782
:10462000210A000A72657365745F646174612028F1
:104630007A726F7C6163637C6D61677C6261747C9C
:10464000616C6C290A000A6C6973745F636F6E6633
:1046500069672020202020202020202020202020CA
:1046600020202020446973706C6179206176616933
:104670006C61626C652073657474696E67730A009F
:1046800077726974655F636F6E666967202862611F
:10469000736536347C3C636F6E666967206E616D4E
:1046A000653E7C3C636F6E6669672069643E2920C5
:1046B0003C76616C75653E0A00726561645F636F8C
:1046C0006E6669672028616C6C7C62617365363444
:1046D0007C3C636F6E666967206E616D653E7C3CF5
:1046E000636F6E6669672069643E290A00726573AC
:1046F00065745F636F6E6669672028616C6C7C3CD3
:10470000636F6E666967206E616D653E7C3C636FAA
:104710006E6669672069643E290A0025733A202580
:104720003032753A253032753A253032752E2530C3
:1047300033752C253033750A004E6F742073656114
:10474000726368696E6700535049002C2065787465
:1047500065726E616C00547261636B6572204944CE
:104760003A2025750A00547261636B6572204944D2
:104770003A204E6F6E650A00526563656976657210
:1047800020616464726573733A20253031326C6C39
:10479000580A0052656365697665722061646472C7
:1047A0006573733A204E6F6E650A002A2A2A204EDE
:1047B0006F726469632053656D69636F6E647563BE
:1047C000746F7220536C696D654E5246205472614D
:1047D000636B6572206E5246353238343020444B5C
:1047E000202A2A2A0A00536C696D6556522D54728C
:1047F00061636B65722D6E524620302E302E302D47
:1048000070726F642B300A004E6F726469632053BC
:10481000656D69636F6E647563746F7220536C6944
:104820006D654E524620547261636B6572206E5204
:1048300046353238343020444B0A00436F6D6D6981
:10484000743A2070726F642D323032362D30392D2B
:1048500031350A004275696C643A2025642D253093
:1048600032642D2530326420253032643A253032CE
:10487000643A253032640A000A426F6172643A2059
:104880006E72663532383430646B0A00534F433AE7
:10489000206E726635323834300A005461726765B2
:1048A000743A206E72663532383430646B2F6E7213
:1048B0006635323834300A00494D553A2025730A9E
:1048C00000496E746572666163653A2025730A005B
:1048D000416464726573733A20307825303258250C
:1048E0003032580A000A4D61676E65746F6D6574E9
:1048F00065723A2025730A00496E746572666163B9
:10490000653A20257325730A000A416363656C6567
:10491000726F6D65746572206D61747269783A0AA0
:1049200000252E356620252E356620252E3566205D
:10493000252E35660A000A416363656C65726F6DEA
:104940006574657220626961733A20252E35662090
:10495000252E356620252E35660A004779726F733D
:10496000636F706520626961733A20252E35662079
:10497000252E356620252E35660A004D61676E6549
:10498000746F6D65746572206D61747269783A0A2E
:10499000000A467573696F6E3A2025730A004465F4
:1049A0007669636520616464726573733A202530AB
:1049B00031326C6C580A00426174746572793A2025
:1049C000252E3066252520285265616420257568CE
:1049D0002025756D696E2061676F290A0042617438
:1049E000746572793A20252E306625250A004261C9
:1049F00074746572793A2057616974696E672066CC
:104A00006F722076616C69642072656164696E679B
:104A10000A0052656D61696E696E672072756E7409
:104A2000696D653A202575682025756D696E0A00E7
:104A300052656D61696E696E672072756E74696D1D
:104A4000653A204E6F7420617661696C61626C65B5
:104A50000A0046756C6C7920636861726765642032
:104A600072756E74696D653A202575682025756DBF
:104A7000696E0A0046756C6C7920636861726765BF
:104A8000642072756E74696D653A204E6F74206192
:104A90007661696C61626C650A00557074696D6558
:104AA00000416363756D756C6174656400414443D6
:104AB0003A202564206D560A000A426174746572BA
:104AC000793A20252E326625252028526177202527
:104AD0002E326625252C202564206D56290A000AD1
:104AE000426174746572793A204E6F6E650A004CAB
:104AF0006173742075706461746564004C617374D3
:104B000020757064617465643A204E657665720A3A
:104B1000000A52656D61696E696E672072756E7408
:104B2000696D650046756C6C7920636861726765B4
:104B3000642072756E74696D65004D696E696D757E
:104B40006D2072756E74696D65004D696E696D7565
:104B50006D2072756E74696D653A204E6F742061B8
:104B60007661696C61626C650A004D6178696D758A
:104B70006D2072756E74696D65004D6178696D7533
:104B80006D2072756E74696D653A204E6F74206188
:104B90007661696C61626C650A000A4C617374200D
:104BA000646973636861726765206379636C653AF1
:104BB00020252E32662525202D3E20252E326625E5
:104BC00025202852617720252E32662525202D3E6E
:104BD00020252E32662525290A004C617374206336
:104BE00079636C652072756E74696D65000A4C613D
:104BF0007374206379636C653A204E6F742061761C
:104C000061696C61626C650A000A43616C69627279
:104C10006174696F6E3A20252E30662525202D207F
:104C2000252E306625252028252E30662525206353
:104C30006F766572616765290A000A43616C696273
:104C4000726174696F6E3A204E6F6E650A00437927
:104C5000636C6520636F756E743A207E252E326614
:104C60000A00496E76616C6964206E756D626572CA
:104C7000206F6620617267756D656E74730A00251A
:104C80003031366C6C7800496E76616C69642061F5
:104C90006464726573730A001B5B33383B353B25D4
:104CA000643B316D257325731B5B303B33383B32DE
:104CB0003B3235353B3235353B3235356D25731B4F
:104CC0005B306D0A00496E76616C696420617267C1
:104CD000756D656E740A00436F6E666967202564A2
:104CE0003A0A0025753A2025730A00556E61626CF8
:104CF0006520746F206465636F646520696E7075EC
:104D000074005570646174656420636F6E666967D2
:104D10000A005570646174656420636F6E6669672C
:104D20003A2025733D25640A00496E76616C6964FA
:104D30002076616C75650A00496E76616C69642045
:104D4000636F6E666967206E616D65206F722069A2
:104D5000640A005265616420636F6E6669673A2079
:104D600025733D25640A00526573657420636F6E78
:104D70006669673A2025730A00556E6B6E6F776E11
:104D800020636F6D6D616E640A0068656C700075FC
:104D90007074696D65007265626F6F740063616C39
:104DA00069627261746500362D73696465007061B3
:104DB000697200636C6561720072657365745F642B
:104DC000617461006C6973745F636F6E666967001C
:104DD00077726974655F636F6E666967007265619B
:104DE000645F636F6E6669670072657365745F63A5
:104DF0006F6E6669670062617365363400D4B0B166
:104E0000203A3300203A336300203B3300203B3309
:104E1000630020783300207833630020583300206B
:104E200058336300203E3A3300203E3A336300207B
:104E30003E3B3300203E3B3363007E004D657700F0
:104E40004D657777004D656F77004D656F77206D05
:104E5000656F77004D72727270004D727266004D10
:104E600072656F77004D7272726F77004D72727259
:104E70000050757272006D6577006D657777006D13
:104E8000656F77206D656F77006D72727270006D5F
:104E9000727266006D72656F77006D7272726F77F5
:104EA000006D727272007075727200636F6E736F54
:104EB0006C6500494E20656E64706F696E74206386
:104EC000616C6C6261636B20776974686F757420C4
:104ED000707265636564696E672062756666657287
:104EE000207772697465004E65772070726F746FF9
:104EF000636F6C3A202573004849445F3000257386
:104F00003A2043616E6E6F7420676574205553427A
:104F10002048494420446576696365004849442037
:104F20004465766963653A2064657620257000469D
:104F300061696C656420746F207365742050726FB2
:104F4000746F636F6C20436F64650025733A20466D
:104F500061696C656420746F207375626D6974207B
:104F60007265706F72740044726F70706564207245
:104F700065706F7274733A20257520286D61783AD8
:104F80002025752900636F6D706F736974655F709C
:104F900072655F696E69740073656E645F726570D7
:104FA0006F72740005010900A101090075089540A0
:104FB0008102C06869645F6576656E7400526573CE
:104FC000657420636F756E743A202575006D616994
:104FD0006E00546F6F206D616E7920706172616D2B
:104FE000657465727320286D6178202575290A0023
:104FF00025733A2053656E736F722063616C69622A
:10500000726174696F6E20697320616C726561648E
:10501000792072756E6E696E670025733A20416360
:1050200063656C65726F6D65746572207761697414
:105030002074696D6564206F757400436C656172DE
:10504000696E672073746F7265642063616C696256
:10505000726174696F6E206461746100496E76617B
:105060006C6964617465642063616C696272617407
:10507000696F6E0054686520494D55206D61792037
:1050800062652064616D61676564206F7220636191
:105090006C6962726174696F6E20776173206E6FE4
:1050A0007420636F6D706C657465642070726F70CE
:1050B00065726C7900546865206D61676E65746F08
:1050C0006D65746572206D61792062652064616D23
:1050D00061676564206F722063616C6962726174DC
:1050E000696F6E20776173206E6F7420636F6D70CF
:1050F0006C657465642070726F7065726C79002DD8
:1051000058002D2D002B58002D59002B59002D5AD9
:10511000002B5A0043616C6962726174696E67208A
:105120006D61696E20616363656C65726F6D657436
:10513000657220616E64206779726F73636F70654A
:10514000207A65726F2072617465206F6666736580
:1051500074005265737420746865206465766963B1
:1051600065206F6E206120737461626C65207375B9
:10517000726661636500416363656C65726F6D653E
:105180007465723A20252E356620252E3566202539
:105190002E3566004E6F206D6F74696F6E206465EA
:1051A000746563746564004D6F74696F6E20646527
:1051B0007465637465640053757370656E64696EBD
:1051C000672073656E736F72207468726561640026
:1051D00052756E6E696E6720424D493237302063DA
:1051E0006F6D706F6E656E742072657472696D6D2F
:1051F000696E6700526573756D696E672073656EC1
:10520000736F722074687265616400494D55207334
:10521000706563696669632063616C696272617459
:10522000696F6E20776173206E6F7420636F6D708D
:105230006C657465642070726F7065726C7900467D
:10524000696E697368656420494D552073706563A4
:10525000696669632063616C6962726174696F6E0B
:105260000052656164696E67206461746100257332
:105270003A204779726F73636F7065207761697444
:105280002074696D6564206F75740053616D706C76
:1052900065733A20256400416363656C65726F6DC8
:1052A0006574657220626961733A20252E35662027
:1052B000252E356620252E3566004779726F73637B
:1052C0006F706520626961733A20252E356620254E
:1052D0002E356620252E356600526573746F72690F
:1052E0006E672070726576696F75732063616C6993
:1052F00062726174696F6E004170706C79696E677B
:105300002063616C6962726174696F6E0046696ED8
:1053100069736865642063616C6962726174696F46
:105320006E0043616C6962726174696E67206D61C1
:10533000696E20616363656C65726F6D657465721B
:1053400020362D73696465206F666673657400533B
:1053500074617274696E6720616363656C65726FF6
:105360006D657465722063616C6962726174696FE6
:105370006E2E0A0057616974696E6720666F72202D
:10538000612072657374696E672073746174652E31
:105390002E2E0A005265737420646574656374650B
:1053A000642C207374617274696E67207265636F18
:1053B0007264696E672E20506C6561736520646F3E
:1053C000206E6F74206D6F76652E2025640A002391
:1053D000005265636F726465642076616C756573F5
:1053E000210A002564207369646520646F6E650A74
:1053F0000057616974696E6720666F722074686512
:10540000206E65787420736964652E2E2E202564C5
:10541000200A0043616C63756C6174696E67207467
:10542000686520646174612E2E2E2E0A0043616C23
:105430006962726174696F6E20697320636F6D7049
:105440006C6574652E0A00416363656C65726F6DEF
:1054500065746572206D61747269783A00252E3525
:105460006620252E356620252E356620252E3566AC
:10547000003620736964652063616C6962726174CF
:10548000696F6E2069732064697361626C65640082
:1054900025733A204D61676E65746F6D6574657232
:1054A00020776169742074696D6564206F7574007C
:1054B0004D61676E65746F6D657465722063616CB4
:1054C0006962726174696F6E2070726F6772657362
:1054D000733A2025732025732025732025732025FA
:1054E000732025730043616C6962726174696E6731
:1054F000206D61676E65746F6D657465722068619B
:1055000072642F736F66742069726F6E206F6666A7
:10551000736574004D61676E65746F6D6574657257
:10552000206D61747269783A0073656E736F725F93
:10553000776169745F6D61670073656E736F725F29
:1055400063616C6962726174696F6E5F72657175B7
:105550006573740073656E736F725F776169745FF2
:105560006779726F0073656E736F725F77616974CC
:105570005F616363656C0063616C69627261746929
:105580006F6E5F7468726561645F696400667573ED
:10559000696F6E5F6E6F6E650025733A20436F6DA5
:1055A0006D756E69636174696F6E206572726F727A
:1055B000004649464F2072656164206275666665E3
:1055C00072206C696D697420726561636865642C12
:1055D000202564207061636B6574732064726F7042
:1055E0007065640025733A2041534943206E6F74FF
:1055F00020696E697469616C697A65642C207570C4
:105600006C6F6164696E6720636F6E6669672066A0
:10561000696C650025733A204661696C6564207485
:105620006F20696E697469616C697A6520415349BC
:10563000430025733A204153494320696E697469D8
:10564000616C697A656400457865637574696F6E2D
:10565000207374617475733A2030782530325800A5
:105660004D6F74696F6E2064657465637465642042
:10567000647572696E6720435254004761696E3ADF
:10568000203078253032582C203078253032582C74
:105690002030782530325800626D695F6372740083
:1056A000626D695F73657475705F574F4D00626D11
:1056B000695F73657475705F4452445900626D6927
:1056C0005F74656D705F7265616400626D695F67CC
:1056D00079726F5F7265616400626D695F616363B7
:1056E000656C5F7265616400626D695F64617461BD
:1056F0005F7265616400626D695F75706461746595
:105700005F6F647200626D695F73687574646F7750
:105710006E00666163746F725F7A785F7265616450
:105720000075706C6F61645F636F6E6669675F665A
:10573000696C6500617369635F696E697400626DAD
:10574000695F696E697400027F00800080017F00DC
:105750008000800080424D49323730000D0C0B0A2A
:10576000090807060C0B0A090807060504030201CD
:10577000000102030403020100C82E002E802E3D0A
:10578000B1C82E002E802E9103802EBCB0802EA397
:1057900003C82E002E802E00B05030212E59F51057
:1057A00030212E6AF5802E3B03000000000819010D
:1057B000002200750000100010D100B343802E00BD
:1057C000C1802E00C1802E00C1802E00C1802E001D
:1057D000C1802E00C1802E00C1802E00C1802E000D
:1057E000C1802E00C1802E00C1802E00C1802E00FD
:1057F000C1802E00C1802E00C1802E00C1802E00ED
:10580000C1802E00C1802E00C1802E00C1802E00DC
:10581000C1802E00C1802E00C1802E00C1802E00CC
:10582000C1802E00C1802E00C1802E00C1802E00BC
:10583000C1802E00C1802E00C1802E00C1802E00AC
:10584000C1802E00C1802E00C1802E00C1802E009C
:10585000C1802E00C1802E00C1802E00C1802E008C
:10586000C1802E00C1E05F000000000100000000C8
:105870000000000000000092000000000000000096
:10588000000000000000000000081900008800006F
:10589000000000000005E0AA3805E09030FA00960C
:1058A000004B091100110002002D01D47B3B01DBEC
:1058B0007A04003F7BCD6CC3048509C304ECE60C7D
:1058C000460100270019009600A00001000C00F01E
:1058D0003C00010100030001000E00000032000541
:1058E00000EE060400C80000000400A805EE060053
:1058F00004BC02B3008507000000000000000000A7
:105900000000000000000000000000B4000100B929
:10591000000100980000000000000000000100806D
:105920000004000000000000000000000000000073
:105930000000000000000000000000000000000067
:105940000000000000000000000000000000000057
:105950000000000000000000000000000000000047
:105960000000000000000000000000000000000037
:10597000000000802E00C1FD2DDE00EB00DA0000EB
:105980000CFF0F0004C0005BF5C9011EF280003F50
:10599000FF19F458F566F564F5C0F1F000E000CDAC
:1059A00001D301DB01FF7FFF01E40074F7F300FA8C
:1059B00000FF3FCA036C3856FE44FDBC02F90600E6
:1059C000FC1202AE0158FA9AFD7705BB02960195CA
:1059D000017F0182018901870188018A018C018F81
:1059E000018D0192019101DD009F017E01DB00B676
:1059F00001706926D39C071F059D000008BC053770
:105A0000FAA201AA01A101A801A001A805B401B44C
:105A100001CE00D000FC00C501FFFBB10000380042
:105A200030FDF5FCF5CD01A0005FFF0040FF000058
:105A3000806D0FEB007FFFC2F568F7B3F1670F5B76
:105A40000F610F800F58F75BF7830F8600720F8589
:105A50000FC6F17F0F6CF700E000FFD1F5870F8ACA
:105A60000FFF03F03F8B008E009000B9002DF5CAA8
:105A7000F5CB0120F2000000000000000000000053
:105A80000000000000000000000000000000000016
:105A90000000000000000000000000000000000006
:105AA00000000000000000000000000000000000F6
:105AB00000000000000000000000000000000000E6
:105AC00000000000000000000000000000000000D6
:105AD00000000000000000000000000000000000C6
:105AE00000000000000000000000000000000000B6
:105AF00000000000000000000000000000000000A6
:105B00000000000000000000000000000000000095
:105B10000000000000000000000000000000000085
:105B20000000000000000000000000000000000075
:105B30000000000000000000000000000000000065
:105B40000000000000000000000000000000000055
:105B5000003050982ED70E5032982EFA030030F0B5
:105B60007F002E002ED02E002E018008A2FB2F9841
:105B70002EBA03212E1900012EEE0000B2072F01CC
:105B80002E190000B2032F01500352982E07CC01AA
:105B90002EDD0000B2272F052E8A000552982EC751
:105BA000C1032EE90040B2F07F082F012E1900003A
:105BB000B2042F0030212EE900982EB4B1012E1826
:105BC0000000B2102F0550982E4DC30550982E5A44
:105BD000C7982EF9B4982E54B2982E67B6982E17FF
:105BE000B21030212E7700012EEF0000B2042F9862
:105BF0002E7AB70030212EEF00012ED40004AE0B18
:105C00002F012EDD0000B2072F0552982E8E0E00B8
:105C1000B2022F1030212E7D00012E7D00009090C9
:105C20002EF102012ED70000B2042F982E2F0E0065
:105C300030212E7B00012E7B0000B2122F012ED4CA
:105C4000000090022F982E1F0E092D982E810D0115
:105C50002ED4000490022F5032982EFA03003021E7
:105C60002E7B00012E7C0000B2902E0903012E7CB9
:105C7000000131010800B2042F982E47CB103021CB
:105C80002E77008130012E7C00010800B2612F03C5
:105C90002E8900012ED40098BC98B805B20F582365
:105CA0002F079009540030372F15410441DCBE44C2
:105CB000BEDCBA2C0161000F564A0F0C2FD1429462
:105CC000B8C1421130052E6AF72CBD2FB980B20839
:105CD00022982EC3B7212D6130232ED400982EC3D5
:105CE000B70030212E5AF5182DE17F5030982EFA4A
:105CF000030F520750504270300D5442427E82E2F0
:105D00006F80B24242052F212ED4001030982EC34E
:105D1000B7032D6030212ED400012ED40006901838
:105D20002F012E76000B540752E07F982E7AC1E1A6
:105D30006F081A4030082F212ED4002030982EAF43
:105D4000B75032982EFA03052D982E380E003021C8
:105D50002ED4000030212E7C00182D012ED40003FB
:105D6000AA012F982E450E012ED4003F8003A201D8
:105D70002F002E022D982E5B0E3030982ECEB700BD
:105D800030212E7D005032982EFA03012E7700002C
:105D9000B2242F982EF5CB032ED5001154010ABC46
:105DA000848386212EC901E0401352C4408240A85A
:105DB000B9524243BE5342040A5042E17FF031419E
:105DC00040F26F25BD0808020AD07F982EA8CF06A2
:105DD000BCD16FE26F080A8042982E58B70030217C
:105DE0002EEE00212E7700212EDD00802EF4011AE8
:105DF000242200802EEC011050FB7F982EF30357D5
:105E000050FB6F013071541142420EFC2FC02E0125
:105E100042F05F802E00C1FD2D0100000000000057
:105E200000000000009A01340300000000000000A0
:105E30000000000000000000000000000000000062
:105E40000000000000000000000000000000000052
:105E50000000000000000000000000000000000042
:105E60000000000000000000000000000000000032
:105E70000000000000000000000000000000000022
:105E80000000000000000000000000000000000012
:105E900000000000000000000000002050E77FF636
:105EA0007F06320F2E61F5FE09C0B3042F17302F85
:105EB0002EEF002D2E61F5F66FE76FE05FC82E2004
:105EC00050E77FF67F46300F2EA4F1BE0980B3065F
:105ED0002F0D2ED40084AF022F16302D2E7B00867E
:105EE000302D2E60F5F66FE76FE05FC82E012E773C
:105EF000F709BC0FB800B21050FB7F10300B2F0316
:105F00002E8A0096BC9FB840B2052F032E68F79EDC
:105F1000BC9FB840B2072F032E7E004190012F98FE
:105F20002EDC03032C0030212E7E00FB6FF05FB8C7
:105F30002E2050E07FFB7F002E2750982E3BC82953
:105F400050982EA7C80150982E55CCE16F2B509831
:105F50002EE0C9FB6F0030E05F212E7E00B82E736B
:105F600050013057541142420EFC2FB82E212E59A9
:105F7000F51030C02E212E4AF19050F77FE67FD5E4
:105F80007FC47FB37FA17F907F827F7B7F982E35F8
:105F9000B700B2902E97B0032E8F00072E91000508
:105FA0002EB1003FBA9FB8012EB100A3BD4C0A0527
:105FB0002EB10004BEBFB9CB0A4FBA22BD012EB329
:105FC00000DC0A2FB9032EB8000ABE9A0ACFB99B8B
:105FD000BC012E97009FB8930A0FBC910A0FB8908E
:105FE0000A252E1800052EC1F52EBD2EB9012E1939
:105FF0000031308A040090072F012ED40004A20340
:106000002F012E180000B20C2F19500552982E4D5A
:10601000B7052E780080901030012F212E780025B2
:106020002EDD00982E3EB700B202300130042F0161
:106030002E190000B2002F2130012EEA00081A0E9E
:106040002F232EEA0033301B500B09014017564610
:10605000BE4B084C0A01420A8015520142002E0133
:106060002E180000B21F2F032EC0F5F0304808474D
:10607000AA7430072E7A0061224B1A052F072E666C
:10608000F5BFBDBFB9C0900B2F1D562B30D242DBE0
:10609000420104C24204BDFE808184232E7A0002A4
:1060A000420232252E62F5052ED6008184252ED699
:1060B000000231252E60F5052E8A000B50900880D5
:1060C000B20B2F052ECAF5F03E9008252ECAF50515
:1060D0002E59F5E03F9008252E59F5906FA16FB32A
:1060E0006FC46FD56FE66FF76F7B6F826F705FC89D
:1060F0002EC050907FE57FD47FC37FB17FA27F8782
:106100007FF67F7B7F002E012E60F5607F982E3515
:10611000B70230636F1552507F627F5A2C02321AD9
:106120000900B3142F00B2032F092E180000910CA0
:106130002F437F982E97B71F50028A0232043025D2
:106140002E64F51552506F436F4443252E60F5D9E8
:1061500008C0B2362F982E3EB700B2062F012E1976
:106160000000B2022F506F00900A2F012E7900001C
:1061700090192F1030212E79000030982EDC031357
:106180002D012EC3F50CBC0FB81230100403B0263D
:106190002521500352982E4DB71030212EEE0002CB
:1061A00030607F252E7900606F0090052F00302130
:1061B0002EEA001550212E64F51552232E60F502AB
:1061C00032506F0090022F0330272E7800072E6088
:1061D000F51A090091A32F19090091A02F906FA221
:1061E0006FB16FC36FD46FE56F7B6FF66F876F40D2
:1061F0005FC82EC050E77FF67F26300F2E61F52F47
:106200002E7C000F2E7C00BE09A27F807F80B3D53C
:106210007FC47FB37F917F7B7F0B2F23501A251282
:1062200040427F74821240527F002E0040607F986F
:106230002E6AD68130012E7C00010800B2422F0365
:106240002E8900012E890097BC06BC9FB80FB800AC
:1062500090232ED800103001302A2F032ED4004472
:10626000B2052F47B200302D2F212E7C002B2D039D
:106270002EFDF59EBC9FB84090142F032EFCF5997F
:10628000BC9FB840900E2F032E49F125544A084078
:1062900090082F982E35B700B21030032F503021C0
:1062A0002ED400102D982EAFB70030212E7C000A7E
:1062B0002D052E69F72DBD2FB980B2012F212E7D1E
:1062C00000232E7C00E031212E61F5F66FE76F8010
:1062D0006FA26FB36FC46FD56F7B6F916F405FC854
:1062E0002E60510A253688F47FEB7F00323152321E
:1062F000301330982E15CB0A253384D27F433005D6
:10630000502D52982E95C1D26F2752982ED7C72A5A
:1063100025B086C07FD37FAF842950F16F982E4D72
:10632000C82A25AE8AAA88F26E2B50C16FD36FF4AB
:106330007F982EB6C8E06E00B2322F33548386F1B8
:106340006FC37F04303030F47FD07FB27FE330C53D
:106350006F56404541280803140EB408BC82401013
:106360000A2F542605917F4428A37F982ED9C00870
:10637000B933305309C16FD36FF46F831747406C43
:1063800015B26FBE09750B90424542510E32BC02E8
:1063900089A16F7E86F47FD07FB27F0430916FD663
:1063A0002FEB6FA05EB82E032E97001BBC60509F92
:1063B000BC0CB8F07F40B2EB7F2B2F032E7F004147
:1063C00040012EC800011A112F3758232EC8001083
:1063D00041A07F38810141D07FB17F982E64CFD01A
:1063E0006F0780A16F1142002EB16F014211300181
:1063F0002EFC0000A80330CB224A25012E7F003C52
:106400008935520554982EC4CEC16FF06F982E95E1
:10641000CF042D0130F06F982E95CFEB6FA05FB8B1
:106420002E032EB3000232F030033130508A0808B8
:1064300008CB08E07F80B2F37FDB7F252F032ECAD5
:10644000004190042F0130232ECA00982E3F03C034
:10645000B2052F032EDA0000304104232EDA009813
:106460002E92B21025F06F00B2052F012EDA000235
:10647000301004212EDA0040B2012F232EC801DB98
:106480006FE06FD05F802E95CF0130E06F982E9532
:10649000CF1130232ECA00DB6FD05FB82ED0500A48
:1064A0002533845550D27FE27F038CC07FBB7F00B1
:1064B00030055A39545141A57F967F807F982ED957
:1064C000C00530F57F2025916F3B583D5C3B5698C9
:1064D0002E67CCC16FD56F52405043C17FD57F101E
:1064E00025982EFEC91025982E74C0866F302892EC
:1064F0006F828CA56F6F52690E3954DB2F19A0156E
:1065000030032F0030212E81010A2D012E8101053B
:10651000284236212E8101020E012F982EF30357B7
:106520005012300140982EFEC9516F0B5C8E0E3B0D
:106530006F57580230212E9501456F2A8DD27FCB9F
:106540007F132F02303F50D27FA80E0E2FC06F5303
:106550005402005154420E103059520230012F00A3
:106560002E032D504242421230D27F80B2032F00C0
:1065700030212E8001122D012EC9000280052E80AF
:1065800001113091280040252E8001100E052F01A9
:106590002E7F010190012F982EF303002EA04101C0
:1065A00090A67F902EE3B4012E950100A8902EE3D3
:1065B000B45B549580824080B202402D8C3F52964D
:1065C0007F902EC2B3290E762F012EC90000408184
:1065D000284552B330982E0FCA5D54807F002EA1FB
:1065E00040727F82808240607F982EFEC91025987D
:1065F0002E74C0626F05308740C0910430052F05AE
:106600002E830180B21430002F0430052EC9007390
:106610006F8140E2406904110FE1401630FE29CB42
:1066200040022F836F830F222F4756130F123077AC
:106630002F4954420E1230732F00910A2F012E8BD6
:106640000119A802306C2F6350002E1742054268D2
:106650002C12300B25080F5030022F212E830103FE
:106660002D4030212E83012B2E85015A2C12300013
:10667000912B25042F635002301742172C024298A9
:106680002EFEC91025982E74C0052EC90081845B8A
:10669000308240372E8301020E072F5F5240306256
:1066A000404140910E012F212E830105302B2E8574
:1066B000011230362C16301525817F982EFEC91018
:1066C00025982E74C019A21630152F052E9701801B
:1066D0006F820E052F012E86010628212E86010BC2
:1066E0002D032E87015F544E289142002E82409048
:1066F0000E012F212E88010230132C0530C06F08A7
:106700001CA80F163005305B50092F02802D2E82F9
:106710000105420580002E02423E80002E06420204
:1067200030906F3E88014004414C280142078010A0
:10673000252440004000A8F522232944427A827E85
:10674000884340044100ABF523DF284342D9A0141D
:106750002F0090022FD26F81B2052F63540628902C
:10676000428542092C02305B500380292E7E012B8A
:106770002E8201054212302B2E83014582002E40CD
:10678000407A8202A0082F63503B30154205423701
:1067900080372E7E0105421230012EC900028C4046
:1067A0004084417A8C040F032F012E8B0119A4041D
:1067B0002F2B2E8201982EF3031230819061520804
:1067C0002F6542654243803984828805424542856F
:1067D000420543002E80410090902EE1B46554C1E3
:1067E0006F804000B243586950442F555CB7878C86
:1067F0000F0D2E9601C440362F41568B0E2A2F0BBB
:1068000052A10E0A2F052E8F011425982EFEC94B7A
:1068100054020F695005306554152F032E8E014D1B
:106820005C8E0F3A2F052E8F01982EFEC94F548291
:106830000F053069506554302F6D521530428C452C
:106840004204302B2C84436B52428C002E8543151E
:1068500030242C45428E0F202F0D2E8E01B10E1CA0
:106860002F232E8E011A2D0E0E172FA10F152F2359
:106870002E8D01132D982E74C04354C20E0A2F651D
:106880005004800B3006820B427980414012302543
:106890002E8C01014205306950655484824384BEC8
:1068A0008C8440864126299442BE8ED57F19A1430F
:1068B000400B2E8C018440C7415D29272945428425
:1068C00042C27F012FC0B31D2F052E940199A00154
:1068D0002F80B3132F80B3182FC0B3162F1240018F
:1068E00040927F982E74C0926F100F2030032F10AB
:1068F00030212E7E010A2D212E7E01072D203021F0
:106900002E7E01032D1030212E7E01C26F012EC973
:1069100000BC84028082400040900ED56F022F158B
:1069200030982EF30341910530072F67503D802B9F
:106930002E8F0105420480002E0542022C003000FB
:1069400030A26F988A864080A7052F982EF303C047
:1069500030212E950106251A25E26F768296405643
:1069600043510EFB2FBB6F305FB82E012EB80001D4
:1069700031410840B22050F2300208FB7F01301054
:106980002F052ECC008190E07F032F232ECC009882
:106990002E55B6982E1DB51025FB6FE06FE05F8079
:1069A0002E95CF982E95CF1030212ECC00FB6FE086
:1069B0005FB82E00510558EB7F2A2589526F5A89FE
:1069C0005013410640B3011642CB160640F30213A2
:1069D00042650EF52F054014302C29044208A10011
:1069E00030902E52B6B388B08AB684A47FC47FB5E7
:1069F0007FD57F927F73300430554042408A17F331
:106A0000086B01900253B84B82ADBE717F450A09F5
:106A100054847F982ED9C0A36F7B54D042A37FF2B9
:106A20007F607F2025716F755A7758795C7556980D
:106A30002E67CCB16F626F5042B17FB33010259892
:106A40002E0FCA846F2029716F926FA56F76826AAC
:106A50000E73300030D02FD26FD17FB47F982E2BA1
:106A6000B715BD0BB8020AC26FC07F982E2BB715A1
:106A7000BD0BB8420AC06F081741188916E118D03B
:106A800018A17F27251625982E79C08B54907FB3A7
:106A900030824080900D2F7D52926F982E0FCAB297
:106AA0006F900E062F8B501430426F516F144212AC
:106AB000420142002E316F982E74C0416F807F9842
:106AC0002E74C0826F10044352010F052ECB0000BC
:106AD000300430212F516F43588C0E04301C2F8509
:106AE00088416F04418C0F0430162F8488002E04D7
:106AF0004104058C0E04300F2F8288316F0441044D
:106B0000058C0E0430082F8388002E04418C0F045E
:106B100030022F212EAD0114300091142F032EA12D
:106B20000141900E2F032EAD0114304C28232EADC1
:106B30000146A0062F81848D5248828240212EA1D9
:106B40000142425C2C0230052EAA0180B20230556F
:106B50002F032EA901926FB330982E0FCAB26F90F7
:106B60000F003002304A2FA26F8752910085525198
:106B70000E022F002E432C0230C26F7F52910E0264
:106B8000303C2F516F8154982EFEC91025B330210F
:106B900025982E0FCA326FC07FB3301225982E0F62
:106BA000CA426FB07FB3301225982E0FCAB26F90D1
:106BB000288352982EFEC9C26F900F003002301DFC
:106BC0002F052EA10180B212300F2F426F032EAB82
:106BD00001910E0230122F526F032EAC01910F0261
:106BE000300C2F212EAA010A2C1230032ECB008D3F
:106BF000580889414011430043252EA101D46F8FCD
:106C00005200433A89002E10431043610EFB2F03BC
:106C10002EA001111A022F0225212EA001EB6F00D8
:106C20005FB82E915210300230955652424B0EFCF6
:106C30002F8D54888293568042534240424286832D
:106C400054C02EC242002EA3520051524047401A57
:106C500025012E97008FBE7286FB7F0B307CBFA56F
:106C6000501008DFBA7088F8BFCB42D37F6CBBFCF2
:106C7000BBC50A907F1B7F0B43C0B2E57FB77FA6E1
:106C80007FC47F902E1CB7072ED200C0B20B2F9767
:106C900052012ECD00827F982EBBCC0B30372ED2E6
:106CA00000826F906F1A2500B28B7F142FA6BD252E
:106CB000BDB6B92FB980B2D4B00C2F99549B560BE6
:106CC000300B2EB100A1589B42DB426C092B2EB138
:106CD000008B42CB42867F7384A756C30839520586
:106CE00050727F637F982EC2C0E16F626FD10A013C
:106CF0002ECD00D56FC46F726F97529D5C982E0693
:106D0000CD236F906F9952C0B204BD5440AFB945C6
:106D100040E17F0230062FC0B20230032F9B5C128D
:106D2000309443854303BF6FBB80B3202F066F268B
:106D300001166F6E034542C090292ECE009B52145F
:106D40002F9B5C002E93418641E304AE0780AB0489
:106D50002F80910A2F866F730F072F836FC0B204A5
:106D60002F544245421230042C1130022C113011A4
:106D70003002BC0FB8D27F00B20A2F012EFC0005F2
:106D80002EC701101A022F212EC701032D022C013C
:106D9000300130B06F982E95CFD16FA06F982E959F
:106DA000CFE26F9F52012ECE00824050420C2C4207
:106DB000421130232ED2000130B06F982E95CFA013
:106DC0006F0130982E95CF002EFB6F005FB82E8399
:106DD0008601300030944024180600530E4F02F90B
:106DE0002FB82EA952002E604041400DBC98BCC067
:106DF0002E010A0FB8AB52533C524040404B008228
:106E00001626B901B84140100897B80108C02E11E4
:106E1000300108438625400440D8BE2C0B22115473
:106E20004203804B0EF62FB82E9F501050AD5205E6
:106E30002ED300FB7F002E13409342410EFB2F9870
:106E40002EA5B7982E87CF012ED90000B2FB6F0B6D
:106E50002F012E69F7B13F01080130F05F232ED9D1
:106E600000212E69F7802E7AB7F05FB82E012EC070
:106E7000F8032EFCF51554AF5682080B2E69F7CB9C
:106E80000AB1588090DDBE4C085FB9592280900746
:106E90002F0334C308F23A0A080235C0904A0A4860
:106EA00022C02E232EFCF51050FB7F982E56C7983B
:106EB0002E49C31030FB6FF05F212ECC00212ECA6B
:106EC00000B82E032ED30016B802344A0C212E2D02
:106ED000F5C02E232ED30003BC212ED500032ED5C2
:106EE0000040B21030212E77000130052F052ED83A
:106EF000008090012F232E6FF5C02E212ED9001176
:106F0000308108012E6AF7713F23BD0108020AC0D3
:106F10002E212E6AF730250030212E5AF5105021EF
:106F20002E7B00212E7C00FB7F982EC3B7403021A2
:106F30002ED400FB6FF05F0325802EAFB7802E00AC
:106F4000C1802E00C1802E00C1802E00C1802E0085
:106F5000C1802E00C1802E00C1802E00C1802E0075
:106F6000C1802E00C1802E00C1802E00C1802E0065
:106F7000C1802E00C1802E00C1012E5DF708BC80AB
:106F8000AC0EBB022F003041048206C0A4003011B9
:106F90002F40A9032F40910D2F00A70B2F80B3B3D3
:106FA00058022F90A12613202380901030012FCC5F
:106FB0000E002F0030B82EB550180808BC88B60D4A
:106FC00017C6BD56BCB758DABA04011D0A105005E1
:106FD0003032254503FB7FF6302125982E37CA161F
:106FE000B59ABC06B880A8410A0E2F8090022F2DBA
:106FF00050480F092FBFA0042FBF90062FB754CAC7
:107000000F032F002E022CB7522D52F233982ED997
:10701000C0FB6FF137C02E0108F05FBF56B954D0E6
:1070200040C4400B2EFDF3BF52904294429542055E
:1070300030C1500F88064004419642C54248BE7395
:10704000300D2ED8004FBA8442034281B3022F2B59
:107050002E6FF5062D052E77F7BD569308252E7752
:10706000F7BB54252EC2F5072EFDF34230B433DAB8
:107070000A4C00272EFDF34340D43FDC0843420076
:107080002E002E43402430DC0A43420480032EFDB0
:10709000F34A0A232EFDF36134C02E0142002E6014
:1070A000501A257A86E07FF37F0325C3524184DBA3
:1070B0007F3330982E16C21A257D82F06FE26F3230
:1070C0002516409440260185408E17C4426E0395D4
:1070D00042410EF42FDB6FA05FB82EB051FB7F98BA
:1070E0002EE80D5A25982E0F0ECB583287C47F6597
:1070F000896B8DC55A657FE17F837FA67F747FD0C2
:107100007FB67F947F1730C752C954517F002E85B8
:107110006F427F002E51414581424113403B8A001E
:10712000404B04D006C0AC857F022F02305104D3FF
:1071300006418405305D02C916DF08D3008D02AF19
:10714000BCB1B9590A656F1143A1B4524153410111
:1071500043347F657F2631E56FD46F982E37CA326E
:107160006F756F83404241237F127FF63040255177
:1071700025982E37CA146F2005706F256F6907A2F6
:107180006F316F0B3004429B428B425542327F403D
:10719000A9C36F717F0230D040C37F032F40911588
:1071A0002F00A7132F00A4112F84BD982E79CA5544
:1071B0006FB75454418200F33F4541CB02F63098FB
:1071C0002E37CA356FA46F4143032C0043A46F359B
:1071D0006F1730426F516F934042820041C30003EA
:1071E00043517F002E944041414C02C46FD15663FD
:1071F0000E746F5143A57F8A2F092ED80001B32149
:107200002FCB58906F1341B66FE47F002E9141143D
:107210004092411540172E6FF5B67FD07FCB7F98F7
:107220002E000C0715C26F140B292E6FF5C3A3C1D6
:107230008FE46FD06FE62F1430052E6FF5140B29F5
:107240002E6FF5182DCD560432B56F1C01514152E9
:1072500041C340B57FE47F982E1F0CE46F21870067
:10726000430432CF545A0EEF2F1554092E77F722CC
:107270000B292E77F7FB6F505EB82E1050012ED4DD
:107280000000B2FB7F512F01B2482F02B2422F0300
:1072900090562FD7527980424081840040424298D4
:1072A0002E930CD954D750A14098BD82403E82DA2B
:1072B0000A44408B16E3005342002E43409A025288
:1072C00042002E414015544A0E3A2F3A8200304176
:1072D00040212E850F40B20A2F982EB10C982E45D2
:1072E0000E982E5B0EFB6FF05F0030802ECEB7DD68
:1072F00052D35442424F847330DB5283421B306B73
:10730000422330272ED700372ED400212ED6007AE4
:1073100084172C42423030212ED400122D2130000F
:1073200030232ED400212E7BF70B2D1730982E51B1
:107330000CD5500C8272302F2ED400252E7BF740B6
:1073400042002EFB6FF05FB82E70500A253986FB85
:107350007FE1326230982EC2C4B556A56FAB08915A
:107360006F4B08DF56C46F23094DBA93BC8C0BD109
:107370006F0B09CB52E15E5642AF094DBA23BD9463
:107380000AE56F68BBEB08BDB963BEFB6F5242E311
:107390000AC02E4342905FD150032E25F3134000C4
:1073A000409BBC9BB408BDB8B998BCDA0A08B68942
:1073B00016C02E190062021050FB7F982E810D011D
:1073C0002ED40031300804FB6F0130F05F232ED63D
:1073D00000212ED700B82E012ED700032ED600484C
:1073E0000E012F802E1F0EB82EE350213401428251
:1073F00030C132252E62F50100223001404A0A01D7
:1074000042B82EE354F03B8340D808E55283420053
:107410003083305042C432272E64F59400504240ED
:1074200042D33F84407D82E30840428342B82EDD50
:1074300052003040427C86B952092E700FBF54C4AE
:1074400042D3865440554094428542212ED7004273
:1074500040252EFDF3C0427E82052E7D0080B214B1
:107460002F052E890027BD2FB98090022F212E6F66
:10747000F50C2D072E710F14301C09052E77F7BD62
:107480005647BE9308940A252E77F7E75450424A90
:107490000EFC2FB82E505002304386E550FB7FE3A0
:1074A0007FD27FC07FB17F002E41400040480498CA
:1074B0002E74C01EAAD36F1430B16FE322C06F5276
:1074C00040E46F4C0E1242D37FEB2F032E860F4009
:1074D000901130032F232E860F022C0030D06FFB2B
:1074E0006FB05FB82E4050F17F0A253C86EB7F419C
:1074F000332230982EC2C4D36FF430DC094758C20F
:107500006F9409EB586ABBDC08B4B9B1BDE95A9570
:107510000821BDF6BF770B51BEF16FEB6F5242549D
:1075200042C02E4342C05F5050F55031301142FBF3
:107530007F7B300B4211300280233301420300076E
:107540002E8003052ED3002352E27FD37FC07F9885
:107550002EB60ED16F080A1A257B86D07F01331212
:1075600030982EC2C4D16F080A00B20D2FE36F010C
:107570002E80035130C786232E21F208BCC04298CA
:107580002EA5B7002E002ED02EB06F0BB8032E1BE9
:1075900000081AB07F7030042F212E21F2002E0037
:1075A0002ED02E982E6DC0982E5DC0ED50982E4492
:1075B000CBEF50982E46C3F150982E53C7355098B4
:1075C0002E64CF1030982EDC032026C06F023112BB
:1075D00042AB330B42378001300142F337F752FBA5
:1075E000504440A20A42428B31092E5EF7F954E31F
:1075F0000883421B4223334B00BC840B403330834F
:10760000420B42E07FD17F982E58B7D16F80304037
:10761000420330E06FF3540430002E002E018962E3
:107620000EFA2F43421130FB6FC02E0142B05FC1F2
:107630004A00006D570000778E0000E0FFFFFFD387
:10764000FFFFFFE5FFFFFFEEE1FFFF7C13000046B9
:10765000E6FFFF0000000000000000000000000046
:10766000000000000000000000000000000000001A
:10767000000000000000000000000000000000000A
:1076800000000000000000000000000000802E004C
:10769000C1802E00C1802E00C1802E00C1802E002E
:1076A000C1802E00C1802E00C1802E00C1802E001E
:1076B000C1802E00C1802E00C1802E00C1802E000E
:1076C000C1802E00C1802E00C1802E00C1802E00FE
:1076D000C1802E00C1802E00C1802E00C1802E00EE
:1076E000C1802E00C1802E00C1802E00C1802E00DE
:1076F000C1802E00C1802E00C1802E00C1802E00CE
:10770000C1802E00C1802E00C1802E00C1802E00BD
:10771000C1802E00C1802E00C1802E00C1802E00AD
:10772000C1802E00C1802E00C1802E00C1802E009D
:10773000C1802E00C1802E00C1802E00C1802E008D
:10774000C1802E00C1802E00C1802E00C1802E007D
:10775000C1802E00C1802E00C1802E00C1802E006D
:10776000C1802E00C1802E00C1802E00C1802E005D
:10777000C1802E00C1802E00C169636D5F73657486
:1077800075705F574F4D0069636D5F7365747570F9
:107790005F445244590069636D5F74656D705F7238
:1077A0006561640069636D5F6779726F5F726561BF
:1077B000640069636D5F616363656C5F72656164DA
:1077C0000069636D5F646174615F72656164006923
:1077D000636D5F7570646174655F6F647200696387
:1077E0006D5F73687574646F776E0069636D5F6950
:1077F0006E69740080008000800049434D34323649
:107800003838000102030405060F0708090A0B2592
:10781000733A20436F6D6D756E69636174696F6E45
:10782000206572726F72207768656E207265616480
:10783000696E672072657365742073746174650086
:1078400025733A20494D552072657365742069731C
:107850002070656E64696E67202830782530327834
:10786000292C2077616974696E672E2E2E0025738E
:107870003A20496E76616C69642062616E6B207794
:10788000726974652073697A650025733A20496EC0
:1078900076616C69642062616E6B20726561642040
:1078A00073697A650043616E6E6F742072656164FE
:1078B000206D616720646174612C206173206275A2
:1078C0006666657220697320746F6F20736D616CDA
:1078D0006C3A2025642062797465730025733A2020
:1078E00053656E736F72206E6F7420696E20636FC4
:1078F0007272656374206D6F646520746F207065AB
:1079000072666F726D206578742077726974653A5B
:107910002025640025733A20556E737570706F7260
:107920007465642077726974650025733A20493262
:10793000434D206572726F723A20253032780025EF
:10794000733A20556E737570706F7274656420772A
:10795000726974655F726561640025733A205365CE
:107960006E736F72206E6F7420696E20636F727217
:10797000656374206D6F646520746F207065726636
:107980006F726D20657874207772697465207265F6
:1079900061643A2025640025733A20436F6D6D754C
:1079A0006E69636174696F6E206572726F723A20DE
:1079B00025640069636D34355F646174615F72656D
:1079C00061640069636D34355F6578745F736574F5
:1079D00075700069636D34355F6578745F777269BF
:1079E00074655F726561640069636D34355F6578E5
:1079F000745F77726974650069636D34355F6261C5
:107A00006E6B5F726561640069636D34355F6261DE
:107A10006E6B5F77726974650069636D34355F738F
:107A2000657475705F574F4D0069636D34355F73D2
:107A3000657475705F445244590069636D34355FF5
:107A400074656D705F726561640069636D34355F84
:107A50006779726F5F726561640069636D34355F69
:107A6000616363656C5F726561640069636D343581
:107A70005F7570646174655F6F64720069636D3413
:107A8000355F73687574646F776E0069636D343544
:107A90005F696E69740080008000800049434D3446
:107AA0003536383600030405060708090A0B0C6949
:107AB000736D5F616363656C5F7265616400464905
:107AC000464F206E6F7420616C69676E6564006C50
:107AD000736D3664736D5F73657475705F574F4D6A
:107AE000006C736D3664736D5F73657475705F449D
:107AF000524459006C736D3664736D5F64617461D8
:107B00005F72656164006C736D3664736D5F757070
:107B1000646174655F6F6472006C736D3664736D5D
:107B20005F696E6974004C534D3644534D00A0900C
:107B300080706050403020100C080400040C0800D5
:107B40006C736D3664736F5F6578745F736574759D
:107B500070006C736D3664736F5F73657475705FFE
:107B6000574F4D006C736D3664736F5F6461746161
:107B70005F72656164006C736D3664736F5F7570FE
:107B8000646174655F6F6472006C736D3664736FEB
:107B90005F696E6974004C534D3644534F00A0909A
:107BA00080706050403020100C080400040C080065
:107BB00025733A2057726974652074696D656F7515
:107BC00074006C736D5F6578745F77726974655F5C
:107BD00072656164006C736D5F6578745F7772695C
:107BE0007465006C736D5F6578745F736574757030
:107BF000006C736D5F73657475705F574F4D006CEB
:107C0000736D5F73657475705F44524459006C7393
:107C10006D5F74656D705F72656164006C736D5F3C
:107C20006779726F5F72656164006C736D5F616329
:107C300063656C5F72656164006C736D5F64617431
:107C4000615F72656164006C736D5F75706461740F
:107C5000655F6F6472006C736D5F73687574646FD9
:107C6000776E006C736D5F696E6974004C534D36AE
:107C7000445356000C0B0A090807060504030201C9
:107C80000C04030201000302010025733A20556E23
:107C9000737570706F72746564206275727374208E
:107CA0006C656E677468005573696E67206D696EE8
:107CB000696D756D206275727374206C656E677482
:107CC000680025733A20494D55206D757374206303
:107CD0006F6E6669677572652065787465726E612E
:107CE0006C20696E74657266616365206265666F9B
:107CF0007265207265676973746572696E67206D5D
:107D000061676E65746F6D657465720025733A20E6
:107D100045787465726E616C20696E746572666117
:107D20006365206E6F742075736564206F7665726D
:107D3000204932430025733A20494D55206D757313
:107D4000742062652072656769737465726564206A
:107D50006265666F726520726567697374657269C2
:107D60006E67206D61676E65746F6D657465720016
:107D700073656E736F725F696E7465726661636559
:107D80005F72656769737465725F73656E736F7236
:107D90005F6D61675F6578740073656E736F725FA6
:107DA000696E746572666163650025733A20526579
:107DB00061642074696D656F757400616B5F7465D3
:107DC0006D705F7265616400616B5F6D61675F72AA
:107DD00065616400616B5F6D61675F6F6E6573689D
:107DE0006F7400616B5F7570646174655F6F64725E
:107DF00000616B5F73687574646F776E00414B3020
:107E00003939343000626D6D315F6D61675F726565
:107E1000616400626D6D315F6D61675F6F6E657388
:107E2000686F7400626D6D315F7570646174655F59
:107E30006F647200626D6D315F73687574646F7723
:107E40006E00726561645F7472696D5F7265676907
:107E5000737465727300626D6D315F696E69740071
:107E6000626D6D335F74656D705F72656164006231
:107E70006D6D335F6D61675F7265616400626D6D2A
:107E8000335F6D61675F6F6E6573686F7400626DFD
:107E90006D335F7570646174655F6F647200626DED
:107EA0006D335F73687574646F776E00424D4D3348
:107EB000353000697374383330365F6D61675F72D7
:107EC00065616400697374383330365F6D61675F74
:107ED0006F6E6573686F7400697374383330365F22
:107EE0007570646174655F6F6472006973743833B0
:107EF00030365F73687574646F776E004953543819
:107F000033303600697374383330385F6D61675FC2
:107F10007265616400697374383330385F6D61670E
:107F20005F6F6E6573686F740069737438333038CF
:107F30005F7570646174655F6F6472006973743833
:107F40003330385F73687574646F776E00495354CB
:107F500038333038006C6973325F74656D705F72EE
:107F6000656164006C6973325F6D61675F72656142
:107F700064006C6973325F6D61675F6F6E65736813
:107F80006F74006C6973325F7570646174655F6FE4
:107F90006472006C6973325F73687574646F776EB6
:107FA000006C6973335F74656D705F726561640046
:107FB0006C6973335F6D61675F72656164006C69E2
:107FC00073335F6D61675F6F6E6573686F74006CAC
:107FD0006973335F7570646174655F6F6472006CA0
:107FE0006973335F73687574646F776E006C69735F
:107FF000335F696E6974004C4953334D444C006DD6
:108000006D635F5245534554006D6D635F74656DDC
:10801000705F72656164006D6D635F6D61675F7253
:10802000656164006D6D635F6D61675F6F6E657341
:10803000686F74006D6D635F7570646174655F6F08
:108040006472006D6D635F73687574646F776E0042
:108050006D6D635F534554006D6D635F696E697448
:10806000004D4D43353938334D4100446174612032
:108070006E6F74207265616479004D61676E65741E
:108080006F6D65746572206F766572666C6F7700D0
:10809000716D635F6D61675F7265616400716D63CF
:1080A0005F6D61675F6F6E6573686F7400716D639C
:1080B0005F7570646174655F6F647200716D635F9A
:1080C00073687574646F776E00514D433633303981
:1080D0000073656E736F725F7363616E0025733A30
:1080E000205363616E6E696E6720616464726573AC
:1080F000733A203078253032580025733A20536384
:10810000616E6E696E672072656769737465723A35
:10811000203078253032580025733A20506F77652B
:108120007220757020424D4D3135300025733A2054
:10813000526561642076616C75653A20307825302F
:1081400032580056616C6964206465766963652005
:10815000666F756E64206174206164647265737308
:108160003A20307825303258202872656769737458
:1081700065723A203078253032582C2076616C7543
:10818000653A2030782530325829004E6F206465DA
:108190007669636520666F756E6420617420616422
:1081A00064726573733A20307825303258007365F5
:1081B0006E736F725F7363616E5F65787400736571
:1081C0006E736F725F7363616E5F657874002573A1
:1081D0003A206572723A2025640025733A20526570
:1081E00061642076616C75653A20307825303258AC
:1081F0002C203078253032582C20307825303258D9
:108200002028307825303258290056616C69642066
:1082100064657669636520666F756E642075736941
:108220006E672072656769737465723A20307825CD
:10823000303258202876616C75653A2030782530C8
:10824000325829004E6F2064657669636520666F39
:10825000756E64207573696E6720726567697374E3
:1082600065723A203078253032580073656E736F2E
:10827000725F7363616E5F7370690073656E736FB5
:10828000725F7363616E5F737069005375737065BD
:108290006E6465642073656E736F722074687265B6
:1082A0006164001B5B33383B353B3139363B316D04
:1082B0004E6F6E651B5B306D004E6F6E6500494DF5
:1082C0005520616464726573733A203078253032CA
:1082D000582C2072656769737465723A203078256E
:1082E000303258004D61676E65746F6D65746572EC
:1082F00020616464726573733A2030782530325897
:108300002C2072656769737465723A203078253065
:108310003258005363616E6E696E67205350492076
:1083200062757320666F7220494D5500466F756EF9
:108330006420756E6B6E6F776E2064657669636519
:1083400000466F756E642025730025733A204E6FCA
:1083500020494D5520646574656374656400257318
:108360003A20494D55206E6F7420737570706F728E
:10837000746564005363616E6E696E672062757325
:1083800020666F72206D61676E65746F6D657465D0
:1083900072207468726F75676820494D55204932A4
:1083A000434D0025733A204661696C656420746F03
:1083B000207265676973746572206D61676E65749C
:1083C0006F6D657465722065787465726E616C207E
:1083D000696E74657266616365004E6F206D6167DA
:1083E0006E65746F6D657465722064657465637421
:1083F00065640025733A204D61676E65746F6D6525
:10840000746572206E6F7420737570706F7274650E
:1084100064005265747279696E672073656E736F5C
:108420007220646574656374696F6E004675736964
:108430006F6E2064617461207265636F766572652A
:10844000640053656E736F7220696E69742C2073BB
:10845000687574646F776E20666972737400536513
:108460006E736F7220636C6F636B20726174653A18
:1084700020252E3266487A00416363656C65726F11
:108480006D657465722072616E67653A20252E32C3
:108490006667004779726F73636F70652072616EF3
:1084A00067653A20252E32666470730052657175D7
:1084B00065737465642053504920667265717565F3
:1084C0006E63793A20252E32664D487A0041636307
:1084D000656C65726F6D6574657220696E6974692B
:1084E000616C20726174653A20252E3266487A00EC
:1084F0004779726F6D6574657220696E6974696120
:108500006C20726174653A20252E3266487A004DDF
:1085100061676E65746F6D6574657220696E6974EC
:1085200069616C20726174653A20252E3266487A42
:1085300000496E697469616C697A65642073656E5F
:10854000736F7273004170706C79696E6720677920
:10855000726F73636F7065206761696E0057455372
:10856000545F544F504449522F7A65706879722F86
:10857000696E636C7564652F7A65706879722F64B3
:108580007269766572732F6770696F2E6800415348
:1085900053455254494F4E204641494C20402025D6
:1085A000733A25640A005573696E67202573004984
:1085B0006E697469616C697A656420667573696F48
:1085C0006E0025733A204661696C656420746F20E3
:1085D000616C6C6F63617465206D656D6F7279207D
:1085E000666F72204649464F206275666665720066
:1085F000537769746368696E672073656E736F7211
:108600007320746F206C6F77206E6F6973650053F1
:108610007769746368696E672073656E736F7273D0
:1086200020746F206C6F7720706F776572005377BE
:1086300069746368696E672073656E736F72732007
:10864000746F206C6F7720706F7765722032004EE8
:108650006F207061636B6574732070726F636573F4
:10866000736564004E6F207061636B65747320697D
:108670006E206275666665720025733A20506163EC
:108680006B6574206572726F7220746872657368AE
:108690006F6C642065786365656465640045787017
:1086A00065637465642025642074696D6573746501
:1086B0007025732C20676F74202564004E6F206D29
:1086C0006F74696F6E2066726F6D2073656E736F65
:1086D000727320696E2025646D730053776974632B
:1086E00068696E6720746F20616374697669747954
:1086F0002074696D656F7574004E6F206D6F7469BD
:108700006F6E2066726F6D2073656E736F7273206B
:10871000696E2025646D004E6F206D6F74696F6EF9
:108720002066726F6D2073656E736F727320696E51
:1087300020256C6C6473004C6173742075706461E7
:10874000746520737465707320746F6F6B2075701F
:1087500020746F20256C6C64206D730053656E73FC
:108760006F7220696E746572727570742074696DB1
:10877000656F75740053746F707065642073656EF7
:10878000736F7220746872656164005265717565FB
:10879000737465642073656E736F72207363616EAA
:1087A00000537461727465642073656E736F722018
:1087B0006C6F6F700025733A204661696C656420A8
:1087C000746F2073687574646F776E2073656E7351
:1087D0006F72730025733A204661696C656420747A
:1087E0006F20636F6E66696775726520494D55200D
:1087F00077616B6520757000526573756D656420D7
:1088000073656E736F72207468726561640073655E
:108810006E736F725F73657475705F574F4D007341
:10882000656E736F725F73687574646F776E0073D3
:10883000656E736F725F6C6F6F700073656E736FD0
:10884000725F7363616E0073656E736F725F696EE2
:1088500069745F7468726561645F69640073656EF2
:10886000736F7200484D43353838334C00514D43D7
:10887000353838334C00514D433633313000414B9D
:108880003839363300414B30393931360049535489
:108890003833323000495354383332310049495368
:1088A000324D44432F4C4953324D444C004D4D43BF
:1088B0003334313630504A004D4D43333633304B2C
:1088C0004A004D4D43353630334E4A2F4D4D4335DA
:1088D0003633334E4A4C004D4D43353631365741D1
:1088E00000424D4931363000424D49333233004D5C
:1088F00050552D363030302F4D50552D36303530C7
:10890000004D50552D36353030004D50552D3932F3
:1089100035300049434D2D32303934380049434D0C
:108920002D34323638382D502F49434D2D343236C0
:1089300038382D560049434D2D34353638360049E8
:10894000434D2D34353638382D50004C534D364478
:10895000534F313649532F49534D33333049530028
:108960004C534D36445333004C534D3644533354DB
:10897000522D432F4C534D3644534C2F4C534D36B0
:1089800044534D2F49534D333330444C43004C53E3
:108990004D364453522F49534D3333304448435896
:1089A000004C534D36445354004C534D36445356AB
:1089B0003136422F49534D333330425800565146D9
:1089C000000209A302084801A302084801FF01A30D
:1089D00002084801320133030620210180013D01D4
:1089E00048013D01400106020A30021011018001D8
:1089F000900201000301000D02010001400100018D
:108A00000002000F030A0F4F03202F39010001005D
:108A1000010C010D020E0F0410111213041415168F
:108A2000170119011C011E0130013C017C04EAD12F
:108A3000244302E9E70568707147DB0822696A6B25
:108A40006C6D707103007275010F73656E736F72D8
:108A50005F6E6F6E65004E6F7420656E6F75676830
:108A6000206461746120746F2063616C63756C6154
:108A700074652064697363686172676520637572E9
:108A8000766500547261636B6572207265736574FC
:108A900000547261636B657220696E697469616C00
:108AA000697A65643A2025362E3266252500556E92
:108AB0006163636F756E746564206368616E67657A
:108AC00020746F206261747465727920534F433A49
:108AD0002025352E3266252520286D696E29202D0A
:108AE0003E2025352E32662525200025733A20416B
:108AF000626E6F726D616C206368616E6765207471
:108B00006F206261747465727920534F433A202557
:108B1000352E3266252520286D696E29202D3E20B0
:108B200025352E32662525200025733A2041626EB8
:108B30006F726D616C206368616E676520746F2071
:108B40006261747465727920534F433A2025352E43
:108B50003266252520286D617829202D3E20253676
:108B60002E32662525200041626E6F726D616C2089
:108B70006368616E676520746F20626174746572EA
:108B80007920534F433A2025352E326625252F6D07
:108B9000696E202825352E32662525202D3E20257C
:108BA000352E3266252520696E20256C6C75207562
:108BB0007329004E657720696E74657276616C3A30
:108BC00020252E3266252500557064617465206964
:108BD0006E74657276616C3A20252E32662525000A
:108BE00025733A20496E74657276616C2025753A5A
:108BF00020256C6C7520757320697320746F6F204D
:108C000073686F72740025733A20496E76616C69DF
:108C10006420637572766500526573657474696E5D
:108C200067206261747465727920747261636B6528
:108C3000722077696C6C20636C65617220616C6C6A
:108C400020626174746572792063616C696272611B
:108C500074696F6E20646174612E20506C6561735D
:108C60006520726573656E642074686520636F6D3E
:108C70006D616E6420746F20636F6E6669726D2E15
:108C80000A00526573657474696E6720626174745A
:108C900065727920747261636B65720A0042617457
:108CA0007465727920747261636B6572207265738A
:108CB0006574006170706C795F63757276650075BC
:108CC00070646174655F696E74657276616C00735F
:108CD00079735F7570646174655F626174746572E5
:108CE000795F747261636B6572006261747465723E
:108CF000795F747261636B6572006C65645F746840
:108D0000726561645F696400456E746572696E675F
:108D1000206E657720706F7765722073746174655B
:108D2000207768696C652073656E736F7220657259
:108D3000726F722069732072616973656400456E99
:108D4000746572696E67206E657720706F776572E3
:108D5000207374617465207768696C65207379731A
:108D600074656D206572726F72206973207261691B
:108D700073656400574553545F544F504449522F14
:108D80006D6F64756C65732F68616C2F6E6F7264A4
:108D900069632F6E7266782F68616C2F6E72665FE2
:108DA0006770696F2E680025733A20537973746574
:108DB0006D20697320616C726561647920656E74E1
:108DC0006572696E672061206E657720706F7765C8
:108DD000722073746174650044656C617965642008
:108DE000666F722055415254206261636B656E64F8
:108DF000006C6F675F6261636B656E645F75617263
:108E00007400494D552077616B652075702072653F
:108E10007175657374656400494D552077616B65A4
:108E2000207570206E6F7420617661696C61626C70
:108E3000652C2077616974696E67206F6E204553D9
:108E4000422F737461747573207265616479004593
:108E500053422F7374617475732072656164792055
:108E600074696D6564206F757400436F6E66696721
:108E70007572656420494D552077616B652075706A
:108E80000057616B65207570204750494F2070690D
:108E90006E3A2025752C20636F6E6669673A20252F
:108EA0007500436F6E6669677572656420494D553C
:108EB0002077616B65207570204750494F00506FD7
:108EC000776572696E67206F6666206E5246005342
:108ED000797374656D207265626F6F74207265714D
:108EE000756573746564005265626F6F74696E674F
:108EF000206E52460053797374656D206F6666204C
:108F0000726571756573746564005265717565731A
:108F10007465642073656E736F72207363616E2075
:108F20006F6E206E65787420626F6F740057616B8E
:108F300065207570204750494F2070696E3A202592
:108F40007500446973636F6E6E6563746564204970
:108F50004D552077616B65207570204750494F0053
:108F6000494D55204353204750494F2070696E3A70
:108F700020257500446973636F6E6E656374656464
:108F800020494D55204353204750494F0025733AFF
:108F90002043616E6E6F742064697361626C65203A
:108FA000636861726765720025733A204661696C77
:108FB000656420746F2072656164206261747465F9
:108FC000727920766F6C746167653A20256400427F
:108FD0006174746572792025752525202825642003
:108FE0006D56290042617474657279206E6F742029
:108FF000617661696C61626C6520282564206D561C
:10900000290025733A204261747465727920766F65
:109010006C746167652072656164696E672069734D
:109020002061626E6F726D616C0044697363686188
:109030007267656420626174746572790043686167
:109040006E676520746F2062617474657279205355
:109050004F433A2025352E32662525202D3E2025EA
:10906000352E32662525007365745F63686172670B
:1090700065725F656E61626C65007379735F706FB6
:109080007765725F73746174655F7265717565731E
:109090007400706F7765725F7468726561640070E8
:1090A0006F7765725F7468726561645F696400649C
:1090B000697361626C655F4446555F74687265618F
:1090C000645F69640025733A2053656E736F722084
:1090D000636F6D6D756E69636174696F6E20657223
:1090E000726F7200436F6E6E656374696F6E206598
:1090F00072726F720025733A2047656E6572616CFB
:10910000206572726F720055534220636F6E6E65F8
:1091100063746564004368617267657220706C7582
:10912000676765640043616C6962726174696F6E40
:109130002072756E6E696E6700427574746F6E2072
:109140007072657373656400436C65617265642059
:109150007374617475733A20256400537461747577
:10916000733A202564007365745F7374617475735A
:10917000007374617475735F7761726E5F74687287
:109180006561645F6964007374617475735F6572AF
:10919000726F725F7468726561645F6964002573E1
:1091A0003A204661696C656420746F20676574209D
:1091B0007061676520696E666F0025733A204661AD
:1091C000696C656420746F206D6F756E74204E56E7
:1091D000530025733A204661696C656420746F20E2
:1091E00066657463682073616D706C652066726F6C
:1091F0006D206E52462074656D7065726174757273
:1092000065206465766963650A00436F6E66696709
:1092100075726564207377302073656E7365002501
:10922000733A204661696C656420746F20777269B7
:10923000746520746F204E56532C206572726F72C5
:109240003A2025640025733A204661696C656420E4
:10925000746F20726561642066726F6D204E565384
:109260002C206572726F723A202564005265616429
:1092700020646174612073657420746F207A657254
:109280006F00496E76616C69646174656420524157
:109290004D0056616C6964617465642052414D00F3
:1092A000526573657474696E67204E565320616E03
:1092B000642072657461696E65642077696C6C20E6
:1092C000636C65617220616C6C2070616972696E9B
:1092D000672C2073656E736F722063616C696272B4
:1092E0006174696F6E20646174612C20616E64200A
:1092F000626174746572792063616C696272617411
:10930000696F6E20646174612E20506C65617365B5
:1093100020726573656E642074686520636F6D6D7F
:10932000616E6420746F20636F6E6669726D2E0AC1
:1093300000526573657474696E67204E56532061E0
:109340006E642072657461696E65640A004E5653DE
:1093500020616E642072657461696E656420726557
:109360007365740053746F72616765207061727405
:109370006974696F6E3A2025752062797465730A85
:1093800000416C6C6F6361746564204E56533A20E3
:109390002575202A202575203D20257520627974A9
:1093A00065730A004E565320667265653A2025643F
:1093B0002062797465732C206D61783A20256420D1
:1093C00062797465730A00557365722073687574E9
:1093D000646F776E2072657175657374656400499A
:1093E0004D552063616C6962726174696F6E2072A1
:1093F00065717565737465640050616972696E6743
:109400002072657365742072657175657374656427
:1094100000427574746F6E2070726573736564209A
:1094200025642074696D657300427574746F6E20D5
:10943000776173207072657373656420256420748E
:10944000696D6573007379735F7265616400737928
:10945000735F7772697465007379735F6E76735F9B
:10946000696E69740074656D705F746872656164BB
:1094700000627574746F6E5F7468726561645F69B1
:10948000640074656D705F7468726561645F6964BF
:10949000007573625F696E69745F74687265616498
:1094A0005F6964007573620000070E091C1B1215CA
:1094B000383F363124232A2D574553545F544F509B
:1094C0004449522F7A65706879722F6C69622F68EF
:1094D0006561702F686561702E6300574553545F56
:1094E000544F504449522F7A65706879722F6C69D5
:1094F000622F6F732F63627072696E74665F706142
:10950000636B616765642E630028756E7369676EAF
:109510006564292063686172202A20757365642060
:10952000666F722025257020617267756D656E7497
:109530002E2049742773207265636F6D6D656E64AC
:10954000656420746F206361737420697420746F84
:1095500020766F6964202A206265636175736520D7
:109560006974206D6179206361757365206D69731D
:109570006265686176696F7220696E2063657274D6
:1095800061696E20636F6E66696775726174696F79
:109590006E732E20537472696E673A2225732220EF
:1095A000617267756D656E743A25640063627072EE
:1095B000696E74665F7061636B61676500286E69D0
:1095C0006C2900574553545F544F504449522F7AE9
:1095D00065706879722F6C69622F6F732F6D70736D
:1095E000635F706275662E6300574553545F544F36
:1095F000504449522F7A65706879722F696E636C96
:109600007564652F7A65706879722F7370696E6CF6
:109610006F636B2E68004661696C656420746F200F
:109620007265626F6F743A207370696E6E696E67EF
:1096300020656E646C6573736C792E2E2E0A007F24
:109640007F7F7F7F7F7F7F7F7F7F7F7F7F7F7F7F2A
:109650007F7F7F7F7F7F7F7F7F7F7F7F7F7F7F7F1A
:109660007F7F7F7F7F7F7F7F7F7F3E7F7F7F3F34D6
:1096700035363738393A3B3C3D7F7F7F407F7F7FAF
:10968000000102030405060708090A0B0C0D0E0F62
:10969000101112131415161718197F7F7F7F7F7F03
:1096A0001A1B1C1D1E1F20212223242526272829A2
:1096B0002A2B2C2D2E2F303132337F7F7F7F7F411D
:1096C00042434445464748494A4B4C4D4E4F505102
:1096D00052535455565758595A61626364656667C8
:1096E00068696A6B6C6D6E6F707172737475767782
:1096F00078797A303132333435363738392B2F5741
:109700004553545F544F504449522F7A65706879DD
:10971000722F6C69622F7574696C732F6F6E6F6630
:10972000662E6300574553545F544F504449522F9F
:109730007A65706879722F6C69622F7574696C73C1
:109740002F6E6F746966792E6300574553545F54CA
:109750004F504449522F7A65706879722F6C696254
:109760002F7574696C732F72696E675F62756666B8
:1097700065722E630025733A204E5653206E6F7427
:1097800020696E697469616C697A65640025733A51
:1097900020436F756C64206E6F74206F6274616912
:1097A0006E20666C61736820706172616D657465AE
:1097B00072730025733A20556E737570706F7274F2
:1097C000656420777269746520626C6F636B2073C7
:1097D000697A650025733A20556E61626C65207464
:1097E0006F20676574207061676520696E666F0021
:1097F00025733A20496E76616C69642073656374E1
:109800006F722073697A650025733A20436F6E6624
:10981000696775726174696F6E206572726F72200C
:109820002D20736563746F7220636F756E740041D1
:109830006C6C20736563746F727320636C6F7365F7
:10984000642C2065726173696E6720616C6C207393
:109850006563746F72732E2E2E006E76735F736560
:1098600063746F725F6D61785F646174615F736967
:109870007A65006E76735F63616C635F66726565BF
:109880005F7370616365006E76735F726561645FBC
:1098900068697374006E76735F7772697465006EC1
:1098A00076735F6D6F756E74006E76735F636C6553
:1098B00061720066735F6E7673006C6F6767696EC6
:1098C0006700574553545F544F504449522F7A65AF
:1098D000706879722F7375627379732F6C6F676715
:1098E000696E672F6C6F675F636F72652E63006CC4
:1098F0006F6700574553545F544F504449522F7A75
:1099000065706879722F7375627379732F6C6F67E6
:1099100067696E672F6C6F675F6D676D742E63008C
:10992000574553545F544F504449522F7A657068DD
:1099300079722F696E636C7564652F7A65706879CA
:10994000722F6C6F6767696E672F6C6F675F6261FC
:10995000636B656E642E68006C6F675F6D676D7416
:10996000004D6573736167652028222573222920C5
:1099700064726F70706564206265636175736520E1
:10998000697420657863656564732073697A6520FE
:109990006C696D69746174696F6E20282575290082
:1099A000574553545F544F504449522F7A6570685D
:1099B00079722F7375627379732F6C6F6767696E35
:1099C000672F6C6F675F6D73672E63004D657373F0
:1099D0006167652064726F707065642062656361A1
:1099E0007573652069742065786365656473207399
:1099F000697A65206C696D69746174696F6E20287D
:109A0000257529000D0A00574553545F544F5044A3
:109A100049522F7A65706879722F73756273797302
:109A20002F6C6F6767696E672F6C6F675F6F7574F8
:109A30007075742E6300257320005B2530386C75BB
:109A40005D20005B253032753A253032753A25307D
:109A500032752E253033752C253033755D20002569
:109A6000732F003C25733E200025733A20002530DB
:109A700032782000202020007C00256300206D65C6
:109A80007373616765732064726F70706564202DF5
:109A90002D2D0D0A1B5B306D001B5B313B33316D8F
:109AA0002D2D2D20001B5B313B33316D001B5B31B5
:109AB0003B33336D006572720077726E00696E66BB
:109AC00000646267006C6F675F6261636B656E6400
:109AD0005F72747400574553545F544F5044495259
:109AE0002F7A65706879722F7375627379732F6C32
:109AF0006F6767696E672F6261636B656E64732F52
:109B00006C6F675F6261636B656E645F75617274D1
:109B10002E63006C6F675F7561727400737573708C
:109B2000656E646564006F666600706D5F6465767F
:109B300069636500000101030100030157455354A7
:109B40005F544F504449522F7A65706879722F7371
:109B500075627379732F7573622F646576696365B7
:109B60002F7573625F6465766963652E6300257384
:109B70003A20456E64706F696E74203078253032FB
:109B80007820697320696E76616C69640025733A88
:109B9000204661696C656420746F2064697361623A
:109BA0006C6520656E64706F696E74203078253046
:109BB00032780025733A204661696C656420746FC1
:109BC00020636F6E66696775726520656E64706F7D
:109BD000696E74203078253032780025733A20463B
:109BE00061696C656420746F20656E61626C6520CC
:109BF000656E64706F696E7420307825303278003D
:109C000025733A20526571756573742062756666B6
:109C1000657220746F6F20736D616C6C0025733AF0
:109C2000204661696C656420746F20636F6E66699D
:109C300067757265205553422064657669636520B7
:109C4000737461636B0025733A204572726F6E65A1
:109C50006F757320646576696365206465736372EC
:109C60006970746F72206F7220624D617850616309
:109C70006B657453697A6530007573625F68616EF5
:109C8000646C655F636F6E74726F6C5F7472616E2B
:109C900073666572007573625F656E61626C650004
:109CA0007365745F656E64706F696E740067657468
:109CB0005F65705F626D5F66726F6D5F6164647235
:109CC0000064697361626C655F656E64706F696E74
:109CD00074007573625F6465766963650030313264
:109CE00033343536373839414243444546005745C9
:109CF00053545F544F504449522F7A6570687972BB
:109D00002F7375627379732F7573622F646576692B
:109D100063652F7573625F64657363726970746FD6
:109D2000722E630025733A2054686572652069734A
:109D3000206E6F207573625F6366675F6461746134
:109D400020666F722025700025733A20556E696E6B
:109D5000697469616C697A6564207573625F6366B2
:109D6000675F6461746120706F696E7465722C2026
:109D7000636F72727570746564206465766963657B
:109D80002064657363726970746F723F0025733A63
:109D9000204661696C656420746F2076616C69642B
:109DA00061746520656E64706F696E7473002573ED
:109DB0003A20496E636F6D706C65746520646576DA
:109DC0006963652064657363726970746F720025DE
:109DD000733A204661696C656420746F2066697807
:109DE0007570205553422064657363726970746F97
:109DF00072007573625F6669785F64657363726928
:109E000070746F72007573625F6765745F64657606
:109E10006963655F64657363726970746F720075FE
:109E200073625F64657363726970746F7200257327
:109E30003A205472616E73666572206572726F7239
:109E40002025642C2065702030782530327800255C
:109E5000733A2052582064617461206C6F73742CC3
:109E6000206E6F207472616E736665720025733A9E
:109E7000204E6F207472616E7366657220736C6F12
:109E80007420617661696C61626C650025733A20AB
:109E900041207472616E7366657220697320616C13
:109EA0007265616479206F6E676F696E672C2065DB
:109EB0007020307825303278007573625F7472617B
:109EC0006E73666572007573625F7472616E73663D
:109ED00065725F776F726B007573625F7472616E2B
:109EE000736665725F65705F63616C6C6261636B02
:109EF000007573625F7472616E736665720063648D
:109F0000635F61636D5F7561727430007573627752
:109F10006F726B710073657474696E677300666C41
:109F2000617368002A2A2A20426F6F74696E672065
:109F3000536C696D6556522D547261636B65722D59
:109F40006E52462076302E302E302D70726F642087
:109F50002D20756E6B6E6F776E20636F6D6D6974FB
:109F6000202A2A2A0A002A2A2A205573696E672085
:109F70006E524620436F6E6E6563742053444B20CF
:109F800076332E312E312D30666662343662386279
:109F9000396165202A2A2A0A002A2A2A205573694B
:109FA0006E67205A6570687972204F532076342E80
:109FB000312E39392D666638663063353739656537
:109FC00062202A2A2A0A006D757465785F696E69B5
:109FD000742063616C6C65642077697468204E55E9
:109FE0004C4C20706172616D6574657200436F75D1
:109FF0006C64206E6F7420616C6C6F63617465209B
:10A000006D75746578206265666F726520696E692A
:10A010007469616C697A696E670025733A207230E1
:10A020002F61313A20203078253038782020723165
:10A030002F61323A20203078253038782020723253
:10A040002F61333A20203078253038780025733A54
:10A050002072332F61343A20203078253038782030
:10A060007231322F69703A202030782530387820CC
:10A070007231342F6C723A202030782530387800D5
:10A0800025733A2020787073723A2020307825307A
:10A0900038780025733A20735B2532645D3A2020BE
:10A0A0003078253038782020735B2532645D3A2083
:10A0B000203078253038782020735B2532645D3A73
:10A0C00020203078253038782020735B2532645D7D
:10A0D0003A20203078253038780025733A20667091
:10A0E0007363723A20203078253038780025733A2F
:10A0F000204661756C74696E6720696E7374727541
:10A100006374696F6E206164647265737320287272
:10A1100031352F7063293A20307825303878002582
:10A12000733A20556E68616E646C656420495251C3
:10A130006E3A202564006573665F64756D70007A01
:10A140005F61726D5F666174616C5F6572726F7280
:10A150000025733A202A2A2A2A2A204D50552046C3
:10A1600041554C54202A2A2A2A2A0025733A2020B5
:10A1700020537461636B696E67206572726F722021
:10A1800028636F6E746578742061726561206D69F3
:10A19000676874206265206E6F742076616C6964F4
:10A1A000290025733A202020556E737461636B6912
:10A1B0006E67206572726F720025733A202020440A
:10A1C000617461204163636573732056696F6C61CC
:10A1D00074696F6E0025733A2020204D4D46415220
:10A1E00020416464726573733A20307825780025C5
:10A1F000733A202020496E737472756374696F6EB0
:10A20000204163636573732056696F6C6174696F75
:10A210006E0025733A202020466C6F6174696E676A
:10A220002D706F696E74206C617A7920737461741B
:10A230006520707265736572766174696F6E2065F2
:10A2400072726F7200574553545F544F50444952D5
:10A250002F7A65706879722F617263682F61726DF1
:10A260002F636F72652F636F727465785F6D2F66F1
:10A2700061756C742E630025733A202A2A2A2A2AD3
:10A28000205553414745204641554C54202A2A2AFF
:10A290002A2A0025733A2020204469766973696F61
:10A2A0006E206279207A65726F0025733A20202033
:10A2B000556E616C69676E6564206D656D6F72794E
:10A2C000206163636573730025733A2020204E6F0D
:10A2D00020636F70726F636573736F7220696E7342
:10A2E0007472756374696F6E730025733A20202051
:10A2F000496C6C6567616C206C6F6164206F6620CF
:10A300004558435F52455455524E20696E746F2034
:10A3100050430025733A202020496C6C6567616CBE
:10A3200020757365206F6620746865204550535210
:10A330000025733A202020417474656D7074207478
:10A340006F206578656375746520756E64656669F0
:10A350006E656420696E737472756374696F6E00E4
:10A3600025733A202A2A2A2A2A2042555320464178
:10A37000554C54202A2A2A2A2A0025733A202020C4
:10A38000537461636B696E67206572726F7200252A
:10A39000733A20202050726563697365206461748C
:10A3A0006120627573206572726F720025733A20A6
:10A3B00020204246415220416464726573733A2002
:10A3C000307825780025733A202020496D70726519
:10A3D00063697365206461746120627573206572BE
:10A3E000726F720025733A202020496E7374727563
:10A3F0006374696F6E20627573206572726F72008C
:10A40000526573657276656420457863657074691A
:10A410006F6E20280053707572696F757320696EB6
:10A42000746572727570742028495251200025732A
:10A430003A20535053454C20696E20746872656110
:10A4400064206D6F646520646F6573206E6F742087
:10A45000696E646963617465205053500025733AD6
:10A46000202A2A2A2A2A2048415244204641554C73
:10A4700054202A2A2A2A2A0025733A2020204275AD
:10A4800073206661756C74206F6E20766563746FDF
:10A4900072207461626C6520726561640025733A94
:10A4A0002020204465627567206576656E740025FE
:10A4B000733A2020204661756C7420657363616C6B
:10A4C0006174696F6E20287365652062656C6F77B3
:10A4D000290025733A20415243485F45584345506F
:10A4E00054207769746820726561736F6E202578D7
:10A4F0000A0025733A202A2A2A2A2A2044656275EE
:10A5000067206D6F6E69746F722065786365707413
:10A51000696F6E202A2A2A2A2A0025733A202A2ABD
:10A520002A2A2A20257320256429202A2A2A2A2A31
:10A530000072657365727665645F657863657074D3
:10A54000696F6E0064656275675F6D6F6E69746FC9
:10A55000720075736167655F6661756C7400627522
:10A56000735F6661756C74006D656D5F6D616E61C2
:10A5700067655F6661756C7400686172645F6661CF
:10A58000756C74006765745F657366005745535456
:10A590005F544F504449522F7A65706879722F6129
:10A5A0007263682F61726D2F636F72652F636F72B4
:10A5B0007465785F6D2F6972715F6D616E6167653B
:10A5C0002E63006D70750025733A204661696C65D5
:10A5D0006420746F20616C6C6F63617465206E65BC
:10A5E00077204D505520726567696F6E2025750A7A
:10A5F0000025733A20506172746974696F6E20256A
:10A60000753A2073616E69747920636865636B20A5
:10A610006661696C65642E00574553545F544F5012
:10A620004449522F7A65706879722F617263682F7E
:10A6300061726D2F636F72652F6D70752F61726D12
:10A640005F6D70752E6300726567696F6E5F616C18
:10A650006C6F636174655F616E645F696E697400DD
:10A660006D70755F636F6E6669677572655F726541
:10A6700067696F6E7300464C4153485F3000535218
:10A68000414D5F3000574553545F544F5044495239
:10A690002F7A65706879722F6C69622F6C696263BA
:10A6A0002F6E65776C69622F6C6962632D686F6FBE
:10A6B0006B732E6300000001000000736F630044A1
:10A6C00065766963652064617461206E6F742066CD
:10A6D0006F756E6420666F7220696E746572666154
:10A6E000636520257500446576696365206461743F
:10A6F00061206E6F7420666F756E6420666F7220C5
:10A70000656E64706F696E742025750044657669A6
:10A7100063652064617461206E6F7420666F756E6E
:10A720006420666F72206366672025700025733A87
:10A73000207756616C75652073686F756C64206254
:10A740006520300025733A20556E68616E646C6533
:10A7500064207265717565737420307825303278A5
:10A760000025733A20556E737570706F727465644E
:10A770002070726F746F636F6C3A202575004465AA
:10A7800076696365206973206E6F7420636F6E66EF
:10A79000696775726564006869645F6F6E5F736591
:10A7A000745F70726F746F636F6C006869645F6F61
:10A7B0006E5F6765745F70726F746F636F6C006853
:10A7C00069645F636C6173735F68616E646C655F1D
:10A7D000726571007573625F6869640025733A2061
:10A7E00055534244206576656E74206D656D6F72B9
:10A7F0007920636F727275707465640057455354A5
:10A800005F544F504449522F7A65706879722F64B3
:10A810007269766572732F7573622F6465766963EA
:10A82000652F7573625F64635F6E7266782E630076
:10A83000757362645F776F726B710025733A205590
:10A84000534244206576656E7420616C6C6F636161
:10A8500074696F6E206661696C6564210025733AC6
:10A8600020556E6B6E6F776E2055534220706F7758
:10A870006572206576656E742025640025733A2024
:10A88000556E6578706563746564206576656E7471
:10A8900020286E7266785F75736264293A20256499
:10A8A0002C206570203078253032780025733A20CE
:10A8B0005F65705F7374617475735F67657420663C
:10A8C00061696C65642120436F64653A20256400EA
:10A8D00025733A206E6F74206174746163686564D7
:10A8E0002C20455020307825303278206576656EF2
:10A8F000742064726F707065640025733A206E5224
:10A90000462055534244207472616E73666572200E
:10A910006572726F7220284F5554293A203078257D
:10A920003032780025733A204661696C6564207482
:10A930006F20616C6C6F63206576740025733A201C
:10A9400055534244206576656E7420717565756552
:10A950002066756C6C210025733A20556E6B6E6F06
:10A96000776E2055534244206576656E743A2025F3
:10A9700068640025733A20696E76616C69642065AD
:10A980006E64706F696E7420636F6E66696775724E
:10A990006174696F6E0025733A20696E76616C6927
:10A9A0006420656E64706F696E7420696E6465788A
:10A9B0002F616464726573730025733A20455020DB
:10A9C0006D6178207061636B65742073697A6520AE
:10A9D0006D757374206265206120706F77657220D9
:10A9E0006F6620320025733A205354414C4C207539
:10A9F0006E737570706F72746564206F6E2049534A
:10AA00004F20656E64706F696E740025733A20453F
:10AA10006E64706F696E74203078253032782069EA
:10AA200073206E6F7420656E61626C6564002573BF
:10AA30003A206E524620555342442077726974651D
:10AA4000206572726F723A202564000100027573EE
:10AA500062645F6576656E745F7472616E7366655D
:10AA6000725F6461746100757362645F6576656EC0
:10AA7000745F7472616E736665725F6374726C008A
:10AA8000757362645F736F665F747269676765721E
:10AA90005F69736F5F7265616400757362645F778D
:10AAA0006F726B5F70726F636573735F72656376ED
:10AAB00072657100757362645F776F726B5F686156
:10AAC0006E646C657200037573625F64635F6570CA
:10AAD0005F726561645F636F6E74696E7565007542
:10AAE00073625F64635F65705F726561645F776105
:10AAF0006974007573625F64635F65705F77726924
:10AB00007465007573625F64635F65705F7365741D
:10AB10005F7374616C6C007573625F64635F657012
:10AB20005F636F6E666967757265007573625F64F7
:10AB3000635F65705F636865636B5F636170007519
:10AB40007362645F6576745F616C6C6F63007573CC
:10AB5000625F64635F706F7765725F6576656E7460
:10AB60005F68616E646C6572007573625F6E7266B9
:10AB70007800574553545F544F504449522F7A65DB
:10AB8000706879722F647269766572732F7573625B
:10AB90002F636F6D6D6F6E2F6E72665F757362647B
:10ABA0005F636F6D6D6F6E2F6E72665F757362643B
:10ABB0005F636F6D6D6F6E2E630000010101010117
:10ABC0006E72665F757362645F636F6D6D6F6E004A
:10ABD0000601050104010702030105020201030247
:10ABE0000504010101020103010401060108010C31
:10ABF00001100118012001400180574553545F5452
:10AC00004F504449522F7A65706879722F64726987
:10AC1000766572732F6164632F6164635F6E726621
:10AC2000785F73616164632E6300616463403430F4
:10AC300030303730303000574553545F544F504414
:10AC400049522F7A65706879722F647269766572DD
:10AC5000732F636C6F636B5F636F6E74726F6C2FB7
:10AC6000636C6F636B5F636F6E74726F6C5F6E7239
:10AC7000662E6300636C6F636B403430303030306D
:10AC80003030006866636C6B006C66636C6B0063ED
:10AC90006C6F636B5F636F6E74726F6C001B5B73C2
:10ACA000001B5B75001B5B257544001B5B25754312
:10ACB0000063696E7374722025303278207472617B
:10ACC0006E7366657220746F6F206C6F6E673A20CA
:10ACD000257A750025733A204A4544454320696426
:10ACE000205B2530327820253032782025303278AC
:10ACF0005D20657870656374205B2530327820258F
:10AD000030327820253032785D0025733A20524465
:10AD10005352206661696C65643A2025640025738E
:10AD20003A205145202573206661696C65643A209C
:10AD300025640025733A2077726974652065727204
:10AD40006F723A2061646472657373206F7220734E
:10AD5000697A6520657863656564732065787065D8
:10AD6000637465642076616C7565732E41646472EA
:10AD70003A203078256C782073697A6520257A75B9
:10AD80000025733A2072656164206572726F723AB1
:10AD90002061646472657373206F722073697A65D1
:10ADA0002065786365656473206578706563746594
:10ADB000642076616C7565732E416464723A20304C
:10ADC00078256C782073697A6520257A750025735B
:10ADD0003A206572617365206572726F723A206104
:10ADE000646472657373206F722073697A6520657D
:10ADF0007863656564732065787065637465642045
:10AE000076616C7565732E416464723A20307825E2
:10AE10006C782073697A6520257A750025733A204D
:10AE2000756E737570706F72746564206174203014
:10AE300078256C782073697A6520257A75002573EA
:10AE40003A2077616974206572726F722061742094
:10AE50003078256C782073697A6520257A7500250D
:10AE6000733A206572617365206572726F7220613A
:10AE700074203078256C782073697A6520257A757E
:10AE800000636F6E6669677572655F6368697000FD
:10AE9000717370695F696E697400717370695F6E58
:10AEA0006F725F7265616400717370695F6E6F725B
:10AEB0005F777269746500717370695F6572617341
:10AEC0006500717370695F6E6F725F657261736543
:10AED000006D783235723634333566403000717328
:10AEE00070695F6E6F720025733A20696E76616CCF
:10AEF000696420616464726573733A203078253028
:10AF0000386C783A257A750025733A20756E616C35
:10AF100069676E656420616464726573733A20309A
:10AF2000782530386C783A257A750025733A206E8A
:10AF30006F7420776F72642D616C69676E65643A17
:10AF40002030782530386C783A257A7500666C6147
:10AF500073685F6E72665F7265616400666C6173D0
:10AF6000685F6E72665F777269746500666C6173A4
:10AF7000685F6E72665F657261736500666C6173AF
:10AF8000682D636F6E74726F6C6C65724034303014
:10AF9000316530303000666C6173685F6E726600D8
:10AFA000574553545F544F504449522F7A65706847
:10AFB00079722F696E636C7564652F7A6570687934
:10AFC000722F647269766572732F6770696F2F676D
:10AFD00070696F5F7574696C732E680057455354C0
:10AFE0005F544F504449522F7A65706879722F64CC
:10AFF0007269766572732F6770696F2F6770696FFA
:10B000005F6E7266782E63006770696F403530300E
:10B010003030333030006770696F40353030303059
:10B02000303030006932630025733A204E65656424
:10B0300020746F207573652074686520696E74656F
:10B04000726E616C206472697665722062756666E4
:10B05000657220627574206974732073697A652043
:10B06000697320696E73756666696369656E7420BD
:10B07000282575202B202575203E202575292E207A
:10B0800041646A75737420746865207A65706879A4
:10B09000722C636F6E6361742D6275662D73697AAD
:10B0A00065206F72207A65706879722C666C6173A6
:10B0B000682D6275662D6D61782D73697A652070D3
:10B0C000726F70657274792028746865206F6E6580
:10B0D0002077697468206772656174657220766193
:10B0E0006C75652920696E2074686520222573229D
:10B0F000206E6F64652E006932635F6E7266785FE2
:10B100007477696D5F7472616E736665720069321F
:10B1100063403430303033303030006932635F6E3A
:10B120007266785F7477696D0025733A20756E7367
:10B130007570706F72746564207370656564002546
:10B14000733A20547279696E6720746F207472614B
:10B150006E73666572206D6F7265207468616E2013
:10B16000746865206D6178696D756D2073697A65A5
:10B1700020666F7220746869732064657669636500
:10B180003A202564203E2025640025733A2046613C
:10B19000696C656420746F20696E697469616C699B
:10B1A0007A65206465766963653A202573002573A6
:10B1B0003A20646576696365206163746976650029
:10B1C0006932635F6E7266785F7477696D5F636F13
:10B1D0006D6D6F6E5F6465696E6974006932635F7F
:10B1E0006E7266785F7477696D5F636F6D6D6F6E99
:10B1F0005F696E6974006932635F6E7266785F744E
:10B2000077696D5F6D73675F7472616E7366657287
:10B21000006932635F6E7266785F7477696D5F6331
:10B220006F6E6669677572650000010203040506AA
:10B230000725733A20496E76616C69642063686102
:10B240006E6E656C3A2025752E0025733A20496E86
:10B25000636F6D70617469626C6520706572696F8F
:10B26000642E0025733A205072657363616C6572B9
:10B2700020666F7220706572696F645F6379636CBA
:10B280006573202575206E6F7420666F756E642E51
:10B290000070776D5F6E7266785F696E69740070BA
:10B2A000776D5F706572696F645F636865636B5F1C
:10B2B000616E645F7365740070776D5F6E7266783F
:10B2C0005F7365745F6379636C65730070776D405D
:10B2D00034303031633030300070776D5F6E7266BD
:10B2E0007800677072656772657432403430303050
:10B2F0003035323000677072656772657431403482
:10B30000303030303531630072657461696E656468
:10B310005F6D656D5F6E72665F677072656772659F
:10B32000740072657461696E65646D656D00726547
:10B330007461696E65645F6D656D5F7A657068796B
:10B34000725F72616D00574553545F544F504449CA
:10B35000522F7A65706879722F647269766572739C
:10B360002F73656E736F722F6E6F726469632F74C3
:10B37000656D702F74656D705F6E7266352E63003B
:10B3800074656D7040343030306330303000746537
:10B390006D705F6E72663500574553545F544F5061
:10B3A0004449522F7A65706879722F6472697665A4
:10B3B00072732F73656E736F722F766F6C74616723
:10B3C000655F646976696465722F766F6C74616716
:10B3D000652E630025733A207261775F746F5F6D2D
:10B3E000763A2025640025733A206164635F7365B3
:10B3F000747570206661696C65643A202564002567
:10B40000733A206164635F726561643A2025640069
:10B4100025733A20414443206973206E6F74207273
:10B42000656164790025733A20506F776572204713
:10B4300050494F206973206E6F7420726561647982
:10B440000025733A2073657475703A2025640025D1
:10B45000733A2073657175656E636520696E6974F2
:10B460003A2025640025733A206661696C65642082
:10B47000746F20636F6E6669677572652047504907
:10B480004F20666F7220504D206F6E0025733A205A
:10B490006661696C656420746F2073657420475021
:10B4A000494F20666F7220504D20726573756D652F
:10B4B0000025733A206661696C656420746F20739F
:10B4C0006574204750494F20666F7220504D20739D
:10B4D000757370656E6400766F6C746167655F6923
:10B4E0006E697400706D5F616374696F6E0066658C
:10B4F0007463680067657400626174746572792DA5
:10B500006469766964657200766F6C746167650062
:10B5100025733A204661696C656420746F20616C04
:10B520006C6F6361746520505049204368616E6E92
:10B53000656C00656E6474785F73746F7074785FA7
:10B540007070695F696E697400756172744034303F
:10B5500030303230303000756172745F6E726678F0
:10B560005F75617274650025733A204661696C6588
:10B570006420746F20616C6C6F6361746520475048
:10B58000494F5445206368616E6E656C20666F722A
:10B590002057414B450025733A204661696C65642C
:10B5A00020746F20636F6E666967757265205741FE
:10B5B0004B452070696E0025733A20435320475055
:10B5C000494F20706F72742025732070696E20259A
:10B5D00064206973206E6F74207265616479002540
:10B5E000733A20557064617465206578636565649D
:10B5F000732063757272656E74206275666665721B
:10B600000025733A2048616C662D6475706C65780E
:10B61000206E6F7420737570706F7274656400258E
:10B62000733A20536C617665206D6F646520697391
:10B63000206E6F7420737570706F72746564206F04
:10B640006E2025730025733A204C6F6F7062616322
:10B650006B206D6F6465206973206E6F7420737545
:10B6600070706F727465640025733A20576F72644E
:10B670002073697A6573206F7468657220746861DD
:10B680006E2038206269747320617265206E6F7459
:10B6900020737570706F727465640025733A20466C
:10B6A00072657175656E63696573206C6F7765721D
:10B6B000207468616E20313235206B487A206172C7
:10B6C00065206E6F7420737570706F72746564009E
:10B6D00025733A204661696C656420746F20696E39
:10B6E000697469616C697A65206E7266782064722B
:10B6F000697665723A202530387800576169746937
:10B700006E6720666F722057414B452061636B6EF8
:10B710006F776C6564676D656E742074696D6564C0
:10B72000206F75740025733A2054696D656F7574C8
:10B730002077616974696E6720666F722074726128
:10B740006E7366657220636F6D706C6574650073EF
:10B7500070695F636F6E746578745F63735F636F46
:10B760006E6669677572655F616C6C007370695FA6
:10B770006E7266785F696E6974007370695F636F7B
:10B780006E746578745F776169745F666F725F630A
:10B790006F6D706C6574696F6E007370695F636F55
:10B7A0006E746578745F7570646174655F7278003B
:10B7B0007370695F636F6E746578745F75706461D0
:10B7C00074655F747800636F6E6669677572650093
:10B7D00073706940343030326630303000737069D5
:10B7E0005F6E7266785F7370696D0025733A2052E0
:10B7F0006573657474696E672073797374656D0021
:10B800006B5F7379735F666174616C5F6572726F91
:10B81000725F68616E646C657200666174616C5F12
:10B820006572726F7200574553545F544F504449CC
:10B83000522F6E72662F7375627379732F65736200
:10B840002F6573622E6300574553545F544F504425
:10B8500049522F6D6F64756C65732F68616C2F6E24
:10B860006F726469632F6E7266782F68616C2F6ED9
:10B8700072665F726164696F2E680025733A2046B4
:10B8800061696C656420746F20696E697469616CAC
:10B89000697A65206E7266782074696D65722028F9
:10B8A000657272202564290025733A204661696C0F
:10B8B000656420746F20696E697469616C697A656A
:10B8C000204553422073797374656D2074696D65EA
:10B8D000720025733A204661696C656420746F209C
:10B8E000696E697469616C697A6520505049000617
:10B8F0000500010100000000007379735F74696D39
:10B9000065725F696E6974006573625F696E697400
:10B91000006573620025733A20677070695F677213
:10B920006F75705F616C6C6F63206661696C6564D4
:10B9300020776974683A2025640A0025733A2067E5
:10B940007070695F6368616E6E656C5F616C6C6F6F
:10B9500063206661696C656420776974683A2025A4
:10B96000640A00574553545F544F504449522F6E58
:10B9700072662F7375627379732F6573622F6573A7
:10B98000625F7070692E63006573625F7070695FDB
:10B99000696E6974000000000000010100000000F1
:10B9A00000574553545F544F504449522F6D6F64B4
:10B9B000756C65732F68616C2F6E6F726469632F8D
:10B9C0006E7266782F68656C706572732F6E726622
:10B9D000785F72616D5F6374726C2E63000010019A
:10B9E0001102120313041405150616071708080898
:10B9F00008080808081818181818181818282828E7
:10BA000028282828283838383838383838484848D6
:10BA1000484848484858585858585858585745530F
:10BA2000545F544F504449522F6D6F64756C657369
:10BA30002F68616C2F6E6F726469632F6E72667807
:10BA40002F647269766572732F7372632F6E7266DC
:10BA5000785F636C6F636B2E6300574553545F547C
:10BA60004F504449522F6D6F64756C65732F686138
:10BA70006C2F6E6F726469632F6E7266782F6861C7
:10BA80006C2F6E72665F636C6F636B2E6800574538
:10BA900053545F544F504449522F6D6F64756C6519
:10BAA000732F68616C2F6E6F726469632F6E72669C
:10BAB000782F68616C2F6E72665F6770696F74654E
:10BAC0002E6800574553545F544F504449522F6DD0
:10BAD0006F64756C65732F68616C2F6E6F7264692B
:10BAE000632F6E7266782F647269766572732F7336
:10BAF00072632F6E7266785F6770696F74652E630C
:10BB000000002030303030303030303030303030A5
:10BB1000300001574553545F544F504449522F6DE4
:10BB20006F64756C65732F68616C2F6E6F726469DA
:10BB3000632F6E7266782F647269766572732F73E5
:10BB400072632F6E7266785F6E766D632E63005738
:10BB50004553545F544F504449522F6D6F64756C78
:10BB600065732F68616C2F6E6F726469632F6E72DC
:10BB700066782F647269766572732F7372632F6EA5
:10BB80007266785F706F7765722E63000000010047
:10BB90000000574553545F544F504449522F6D6F26
:10BBA00064756C65732F68616C2F6E6F7264696366
:10BBB0002F6E7266782F68616C2F6E72665F707779
:10BBC0006D2E6800574553545F544F504449522FCF
:10BBD0006D6F64756C65732F68616C2F6E6F726426
:10BBE00069632F6E7266782F647269766572732F3F
:10BBF0007372632F6E7266785F70776D2E63005775
:10BC00004553545F544F504449522F6D6F64756CC7
:10BC100065732F68616C2F6E6F726469632F6E722B
:10BC200066782F647269766572732F7372632F6EF4
:10BC30007266785F717370692E6300574553545F65
:10BC4000544F504449522F6D6F64756C65732F6863
:10BC5000616C2F6E6F726469632F6E7266782F64E9
:10BC60007269766572732F7372632F6E7266785F76
:10BC700073616164632E6300574553545F544F50A2
:10BC80004449522F6D6F64756C65732F68616C2F1A
:10BC90006E6F726469632F6E7266782F68616C2FA5
:10BCA0006E72665F73616164632E6800574553541A
:10BCB0005F544F504449522F6D6F64756C65732FFC
:10BCC00068616C2F6E6F726469632F6E7266782F75
:10BCD000647269766572732F7372632F6E72667801
:10BCE0005F7370696D2E630001000000000057450E
:10BCF00053545F544F504449522F6D6F64756C65B7
:10BD0000732F68616C2F6E6F726469632F6E726639
:10BD1000782F647269766572732F7372632F6E72F7
:10BD200066785F74696D65722E6300574553545F82
:10BD3000544F504449522F6D6F64756C65732F6872
:10BD4000616C2F6E6F726469632F6E7266782F64F8
:10BD50007269766572732F7372632F6E7266785F85
:10BD60007477696D2E630001000000000054657255
:10BD70006D696E616C000000000000005454522098
:10BD800052454747455300574553545F544F50441D
:10BD900049522F7A65706879722F6B65726E656C87
:10BDA0002F6465766963652E6300556E6B6E6F77E1
:10BDB0006E206572726F7200756E6B6E6F776E00BB
:10BDC00025733A203E3E3E205A455048595220465F
:10BDD0004154414C204552524F522025643A20256F
:10BDE00073206F6E204350552025640025733A2040
:10BDF0004661756C7420647572696E6720696E7433
:10BE00006572727570742068616E646C696E670A21
:10BE10000025733A2043757272656E7420746872DF
:10BE20006561643A20257020282573290057455301
:10BE3000545F544F504449522F7A65706879722F7D
:10BE40006B65726E656C2F666174616C2E63004366
:10BE5000505520657863657074696F6E00556E6823
:10BE6000616E646C656420696E746572727570745D
:10BE700000537461636B206F766572666C6F770038
:10BE80004B65726E656C206F6F7073004B65726EE0
:10BE9000656C2070616E6963007A5F666174616CC5
:10BEA0005F6572726F7200574553545F544F504430
:10BEB00049522F7A65706879722F6B65726E656C66
:10BEC0002F696E69742E630069646C65006F73007E
:10BED000574553545F544F504449522F7A65706808
:10BEE00079722F6B65726E656C2F6D656D5F736C0B
:10BEF00061622E6300574553545F544F504449527A
:10BF00002F7A65706879722F6B65726E656C2F6918
:10BF10006E636C7564652F6B73636865642E68006F
:10BF2000574553545F544F504449522F7A657068B7
:10BF300079722F6B65726E656C2F69646C652E6308
:10BF400000574553545F544F504449522F7A6570FF
:10BF50006879722F6B65726E656C2F6D757465787C
:10BF60002E6300574553545F544F504449522F7A23
:10BF700065706879722F6B65726E656C2F73656D75
:10BF80002E6300574553545F544F504449522F7A03
:10BF900065706879722F6B65726E656C2F776F7242
:10BFA0006B2E6300574553545F544F504449522FF2
:10BFB0007A65706879722F6B65726E656C2F746824
:10BFC000726561642E6300574553545F544F50446B
:10BFD00049522F7A65706879722F6B65726E656C45
:10BFE0002F73636865642E6300574553545F544F45
:10BFF000504449522F7A65706879722F6B65726E62
:10C00000656C2F696E636C7564652F6B74687265FF
:10C0100061642E6800574553545F544F5044495251
:10C020002F7A65706879722F6B65726E656C2F74EC
:10C03000696D65736C6963696E672E63005745535C
:10C04000545F544F504449522F7A65706879722F6B
:10C050006B65726E656C2F74696D656F75742E6398
:10C0600000574553545F544F504449522F7A6570DE
:10C070006879722F6B65726E656C2F6D656D706F70
:10C080006F6C2E6300574553545F544F50444952D0
:10C090002F7A65706879722F6B65726E656C2F6B85
:10C0A000686561702E6300737973776F726B7100CE
:10C0B0000020202020202020202028282828282078
:10C0C0002020202020202020202020202020202070
:10C0D00020881010101010101010101010101010D8
:10C0E00010040404040404040404041010101010C8
:10C0F0001010414141414141010101010101010192
:10C1000001010101010101010101010110101010E3
:10C110001010424242424242020202020202020263
:10C1200002020202020202020202020210101010B7
:10C1300020000000000000000000000000000000DF
:10C1400000000000000000000000000000000000EF
:10C1500000000000000000000000000000000000DF
:10C1600000000000000000000000000000000000CF
:10C1700000000000000000000000000000000000BF
:10C1800000000000000000000000000000000000AF
:10C19000000000000000000000000000000000009F
:10C1A000000000000000000000000000000000008F
:04C1B000000000008B
:10C1FC0004050020FF0E0000050F0000070F0000D3
:10C20C002D0F00000B0F00003B0F0000110F000062
:10C21C00470F0000170F00004D0F0000230F000008
:10C22C00270F0000190F00001F0F0000370F000030
:10C23C00410F000000000000FFFFFFFFFFFFFF7F2A
:10C24C0018FCFFFFFFFFFFFF18FCFFFFFFFFFFFFC6
:10C25C00FFFFFFFFFFFFFFFF18FCFFFFFFFFFFFFCC
:10C26C0000000000000000000000000000000000C2
:10C27C0000000000000000000000000000000000B2
:10C28C0000000000000000000000000000000000A2
:10C29C000000000000000000000000000000000092
:10C2AC000000000000000000000000000000000082
:10C2BC000000000000000000000000000000000072
:10C2CC000000000000000000000000000000000062
:10C2DC000000000000000000000000000000000052
:10C2EC000000000000000000000000007C0900209D
:10C2FC006809002000C201000000080000000000D6
:10C30C000000000000000000000000000000000021
:10C31C00000000002406002024060020000000007D
:10C32C00010000003406002034060020000000004C
:10C33C0001000000000000000000000000000000F0
:10C34C0000000000000000000000000000000000E1
:10C35C0000000000000000000000000000000000D1
:10C36C0000000000000000000000000000000000C1
:10C37C0000000000000000000000000000000000B1
:10C38C0000000000000000000000000000000000A1
:10C39C000000000000000000000000000000000091
:10C3AC000000000000000000000000000000000081
:10C3BC00073E03001A3E0300273E0300353E0300F0
:10C3CC00453E03005B3E03006F3E0300863E0300C8
:10C3DC00963E0300A93E0300B83E0300C93E03008D
:10C3EC00E73E0300FB3E03000F3F0300233F030027
:10C3FC00373F0300483F0300583F0300683F0300EA
:10C40C00773F0300853F0300943F0300AD3F0300DB
:10C41C00BF3F0300D43F0300E93F03000240030089
:10C42C00174003007CF3032000F0032000007A3D4A
:10C43C000000003AA69B443A0000803FA69B443A79
:10C44C000000803F0000803F0000803F295C8F3D52
:10C45C000000003AD436002002000000E436002030
:10C46C0001000000060000000C2A0300302A030023
:10C47C00FFFFFFFFFFFFFFFF3C260300F304353FE8
:10C48C000000000000000000F304353F0000803F76
:10C49C000000000000000000000000000000803FD1
:10C4AC00000000000000000000000000E41B03007E
:10C4BC000048E80106010000101A03001F000100EB
:10C4CC00000000000C2A03000C2A03002C29030096
:10C4DC000C2A03000C2A03000C2A03000C2803006E
:10C4EC003028030054280300782803009C280300FC
:10C4FC000C2A03000C2A0300C0280300E4280300C4
:10C50C000C2A03000C2A03000C2A03000C2A03003B
:10C51C0008290300648803006D880300C9800300A8
:10C52C00768803007E88030085880300FD7D030068
:10C53C0025810300AC7E0300FC7E03004D7F0300CD
:10C54C008D880300958803009D880300F77F030006
:10C55C00AD880300B8880300C2880300D7880300A5
:10C56C0061800300302A0300A4260300302A030054
:10C57C00302A0300302A0300302A0300302A03003B
:10C58C00D42603001027030010270300302A0300D1
:10C59C007027030070270300A0270300A0270300C7
:10C5AC00302A0300DC27030040270300E188030046
:10C5BC0055570300E8880300EF8803000189030046
:10C5CC000A890300138903001D89030035890300C0
:10C5DC003F8903004B8903006089030068890300CD
:10C5EC008E890300967B0300A18903006C7C0300F9
:10C5FC00A98903003C2603003C2603003C260300CB
:10C60C0070260300B9820300B9820300B9820300CB
:10C61C00BD890300541B0300000000000000000053
:10C62C0000000000000000000000000000000000FE
:10C63C000000000000000000FFFFFFFFFFFFFFFFF6
:10C64C00FFFFFFFFFFFFFFFF11F20200F9FB0200EB
:10C65C00942B03000000000080A9002000000000C3
:10C66C0000000000000000000004000080AD00206D
:10C67C0000000000000000000000000000040000AA
:10C68C00E1B801008000000019B5010000000000B5
:10C69C0019B5010080000000A80D00203A00000030
:10C6AC00BC0D00203A000000800D00203A00000074
:10C6BC00D00D00203A000000DD010300FDD2010086
:10C6CC00800000000000000000000000FD0A0200D5
:10C6DC0000000000E4090020E40900200100000033
:10C6EC0001000000F4090020F40900200000000003
:10C6FC00010000000000000000000000000000002D
:10C70C00000000007906030000000000000000009B
:10C71C00000000007906030000000000800100000A
:10C72C0000000000370703000000000000000000BC
:10C73C0000000000A507030000000000000000003E
:10C74C000000000021240200000000000000000096
:10C75C0000000000590C0300000000007C0A0020BF
:10C76C0000000000000000000000000000000000BD
:10C77C00000000000160002020000000000000000C
:10C78C00000000000000000000000000F10D03009C
:10C79C00000000000000000000000000102F03004B
:10C7AC0001000000B40A0020B40A002000000000C0
:10C7BC0001000000C40A0020C40A00200000000090
:10C7CC00010000000000000000000000000000005C
:10C7DC00000000000000000000000000000000004D
:10C7EC000000000000000000E41B0300000000003B
:10C7FC0000000000296000202160002001000000E2
:10C80C00000000000000000000000000000000001C
:10C81C00000000000000000000A00040000000002C
:10C82C00000000000C00000000000000E7E7E7E754
:10C83C00C2C2C2C2E7C2C3C4C5C6C7C80805FF028C
:10C84C000000000000A0004000040000FF000000F9
:10C85C003F000000FFFF0700900200006C0B00205F
:10C86C006C0B00200000000009C30200B80B002074
:10C87C00B00B0020A80B002000000000A00B002033
:10C88C0029C4020075C30200A9C30200F1C302004F
:10C89C00D05700203A00003AD45700203A00003A12
:10C8AC00D85700203A00003ADC5700203A00003AF2
:10C8BC00C80B00208C0B0020840B0020800B002068
:10C8CC007C0B0020D80B00200000000000000000B2
:10C8DC00000000000000000000000000000000004C
:10C8EC00000000000000000000000000000000003C
:10C8FC00000000000000000000000000000000002C
:10C90C00000000000000000000000000000000001B
:10C91C00000000000000000000000000000000000B
:10C92C000000000000000000FFFFFFFFFFFFFFFF03
:10C93C00FFFFFFFFFFFFFFFFFFFFFFFFFFFFFFFFFB
:10C94C00FFFFFFFFFFFFFFFFFFFFFFFFFFFFFFFFEB
:10C95C00FFFFFFFFFFFFFFFFFFFFFFFFFFFF008059
:10C96C0001080000000000000000000000000000B2
:10C97C0000000000000000000000000000000000AB
:10C98C000000000000001500000000000000000086
:10C99C00000000000000000000000000000000008B
:10C9AC000000000000000000000000FFFF03FFFF7C
:10C9BC00FFFF0C040C04FFFFFFFF0403FFFFFFFF4E
:10C9CC00FFFFFF01FFFFFFFFFF010101010101015B
:02C9DC0001FF59
:10C9DE000000000000000000000000000000000049
:10C9EE000000000000000000000000000000000039
:06C9FE0000000000000033
:10CA04000000000000000000000000000000000022
:10CA14000000000000000000000000000000000012
:10CA24000000000000000000000000000000000002
:0CCA3400000000000000000000000000F6
:04CA400000000000F2
:10CA4400480D0020480D00200000000000A7002031
:10CA5400000000002000000014000000000000009E
:10CA640000000000009F00200008000000000000FB
:08CA74000000000000000000BA
:10CA7C00800D0020800D0020000000000000000050
:10CA8C000E000000940D0020940D0020000000000A
:10CA9C00000000000E000000A80D0020A80D0020D2
:10CAAC0000000000000000000E000000BC0D002083
:10CABC00BC0D002000000000000000000E00000073
:10CACC00D00D0020D00D0020000000000000000060
:10CADC000E000000E40D0020E40D0020000000001A
:08CAEC00000000000E00000034
:10CAF400F80D0020F80D00200100000001000000E6
:10CB0400080E0020080E00200000000001000000B4
:10CB1400000000000000000000000000240E0020BF
:10CB2400240E0020000000000000000000000000AF
:10CB3400380E0020380E0020000000000000000025
:0CCB4400000000004C0E00204C0E0020F1
:10CB500012010002EF020140091292760104010263
:10CB6000030109020000000100E032080B0002028C
:10CB70000200000904000001020200000524001068
:10CB80000105240102010424020205240600010714
:10CB900005800310000A09040100020A00000007D2
:10CBA0000580024000000705000240000009040063
:10CBB000000103010000092111010001220000070A
:10CBC000058003400000040309042A034E6F7264C9
:10CBD00069632053656D69636F6E647563746F720A
:10CBE0000000000000000000000000000000000045
:10CBF000000000003A03536C696D654E52462054A4
:10CC00007261636B6572206E524635323834302063
:10CC1000444B000000000000000000000000000085
:10CC200000000000000000000000000000002203DF
:10CC30003031323334353637383941424344454652
:10CC400000000000000000000000000000000000E4
:02CC50000000E2
:10CC540000000000770E00202BFF02001DBB010026
:10CC64007DB8010000000000000000000300000087
:10CC74009009002000000000B10E00200D02030006
:10CC840035D501006DD301000000000011D2010070
:08CC940001000000CC090020A2
:04CC9C0015E015E0AA
:040000031000C8E140
:00000001FF
