:10000000009D00202DCB0100AD03030019CB0100A2
:1000100019CB010019CB010019CB01000000000031
:10002000000000000000000000000000C9CC01003A
:1000300019CB01000000000035CC010019CB0100F4
:1000400085CF0100D53C020085CF010085CF01009E
:1000500085CF010085CF010085CF010085CF01004C
:1000600085CF010085CF01007187020085CF010097
:1000700085CF010085CF010085CF010085CF01002C
:1000800085CF010085CF010085CF010085CF01001C
:10009000393D020085CF010085CF010085CF0100E9
:1000A00085CF010085CF010085CF010085CF0100FC
:1000B00085CF010085CF010085CF010085CF0100EC
:1000C00085CF010085CF010085CF010085CF0100DC
:1000D00085CF010085CF010085CF010085CF0100CC
:1000E00085CF010085CF010085CF010085CF0100BC
:1000F00085CF010085CF010085CF010085CF0100AC
:10010000014B1B685B68184700050020014B1B680A
:100110009B68184700050020014B1B681B691847A6
:1001200000050020014B1B685B6918470005002093
:10013000014B1B689B69184700050020014B1B6899
:10014000DB69184700050020014B1B681B6A184734
:1001500000050020014B1B689B6A18470005002022
:1001600030B4044C9DF8085024680295E468A44615
:1001700030BC60470005002030B50246114890F9B8
:100180001C3093421ADD90F92430934218DAD31AC6
:10019000856A0D4CE85C235693420ED00E3400293C
:1001A0000CBF0346431CA542D8B206D129B1013A7F
:1001B000D2B2012A01D80130C0B230BD0D20FCE717
:1001C0000020FAE7A00F0020AC26030008B5054B7D
:1001D00093F91C30984203DAFFF7CEFF024B1B560F
:1001E000184608BDA00F0020AC26030010B51C4C1B
:1001F00094F82C3073B9012384F82C3000F09EF869
:1002000048B1184BA362D823236284F82430082312
:10021000A361237710BD00F0A7F80028F1D100F00A
:10022000ADF80028EDD100F06BF838B10E4BA362A9
:10023000D823236284F824300423E9E700F06AF825
:100240000028F3D100F070F80028EFD100F080F81A
:100250000028EBD140F2BF11742000F019F800BF64
:10026000A00F0020E7260300BA260300BFF34F8F3C
:100270000549064BCA6802F4E0621343CB60BFF342
:100280004F8F00BFFDE700BF00ED00E00400FA055E
:100290001FB572B6134B5D688DB9FFF7E7FFB2FB70
:1002A000F6F2DCB20133002AF9D104F110036B44F9
:1002B00003F80C2C0A2234B901A8A847EDE702463E
:1002C00000230A26EDE7631E04AEDCB256FA83F380
:1002D000B0FBF2F602FB1600303003F80C0C30468F
:1002E000E9E700BF401400204FF08052034BD2F8E2
:1002F00030111960D2F834215A6070477C14002004
:10030000034B1868A0F10F0358425841704700BFD3
:100310007C140020034B1868A0F10A03584258418E
:10032000704700BF7C140020034B1868A0F10E0337
:1003300058425841704700BF7C140020034B186896
:10034000A0F1100358425841704700BF7C140020B0
:10035000044B1868062803D0431C58425841704784
:10036000012070477C140020034B1868A0F10D0396
:1003700058425841704700BF7C140020034B186856
:10038000A0F1080358425841704700BF7C14002078
:1003900081F0004102E000BF83F0004330B54FEA36
:1003A00041044FEA430594EA050F08BF90EA020FA3
:1003B0001FBF54EA000C55EA020C7FEA645C7FEA36
:1003C000655C00F0E2804FEA5454D4EB5555B8BF59
:1003D0006D420CDD2C4480EA020281EA030382EACA
:1003E000000083EA010180EA020281EA0303362D5C
:1003F00088BF30BD11F0004F4FEA01314FF4801C2F
:100400004CEA113102D0404261EB410113F0004F40
:100410004FEA03334CEA133302D0524263EB4303F7
:1004200094EA050F00F0A780A4F10104D5F1200E95
:100430000DDB02FA0EFC22FA05F2801841F10001F0
:1004400003FA0EF2801843FA05F359410EE0A5F1C4
:1004500020050EF1200E012A03FA0EFC28BF4CF0F5
:10046000020C43FA05F3C01851EBE37101F00045AB
:1004700007D54FF0000EDCF1000C7EEB00006EEBB8
:100480000101B1F5801F1BD3B1F5001F0CD3490842
:100490005FEA30004FEA3C0C04F101044FEA445299
:1004A00012F5800F80F09A80BCF1004F08BF5FEA20
:1004B000500C50F1000041EB045141EA050130BD00
:1004C0005FEA4C0C404141EB0101013C28BFB1F512
:1004D000801FE9D291F0000F04BF01460020B1FA5D
:1004E00081F308BF2033A3F10B03B3F120020CDA30
:1004F0000C3208DD02F1140CC2F10C0201FA0CF00E
:1005000021FA02F10CE002F11402D8BFC2F1200C72
:1005100001FA02F120FA0CFCDCBF41EA0C01904028
:10052000E41AA2BF01EB0451294330BD6FEA040471
:100530001F3C1CDA0C340EDC04F11404C4F120025C
:1005400020FA04F001FA02F340EA030021FA04F36E
:1005500045EA030130BDC4F10C04C4F1200220FAC5
:1005600002F001FA04F340EA0300294630BD21FA03
:1005700004F0294630BD94F0000F83F4801306BFC9
:1005800081F480110134013D4EE77FEA645C18BFBD
:100590007FEA655C29D094EA050F08BF90EA020F54
:1005A00005D054EA000C04BF1946104630BD91EA4C
:1005B000030F1EBF0021002030BD5FEA545C05D14F
:1005C0004000494128BF41F0004130BD14F580048E
:1005D0003CBF01F5801130BD01F0004545F0FE4102
:1005E00041F470014FF0000030BD7FEA645C1ABF37
:1005F000194610467FEA655C1CBF0B46024650EA6E
:10060000013406BF52EA033591EA030F41F4002199
:1006100030BD00BF90F0000F04BF0021704730B51F
:100620004FF4806404F132044FF000054FF00001F4
:1006300050E700BF90F0000F04BF0021704730B5B5
:100640004FF4806404F1320410F0004548BF40428A
:100650004FF000013EE700BF42004FEAE2014FEADF
:1006600031014FEA02701FBF12F07F4393F07F4FBA
:1006700081F06051704732F07F4208BF704793F0BD
:100680007F4F04BF41F40021704730B54FF46074D0
:1006900001F0004521F000411CE700BF50EA0102D3
:1006A00008BF704730B54FF000050AE050EA01027C
:1006B00008BF704730B511F0004502D5404261EBEC
:1006C00041014FF4806404F132045FEA915C3FF42D
:1006D000D8AE4FF003025FEADC0C18BF03325FEACA
:1006E000DC0C18BF033202EBDC02C2F1200300FA7B
:1006F00003FC20FA02F001FA03FE40EA0E0021FAA0
:1007000002F11444BDE600BF70B54FF0FF0C4CF48D
:10071000E06C1CEA11541DBF1CEA135594EA0C0F3F
:1007200095EA0C0F00F0DEF82C4481EA030621EA7A
:100730004C5123EA4C5350EA013518BF52EA0335B5
:1007400041F4801143F4801338D0A0FB02CE4FF067
:100750000005E1FB02E506F00042E0FB03E54FF097
:100760000006E1FB03569CF0000F18BF4EF0010E8F
:10077000A4F1FF04B6F5007F64F5407404D25FEA8B
:100780004E0E6D4146EB060642EAC62141EA55513E
:100790004FEAC52040EA5E504FEACE2EB4F1FD0C80
:1007A00088BFBCF5E06F1ED8BEF1004F08BF5FEAFE
:1007B000500E50F1000041EB045170BD06F00046B0
:1007C00046EA010140EA020081EA0301B4EB5C045D
:1007D000C2BFD4EB0C0541EA045170BD41F4801155
:1007E0004FF0000E013C00F3AB8014F1360FDEBF7A
:1007F000002001F0004170BDC4F10004203C35DA56
:100800000C341BDC04F11404C4F1200500FA05F3D8
:1008100020FA04F001FA05F240EA020001F0004279
:1008200021F0004110EBD37021FA04F642EB0601EF
:100830005EEA430E08BF20EAD37070BDC4F10C0419
:10084000C4F1200500FA04F320FA05F001FA04F2DD
:1008500040EA020001F0004110EBD37041F10001C9
:100860005EEA430E08BF20EAD37070BDC4F12005D4
:1008700000FA05F24EEA020E20FA04F301FA05F23C
:1008800043EA020321FA04F001F0004121FA04F2E4
:1008900020EA020000EBD3705EEA430E08BF20EAB4
:1008A000D37070BD94F0000F0FD101F000464000EE
:1008B00041EB010111F4801F08BF013CF7D041EA70
:1008C000060195F0000F18BF704703F00046520074
:1008D00043EB030313F4801F08BF013DF7D043EA45
:1008E0000603704794EA0C0F0CEA135518BF95EAFB
:1008F0000C0F0CD050EA410618BF52EA4306D1D182
:1009000081EA030101F000414FF0000070BD50EAA0
:10091000410606BF1046194652EA430619D094EA2A
:100920000C0F02D150EA013613D195EA0C0F05D114
:1009300052EA03361CBF104619460AD181EA030168
:1009400001F0004141F0FE4141F470014FF0000020
:1009500070BD41F0FE4141F4780170BD70B54FF0BB
:10096000FF0C4CF4E06C1CEA11541DBF1CEA13553B
:1009700094EA0C0F95EA0C0F00F0A7F8A4EB05041D
:1009800081EA030E52EA03354FEA013100F0888014
:100990004FEA03334FF0805545EA131343EA1263DD
:1009A0004FEA022245EA111545EA10654FEA002692
:1009B0000EF000419D4208BF964244F1FD0404F54B
:1009C000407402D25B084FEA3202B61A65EB0305A7
:1009D0005B084FEA32024FF480104FF4002CB6EB64
:1009E000020E75EB030E22BFB61A754640EA0C00E4
:1009F0005B084FEA3202B6EB020E75EB030E22BF24
:100A0000B61A754640EA5C005B084FEA3202B6EB64
:100A1000020E75EB030E22BFB61A754640EA9C0023
:100A20005B084FEA3202B6EB020E75EB030E22BFF3
:100A3000B61A754640EADC0055EA060E18D04FEAB1
:100A4000051545EA16754FEA06164FEAC30343EA51
:100A500052734FEAC2025FEA1C1CC0D111F4801F1E
:100A60000BD141EA00014FF000004FF0004CB6E717
:100A700011F4801F04BF01430020B4F1FD0C88BFB6
:100A8000BCF5E06F3FF6AFAEB5EB030C04BFB6EBC1
:100A9000020C5FEA500C50F1000041EB045170BDB4
:100AA0000EF0004E4EEA113114EB5C04C2BFD4EBE1
:100AB0000C0541EA045170BD41F480114FF0000E65
:100AC000013C90E645EA060E8DE60CEA135594EAE1
:100AD0000C0F08BF95EA0C0F3FF43BAF94EA0C0FE4
:100AE0000AD150EA01347FF434AF95EA0C0F7FF459
:100AF00025AF104619462CE795EA0C0F06D152EAAD
:100B000003353FF4FDAE1046194622E750EA410690
:100B100018BF52EA43067FF4C5AE50EA41047FF4A1
:100B20000DAF52EA43057FF4EBAE12E74FF0FF3C06
:100B300006E000BF4FF0010C02E000BF4FF0010CD7
:100B40004DF804CD4FEA410C7FEA6C5C4FEA430C50
:100B500018BF7FEA6C5C1BD001B050EA410C0CBF9F
:100B600052EA430C91EA030F02BF90EA020F002001
:100B7000704710F1000F91EA030F58BF994208BF68
:100B800090422CBFD8176FEAE37040F00100704725
:100B90004FEA410C7FEA6C5C02D150EA013C07D17C
:100BA0004FEA430C7FEA6C5CD6D152EA033CD3D0C7
:100BB0005DF8040B704700BF8446104662468C46C1
:100BC0001946634600E000BF01B5FFF7B7FF0028F4
:100BD00048BF10F1000F01BD4DF808EDFFF7F4FF1D
:100BE0000CBF012000205DF808FB00BF4DF808EDA8
:100BF000FFF7EAFF34BF012000205DF808FB00BFCB
:100C00004DF808EDFFF7E0FF94BF012000205DF8EC
:100C100008FB00BF4DF808EDFFF7CEFF94BF0120A1
:100C200000205DF808FB00BF4DF808EDFFF7C4FF9A
:100C300034BF012000205DF808FB00BF4FEA410CE3
:100C40007FEA6C5C02D150EA013C0AD14FEA430CC6
:100C50007FEA6C5C02D152EA033C02D14FF0000003
:100C600070474FF0010070474FEA410212F5001241
:100C700015D211D56FF47873B3EB625212D94FEAE3
:100C8000C12343F0004343EA505311F0004F23FACD
:100C900002F018BF404270474FF00000704750EA22
:100CA000013005D111F0004008BF6FF000407047DF
:100CB0004FF00000704700BF4FEA4102B2F1E0433D
:100CC00024BFB3F5001CDCF1FE5C0DD901F0004C33
:100CD0004FEAC0024CEA5070B2F1004F40EB830083
:100CE00008BF20F00100704711F0804F21D113F1AF
:100CF0003872BCBF01F00040704741F480114FEAE8
:100D00005252C2F11802C2F1200C10FA0CF320FA70
:100D100002F018BF40F001004FEAC1234FEAD3238D
:100D200003FA0CFC40EA0C0023FA02F34FEA4303F7
:100D3000CCE77FEA625307D150EA01331EBF4FF080
:100D4000FE4040F44000704701F0004040F0FE409B
:100D500040F40000704700BF7BB972B90029BEBFE4
:100D600000204FF0004106E008BF00281CBF6FF0D4
:100D700000414FF0FF3000F077B8ADF1080C6DE99D
:100D800004CE002909DB002B1ADB00F006F9DDF8A0
:100D900004E0DDE9022304B07047404261EB410109
:100DA000002B1BDB00F0F9F8DDF804E0DDE902239D
:100DB00004B0404261EB4101524263EB4303704790
:100DC000524263EB430300F0E8F8DDF804E0DDE9AC
:100DD000022304B0404261EB41017047524263EB91
:100DE000430300F0DAF8DDF804E0DDE9022304B0A3
:100DF000524263EB4303704753B94AB9002908BF15
:100E000000281CBF4FF0FF314FF0FF3000F02CB82E
:100E1000ADF1080C6DE904CE00F0BFF8DDF804E098
:100E2000DDE9022304B07047D0B5FFF715FC0C4B89
:100E3000002206460F46FFF767FC00F017F804464D
:100E4000FFF7E8FB074B0022FFF75EFC02460B466C
:100E500030463946FFF7A0FA00F008F82146D0BD29
:100E60000000F03D0000F041704700BF4A0011D281
:100E700012F5001211D20DD56FF47873B3EB6252F4
:100E80000ED44FEAC12343F0004343EA505323FA00
:100E900002F070474FF00000704750EA013002D175
:100EA0004FF0FF3070474FF00000704710F8012BF3
:100EB00011F8013B012A28BF9A42F7D0D01A704797
:100EC000034613F8012B002AFBD1181A013870478A
:100ED00008B5FFF709FABDE80840FFF787B970B514
:100EE000841A04F307040E4660B259B21546FFF7A0
:100EF0006DF9002330702844737040B270BD002338
:100F0000036070477047002070474FF0FF30704714
:100F10004FF0FF30704770474FF0FF3070470020B0
:100F20007047002070470023037070479DF8003021
:100F30000022FFF7D4BF002070474FF0FF3070470A
:100F40004FF0FF3070474FF0FF3070477047002878
:100F50000CBF6FF01500002070470020704707237A
:100F6000037000207047002070470020704707EE94
:100F7000900AF5EEC07AF1EE10FA08B503D4BDE898
:100F80000840FFF751BFF1EE677A17EE900AFFF7BE
:100F90004BFF404261EB410108BD2DE9F047864619
:100FA0008C460846089E154674461946002B40F0AC
:100FB000C2808542B2FA82F245D94AB1C2F1200319
:100FC00000FA02FC2EFA03F3954043EA0C0C94401D
:100FD0004FEA154EA8B2BCFBFEF8230C0EFB18CC52
:100FE00008FB00F943EA0C43994528D9EB1808F1AE
:100FF000FF3704D2994502D9A8F102072B44A3EB8D
:101000000903A4B2B3FBFEFC0EFB1C330CFB00F087
:1010100044EA0344A04214D92C190CF1FF3304D242
:10102000A04202D9ACF102032C44241A43EA07403F
:101030001EB1D440002334607360BDE8F08747469A
:10104000DDE76346F1E792BB431B01214FEA154EF2
:10105000AFB2B3FBFEFC200C0EFB1C330CFB07F8FD
:1010600040EA0343984562D9EB180CF1FF3004D2F3
:10107000984502D9ACF102002B44A3EB0803A4B2BB
:10108000B3FBFEFC0EFB1C330CFB07F744EA0344E6
:10109000A7424ED92C190CF1FF3304D2A74202D932
:1010A000ACF102032C44E41B43EA0040C0E7C2F168
:1010B000200320FA03F1954090402EFA03F30343F6
:1010C0004FEA154EAFB2B1FBFEFC0EFB1C10190C23
:1010D0000CFB07F841EA0041884504FA02F422D9E2
:1010E00069180CF1FF3004D2884502D9ACF1020036
:1010F0002944A1EB08019BB2B1FBFEFC0EFB1C11C5
:101100000CFB07F743EA01439F420ED9EB180CF1A1
:10111000FF3104D29F4202D9ACF102012B44DB1B08
:1011200041EA004192E76046E3E76146F7E760463F
:10113000A3E76346B7E7834206D916B900210846FC
:101140007BE7C6E900E0F9E7B3FA83F78FB983429A
:1011500001D3724508D8BEEB020460EB0303012003
:101160009C461EB9002168E73846FAE7C6E9004CFC
:10117000F8E7C7F1200CBB4022FA0CF41C432EFA0E
:101180000CF120FA0CF3B84001434FEA14490EFA6F
:1011900007F5B3FBF9F81FFA84FE09FB18300B0CB6
:1011A00008FB0EFA43EA00439A4502FA07F240D9D7
:1011B000E31808F1FF3004D29A4502D9A8F10200E1
:1011C0002344A3EB0A0389B2B3FBF9F809FB1833F4
:1011D00008FB0EFE41EA03418E452CD9611808F147
:1011E000FF3304D28E4502D9A8F10203214443EA19
:1011F0000040A0FB0298A1EB0E014145CE464346BC
:1012000002D306D14D4504D2B9EB020E68EB0403BC
:101210000138002EA6D0B5EB0E0261EB030101FAF6
:101220000CFC22FA07F34CEA0303F940C6E900314B
:1012300098E74046C5E74346D9E7000000000000B4
:10124000F0B514461A4AA0FB020302FB0131C00BA1
:1012500085B040EA414014A3D3E90023C90BFFF74E
:10126000CBFD0546194610460023124AFFF7C4FD80
:1012700006461946104600230D4AFFF7BDFD0746F6
:101280001946104600234FF47A72FFF7B5FD009718
:10129000CDE90102334608482A4621462EF0F4F8EB
:1012A00005B0F0BDAFF3008000A493D600000000AD
:1012B00040420F00008793036B49030000000000C9
:1012C0002DE9F04FC7B01AF0C3FD18F0FBFB002862
:1012D00040F0CD80002140F6CD402AF073F96648F9
:1012E000664C674D2EF0D0F866482EF0CDF807F02A
:1012F0005DF8654B18681B798DF84C30634B129084
:1013000018681B798DF85430614B14909A881868CE
:101310009B798DF87E305F4BADF87C209A88ADF8D4
:1013200084205D4A1E90186851689B79209010684F
:101330008DF8863026AB03C3584B594A186851685C
:101340001B79169010688DF85C3028AB03C31289A6
:101350001A80544B18689A889B798DF88E30524BBE
:101360002290CDE90943514BADF88C2018681B79C8
:101370008DF864304E4B189018689B88ADF8743027
:101380004C4B4D4A1C90186851681B791A90106894
:101390008DF86C302BAB03C31189927A19809A7047
:1013A000464B0B93A3F54023454AA3F61973CDE9A9
:1013B0000C34444B10685168CDE90E352EAB03C395
:1013C00090681860404B34AA03F108061868596801
:1013D000144603C40833B3422246F7D13B4A186887
:1013E00020601B7910685168237131AB03C390688A
:1013F0001860374B38AA03F1080618685968144674
:1014000003C40833B3422246F7D118681B7923710D
:10141000304B20609A8818689B798DF896302E4B57
:1014200010952490ADF8942011931AF0F9FC142231
:101430000746002141A830F0F2FA052241A93846BA
:1014400007F05CFB06460028EFD0419806F09EFFAF
:10145000012E02D0429806F099FFDDF8048112A90E
:101460004046FFF723FDC8BB06F0A0FFDDE70120E3
:101470002AF0E4F829E700BFFB4903006D6167002B
:10148000616C6C00364A0300DC4F03001B950300BF
:10149000E14F0300E84F03009B930300028B03001E
:1014A000EF4F0300F94F0300736574000050030011
:1014B00005500300A15003000B5003007A726F0027
:1014C0001650030062617400225003002F50030085
:1014D0003B500300485003006E76730014A9404649
:1014E000FFF7E4FC0546002840F01C82CC48CD4CB8
:1014F0002DF0CAFFCC482DF0C7FFCC482DF0C4FF1B
:1015000015231421CDE901310F23092240F2EA719C
:10151000C74800930E232DF0B7FFC6482DF0B4FF47
:10152000C5482DF0B1FFC5482DF0AEFFC4482DF0E1
:10153000ABFF2368B3F8763303F07F037F2B00F013
:10154000B88111F08FFB0146BE482DF09DFF236846
:1015500093F87A33FF2B08D013F0800FBA4BBB49B6
:10156000BB4818BF19462DF08FFF2368B94893F880
:101570007A23B3F876132DF087FF2368B3F8783316
:1015800003F07F037F2B00F0968111F07BFB014677
:10159000B1482DF079FF236893F87B23FF2A10D000
:1015A00012F0800FB3F87833A74AA849AB4818BFA8
:1015B000114613F0800FAA4BAA4A18BF1A462DF005
:1015C00063FF2368A34893F87B23B3F878132DF0C7
:1015D0005BFFA54B1B68DB889A0640F16E81A34830
:1015E000DFF8C0A22DF050FF0027266806EB870623
:1015F0000137D6F84401FFF72FF88046D6F8680186
:101600008946FFF729F8CDE90401D6F85C01FFF718
:1016100023F8CDE90201D6F85001FFF71DF8424644
:10162000CDE900014B4650462DF02EFF032FDCD1B3
:10163000D4F80080DFF86C92D8F8FC00FFF70CF8C3
:101640000646D8F804010F46FFF706F8CDE9020177
:10165000D8F80001FFF700F83246CDE900013B461B
:1016600083482DF011FF83482DF00EFF236803EB14
:1016700085080135D8F81401FEF7EEFF0646D8F8C4
:1016800038010F46FEF7E8FFCDE90401D8F82C0138
:10169000FEF7E2FFCDE90201D8F82001FEF7DCFFFA
:1016A0003246CDE900013B4648462DF0EDFE032DC4
:1016B000DCD111F0F7FA01466F482DF0E5FE6048E5
:1016C0002DF0E2FE23686D4893F8655093F866109C
:1016D0006B4B002D08BF18462DF0D6FE4FF0805200
:1016E0006848D2F8A830D2F8A4209BB22DF0CCFEE6
:1016F00022686549D2F869306448B2F86720002D45
:1017000018BF084642EA03421B0C2DF0BDFE4C48B0
:101710002DF0BAFE12F01CFB834612F027FB12F0EC
:1017200075FA824612F028FB07460E4612F016FCA8
:101730000546894612F026FBBBF1000F0446884699
:1017400040F3E18030F0F7F8514AC01B61EB06032B
:10175000A0FB020102FB0311C00B40EA41402EA393
:10176000D3E90023C90BFFF747FB194606460023C0
:101770001046484AFFF740FB074650461EB9FBB2E9
:10178000002B00F0B480FEF755FF434B0022FFF71B
:10179000E5F8CDE9006702460B4640482DF074FE9F
:1017A00055EA090300F0B680394BA5FB030103FBA2
:1017B0000911C00B40EA414017A3D3E90023C90B2C
:1017C000FFF71AFB0546194610460023314AFFF77A
:1017D00013FB2946024632482DF056FE54EA080310
:1017E00000F09C802A4BA4FB030103FB0811C00BF3
:1017F00040EA414008A3D3E90023C90BFFF7FCFAF4
:101800000446194610460023224AFFF7F5FA02461D
:101810004AE000BFAFF3008000A493D600000000B0
:101820005D4A030038070020364A0300904A03004F
:10183000A64A0300CA4A0300DE4A0300ED4A030039
:101840006B9D03000A4B0300974903003780030098
:10185000134B0300224B0300374B03004A4B03009A
:101860009B4903006C9D0300340700205B4B030081
:10187000AD4B0300CD4B0300E34B0300A64903002F
:10188000B6490300F04B0300C8490300E3490300D5
:1018900040420F000087930300005940094C0300A9
:1018A000644C0300734B0300C34821462DF0ECFD4C
:1018B000BBE5C24948E6C1496AE6D4F80080D8F8D9
:1018C000F000FEF7C9FE0646D8F8F8000F46FEF70E
:1018D000C3FECDE90201D8F8F400FEF7BDFE3246A2
:1018E000CDE900013B46B6482DF0CEFDA0E6FEF75F
:1018F000A1FEB44B0022FFF731F802460B46B24876
:101900002DF0C2FD4CE73E430CBFB048B0482DF06F
:10191000BBFD45E7AF482DF0B7FD5FE7AE482DF0C2
:10192000B3FD82E51EA94046FFF7C0FAB0B930F01A
:1019300002F8AA4A0D460446FFF782FCA84B1B6832
:10194000D3E90401D3E90223801A61EB03010019F2
:10195000A44A41EB0501FFF773FC66E520A9404668
:10196000FFF7A4FA10B92CF0C2FF5EE526A94046A5
:10197000FFF79CFA002840F00D8112F0E3F90146D0
:1019800099482DF081FD12F0E3F9804612F0EEF94E
:10199000814612F03BF9064612F0EEF9B8F1000F5D
:1019A00004460D4640F3D6803046FEF743FE854B95
:1019B0000022FEF7D3FF064648460F46CDF80880C2
:1019C000FEF738FE7F4B0022FEF7C8FF3246CDE916
:1019D00000013B4685482DF057FD54EA050300F011
:1019E000BD802FF0A8FF001B814A61EB0501FFF7C6
:1019F00027FC12F0C7F98146884612F013FA074611
:101A00000E4612F05DFA05460C4612F0A7FA50EAAF
:101A1000010300F0A780774AFFF712FC59EA080398
:101A200000F0A480744A48464146FFF709FC57EA93
:101A3000060300F09F80714A38463146FFF700FCEC
:101A400055EA040300F09A806D4A28462146FFF7C4
:101A5000F7FB2CF0E5FE05462CF0EFFE0446284689
:101A600012F0D4F88246204612F0D0F880462CF0CE
:101A7000F1FE45EA04031B0407460E4600F182808E
:101A800050EA01037ED04046FEF7D4FD4D4B0022C4
:101A9000FEF764FF804628468946FEF7CBFD494B9A
:101AA0000022FEF75BFFCDE904012046FEF7C2FDF0
:101AB000444B0022FEF752FFCDE902015046FEF7EB
:101AC000B9FD404B0022FEF749FF4246CDE9000137
:101AD0004B464C482DF0D8FC4B4A38463146FFF770
:101AE000AFFB12F0A1FA064612F0C4FA044612F057
:101AF000D9FA44EA00030746180447D42046FEF703
:101B000099FD304B0022FEF729FF06EB86060446BE
:101B1000F0B20D46FEF77EFDCDE902013846FEF734
:101B200089FD284B0022FEF719FF2246CDE900016E
:101B30002B4636482DF0A8FC12F052FAFEF76AFD4B
:101B4000334B0022FEF70AFF02460B4631482DF0C8
:101B50009BFC6AE430482DF097FC3EE72F482DF0BF
:101B600093FC46E71B482DF08FFC57E71A482DF0F1
:101B70008BFC5CE72A482DF087FC61E729482DF0B3
:101B800083FC66E728482DF07FFCAAE727482DF064
:101B90007BFCD1E716A94046FFF788F918B9012068
:101BA00011F0AEFC41E428A94046FFF77FF9002878
:101BB0003ED108F0C9FD38E4A44C03008949030074
:101BC000884B0300000059402F4C0300404C030099
:101BD000324D0300824C0300C64C0300EC4C030062
:101BE00038070020F34C0300FF4C03000B4D0300AB
:101BF000414D0300634D0300764D03008C4D0300FF
:101C0000BC4D0300EC4D03002C4E03005B4E030063
:101C100000003440A04E0300314D03004E4D030040
:101C20009C4D0300CC4D03003F4E03008C4E03003F
:101C300022A94046FFF73AF918B908F099FDFFF7D5
:101C4000F4BB09A94046FFF731F928B9012100206A
:101C500007F078FBFFF7E9BB0AA94046FFF726F932
:101C600000BB022E01D0B14859E6429810212CF059
:101C700033F9AF4ACDE9000105460C463CA81121D5
:101C80002DF00FFC55EA04030AD042993CA8FFF757
:101C90000DF928B92846214606F0BEFAFFF7C5BB64
:101CA000A4483CE618A94046FFF700F918B906F029
:101CB000A5FAFFF7BABB1CA94046FFF7F7F818B919
:101CC00006F006FBFFF7B1BB1AA94046FFF7EEF896
:101CD000002838D12FF02FFE41F248220023FFF7D1
:101CE0003BF810461946EA220023FFF735F8044670
:101CF0001946104600232722FFF72EF816461D46E8
:101D0000C7B22946304603220023FFF725F88A4B45
:101D1000D2B2304613F8028029460D220023FFF785
:101D20001BF8864B864AC0B2E4B253F820300093C9
:101D3000844B52F8242053F82730834841462DF035
:101D4000A3FBFFF772BB2BA94046FFF7AFF890BB90
:101D5000022E88D1429C0BA92046FFF7A7F8014626
:101D600020B9012207F0ACF9FFF75FBB0CA92046B0
:101D7000FFF79CF820B9012107F040FAFFF755BBA7
:101D80000DA92046FFF792F800283FF45FAF0EA997
:101D90002046FFF78BF818B912F09AF9FFF745BB08
:101DA0000FA92046FFF782F818B913F0D9FEFFF704
:101DB0003CBB6648B3E52EA93846FFF777F80446E2
:101DC000E0B9DFF8B081624F0646214640462DF06B
:101DD0005BFB604B33F8149000257119A94589B25B
:101DE00005DC0134042C3FF420AB0E46EDE757F838
:101DF000212059482DF048FB0135EEE734A9404633
:101E0000FFF754F80446002840F0B680032E7FF414
:101E10002AAF429824A9FFF749F8054638BB80202D
:101E20002AF0ECFAAC2300933CAA439BADF8F050A7
:101E30008021044616F0F4FB054608B147486EE5DC
:101E4000474E30688022214600F55F702FF0BFFDBD
:101E500004F062FA3268802302F55F7229461E2080
:101E600013F07CFD20462FF090FD3E4857E50A21F7
:101E70004398DFF8E0A02CF012F8DDF808B1054631
:101E8000584606F0F1FA324A804623463AF8021BD9
:101E90000691002721E0B8F1000F1BDA079352F8F2
:101EA00026105846FFF702F8294A079BA0B9022CD2
:101EB00028D0032C30D0012C1CD0012D31D805F0B6
:101EC0000101484604F076FA214B274853F82610C2
:101ED0002A46EBE4B045EAD00137069913FA87F6B3
:101EE0008F421FFA87F9B6B2D5DB0134042C1AD021
:101EF0003346CBE7012D14D805F00101484604F024
:101F00007BFAE1E705F50043B3F5803F09D229B23A
:101F1000484604F091FAD7E72946484604F0A6FA65
:101F2000D2E71248FBE41248F9E400BFB44E0300C4
:101F3000D14E0300D94E03004F500300D8270300B1
:101F4000242803000C280300EA4E0300174F030067
:101F5000C0060020883E0300354F03003D4F0300BC
:101F600038070020544F0300644F03007B4F0300E9
:101F70008A4F0300294F030031A93846FEF796FF28
:101F8000002840F09F80022E7FF46DAE429F10A982
:101F90003846FEF78BFF044678BBDFF8EC81DFF8AC
:101FA000DC9106461CE0022CD9F800201CD0032C42
:101FB0001FD0012C14BF5288D2882A4102F001029E
:101FC0006A496B4851F823102DF05EFA01357319F8
:101FD000BD429BB2E7DB0134042C3FF426AA1E4627
:101FE00038F814700025F2E702EB4502B2F90A2036
:101FF000E6E702EB8502D26AE2E724A93846FEF75B
:1020000055FFC8B9AD202AF0F9F90023ADF8F0303A
:10201000584B1B6880220446009203F55F733CAA6C
:10202000AD2116F07DFA544821462DF02DFA2046B8
:102030002FF0ABFCFFF7F9B9384606F015FA00258A
:10204000DFF844A1494B8046A9463AF802BB002478
:102050002DE0B8F1000F1BDA53F826103846FEF7D2
:1020600025FF424BB0FA80F04009F8B1434B022DF6
:102070001B6812D0032D15D0012D14BF5A88DA88A1
:10208000224102F00102394B394853F826100DE481
:10209000A6EB080148424841E7E703EB4403B3F9E4
:1020A0000A20F0E703EB8403DA6AECE7013409EB7A
:1020B00004065C45B6B2CCDB0135042D3FF433AFEA
:1020C000B146C2E738A93846FEF7F0FE002841D1F4
:1020D000022E7FF4C8AD429F10A93846FEF7E6FEF7
:1020E00018B904F013FAFFF7A0B9384606F0BCF9A6
:1020F0000024DFF894801D4B0646A14638F802BB49
:1021000000251AE0002E13DA53F820103846FEF7A7
:10211000CDFE164BB0FA80F0400968B15146A0B22E
:1021200004F0BEF9429916482DF0AEF9FFF77DB9DB
:10213000321A50425041F0E7013519FA85F05D45F9
:102140001FFA85FA80B2DDDB0134042C3FF4EBAEDC
:102150008146D3E711A93846FEF7A8FE18B913F057
:1021600043FDFFF762B90748FFF7D9BBC00600205F
:10217000A54F0300380700200F4B03003407002051
:10218000B94F0300CB4F0300883E0300000000005E
:102190002DE9F04F89B01F46DB000593139B039098
:1021A000DB000493139B079223EAE373DB000D46E5
:1021B00006934FF00008079B98452BDB09B0BDE85C
:1021C000F08FDBE90023F4E80201FEF79DFA0B46ED
:1021D0000246DDE90001FEF7E1F8049BCDE90001CC
:1021E0009B4409F101099DED007BB9458AED007B17
:1021F000E7DB0AF1080A0136129B03EBC60B139BBF
:102200009E420BDA9FED0A7B2C468DED007B4FF052
:102210000009E8E7DDF80CA00026EDE7069B039A2D
:102220001A44059B03921D4408F10108C3E700BF4F
:1022300000000000000000002DE9F74F0F461C468B
:102240001946064638469046651E0FF0EFFEA31E5F
:102250009FED257B9FED266BE24304FB03316FF07E
:10226000070004FB0545183E4FEAC409D20007EBFE
:10227000C101A0EBC400ED000196A7F1100B002BEB
:1022800002DC03B0BDE8F08F019E03F1010C2E4487
:102290000BEB050EA44512DB58F823609E420AD0D2
:1022A00004FB063607EBC606B6468A469C46A4459E
:1022B00010DB86ED006B013B11440544DFE796ED32
:1022C000005B0CF1010C8EED005B86ED007BCE44D3
:1022D0004E44DFE79EED005B0CF1010CAAEC025BC3
:1022E000AEEC027BE3E700BF00000000000000004E
:1022F000000000000000F03F2DE9F04F2DED048BB1
:102300008FB0DDE91C541F4604FB05F300EBC3034B
:1023100003EBC40999ED007B4FEAC40808F10806F5
:1023200003EBC50B03930BEB0603CDE90C010992FC
:1023300051EC170B0293D3E900238DED0A0B8DEDC1
:10234000047BFEF729F87E4B0022FEF7DDF90BEB4C
:1023500008030893039BCDE900019919089BD1E973
:102360000001D3E90023FEF7CFF9DDE90023CDE931
:10237000060110461946FEF7C7F9DDE90623FEF708
:102380000DF8DDE90A2382468B46DDE90401FEF7FC
:1023900005F8C9E90001029BDDE90A01D3E9002340
:1023A000FDF7FCFF029BC3E90001099B03EB080951
:1023B00033440993BB19CDE904010A930022002399
:1023C00050465946B844FEF72FFC002800F0938091
:1023D0004BEC10AB2AF00CFD00220023DDE90001DC
:1023E00057EC106BFEF702FC32463B4600287DD0CE
:1023F000DDE90001FDF7D0FF82468B4602460B4621
:10240000DDE90401FDF7CAFF5246C9E900015B4658
:10241000DDE90601FEF7A2FA0B4602990246D1E970
:102420000001FDF7B9FF099B9FED437BC3E9000164
:102430000A9B88ED007B83ED007B089BD3E9008934
:1024400042464B4640464946FEF75EF9524606462E
:102450000F465B4650465946FEF756F902460B4674
:1024600030463946FDF79AFF41EC100B2AF0C0FCCC
:1024700057EC106B404632463B464946FEF76EFA33
:102480003B4641EC190B324650465946FEF766FA78
:10249000B0EE491AF0EE691A41EC180B2246039887
:1024A000B0EE480AF0EE680A29462BF0A6FFB0EE1F
:1024B000491AF0EE691AB0EE480AF0EE680A0C9874
:1024C000224629462BF0DEFFB0EE491AF0EE691ADB
:1024D000B0EE480AF0EE680A0D98224629460FB081
:1024E000BDEC048BBDE8F04F2CF01AB8DDE900011B
:1024F000FDF754FF80E7DDE90023DDE90401FDF786
:102500004DFF099B5246C9E90001C3E900012BF0C8
:10251000004343EC102B2AF06BFC54EC103B0A9A5E
:1025200088ED000BBB5104F1004353600FB0BDECCC
:10253000048BBDE8F08F00BF000000000000000029
:102540000000E03F000000002DE9F04FA9B059EC79
:10255000118B0693531E19920793339A069B18907A
:1025600002FB03F4069B2791DB000A93069B00EB1A
:10257000C40404EBC30BDBE900679D18304653EC41
:10258000102B39468DED000BFDF706FF32463B461A
:10259000FEF7BAF804EBC50A42464B46FDF7FEFECD
:1025A000DAE90023FEF7DAF9DBE90223FDF7F6FEAC
:1025B000DAE902238046894630463946FDF7EEFEC9
:1025C000DDE90023FDF7E8FE339B1D4404EBC50560
:1025D00095ED027B06460F46404629F00041324603
:1025E00027F000438DED007BFDF7D8FEDDE90025E7
:1025F00025F00043FDF7D2FECDE9080102460B4667
:1026000040464946FEF7AAF9DDE908238046894697
:1026100030463946FEF7A2F9DDE90823CDE902018B
:10262000DDE90001FEF79AF9339BDB000D930833D7
:102630001293CDE90001CDF820A0069B339ADDF876
:1026400018A003EB420304EBC3030C930A9B083B63
:1026500004EB030B079B9A4502DD29B0BDE8F08F20
:10266000069B9A4548DD079B9A4500F0E4800C9B49
:1026700013ED027B089BDBE9006753E9024527F075
:102680000043CDE91B3425F000431A961D93DDE984
:102690001C23DDE91A018DED007BFDF77FFE009B19
:1026A0001E93019B23F000431F93DDE91E23FDF7DA
:1026B00075FE02460B46CDE9042300220023FEF7F7
:1026C0008BFA002840F0AC80DDE90423304639461F
:1026D000FEF744F9DDE90423804689462046294671
:1026E000FEF73CF9DDE90423CDE90201DDE9000153
:1026F000FEF734F9CDE9000142464B4640464946D3
:10270000FEF702F8DDE9022304460D46104619469D
:10271000FDF7FAFF02460B4620462946FDF73EFE2E
:10272000DDE9002304460D4610461946FDF7ECFF8F
:1027300002460B4620462946FDF730FE41EC100BC1
:102740002AF056FB002200234046494655EC104B28
:10275000FEF74CFA28B105F1004320942193DDE9FE
:102760002045069B9A4569DD05F100432393229499
:10277000DDE90423DDE92201FDF7C6FFCBE9000115
:1027800022462B4640464946FDF708FE22462B4688
:1027900080468946FEF7E2F822462B46CDE9040141
:1027A000DDE90201FEF7DAF822462B46CDE90E01FB
:1027B000DDE90001FEF7D2F84246CDE910014B46B3
:1027C000DDE90201FEF7CAF84246CDE902014B46B7
:1027D000DDE90001FEF7C2F8CDE900010C9D089C7F
:1027E0000BF108065746339B9F4238DB199A189C19
:1027F0000AF103039342A8BF134626934FEACA0384
:102800000A93083313930A9B103314930025269BD5
:10281000AB4273DA329C0025339B9D42C0F2C980E3
:10282000129A089B134408930C9B13440AF1010A63
:102830000C9393440EE79FED8C7B1BE7069B279A36
:1028400093429DD0DBF800302493DBF8043003F191
:10285000004325939DED247B8BED007B90E7D4E92D
:102860000023DDE902010A94FDF74EFFD6E90023BB
:10287000FDF794FD079B9A45804689461FD095ED4C
:10288000007BDDE9002351EC170B8DED0A7BFDF792
:102890003BFF02460B4640464946FDF77FFD024698
:1028A0000B4680468946DDE91001FDF72DFF024603
:1028B0000B46DDE90A01FDF76FFDC5E90001DDE921
:1028C0000E2340464946FDF71FFF02460B46D4E95A
:1028D0000001FDF761FDDDE90423E4E80201404663
:1028E0004946FDF711FF02460B46D6E90001FDF708
:1028F00053FD0137E6E80201083574E70A9BE61844
:10290000139BDDE904011F19D6E90023FDF7FCFE46
:10291000D7E9002380468946DDE90E01FDF7F4FE84
:102920000B46024649464046FDF738FD079B9A454F
:102930008046894623D0149B234493ED007B159356
:1029400051EC170BDDE910238DED167BFDF7DCFE56
:1029500002460B4640464946FDF720FD02460B461F
:1029600080468946DDE90001FDF7CEFE0B460246B2
:10297000DDE91601FDF710FD159BC3E90001DDE956
:10298000022340464946FDF7BFFE02460B46D7E903
:102990000001FDF701FDC7E900014B46D6E9000142
:1029A0004246FDF7F9FC0D9BC6E9000101351C44C8
:1029B0002DE70A9BE618139BDDE904011F19D6E9F0
:1029C0000023FDF7A1FED7E9002380468946DDE913
:1029D0000E01FDF799FE0B46024649464046FDF7BB
:1029E000DDFC079B9A458046894623D0149B2344EF
:1029F00093ED007B159351EC170BDDE910238DED62
:102A0000167BFDF781FE02460B4640464946FDF720
:102A1000C5FC02460B4680468946DDE90001FDF70C
:102A200073FE0B460246DDE91601FDF7B5FC159B6A
:102A3000C3E90001DDE9022340464946FDF764FE93
:102A400002460B46D7E90001FDF7A6FCC7E90001E5
:102A50004B46D6E900014246FDF79EFC0D9BC6E9B8
:102A600000011C440135D7E6000000000000000012
:102A70002DE9F04FA7B01D46309B249103FB05F4D0
:102A800000EBC4049A491790EB001493002004EB68
:102A9000C503C3E9000130990793CE00C6EBC50317
:102AA0001C446FF007039B1B9FED8F7B1593079BC7
:102AB000CDE91043249B8DED220B8DED0A7B8DED2E
:102AC000027B02EBC50203EBC50305F1FF3B169247
:102AD000AA462593149BBBF1000FA4EB030902DA6D
:102AE00027B0BDE8F08F259B109993ED007B51E94D
:102AF000020153EC172B8DED127BFDF74DFC09EB1A
:102B0000CA031F46309B94ED007B03FB0AF8149B1D
:102B1000CDE9040103EBC8088DED007B179BD1467E
:102B20009844A94549DB169B33ED027B002216939E
:102B300051EC170B00238DED0C7BFEF757F830BBE3
:102B4000DDE90C0100220023FEF746F8002849D0F9
:102B5000009B0E93019B03F100430F93DDE90401F9
:102B600000220023FEF738F8002838D1DDE90423DD
:102B7000DDE90E01FDF7F2FEC4E900019DED0A7BDF
:102B80008DED007B9DED027B8DED047BDA46079B8E
:102B9000159A9B1B9DED007B0793109B13448DEDB5
:102BA0000A7B10939DED047B119B13448DED027BFA
:102BB0000BF1FF3BA41B11938CE7D8E90023F7E846
:102BC0000201FDF7A1FD02460B46DDE90001FDF71C
:102BD000E5FB09F10109CDE90001B044A1E7DDE918
:102BE0002223C5E7109B93ED007B119B8DED087BA5
:102BF00013ED027B249B03EBCB01D1E90001DDE95E
:102C000012238DED207BFDF7C7FB02460B46FDF737
:102C10007BFDDDE90A23CDE91201DDE90801FDF7BD
:102C200073FDDDE9022380468946DDE90001FDF7F9
:102C30006BFD02460B4640464946FDF7ADFBDDE91C
:102C40000C238046894610461946FDF75DFDDDE9F7
:102C50001223FDF7A3FB02460B4640464946FDF70B
:102C60007DFE089B1893099B23F000431993029B58
:102C70001A93039B23F00043804689461B93DDE9AA
:102C80001A23C4E90089DDE91801FDF7CDFF4246AA
:102C90004B46A8B1DDE90401FDF736FDDDE900236F
:102CA000FDF77CFB01F100431D931C90DDE9082337
:102CB000DDE91C01FDF752FE079BC3E900015DE75A
:102CC000DDE92001FDF720FDDDE90A23FDF766FBC4
:102CD00001F100431F931E90DDE90223DDE91E018F
:102CE000E8E700BFAFF30080000000000000000034
:102CF0000000F03F000000002DE9F04F8DB0CDE95D
:102D00000901169A013A0192169AD6003344A6F1A7
:102D100008040893019B002B02DA0DB0BDE8F08F88
:102D2000089B73E902890022089340460023494624
:102D3000FDF75CFF054600284DD004F108030A9D0D
:102D40000B93A4F108094FF00008169B984504DB8B
:102D5000019B013B0193083CDCE79FED377B0B9B1C
:102D6000099F8DED047B8DED027BAB4605EB030ADD
:102D7000BBEC027B09EB070351EC170BD3E90023F3
:102D80008DED067BFDF7C0FC02460B46DDE9020136
:102D9000FDF704FB3B19D3E90023CDE90201DDE98E
:102DA0000601FDF7B1FC02460B46DDE90401FDF723
:102DB000F5FADA45CDE904013744D9D19DED027B1E
:102DC00005EB090383ED007B2B19C3E900013544B2
:102DD00008F10108B9E70022002340464946FDF703
:102DE000FBFE0028B4D00A9F04F1080A1FE09FED03
:102DF000127B099B8DED027B03EB0409B84607EBC0
:102E00000A0BD9E90023F8E80201FDF77DFC024630
:102E10000B46DDE90201FDF7C1FAD845CDE9020113
:102E2000B144EED13B19C3E9000101353744169B8B
:102E30009D42DCDB8CE700BF0000000000000000CA
:102E40002DE9F04F2DED048BBDB093464A9A0E93B9
:102E50005D1E02FB03F4EB001E930E9B1D909E1A59
:102E6000EB0000EBC40408330F9304EBC50704EB3D
:102E7000030AAB1A97ED007B04EBC60604EBC30410
:102E80000F9BCB188DED007B1C9393ED007B0F9B6C
:102E90005B44D6E900891393DDE90003424623F041
:102EA000004129F000438DED3A0B8DED027BFDF7DB
:102EB000BBFEDDE90223002859D0DAE90001FDF765
:102EC0006BFADDE9002301F10041FDF747FDC4E99C
:102ED00000010F9B5BF80300139B5B6803F100414B
:102EE000D7E90023FDF73AFDC6E900016E4B002249
:102EF000C7E900230E9B023B1293129A4A9B53434D
:102F00001D9A00200021CAE9000102EBC30A0E9AB3
:102F10004A9B134403F10053013BDB003693083313
:102F200038934A9BDB0016935B423993531E0BEB9D
:102F3000C3031F931C9B1793169B41EC170BC3F104
:102F4000FF2303F57F03F833CDE90A018DED107BF4
:102F500037930AEBC203A3F1100B129B002B8DEDEC
:102F6000087B19DA3DB0BDEC048BBDE8F08FD4E9E5
:102F70000001FDF711FA41EC120B2046139C42466A
:102F800009F1004394ED003B9FED451B43EC102BF2
:102F900031462BF050FBA9E71C9B93ED007BDBE94E
:102FA000000153EC172B8DED207BFDF7F5F90F9BFE
:102FB0000AEB030494ED007B8DED007B9FED387BE5
:102FC0004A9BCDE9060103FB05F88DED027B1D9BB5
:102FD0000AEBC50603EBC808A9460E9B994535DBED
:102FE0001F9B73E9026700221F9330460023394676
:102FF000FDF7FCFD002840F0A981139B93ED007BB9
:103000001E9B00220AEB03053046002339468DED56
:10301000047BFDF7E1FD002848D0029B2293039B2F
:1030200003F100432393009B2493019B03F100438E
:1030300025939DED043B9DED062B9DED221B9DED03
:10304000240B214628462BF0F6FA72E1B6EC027BFF
:103050001E9B434451EC170BD3E900238DED047BF9
:10306000FDF752FB02460B46DDE90001FDF796F93C
:103070000F9B4344D3E90023CDE90001DDE90401BE
:10308000FDF742FB0B460246DDE90201FDF786F93A
:10309000169BCDE9020109F1010998449DE700BFA3
:1030A00000000000000000000000F03F9BED027BEC
:1030B000169B17995B448DED0C7B93ED007B51E9DA
:1030C0000401DDE920238DED147BFDF765F902464F
:1030D0000B4680468946FDF761F9DDE90423FDF7DB
:1030E00013FB4246CDE920014B4640464946FDF7D9
:1030F0000BFB32463B468046894630463946FDF753
:1031000003FB02460B4640464946FDF747F9DDE919
:10311000042306460F4610461946FDF7F5FA024607
:103120000B4630463946FDF737F902460B4643EC6D
:10313000182B0C9B1A930D9B23F000431B93089BA9
:103140001893099B23F00043199300220023FDF7F5
:1031500043FD002831D0DDE9200100220023FDF7E6
:103160003BFD002829D0069B2693079B23F00043B4
:103170002793DDE92601DDE91A23FDF70FF9149BFA
:103180002893159B23F000432993DDE92823FDF7BD
:1031900005F9DDE91823FDF701F9049B2A93059B46
:1031A00023F000432B93DDE92A23FDF7F7F8DDE94F
:1031B0003A23FDF7A9FA41EC180BDDE90A23DDE912
:1031C0000C01FDF7A1FADDE9022306460F46DDE911
:1031D0000801FDF799FA02460B4630463946FDF7DD
:1031E000DBF8DDE9042306460F46DDE90001FDF7C3
:1031F0008BFA02460B4630463946FDF7CDF8DDE93D
:10320000102341EC190BDDE90C01FDF77DFADDE936
:10321000002306460F46DDE90801FDF775FA024670
:103220000B4630463946FDF7B7F8DDE9042306467C
:103230000F46DDE90201FDF767FA02460B4630460C
:103240003946FDF7ABF8B0EE482AF0EE682AB0EE4A
:10325000491AF0EE691A41EC100B9DED203B214616
:1032600028462BF0E8F9139BD3E90067369B2C9690
:103270000AEB0309389B0AEB030827F000432D9360
:10328000DDE92C01DDE91823FDF788F8DDE91A23D3
:10329000FDF7ACFC00286ED0009B2E93019B03F140
:1032A00000432F93DDE90601D5E90023FDF72CFA51
:1032B00002460B46DDE92E01FDF76EF8D4E9002346
:1032C000CDE9000130463946FDF71EFADDE90C2351
:1032D000FDF744FB02460B46DDE90001FDF75EF811
:1032E000029B3093C9E90001039B03F10043319332
:1032F000DDE90601D4E90023FDF706FA02460B4694
:10330000DDE93001FDF748F80F461399D5E90023B0
:103310000646D1E90001FDF7F7F9DDE90C23FDF7D9
:103320001DFB02460B4630463946FDF735F8C8E925
:1033300000019DED0A7B8DED027B9DED107B8DEDF7
:10334000007B9DED087B8DED067B129D399B9A4499
:10335000129B9DED027B013B1293179B8DED0A7B27
:10336000083B9DED007B1793379B8DED107B9B44B5
:103370009DED067BF1E50A9B32930B9B03F1004325
:103380003393DDE91401D4E90023FDF7BDF90246CA
:103390000B46DDE93201FCF7FFFF109B3493119BD4
:1033A00003F1004341EC180B3593DDE91401D5E935
:1033B0000023FDF7A9F902460B46DDE93401FCF7CD
:1033C000EBFFB0EE481AF0EE681A41EC100B9DEDE1
:1033D000082B47EC136B4146484634E600000000DA
:1033E0002DE9F04F8BB0CDE906014C1CDFF8F0B0B1
:1033F000E40005464FF000084FF0000A079B98458F
:103400000FDB069BA4F1080903EB0907B846012569
:10341000079BAB425CDD069B059300230497019359
:1034200043E0D5E900670022002330463946FDF726
:10343000D3FB002847D132463B4650465946FDF75C
:103440008DFA08F10108C5E900012544D6E7DBE95A
:103450000023F6E80201FDF757F902460B46DDE9C5
:103460000201FCF79BFFCDE902010AF1010ACB44FE
:10347000AA45ECDBD8F808300893D8F80C3003F1F3
:1034800000430993DDE90801DDE90223FDF73CF97A
:10349000049BE3E802010493019B01330193059B24
:1034A00023440593019B9D4209D0DDE9043B9FED38
:1034B0000A7BDDF804A08DED027B1E46D8E70135BE
:1034C0004F44A044A4E74FF0FF300BB0BDE8F08FAD
:1034D0000020FAE7AFF300800000000000000000C9
:1034E0000000F03F000000002DE9F04F87B00D46CE
:1034F0000390FFF775FF00283BDB039F4FEAC50AE7
:103500000024AC423ADAE3000593039B029703EBF5
:10351000C409002621E0059B08EB0301049B4344FA
:10352000D3E90023D1E90001FDF7EEF802460B468E
:10353000DDE90001FCF732FF0BF1010B5D45CDE940
:103540000001D044E7D1029BE3E802010136B44216
:10355000C9E900010293D14408DB9FED097BF30028
:103560008DED007B0493B846A346D4E7013457445D
:10357000C7E74FF0FF3007B0BDE8F08F0020FAE753
:1035800000000000000000002DE9F04F99B0012A72
:1035900003908B46144607DC7D4B0022C1E90023D3
:1035A000002019B0BDE8F08F022A0CD17849002024
:1035B00000220023CBE90001CBE90223CBE904017F
:1035C000CBE90623ECE7900028F018FF05900028CF
:1035D00000F0D480039B049003EBC4030B93A31E61
:1035E000E50017930B9B0E9305F1080310930BEB6B
:1035F000041306930F930B9B07930026049B079FCE
:103600009FED617BB246013643F8046F4FEAC6096D
:103610008DED087B0493A9F108031493B046A045EF
:1036200042DB049B1A68B2420BD003983146234612
:103630002BF092F8049A00941268039831462BF00C
:1036400072F80E9BEB1811939846039B4B4415930D
:103650000F9B0AF10207A7420A933FDBDDE90F3215
:1036600013440F93079B13440793179B9E4218DB49
:103670000B9E02272E447A1E304606992AF036FE0B
:10368000069B01372B44BC422E440693F3DC03987F
:10369000059A23465946FEF7CFFD05982EF075F999
:1036A0007EE7119B0E93A9E73B6812937B6823F09A
:1036B00000431393DDE91201DDE90823FDF7B4FAB5
:1036C00040B1049BC3F800803B6808937B6823F0FB
:1036D000004309932F4408F10108A0E7149B08EB6D
:1036E0000301079BD1E90001D3E90023FDF736F977
:1036F000CDE9080105EB0803DDF838A01693C146B3
:1037000099ED007BDDE90823FAE802018DED0C7BE1
:10371000FCF7FAFF0B460246DDE90C01FCF73CFE24
:10372000E9E80201169B4B45EAD19DED087B0A9B17
:10373000DDF8549083ED007B039B03EBC7030C93F0
:103740004FF0000A0C9BDDE90801D3E90023FCF7E8
:10375000DBFF0B460246D9E90001FCF71FFE0C9B7C
:103760000AF1010A2B445445C9E900010C93A9440C
:10377000E8D10A9BA84401372B446CE74FF0FF3097
:103780000FE700BFAFF30080000000000000000062
:103790000000F03F000000002DE98048C24B9FB0C0
:1037A000012202AF1A7011F00FFE062016F074F914
:1037B00038B1BE4B43610223037400234374837406
:1037C000C374BB4900234FF4865200242CF07DFBC8
:1037D00087F8604007F160020F2120460BF028FBBC
:1037E000082097F8605016F057F938B1B14B44747F
:1037F000C0E90535032303748474C474DFF8F482CC
:10380000AB4900234FF4C4522CF05FFB98F8003012
:103810001BB1A94B1B685B689847A84C236800251F
:103820005B68984787F8605007F160020F212846CF
:103830000BF0FEFA082097F8606016F02DF938B109
:103840009F4B4574C0E90536032303748574C57422
:10385000002397499B4D4FF4C4522CF036FB0023B4
:10386000BB642B68DB88D80606D59FED970A07F165
:10387000480101202BF073F897ED128AB5EE408ACB
:10388000F1EE10FA19D0082016F006F9064668B1D4
:103890008E4B436118EE100AFCF7DEFE0423C6E9E6
:1038A0000601337400237374B374F37480490023E6
:1038B0004FF4035230462CF008FB2B68B3F9182064
:1038C000B3F9163000EE902A00EE103A2368F8EEB5
:1038D000E00A9B68B8EEC00A07F1600107F15400E6
:1038E00098470820D7F8549016F0D6F8064660B1ED
:1038F000774B43614846FCF7AFFE0423C6E9060157
:10390000337400237374B374F3743046684900232E
:103910004FF403522CF0D9FA0820D7F8609016F033
:10392000BBF8064660B16B4B43614846FCF794FE1A
:103930000423C6E90601337400237374B374F3746B
:103940004FF4035230465A49DFF8ACA1DFF8ACB16E
:1039500000232CF0BAFA2E68F388B6F91400C3F3EA
:10396000C0038AF80030FCF765FE02460B460020D3
:103970005949FCF7F3FFFDF79FF908EE100AB6F975
:103980001200FCF757FE02460B4600205249FCF796
:10399000E5FFFDF791F9236850491B6897ED120A7E
:1039A00000EE900AB0EE481A584698474B4B9BEDF4
:1039B000007AD3ED007A4A4BF861B4EE677AF1EE03
:1039C00010FA48BFF0EE477AC3ED007A454B082065
:1039D000D3F8049016F060F8064688B1424B436174
:1039E0004846FCF717FE2EA3D3E90023FCF7B6FFE9
:1039F0000423C6E90601337400237374B374F374AB
:103A000030462B4900234FF403522CF05EFA082075
:103A1000DBF8009016F040F8064690B1334B436156
:103A20004846FCF719FE0B4602462B490020FCF7DE
:103A300095FF0423C6E90601337400237374B3743D
:103A4000F37430461A4900234FF403522CF03DFA28
:103A5000224B0820D3F8009016F01EF8064690B1CD
:103A6000234B43614846FCF7F7FD0B4602461A49D3
:103A70000020FCF773FF0423C6E90601337400231A
:103A80007374B374F374002309494FF4035230463E
:103A90002CF01BFAFB69002BC0F22C8132E000BF36
:103AA0000000000080842E41B65B002048870300A0
:103AB0006C25030064870300780700207C07002042
:103AC000948703003407002000000047C4870300E8
:103AD000DE870300F98703000000F03FD0370020A5
:103AE000C8370020BC070020128803003388030079
:103AF00056880300B95B0020B85B0020D437002053
:103B000000007A4498F800301FED038A002B40F043
:103B10008F80062015F0C0FF002840F0F080A049FB
:103B2000A04EDFF8D08200234FF486522CF0CDF95E
:103B30002B689D4AB3F91A309C4D83F302032B6026
:103B400052F8233033600FF06FFB2B68032B03D147
:103B5000D8F800002AF023FADFF89C922A68D9F8F6
:103B60000000336890F87411914240F0D1805B6896
:103B700000F275109847D9F80030002283F87421BC
:103B800005F024F8D8F8000005F044FA2268884BC4
:103B90009A4215D1062015F07FFF38B1854B43615D
:103BA00002230374002343748374C3747C49002389
:103BB0004FF486522CF089F905F032FA2AF025FAF2
:103BC0007D4BD3ED007A7D4BF8EEE77A93ED007AEA
:103BD000C7EE886AC6EE877AFDEEE77A17EE903A6E
:103BE00018B2774B1880236880B25B6A9847064604
:103BF00000287FD0C0F30713012B724C00F0938094
:103C0000032B00F09280002242F48032D4E90110AC
:103C100023690968090500F18D806B496B484FF4F1
:103C20007F722BF0A4FC4FF47F7167482BF096FC59
:103C30009AF80030002B3FF46CAFDFF8C0A1236886
:103C4000BAF80420DFF8B891DB6ADFF89C8102F053
:103C50007F02002102209847D9F800309FED5C0ACE
:103C60001B684046984798ED007AF0EE007A57EED0
:103C7000087A064617EE900AFDF779F9554BC3E925
:103C80000001554B216801221A70BAF80420D1F8BE
:103C90002CA0D9F8001002F07F020420D04708B908
:103CA0004D4B18700820D8F8009015F0F5FE8046AE
:103CB000B0B14A4B43614846FCF7CEFC0B46024686
:103CC00047490020FCF74AFE0423C8E9060188F8AA
:103CD0001030002388F8113088F8123088F813303B
:103CE0002F4900234FF4035240462CF0EEF8002EEB
:103CF000BFF60FAF0121084611F0C8FBC2E0394BF7
:103D0000436102230374002343748374C37406E77E
:103D1000354A1B6892ED001A344ADBED000A92ED39
:103D2000000A98472EE720226EE7314A2369D4E93A
:103D300001106EE7196821F40061196003682148D9
:103D40000B2106F00F069847032E16D0022E4FF0D7
:103D5000000316D14FF0A8621343D4E90126B469D9
:103D6000002C56D059020ED41749184840F27F3221
:103D70002BF0FDFB40F27F3157E74FF050730022EC
:103D8000EAE71A46E8E7126812053BD40E490F48E5
:103D900040F293322BF0EBFB40F2933145E700BF4A
:103DA0006C2503008807002004090020C437002088
:103DB000F4280300AB88030074070020C8370020F4
:103DC000B4590020381C0300C3880300F4880300A2
:103DD000CDCCCC3D101F0020B75B002075880300C0
:103DE0000000F03F97880300CC370020D037002038
:103DF000100001008407002038070020F43700205D
:103E000078070020BA4803F0C0634FF0A0720B217E
:103E1000A047B849B84B4B604FF400638B60F3691F
:103E200013B1B348012298472A68B44B6C4688B056
:103E300053F8223002AAB249C2E905134FF40073C5
:103E40009383B04B42F8103FAF4800234FF4E65144
:103E500016F002F80620A54615F01EFE38B1AB4B51
:103E6000436102230374002343748374C3740023E7
:103E70004FF48652A4492CF028F8A54A0123137068
:103E8000A44A13709FED988B2AF07EFCA14B1B78FF
:103E90003B61C7E90210002B00F0FE839E4CDFF867
:103EA000CC929E4D11F090FA9D4B94F8008093F8BF
:103EB00000A083F80080D9F8003028461B6A984794
:103EC00040B92AF061FC974B95ED000AC3E9000167
:103ED00002F0E2FB944B1B68DB8813F0010F40F209
:103EE0006C7608BF4FF48066304628F087FA0546A6
:103EF000C8B9082015F0D0FD40B18C4B43618C4B04
:103F000083610323037445748574C57400234FF4DF
:103F1000C2527D492BF0D9FF0121084611F0B6FAB3
:103F20007C4A00231370D9F8003031461B692846BB
:103F30009847804B93F800900646B9F1000F40F087
:103F4000F3814FF000097C4BC245B3F90030BB61EF
:103F50001BD02478012C00F0FD81022C00F00C8293
:103F60009CB906200EF0E4FD062015F095FD30B159
:103F7000724B43610223037444748474C4746249B1
:103F800000234FF486522BF0A0FF002411F008FA12
:103F9000C7E90C44DFF8B0B1BC63A046FC617C61AA
:103FA000A0B2864200F21A8228462DF0EEFC07F1FC
:103FB0005405B9F1000F4CD0DFF8B4A107F1240487
:103FC0000C22514620462DF0F2FC002841D02AF068
:103FD000DBFB5B4BC3E9000194E807004FF0000BEB
:103FE0008AE80700204604F0EFFFC7F854B09FEDC1
:103FF000550AC5E901BB294620462AF0E9FD20B152
:104000009AE8070084E80700D946D7ED097ABB6A29
:104010003B66F1EE677AC7ED197AD7ED0B7AF1EED0
:10402000677AC7ED1A7AB9F1000F08D0464B474AB4
:104030001B6892ED000A5B6907F16000984707F181
:104040006002104642492AF050FD07F1600002F07C
:1040500007FBFA693F4B002A40F03C82002E40F0FB
:1040600050822AF091FB652871F1000103DBB8F161
:10407000000F00F08C82BB6923B37B69FA6993421D
:10408000B8BF1346F3B1BA6993421BD0324AB8693C
:1040900032496C468AB0012818BF114602AA30483E
:1040A00050611362B86940F2013393842D4BC2E929
:1040B000060142F8103F144800234FF4325115F026
:1040C000CBFEA546204E284833681B6B98472649EF
:1040D00008462AF057FC00237B651E48C5E90133DA
:1040E00048E000BFAFF300800000000000000000C7
:1040F000381C0300B8370020DD2B01001409002014
:104100000C890300030000016C25030015890300DE
:10411000BD5B0020B15B0020B45B0020D8370020DD
:10412000B35B0020500500203407002028890300DD
:10413000958B0300B75B0020B4590020568903001B
:1041400058050020BD37863588070020CC37002071
:104150008C070020A837002017B503006C9D0300D2
:10416000038A030005000001AC0700207C07002043
:10417000DC37002029462AF0D9FCB5EE400AF1EEE2
:1041800010FA04D0834984482A4611F081FF202088
:1041900011F03CFA33689B6A04469847002840F0C7
:1041A00003829FED7E0A7E497B48DFF82C922AF03D
:1041B000D7FC002C40F03083002800F02D832AF03B
:1041C000E3FAD9E90032C61A764B1B7861EB020894
:1041D000F3B9754B1B68D3F830A04FEAEA73B245C8
:1041E00073EB080314DA082015F056FC38B16F4B56
:1041F0004474C0E9053A032303748474C47400232F
:104200004FF4C6526A492BF060FE664A01231370D0
:104210006848DFF894A1D0E90010D9E900325B1AB0
:10422000DAF800104C6B62EB00024FEAE4799C4232
:1042300079EB020008DA8C6B4FEAE479A34272EB67
:104240000900BCBF1C469146CA88D00709D555480D
:104250000378012B05D8B44279EB0803BCBF0223D5
:104260000370DFF85CB152079BF8003040F1BD816C
:10427000012B00F2B781CA6BD317B24273EB08036C
:1042800080F2B381062015F007FC38B14A4B436138
:1042900002230374002343748374C37400234449CA
:1042A0004FF486522BF011FE02238BF80030DAF81F
:1042B0000030D3F840B04FEAEB73B34573EB08031B
:1042C00080F29381082015F0E7FB60B13B4B43611E
:1042D0004EF660239BFBF3F38361032303740023F7
:1042E00043748374C374324900234FF4C6522BF0D5
:1042F000ECFDDAF80030B3F9101029B95B881B0720
:1043000002D501202AF0E0FADAF80030B3F91020E3
:10431000012A05D15B88580702D500202AF0DDFA72
:10432000274B03221A7060E12AF02EFA254BD3E9BD
:104330000023801A61EB0301234BD3E9002382425F
:104340008B41BFF6FEAD214B1B6807F124005B6972
:104350009847F8E521200EF0EBFB062015F09CFBBA
:1043600000283FF40CAE1A4B436102230374002370
:1043700043748374C37402E664200EF0D9FB0620F4
:1043800015F08AFB00283FF4FAAD124B4361047428
:10439000EDE700BFA8370020AC0700200AD7A33BF9
:1043A0009C070020B45B002034070020228A030011
:1043B0006C250300081F0020418A03005F8A030068
:1043C000B25B002058050020101F00207807002055
:1043D0007589030094890300001F00200023C7E9AA
:1043E0001133C7E91333C7E90F33714B07F12402C7
:1043F0001B680092D3F814A007F13C0207F14803B0
:104400002946D04710F01003824661D110F0020F08
:1044100026D007F148007B6004F09CFDBA6C7A65F9
:10442000FA6CBA653A6D634BFA65DBF8002093EDE0
:10443000000AD26807F1540090475F4A7B691278FE
:1044400001337B6162B15D4A7B68127842B1C7E992
:104450001833BB66DBF8003007F16000DB69984772
:104460001AF0010F2DD007F13C0004F02DFDFB6B7D
:104470003B663B6C7B667B6CBB66514B514A1B6851
:1044800092ED000A1B6907F160009847D7ED0C7A9E
:1044900097ED187AFB6977EE877A97ED197AC7ED71
:1044A0000C7AD7ED0D7A77EE877A97ED1A7AC7ED09
:1044B0000D7AD7ED0E7A77EE877A0133C7ED0E7A53
:1044C000FB613B691AF0040F18BF994608F1010817
:1044D000013465E5D7ED077AD7ED0C6AF8EEE77A97
:1044E00086EEA77AD7ED0D6A83ED007A86EEA77A7D
:1044F000D7ED0E6A83ED017A86EEA77A83ED027A14
:10450000ACE5B8F1000F06D0B0457FF4B4AD2E4B4A
:1045100000221A60AFE5062015F0BEFA48B12B4B19
:1045200043610223037480F8118080F8128080F8C0
:10453000138000234FF4845225492BF0C6FC224AF5
:10454000136801330A2B13607FF495AD082015F032
:10455000A3FA48B11F4B43611F4B836103230374CC
:10456000002343748374C374194900234FF4C25267
:104570002BF0ABFC0121084610F088FF002E3FF421
:104580007AAD0EF07DFF00202AF0B1F973E5062028
:1045900015F082FA0028CCD0104B4361022303743B
:1045A00046748674C674C4E79FED0D0AFBE500BF30
:1045B0007C070020D0370020B95B0020B85B0020CA
:1045C00088070020D4370020B4370020B5890300C5
:1045D0006C250300DF890300958B0300CA89030063
:1045E000CDCC4C3D022B3FF462AEDAF80030DFF860
:1045F000B8B2DA889BF800A0910703D55A88120751
:1046000000F1D380BAF1000F00F0FD80BAF1020F83
:1046100040F0F980186CC117801B61EB080102F0B3
:104620006BF89FED8C0A8C498C482AF099FA9FED23
:104630008C0A8C49044628462AF0CAFA04B1E0B92B
:10464000864B854C0FCB84E80F0095E80700854B1F
:1046500083E807008449814807F160022AF0C7F91E
:1046600081492A4628462AF040FA804B2946D3E958
:10467000002307F1600001F0BDFF7D4B1B785BB1AB
:104680007C4B1B7843B17C4B1B782BB97B4B1B7845
:10469000012B01D106F080F8794CDFF81482002359
:1046A00023702AF071F8FB68D8F80020C01ABB68A4
:1046B00061EB0301D31782428B4107DA714DD5E9D3
:1046C000002382428B41B8BFC5E900016E4D2AF03C
:1046D0005BF8D5E90032C01A41F2893361EB02017F
:1046E000984271F1000121DB2AF04EF8C5E9000182
:1046F000644DD5E90096B9F1010F76F1000315DBA1
:10470000082015F0C9F948B1604BC661C0E9053908
:1047100004230374002343748374C3745C4900232B
:104720004FF402522BF0D1FB85ED008B4F4B594DCE
:1047300083ED008B2B7803F0FF06002B40F0868082
:1047400001232B70D8F8003003F10A0C2CEAEC7C22
:104750004FF4004E314640F2E7304FF47A720023B6
:10476000CCFB0E01FCF748FB26F02CFF2B7893B115
:10477000062015F091F930B1474B436102230374D1
:1047800046748674C674424900234FF484522BF059
:104790009CFB00232B70414B1B7813B1404826F043
:1047A00025FA01232370FFF76FBBBAF1000F7FF4E6
:1047B0002DAFB44279EB08032ADA082015F06CF922
:1047C000064690B1374B43614FF47A72002320467E
:1047D0004946FCF7C1FAC6E906010423337486F89A
:1047E00011A086F812A086F813A0002328494FF4E0
:1047F000035230462BF069FB002108462AF064F88A
:1048000001238BF800304FF0FF306FF0004106E7D6
:10481000A01B69EB080102E7184B234C1B78022B05
:1048200002D02378012B04D129F0AEFF1F4BC3E93E
:10483000000129F0A9FF2378104A012B4FF0000353
:10484000C9E9000108BF23701370DCE726F0D4FD2E
:104850009FE700BF6F12833A9C070020AC0700203F
:10486000CDCC4C3DE83700208C070020F81E0020FE
:10487000B95B0020B85B0020B35B0020B45B002074
:10488000B65B0020281D0020301D00209D8A0300FB
:104890006C250300B55B0020C28A0300BA5B0020D0
:1048A000181E00207D8A0300B25B0020081F002034
:1048B00074070020000000002DE9F04F824F834D67
:1048C0008BB0044619B34FF6FF733B802B68B3F9E6
:1048D0001A30002BC0F29780062015F0DDF838B1B1
:1048E0007B4B436102230374002343748374C374BA
:1048F000784900234FF486522BF0E7FA0FF08EF838
:104900004FF0FF300FF06CF80FF0A6F87BE0724A22
:10491000B2F90030108083421FBF70490B7823F03A
:1049200008030B702DF007F86D4BC3E900012B68ED
:10493000D3E90A016B4BC3E90001B7F90030013339
:1049400005D13C802CF0F7FF674BC3E900012B68D1
:10495000B3F91A30002B54DA002C52DD082015F080
:104960009BF8064680B1614B43612046FBF762FE2F
:104970005F4B0022FBF7F2FF0423C6E90601337404
:1049800000237374B374F3743046524900234FF418
:1049900003522BF09AFA20460FF022F82B68B3F955
:1049A0001A60A6F16402944232DA0A2015F074F813
:1049B0000546C8B14F4B43613046FBF73BFE4C4BBD
:1049C0000022FBF7CBFFC5E906012046FBF732FECC
:1049D000474B0022FBF7C2FF0623C5E908012B74F1
:1049E00000236B74AB74EB7400234FF442522846DF
:1049F00038492BF06AFA0FF011F820460EF0F0FF5C
:104A000001E0002CCADA0BB0BDE8F04F04F0DEB8CC
:104A100006F1640294422BDD0C2015F03DF80546AA
:104A2000D8B1354B4361354B83613046FBF702FE0D
:104A30002F4B0022FBF792FFC5E908012046FBF748
:104A4000F9FD2B4B0022FBF789FF0823C5E90A017A
:104A50002B7400236B74AB74EB7428461D49002340
:104A600044F240022BF031FA0EF0D8FF204649E71D
:104A7000B3F9186006F164039C4243DD0C2015F085
:104A80000BF80546D8B11E4B43611C4B8361304681
:104A9000FBF7D0FD164B0022FBF760FFC5E90801CC
:104AA0002046FBF7C7FD124B0022FBF757FF0823F8
:104AB000C5E90A012B7400236B74AB74EB740023FB
:104AC00044F2400293E700BF3C0C0020380700206E
:104AD000E98D0300742403003E0C0020C15B00201C
:104AE000481F0020401F0020381F0020F78D0300C2
:104AF00000005940148E0300518E030035900300CE
:104B00008F8E0300B7F90030581C7CD0643B9C4268
:104B100079DADFF88CA22CF00EFFDAE90023801A94
:104B200061EB0301984B984271F100016BD22CF0BC
:104B300002FFDAF80030B7F900B0DAF804A0009309
:104B400081460E20884614F0A7FF0546002848D06D
:104B5000009B8E4AB9EB030668EB0A03A6FB0267CB
:104B600002FB03778A4B4361A4EB0B00FBF762FD6A
:104B7000884B0022FBF7F2FEF60B46EA4746FF0B96
:104B8000CDE9000130463946FBF788FD7CA3D3E927
:104B90000023FBF7E3FE02460B46DDE90001FBF7CD
:104BA000DDFEC5E906015846FBF744FD794B0022BE
:104BB000FBF7D4FEC5E908012046FBF73BFD754B2A
:104BC0000022FBF7CBFEC5E90C67C5E90A014FF0EF
:104BD000000A0A232B7485F811A085F812A085F825
:104BE00013A000236C4945F2C00228462BF06DF952
:104BF0000EF014FF20460EF0F3FE684B1C80684B4D
:104C0000C3E90098FFE62B68B3F91A20A242B3F972
:104C10001820C8BF5C836FF495710A4494427CDA13
:104C2000B3F930306FF4F97213449C4275DA2046C0
:104C3000FBF700FD574B0022FBF790FE06460820CD
:104C40000F4614F029FF48B1564B4361C0E906678F
:104C500004230374002343748374C37400234E49F4
:104C60004FF403522BF031F92B68B3F91830A3F24B
:104C70001F339C4248DA082014F00EFF48B14A4B1B
:104C80004361C0E9066704230374002343748374FB
:104C9000C37400234FF403523F492BF016F904F27A
:104CA000F3140EF087FE4FF4FA73B4FBF3F42B68A1
:104CB000D3E90A26D3E90E73D71B66EB0306B7F5D3
:104CC000160F76F100032BD20A2014F0E5FEA8B1EE
:104CD000364B4361364BC0E906342C4CA7FB04230A
:104CE00004FB0633D20B42EA4342DB0B0021C0E94E
:104CF00008230623037441748174C1742649002378
:104D00004FF441522BF0E1F82B68D3E90A011A8ED7
:104D1000C3E90E01A2F5FA721A860EF04BFE72E696
:104D20000934A4B2202202A9204610F053FEBDF897
:104D30000830059A0133ADF80830049BDB1946EBC7
:104D40000202CDE90432DDE906329F4276EB020130
:104D500001D3134301D1CDE90676089BBB42099BE1
:104D600002AAB3414FF000014FF02003204638BFA4
:104D7000CDE9087610F0F2FD0E4B00221A70C3E761
:104D800000000000389C8C4101001E0040420F00D2
:104D9000CD8E030000005940742403003C0C002019
:104DA000381F0020198F03002E8F0300468F030049
:104DB00025900300C15B00202DE9F04F054687B028
:104DC000214FBB68029304AA5B68002138469847CC
:104DD000002832DBDDE9044A1C4BDFF87480A4FBB9
:104DE00003B203FB0A230393039915A3D3E900231A
:104DF0005846FCF701F84FF0FF39039BD94578EB93
:104E00000303064619D3A5FB04B405FB0A440CA30F
:104E1000D3E9002321465846FBF7EEFFD94578EB4E
:104E20000404034609D3864207D301220092029A62
:104E30000021146838463246A04707B0BDE8F08F1D
:104E400000CA9A3B000000000C1E0300002D310137
:104E5000FFC99A3B000000002DE9F04F9FB0824649
:104E6000039117461C460025387810B9284600F0F3
:104E7000A6BD252809D00399D0470028C0F29F85F8
:104E80007B1C01350593059FEEE71822002110A831
:104E90002CF0C5FD7B78252B00F0BC800023791C0D
:104EA00098469E469C4618460E4611F8012B2B2A22
:104EB00000F0E38000F2DA80202A00F0E180232A6B
:104EC00000F0E1802BB19DF8483043F040038DF8AD
:104ED0004830B8F1000F05D09DF8483043F020036A
:104EE0008DF84830BEF1000F05D09DF8483043F0F2
:104EF00010038DF84830BCF1000F05D09DF8483004
:104F000043F008038DF8483028B19DF8483043F04D
:104F100004038DF848309DF8483003F044014429DB
:104F200003D16FF386138DF848309DF848300E9604
:104F300043F080032A2A8DF8483040F0A9809DF87C
:104F4000493043F001038DF84930731C1A782E2A3A
:104F50009DF849200CBF0121002161F341028DF829
:104F600049200CD15A1C0E925A782A2A40F0A0806F
:104F70009DF8492042F004028DF8492002331A7846
:104F80006C2A00F0C18000F2A380682A00F0A9809A
:104F90006A2A00F0C2804C2A00F0C78013F8012B67
:104FA0000593782A8DF84B2000F209816D2A00F2D2
:104FB000C980692A00F20381572A00F2E280412A5F
:104FC00004D0A2F14503022B00F2F9809DF84A308B
:104FD00002F0DF020421A2F1410961F30203D9F1D9
:104FE00000029DF849108DF84A3042EB090262F345
:104FF000C7110A068DF84910CBB200F11F8103F0EA
:105000007802182A40F009816FF3C6038DF8493001
:105010000023F8E08DF84B30BB1C05939DF8493018
:105020009DF84A20DE0702F0070040F1098154F89C
:10503000041B0491002908DA9DF8481041F004018E
:105040008DF84810049949420491590740F10081B4
:1050500054F8046B002E80F2FF809DF849306FF306
:1050600041038DF849304FF0FF36F5E02D2A0DD081
:10507000302A7FF427AF012316E74FF0010C13E726
:105080004FF0010E10E74FF001080DE701200BE78C
:105090000EA812F091FF0E9BB3423FF457AF9DF85C
:1050A00048201390C00F60F341028DF848204DE76F
:1050B0000EA812F081FF9DF848301490C3F340020F
:1050C00042EAD07262F341038DF848300E9B56E7F6
:1050D000742A26D07A2A7FF461AF9DF849200621F0
:1050E0000CE05A78682A9DF8492006D1012161F325
:1050F000C6028DF84920023350E7022161F3C6024F
:105100008DF84920013349E75A786C2A9DF84920E7
:1051100001D10421EBE70321F0E79DF849200521A7
:10512000ECE79DF849200721E8E7BDF8482022F484
:10513000F04222F0020242F4804242F00202ADF854
:105140004820DFE76E3AD3B201229A4040F2824310
:105150001A429DF8493039D112F0240F61D1D1079C
:105160002DD59DF84A2003F07803A3F140080321D0
:1051700061F30202D8F100038DF84A2043EB0803E3
:1051800041E0A2F15801C9B2012000FA01F111F485
:10519000624F7FF41BAF40F6010319429DF849307E
:1051A0001AD111F4043F0AD09DF84A2060F302029C
:1051B00003F07803402B8DF84A207FF429AF9DF847
:1051C000483043F001038DF8483021E79DF84A202C
:1051D000022161F30202EBE79DF84A10022003F07E
:1051E000780360F30201402B8DF84A1002BF9DF84E
:1051F000481041F001018DF84810632A7FF408AF90
:10520000003B18BF01239DF84820C2F340010B4327
:1052100063F341028DF8482000E713F0380FCED138
:10522000F6E69DF84A20032113F0780F61F302029D
:105230008DF84A2014BF01230023E4E70123E2E7AD
:105240009DF948100029B4BF13994FF0FF31FBE6D8
:105250009E077FF508AF149E00230428CDE9133381
:105260009DF8493007D1990705D49DF949100029C7
:10527000ACBF06260D2602F00702012AC3F3C303C2
:1052800032D1DA1E042A04D8DFE802F02045452096
:1052900020002268012B4FEAE271CDE910211BD1D9
:1052A0009DF94020D117CDE9102104349DF8482004
:1052B000069292074FD0059B03993A4650462AF032
:1052C00036F90028C0F27B830544DCE554F8042B52
:1052D000D117CDE91021E9E7022BE6D111B242F353
:1052E000C032CDE91012E0E7022A24D1DA1E042AE6
:1052F00004D8DFE802F0181010181800012B54F839
:10530000042B4FF0000114D0022BCDE91021CDD198
:1053100092B21092CAE7073424F00704F4E80201BD
:10532000CDE91001C2E754F8042B1092002211922B
:10533000BCE7D2B2CDE7042A08D1073424F0070431
:10534000D4E900010834CDE91001AFE7032AADD15B
:1053500054F8042BDDE79DF84B80B8F1780F3FF649
:1053600092ADB8F1570F5CD8B8F1250F00F0A480CA
:10537000B8F1240F7FF687ADB8F1410F04D0A8F142
:105380004503022B3FF67FADDDE91023002BC0F271
:105390004D810699080700F14C81C1F300194FEACD
:1053A0004919C3F30A51C3F31303002940F04481A0
:1053B00052EA030014BF4FF0010C4FF0000CD8026A
:1053C00040EA5250D702CDE90C70B8F1460F47EAD7
:1053D000010740EAE17008BF4FF06608384300F06B
:1053E000B881BCF1000F10D01B0343EA125317031E
:1053F0003A4618464FF0000C002880F25681BCF166
:10540000000F40F05981CDE90C730D9B43F0004330
:10541000A1F2FE3B0D930021DDE90C230F46052090
:1054200060E1A8F15802202A3FF62DAD01A151F804
:1054300022F000BFFF550000874E0000874E00009D
:10544000874E0000874E0000874E0000874E000008
:10545000874E0000874E000089530000874E0000F1
:10546000AB550000BF550000895300008953000070
:1054700089530000874E0000BF550000874E000092
:10548000874E0000874E0000874E00000556000042
:10549000FF5500004F550000874E0000874E00006A
:1054A000C9540000874E0000FF550000874E0000E1
:1054B000874E0000FF55000003994046D047002862
:1054C000C0F27D820135DEE4002E109F3BDB3146C9
:1054D00038462CF0CCFA002F3FF4D5AC3E18F31B25
:1054E0004FF000099DF84A2012F01001069100F0DB
:1054F0005B82023312F04002DDF84C80089218BF44
:10550000149ACDF81C80434418BF9B18049A002AB3
:1055100040F36582D31A9DF8482004935007C2F3E4
:10552000800B00F15C82510640F14C82B9F1000F12
:1055300007D003994846D0470028C0F24082013581
:10554000D94630223FE23846FBF7BAFCC6E710984E
:10555000002800F024820DF17503009312AA17AB06
:10556000002112F03FFDBDF84A3003F0EF0343F491
:10557000F04343F010030746ADF84A304FF00009FE
:10558000002E0CDB9DF848200DF17503DB1B6FF33B
:1055900086129E428DF8482001D9F31A1393002FEA
:1055A0003FF471AC0DF175066DE0109B8DF85C3029
:1055B0004FF000090DF15D0617AF012392E7069B3E
:1055C0001F0758BFC3F30019DDE9102354BF4FEA8A
:1055D00049194FF02B09002B06DA524263EB4303C3
:1055E000CDE910234FF02D090DF175030093DDE98E
:1055F000100117AB12AA12F0F5FC0746C0E74FF0F6
:105600000009F1E7109A072B3FF63DACDFE803F005
:105610000C04060C08080C0C157034E4158032E4F8
:10562000EB17C2E900532EE415602CE44FF02D096E
:10563000B7E64FF02B09B4E640F2FF70814231D15A
:1056400008F10108A2495FFA88F8134311F808101D
:1056500001F003011ED101290BBF492369234E210B
:105660006E210CBF462266228DF85C309DF84830D2
:105670008DF85D106FF386138DF85E208DF848303D
:105680000DF15F0617AFF31BB9F1000F3FF42AAF1E
:10569000013327E7012915BF6E234E2361214121E4
:1056A0001A46E1E74FF0000C89E6921801F1FF314C
:1056B00040414FF0010C9FE6CDE90C20A5E65208D1
:1056C00042EAC3725B08B3F1333F59460BF1010B59
:1056D000F5D200FB03FCA2FB002301F1020B6344A3
:1056E000013F01211BF1020FE9DB09B1CDE90C23D8
:1056F000BBF1000FDDE90C322EDCCBF10401A1F18E
:1057000020000BF11C0B02FA0BFB22FA00F0CA403E
:10571000CB40079208F0DF0243EA0B03472A43EA33
:1057200000037DD1F91C01DBBE422BDAA8F102088F
:10573000002E5FFA88F87CDD9DF84820920606F17D
:10574000FF3676D4B6F1000B18BF4FF0010B721C78
:1057500027E04FF0000B5EE6023342F100020CA896
:10576000CDE90C3229F0B4FEDDE90C320BF1FF3B40
:105770000137DB185241002A0BF1FF3BF9DACDE982
:105780000C32B5E79DF848209006A6EB07064DD4ED
:10579000B6F1000B18BF4FF0010BF2194FF066087D
:1057A0004AD4102AA8BF10229FED477B8DED0E7BB7
:1057B00010200B90DDE90E01002A3FD1079A1B183B
:1057C00042EB0101B1F1805F47D2CDE90C31069B7C
:1057D000B8F1660F03F0200240F0C180002F47DCD3
:1057E00030238DF85C30002A74D1002E40F3BA814A
:1057F0002E238DF85D3087B17B42B342A8BF33467C
:105800009DF84A201393002BA6EB0306D4BF002378
:10581000012363F345128DF84A200DF15E0340E049
:10582000B8F1660F4FF0000BB7D090E74FF0000BC8
:10583000B3E74FF0000B8AE70022B5E7400840EAE3
:10584000C1704908CDE90E010EA8CDE9082329F061
:105850003FFE089A099B013AACE75B0843EAC17333
:105860000CA84908CDE90C31013729F031FEAEE72B
:1058700017AB0B9900290BDD0BA90CA8CDE906325B
:1058800029F03EFE069B079A03F8010B013FF0D179
:105890001397AAB9002E40F363812E2103F8011B50
:1058A0000027002E1FDD0B9A002A1CDD0BA90CA877
:1058B000069329F025FE069B013E03F8010BF0E755
:1058C0002E2203F8012BEBE7000000000000000887
:1058D0001BC403002E238DF85D30002F9DD0002EB9
:1058E0008ADC0DF15E03BBF1000F4CD114961E460D
:1058F00008F0DF03452B21D1002FBABF7F422D23B3
:105900002B23632FC8BF64227370C2BFB7FBF2F3AF
:1059100003F1300102FB13774FF00A0286F8008092
:10592000CABFB17002360336B7FBF2F303F13001A0
:1059300002FB13733033317073700236139B002BEC
:105940002BDC149B002BD4BF002301239DF84A209D
:1059500063F3861200238DF84A20337092E60BA978
:105960000CA8069229F0CCFD069A8DF85C00302830
:1059700018BF07F1FF3712B9002E40F3F3802E2332
:105980008DF85D3049E71E46013B16F8012C302AA0
:10599000F9D02E2A08BF1E46AAE70123D6E7734E88
:1059A0008146771F05239DE5110748BF0133A1E517
:1059B000104609920399D0470028099A05DA1FB0CA
:1059C000BDE8F08F2022DDF810B0594600290BF118
:1059D000FF3BEDDC049BCDF810B02B445D1AB9F110
:1059E000000F05D003994846D0470028E7DB013572
:1059F000089B002B79D09DF94930002B29DBDFF87B
:105A000070913B46187819F8002052079B4603F125
:105A100001033FD49DF84A30EF1B98065F4407D43A
:105A20004246002A08F1FF383BDC079B3B449F1AA3
:105A30009BF800002E280AD10399D0470028BEDB2E
:105A4000B8F1000F07F1010731DC0BF1010B5D46E6
:105A500038E0B94699F800007028C84609F10109F4
:105A600013D1EF1B149D47443D44EB1B002B34DC4A
:105A7000039933464246504629F059FD00289EDBE3
:105A80003844049E0546064465E00399D047002843
:105A9000E0DA94E706930399D0470028069BB1DA31
:105AA0008DE703993020D0470028B9DA87E70399BA
:105AB0003020D04708F1FF38C0E70399D0470028CD
:105AC000FFF67DAF287819F800305907A84605F190
:105AD0000105F2D4A7EB0B07C4E703993020D047A8
:105AE0000028FFF66CAF0137BFE79DF84A30DA06B1
:105AF00001D41B0706D503993020D0470028FFF6B4
:105B00005EAF0135069B3BB103999DF84B00D04732
:105B10000028FFF654AF0135A84406E00399302071
:105B2000D0470028FFF64BAF0135A8EB0503002B4B
:105B3000F4DC039933463A46504629F0F8FC002835
:105B4000FFF63DAF28449CE703992020D04700286A
:105B5000FFF635AF0135731B002BF5DCFFF793B96A
:105B60001746C0E60DF15D03BDE600BF28990300AE
:105B70001CC403000000000038B52DED028B55EC6D
:105B8000104B00F04DFA224BB0EE408AF0EE608AE6
:105B900093F90030013312D045EC104B2BF087FF06
:105BA00068B113A3D3E9002320462946FBF73CF84C
:105BB00060B12AF03CFC9FED108B22230360B0EE15
:105BC000480AF0EE680ABDEC028B38BD0CA3D3E99D
:105BD000002320462946FBF709F80028EFD02AF0D9
:105BE00026FC22239FED088B0360E8E7AFF30080DB
:105BF000EF39FAFE422E8640000000000000F07FE0
:105C000051302DD5104987C0000000000000000071
:105C1000E10C0020000000002DE9F04F55EC104B86
:105C2000C74B87B025F000469E4201952DD906F15D
:105C3000404606F58016264316D1A7A3D3E90023D4
:105C400020462946FAF760FDA5A3D3E900230646BE
:105C50000F4620462946FAF757FD02460B463046C6
:105C60003946FAF79BFB09E022462B462046294697
:105C7000FAF792FB02460B46FAF770FE04460D4611
:105C800045EC104B07B0BDE8F08FAE4B9E4210D8EC
:105C9000B6F1795F80F0AD8093A3D3E9002320466D
:105CA0002946FAF77BFBA84B0022FAF7BDFF002834
:105CB000E6D145EC104B2BF0F2FEA34953EC102B30
:105CC0000020FAF769FBA14B0022FAF71DFD88A31B
:105CD000D3E9002304460D46FAF716FD86A3D3E95F
:105CE0000023FAF75BFB22462B46FAF70DFD84A34F
:105CF000D3E90023FAF750FB22462B46FAF704FDBE
:105D000081A3D3E90023FAF749FB22462B46FAF791
:105D1000FBFC7FA3D3E90023FAF73EFB22462B4688
:105D2000FAF7F2FC7CA3D3E90023FAF737FB22460B
:105D30002B46FAF7E9FC7AA3D3E90023CDE9020167
:105D400020462946FAF7E0FC77A3D3E90023FAF7C7
:105D500023FB22462B46FAF7D7FC75A3D3E9002391
:105D6000FAF71CFB22462B46FAF7CEFC72A3D3E9C6
:105D70000023FAF711FB22462B46FAF7C5FC724BBB
:105D80000022FAF70BFB45EC104BCDE9040127F09C
:105D9000BBF86F4B9E425BEC10AB40F2DB80DDE961
:105DA0000423DDE90201FAF7D9FD52465B46FAF712
:105DB000ABFC52465B46FAF7F1FA02460B46FAF79D
:105DC000EDFA47A3D3E90023FAF7E6FA02460B46B9
:105DD00041A1D1E90001FAF7DFFA019B002BDCBFFA
:105DE000024601F1004304460D46DCBF14461D4641
:105DF00046E722462B4620462946FAF785FC3CA377
:105E0000D3E9002306460F46FAF77EFC3AA3D3E90E
:105E10000023FAF7C3FA32463B46FAF775FC38A37B
:105E2000D3E90023FAF7B8FA32463B46FAF76CFC9E
:105E300035A3D3E90023FAF7B1FA32463B46FAF725
:105E400063FC33A3D3E90023FAF7A6FA32463B46B4
:105E5000FAF75AFC30A3D3E90023FAF79FFA324647
:105E60003B46FAF751FC2EA3D3E90023804689462E
:105E700030463946FAF748FC2BA3D3E90023FAF75A
:105E80008BFA32463B46FAF73FFC29A3D3E90023BD
:105E9000FAF784FA32463B46FAF736FC26A3D3E9F2
:105EA0000023FAF779FA32463B46FAF72DFC264BE7
:105EB0000022FAF773FA02460B4640464946FAF7C3
:105EC0004DFD22462B46FAF71FFC02460B462046A4
:105ED0002946C6E6AFF30080182D4454FB21F93F54
:105EE000075C143326A6913C9C7500883CE4377E01
:105EF00009F7FD0DE13D023F88B20175E0EF493F32
:105F00003B8F68B52882A43F5544880E55C1C93FD0
:105F10007D6FEB0312D6D43F555555555555C53FAA
:105F200082922EB1C5B8B33F59018D1B6C06E63F76
:105F3000C88A599CE52A00404B2D8A1C273A034009
:105F4000FFFFEF3FFFFFDF3F0000F03F0000E03FBB
:105F50003233EF3F52465B4650465946FAF71EFA37
:105F6000DDE9042306460F46DDE90201FAF7F6FCF7
:105F700002460B4630463946FAF7C6FB4FF000089A
:105F800006460F4642465B4640465946FAF7BCFB7A
:105F900002460B4620462946FAF7FEF942460446D9
:105FA0000D465B4650465946FAF7F8F902460B464D
:105FB00020462946FAF7D2FC02460B46FAF7EEF9DC
:105FC00002460B4612A1D1E90001FAF7E5F90246B3
:105FD0000B4630463946FAF7DFF9424604460D468D
:105FE0005B4640465946FAF7D9F902460B460AA1E4
:105FF000D1E90001FAF7D0F902460B4620462946BE
:10600000FAF7CAF902460B4603A1D1E90001E2E61C
:10601000075C143326A6913C182D4454FB21E93F1C
:106020002DE9FF4755EC104BAD4925F000428A425F
:106030004FEAD57633D9AB498A4214D892A3D3E933
:10604000002320462946FAF7EFFD00BB90A3D3E9D1
:10605000002320462946FAF7C9FD002800F0A08059
:10606000002400250EE0C5F313032343224607D086
:106070002B4620462946FAF791F904460D4601E0E1
:10608000002EEDD145EC104B04B0BDE8F08782A3A3
:10609000D3E9002310461946FAF736FBEDE7924B99
:1060A0009A4240F2A980914B9A4279D8904B03EBE7
:1060B000C603D3E9002320462946FAF76DF98D4B34
:1060C000F7003B4493ED007B8DED007BC6F1010AA8
:1060D00080468946AAEB060ADDE900234046494688
:1060E000FAF75AF904460D4622462B462046294621
:1060F000FAF70AFB6AA3D3E9002306460F46FAF72C
:1061000003FB69A3D3E90023FAF746F932463B467D
:10611000FAF7FAFA66A3D3E90023FAF73FF9324611
:106120003B46FAF7F1FA64A3D3E90023FAF734F90E
:1061300032463B46FAF7E8FA61A3D3E90023FAF7BF
:106140002DF932463B46FAF7DFFA02460B46204667
:106150002946FAF721F902460B4606460F46204625
:106160002946FAF7D1FACDE90201BAF1000F5CD164
:1061700000224FF0804330463946FAF70DF90246C7
:106180000B46DDE90201FAF7E9FB22462B46FAF756
:1061900003F902460B4600205749FAF7FDF86CE771
:1061A000564B204603EBC606294647A3D3E90023F6
:1061B000FAF7AAFAD6E90023FAF7F0F8FAF754FD4D
:1061C0008246FAF737FA42A3D3E9002306460F4680
:1061D000FAF79AFA02460B4620462946FAF7DCF807
:1061E0003DA3D3E900238046894630463946FAF775
:1061F0008BFACDE900016FE7414B9A4210D826A3F4
:10620000D3E9002320462946FAF7C8F83A4B002282
:10621000FAF70AFD38B1384B0022204629462AE712
:106220004FF0000A60E782465EE732463B460020B8
:106230004FF08041FAF7B0F802460B46DDE9020163
:10624000FAF78CFB02460B46DDE90001FAF7A4F8E9
:1062500042464B46FAF7A0F802460B460020264974
:10626000FAF79AF86FF47F72924502DB01EB0A515C
:1062700003E70AF57A7A01EB0A5100224FF0B8736E
:106280000AE700BFAFF30080EF39FAFE422E8640E6
:1062900051302DD5104987C09C7500883CE4377E6D
:1062A000D0A4BE726937663EF16BD2C541BDBB3E1C
:1062B0002CDE25AF6A56113F93BDBE166CC1663FFA
:1062C0003E5555555555C53FFE822B654715F73F41
:1062D0000000E0FE422EE63F763C7935EF39EA3D9C
:1062E000412E8640FFFFEF7F422ED63FB1A2F03F06
:1062F00078270300682703000000F03F8827030089
:10630000FFFF2F3E000000009FED010B704700BF14
:10631000000000000000F87F2DE9F043DFF88CC09A
:106320001F4C204E204FDFF888E000230125206815
:1063300005FA03F802881FFA88F1114207D116F80E
:1063400003904288B9F1000F23D00A4342802268AB
:106350009088014207D117F80390D088B9F1000F57
:106360001AD00843D0801089014202BF02EB4300DB
:106370003CF81380A0F80A80508D014202BF02EB66
:1063800083025EF82310D1620133102BCFD1BDE818
:10639000F08322EA0802D9E720EA0800E2E700BF1A
:1063A000340700209542030085420300683E030045
:1063B0009827030030B40E4A156801232C8803FA8D
:1063C00000F083B21C432C80126861B151880B43EA
:1063D0005380084B1A6830BC802302F55F7200219D
:1063E0001E200FF0BBBA538823EA0003F0E700BF7A
:1063F000340700203807002010B4012303FA00F00E
:106400000B4B1A68938884B223439380D38861B17D
:106410002343D380074B5DF8044B1A680021802387
:1064200002F55F721E200FF099BA23EA0003F0E72D
:10643000340700203807002010B40A4B1B680122E3
:106440001C89824022431A8103EB40031E2059819C
:10645000054B5DF8044B1A680021802302F55F723A
:106460000FF07CBA340700203807002010B40A4B24
:106470001B6801225C8D824022435A8503EB800316
:106480001E20D962054B5DF8044B1A680021802359
:1064900002F55F720FF062BA34070020380700205F
:1064A000012310B503FA01F1032809D8DFE800F051
:1064B00002151C23134B1A68138823EA0103138067
:1064C000FFF72AFF104B1A68BDE81040802302F541
:1064D0005F7200211E200FF041BA0A4B1A689388A0
:1064E00023EA01039380EBE7064B1A68138923EA3A
:1064F00001031381E4E7034B1A68538D23EA010378
:106500005385DDE7340700203807002070B5194DAA
:106510002B782BB9184828F0B7FF01232B7070BDDA
:10652000164828F0B1FF164B1A68002414801B6827
:106530009C801C815C85FFF7EFFE124B1A681E20C1
:10654000802302F55F7221460FF008FA06202C70B6
:1065500013F0A2FA30B10C4B43610223037444746C
:106560008474C474BDE87040084900234FF4865217
:1065700029F0ABBCDE590020A63F030026400300F3
:106580003407002038070020414003009424030012
:10659000014825F071B800BF00150020014823F024
:1065A000D1BA00BF940D0020014B1870704700BF96
:1065B000FE590020112898BF0A4B0B4A94BF1B5C60
:1065C0000023002913700ADB084B1B68DB8813F0DB
:1065D000080F14BF02230123054A137070470023DC
:1065E000FAE700BFBB420300FA590020340700203D
:1065F000F959002070B59FED140A0D461349044661
:1066000028F0AEFA124B18702346104C03F1100616
:1066100018685968224603C20833B3421446F7D1BA
:10662000286869680B4B03C3A868186027F0F7FB5C
:10663000094BC3E90001094B1B781BB1BDE8704051
:10664000FFF7A6BF70BD00BF0AD7A33BA833002049
:10665000E05900209C330020F8140020FF5900204E
:1066600008B50246094B0068516803C3906818607A
:1066700027F0D5FB064BC3E90001064B1B781BB185
:10668000BDE80840FFF784BF08BD00BF903300207D
:10669000F0140020FF590020DFED137AB4EEE70A72
:1066A000F1EE10FA82B01AD4DFED107AB4EEE70AF8
:1066B000F1EE10FA15DCF3EE097A30EE670ADFED41
:1066C0000C7A30EE000A30EE270AFCEEC07ACDEDEF
:1066D000017A9DF80430074A137002B07047012315
:1066E000F9E7FF23F7E700BF00001AC20000B1423C
:1066F00000800043FB590020014BC3E900017047B3
:106700004805002030B5039C124D20B928700023A5
:10671000114A137030BDAAB96422B3FBF2F363F0DF
:106720007F03DBB22B700A2271B141F2D603A34280
:10673000B8BF2346B3FBF2F3F53BFF2BD4BFDBB26C
:10674000FF23E5E7FF23EDE794FBF2F3F53BDED40F
:10675000F3E700BFFD590020FC590020044B10F066
:10676000050F1870034B0CBF012203221A707047EB
:10677000F8590020700C002008B5044B187027F061
:106780004EFB034BC3E9000108BD00BFF7590020D1
:10679000E0140020014B01221A707047DF590020DD
:1067A0007FB52F4B00241B780394CDE900448DF86E
:1067B00001302C4B1B788DF802302B4B1B788DF859
:1067C00003302A4B1B788DF8043018238DF80530E0
:1067D00009238DF80630264B1B788DF80830254BA1
:1067E0001B788DF8093040F62E53ADF80A30224858
:1067F00040F6CD42002323F0EFF8A0B1082013F0BB
:106800004BF940B11D4B43611D4B8361032303745E
:1068100044748474C4741B4900234FF4C25229F099
:1068200054FB04B070BD6C46174A04AE254623469F
:1068300003CBB342106051601C4602F10802F6D14E
:1068400027F0EDFA114BC3E90001114B1B780BB196
:10685000FFF79EFEFFF7A2FE284602F001F8E0E7F0
:10686000FE590020FD590020FC590020FB59002052
:10687000FA590020F9590020940D0020A542030088
:10688000834303009C240300E2590020E01500200C
:10689000FF5900207FB58E4ADFED8E6AD2ED017A76
:1068A0009FED8D7A012367EEA67A8DF800308B4B31
:1068B000F4EEC77A1B788DF80130F1EE10FA00F390
:1068C000C0809FED876AF4EEC67AF1EE10FA00F10F
:1068D000BB80FDEEE77A17EE903A9BB2D2ED027ADA
:1068E000ADF8023067EEA67AF4EEC77AF1EE10FA50
:1068F00000F3AD809FED7A6AF4EEC67AF1EE10FAFD
:1069000000F1A880FDEEE77A17EE903A9BB2D2ED47
:10691000037AADF8043067EEA67AF4EEC77AF1EEAA
:1069200010FA00F39A809FED6E6AF4EEC67AF1EEEB
:1069300010FA00F19580FDEEE77A17EE903A9BB2DF
:10694000D2ED007AADF8063067EEA67AF4EEC77A9B
:10695000F1EE10FA00F38780DFED616AF4EEE67A7B
:10696000F1EE10FA00F18280FDEEE77A17EE903A30
:106970009BB25C4ADFED5C6AD2ED007AADF808307C
:1069800067EEA67AF4EEC77AF1EE10FA71DC9FEDAD
:10699000546AF4EEC67AF1EE10FA6DD4FDEEE77AA1
:1069A00017EE903A9BB2D2ED017AADF80A3067EE5D
:1069B000A67AF4EEC77AF1EE10FA60DC9FED486A31
:1069C000F4EEC67AF1EE10FA5CD4FDEEE77A17EE3B
:1069D000903A9BB2D2ED027AADF80C3067EEA67A0F
:1069E000F4EEC77AF1EE10FA4FDC9FED3D7AF4EE4B
:1069F000C77AF1EE10FA4BD4FDEEE77A17EE903A33
:106A00009BB2ADF80E30394840F6CD42002322F05B
:106A1000E3FF00283FD0082013F03EF848B1344B84
:106A20004361344B836103230374002343748374F1
:106A3000C374314900234FF4C25229F046FA04B01E
:106A400070BD47F6FF7349E74FF4004346E747F64A
:106A5000FF735CE74FF4004359E747F6FF736FE7B6
:106A60004FF400436CE747F6FF7382E74FF40043AF
:106A70007FE747F6FF7396E74FF4004393E747F647
:106A8000FF73A7E74FF40043A4E747F6FF73B8E7A7
:106A90004FF40043B5E76C46184A04AE254623463A
:106AA00003CBB342106051601C4602F10802F6D1DC
:106AB00027F0B5F9124BC3E90001124B1B780BB15B
:106AC000FFF766FDFFF76AFD284601F0C9FEB6E74D
:106AD000A83300200000004700FEFF46FE590020BA
:106AE000000000C79C33002000000043940D0020EC
:106AF000A5420300694303009C240300E2590020DF
:106B0000E0150020FF59002070B588B002238DF8F1
:106B10001030904B90481B788DF811308F4B1B78BC
:106B20008DF812308E4B1B788DF813308D4B00246E
:106B30001B78079401A9CDE90544CDE901448DF8FE
:106B4000143003940FF0DCFADDED016A9DED027A5A
:106B5000DDED037AF7EE005A76EEA56A37EE257A78
:106B600077EEA57AB6EE006A66EE866A27EE067ABA
:106B700067EE867A9FED7C6ACDED016A66EE866AE5
:106B80009FED7A6A8DED027AF4EEC66AF1EE10FAA4
:106B9000CDED037A00F3A280F5EEC06AF1EE10FAB3
:106BA00004D4FCEEE66A16EE903A9CB29FED706A51
:106BB000DFED706A27EE067AB4EEE67AF1EE10FAAF
:106BC00000F38F80B5EEC07AF1EE10FA00F18C8000
:106BD000BCEEC77A17EE103A9AB267EE867AF4EEF8
:106BE000E67AF1EE10FA00F38180F5EEC07AF1EE6C
:106BF00010FA7ED4FCEEE77A17EE903A9BB244EAA4
:106C000082245D4ADFED5D6AD2ED007A9FED5C7A09
:106C100067EEA67A44EA4354F4EEC77AF1EE10FA2E
:106C2000CDF8154067DC9FED576AF4EEC67AF1EEB9
:106C300010FA63D4FDEEE77A17EE903A9BB2D2EDEC
:106C4000017AADF8193067EEA67AF4EEC77AF1EE64
:106C500010FA56DC9FED4B6AF4EEC67AF1EE10FAAC
:106C600052D4FDEEE77A17EE903A9BB2D2ED027A5B
:106C7000ADF81B3067EEA67AF4EEC77AF1EE10FAA3
:106C800045DC9FED407AF4EEC77AF1EE10FA41D47C
:106C9000FDEEE77A17EE903A9BB20024ADF81D3076
:106CA0008DF81F40384840F6CD42002322F094FE74
:106CB00098B3082012F0F0FE40B1344B4361344BDE
:106CC00083610323037444748474C47431490023BE
:106CD0004FF4C25229F0F9F808B070BD40F2FF3409
:106CE00064E740F2FF7278E7002276E740F2FF7334
:106CF00085E7002383E747F6FF73A0E74FF40043DF
:106D00009DE747F6FF73B1E74FF40043AEE747F660
:106D1000FF73C2E74FF40043BFE704AC1E4A08AE5E
:106D20002546234603CBB342106051601C4602F156
:106D30000802F6D127F073F8184BC3E90001184B8D
:106D40001B780BB1FFF724FCFFF728FC284601F065
:106D500087FDC1E7FE590020A8330020FD5900201F
:106D6000FC590020FB5900200000804400C07F44F3
:106D70000000004500E0FF449C3300200000004379
:106D800000FEFF46000000C7940D0020A54203004E
:106D90004F4303009C240300E2590020E01500202B
:106DA000FF5900207FB5254B1B788DF80130244B0F
:106DB0001B788DF80230234B00241B7803940325A5
:106DC000CDE901448DF800508DF803301E4840F69F
:106DD000CD42002322F000FE98B1082012F05CFEA4
:106DE00038B11A4B43611A4B83610574447484743F
:106DF000C474184900234FF4C25229F066F804B055
:106E000070BD6C46144A04AE2546234603CBB342FC
:106E1000106051601C4602F10802F6D126F0FFFF17
:106E20000E4BC3E900010E4B1B780BB1FFF7B0FB13
:106E3000FFF7B4FB284601F013FDE0E7FE59002000
:106E4000700C0020F8590020940D0020A54203008A
:106E5000354303009C240300E2590020E015002084
:106E6000FF5900207FB58E4ADFED8E6AD2ED017AA0
:106E70009FED8D7A042367EEA67A8DF800308B4B58
:106E8000F4EEC77A1B788DF80130F1EE10FA00F3BA
:106E9000C0809FED876AF4EEC67AF1EE10FA00F139
:106EA000BB80FDEEE77A17EE903A9BB2D2ED027A04
:106EB000ADF8023067EEA67AF4EEC77AF1EE10FA7A
:106EC00000F3AD809FED7A6AF4EEC67AF1EE10FA27
:106ED00000F1A880FDEEE77A17EE903A9BB2D2ED72
:106EE000037AADF8043067EEA67AF4EEC77AF1EED5
:106EF00010FA00F39A809FED6E6AF4EEC67AF1EE16
:106F000010FA00F19580FDEEE77A17EE903A9BB209
:106F1000D2ED007AADF8063067EEA67AF4EEC77AC5
:106F2000F1EE10FA00F38780DFED616AF4EEE67AA5
:106F3000F1EE10FA00F18280FDEEE77A17EE903A5A
:106F40009BB25C4ADFED5C6AD2ED007AADF80830A6
:106F500067EEA67AF4EEC77AF1EE10FA71DC9FEDD7
:106F6000546AF4EEC67AF1EE10FA6DD4FDEEE77ACB
:106F700017EE903A9BB2D2ED017AADF80A3067EE87
:106F8000A67AF4EEC77AF1EE10FA60DC9FED486A5B
:106F9000F4EEC67AF1EE10FA5CD4FDEEE77A17EE65
:106FA000903A9BB2D2ED027AADF80C3067EEA67A39
:106FB000F4EEC77AF1EE10FA4FDC9FED3D7AF4EE75
:106FC000C77AF1EE10FA4BD4FDEEE77A17EE903A5D
:106FD0009BB2ADF80E30394840F6CD42002322F086
:106FE000FBFC00283FD0082012F056FD48B1344B7E
:106FF0004361344B8361032303740023437483741C
:10700000C374314900234FF4C25228F05EFF04B02C
:1070100070BD47F6FF7349E74FF4004346E747F674
:10702000FF735CE74FF4004359E747F6FF736FE7E0
:107030004FF400436CE747F6FF7382E74FF40043D9
:107040007FE747F6FF7396E74FF4004393E747F671
:10705000FF73A7E74FF40043A4E747F6FF73B8E7D1
:107060004FF40043B5E76C46184A04AE2546234664
:1070700003CBB342106051601C4602F10802F6D106
:1070800026F0CDFE124BC3E90001124B1B780BB169
:10709000FFF77EFAFFF782FA284601F0E1FBB6E738
:1070A000A83300200000004700FEFF46FE590020E4
:1070B000000000C79033002000008044940D0020A1
:1070C000A54203001B4303009C240300E259002057
:1070D000E0150020FF59002030B5002385B0CDE930
:1070E0000033CDE9023305238DF80030294B1B789E
:1070F0008DF801300CF03AFE00282BDB0CF02EFF4F
:10710000254AA0FB020302FB0131C30B43EA4143C2
:10711000C90BCDF80230CDF80610204840F6CD421C
:10712000002322F059FCC8B1082012F0B5FC48B188
:107130001B4B43611B4B8361032303740023437484
:107140008374C374184900234FF4C25228F0BDFE63
:1071500005B030BD4FF0FF331946DAE7134A6C46ED
:1071600004AD234603CBAB42106051601C4602F1D4
:107170000802F6D126F053FE0D4BC3E900010D4B7A
:107180001B780BB1FFF704FAFFF708FA684601F025
:1071900067FBDDE7FE59002040420F00940D002000
:1071A000A5420300014303009C240300E259002090
:1071B000E0150020FF5900207FB50023CDE9013301
:1071C000039306238DF80030414B424C1B788DF819
:1071D000013023788DF802303F4B1B78002B58D1BB
:1071E0003E4AD2E90032012B72F10002B8BF0123FE
:1071F0009BB2ADF803300CF0B1FE4FF47A72A0FBF5
:10720000020302FB0133364A82424FF000029A41E8
:107210000CD3324AD2E90031A3F57F43FF3B0B4345
:1072200002BF4FF6FE700021C2E90001237800265C
:107230008DF80F6083B12B4D26F0F1FDD5E90032BA
:1072400013F57A7342F1000283428A41BFBF0022E4
:107250000023C5E900232670234840F6CD420023D1
:1072600022F0BAFBB8B1082012F016FC48B11F4B4F
:1072700043611F4B836103230374002343748374AE
:10728000C3741C4900234FF4C25228F01EFE04B000
:1072900070BD0123ADE76C46174A04AE2546234670
:1072A00003CBB342106051601C4602F10802F6D1D4
:1072B00026F0B5FD114BC3E90001114B1B780BB152
:1072C000FFF766F9FFF76AF9284601F0C9FADEE729
:1072D000FE590020F7590020DF5900204805002002
:1072E000FFFF2F75E0140020940D0020A54203003D
:1072F000E74203009C240300E2590020E01500202F
:10730000FF59002070B588B00023CDE905330793FD
:1073100007238DF81030AC4BAC4D1B788DF8113035
:107320002B788DF81230AA4B1B78002B40F00D8182
:10733000A84AD2E90032012B72F10002B8BF012342
:107340009BB2ADF813300CF009FE4FF47A72A0FB3B
:10735000020302FB0133A04A82424FF000029A412D
:107360000CD39C4AD2E90031A3F57F43FF3B0B438A
:1073700002BF4FF6FE700021C2E9000100249748C9
:10738000039401A9CDE901440EF0BAFEDDED016AD6
:107390009DED027ADDED037AF7EE005A76EEA56AEE
:1073A00037EE257A77EEA57AB6EE006A66EE866A43
:1073B00027EE067A67EE867A9FED896ACDED016A3F
:1073C00066EE866A9FED876A8DED027AF4EEC66AF4
:1073D000F1EE10FACDED037A00F3B980F5EEC06A54
:1073E000F1EE10FA04D4FCEEE66A16EE903A9CB286
:1073F0009FED7D6ADFED7D6A27EE067AB4EEE67AD0
:10740000F1EE10FA00F3A680B5EEC07AF1EE10FAB4
:1074100000F1A380BCEEC77A17EE103A9AB267EE7D
:10742000867AF4EEE67AF1EE10FA00F39880F5EE43
:10743000C07AF1EE10FA00F19580FCEEE77A17EED3
:10744000903A9BB244EA8224694ADFED6A6AD2ED3F
:10745000007A9FED697A67EEA67A44EA4354F4EE27
:10746000C77AF1EE10FACDF815407DDC9FED636A26
:10747000F4EEC67AF1EE10FA79D4FDEEE77A17EE63
:10748000903A9BB2D2ED017AADF8193067EEA67A48
:10749000F4EEC77AF1EE10FA6CDC9FED586AF4EE68
:1074A000C67AF1EE10FA68D4FDEEE77A17EE903A5C
:1074B0009BB2D2ED027AADF81B3067EEA67AF4EEFD
:1074C000C77AF1EE10FA5BDC9FED4C7AF4EEC77AE6
:1074D000F1EE10FA57D4FDEEE77A17EE903A9BB230
:1074E000ADF81D302B7800268DF81F6083B1444C19
:1074F00026F095FCD4E9003213F57A7342F10002CC
:1075000083428A41BFBF00220023C4E900232E70BA
:107510003C4840F6CD42002322F05EFAB0B308208A
:1075200012F0BAFA48B1384B4361384B83610323F8
:107530000374002343748374C374354900234FF4E8
:10754000C25228F0C2FC08B070BD0123F9E640F237
:10755000FF344DE740F2FF7261E700225FE740F23F
:10756000FF736FE700236DE747F6FF738AE74FF479
:10757000004387E747F6FF739BE74FF4004398E724
:1075800047F6FF73ACE74FF40043A9E704AC214A88
:1075900008AE2546234603CBB342106051601C461B
:1075A00002F10802F6D126F03AFC1B4BC3E90001B8
:1075B0001A4B1B780BB1FEF7EBFFFEF7EFFF2846E7
:1075C00001F04EF9BFE700BFFE590020F759002037
:1075D000DF59002048050020FFFF2F75A833002049
:1075E0000000804400C07F440000004500E0FF44EC
:1075F0009C3300200000004300FEFF46000000C74F
:10760000E0140020940D0020A5420300CD420300A9
:107610009C240300E2590020E0150020FF590020BF
:107620002DE9F04FAB4DAC4E87B0AC4CD4E90032F5
:10763000134300F08380AA4840F6CD42002322F095
:10764000CBF9A0B1082012F027FA48B1A54B43614D
:10765000A54B836103230374002343748374C374B1
:10766000A24900234FF4C25228F02FFCDDE700228C
:107670000023C4E900239E4B6A4603F1100C174611
:1076800018685968144603C4083363452246F7D185
:10769000186820601B792371FEF780FF954A1378E4
:1076A0008DF81430591C11703046102239460FF0F5
:1076B0002DFF0490384600F033FE01238E492B70D5
:1076C0008E4BD3E900C7D1E900308D49D1E900A93B
:1076D0008C4940F2E732D1E900411CEB020847F146
:1076E00000079A1840F1000EA24579EB010B80F2D9
:1076F000E3801AF1640449F10001A2427EEB010E1D
:10770000C0F2DE80A04577EB0101B8BF0CF57A74BA
:1077100026F085FB0027241A4FF4004C24EAE47479
:10772000394640F2E7304FF47A720023C4FB0C0173
:10773000F9F762FB23F046FF2F7076E7724FD7E927
:107740000032134316D0714C26F069FBD4E90023B4
:10775000801A61EB0301C92871F100010ADB0022E4
:107760000023C7E9002326F05AFBC4E90001FFF714
:1077700079FB5AE7664CD4E9003213432DD0DFF889
:10778000948198F80030DBB95D4F26F048FBD7E9CB
:107790000032C01A61EB0201652871F1000118DBAB
:1077A00000220023C4E9002326F039FB26F037FB32
:1077B000C7E90001FFF7A8F937E798F80030FBB1F7
:1077C00000220023C4E9002326F029FBFFF762F81A
:1077D0002BE7D4E900321343EFD1494C26F01FFBCD
:1077E000D4E90032C01A61EB0201652871F1000191
:1077F00024DB26F014FBC4E90001FEF7D1FF14E7F7
:10780000404F26F00CFBD7E90023801A61EB0301FF
:10781000652871F100010CDB00220023C4E900237C
:1078200026F0FDFA26F0FBFAC7E90001FFF76AFD32
:10783000FBE6D4E900321343CFD0C1E7314C26F048
:10784000EEFAD4E90032C01A61EB0201652871F149
:10785000000106DB26F0E3FAC4E90001FFF7ACFC07
:10786000E3E6254F26F0DBFAD7E9003240F2E934AF
:10787000C01A61EB0201A04271F1000106DB26F0A3
:10788000CEFAC7E90001FFF78DFACEE61B4F26F0CE
:10789000C6FAD7E90023801A61EB0301A04271F117
:1078A000000106DB26F0BBFAC7E90001FFF714FC74
:1078B000BBE600F05FF800E7643441F100011CE72B
:1078C00013F57A7240F10000904577EB0000144602
:1078D0001BE700BFFF590020EB09A493E01500202F
:1078E000940D0020A54203009D4303009C24030047
:1078F000E2590020E1590020C8140020C0140020E3
:10790000D8140020D0140020F0140020E814002027
:10791000F8140020E059002008B5082012F0BCF847
:1079200048B1094B4361094B83610323037400236E
:1079300043748374C374064900234FF4C25228F081
:10794000C4FA6FF0850008BDCF430300AD450300C6
:10795000B424030008B5002018F008FD044B18609B
:1079600018B9BDE80840FFF7D7BF002008BD00BF29
:10797000B8330020044B1A782AB100221A70034B46
:10798000186811F035B97047115A0020B83300203B
:1079900070B50578012D2ED0022D44D0002D58D180
:1079A000364B1B783BB9364AD2E90031013341F1FD
:1079B0000001C2E90031334C23681E3B092B0DD86E
:1079C000314DD5E90032134308D1304B002000215E
:1079D000C3E9000126F031FAC5E9000123680A2B4A
:1079E00038BF0A230A3B2360294B1B788BB3BDE8C1
:1079F0007040FFF7BFBF234A1368632B9CBF01335E
:107A0000136013681E2BEFD1204CD4E900321343CE
:107A1000EAD11D4B00200021C3E9000126F00DFA38
:107A2000C4E90001E0E71B4E30461CF041FE04466D
:107A300078B9124B3278197861B9082A09D1164AF7
:107A40009279012A05D1D6F805201A60D6F80920C6
:107A50005A6070BD042AFCD1062012F01DF828B12E
:107A60000E4B4361057444748474C474BDE8704063
:107A70000B4900234FF4845228F027BA145A0020EF
:107A8000E8150020BC330020D0160020D8160020B6
:107A9000125A00201C5A0020710C0020F3430300EE
:107AA000B42403007FB52C4E3578002D52D101232C
:107AB00002932A4B019518680395694611F014F852
:107AC000041E16DA082011F0E7FF48B1244B436189
:107AD000244B4574C0E90634042303748574C574CB
:107AE000214900234FF4015228F0EFF9204604B059
:107AF00070BD0B24642026F0AEF9029D15F003053D
:107B00001DD0013CF6D1194D2B78ABB9082011F0EE
:107B1000C3FF48B1164B43616FF00A03836103232F
:107B2000037444748474C47400230F494FF4C45222
:107B300028F0CBF901232B706FF00A04D6E7039CE1
:107B400034B1082011F0A8FF0028C9D0094BBEE7C6
:107B5000012333700024C9E7115A0020B8330020F4
:107B600009440300A0450300B4240300005A002088
:107B7000494403002644030070B5234D06460FCD4B
:107B800086B001AC0FC42B682360204B1B6893F9AF
:107B90001C3016B901228DF805201D4A02920125DC
:107BA00001A88DF80E308DF816501CF071FB0446BC
:107BB00070B1082011F070FFC8B9164900234FF4C6
:107BC000015228F082F9012102200DF05FFC0BE048
:107BD00011481CF0EBFD11481CF002FE1048082172
:107BE0001CF018FE0F4B1D70204606B070BD0E4BEA
:107BF00043610E4BC0E9063404230374002343742D
:107C00008374C374D9E700BF402603003407002003
:107C100091790000B42403000D5A0020095A002075
:107C2000015A0020135A00207244030091450300BA
:107C300010B5064C237833B100230A20237026F0B8
:107C40000CF91CF0D3FA0023237010BD135A002046
:107C500010B5FFF7EDFF0C4B00241C700B4B0620FA
:107C60001C605C6011F018FF30B1094B43610223C6
:107C7000037444748474C474BDE81040054900233F
:107C80004FF4865228F021B9125A0020145A0020CD
:107C900094440300B4240300074B08491A68084BB6
:107CA0001A60084B1A68084B1A60084A0B68136080
:107CB0004B685360704700BFA6440300AB44030009
:107CC0000D5A0020B4440300095A0020015A002034
:107CD0001F4A84B0D2F8020091790090907808444D
:107CE0008DF80400D07808448DF805001079084418
:107CF00000238DF806005079CDE9023301448DF858
:107D00000710D0790DF10702C1180133082B02F8D2
:107D1000011FF9D16946002211F8013B1BB1552B17
:107D200001D0AA2B02D1083301F8013C0132102AFC
:107D3000F2D1084B019A1A60074A084B12680849A9
:107D40001A60084A0B6813604B68536004B07047B0
:107D5000145A0020095A0020A64403000D5A00209E
:107D6000AB440300015A00202DE9F84F02200DF02A
:107D70004DFC18B1002102200DF088FBB44DB54B2D
:107D80002C7800221A60002C40F08880062011F028
:107D900083FE30B1B04B4361022303744474847496
:107DA000C47400234FF48652AC49AD4E28F08DF8D0
:107DB0000120FFF771FF0024FFF7DEFE4FF0805334
:107DC0007470F470D3F8A400A64AC6F8070092882D
:107DD000A6F80B200820D3F8A480D3F8A87011F0DF
:107DE0005BFE48B1BFB2A04B4361C0E906870423E4
:107DF000037444748474C474984900234FF4035288
:107E000028F063F89949062207200FF0B7FB071EF8
:107E10004FF0080008BF082711F03EFE40B1944B18
:107E2000C0E9053703230374002343748374C374C8
:107E30008A49DFF85CA2DFF85C9200234FF4C65257
:107E400028F043F80421032077710CF06DFA2B78A9
:107E5000BB4261D10A2004210CF066FA062011F021
:107E60001BFE38B1834B4361022303740023437428
:107E70008374C374794900234FF4865228F025F89F
:107E80007D4B734A19680220082365310DF066FDA9
:107E9000FFF7CEFE4FF4C86025F0DFFF08206C78B6
:107EA00011F0FAFD40B1754BC0E9053403230374AA
:107EB000002343748374C374002368494FF4C6528B
:107EC00028F003F86C4B1B680820D3F86540D3F802
:107ED000696011F0E1FD68B1240C694B436144EA2B
:107EE0000644360C0423C0E9064603740023437499
:107EF0008374C37400234FF40352584927F0E5FFFD
:107F00006878FEF751FBFFF7E3FE5E4B01221A7023
:107F1000BDE8F84FFFF72EBD25F08FFF9AF800302F
:107F20000446884623B90120FFF7B6FEFFF724FE7A
:107F300099F800300BB9FFF7B5FD95F800B0BBF12B
:107F4000000F14D0082011F0A7FD40B14E4BC0E93E
:107F5000053B03230374002343748374C374002319
:107F60003E494FF4C65227F0B0FF00232B70DFF8D4
:107F700028B13B4800220023CBE900230023B37142
:107F80001CF0DCFA642025F066FF1CF0CFFA002814
:107F900042D00123B371DBE90032013B13430BD123
:107FA00025F04BFF14F1090248F1000382428B4196
:107FB00002DB2B481CF0C2FA642025F04CFF1CF0B9
:107FC000B5FAA0B3DBE90032023B134311D106201E
:107FD00011F062FD38B12D4B43610223037400237D
:107FE00043748374C3741D4900234FF4865227F0F1
:107FF0006CFF99F800300BB1FFF7BCFC25F01DFFBA
:1080000040F2E933001B61EB0801984271F1000175
:1080100018DB23F0F1F91AE725F00FFF14F109023C
:1080200048F1000382428B41B3DB0120ABE725F02E
:1080300004FF14F1090248F1000382428B41C1DBC5
:108040000120BAE7C0F57A7025F007FFFFE600BF10
:10805000145A0020BC330020B9440300B4240300A8
:10806000710C0020A4000010C1440300780C002013
:10807000D94403001A4503003807002021450300B6
:1080800030450300125A0020E84403000145030074
:10809000135A0020115A0020E81500202DE9F84F4E
:1080A000DFF84C814B4DD8F80030DFF848915C8800
:1080B00025F0C3FE484B1A68D2F865302B60D2F821
:1080C00069306B6004F02007824604F004040E4619
:1080D00099F8003033B9002F52D1FFF745FE012047
:1080E000FFF74AFDDFF810B1DBF800301D2B4FF031
:1080F000020058D90DF08AFA20B99FBB0121022055
:108100000DF0C4F954B325F098FED8F80030334A86
:10811000D3F82CB0D2E90032C01A61EB02014FEA69
:10812000EB7383458B4119DA082011F0B5FC60B17F
:108130002B4B43614EF660239BFBF3F383610323D8
:108140000374002343748374C374264900234FF4DB
:10815000C45227F0BAFE002026F0BFFB642025F0B1
:108160007CFEB5E708200DF051FA0028C6D0002C9F
:10817000C9D1642025F071FE99F80030002BB3D1ED
:108180002B78002BA9D108200DF040FA0028A9D1A6
:1081900025F053FE144BC01861F10001824576EBC7
:1081A00001019ADB9EE70DF031FA0028D6D025F0C8
:1081B00044FE0E4AD2E90032C01A40F6B93361EBF0
:1081C0000201984271F10001C8DB002102200DF08C
:1081D0005DF9C3E7145A002038070020D8160020A4
:1081E0004A450300B424030012FDFFFFD01600200F
:1081F00034070020125A0020BC330020044B1B78A7
:1082000013B9044B1B780BB1FFF722BD704700BFB9
:10821000145A0020125A00207FB5274B05460E46FF
:1082200093E8030006220290ADF80C10072002A983
:108230000FF0A4F9031E4FF0000408BF082305F057
:10824000FF02A44208BF9A4212D0062011F024FC7B
:1082500030B11A4B43610223037444748474C474B0
:10826000174900234FF4865227F02FFE04B070BD4B
:10827000FFF7C4FFCDE900566B4603CB114A1060EF
:108280000620516011F008FC30B10F4B436102230E
:10829000037444748474C474094900234FF48652EF
:1082A00027F013FE094B074A19680220082365319D
:1082B0000DF054FBDAE700BFA40000106B4503008B
:1082C000B4240300145A00201A4503003807002084
:1082D00010B5FFF793FF0E4B0E4A196802200823D2
:1082E00065310DF03BFB062011F0D6FB38B10A4B8F
:1082F000436102230374002343748374C374BDE891
:108300001040064900234FF4865227F0DEBD00BF1F
:1083100038070020145A00207E450300B4240300CF
:1083200070B50F4B1B780546CBB10E4B1B78B3B124
:108330000D4B1B780BB9FFF7B5FB0C4C2046002307
:1083400010F8052BE37029460126667029F03FFBE3
:108350001CF0FEF920461CF0F1F8054B1E7070BDB4
:10836000135A0020125A0020115A0020960C0020A7
:10837000415A0020034B187808B1034B187800F0DD
:1083800001007047135A0020125A00200649013894
:1083900010F8013F03B97047CA5C02F00302012ADA
:1083A00008BF20330370F3E71CC4030008B51C4862
:1083B00027F06AF81B4827F067F81B4827F064F895
:1083C0001A4827F061F81A4827F05EF8194827F094
:1083D0005BF8194827F058F8184827F055F818485E
:1083E00027F052F8174827F04FF8174827F04CF8B5
:1083F000164827F049F8164827F046F8154827F0A0
:1084000043F8154827F040F8144827F03DF8144881
:1084100027F03AF8BDE80840124827F035B800BF09
:10842000D1450300074603003D4603006D460300A7
:10843000A1460300D74603000A4703003D47030057
:108440007A470300B7470300EC4703001D480300C9
:108450004E4803007348030096480300D0480300C9
:10846000094903003D49030030B50A2185B005469E
:1084700025F015FD084A034604460C2101A827F003
:1084800010F8294601A8F8F711FD00280CBF204676
:108490004FF0FF3005B030BDE67B030000B589B07A
:1084A00000220023CDE9062300230622CDE9032381
:1084B000CDE9013300930549054B06484FF480622E
:1084C00022F0CAF909B05DF804FB00BF0068002083
:1084D000C1120000E0160020014814F095BB00BF57
:1084E000E016002010B5062011F0D6FA38B1084B7E
:1084F000436102230374002343748374C374BDE88F
:108500001040044900234FF4845227F0DEBC00BF22
:1085100005510300E424030080B50C4A0C4B00AF66
:1085200088B0002908BF13466A460A49C2E9051304
:108530004FF400739383084B42F8103F0748002321
:108540004FF4E65111F088FCBD4680BD8E920300C9
:10855000B25103003951030003000001E424030079
:1085600038B52F482F4D20F0E1FE04462860082042
:10857000A4B911F091FA40B12B4B43612B4B8361AD
:108580000323037444748474C474294900234FF48E
:10859000C25227F09AFC6FF0120038BD11F07CFA3D
:1085A00040B1244BC0E90534032303740023437412
:1085B0008374C3741E4900234FF4C65227F085FC10
:1085C0001D4B1E4928680F2215F028F9BFF35B8F59
:1085D0001B4B53E8001F41F0010143E80012002A41
:1085E000F7D1BFF35B8F0021286827F085FF88B1A2
:1085F000062011F051FA38B1124B43610223037483
:10860000002343748374C374094900234FF48452D4
:1086100027F05BFC2868BDE8384027F072BF00BF38
:108620004A510300C833002050510300D7510300C2
:10863000E42403006E51030074280300F651030084
:10864000C433002081510300084BBFF35B8F53E814
:10865000002F22F0010143E800100028F7D1BFF3FA
:108660005B8FD30701D4FFF73DBF7047C4330020B1
:108670002DE9F347564C574D2378D3B925F001FC2B
:10868000D5E90023633861F1000182428B4110DBA0
:1086900025F0F7FB504E514BC018D6E9002361F18D
:1086A000000182428B416ADB0021212022F08AFFF7
:1086B000E2E725F0E6FBC5E90001494BBFF35B8F1C
:1086C00053E8002F42F0010143E800100028F7D1E1
:1086D000BFF35B8F12F00102DAD12778414EDFF849
:1086E00024C1DFF824E14FF0FF08032F317834DD97
:1086F0003D484022006801AB0CEB011115F0A6F8D3
:10870000327827780432D2B2042F327009D937492F
:108710000B68043B3B440B6035490F88BB4288BF64
:108720000B80072A84BF00233370002626700028A0
:10873000AED0082011F0B0F940B12E4B43612E4B62
:1087400083610323037446748674C6742B49002323
:108750004FF4C25227F0B9FB9AE7CB1919010CEB81
:1087600003130CF801805A70DEF80000C3F8020011
:10877000BEF80410D9809A60DA600137B5E7DFF8F7
:108780006C801B4FD8F80090B9F1000F16D008206C
:10879000B7F800A011F080F950B1194BC0F81CA037
:1087A000C0E9053904230374002343748374C3743C
:1087B000124900234FF4035227F087FB0023C8F827
:1087C00000303B8025F05DFBC6E900016CE700BF8F
:1087D000435A0020C8170020C017002078ECFFFF84
:1087E000C4330020425A0020C8330020C033002088
:1087F000A85900209D510300EA510300E42403001E
:10880000B9510300445A0020A400001000B589B0FB
:1088100000220023CDE9062300230622CDE903230D
:10882000CDE9013300930549054B06484FF48072AA
:1088300022F012F809B05DF804FB00BF806C002044
:1088400071860000D0170020014814F0DDB900BF88
:10885000D0170020014B1868FFF7F6BEC833002080
:1088600030B5174B1B685B889B0628D5154A034615
:1088700000F11004114653F8045B42F8045BA34274
:10888000F9D10378012B03D0042B1CBF0023CB7339
:108890000D4C0E4A002310784B70237818440B2897
:1088A0000DDC084A0A4901EB001102F1100052F8F0
:1088B000045B41F8045B8242F9D10133237030BD7F
:1088C00034070020045B0020435A0020425A002055
:1088D000445A00202DE9F84F4FF08043DFF81892FA
:1088E000D3F80074D3F80024C3F80024D9F800307A
:1088F0005C8814F002042ED0022106200BF014FD37
:108900000CF0F6FF0546002840F0E0800DF092F9EB
:108910000446002866D126F02FF864200DF002F8F6
:10892000FF25D9F800305B885B070ED526F026F8C6
:10893000074626F025F806460CF05AFD2DB924B955
:108940001FB916B908B90DF0C7F928460DF018FA85
:108950000020BDE8F88F022106200BF0E5FC0CF0AA
:10896000C7FF07F001070546002840F0A780002F49
:10897000CCD0022107200BF0D7FC0DF05BF90446A8
:1089800090BB25F0F9FF012480466423A3F1640520
:10899000EDB2002F00F0A280B8F1000F1ED101331C
:1089A000DEB230460CF0BEFF082011F075F850B171
:1089B0004E4B80F81180C0E905360323037480F81C
:1089C000128080F813804A4900234FF4C65227F0E2
:1089D0007CFA4FF40040002122F0F4FD64200CF0FA
:1089E000A1FF9EE70027C4E7012140200CF04EFDC7
:1089F00028F0A1FF4FF47A78A0FB080608FB016677
:108A0000C50B45EA46454FF0000AF60B40F2E93B3C
:108A10000DF010F948B328F08EFF4FF47A73A0FBE5
:108A2000030308FB0131C30B43EA41435B1B4FEADD
:108A3000D13161EB06015B4571F1000139DB0620A4
:108A400011F02AF848B12B4B43610223037480F8DC
:108A500011A080F812A080F813A0254900234FF43C
:108A6000865227F032FAFFF7C9FBD9F800305B884D
:108A70005A0716D528F05FFF4FF47A72A0FB020365
:108A800002FB0131C30B43EA41435B1B4FEAD13187
:108A900061EB0601322B71F1000102DA002025F0B2
:108AA0002FFF002140200CF0F1FC25F065FF8046EF
:108AB0006BE70021212022F085FDA9E725F05CFF6E
:108AC000C82D28BFC8258046EBB25FE725F054FFCC
:108AD000C82D28BFC825643DEDB2002464200CF0E9
:108AE00021FF002D08BFFF251BE700BF0F52030029
:108AF0001C2503009444030034070020F8B50378D4
:108B00000D4616462BB303461A78202A184603F161
:108B10000103F9D0EAB1286001240027202128F0C0
:108B200086FF034638B103F8017B184613F8012B82
:108B3000202AFAD022B9002345F824302046F8BD77
:108B400045F824000134A642E8D10348314626F016
:108B50009BFC0024F2E700BF2452030008B528F074
:108B6000EAFE024BC3E90001002008BDB018002056
:108B70002DE97043114D124B2868124C124E4FF4E0
:108B80008061D3E9008926F03AFA2B681968B1426E
:108B900008BFA0420CBF0124002406D04FF480621D
:108BA0002146184628F03BFF06602B68C3E902897E
:108BB000C3E908892046BDE8708300BF380700205C
:108BC000B01800201CDF4421C450010DF8B528F076
:108BD000B2FE0C4D02462868D0E90434D0E9027692
:108BE000DB1B64EB06049B1844EB0104C0E904346E
:108BF000C0E902214FF47F7126F001FA2B68C3F817
:108C0000FC03F8BD38070020D0ED007ADFED3B6AA9
:108C1000F4EEE67AF1EE10FA63DD9FED397AF4EEC8
:108C2000C77AF1EE10FA4CBF012300239FED357A8D
:108C3000F4EEC77AF1EE10FA55D59FED336AF4EEF3
:108C4000C67AF1EE10FACCBF012200225200D0ED1C
:108C5000017AF4EEE67AF1EE10FA43EA020344DD1B
:108C60009FED276AF4EEC67AF1EE10FA4CBF0122AE
:108C700000229200F4EEC77AF1EE10FA43EA020302
:108C800035D59FED216AF4EEC67AF1EE10FACCBF2D
:108C900001220022D200D0ED027AF4EEE67AF1EE63
:108CA00010FA43EA020324DDDFED156AF4EEE67AFA
:108CB000F1EE10FA4CBF012200221201F4EEC77A45
:108CC000F1EE10FA43EA020315D59FED0F7AF4EEA8
:108CD000C77AF1EE10FACCBF012000204001184302
:108CE00070470023A2E70022B1E70022C2E700227A
:108CF000D1E70022E2E70020F1E700BF9A9999BF8F
:108D0000CDCC4CBF9A99993FCDCC4C3F38B50C4B4C
:108D10000C48002119700C4B19700C4B4FF4487221
:108D200000240025C3E9004528F079FE0849002207
:108D30000023C1E900230749C1E9002338BD00BF72
:108D4000165B0020D8190020155B0020F81C0020BD
:108D5000D0190020C819002008B5082010F09CFE8A
:108D600048B1094B4361094B83610323037400231A
:108D700043748374C374064900234FF4C25227F02E
:108D8000A4F84FF0FF3008BD425203008B57030098
:108D90007C24030010B5D1ED007AD0ED006A91ED8E
:108DA000017A91ED026A76EEE76AD0ED017A77EE0C
:108DB000C77A90ED027A67EEA77A46EEA67A144655
:108DC00037EE467A47EE077A17EE900AF7F744FC3B
:108DD00041EC100B24F00CF851EC100BF7F76CFF82
:108DE000DFED097A07EE100AB4EEE77AF1EE10FA39
:108DF00096BF2068002064302060B0F5FA6FD4BFC1
:108E00000020012010BD00BFCDCC4C3D2DE9F0412C
:108E1000054625F065F8012871F1000135DB25F0E4
:108E20005FF810F5004441F10006DFF89880204F0C
:108E3000D8E90023C7E90023D8E90013D7E90002E5
:108E4000884272EB030324D200220023C7E90023E7
:108E500025F046F8A042B14123DB082010F01CFEAB
:108E600048B1144B4361144B836103230374002303
:108E700043748374C374114900234FF4C25227F022
:108E800024F84FF0FF30BDE8F0814FF40044002695
:108E9000CBE725F025F8A042B141D5DA25F030F82E
:108EA000CAE7074B93E8070085E807000020EAE7D8
:108EB000D81800206C520300B75703007C2403002D
:108EC000E8330020E018002010B504461B4B006872
:108ED00061681B4A03C3A0681860D2E900310133FE
:108EE00041F10001C2E90031164AD2E900321343D0
:108EF00001D025F005F8144B1B782BB120461349FF
:108F0000BDE8104025F09CBE114BD4ED007A93EDE6
:108F1000007A77EEC77AC4ED007A93ED017AD4ED4A
:108F2000017A77EEC77AC4ED017A93ED027AD4ED37
:108F3000027A77EEC77AC4ED027A10BDE8330020DA
:108F4000E0180020D8180020145B002024340020F2
:108F50006C34002010B50446174B00686168174A4E
:108F600003C3A0681860D2E90031013341F1000168
:108F7000C2E90031124AD2E90032134301D024F091
:108F8000BFFF104BD4ED007A93ED007A77EEC77AED
:108F9000C4ED007A93ED017AD4ED017A77EEC77AC9
:108FA000C4ED017A93ED027AD4ED027A77EEC77AB6
:108FB000C4ED027A10BD00BFDC330020D0180020C1
:108FC000C81800206034002010B504460D4B00681E
:108FD00061680D4A03C3A0681860D2E9003101330B
:108FE00041F10001C2E90031084AD2E900321343DD
:108FF00001D024F085FF20460549BDE8104025F04A
:109000001FBE00BFD0330020C0180020B8180020B9
:10901000F4330020014B1870704700BF975B0020AD
:1090200000487047175B002070B51E4B1E481C6837
:109030001E4D04F16D01802228F0C9FCD4F8F00027
:10904000D4F8F4101A4B03C3D4F8F8001860D4F81D
:109050000011D4F8FC00174B03C3D4F804011860C6
:10906000D4F80C11D4F80801134B03C3D4F8100141
:10907000186004F5A27604F58A73186859682A46C0
:1090800003C20833B3421546F7D10C4D04F5BA7448
:10909000186859682A4603C20833A3421546F7D117
:1090A00070BD00BF38070020175B0020F43300209C
:1090B0006C3400206034002054340020243400201C
:1090C0001B4B70B5002814BF06461E46194B0029DD
:1090D00014BF0D461D46002434607460B4602C60DB
:1090E0006C60AC60FAB1062010F0D6FC30B1124BC7
:1090F00043610223037444748474C4740F4C104994
:1091000000234FF4865226F0E0FE21680C233246FD
:10911000F03103200CF022FC21680C232A46FC319C
:1091200004200CF01BFCBDE870400AF03BBB00BF04
:109130006C340020603400208D520300380700207A
:109140007C240300F0B5274B002814BF06461E46BA
:10915000254B85B00024002914BF0F461F46B6EEEC
:10916000000A01A93046CDE901441546039425F0D3
:109170002FFD20BB30462A463946FFF7A1FF0620C7
:1091800010F08AFC28BB194900234FF4845226F0C2
:109190009CFE062010F080FC38B1154B4361022381
:1091A0000374002343748374C374104900234FF481
:1091B000845226F08AFE4FF0FF3005B0F0BD9FEDDF
:1091C0000D0A01A9384625F003FD0028D2D020461B
:1091D000F3E7094B43610223037400234374837450
:1091E000C374D0E76C340020603400207C2403007A
:1091F000C652030000004842AE520300174B70B540
:10920000002814BF04461C460D463022002120468B
:1092100028F005FC4FF07E53E360E361E362E5B1C3
:10922000062010F039FC38B10D4B43610223037462
:10923000002343748374C3740A4900234FF4865295
:1092400026F043FE084B196822463023BDE87040E3
:1092500001F5A27107200CF081BB70BD2434002001
:109260008D5203007C2403003807002070B5304B7A
:109270002DED028B002814BF05461D468AB0EB6811
:109280000493EB6905930024EB6A039404A80E464B
:10929000CDE90144069325F0C4FC01A9B0EE408A53
:1092A0008DED070A8DED080A8DED090A2846B6EE08
:1092B000000A25F08DFC28BB28463146FFF79EFFAB
:1092C000062010F0E9FB48BB1A4900234FF48452F2
:1092D00026F0FBFD062010F0DFFB38B1164B436192
:1092E00002230374002343748374C374114900235D
:1092F0004FF4845226F0E9FD4FF0FF300AB0BDEC88
:10930000028B70BD9FED0D0A07A928EE000A04A884
:1093100025F05EFC0028CFD02046EFE7084B4361E4
:1093200002230374002343748374C374CCE700BF27
:10933000243400207C240300C6520300CDCCCC3D55
:10934000AE520300154B70B5002814BF05461D46EC
:109350000C4630220021284628F061FBE4B10620AB
:1093600010F09AFB38B10E4B4361022303740023C3
:1093700043748374C3740B4900234FF4865226F060
:10938000A4FD094B19682A463023BDE8704001F559
:109390008A7105200CF0E2BA70BD00BFF4330020E2
:1093A0008D5203007C2403003807002070B5344B35
:1093B0002DED028B002814BF05461D468AB0EB68D0
:1093C0000493EB6905930024EB6A039404A80E460A
:1093D000CDE90144069325F024FC01A9B0EE408AB2
:1093E0008DED070A8DED080A8DED090A2846B7EEC6
:1093F000000A25F0EDFB28BB28463146FFF7A2FF07
:10940000062010F049FB90BB1E4900234FF4845204
:1094100026F05BFD062010F03FFB38B11A4B43618C
:1094200002230374002343748374C3741549002317
:109430004FF4845226F049FD4FF0FF300AB0BDECE6
:10944000028B70BDDFED117A9FED110A28EE278A9D
:1094500007A9B4EEC08AF1EE10FAC8BFB0EE480A10
:1094600004A825F0B5FB0028C6D02046E6E7094B46
:10947000436102230374002343748374C374C3E7FA
:10948000F43300207C24030007530300CDCC4C3E72
:10949000CDCCCC3DAE5203002DE9F04F2DED068B27
:1094A0009BB000AFFFF7C0FD002101220846FFF787
:1094B00049FE01210020FFF7D9FE01210020FFF71E
:1094C00075FFA44BDFF8C0A21B68DB88C3F3401311
:1094D0008AF80030A04B1C68012C54D0022C00F0FC
:1094E00097849E4E96F90030002B81F2168100245D
:1094F000C7E90B449A487C6307F12C0125F016FB61
:10950000B5EE400AF1EE10FA40F0A28324F0E8FC38
:10951000012871F10001C0F2F38624F0E1FC10F59E
:10952000004541F10004DFF86492DFF86482D9E974
:109530000023C8E90023D9E90013D8E900028842D2
:1095400072EB030380F0E08600220023C8E90023C9
:1095500024F0C6FCA842A141C0F2F886082010F011
:109560009BFA48B17F4B43617F4B836103230374B4
:10957000002343748374C3747C4900234FF4C252A4
:1095800026F0A3FC64E3202021460BF07FFF062099
:1095900010F082FA38B1764B436102230374002342
:1095A00043748374C374714900234FF4865226F0C8
:1095B0008CFC062010F070FA38B16E4B4361022328
:1095C0000374002343748374C37400234FF48652DE
:1095D000664926F07AFC032104200AF0A5FE4FF428
:1095E0000042002307F13800FFF710FC0646002870
:1095F00040F0A9800C20D7F83890D7F83C803D6C1B
:1096000010F04AFA0446A8B15B4B43614846F7F7AD
:1096100023F8C4E906014046F7F71EF8C4E908013B
:109620002846F7F719F8C4E90A0108232374667479
:10963000A674E6744D49DFF834B19FED508A0023DB
:1096400044F2C002204626F040FC4FF000084FF4E0
:10965000FA7007F12C0524F056FC4FF40042002369
:109660002846FFF7D3FB814600286CD1D7ED0B7A53
:10967000C7ED037AD7ED0C7AC7ED027AD7ED0D7AF4
:109680000C20C7ED017A10F007FA0446C0B13A4B3E
:109690004361F868F6F7E0FFC4E90601B868F6F739
:1096A000DBFFC4E908017868F6F7D6FFC4E90A01D0
:1096B0000822227484F8119084F8129084F8139090
:1096C00059462046002344F2C00226F0FEFBB0EECD
:1096D000480A07F13801284625F07AFAC0B3062077
:1096E00010F0DAF938B1264B4361022303740023EA
:1096F00043748374C37400234FF48652594626F092
:10970000E4FBB8F1000F45D14FF0010895E80700E0
:1097100007F1380383E80700013608F106039E428B
:1097200095DB062010F0B8F938B1164B43610223DF
:109730000374002343748374C37400234FF486526C
:109740000A4926F0C2FB032101200AF0EDFD79E26F
:109750008046DBE734070020CC330020165B002076
:10976000F4330020E25603007B5703007C240300FF
:1097700066530300A4530300C8530300CDCCCC3D73
:10978000E6530300F9530300145B0020C0180020C7
:10979000B8180020032102200AF0C6FD4FF4FA7029
:1097A00024F0B1FBA54B1B78012B6CD1062010F0E7
:1097B00073F938B1A24B436102230374002343744D
:1097C0008374C3749F4900234FF4865226F07DFBB7
:1097D00009F088FE062010F05FF938B19A4B43611A
:1097E00002230374002343748374C37495490023D4
:1097F0004FF4865226F069FB944801F0A1FE04461E
:10980000062010F049F938B1914B436102230374EB
:10981000002343748374C3748A4900234FF486522F
:1098200026F053FB09F07EFF062074B110F034F9E6
:1098300038B1884B4361022303740023437483745B
:10984000C37400234FF484527AE710F025F930B145
:10985000814B43610223037444748474C474794952
:1098600000234FF4865226F030FB7C4B774A196870
:109870001F2080236D310CF071F809F093FF4FF435
:10988000FA7024F040FB062010F006F938B1744B52
:10989000436102230374002343748374C37400235D
:1098A00068494FF4865207F1200B26F00EFB002288
:1098B000594607F11400FFF703FC4FF40042002360
:1098C00007F13800FFF7A2FA0446002840F03F8174
:1098D00024F008FBC7E902109FED628A24F002FB26
:1098E000FB68C01ABB6861EB030140F6B8339842CD
:1098F00071F10001C0F2C080082010F0CDF840B135
:10990000594BC0E905340323037400234374837463
:10991000C3744C4900234FF4C65226F0D6FA07EE22
:10992000904A9AF80090F8EEE77AB9F1000F1FD14B
:1099300097ED057AD7ED075A9FED4C5A87EE276AC7
:1099400097ED067A87ED056AC7EE276A85EEA77A56
:10995000B4EEC56AF1EE10FAC7ED066A87ED077A34
:1099600040F3A781B7EE007A36EE476A87ED056AC5
:10997000D7ED086A86EEA77AD7ED096A87ED087AEF
:1099800086EEA77AD7ED0A6A87ED097A86EEA77A7E
:1099900087ED0A7AB9F1000F28D10C20D7F814808E
:1099A000BE69FD6910F078F80446C0B1304B4361E0
:1099B0004046F6F751FEC4E906013046F6F74CFE84
:1099C000C4E908012846F6F747FEC4E90A0108235E
:1099D000237484F8119084F8129084F81390194934
:1099E000002344F2C002204626F06FFA0C20D7F87C
:1099F00020807E6ABD6A10F04FF80446B0B11D4B5E
:109A000043614046F6F728FEC4E906013046F6F702
:109A100023FEC4E908012846F6F71EFE0823C4E920
:109A20000A01237400236374A374E37405490023BB
:109A300044F2C002204626F048FA8AE0975B0020F4
:109A4000095403007C24030022540300175B002008
:109A5000465403005D54030091540300380700206E
:109A6000B3540300CDCCCC3DDD5403006666663FA5
:109A7000E95403000C5503004FF40042002328462C
:109A8000FFF7C4F9002862D1B0EE480A07F13801A7
:109A9000284625F09DF8002800F03E819AF8003015
:109AA000BBB9D7ED057A97ED0B7A77EE877A97ED0C
:109AB0000C7AC7ED057AD7ED067A77EE877A97EDBF
:109AC0000D7AC7ED067AD7ED077A77EE877AC7ED7C
:109AD000077A24F005FA012871F10001C0F2BB8079
:109AE00024F0FEF910F5004641F10008DFF81C9360
:109AF000B549D9E90023C1E90023B34AD9E90013E4
:109B0000D2E90002884272EB030380F0A980AE49DB
:109B100000220023C1E9002324F0E2F9B04271EBF6
:109B20000801C0F2A78008200FF0B6FF48B1A74B8C
:109B30004361A74B8361032303740023437483743D
:109B4000C37400234FF4C252A24926F0BEF9A24BBF
:109B50007B610022594607F11400FFF7F3FA9F4D8D
:109B60000446002800F0EE80012003210AF0DCFB0F
:109B700006200FF091FF38B1994B43610223037423
:109B8000002343748374C374924900234FF48652B4
:109B900026F09BF99AF8006046BB924B0C20D3F854
:109BA0000090D3F80480D3F808A00FF075FF0446A6
:109BB000A8B18D4B43614846F6F74EFDC4E9060156
:109BC0004046F6F749FDC4E908015046F6F744FD62
:109BD000C4E90A01082323746674A674E6747D49F7
:109BE000002344F2C002204626F06FF90C20D5F87D
:109BF00000806E68AD680FF04FFF0446B0B17B4B3C
:109C000043614046F6F728FDC4E906013046F6F701
:109C100023FDC4E908012846F6F71EFD0823C4E920
:109C20000A01237400236374A374E374694944F242
:109C3000C0022046002326F048F9002101220846F0
:109C4000FFF780FA6A4B0021202019600BF01EFC00
:109C5000052000F068BD4FF400464FF0000845E7CE
:109C600024F03EF9B04271EB0801BFF650AF24F08A
:109C700047F942E75F4BD7ED087A93E8070085E89C
:109C8000070097ED0B7A77EE877A97ED0C7AC7EDA0
:109C9000087AD7ED097A77EE877A97ED0D7AC7EDD6
:109CA000097AD7ED0A7A77EE877A0134C7ED0A7A16
:109CB00014E6DFED515AB4EEE56AF1EE10FA04D580
:109CC000B7EE007A36EE076A50E6F4EEC56AF1EEBA
:109CD00010FA06DDB7EE007A76EEC76AC7ED066ABF
:109CE00046E6F4EEE56AF1EE10FA04D5B7EE007A36
:109CF00076EE876AF2E7B4EEC57AF1EE10FA06DD89
:109D0000F7EE006A37EE667A87ED077A30E6B4EE52
:109D1000E57AF1EE10FA07D406200FF0BDFE40B947
:109D200000234FF486520FE7F7EE006A37EE267AEB
:109D3000EAE7324B436102230374002343748374C4
:109D4000C374EDE706200FF0A7FE30B12C4B436142
:109D50000223037444748474C4741E49214C002388
:109D60004FF4865226F0B1F807F1140393E8070088
:109D700084E807009BE8070085E80700214D09F00B
:109D800011FD29680C232246F03103200BF0E6FD7B
:109D90002968124A0C23FC3104200BF0DFFD062059
:109DA0000FF07AFE38B1184B43610223037400238D
:109DB00043748374C374074900234FF4865226F01A
:109DC00084F803210A20C0E4C8180020C05403000E
:109DD000A65703007C2403000000C07F60340020ED
:109DE0002B5503006C340020E95403000C5503008C
:109DF000CC330020DC330020666666BFF9530300D5
:109E00004A550300380700205F550300D018002092
:109E1000202001210BF03AFB9AF800500620002D7B
:109E200000F05E820FF038FE30B1C24B4361002378
:109E3000047443748374C374BF4900234FF486527F
:109E400026F043F806200FF027FE38B1BB4B4361E4
:109E500002230374002343748374C37400234FF4F8
:109E60008652B549DFF81CA326F02FF80024002104
:109E700007F13800FFF7C2F9C7E90B447C637C6146
:109E8000FEF744FFAE4825F0FFFA032104200AF054
:109E90004BFAAC48DFF8F092AB4E25F0F5FA4FF4F0
:109EA0000042002307F12000FEF7B0FF054600281E
:109EB00073D0FEF72BFFA54BBB63002107F13800E1
:109EC000FFF7D4F90446002800F0E38101200321C4
:109ED0000AF02AFA06200FF0DFFD38B19C4B4361EF
:109EE00002230374002343748374C37492490023D0
:109EF0004FF4865225F0E9FF06200FF0CDFD38B172
:109F0000944B436102230374002343748374C3742A
:109F10008949914D00234FF4865225F0D6FF032640
:109F20004FF0000855F804BBD5ED087AD5F808A025
:109F3000D5F81490C7ED037A0E200FF0ADFD04465E
:109F4000E8B1864B43615846F6F786FBC4E9060143
:109F50005046F6F781FBC4E908014846F6F77CFB5A
:109F6000C4E90A01F868F6F777FBC4E90C010A2393
:109F7000237484F8118084F8128084F813806E4969
:109F8000002345F2C002204625F09FFF013EC9D1C3
:109F900001213046FFF76AF954E607F1140207F190
:109FA0002C0107F12000FEF7F5FE3B6AFB627B6A9D
:109FB0003B63BB6A7B63804607F12000FEF724FE0B
:109FC0009AF8001041EA000B5FFA8BFB594580F0CC
:109FD000A28099F800305B4540F09D80FB6023F043
:109FE00081FFD6E9003298429141C0F29E80B8F1DB
:109FF000010FFB6840F0998059488AF800302146EB
:10A0000025F042FA032102200AF08EF9642023F0A1
:10A010007AFF23F067FF9FED53AA064688465FFA52
:10A0200085F9642303FB09F923F05CFF801B61EBD6
:10A030000801B0F57A7F71F10001C0F2A780032119
:10A0400009200AF071F9484825F01EFA21464748D0
:10A05000013425F019FA062C40F0D880444825F048
:10A0600013FA09F035FA434B434993ED001B434B78
:10A0700007F1380093ED000B07F044FAFEF746FEB7
:10A080003F4825F001FA20460FF006FD002840F079
:10A09000F780294900234FF4865225F016FF07F177
:10A0A000380503264FF0000855F804BBD5ED087AB3
:10A0B000D5F808A0D5F81490C7ED037A0E200FF05C
:10A0C000EBFC0446E8B1254B43615846F6F7C4FA69
:10A0D000C4E906015046F6F7BFFAC4E9080148464C
:10A0E000F6F7BAFAC4E90A01F868F6F7B5FAC4E96E
:10A0F0000C010A23237484F8118084F8128084F8F8
:10A1000013800D49002345F2C002204625F0DDFEF4
:10A11000013EC9D1D1E623F0E5FE10F57A7041F198
:10A120000001C6E9000189F800B0642023F0EBFECD
:10A13000B5E600BF745503007C240300A45303005C
:10A14000A1550300C6550300F81C00200000C07F85
:10A150002B5503009956030024340020AF5603000A
:10A16000E6550300CDCCCC3D235603003556030005
:10A1700065560300C8190020D8190020D019002006
:10A180007F560300165B0020155B00204FF4004251
:10A19000002307F12000FEF739FE00287FF489AE86
:10A1A000B0EE4A0A07F12C0107F1200024F010FD5F
:10A1B000834600284DD0B86AF6F74EFA41EC190BE9
:10A1C000786AF6F749FA41EC180B386AF6F744FA60
:10A1D000B0EE492AF0EE692AB0EE481AF0EE681A9D
:10A1E00041EC100B4D4A4E494E4807F0FFF823F062
:10A1F00079FE801B61EB0801484571F10001FFF613
:10A2000013AF494825F040F9013508E74748214692
:10A2100025F03AF9642023F076FE4FF40042002343
:10A2200007F12000FEF7F2FD00287FF442AE07F1AF
:10A23000140207F12C0107F12000FEF7ABFD3B6A89
:10A24000FB627B6A3B63BB6A7B630028E2D1786177
:10A250001BE6FEF75BFD06200FF01EFC48B1344AFA
:10A2600042610222027480F811B080F812B080F8C6
:10A2700013B0304900234FF4865225F026FE1AE62B
:10A280002D4B436102230374002343748374C3740E
:10A29000FFE606200FF000FC30B1284B436102239B
:10A2A000037444748474C4742249254D00234FF40C
:10A2B000865207F1380425F008FE0FCC0FC50FCCED
:10A2C0000FC594E80F0085E80F0009F06BFA1D4BED
:10A2D0001968A5F12002302301F5A27107205CE581
:10A2E0000FF0DAFB28B1184B436104744574857490
:10A2F000C574104900234FF4845225F0E6FDA1E413
:10A300004FF40045FFF70FB923F0EAFDA842A14141
:10A31000BFF61AA923F0F4FDFFF70DB9C819002004
:10A32000D0190020D81900202156030043560300FD
:10A33000F95303007C240300995603004A55030097
:10A340002434002038070020C3560300BB4CDFF83C
:10A350004093A068DFF83C83F6F77EF941EC190BD7
:10A360006068F6F779F941EC180B2068F6F774F994
:10A37000B0EE492AF0EE692AB0EE481AF0EE681AFB
:10A3800041EC100BAE4AAF49AF4807F02FF8AF4889
:10A390003178FEF739FC41EA0005EDB2A94280F0C0
:10A3A000428199F80040AC4240F03D8123F09AFD93
:10A3B000D8E9002382428B414DDAA54AA54BA64835
:10A3C000A649347014F0010F18BF9046A44A08BF84
:10A3D000984614F0020F18BF9646A24A08BF9E4640
:10A3E00014F0040F14BF94469C4614F0080F08BFE5
:10A3F000184614F0100F08BF19466D4614F0200FD0
:10A4000090B0994A08BF1A466B46C3E909019749BB
:10A41000B96301F10231F96301F10231DA623964A1
:10A4200007F1380207CA924CC3E9054803F130042A
:10A43000C3E907EC84E807001A468E4B42F8103F48
:10A440008D4845F6C00100230FF006FD0321AD46FF
:10A45000092009F069FF3378BF2B03D103210520C0
:10A4600009F062FF3378FF2B40F05C8106200FF08B
:10A4700013FB38B1814B43610223037400234374FF
:10A480008374C3744FF486527B49002325F01DFD6D
:10A4900009F01EF86A4B6C4993ED001B694B07F1FC
:10A4A000380093ED000B07F02DF8FEF72FFC062087
:10A4B0000FF0F2FA38B1724B4361022303740023A8
:10A4C00043748374C3746C4900234FF4865225F09F
:10A4D000FCFC07F1380603254FF0000856F804BBD2
:10A4E000D6ED087AD6F808A0D6F81490C7ED037A0E
:10A4F0000E200FF0D1FA0446E8B1624B4361584692
:10A50000F6F7AAF8C4E906015046F6F7A5F8C4E93B
:10A5100008014846F6F7A0F8C4E90A01F868F6F71A
:10A520009BF8C4E90C010A23237484F8118084F891
:10A53000128084F813805049002345F2C00220465F
:10A5400025F0C3FC013DC9D1294607F13800FEF7CB
:10A550002DFF002800F0A0800120032109F0E4FE77
:10A5600006200FF099FA30B1474B43610223037480
:10A5700045748574C574404900234FF4865225F014
:10A58000A4FC06200FF088FA38B13D4B436102234A
:10A590000374002343748374C37437493B4D002311
:10A5A0004FF4865225F091FC03264FF0000855F831
:10A5B00004BBD5ED087AD5F808A0D5F81490C7EDFE
:10A5C000037A0E200FF068FA0446E8B12D4B436180
:10A5D0005846F6F741F8C4E906015046F6F73CF84C
:10A5E000C4E908014846F6F737F8C4E90A01F868F3
:10A5F000F6F732F8C4E90C010A23237484F81180B9
:10A6000084F8128084F813801B49002345F2C002AD
:10A61000204625F05AFC013EC9D101213046FEF703
:10A62000C5FEFFF715BB23F05DFC10F57A7041F114
:10A630000001C8E9000189F800500CE7D033002080
:10A64000C8190020D0190020D8190020E8330020B4
:10A6500051530300545303005D5303006053030040
:10A66000575303005A5303006353030000020103CE
:10A6700002570300080000067C240300375703003C
:10A6800066570300AF5603002B550300F433002038
:10A69000155B0020F81C002006200FF0FDF930B1FA
:10A6A000234B43610223037445748574C5742149A7
:10A6B000214D00234FF4865207F1380425F005FCA4
:10A6C0000FCC0FC50FCC0FC594E80F0085E80F0025
:10A6D0001A4B196805203023A5F1200201F58A7173
:10A6E0000BF03CF906200FF0D7F938B1144B436159
:10A6F00002230374002343748374C3740D4900233D
:10A700004FF4865225F0E1FB03210A2009F00CFEEC
:10A710000C4820F06BFAFEF7D4BE002CF8D0032CC6
:10A720007FF496AA642023F0EEFBFEF7CABE00BFBA
:10A730004A5503007C240300F4330020380700202E
:10A740005F550300E818002008B5074B1A683AB1B6
:10A75000FEF702FB38B90548BDE8084020F032BDDD
:10A7600001221A60F7E708BDCC330020E81800206A
:10A7700008B5074B1A683AB1FEF7EEFA38B9054842
:10A78000BDE8084020F01EBD02221A60F7E708BDB0
:10A79000CC330020E8180020054A117841F08003EE
:10A7A000BF2B08BF41F0C0031370024820F00ABD60
:10A7B000165B0020E818002010B5104C20460BF066
:10A7C000ABFD0F4B63610F4B23610F4BE3600F4BEE
:10A7D000A3610F4B23620F4BE3610F4BA3620F4B3F
:10A7E00063620F4B23630F4BE3620F4B23600F4BEE
:10A7F000636040F20113238110BD00BF6836002062
:10A800000000A04050940843850B4E40B96EB23E04
:10A810001B49823D0536E73BFCA88E3FEF8F254064
:10A820009F94B53FA018B33FC2D08A40000020419A
:10A8300008B52DED048BB0EE408AF0EE608AB0EEE4
:10A84000419AFFF7B9FFB0EE491AF0EE680AB0EE90
:10A85000480ABDEC048B034A03490448BDE808409C
:10A860000CF038BE84340020FC3400206836002010
:10A8700010B50446FFF7A0FF21464FF4B672054815
:10A8800027F0A5F804F5B6710348BDE8104078221A
:10A8900027F09DB8FC3400208434002010B507490F
:10A8A00004464FF4B67227F092F804F5B6700449E6
:10A8B000BDE81040782227F08AB800BFFC340020A1
:10A8C000843400201FB59FED0E7AD0ED007A0D4A3A
:10A8D0000D4967EE877A01ABCDED017AD0ED017AB3
:10A8E00067EE877ACDED027AD0ED027A074867EEFF
:10A8F000877ACDED037A0BF053FD05B05DF804FBCC
:10A9000035FA8E3C84340020FC3400206836002068
:10A910001FB59FED186AD0ED006A90ED017AD0ED79
:10A92000027A66EE866A27EE067A67EE867AF5EE9A
:10A93000406AF1EE10FACDED016A8DED027ACDEDAF
:10A94000037A01AB09D1B5EE407AF1EE10FA04D1E9
:10A95000F5EE407AF1EE10FA04D093E80700064CC9
:10A9600084E80700054A064906480BF0D7FD04B005
:10A9700010BD00BF0AE81C41783400208434002058
:10A98000FC340020683600200346024A024903488E
:10A990000CF0C8B984340020FC3400206836002054
:10A9A0000246024902480CF0D3BB00BF84340020A9
:10A9B000FC3400200146BFEE000A01480CF02ABC1E
:10A9C000FC340020014601480CF088BBFC34002018
:10A9D00010B5102288B0044600210DEB020027F0CC
:10A9E0001EF804A8FFF7EEFF9DED046ADDED065AA0
:10A9F000DDED076ADDED057A164A26EE257A17EEBB
:10AA0000A67A01AB204667EE867A46EEA57A04F177
:10AA10000C0137EE077A77EEA77A8DED017ACDED4E
:10AA2000027AF6EE007A56EE067A46EEA67A9FEDA8
:10AA30000A7A77EEA77ACDED037AF2EC017AF3EC9D
:10AA4000016A46EEC77AE0EC017A8842F5D108B097
:10AA500010BD00BF783400200AE81C41B5EEC00AE2
:10AA6000F1EE10FA30B5F5EEC00A64D4F2EE007AD9
:10AA7000F1EE10FAB4EEE70A48BFDFED320AF1EE6C
:10AA800010FA41D8F1EE007AB4EEE70AF1EE10FACE
:10AA90003CD8F0EE007AB4EEE70AF1EE10FA37D8BF
:10AAA000B5EEC00AF1EE10FA0CD90423264A013B98
:10AAB000D45C264A1470264A32F8133000EE103A5D
:10AAC000B8EE400A234A0123144632F8025F07EE2B
:10AAD000905AF8EEE77AF4EEE07AF1EE10FA1EDB27
:10AAE0000133062BF1D1DFED1C7A1C4B80ED000AFF
:10AAF00020EE277A60EEA77A83ED007A184BC1ED3D
:10AB0000000AC3ED007A30BD0123CFE70223CDE771
:10AB10000323CBE7DFED0B0AB0EE600AD2E7114A60
:10AB2000013BD55C34F813300F4A00EE903A1570B3
:10AB3000F8EE600AD7E7F1EE10FAEBD49FED010AC8
:10AB4000C0E700BF00000000C7590300BD0C002093
:10AB5000C83E0300BC3E0300000000384007002050
:10AB60003C070020C2590300985B00202DE9F0410A
:10AB7000B5EEC00AF1EE10FA2DED028B8046F0EE34
:10AB8000408AB0EE608A0F467CD9DFED567AB4EE8B
:10AB9000670AF1EE10FA75D09FED537A534A60EED2
:10ABA000077A0123FDEEE77A104632F8021F0029EA
:10ABB0005CD017EE904AA14258DC01330D2BF4D142
:10ABC0000025B5EEC08AF1EE10FA6BD9DFED457ABB
:10ABD000B4EE678AF1EE10FA64D09FED457A454AEB
:10ABE00068EE077A0123FDEEE77A104632F8021F7D
:10ABF00000294BD017EE904AA14247DC0133092BC4
:10AC0000F4D100243C4A1378AB423C4B02D1197872
:10AC1000A14265D015701C70002D47D1002C5BD16E
:10AC20002646082222437D21002023F0AFFA30433C
:10AC300013D008200EF030FF48B1314B4361314B47
:10AC4000836103230374002343748374C3742E4904
:10AC500000234FF4C25225F038F9C8ED008A0020D5
:10AC600087ED008ABDEC028BBDE8F081013B274AED
:10AC7000D55C30F8133007EE903AF8EEE77AC7EE7D
:10AC8000878A9EE7DFED228A00259AE7013B214A69
:10AC9000D45C30F8133007EE903AF8EEE77A87EE9E
:10ACA000878AAFE79FED1A8A0024ABE745F0A00240
:10ACB0004021002023F06AFA06467CB144F0E0020D
:10ACC0004221002023F062FA002D46EA00060CBF64
:10ACD00008220C220224A5E72E46EFE70C22A1E76A
:10ACE0000120BFE70000807F0000C844A23E0300AF
:10ACF00000004845903E0300BC0C0020BB0C002027
:10AD0000EB57030048590300FC230300B659030026
:10AD100000000000AE59030013B500EB40008000B6
:10AD200080B28DF80400C0F3042002238DF80500E2
:10AD300001AA4621002004F037F8002204465621DB
:10AD4000104623F023FA0C2204435321002023F061
:10AD50001DFA022204435821002023F017FA04436D
:10AD600013D008200EF098FE48B1094B4361094BFF
:10AD7000836103230374002343748374C3740649FB
:10AD800000234FF4C25225F0A0F8332002B010BDCA
:10AD9000EB57030000590300FC23030030B587B0D4
:10ADA0000446062301AA0C21002003F0E7FF98B116
:10ADB00008200EF071FE48B1194B4361194B8361B5
:10ADC00003230374002343748374C374164900235C
:10ADD0004FF4C25225F079F8144B93ED007A01AA92
:10ADE00003A80021557812F8023B43EA05231BB261
:10ADF00007EE903AF8EEE77A013167EE877A032999
:10AE0000E0EC017AEED1039BDDED047A6360059BF3
:10AE1000A360F1EE677AC4ED007A07B030BD00BFE1
:10AE2000EB5703002B590300FC23030040070020CD
:10AE300030B587B00446062301AA1221002003F092
:10AE40009DFF98B108200EF027FE48B11D4B4361CD
:10AE50001D4B836103230374002343748374C37401
:10AE60001A4900234FF4C25225F02FF8184B93EDE6
:10AE7000007A01AA03A80021557812F8023B43EAA0
:10AE800005231BB207EE903AF8EEE77A013167EE40
:10AE9000877A0329E0EC017AEED10E4BDDED056AED
:10AEA00093ED007ADDED037AC4ED026A46EEC77ACF
:10AEB0009DED047AC4ED017AB1EE477A84ED007A13
:10AEC00007B030BDEB5703001D590300FC230300FE
:10AED0003C070020C43600202DE9FF4700258946A5
:10AEE0000223074603AA24212846ADF80C5003F09C
:10AEF00045FF9DF80D309DF80C401B0203F47C5378
:10AF000044EA030A4FF00C08B9FBF8F8C2450646BC
:10AF1000544614D908200EF0BFFD48B11A4B4361C6
:10AF2000AAEB080383610323037445748574C57415
:10AF3000164900234FF4C45224F0C7FF444604EBE3
:10AF400044030C229B0000929BB23A46262100202B
:10AF500003F0ACFF304313D008200EF09DFD48B144
:10AF60000B4B43610B4B8361032303740023437436
:10AF70008374C374054900234FF4C25224F0A5FF23
:10AF8000204604B0BDE8F08703580300FC2303000B
:10AF9000EB5703003A5903002DE9F04F00EB400056
:10AFA0008400A4B201EB040989B0884617463649EB
:10AFB000022248461E4626F0FAFC002862D0334B97
:10AFC000D3ED006A324B611C93ED007A01914A4641
:10AFD0000DF1080E0DF1140C0023A01D04F1070B58
:10AFE000111B013311F80BA00D5C45EA0A252DB2A7
:10AFF00007EE905A019DF8EEE77A4D5D12F8021BBC
:10B0000067EEA67A41EA052109B2EEEC017A07EE75
:10B01000901AF8EEE77A032B67EE877AECEC017A68
:10B02000DED11C490622404426F0C1FC044650B142
:10B03000DDED037A029B7B60F1EE677A049BC7ED3E
:10B04000007ABB60012414490622484626F0AFFC72
:10B05000A0B1124BDDED076A93ED007ADDED057AC4
:10B06000C6ED026A46EEC77A44F002049DED067A08
:10B07000C6ED017AB1EE477A86ED007A204609B036
:10B08000BDE8F08F1024F9E7A55903004007002020
:10B090003C0700209F59030099590300C436002043
:10B0A00008B508200EF0F8FC48B1094B4361094B84
:10B0B000836103230374002343748374C3740649B8
:10B0C00000234FF4C25224F000FF4FF0FF3008BDC0
:10B0D000EB5703000F590300FC23030013B50022B4
:10B0E0002B4B01937C21104623F050F804464FF47B
:10B0F000E17022F078FF09224021002023F046F879
:10B10000042204437D21002023F040F8012204435F
:10B110002F21002023F03AF804230DEB030204430F
:10B120003C21002003F040FE002204435821104639
:10B1300023F02CF80C2253210443002023F026F89E
:10B140000443372022F051FF40225621002023F0F3
:10B150001DF8012204437C21002023F017F804434A
:10B1600013D008200EF098FC48B10A4B43610A4BFB
:10B17000836103230374002343748374C3740749F6
:10B1800000234FF4C25224F0A0FE332002B010BDC1
:10B1900000E040B8EB570300F2580300FC23030023
:10B1A000154AFF2310B51370144A137000227D2135
:10B1B000104622F0EBFF012204467C21002022F001
:10B1C000E5FF044313D008200EF066FC48B10C4B99
:10B1D00043610C4B83610323037400234374837422
:10B1E000C374094900234FF4C25224F06EFEBDE837
:10B1F0001040012022F0F9BEBC0C0020BB0C002046
:10B20000EB57030057590300FC2303002DE9F743D4
:10B2100021210DF10302002003F00AFE9DF8033006
:10B2200003F00703012B054600F0848008200EF090
:10B2300033FC48B15E4B43615E4B8361032303746F
:10B24000002343748374C37400235B49DFF87C914B
:10B250004FF4C85224F039FEB6227E21002022F09D
:10B2600095FF0446022022F0C0FE00227C211046F9
:10B2700022F08CFF044325434FF4E170002422F0B8
:10B28000B2FE224659212046ADF8044022F07EFF4E
:10B290002746804663118DF8053001AA02235B2101
:10B2A00000208DF8047003F07FFD09EB04020646D0
:10B2B00040235E21002003F077FD40340643B4F5BF
:10B2C000005F48EA0608E5D101225921002022F05A
:10B2D0005DFF58EA000012D008200EF0DDFB40B1FF
:10B2E000364B4361364B8361032303744774877481
:10B2F000C774314900234FF4C25224F0E6FD66249E
:10B300009DF8033003F00703012B16D108200EF03F
:10B31000C3FB48B12B4B4361264B8361032303746A
:10B32000002343748374C374234900234FF4C85229
:10B3300024F0CBFD35BB002016E0013C17D10820DE
:10B340000EF0AAFB40B1204B43611A4B83610323EB
:10B35000037444748474C474174900234FF4C252B4
:10B3600024F0B3FD4FF0FF3003B0BDE8F0830120BF
:10B3700022F03BFE0DF103022121002003F058FDD5
:10B380000543BDE708200EF087FB48B10B4B436136
:10B39000084B836103230374002343748374C374D1
:10B3A000054900234FF4C25224F08FFDC3E700BFCC
:10B3B0003658030086590300FC230300EB570300B3
:10B3C000735903008458030066580300CB590300E7
:10B3D0002DE9F0432DED048B012283B005460E4686
:10B3E00000204C49F0EE608AB0EE419A03F0A4FCD4
:10B3F00000227C21104622F0C9FE07464FF4E1707E
:10B4000022F0F1FDFFF702FF044600287FD102463B
:10B410002F2122F0BBFE0DF1070281463C21204680
:10B4200003F006FD9DF807305B00DBB2804643F376
:10B4300046008DF80730F5F7FDF8374B0022F5F799
:10B4400063F9F5F739FC59EA080808EE100A12D03A
:10B4500008200EF021FB40B1304B4361304B83613B
:10B460000323037444748474C4742E4900234FF47A
:10B47000C25224F02AFDBDEEC88A2B4B2B4AB8EEEF
:10B48000C88A412183ED008AFF231370284A137074
:10B49000284B00201A7822F079FE274B04461A78B0
:10B4A0004321002022F072FEF0EE490AB0EE680A55
:10B4B000044331462846FFF759FB3C43002204432E
:10B4C0004821104622F062FEC02204434921002098
:10B4D00022F05CFE044313D008200EF0DDFA48B1E0
:10B4E0000E4B4361154B83610323037400234374A4
:10B4F0008374C3740B4900234FF4C25224F0E5FC5B
:10B5000004EAE47003B0BDEC048BBDE8F0834FF0B7
:10B51000FF30F7E7809698000000603FEB5703008C
:10B5200064590300FC230300C4360020BC0C002037
:10B53000BB0C0020BD0C0020985B0020905903003C
:10B540002DE9F04FDFF87CB2DFF87CA29BF8008099
:10B550009AF8007085B04FF48073B6227E210446BD
:10B560000020ADF80C3022F011FE8146022022F0BE
:10B570003CFD00210DF10B02084603F059FC064684
:10B58000C82022F030FD00227C21104622F0FEFD72
:10B5900000904FF4E17022F026FDFFF737FE0546DC
:10B5A000002840F0FE808022772122F0EFFD009BF2
:10B5B00046EA09061E4304227D210643284622F05E
:10B5C000E5FD0643022022F010FD042269212846F1
:10B5D00022F0DCFD012206432F21284622F0D6FD71
:10B5E0000223064303AA3221284603F0DDFB022290
:10B5F00006437E21284622F0C9FD0643C82022F0DA
:10B60000F4FC0DF10A026921002003F011FC9DF801
:10B610000A30042B46EA0006F0D000222F21104603
:10B6200022F0B4FD0DF10A0205463821002003F096
:10B63000FFFB054335439DF80A60002E4ED00820DD
:10B640000EF02AFA40B1584BC0E9053603230374C3
:10B65000002343748374C374002354494FF4C652C7
:10B6600024F033FC9DF80A30032B11D106200EF094
:10B6700013FA38B14E4B4361022303740023437421
:10B680008374C374494900234FF4865224F01DFC8F
:10B6900000232370B6227E21002022F077FD05438F
:10B6A000022022F0A2FC002108460DF10B0203F05B
:10B6B000BFFB0543C82022F096FC9FED3E1A0021F7
:10B6C0000846F0EE410AB0EE410AFFF781FEB8F1FC
:10B6D000000F28D17FBB08233A463AE00323621CBF
:10B6E0007821304603F04AFB6278A37894F80390FF
:10B6F000019205430A2000930EF0CEF958B1009B49
:10B700002D49019A4161C0E907390523826103741B
:10B7100046748674C674002324494FF4235224F0DF
:10B72000D4FB0123B5E748F0A0024021002022F01D
:10B730002DFD05439FB347F0E0024221002022F097
:10B7400025FDB8F1000F45EA00050CBF08230C23C6
:10B7500002221A437D21002022F018FD28438BF895
:10B7600000808AF8007013D008200EF095F948B1D7
:10B77000124B4361124B8361032303740023437410
:10B780008374C374094900234FF4C25224F09DFB13
:10B790002078B0FA80F0400905B0BDE8F08F0C23A6
:10B7A0009AE74FF0FF30F7E799580300FC230300B6
:10B7B000B258030000000000CD580300EB5703000F
:10B7C000EA580300BC0C0020BB0C00204FF0834360
:10B7D0000360014B0B6070470000FA4413B5062369
:10B7E00004466A461F21002003F0C8FA98B10820D9
:10B7F0000EF052F948B1144B4361144B836103239B
:10B800000374002343748374C374114900234FF4F9
:10B81000C25224F05AFB9FED0F7A6A46204604F18B
:10B820000C011478537843EA04231BB207EE903AD4
:10B83000F8EEE77A023267EE877AE0EC017A81422D
:10B84000EFD102B010BD00BFEB570300047A030034
:10B85000142403000000003A13B5062304466A4688
:10B860002521002003F08AFA98B108200EF014F97F
:10B8700048B1144B4361144B8361032303740023C9
:10B8800043748374C374114900234FF4C25224F0EB
:10B890001CFB9FED0F7A6A46204604F10C011478D8
:10B8A000537843EA04231BB207EE903AF8EEE77AA6
:10B8B000023267EE877AE0EC017A8142EFD102B082
:10B8C00010BD00BFEB570300F679030014240300FA
:10B8D00000007A3D2DE9FF410025884602230746F6
:10B8E00003AA2E212846ADF80C5003F047FABDF804
:10B8F0000C305BBA9BB207EE903A264BF8EEE77A33
:10B9000093ED007A47EE877A0646FCEEE77A17EE6B
:10B91000903A9CB21423B8FBF3F8444514D908209C
:10B920000EF0BAF848B11C4B4361A4EB08040323A2
:10B930008461037445748574C574184900234FF4F9
:10B94000C45224F0C2FA444604EB840314229B0040
:10B9500000929BB23A463021002003F0A7FA304310
:10B9600013D008200EF098F848B10D4B43610D4BF1
:10B97000836103230374002343748374C3740749EE
:10B9800000234FF4C25224F0A0FA204604B0BDE8D0
:10B99000F08100BFC83600200358030014240300C0
:10B9A000EB570300137A03002DE9F04700EB80000A
:10B9B0008400A4B21F460B5D7E2B884616466BD8CA
:10B9C00004F10109894406223449484625F0EFFF75
:10B9D0000546E0B104F1110049464044354606F100
:10B9E0000C0C4B7810F8012B91F800E01B041202AC
:10B9F00043EA0E6302F47042134307EE903AF8EE06
:10BA0000E77A0231E5EC017AAC45EAD10125E01D87
:10BA100008EB000A21490622504625F0C8FFA0B3D2
:10BA2000113408EB040150463C4607F10C0C4378F6
:10BA300011F8012B90F800E01B04120343EA0E6397
:10BA400092B2134307EE903AF8EEE77A0230E4EC54
:10BA5000017AA445EBD145F00205DFED116A9FEDB7
:10BA6000117A324606F10C03D2ED007A67EEA67A1F
:10BA7000E2EC017AD7ED007A67EE877A9342E7EC41
:10BA8000017AF1D12846BDE8F087044906224846EC
:10BA900025F08DFF0028E0D11025F3E7467A03005A
:10BAA0000000003200007A3508B508200DF0F4FFE0
:10BAB00048B1094B4361094B83610323037400239D
:10BAC00043748374C374064900234FF4C25224F0B4
:10BAD000FCF94FF0FF3008BDEB570300E879030095
:10BAE0001424030013B50223044601AA1D210020DB
:10BAF00003F044F918B1FFF7D7FF02B010BDBDF84D
:10BB00000430DFED086ADBBA07EE903AF8EEE77A28
:10BB100087EEA67AF3EE097A77EE277AC4ED007AFB
:10BB2000EBE700BFE17A044310B508200DF0B4FF45
:10BB300048B1094B4361094B83610323037400231C
:10BB400043748374C374BDE81040054900234FF467
:10BB5000C25224F0BAB900BFEB570300D9790300F1
:10BB6000142403002DE9F0472DED028B824BB5EE36
:10BB7000C00AF1EE10FA93ED007A07460E4640F245
:10BB8000C380DFED7E7AB4EE670AF1EE10FA00F0C2
:10BB9000BB8060EE077ADFED7A6A7A4A67EEA67AB2
:10BBA0000123FDEEE77A104632F8021F002900F06B
:10BBB0009E8017EE904AA14200F3998001330D2B2D
:10BBC000F2D14FF000080322F5EEC00AF1EE10FAB0
:10BBD000C0EE078A40F2AA80DFED687AF4EE670AC9
:10BBE000F1EE10FA00F0A78060EE877ADFED646A6C
:10BBF000644967EEA67A0123FDEEE77A0D4631F837
:10BC0000020F002800F0868017EE904AA04200F351
:10BC1000818001330D2BF2D100240321DFF884A1B0
:10BC2000DFF884919AF80030434580EE878A04D18A
:10BC300099F80000A04200F09C80FF2B14D099F8E6
:10BC40000000FF2810D0003B18BF0123B8F1000509
:10BC500018BF0125AB4207D1003818BF0120231EB1
:10BC600018BF0123984269D042EA810200204E2188
:10BC700022F08CFA0546FA2025F041FD424650217B
:10BC800000208AF8008089F8004022F07FFA2246DE
:10BC900005434F21002022F079FA054313D00820F4
:10BCA0000DF0FAFE48B1384B4361384B83610323F2
:10BCB0000374002343748374C374354900234FF421
:10BCC000C25224F002F9F5EE408AF1EE10FAC7ED07
:10BCD000008AB5EE408A86ED008A31D1F1EE10FA85
:10BCE00037D02C4B93ED007AC7EE087A39E0013B50
:10BCF000294A12F8038030F8133007EE903AF8EE34
:10BD0000E77A87EEA60A5EE79FED240A4FF0000867
:10BD1000012259E7013B2049CC5C35F8133007EE8E
:10BD2000903AF8EEE77AC7EEA68A76E70024214635
:10BD3000DFED1A0A72E700240121F9E700259DE7EB
:10BD4000F1EE10FA05D1134B93ED007AC7EE287A85
:10BD500007E0F4EEC88AF1EE10FAF4D4C1DCDFEDAE
:10BD60000F7A0F4B0020C3ED007ABDEC028BBDE8CB
:10BD7000F0870120F9E700BF480700200000807F1E
:10BD80000000FA46D23E0300EB570300217A03007D
:10BD90001424030044070020557A0300000000002B
:10BDA000C8360020BF0C0020BE0C002013B52D218A
:10BDB0000DF10702002003F03BF800220446652144
:10BDC000104622F0E3F9272204435021002022F0FC
:10BDD000DDF9022204434E21002022F0D7F900228F
:10BDE0004D210443104622F0D1F90443012022F0F2
:10BDF00039F904227621002022F0C8F908220443F0
:10BE00004A21002022F0C2F9082204434B210020DD
:10BE100022F0BCF908224C210443002022F0B6F99C
:10BE20000443012022F01EF900227621104622F060
:10BE3000ADF9072266210443002022F0A7F904434C
:10BE4000322022F00FF901225721002022F09EF922
:10BE5000044313D008200DF01FFE48B1094B436185
:10BE6000094B836103230374002343748374C374F5
:10BE7000064900234FF4C25224F027F8332002B0C1
:10BE800010BD00BFEB570300CB790300142403005F
:10BE9000F8B500222DED048B06460F4610463C49AE
:10BEA000B0EE408AF0EE608AB0EE419A02F044FFB4
:10BEB0009FED387ADFED387A384B002808BFF0EE76
:10BEC000477AC3ED007A40231A464C21002002F045
:10BED000C5FFB5EEC08AF1EE10FA044621DD9FEDF4
:10BEE000307A304BC8EE077A012276210020C3ED6C
:10BEF000007A22F04BF9042205467B21002022F033
:10BF000045F9002205437621104622F03FF92543EA
:10BF1000042305431A464D21002002F09FFF45EA05
:10BF20000004214AFF231370204AF0EE490AB0EEC4
:10BF3000680A394630461370FFF714FE04430120A7
:10BF400022F090F810225F21002022F01FF94022F9
:10BF500004431621002022F019F9044313D00820CD
:10BF60000DF09AFD48B1124B4361124B83610323DC
:10BF70000374002343748374C3740F4900234FF484
:10BF8000C25223F0A2FFBDEC048B04EAE470F8BDBA
:10BF900000366E0117B7D138A69B443A44070020FB
:10BFA0000000FA4648070020BF0C0020BE0C00200D
:10BFB000EB5703003D7A030014240300124A08B52E
:10BFC000FF231370114A112113700020012222F067
:10BFD000DDF898B108200DF05FFD48B10C4B4361CE
:10BFE0000C4B836103230374002343748374C37471
:10BFF000094900234FF4C25223F067FFBDE808400F
:10C00000012022F02FB800BFBF0C0020BE0C002082
:10C01000EB570300307A0300142403004FF08443ED
:10C020000360014B0B60704700007A457FB5192112
:10C030000DF10702002002F0FBFE0022044616214B
:10C04000104622F0A3F8282204431B21002022F0EE
:10C050009DF8022204431021002022F097F80025C9
:10C0600048F2A5130443ADF8083002AA03237C214B
:10C0700028468DF80A5002F097FE0826174B0293C7
:10C08000044305230DEB06027C2128468DF80C6045
:10C0900002F08AFE142204432321284622F076F877
:10C0A0000E2204431721284622F070F8044312D0D0
:10C0B00030460DF0F1FC40B1094B4361094B8361FF
:10C0C0000323037445748574C574074900234FF432
:10C0D000C25223F0FAFE332004B070BDA27E0808DD
:10C0E000EB5703006B7C03001C24030013B50021F5
:10C0F000044606236A46084602F040FE98B108202E
:10C100000DF0CAFC48B1144B4361144B8361032307
:10C110000374002343748374C374114900234FF4E0
:10C12000C25223F0D2FE9FED0F7A6A46204604F1F8
:10C130000C011478537843EA04231BB207EE903ABB
:10C14000F8EEE77A023267EE877AE0EC017A814214
:10C15000EFD102B010BD00BFEB570300AC7C030071
:10C160001C2403000000003A13B5062304466A4667
:10C170001946002002F002FE98B108200DF08CFC58
:10C1800048B1144B4361144B8361032303740023B0
:10C1900043748374C374114900234FF4C25223F0D3
:10C1A00094FE9FED0F7A6A46204604F10C01147844
:10C1B000537843EA04231BB207EE903AF8EEE77A8D
:10C1C000023267EE877AE0EC017A8142EFD102B069
:10C1D00010BD00BFEB5703009C7C03001C24030030
:10C1E00000007A3D2DE9F04700EB80008400A4B206
:10C1F0001F460B5D702B884616460CD13E4B1B68C4
:10C20000002B77D0601CDB690899404498470C25C7
:10C210002846BDE8F087782B01D01025F8E704F117
:10C220000109894406223549484625F0C0FB0546E8
:10C23000E0B104F1110049464044354606F10C0CCA
:10C240004B7810F8012B91F800E01B04120243EA2E
:10C250000E6302F47042134307EE903AF8EEE77A69
:10C260000231E5EC017AAC45EAD10125E01D08EB8D
:10C27000000A22490622504625F099FB90B311345A
:10C2800008EB040150463C4607F10C0C437811F8CA
:10C29000012B90F800E01B04120343EA0E6392B2F4
:10C2A000134307EE903AF8EEE77A0230E4EC017AB5
:10C2B000A445EBD145F00205DFED116A9FED117A3F
:10C2C000324606F10C03D2ED007A67EEA67AE2EC74
:10C2D000017AD7ED007A67EE877A9342E7EC017A2C
:10C2E000F1D195E705490622484625F060FB002874
:10C2F000E2D192E708258BE7CC360020E87C0300EA
:10C30000000080320000FA3510B508200DF0C4FBA3
:10C3100048B1094B4361094B836103230374002334
:10C3200043748374C374BDE81040054900234FF47F
:10C33000C25223F0CABD00BFEB5703007B7C030051
:10C340001C24030008B508200DF0A6FB48B1094BDA
:10C350004361094B83610323037400234374837493
:10C36000C374064900234FF4C25223F0AEFD4FF0D0
:10C37000FF3008BDEB5703008C7C03001C24030036
:10C380002DE9F0472DED028B834BB5EEC00AF1EE9F
:10C3900010FA93ED007A07460E4640F2C580DFEDB5
:10C3A0007F7AB4EE670AF1EE10FA00F0BD8060EE1D
:10C3B000077ADFED7B6A7B4A67EEA67A0123FDEE02
:10C3C000E77A104632F8021F002900F0A08017EE2D
:10C3D000904AA14200F39B8001330B2BF2D14FF026
:10C3E00000080322F5EEC00AF1EE10FAC0EE078A4B
:10C3F00040F2AC80DFED697AF4EE670AF1EE10FAF4
:10C4000000F0A98060EE877ADFED656A654967EE26
:10C41000A67A0123FDEEE77A0D4631F8020F0028D7
:10C4200000F0888017EE904AA04200F38380013329
:10C430000B2BF2D100240321DFF888A1DFF88891CB
:10C440009AF80030434580EE878A04D199F80000BD
:10C45000A04200F09E80FF2B14D099F80000FF2826
:10C4600010D0003B18BF0123B8F1000518BF01250B
:10C47000AB4207D1003818BF0120231E18BF01238B
:10C4800098426BD042EA81020020102121F07EFE0A
:10C490000546FA2025F033F948F010021B21002050
:10C4A0008AF8008089F8004021F070FE44F0100204
:10C4B00005431C21002021F069FE054313D008200C
:10C4C0000DF0EAFA48B1384B4361384B83610323DE
:10C4D0000374002343748374C374354900234FF4F9
:10C4E000C25223F0F2FCF5EE408AF1EE10FAC7EDED
:10C4F000008AB5EE408A86ED008A31D1F1EE10FA5D
:10C5000037D02C4B93ED007AC7EE087A39E0013B27
:10C51000294A12F8038030F8133007EE903AF8EE0B
:10C52000E77A87EEA60A5CE79FED240A4FF0000841
:10C53000012257E7013B2049CC5C35F8133007EE68
:10C54000903AF8EEE77AC7EEA60A74E7002421468F
:10C55000DFED1A0A70E700240121F9E700259BE7C7
:10C56000F1EE10FA05D1134B93ED007AC7EE287A5D
:10C5700007E0F4EEC88AF1EE10FAF4D4C1DCDFED86
:10C580000F7A0F4B0020C3ED007ABDEC028BBDE8A3
:10C59000F0870120F9E700BF500700200000807FEE
:10C5A0000000C845EC3E0300EB570300BD7C0300D0
:10C5B0001C2403004C070020F77C0300000000004F
:10C5C000D0360020C10C0020C00C0020F0B52DEDAD
:10C5D000048B002283B005460E4610464E49B0EE4D
:10C5E000408AF0EE608AB0EE419A02F0A5FBDFEDE2
:10C5F0004B7A9FED4B7A4B4B0028B5EEC08A08BFB3
:10C60000F0EE477AF1EE10FAC3ED007A40F3818044
:10C610009FED457A454BC8EE077A0622312100206E
:10C62000C3ED007A21F0B2FD202304461A462621EC
:10C63000002002F013FC044343F6A023ADF80430BD
:10C64000912301AA7C218DF806300020032302F0FB
:10C65000ABFB0443042021F046FD3B238DF805305D
:10C66000242301AA7C218DF806300020032302F048
:10C670009BFB0443042021F036FD46F2A27301AA7D
:10C680007C21ADF804300227032300208DF80670CA
:10C6900002F08AFB0443042021F025FD244AFF23F5
:10C6A0001370244AF0EE490AB0EE680A3146284673
:10C6B0001370FFF765FE872204431D21002021F03F
:10C6C00065FD0F2204432121002021F05FFD3A4641
:10C6D00004431821002021F059FD044313D0082001
:10C6E0000DF0DAF948B1144B4361144B8361032315
:10C6F0000374002343748374C374114900234FF4FB
:10C70000C25223F0E2FB04EAE47003B0BDEC048BF8
:10C71000F0BD002490E700BF00366E01A69B443AAE
:10C7200017B7D1384C0700200000FA465007002008
:10C73000C10C0020C00C0020EB570300DD7C03007F
:10C740001C240300334AFF232DE9F3411370324ABE
:10C75000324E13707F210222002021F017FD304A53
:10C76000304F314D00231370304A1370304A044665
:10C7700013700DF107021921002002F059FB044348
:10C7800020D008200DF088F948B12A4B4361254B91
:10C79000836103230374002343748374C3742249A5
:10C7A00000234FF4C25223F090FB08200DF074F9DF
:10C7B00028BB1D4900234FF4C25223F086FB02B070
:10C7C000BDE8F0819DF90730002BF8DB0A2021F04D
:10C7D0008AFC08209DF807800DF05EF940B1C0E9A1
:10C7E00005670423C0F81C80037444748474C47403
:10C7F00000234FF40452294623F067FBB9E70E4BA0
:10C800004361084B836103230374002343748374DF
:10C81000C374CEE7C10C0020C00C0020927A030044
:10C820009B5B0020CE7C03001C2403009A5B00204D
:10C83000995B0020617A0300EB570300F7B51646B9
:10C840001C46BBB908200DF027F940B11A4B4361D3
:10C850001A4B83610323037444748474C4741849A9
:10C8600000234FF4C25223F030FB4FF0FF3528462F
:10C8700003B0F0BD17468DF8040017F8013B8DF8A2
:10C8800005108DF8063001AA03237C21002002F058
:10C890008BFA0546042021F026FC2644B742E6D058
:10C8A00017F8012B7E21002021F070FC05430420A5
:10C8B00021F019FCF2E700BFC07A03005A7C0300A4
:10C8C0001C24030073B515461C46BBB908200DF0A7
:10C8D000E3F840B1174B4361174B836103230374A3
:10C8E00044748474C474154900234FF4C25223F075
:10C8F000ECFA4FF0FF36304602B070BD8DF8040000
:10C900008DF80510022301AA7C21002002F04CFAC8
:10C910000646042021F0E7FB2C442A467E21002015
:10C9200002F086FA01350643042021F0DCFBA54223
:10C93000F3D1E0E7DC7A03004A7C03001C24030007
:10C940002DE9F043002485B0022307460D4602AAD4
:10C9500019212046ADF8084002F010FA4C4B196836
:10C96000064619B19DF809309A0665D44FF00009C2
:10C970009DF808309B075BD54FF00008022303AAFF
:10C9800012214046ADF80C8002F0F8F9BDF80C30E9
:10C990005BBA9BB207EE903A3E4BF8EEE77A93ED26
:10C9A000007A47EE877A0643FCEEE77A17EE903A74
:10C9B0009CB21423B5FBF3F5AC4216D908200DF058
:10C9C0006BF858B1344B4361641B032384610374D7
:10C9D00080F8118080F8128080F813802F4900239E
:10C9E0004FF4C45223F071FA2C4604EB8403142153
:10C9F0009B009BB200913A46002002F057FA304368
:10CA000013D008200DF048F848B1254B4361254B61
:10CA1000836103230374002343748374C3741F4925
:10CA200000234FF4C25223F050FA4C441FFA84F909
:10CA3000484605B0BDE8F083132D15D93A4670235A
:10CA400002F8013B91F8223091F8210003F11B011B
:10CA5000C9B20344A220FFF735FF143D0643143743
:10CA6000ADB24FF0010983E708200DF015F838B199
:10CA70000D4B4474C0E90535032303748474C474F6
:10CA8000064900234FF4C45223F01FFA6EE700BF9B
:10CA9000CC360020D0360020035803001C240300AD
:10CAA000EB570300057C0300F77A030073B5124EC1
:10CAB0003378834205460C460FD08DF804108DF86C
:10CAC0000500022301AA0E21A220FFF7B7FE10B92C
:10CAD0000A4B35701C7002B070BD084D2B788B422C
:10CAE00007D00A46A2200E2121F0FFFA0028F2D139
:10CAF0002C700020EFE700BF9A5B0020995B0020BC
:10CB0000F7B5414B1F78022F04460E46154614D048
:10CB100008200CF0C1FF50B13C4B43613C4BC0E9D5
:10CB2000063704230374002343748374C3743949A0
:10CB300000234FF4015223F0C8F9062D17D908201D
:10CB40000CF0AAFF48B1344B4361314B836103239E
:10CB50000374002343748374C37400234FF4C252DC
:10CB60002C4923F0B2F94FF0FF3003B0F0BD2B4B4E
:10CB700020461978FFF79AFF2B46044632463321A8
:10CB8000A220FFF75BFEA5F180020443D2B206218A
:10CB9000A22021F0AAFA012204431621A22021F0AA
:10CBA000A4FA002304438DF806300DF10602182183
:10CBB000A22021F0A5FA9DF8065015F0010644EADE
:10CBC0000004F2D1022D11D008200CF065FF48B10D
:10CBD000134B43610E4B4674C0E9063504230374BE
:10CBE0008674C67400234FF40152B9E70DF10702B1
:10CBF0001A21A22021F084FA9DF80730DB0740EAD1
:10CC00000400B0D4B1E700BF9B5B00202E7B030083
:10CC10003A7C03001C240300667B0300995B002020
:10CC20007C7B03002DE9F341012A089E04460F4650
:10CC30001D4602D1731E0E2B18D908200CF02CFFB4
:10CC400048B13F4B43613F4B83610323037400238F
:10CC500043748374C37400234FF4C2523A4923F0DF
:10CC600034F94FF0FF3002B0BDE8F081374B93F854
:10CC70000080B8F1020F14D008200CF00DFF50B165
:10CC8000334B43612F4BC0E9063804230374002360
:10CC900043748374C3742C4900234FF4015223F06E
:10CCA00014F939782046FFF701FFA6F17002044617
:10CCB000D2B20621A22021F018FA01220443162143
:10CCC000A22021F012FA002304438DF806300DF162
:10CCD00006021821A22021F013FA9DF8067017F021
:10CCE000010844EA0004F2D1022F14D008200CF00D
:10CCF000D3FE60B1174B4361124B80F81180C0E93D
:10CD000006370423037480F8128080F81380002310
:10CD10004FF40152A2E70DF107021A21A22021F0DF
:10CD2000EFF99DF80730DB0744EA000499D4334655
:10CD30002A461B21A220FFF7C5FD204393E700BF31
:10CD4000917B0300257C03001C2403009B5B0020D7
:10CD5000AC7B03007C7B03002DE9F041504B174670
:10CD600000228AB0054688461A6004282ED8DFE8DB
:10CD700000F00320222D310001223021002021F07B
:10CD800005FA044614B308200CF086FE50B1454B5A
:10CD90004361454BC0E90634042303740023437404
:10CDA0008374C374414900234FF4015223F08DF87A
:10CDB0001BE01B22E1E717223021002021F0E6F9D9
:10CDC00004460028DFD13A4801F0CCFF394B00245B
:10CDD0001D700AE091F82140196091F822301C443E
:10CDE000E4B20F2C05D94FF0FF3420460AB0BDE85D
:10CDF000F08117223021002021F0C8F998F8231083
:10CE000006463846FFF752FE44F0900206430621DC
:10CE1000A22021F06AF9402206431621A22021F027
:10CE200064F9DFF894C0674640EA06040FCF02AE0B
:10CE30000FC697E80F0086E80F00DCF82000DCF84A
:10CE400024106B4603C3D8F80C309847002602AB79
:10CE5000F3EC017AF4EEC07AF1EE10FA02D9013661
:10CE6000082EF5D102227421A22021F03EF906F10C
:10CE700028030DEB0306044316F8282CD20042F0D9
:10CE8000400202F0F8022721002021F07FF9202241
:10CE900004431721002021F079F9044372E700BF11
:10CEA000CC360020E97B0300157C03001C24030022
:10CEB000542903009B5B00205426030030B5C0EBCF
:10CEC000C00080B20C5CE408012C1CD0022C35D1CF
:10CED00001301B4C014402F10C004D7811F8023B6B
:10CEE00043EA05231BB207EE903AF8EEE77A60EDCD
:10CEF000017A94ED007A67EE277A8242C0ED007ADB
:10CF0000EBD1012030BD01300E4C014403F10C0087
:10CF10004D7811F8022B42EA052212B207EE902A50
:10CF2000F8EEE77AC3ED007A94ED007A67EE277A9F
:10CF3000E3EC017A9842EBD10220E3E71020E1E72D
:10CF4000600700205C07002037B5062304466A46C8
:10CF50002821002001F012FF98B108200CF09CFD60
:10CF600048B1154B4361154B8361032303740023C0
:10CF700043748374C374124900234FF4C25222F0E5
:10CF8000A4FF10486A4604F10C01557812F8023BE0
:10CF900043EA05231BB207EE903AF8EEE77A61ED1B
:10CFA000017A90ED007A67EE277A8C42C1ED007A23
:10CFB000EBD103B030BD00BFEB570300017D030090
:10CFC0002424030060070020B5EEC00AF1EE10FA39
:10CFD00010B5F5EEC00A75D4F2EE007AF1EE10FA53
:10CFE000B4EEE70A48BFDFED3B0AF1EE10FA5DD878
:10CFF000F1EE007AB4EEE70AF1EE10FA58D8F0EE4E
:10D00000007AB4EEE70AF1EE10FA53D8B5EEC00A92
:10D01000F1EE10FA0CD904232F4A013BD45C2F4ABD
:10D0200014702F4A32F8133000EE103AB8EE400A6E
:10D03000DFED2C7AF4EEE70AF1EE10FA3CD8DFEDE2
:10D040002A7AF4EEE70AF1EE10FA37D8DFED277A04
:10D05000F4EEE70AF1EE10FA32D8F5EEC00AF1EE7E
:10D0600010FA0CD90423224A013BD45C214A1470E3
:10D07000214A32F8133000EE903AF8EE600ADFED04
:10D080001F7A1F4BDFED1F6A60EE277AC3ED007A2F
:10D09000DFED1D7A1D4B60EEA77A87EEA67A83ED51
:10D0A000007A80ED000AC1ED000A10BD0123B3E74C
:10D0B0000223B1E70323AFE70123D4E70223D2E73A
:10D0C0000323D0E7F1EE10FA9FED020AB0D5F0EE9F
:10D0D000400AD4E7000000008E7D0300C30C00204E
:10D0E000223F030000007A440000FA4300007A4324
:10D0F0008A7D0300C20C0020183F030000000038A6
:10D10000600700200024744900000C425C070020E6
:10D1100030B5C0EBC00080B20C5C013004BB1E4CCB
:10D120002478012C02D11D4C2478DCB11C4C014424
:10D1300003F10C004D7811F8022B42EA052212B2DD
:10D1400007EE902AF8EEE77AC3ED007A94ED007AC4
:10D1500067EE277AE3EC017A9842EBD1022030BDEA
:10D16000012CE0D10F4C014402F10C004D7811F874
:10D17000023B43EA05231BB207EE903AF8EEE77A4A
:10D18000C2ED007A94ED007A67EE277AE2EC017A3C
:10D190009042EBD10120E2E79D5B00209C5B0020E8
:10D1A0005C070020600700202DE9F04F2DED028B79
:10D1B000B5EEC00A85B0F1EE10FACDE90101F0EE4E
:10D1C000408AB0EE608A3CD9DFED9E7AB4EE670A01
:10D1D000F1EE10FA35D09FED9C7A9C4A60EE077A0A
:10D1E0000123FDEEE77A104632F8021FE9B117EE8F
:10D1F000904AA14219DC01330B2BF5D10023B5EE87
:10D20000C08AF1EE10FA40F2FB80DFED8E7AB4EEC8
:10D21000678AF1EE10FA18D18D4A92F80080402703
:10D220004FF080099FED8B8A28E05A1E8A4B9B5C49
:10D2300030F8122007EE902AF8EEE77AC7EE878AD8
:10D24000DDE7DFED848A0023D9E79FED7F7A7F4910
:10D2500068EE077A0122FDEEE77A0C4631F8020FFC
:10D26000002800F0BF8017EE905AA84200F3BA8061
:10D2700001320B2AF2D10027B846B946DFF8F8B1DF
:10D2800073489BF80020DFF8F4E1DFF8F4C15AB9E5
:10D290009EF800204A4507D19CF800209A4203D10D
:10D2A0000278424500F0CB8043459A4638BFC246DB
:10D2B000AAEB0805C5F30715052D00F2A580012D81
:10D2C0008CBF02350135EDB2AAEB0304C4F3071499
:10D2D000052C00F29B80012C8CBF02340134E4B297
:10D2E000F4EEC88AF1EE10FA40F19280F5EE408A31
:10D2F000F1EE10FA14BFC8EE287A01214FF00002B7
:10D300001FBFB6EE007A77EE877AFCEEE77ACDEDB6
:10D31000037A18BF9DF80C1080F800804F488CF8F5
:10D32000003002704E4A8EF8009011704D4A12780B
:10D3300000261A43102130468BF8006020F026FFAB
:10D34000324683461521304620F020FF464B1A789E
:10D350004BEA000B48EA02021121304620F016FF8A
:10D360004A464BEA00081621304620F00FFF3A46A5
:10D3700048EA00081321304620F008FF44EAC502BD
:10D3800048EA0008D2B20821304620F0FFFE4FEAFA
:10D390005A0248EA000442F006020A21304620F010
:10D3A000F5FE044312D008200CF076FB40B12F4B61
:10D3B00043612F4B83610323037446748674C674E0
:10D3C0002C4900234FF4C25222F07FFD019BC3ED94
:10D3D000008A029B002083ED008A05B0BDEC028B21
:10D3E000BDE8F08F013A1C4911F8028034F8122090
:10D3F00007EE902AF8EEE77A002787EE878A3CE767
:10D400000027B846B9460DE700255DE7002467E729
:10D41000B5EE408AF1EE10FA14BFC8EE887A012109
:10D420004FF001021FBFB6EE007A77EE877AFCEE6E
:10D43000E77ACDED037A18BF9DF80C106CE7012058
:10D44000CBE700BF0000807F00409C46023F030006
:10D45000C60C002000000000807D03009C5B0020C3
:10D460009D5B0020C30C0020C20C0020EB57030082
:10D47000587D03004C240300C90C0020C80C002078
:10D48000C70C002070B500222DED028B05460E461C
:10D4900010462549B0EE608AF0EE418A01F04CFC5E
:10D4A00074221221002020F071FE044698B1082059
:10D4B0000CF0F2FA48B11D4B43611D4B836103230D
:10D4C0000374002343748374C3741A4900234FF414
:10D4D000C25222F0FAFC184AFF231370174A314651
:10D4E0002846F0EE680AB0EE480A1370FFF75CFEBB
:10D4F000044313D008200CF0CFFA48B10B4B436122
:10D500000B4B836103230374002343748374C3743C
:10D51000084900234FF4C25222F0D7FCBDEC028B25
:10D5200004EAE47070BD00BF80969800EB570300DA
:10D530006B7D03004C240300C70C0020C60C0020A8
:10D540002DE9F74F002689460223804601AA3A2199
:10D550003046019601F012FC9DF805309DF804401C
:10D560001B0203F4E0631C434FF0030A0727B4FBDC
:10D57000FAF4B9FBF7F7BC42054613D908200CF0C2
:10D580008BFA40B13B4B4361E41B846180F810A0EF
:10D5900046748674C674384900234FF4C45222F08E
:10D5A00094FC3C46DFF8DCB008F101064FF00009BE
:10D5B0004FF0020A4C4518DC9DB108200CF06CFAC3
:10D5C00048B12E4B43612E4B836103230374002328
:10D5D00043748374C374284900234FF4C25222F069
:10D5E00074FC204603B0BDE8F08F022301AA3C2161
:10D5F000002001F0C3FB9DF805309DF804701B026C
:10D6000003F440731F4345EA00080325B7FBF5F513
:10D6100005EB45057D1BADB2DDB106200CF03CFAF3
:10D6200038B10023C0F814B080F810A0437483749C
:10D63000C374114900234FF4845222F046FC6B005E
:10D6400001AA3E21002001F099FB013C48EA0008B4
:10D65000A4B203233246B7FBF3F73E2106F8017C60
:10D660000623002001F08AFB09F1010948EA0005C0
:10D6700007369FE7035803004C240300EB570300D1
:10D68000467D0300107D030013B51A4B1A788318EA
:10D69000013B93FBF2F3034403EB43039BB28DF88E
:10D6A0000430C3F302238DF8053001AA02230621BA
:10D6B000002001F079FB082204460D21002020F013
:10D6C00065FD044313D008200CF0E6F948B10A4B7D
:10D6D00043610A4B836103230374002343748374FF
:10D6E000C374074900234FF4C25222F0EEFB3320EB
:10D6F00002B010BD9D5B0020EB570300337D03009B
:10D700004C24030010B55C221021002020F03EFDC7
:10D71000102204461521002020F038FD7422044315
:10D720001721002020F032FD102204435821002050
:10D7300020F02CFD012204435B21002020F026FD77
:10D74000044300214FF4C5701DF03CFF9022582186
:10D75000002020F01BFD202204435E21002020F049
:10D7600015FD302204431221002020F00FFD044358
:10D7700013D008200CF090F948B1094B4361094BD4
:10D78000836103230374002343748374C3740649C1
:10D7900000234FF4C25222F098FB332010BD00BF8B
:10D7A000EB570300217D03004C240300B5EEC00AB3
:10D7B000F1EE10FA10B5F5EEC00A75D4F2EE007A6B
:10D7C000F1EE10FAB4EEE70A48BFDFED3B0AF1EEE6
:10D7D00010FA5DD8F1EE007AB4EEE70AF1EE10FA35
:10D7E00058D8F0EE007AB4EEE70AF1EE10FA53D80A
:10D7F000B5EEC00AF1EE10FA0CD904232F4A013B12
:10D80000D45C2F4A14702F4A32F8133000EE103ACD
:10D81000B8EE400ADFED2C7AF4EEE70AF1EE10FAEA
:10D820003CD8DFED2A7AF4EEE70AF1EE10FA37D8A9
:10D83000DFED277AF4EEE70AF1EE10FA32D8F5EED2
:10D84000C00AF1EE10FA0CD90423224A013BD45C41
:10D85000214A1470214A32F8133000EE903AF8EE63
:10D86000600ADFED1F7A1F4BDFED1F6A60EE277A3B
:10D87000C3ED007ADFED1D7A1D4B60EEA77A87EECF
:10D88000A67A83ED007A80ED000AC1ED000A10BD92
:10D890000123B3E70223B1E70323AFE70123D4E772
:10D8A0000223D2E70323D0E7F1EE10FA9FED020A3C
:10D8B000B0D5F0EE400AD4E700000000FE7D030082
:10D8C000C50C00204C3F030000007A440000FA43DE
:10D8D00000007A43FA7D0300C40C0020423F03009D
:10D8E00000000038600700200024744900000C424A
:10D8F0005C0700202DE9F84F2DED028B714BB5EE42
:10D90000C00AF1EE10FA93ED007A07460E4643D9AD
:10D91000DFED6D7AB4EE670AF1EE10FA3CD060EEFE
:10D92000077ADFED6A6A6A4A67EEA67A0123FDEE9E
:10D93000E77A104632F8021F09B317EE904AA14267
:10D940001DDC01330B2BF5D14FF00009F5EEC00AB9
:10D95000F1EE10FAC0EE078A40F2AD80DFED5A7AA0
:10D96000F4EE670AF1EE10FA1BD15A4B93F80080DF
:10D970004FF0400A4FF0800BDFED570A2BE0013BE0
:10D98000564A12F8039030F8133007EE903AF8EE4A
:10D99000E77A87EEA60AD9E79FED4F0A4FF0000914
:10D9A000D4E760EE877ADFED496A494A67EEA67AE6
:10D9B0000123FDEEE77A104632F8021F00296BD0F2
:10D9C00017EE904AA14267DC01330B2BF4D14FF0E4
:10D9D000000AD046D34642483E4B04784149424A69
:10D9E00080EE878A44B90C785C4505D114784C45A3
:10D9F00002D11C78444563D083F800803B4B82F809
:10DA000000901A7881F800B00025057049EA0202FA
:10DA10001021284620F0BAFB2A4604461521284644
:10DA200020F0B4FB324B1A78044348EA0202112179
:10DA3000284620F0ABFB5A4604431621284620F026
:10DA4000A5FB524604431321284620F09FFB48EAD9
:10DA5000191204430921284620F098FB044312D0F0
:10DA600008200CF019F840B1224B4361224B83612E
:10DA70000323037445748574C574204900234FF44F
:10DA8000C25222F022FAC7ED008A002086ED008AF9
:10DA9000BDEC028BBDE8F88F013B104A12F8038001
:10DAA00030F8133007EE903AF8EEE77A4FF0000ABC
:10DAB000C7EEA60A8EE74FF0000AD046D3465BE7D2
:10DAC0000120E5E7540700200000807F00409C46CD
:10DAD0002C3F0300C60C002000000000F07D030076
:10DAE000C90C0020C80C0020C70C0020C50C002069
:10DAF000C40C0020EB570300C87D0300542403002E
:10DB0000F0B52DED028B002283B006460F4610467D
:10DB10003349B0EE608AF0EE418A01F00DF97422CB
:10DB20001221002020F032FB054698B108200BF0AE
:10DB3000B3FF48B12B4B43612B4B83610323037429
:10DB4000002343748374C374284900234FF4C252E2
:10DB500022F0BBF9264AFF231370264A6321137073
:10DB600000200DF1070201F063F99DF90730DFEDA8
:10DB7000226A07EE103AB8EEC77AF7EE007A47EE5F
:10DB8000267A1E4B04463946F0EE680AB0EE480A83
:10DB90003046C3ED007AFFF7ADFE062204430A21AA
:10DBA000002020F0F3FA2C43044313D008200BF09C
:10DBB00073FF48B10B4B43610B4B83610323037429
:10DBC000002343748374C374084900234FF4C25282
:10DBD00022F07BF904EAE47003B0BDEC028BF0BDE7
:10DBE00080969800EB570300DB7D0300542403006C
:10DBF000C70C0020C60C0020A69BC43A5407002086
:10DC00002DE9FF4100260C460223804603AA3A2153
:10DC10003046ADF80C6001F0B1F89DF80D309DF87C
:10DC20000C501B0203F440731D430723B4FBF3F4B1
:10DC3000A542074623DCACB2072300934246C4EB5F
:10DC4000C4037821002001F031F9384313D00820B3
:10DC50000BF022FF48B1144B4361144B8361032343
:10DC60000374002343748374C374114900234FF475
:10DC7000C25222F02AF9204604B0BDE8F081082003
:10DC80000BF00AFF40B10B4B43612D1B0323856151
:10DC9000037446748674C674054900234FF4C45255
:10DCA00022F013F9C8E700BFEB570300B67D03006D
:10DCB000542403000358030010B5042838D8DFE8C3
:10DCC00000F0032C34373A0040220121002020F0DC
:10DCD0005DFA082204461421002020F057FA0022A1
:10DCE00004430121104620F051FA044304B30820F4
:10DCF0000BF0D2FE50B1114B4361114BC0E9063419
:10DD000004230374002343748374C3740D490023F4
:10DD10004FF4015222F0D9F80BE0402201210020FB
:10DD200020F034FA10220446D5E7074801F01AF82B
:10DD30000024204610BD4FF0FF34FAE7E97B0300D2
:10DD4000927D030054240300202A030010B55C22B6
:10DD50001021002020F01AFA10220446152100207C
:10DD600020F014FA802204431421002020F00EFA3F
:10DD7000F42204431721002020F008FA1022044363
:10DD80005621002020F002FA012204435B210020EA
:10DD900020F0FCF9044300214FF4C5701DF012FC83
:10DDA00080225821002020F0F1F9202204435E2136
:10DDB000002020F0EBF9302204431221002020F053
:10DDC000E5F9044313D008200BF066FE48B1094B77
:10DDD0004361094B836103230374002343748374F9
:10DDE000C374064900234FF4C25222F06EF8332068
:10DDF00010BD00BFEB570300A47D030054240300B3
:10DE0000B5EEC00AF1EE10FA30B5F5EEC00A6AD4EC
:10DE1000F2EE007AF1EE10FAB4EEE70A48BFDFED59
:10DE2000350AF1EE10FA47D8F1EE007AB4EEE70ABF
:10DE3000F1EE10FA42D8F0EE007AB4EEE70AF1EE15
:10DE400010FA3DD8B5EEC00AF1EE10FA0CD9042351
:10DE5000294A013BD45C294A1470294A32F813300C
:10DE600000EE103AB8EE400A264A0123144632F872
:10DE7000025F07EE905AF8EEE77AF4EEE07AF1EE00
:10DE800010FA24DB0133072BF1D1DFED1F7A1F4B92
:10DE9000DFED1F6A60EE277AC3ED007ADFED1D7AB1
:10DEA0001D4B60EEA77A87EEA67A83ED007A80EDAF
:10DEB000000AC1ED000A30BD0123C9E70223C7E70C
:10DEC0000323C5E7DFED0B0AB0EE600ACCE7134A87
:10DED000013BD55C34F81330114A00EE903A1570CE
:10DEE000F8EE600AD1E7F1EE10FAEBD49FED010AEB
:10DEF000BAE700BF000000008C7F0300CB0C0020BD
:10DF00007E3F0300703F03000000003860070020E0
:10DF10000024744900000C425C070020867F030047
:10DF2000CA0C002030B5C0EBC00080B20C5CE40825
:10DF3000012C1CD0022C35D101301B4C014402F1C4
:10DF40000C004D7811F8023B43EA05231BB207EEA3
:10DF5000903AF8EEE77AC2ED007A94ED007A67EE37
:10DF6000277AE2EC017A9042EBD1012030BD0130FA
:10DF70000E4C014403F10C004D7811F8022B42EADB
:10DF8000052212B207EE902AF8EEE77AC3ED007A86
:10DF900094ED007A67EE277AE3EC017A9842EBD1B0
:10DFA0000220E3E71020E1E7600700205C07002083
:10DFB0002DE9F0472DED028B604BB5EEC00AF1EE76
:10DFC00010FA93ED007A80460F463ED9DFED5C7A79
:10DFD000B4EE670AF1EE10FA37D060EE077ADFEDA3
:10DFE000596A594A67EEA67A0123FDEEE77A104690
:10DFF00032F8021FE9B117EE904AA14219DC013351
:10E000000D2BF5D10024F5EEC00AF1EE10FAC0EEAA
:10E01000078A40F28E80DFED4A7AF4EE670AF1EE6D
:10E0200010FA16D1494B1D784FF0040ADFED480A6B
:10E0300028E0013B474AD45C30F8133007EE903AB1
:10E04000F8EEE77A87EEA60ADDE79FED410A0024A5
:10E05000D9E760EE877ADFED3B6A3B4A67EEA67A46
:10E060000123FDEEE77A104632F8021F002954D052
:10E0700017EE905AA94250DC01330D2BF4D1002544
:10E080004FF0000A3448314B06783449344A80EE68
:10E09000878A46B90E78564505D11678A64202D130
:10E0A0001E78AE4248D00026067081F800A0147099
:10E0B0001021224630461D7020F068F845EA0A1209
:10E0C00081461121304620F061F844EA051249EA00
:10E0D0000009D2B20921304620F058F859EA000967
:10E0E00012D008200BF0D8FC40B11E4B43611E4BF0
:10E0F00083610323037446748674C6741B4900232A
:10E100004FF4C25221F0E1FEC8ED008A002087EDF5
:10E11000008ABDEC028BBDE8F087013B0D4AD55C5F
:10E1200030F8133007EE903AF8EEE77AC7EEA60A19
:10E13000A6E70025AA4679E70120EAE7580700206C
:10E140000000807F0000F045563F0300C60C002011
:10E15000000000007A7F0300C90C0020C80C0020DA
:10E16000C70C0020EB5703004D7F03005C24030025
:10E170002DE9F04F2DED028B002289B004460E46AA
:10E1800010467849B0EE608AF0EE418A00F0D4FD86
:10E19000754B15211A7800201FF0F8FF734B0746C6
:10E1A0001A78172100201FF0F1FF074313D0082031
:10E1B0000BF072FC48B16E4B43616E4B83610323DD
:10E1C0000374002343748374C3746B4900234FF4B6
:10E1D000C25221F07AFE694AFF231370684A032174
:10E1E0001370002018221FF0D1FF0DF11602054612
:10E1F0004F21002000F01CFE9DF91630DFED616A12
:10E2000007EE103AB8EEC77AF7EE007A47EE267AB4
:10E210005D4B05433146F0EE680AB0EE480A2046F1
:10E22000C3ED007AFFF7C4FE3D43054306220A21F1
:10E2300000201FF0ABFF054313D008200BF02CFC8F
:10E2400048B14B4B43614B4B836103230374002361
:10E2500043748374C374484900234FF4C25221F0BD
:10E2600034FE00240DF117020F2120468DF81740CF
:10E270008DF818408DF819408DF81A408DF81B4024
:10E280008DF81C408DF81D408DF81E408DF81F4004
:10E2900000F0CEFD06AA1021204600F0C9FD0DF1C8
:10E2A00019021121204600F0C3FD0DF11A021221BE
:10E2B000204600F0BDFD0DF11B021521204600F0A7
:10E2C000B7FD07AA1721204600F0B2FD0DF11D028F
:10E2D0000921204600F0ACFD0DF11E020A21204666
:10E2E00000F0A6FD0DF11F020321204600F0A0FD65
:10E2F0009DF817209DF818309DF81F109DF819B053
:10E300009DF81AA09DF81B909DF81C809DF81D702B
:10E310009DF81E6003921020019302910BF0BCFB4C
:10E3200090B11A4B4361019B039A02998261C0E943
:10E3300009A9C0E90B87C0E9073B0B23466381634A
:10E34000037444748474C4740B4900234FF4B142C1
:10E3500021F0BBFD05EAE57009B0BDEC028BBDE81C
:10E36000F08F00BF80969800CA0C0020CB0C0020D4
:10E37000EB570300697F03005C240300C70C0020F7
:10E38000C60C0020C364AA3A58070020027E03008E
:10E3900037B5062304466A462821002000F0EEFC2B
:10E3A00098B108200BF078FB48B1154B4361154B31
:10E3B000836103230374002343748374C374124979
:10E3C00000234FF4C25221F080FD204604F10C01DD
:10E3D0000E4C6A46557812F8023B43EA05231BB2FD
:10E3E00007EE903AF8EEE77AC0ED007A94ED007A05
:10E3F00067EE277AE0EC017A8142EBD103B030BDC1
:10E40000EB570300307F03005C240300600700200B
:10E4100037B5062304466A462221002000F0AEFCF0
:10E4200098B108200BF038FB48B1154B4361154BF0
:10E43000836103230374002343748374C3741249F8
:10E4400000234FF4C25221F040FD204604F10C019C
:10E450000E4C6A46557812F8023B43EA05231BB27C
:10E4600007EE903AF8EEE77AC0ED007A94ED007A84
:10E4700067EE277AE0EC017A8142EBD103B030BD40
:10E48000EB570300227F03005C2403005C0700209D
:10E490002DE9F04F002789B00D460223814607AAD7
:10E4A0001B213846ADF81C7000F068FC9DF91D601A
:10E4B0009DF81C80360206F4407448EA040B0723DA
:10E4C000B5FBF3F5AB4582465C4614D908200BF04A
:10E4D000E3FA48B1494B4361ABEB05038361032386
:10E4E000037447748774C774454900234FF4C452BA
:10E4F00021F0EBFC2C460723C4EBC40700934A46EB
:10E500003B467821002000F0D1FC50EA0A0013D0ED
:10E5100008200BF0C1FA48B13A4B43613A4B836192
:10E5200003230374002343748374C37434490023A6
:10E530004FF4C25221F0C9FC344B1D686A1C15F01F
:10E540003F051A6047D10DF11B020F2128468DF8B7
:10E550001B5000F06DFC602FA8BF60274B4607EBF7
:10E5600009029A423BD1002C3FD0012C99F800B00F
:10E5700040D0022C99F807A039D099F80E909DF858
:10E580001D209DF81C309DF81B1005921020039350
:10E5900004910BF081FAC0B11D4B04994361039BB8
:10E5A000059A8261C0E9073406F480760C23C0E93D
:10E5B0000A1BC0E90CA9C0E90E5748EA0606037415
:10E5C0000023466243748374C3740D4900234FF4DF
:10E5D000C14221F07AFC204609B0BDE8F08F13F863
:10E5E000011BFF2908BF0135BBE7A246A3464FF038
:10E5F0000009C4E74FF0000AF9E700BF0358030021
:10E600005C240300EB5703003F7F0300D436002057
:10E61000677E030013B51A4B8DF805001A78194B65
:10E620001B789A4294BF00220122C0F3012343EADF
:10E6300042138DF8043001AA02230B21002000F0C0
:10E64000B3FB402204460D2100201FF09FFD044330
:10E6500013D008200BF020FA48B10B4B43610B4B51
:10E66000836103230374002343748374C3740849D0
:10E6700000234FF4C25221F028FC332002B010BD19
:10E68000C60C0020C70C0020EB570300057F0300D9
:10E690005C24030010B5042817D8DFE800F0031944
:10E6A000211641004022012100201FF06FFD0022B1
:10E6B0000446142100201FF069FD002204430121BB
:10E6C00010461FF063FD0443A4B90024204610BD8A
:10E6D0004022012100201FF059FD10220446E8E7E6
:10E6E0005822032100201FF051FD04460E4800F07F
:10E6F00039FBE9E708200BF0CFF950B10B4B436130
:10E700000B4BC0E906340423037400234374837461
:10E71000C374084900234FF4015221F0D6FBD5E71A
:10E720004FF0FF34D2E700BF202A0300E97B03004B
:10E73000E97E03005C24030008B508200BF0ACF967
:10E7400048B1094B4361094B8361032303740023E0
:10E7500043748374C374064900234FF4C25221F0FA
:10E76000B4FB4FF0FF3008BDEB570300147F0300EC
:10E770005C2403002DE9F743012A0A9E07468946D7
:10E7800090461D4602D1731E072B18D908200BF0A6
:10E7900083F948B14B4B43614B4B836103230374B3
:10E7A000002343748374C374484900234FF4C25256
:10E7B00021F08BFB4FF0FF3003B0BDE8F083414602
:10E7C000402200201FF0E2FC99F800308DF805305F
:10E7D0007F0066F03F03044647F001078DF80630DE
:10E7E00001AA0323152100208DF8047000F0DCFA43
:10E7F00044220443142100201FF0C8FC002241469B
:10E80000044310461FF0C2FC0DF10202044329210B
:10E81000002000F00DFB002304438DF803301FF0AF
:10E8200072FC10F10A0841F100079DF80330DA0785
:10E830002CD400238DF803301FF065FC10F10A077B
:10E8400041F100089DF80330DB072CD44022012160
:10E8500000201FF09BFC00220746142110461FF0E9
:10E8600095FC274340EA07044FF496701CF0E6FE3F
:10E8700033462A460221002000F080FA0022044399
:10E88000012110461FF082FC204395E71FF03BFC5E
:10E890004045B941CDDA0DF103021E21002000F000
:10E8A000C7FA0443C1E71FF02EFCB84271EB080120
:10E8B000CCDA0DF103024821002000F0B9FA04433C
:10E8C000C0E700BF917B0300C87E03005C24030007
:10E8D00010B5E222172100201FF058FC4722044601
:10E8E000102100201FF052FC502204431821002068
:10E8F0001FF04CFC10220443562100201FF046FC60
:10E90000042204435B2100201FF040FC044300214B
:10E9100040F269101CF056FE8022502100201FF0AA
:10E9200035FC202204435E2100201FF02FFC18221A
:10E930000443032100201FF029FC044313D00820C6
:10E940000BF0AAF848B1094B4361094B83610323DB
:10E950000374002343748374C374064900234FF483
:10E96000C25221F0B2FA332010BD00BFEB570300B2
:10E97000F77E03005C240300124A08B5FF231370DE
:10E98000114A12211370002001221FF0FFFB98B1E1
:10E9900008200BF081F848B10C4B43610C4B8361AC
:10E9A00003230374002343748374C374094900234D
:10E9B0004FF4C25221F089FA2120BDE8084000211D
:10E9C0001CF000BEC70C0020C60C0020EB57030053
:10E9D0005C7F03005C240300022A73B505460E46E3
:10E9E00017D008200BF058F848B1364B4361364B2E
:10E9F000836103230374002343748374C374334912
:10EA000000234FF4C25221F060FA4FF0FF3002B001
:10EA100070BD4022012100201FF0B8FB33788DF833
:10EA20000530C02304466D008DF8063001AA03238B
:10EA3000152100208DF8045000F0B6F972780443D7
:10EA4000212100201FF0A2FB4422044314210020B6
:10EA50001FF09CFB002304438DF803301FF053FB91
:10EA600010F10A0641F100059DF90330002B1CDB73
:10EA70000022142110461FF089FB05464FF49670C2
:10EA80001CF0DCFD0022012110461FF07FFB9DF9E8
:10EA900003302543002B40EA0500B8DB08200AF0CC
:10EAA000FBFF0028ABD00A4BA0E71FF02CFBB042C5
:10EAB000A941DDDA0DF103022221002000F0B8F9AE
:10EAC0000443D1E7667B0300DB7E03005C24030084
:10EAD000B67E03007FB5194B1C5C012C11D0022CB3
:10EAE0001FD044BB164BC3E90012164901234B60EB
:10EAF000154B53F82000224604B0BDE870401FF0CB
:10EB00002ABB124B53F8203018689B88CDE90112BC
:10EB100002228DF80C2001A922461FF028FB04B028
:10EB200070BD0B4B1B6833B10A481B68007804B0FA
:10EB3000BDE8704018474FF0FF30F0E7A85B0020B9
:10EB4000E83600206C0700200C3700200437002036
:10EB5000F8360020A75B002030B51C46254B1D5C15
:10EB6000012D89B01ED0022D31D0002D3FD1224D74
:10EB70002960224901236B604B60214B214D1D60B0
:10EB8000214DDC6055F820500135C3E901521F4A80
:10EB9000022353601E4B53F8200009B0BDE83040FB
:10EBA0001FF0D9BA1B4B53F8203018689B88CDE969
:10EBB0000215CDE90524002107228DF810108DF8EB
:10EBC0001C2002A902221FF0D2FA09B030BD124B5C
:10EBD0001B6863B1187A844284BF104804781048D7
:10EBE00000945C68007813460122A047EDE74FF0DF
:10EBF000FF30EAE7A85B0020E83600206C07002021
:10EC0000D83600209E5B0020FC36002064070020E0
:10EC10000C37002004370020F8360020A65B0020C7
:10EC2000A75B0020024B1860024B00221A7070474D
:10EC30000C370020A85B00202DE9F041DFF8F480BC
:10EC400098F8004007460E463CB1012C4ED00820F3
:10EC50000AF022FFB8B12D4B4EE02D4B1D68002D60
:10EC600035D02B7A934228D28B4215D208200AF055
:10EC700013FF40B1274B4361274B83610323037488
:10EC800044748474C474254900234FF4C25221F0A3
:10EC90001CF94FF0FF3018E006200AF0FDFE30B1FD
:10ECA0001F4B43610223037444748474C4741B496E
:10ECB00000234FF4845221F008F91A4B1E701A4BAE
:10ECC0001F70022388F801300020BDE8F081082081
:10ECD0000AF0E2FE0028D6D0144B43610E4B83614C
:10ECE0000323037445748574C574CCE708200AF0C7
:10ECF000D3FE0028C7D00E4B4361074B836103232B
:10ED00000374002343748374C374BCE73B80030023
:10ED1000F8360020907F03007680030074250300FE
:10ED2000AD7F0300A65B0020A75B0020C87F030027
:10ED300012800300A85B002010B503460648C05CA3
:10ED400038B9064C54F823406160054941F8232046
:10ED500010BD4FF0FF30FBE7A85B00200C37002010
:10ED6000FC360020014B1860704700BFF8360020C9
:10ED7000014B1868704700BFF836002007B58DF8C2
:10ED800007100849095C29B99DF8071061F07F0157
:10ED90008DF807100DF10701FFF7DEFE03B05DF8F7
:10EDA00004FB00BFA85B002030B51C461B4B8BB09A
:10EDB00015461A5C8DF807102AB1012A14D04FF0BD
:10EDC000FF300BB030BD164B0DF10701196001216A
:10EDD000C3E901151349DC6002234B60124B53F861
:10EDE00020001FF0B8F9ECE7104B9DF8071053F81E
:10EDF00020308DF80F100DF10F0118689B88CDE9B8
:10EE0000041200228DF8182004A90222CDE907542B
:10EE10008DF824201FF0ABF9D3E700BFA85B0020DA
:10EE2000E83600206C0700200C3700200437002053
:10EE300007B5094B8DF807101B5C23B9CBB263F003
:10EE40007F038DF8073001230DF10701FFF784FEE2
:10EE500003B05DF804FB00BFA85B00202DE9F3417F
:10EE6000114F98463B5C05460C4616460BB941F0DF
:10EE700080040DF1070221462846FFF7D9FF80B92B
:10EE80009DF8073023EA060206EA08063243934259
:10EE900007D07B5D0BB904F07F04214628461FF0A4
:10EEA00075F902B0BDE8F081A85B00202DE9F843B8
:10EEB0001646124A89461D46115C089B40F2FF34F3
:10EEC00043F6FF72002908BF14460746B4FBF3F46B
:10EED0004FF000085C4315B94046BDE8F883AC42EA
:10EEE00028BF2C463246234649463846FFF746FFA0
:10EEF000264448EA00082D1BEDE700BFA85B002070
:10EF0000014B93ED000A704714370020DFED0F6AC4
:10EF100010B5B2EE046A00F10904437882781B044C
:10EF200043EA0263027853EA022348BFFF331B120D
:10EF300007EE903AF8EEE77A033067EE867A84427D
:10EF400087EEA67AA1EC017AE7D110BD0050C34745
:10EF500070B53449B5EEC00AF1EE10FA0C780646E9
:10EF600059D9DFED317AB4EE670AF1EE10FA26D006
:10EF7000B7EE007AC7EE007AFDEEE77A17EE903A28
:10EF8000642B05DD0A2C4AD0284D0A231A461BE0C3
:10EF9000322B04DD082C42D0254D0823F6E7142B34
:10EFA00004DD062C3BD0234D0623EFE70A2B04DDBE
:10EFB000042C34D0204D0423E8E7002B26DC012C60
:10EFC00022D00123002500220B7042F06002322182
:10EFD00001201FF0DBF8044698B108200AF05CFD20
:10EFE00048B1164B4361164B83610323037400231E
:10EFF00043748374C374134900234FF4C25220F046
:10F0000064FF114B35601D60204670BD022C06D098
:10F010000E4D0223BAE714B100230025B6E7012400
:10F02000F2E700BFCC0C00200000807F0AD7A33B92
:10F030000AD7233C0AD7A33CCDCC4C3DEB57030069
:10F04000E9800300F423030014370020CDCCCC3D2D
:10F0500008B5044BFF221A70FFF77AFF00EAE07050
:10F0600008BD00BFCC0C00202DE9FF41DFF8F8807F
:10F07000D8E9007457EA04020CBF012200220237CB
:10F0800044F100048DF8032005461FF08BF8B842C8
:10F09000A141A2BF00220023C8E9002300269DF859
:10F0A0000330DB074BD5D8E90032134318D01FF0EB
:10F0B00079F8B842A14113DB08200AF0EDFC48B111
:10F0C000254B4361254B8361032303740023437461
:10F0D0008374C374224900234FF4C25220F0F5FE1A
:10F0E00000220023C8E900231121092301AA0120DD
:10F0F000FFF744FE0DF1030204461B210120FFF738
:10F1000097FE0443344313D008200AF0C5FC48B1ED
:10F11000144B4361114B8361032303740023437435
:10F120008374C3740E4900234FF4C25220F0CDFE05
:10F13000294601A8FFF7EAFE04B0BDE8F0811FF000
:10F1400031F8B842A141AEDA0DF103020F210120DE
:10F15000FFF76EFE0643A2E7B0800300CE800300F7
:10F16000F4230300EB570300001D002010B5082016
:10F170000AF092FC48B1094B4361094B83610323B8
:10F180000374002343748374C374BDE810400549BD
:10F1900000234FF4C25220F098BE00BFEB5703008B
:10F1A000F7800300F423030008B5074BFF221A7011
:10F1B0000122332110461EF0E9FF18B1BDE80840D6
:10F1C000FFF7D4BF08BD00BFCC0C002010B508204D
:10F1D0000AF062FC48B1094B4361094B8361032388
:10F1E0000374002343748374C374BDE8104005495D
:10F1F00000234FF4C25220F068BE00BFEB5703005B
:10F20000DA800300F423030010B5612232210120CB
:10F210001EF0BCFF04461EF0C5FF044BC3E900010D
:10F220001CB1BDE81040FFF7D1BF10BD001D00208C
:10F2300010B508200AF030FC48B1094B4361094B76
:10F24000836103230374002343748374C374BDE890
:10F250001040054900234FF4C25220F036BE00BFD3
:10F26000EB570300C1800300F423030000B52DED2C
:10F27000028B83B00DF107021A210120FFF7D8FDA0
:10F280009DF907309FED0B7A07EE903AF8EEE77A9A
:10F29000002887EE878AF3EE0E7A38EE278A01DAA5
:10F2A000FFF7C6FFB0EE480A03B0BDEC028B5DF875
:10F2B00004FB00BF9A99D9BF014B93ED000A704738
:10F2C0001837002073B5002200926C46451C10F8D8
:10F2D000123015F8126003F0FE0343EA0623022AF7
:10F2E0001BB219D15B10BDF90040ADF80430837931
:10F2F000C279DFEDA26A9B0814F5805F43EA8213AE
:10F3000012D100220A60BDF9022012F5805F0FD0F1
:10F31000002B40F0D2800BE0002BB8BF0733DB108E
:10F3200024F8023B0132D2E7002B62D100220A60AE
:10F33000DFED937ABDF9045087EEA67A15F5804F7C
:10F3400081ED017A00F017818E4AB2F900000028A1
:10F3500000F011818C4A1488002C00F00C818B4A3B
:10F360001288002A00F00781002B00F0048107EECC
:10F37000903A874BB8EE677AB3F9003007EE905AAF
:10F38000B8EEE76A07EE903A824BF8EEE77AB3F907
:10F39000003036EE676A07EE902A05EE903AF8EEF6
:10F3A000677AF8EEE55A77EE677A67EEA57ADFEDD1
:10F3B0007A5A56EE257A06EE104AB8EE466ADFED26
:10F3C000775A26EE077A06EE100AB8EEC66A07EEFE
:10F3D000256AB1EE007A26EE076A87EE867ADFEDBF
:10F3E000707A67EE277A87EEA67A81ED027A02B00C
:10F3F00070BD664A1088BDF90220002800F0B88070
:10F4000007EE900A9FED676A674807EE103AF8EE3C
:10F41000677AF8EEC75A67EE867A90F9000087EEB1
:10F42000A57A05EE900A37EE467A6048DFED607AFD
:10F43000007827EE076AF8EEE55A26EE276A07EE0F
:10F44000900AF8EE677A5B4867EE877A9FED5A7A02
:10F4500090F9000067EE877A45EE867A9FED577A3D
:10F460009FED576A77EE877A07EE100AB8EEC77AF3
:10F47000544837EE067A90F9000067EE877A07EE77
:10F48000104AB8EEC77AB2EE006A67EE877A07EEE6
:10F49000100AB8EEC77A27EE067A9FED4B6A07EEA0
:10F4A000867ADFED3F7A67EE277A87EEA67A81EDDE
:10F4B000007A12F5805F3FF43BAF344800880028A3
:10F4C0003FF436AF07EE900A9FED366A364807EEF6
:10F4D000103AF8EE677AF8EEC75A67EE867A90F936
:10F4E000000087EEA57A05EE900A37EE467A2F489F
:10F4F000DFED2F7A007827EE076AF8EEE55A26EE60
:10F50000276A07EE900AF8EE677A304867EE877A46
:10F510009FED297A90F9000067EE877A45EE867AAA
:10F520009FED267A9FED266A77EE877A07EE100A1E
:10F53000B8EEC77A37EE067AB2EE006A67EE877ADF
:10F5400007EE102A224AB8EEC77A92F9002067EE39
:10F55000877A07EE102AB8EEC77A27EE067A9FED73
:10F560001A6A07EE867ADFED0E7A67EE277AE1E611
:10F57000002008609DE7DFED027A34E70000C84212
:10F5800000000000B0590020B2590020AA59002004
:10F59000AC590020AE59002000000048000000389F
:10F5A0000000803D00008046AA5B0020AB5B00208D
:10F5B00000008031AD5B00200000803800008043F7
:10F5C00000002043AF5B002000000039AC5B00204E
:10F5D000AE5B0020F8B5B5EEC00AF1EE10FA2DEDE5
:10F5E000028B0646B0EE408A63D99FED4E7AB4EEA8
:10F5F000470AF1EE10FA63D0F7EE006AC6EE807AA1
:10F600000022FDEEE77A17EE903A192B5DDC142B01
:10F6100061DC0F2B65DC0A2B69DC082B6DDC062B0B
:10F6200071DC022B75DC9342B6EE008AD5BF042450
:10F630000E2401250425D4BF07230123D8BFB0EE33
:10F64000478A42EA8302384B1978914267D01A7090
:10F650004C21520001201EF099FD2A4607465121F7
:10F6600001201EF093FD224647EA000552210120A9
:10F670001EF08CFD054313D008200AF00DFA48B1A6
:10F680002A4B43612A4B8361032303740023437491
:10F690008374C374274900234FF4C25220F015FC31
:10F6A000254B86ED008A83ED008ABDEC028B28464F
:10F6B000F8BD00249FED218A032225462346C0E79A
:10F6C0000322042401250723BBE79FED1D8A0E2496
:10F6D00004250723B5E79FED1B8A0E240425062386
:10F6E000AFE79FED198A0E2404250523A9E7042519
:10F6F0009FED168A0E242B46A3E79FED158A0E2454
:10F70000042513469DE70E2404250323B4EE008A46
:10F7100097E79FED108A0E240425022391E7012527
:10F72000C3E700BF0000807FCD0C0020EB57030033
:10F730002A81030004240300183700200000000081
:10F740008988083D0AD7233DCDCC4C3D8988883D2A
:10F75000CDCCCC3DABAA2A3E30B5054685B00024C1
:10F760009DF8073003F00603022B22D008230DEB8F
:10F77000030242210120FFF701FB044313D00820BC
:10F780000AF08AF948B10F4B43610F4B83610323A1
:10F790000374002343748374C3740C4900234FF42F
:10F7A000C25220F092FB294602A8FFF78BFD05B05C
:10F7B00030BD0DF107024C210120FFF739FB044356
:10F7C000CEE700BFEB5703000B81030004240300C6
:10F7D00010B508200AF060F948B1094B4361094BA4
:10F7E000836103230374002343748374C374BDE8EB
:10F7F0001040054900234FF4C25220F066BB00BF01
:10F80000EB5703003A8103000424030008B5074BBB
:10F81000FF221A704B21002201201EF0B7FC18B104
:10F82000BDE80840FFF7D4BF08BD00BFCD0C0020E5
:10F8300010B508200AF030F948B1094B4361094B73
:10F84000836103230374002343748374C374BDE88A
:10F850001040054900234FF4C25220F036BB00BFD0
:10F86000EB5703001981030004240300F0B52DEDCC
:10F87000028B012287B005464B211046B0EE408A2C
:10F880001EF084FC0746002142201BF09BFE002650
:10F89000022301AA5D210120CDE90266ADF80460D2
:10F8A0000496ADF81460FFF769FA0423044602AA2F
:10F8B00062210120FFF762FA0A23044303AA6821A8
:10F8C0000120FFF75BFA044312D008200AF0E4F8A5
:10F8D00040B1334B4361334B83610323037446745C
:10F8E0008674C674304900234FF4C25220F0EDFAFA
:10F8F0002E4B9DF804201A702D4B9DF805201A7090
:10F900002C4B9DF80A201A702B4B9DF80B201A7077
:10F910002A4BBDF80E201A80294BBDF80C201A8006
:10F92000284BBDF812201A80274BBDF808201A80FA
:10F93000264B9DF815201A70254B9DF814201A703F
:10F940009DF811309DF810201B0203F4FE43134371
:10F95000204A3C43138013D008200AF09DF848B198
:10F960000F4B43611C4B83610323037400234374D7
:10F970008374C3740C4900234FF4C25220F0A5FADB
:10F98000164BFF222846B0EE480A1A70FFF722FEF7
:10F99000204300EAE07007B0BDEC028BF0BD00BF71
:10F9A000EB5703004881030004240300AF5B0020F1
:10F9B000AE5B0020AD5B0020AC5B0020B2590020A4
:10F9C000B0590020AE590020AC590020AB5B00209C
:10F9D000AA5B0020AA5900205C810300CD0C002006
:10F9E000014B93ED000A70471C3700209FED157AFC
:10F9F0009FED156A30B5851D00F1090443788278C2
:10FA00001B0443EA0263027853EA022348BFFF3330
:10FA10001B1207EE903A8542F8EEE77A08D1DFED47
:10FA20000B6A67EEA67AC7EE876AC1ED006A30BD41
:10FA300067EE867A0330C7EE876A8442E1EC016A9A
:10FA4000DCD1F4E70000C84247ABE73BF61BEB3BD9
:10FA500070B5B5EEC00AF1EE10FA2DED028B054639
:10FA6000B0EE408A5BD9DFED487AB4EE670AF1EE7A
:10FA700010FA5AD0B7EE007AC7EE007A0124FDEEF4
:10FA8000E77A17EE903AC82B53DC642B56DC322B06
:10FA900059DC192B5CDC0C2B5FDC062B62DC032BA6
:10FAA00065DC012B68DC9FED388ADFED387A15BF05
:10FAB0000023032303220A2208BFB0EE678A42EA2A
:10FAC0000312334B197891425BD0042101201A7044
:10FAD0001EF05CFB22460646062101201EF056FB66
:10FAE000064313D0082009F0D7FF48B1294B4361E2
:10FAF000294B836103230374002343748374C37409
:10FB0000264900234FF4C25220F0DFF9244B85ED43
:10FB1000008A83ED008ABDEC028B304670BD002464
:10FB20009FED208A23462246C9E70024234603226C
:10FB3000C5E79FED1D8A00230222C0E79FED1B8AC7
:10FB400023460322BBE79FED1A8A02230422B6E76D
:10FB50009FED188A03230522B1E79FED178A03233F
:10FB60000622ACE79FED158A03230722A7E79FED46
:10FB7000148A03230822A2E79FED128A0323092295
:10FB80009DE70126C7E700BF0000807F0AD7233F1B
:10FB9000CE0C0020EB570300948103000C240300DB
:10FBA0001C370020000000000AD7233B0AD7A33BE4
:10FBB0000AD7233C0AD7A33C0AD7233D0AD7A33D43
:10FBC0000AD7233E0AD7A33E08B5044BFF221A707A
:10FBD000FFF73EFF00EAE07008BD00BFCE0C00203A
:10FBE0007FB5064600259DF8034014F0010421D19D
:10FBF0000B2301AA31210120FFF7C0F8054312D0E1
:10FC0000082009F049FF40B10E4B43610E4B836160
:10FC10000323037444748474C4740C4900234FF4A4
:10FC2000C25220F052F931460DF10600FFF7DEFE18
:10FC300004B070BD0DF1030207210120FFF7F8F8B1
:10FC40000543D0E7EB570300758103000C24030044
:10FC500007B505236A463A210120FFF78FF898B1CE
:10FC6000082009F019FF48B11B4B43611B4B83610E
:10FC700003230374002343748374C374184900235B
:10FC80004FF4C25220F021F99DF803309DF8042072
:10FC9000DFED147A1B0443EA02639DF8022053EA65
:10FCA000022348BFFF331B1200EE103AB8EEC00A21
:10FCB00020EE270AB5EEC00AF1EE10FA06DDDFED00
:10FCC0000A7A30EE670A03B05DF804FB44BFDFED4B
:10FCD000067A30EE270AF6E7EB5703006681030049
:10FCE0000C2403005B9E803A85EBCB4110B50820C5
:10FCF00009F0D2FE48B1094B4361094B83610323EC
:10FD00000374002343748374C374BDE81040054931
:10FD100000234FF4C25220F0D8B800BFEB570300C5
:10FD2000A48103000C2403000A4BFF2210B55021CC
:10FD30001A70012080221EF029FA002204460621B2
:10FD400001201EF023FA044303D0BDE81040FFF762
:10FD5000CDBF10BDCE0C002010B5082009F09CFED0
:10FD600048B1094B4361094B8361032303740023AA
:10FD700043748374C374BDE81040054900234FF4F5
:10FD8000C25220F0A2B800BFEB57030083810300EA
:10FD90000C240300014B93ED000A7047203700202C
:10FDA0009FED0D6ADFED0D6A30B50022451C15F898
:10FDB000124010F8123043EA04231BB207EE903AC7
:10FDC000F8EEE77A013267EE867A032A87EEA67AA2
:10FDD000A1EC017AEBD130BD9A99993E0000C8425E
:10FDE0002DE9F0414049B5EEC00AF1EE10FA0C7869
:10FDF000074672D9DFED3D7AB4EE670AF1EE10FAEC
:10FE00002CD0B7EE007AC7EE007AFDEEE77A17EE57
:10FE1000903A642B07DD0A2C63D0354D0A2301226A
:10FE20004FF01B0808E0322B08DD082C59D0314D6B
:10FE3000082301224FF024081E4618E0142B04DD8D
:10FE4000062C4ED02C4D0623F3E70A2B04DD042CA0
:10FE500047D02A4D0423ECE7002B36DC012C31D0AF
:10FE600001234FF0FF451A464FF01B0800260B7088
:10FE70005201302101201EF089F932460446312119
:10FE800001201EF083F942460443412101201EF067
:10FE90007DF9044313D0082009F0FEFD48B1184B4A
:10FEA0004361184B836103230374002343748374F9
:10FEB000C374154900234FF4C25220F006F8134BC7
:10FEC0003D601D602046BDE8F081022C09D0022370
:10FED0000F4D1A464FF02D08AEE714B10023002550
:10FEE0009DE70124EEE700BFCF0C00200000807FDB
:10FEF0000AD7A33B0AD7233C0AD7A33CCDCC4C3D21
:10FF0000EB570300DE8103002C2403002037002080
:10FF1000CDCCCC3D08B5044BFF221A70FFF760FF33
:10FF200000EAE07008BD00BFCF0C00202DE9FF41C2
:10FF3000374FD7E9005455EA04020CBF01220022D2
:10FF4000053544F100048DF8072006461EF051F9EE
:10FF5000A842A141A2BF00220023C7E900234FF01D
:10FF600000089DF80730DB0744D5D7E9003213437A
:10FF700018D01EF03EF9A842A14113DB082009F079
:10FF80008BFD48B1234B4361234B836103230374EF
:10FF9000002343748374C374204900234FF4C25276
:10FFA0001FF093FF00220023C7E90023112106233D
:10FFB00002AA0120FEF7E2FE58EA000013D0082052
:10FFC00009F06AFD48B1164B4361134B836103236B
:10FFD0000374002343748374C374104900234FF4E3
:10FFE000C2521FF072FF314602A8FFF7D9FE04B0DB
:10FFF000BDE8F0811EF0FDF8A842A141B5DA0DF18F
:020000021000EC
:10000000070210210120FEF713FF48EA0008A8E7C5
:10001000081D0020B0800300B98103002C240300D8
:10002000EB57030010B5082009F036FD48B1094B25
:100030004361094B83610323037400234374837476
:10004000C374BDE81040054900234FF4C2521FF0AD
:100050003CBF00BFEB570300F18103002C240300D9
:1000600008B5074BFF221A700122322110461EF0FC
:100070008DF818B1BDE80840FFF7D4BF08BD00BF38
:10008000CF0C002010B5082009F006FD48B1094B3F
:100090004361094B83610323037400234374837416
:1000A000C374BDE81040054900234FF4C2521FF04D
:1000B0000CBF00BFEB570300CA8103002C240300D0
:1000C000012210B5312110461EF060F804461EF0E2
:1000D00090F8044BC3E900011CB1BDE81040FFF7E4
:1000E000D1BF10BD081D0020014B93ED000A7047E1
:1000F000243700209FED0D6ADFED0D6A30B5002238
:10010000451C15F8124010F8123043EA04231BB2C4
:1001100007EE903AF8EEE77A013267EE867A032A24
:1001200087EEA67AA1EC017AEBD130BD9A99993D80
:100130000000C8422DE9F0414049B5EEC00AF1EE99
:1001400010FA0C78074672D9DFED3D7AB4EE670AF3
:10015000F1EE10FA2CD0B7EE007AC7EE007AFDEE81
:10016000E77A17EE903A642B07DD0A2C63D0354D01
:100170000A2301224FF01B0808E0322B08DD082C6F
:1001800059D0314D082301224FF024081E4618E0B3
:10019000142B04DD062C4ED02C4D0623F3E70A2B3E
:1001A00004DD042C47D02A4D0423ECE7002B36DC79
:1001B000012C31D001234FF0FF451A464FF01B08A8
:1001C00000260B705201302101201DF0DFFF324666
:1001D0000446312101201DF0D9FF4246044341214C
:1001E00001201DF0D3FF044313D0082009F054FC74
:1001F00048B1184B4361184B8361032303740023F8
:1002000043748374C374154900234FF4C2521FF022
:100210005CFE134B3D601D602046BDE8F081022C62
:1002200009D002230F4D1A464FF02D08AEE714B146
:10023000002300259DE70124EEE700BFD00C00203D
:100240000000807F0AD7A33B0AD7233C0AD7A33CF0
:10025000CDCC4C3DEB5703002F8203003424030028
:1002600024370020CDCCCC3D38B50C4BFF222DEDF2
:10027000028B1A700122054633211046B0EE408AE7
:100280001DF084FFB0EE480A04462846FFF752FFEF
:10029000BDEC028B204300EAE07038BDD00C00209A
:1002A0002DE9FF41374FD7E9005455EA04020CBF4E
:1002B00001220022053544F100048DF8072006468E
:1002C0001DF0A5FFA842A141A2BF00220023C7E95B
:1002D00000234FF000089DF80730DB0744D5D7E92D
:1002E0000032134318D01DF092FFA842A14113DB46
:1002F000082009F0D1FB48B1234B4361234B8361B4
:1003000003230374002343748374C37420490023BC
:100310004FF4C2521FF0D9FD00220023C7E9002389
:100320001121062302AA0120FEF728FD58EA000049
:1003300013D0082009F0B0FB48B1164B4361134BB2
:10034000836103230374002343748374C3741049CB
:1003500000234FF4C2521FF0B8FD314602A8FFF748
:10036000C9FE04B0BDE8F0811DF051FFA842A141D3
:10037000B5DA0DF1070210210120FEF759FD48EA18
:100380000008A8E7101D0020B08003000A820300C7
:1003900034240300EB57030010B5082009F07CFB60
:1003A00048B1094B4361094B836103230374002364
:1003B00043748374C374BDE81040054900234FF4AF
:1003C000C2521FF082BD00BFEB5703004282030000
:1003D0003424030008B5074BFF221A700122322192
:1003E00010461DF0D3FE18B1BDE80840FFF7D4BF9A
:1003F00008BD00BFD00C002010B5082009F04CFB50
:1004000048B1094B4361094B836103230374002303
:1004100043748374C374BDE81040054900234FF44E
:10042000C2521FF052BD00BFEB5703001B820300F6
:1004300034240300012210B5312110461DF0A6FE20
:1004400004461DF0E4FE044BC3E900011CB1BDE805
:100450001040FFF7D1BF10BD101D0020014B93EDE0
:10046000000A7047283700209FED0B7A30B5002234
:10047000451C15F8124010F8123043EA04231BB251
:1004800007EE903AF8EEE77A013267EE877A032AB0
:10049000E1EC017AEDD130BDA69BC43A38B5B5EE9A
:1004A000C00AF1EE10FA2DED028B054645D99FEDFD
:1004B0002E8AB4EE480AF1EE10FA3ED0B7EE007A7A
:1004C000C7EE007AFDEEE77A17EE903A322B39DC70
:1004D000142B3CDC0A2B3FDC002B4FF000031A46A8
:1004E00001DD9FED228A22490878904239D00A70B6
:1004F000012043EA820260211DF048FE044698B1C3
:10050000082009F0C9FA48B11A4B43611A4B8361BC
:1005100003230374002343748374C37417490023B3
:100520004FF4C2521FF0D1FC154B85ED008A83EDCC
:10053000008ABDEC028B204638BD9FED128A032352
:100540000022D0E79FED108A00230322CBE79FED26
:100550000F8A00230222C6E79FED0D8A00230122A5
:10056000C1E70124E5E700BF0000807FCDCCCC3D92
:10057000D10C0020EB570300898203003C240300C8
:1005800028370020000000000AD7233C0AD7A33CEC
:10059000CDCC4C3D08B5044BFF221A70FFF77EFF0F
:1005A00000EAE07008BD00BFD10C002030B5054660
:1005B00085B000249DF8073003F00300012821D006
:1005C000062302AA68210120FEF7D8FB044313D0BA
:1005D000082009F061FA48B10E4B43610E4B83616C
:1005E00003230374002343748374C3740B490023EF
:1005F0004FF4C2521FF069FC294602A8FFF734FFEE
:1006000005B030BD0DF107026021FEF711FC044377
:10061000D0E700BFEB5703006A8203003C240300CD
:1006200010B5082009F038FA48B1094B4361094B6D
:10063000836103230374002343748374C374BDE88C
:100640001040054900234FF4C2521FF03EBC00BFCA
:10065000EB570300998203003C24030008B5074BC5
:10066000FF221A706021202201201DF08FFD18B199
:10067000BDE80840FFF7D4BF08BD00BFD10C002083
:1006800010B5082009F008FA48B1094B4361094B3D
:10069000836103230374002343748374C374BDE82C
:1006A0001040054900234FF4C2521FF00EBC00BF9A
:1006B000EB570300788203003C24030008B5084B85
:1006C0001A78920042F0010202F0FD02602101203E
:1006D0001DF05CFD18B1BDE80840FFF7D1BF08BDB3
:1006E000D10C002010B5082009F0D6F948B1094B0B
:1006F0004361094B836103230374002343748374B0
:10070000C374BDE81040054900234FF4C2521FF0E6
:10071000DCBB00BFEB5703005B8203003C240300FB
:10072000014B93ED000A70472C3700209FED0B7AA8
:1007300030B50022451C15F8124010F8123043EA7B
:1007400004231BB207EE903AF8EEE77A013267EE27
:10075000877A032AE1EC017AEDD130BD7A419939EB
:10076000B5EEC00AF1EE10FA2DE9F041074661D965
:10077000DFED4A7AB4EE670AF1EE10FA5AD0B7EE1E
:10078000007AC7EE007A0024FDEEE77A17EE902A91
:10079000B2F50C7F53DCB2F5967F54DC9B2A56DC15
:1007A000502A58DC282A5ADC142A5CDC0A2A5EDC2F
:1007B000052A60DC022A62DC65D0012A66D1384D48
:1007C0000326384B9200187842EA461242F00201A2
:1007D000884260D0197042F08202202101201DF071
:1007E000D5FC22468046222101201DF0CFFCB2001C
:1007F00048EA0004232101201DF0C8FC044313D063
:10080000082009F049F948B1274B4361274B836120
:1008100003230374002343748374C37424490023A3
:100820004FF4C2521FF051FB224B3D601D60204629
:10083000BDE8F0810324002226460025C1E71E4DB5
:1008400022462646BDE71D4D22460126B9E71C4D2E
:1008500022460226B5E71B4D22460326B1E71A4D74
:1008600007220326ADE7194D06220326A9E7184DF6
:1008700005220326A5E7174D04220326A1E703223C
:10088000154D16469DE7154D03269AE72246032689
:100890004FF0FF4595E70124C9E700BF0000807FC6
:1008A000CDCC4C3FD20C0020EB570300D582030087
:1008B000442403002C3700206F12833AA10EEA3A39
:1008C0000E745A3B0D68D33BCDCC4C3CCDCCCC3CCC
:1008D000CDCC4C3DCDCCCC3DCDCC4C3ECDCCCC3E8E
:1008E00038B580222DED028B202105460120B0EE87
:1008F000408A1DF04BFC20220446212101201DF0DE
:1009000045FC044313D0082009F0C6F848B10F4B4A
:1009100043610F4B83610323037400234374837487
:10092000C3740C4900234FF4C2521FF0CEFA0A4B95
:10093000FF22B0EE480A28461A70FFF711FFBDECFF
:10094000028B204300EAE07038BD00BFEB57030084
:10095000F382030044240300D20C002030B5054686
:1009600085B000249DF8073003F00300012821D052
:10097000062302AA28210120FEF700FA044313D01F
:10098000082009F089F848B10E4B43610E4B836192
:1009900003230374002343748374C3740B4900233B
:1009A0004FF4C2521FF091FA294602A8FFF7BEFE8B
:1009B00005B030BD0DF107022221FEF739FA0443DC
:1009C000D0E700BFEB570300B682030044240300C6
:1009D00010B5082009F060F848B1094B4361094B94
:1009E000836103230374002343748374C374BDE8D9
:1009F0001040054900234FF4C2521FF066BA00BFF1
:100A0000EB570300E58203004424030008B5074BBD
:100A1000FF221A702121042201201DF0B7FB18B11A
:100A2000BDE80840FFF7D4BF08BD00BFD20C0020CE
:100A300010B5082009F030F848B1094B4361094B63
:100A4000836103230374002343748374C374BDE878
:100A50001040054900234FF4C2521FF036BA00BFC0
:100A6000EB570300C48203004424030010B50820A0
:100A700009F012F848B1094B4361094B8361032324
:100A80000374002343748374C374BDE810400549A4
:100A900000234FF4C2521FF018BA00BFEB570300F7
:100AA000A782030044240300014B93ED000A704722
:100AB000303700201FB5437804788279DFED166A5D
:100AC0009FED167A9B0043EA842343EA9213019335
:100AD000C37884789B0043EA8423C2F30114234340
:100AE0000293437904799B00C2F3810243EA842391
:100AF0001343039301F10C0201ABF3EC017AF8EE1E
:100B0000677A77EEE67A67EE877AE1EC017A9142CE
:100B1000F3D104B010BD00BF0000004800008038D1
:100B200070B5444B9FED447AB5EEC00AF1EE10FA71
:100B30002DED028B0546B0EE408A83ED000A71D997
:100B4000B4EE470AF1EE10FA4BD0F7EE006AC6EEAB
:100B5000807AFDEEE77A17EE904AC82C44DC642CCC
:100B600047DC322C4ADC142C4DDC0A2C50DC012CE6
:100B700053DC57D10022B0EE668A304B1978A1427F
:100B800055D00A2101201C701DF000FB231E18BF48
:100B9000012344EAC302064642F0F0020B21012081
:100BA0001DF0F4FA064313D0082008F075FF48B191
:100BB000234B4361234B836103230374002343745A
:100BC0008374C374204900234FF4C2521FF07DF98F
:100BD0001E4B85ED008A83ED008ABDEC028B30460A
:100BE00070BD03220024C8E79FED198A0322072461
:100BF000C3E79FED188A03220624BEE79FED168AFD
:100C000002220524B9E79FED158A01220424B4E7E6
:100C10009FED138A00220324AFE79FED128A002282
:100C20000224AAE703220024B0EE478AA5E70126A2
:100C3000D3E700BF343700200000807FD50C0020B0
:100C4000EB5703003A83030064240300303700208D
:100C50006F12833A0AD7A33B0AD7233C0AD7A33C97
:100C6000CDCC4C3DCDCCCC3D2DE9FF41374FD7E924
:100C7000005455EA04020CBF01220022023544F15F
:100C800000048DF8072006461DF00FFBA842A14185
:100C9000A2BF00220023C7E900234FF000089DF8FF
:100CA0000730DB0744D5D7E90032134318D01DF0D5
:100CB000FCFAA842A14113DB082008F0EDFE48B180
:100CC000234B4361234B8361032303740023437449
:100CD0008374C374204900234FF4C2521FF0F5F807
:100CE00000220023C7E900230021072302AA0120D4
:100CF000FEF744F858EA000013D0082008F0CCFEB4
:100D000048B1164B4361134B8361032303740023E3
:100D100043748374C374104900234FF4C2521FF00C
:100D2000D4F8314602A8FFF7C5FE04B0BDE8F08153
:100D30001DF0BBFAA842A141B5DA0DF10702082166
:100D40000120FEF775F848EA0008A8E7181D002002
:100D5000B08003001D83030064240300EB570300ED
:100D600010B5082008F098FE48B1094B4361094BC3
:100D7000836103230374002343748374C374BDE845
:100D80001040054900234FF4C2521FF09EB800BF27
:100D9000EB570300498303006424030008B5074BA5
:100DA000FF221A700A21802201201DF0EFF918B1EC
:100DB000BDE80840FFF7D4BF08BD00BFD50C002038
:100DC00010B5082008F068FE48B1094B4361094B93
:100DD000836103230374002343748374C374BDE8E5
:100DE0001040054900234FF4C2521FF06EB800BFF7
:100DF000EB5703002A8303006424030010B50B4B58
:100E00001B78002B0CBF01222122092101201DF09B
:100E1000BDF904461DF049FA054BC3E900011CB1B8
:100E2000BDE81040FFF7CCBF10BD00BFD30C0020C1
:100E3000181D002008B50822092101201DF0A6F97F
:100E400098B1082008F028FE48B10A4B43610A4BCC
:100E5000836103230374002343748374C3740749B9
:100E600000234FF4C2521FF030F80120BDE80840C3
:100E700020F045BCEB5703005683030064240300B5
:100E800038B52DED028B0546B0EE408AFFF7D2FF54
:100E90002022092101201DF079F9044698B108208B
:100EA00008F0FAFD48B10F4B43610F4B83610323F8
:100EB0000374002343748374C3740C4900234FF4F8
:100EC000C2521FF002F80A4BFF22B0EE480A284631
:100ED0001A70FFF725FEBDEC028B204300EAE0709C
:100EE00038BD00BFEB5703005E830300642403009A
:100EF000D50C00202DE9F0412DED028B88B00DF1CD
:100F00000302072104460120FDF792FF9DF80330FC
:100F1000474A9FED488A117807EE903AB8EE677A13
:100F2000DFED457A994217EE278A05465ED0434E9B
:100F3000DFED437A96ED007AB4EEE77AF1EE10FA3F
:100F400054DD137000239FED3F0A23606360A360AC
:100F500001A8FFF7E5FD3C4F05434FF000081022C4
:100F60000921012087F800801DF010F9A8B10820A0
:100F700008F092FD58B1354B4361354B8361032333
:100F8000037480F8118080F8128080F81380314952
:100F900000234FF4C2521EF098FF012020F0AFFB57
:100FA000FFF72CFF05A8FFF75FFEFFF743FFFFF7F2
:100FB00025FF02A8FFF758FE02AA05AB04F10C01B9
:100FC000B6EE007AF2EC017AF3EC016A77EEA67ADB
:100FD00067EE877AE4EC017AA142F3D1012396ED22
:100FE000000A3B7001A8FFF79BFD0543222209215F
:100FF00001201DF0CBF8054313D5082008F04CFD67
:1010000048B1124B4361144B8361032303740023E3
:1010100043748374C3740F4900234FF4C2521EF00B
:1010200054FFB0EE480A08B0BDEC028BBDE8F08179
:10103000D40C002000009642CDCC4C3F3437002029
:101040000AD7A33C0000807FD30C0020EB5703009D
:1010500005830300642403000F830300014B93ED19
:10106000000A704738370020B0F900309FED0F7A42
:1010700007EE903AF8EEE77A67EE877AC1ED007AEC
:10108000B0F9023007EE903AF8EEE77A67EE877A29
:10109000C1ED017AB0F9043007EE903AF8EEE77A44
:1010A00067EE877AC1ED027A704700BF6F1283390D
:1010B00070B5B5EEC00AF1EE10FA2DED028B0546C3
:1010C00053D9DFED347AB4EE670AF1EE10FA4CD062
:1010D000B7EE008AC8EE007A0124FDEEE77A17EE3B
:1010E000903A642B46DC322B48DC192B4ADC052B6A
:1010F0004CDD9FED298A2346284908781A0144EAE5
:101100000313984244D00B7042F008020B210120D7
:101110001DF03CF844F0200206460A2101201DF093
:1011200035F8064313D0082008F0B6FC48B11C4B34
:1011300043611C4B83610323037400234374837452
:10114000C374194900234FF4C2521EF0BEFE174B60
:1011500085ED008A00200021C3E90001144B83EDD6
:10116000008ABDEC028B304670BD9FED128A0024D0
:101170000423C1E79FED108A0423BDE79FED0F8A8A
:101180000323B9E79FED0E8A0223B5E70023B3E7F7
:101190000126E6E70000807FCDCCCC3DD60C0020B8
:1011A000EB570300B38303006C240300201D0020D1
:1011B00038370020000000000AD7A33B0AD7233CA1
:1011C0000AD7A33C38B5084BFF221A70074B002200
:1011D0001A70074B00240025C3E90045FFF768FF9C
:1011E00000EAE07038BD00BFD60C0020B05B0020E4
:1011F000201D002010B5082008F04EFC48B1094B16
:101200004361094B83610323037400234374837494
:10121000C374BDE81040054900234FF4C2521EF0CC
:1012200054BE00BFEB570300C28303006C240300CD
:1012300010B5082008F030FC48B1094B4361094B58
:10124000836103230374002343748374C374BDE870
:101250001040054900234FF4C2521EF036BE00BFB5
:10126000EB570300A38303006C24030070B5222214
:101270000A2101201CF08AFF044620F05CFB4FF499
:101280007A75A0FB053205FB0121064EDB0B43EA14
:101290004143C90BC6E900311CB1BDE87040FFF7FE
:1012A000C7BF70BD201D0020F0B5494FD7E90054DD
:1012B00085B0002355EA040206468DF807304BD16D
:1012C00020F039FB4FF47A72A0FB023402FB014498
:1012D000DB0B43EA44439D1C4FEAD4344FF0000239
:1012E0004FF00003C7E9002344F1000400270DF18B
:1012F000070209210120FDF79BFD9DF80730DB0760
:1013000047EA000710D420F016FB4FF47A72A0FBD6
:10131000020302FB0131C30B43EA41439D424FEA02
:10132000D13174EB0101E2DA9DF8073013F00104CA
:1013300014D1062008F0B0FB30B1264B43610223E4
:10134000037444748474C474234900234FF4845296
:101350001EF0BBFD05B0F0BD0235BFE713F0020380
:101360001E4D13D02C7894B9062008F095FB30B1AF
:101370001B4B43610223037444748474C4740023BC
:1013800015494FF486521EF0A0FD01232B70012158
:10139000062302AA0846FDF7F1FC384313D00820C3
:1013A00008F07AFB48B10F4B43610F4B8361032375
:1013B0000374002343748374C374074900234FF4F8
:1013C000C2521EF082FD314602A8FFF74DFEC1E772
:1013D000201D0020718303006C240300B05B0020FB
:1013E00080830300EB570300968303002DE9F04F41
:1013F0009DB017460E460790414BD7E900010022E9
:1014000055EC124B5BEC11AB8DED000BEEF7C6FF0C
:10141000DDE90023C7E9000110461946EFF774F92A
:101420005246CDE902015B4650465946EFF76CF94A
:101430002246CDE904012B4620462946EFF764F900
:10144000DDE9042380468946DDE90201EEF7A6FFC7
:1014500042464B46EEF7A2FF41EC100B1BF0C8FCD6
:10146000D6E9000153EC102BEEF798FF9DED027BBF
:101470008DED087B9DED047BC6E9000152465B467D
:10148000504659468DED0A7BCDE90C89EEF786FF73
:1014900022462B4680468946EFF736F9DDE90023E0
:1014A000CDE90E0110461946EEF778FF22462B468D
:1014B00006460F46EFF728F95246CDE910015B4684
:1014C00030463946EFF720F92246CDE912012B4686
:1014D00020462946CDE91467CDE91689EEF75EFF6F
:1014E000074B0022CDE91801CDE91A230798012303
:1014F0000A2208A91CF0FDFE1DB0BDE8F08F00BF58
:101500000000F03F2DE9F04F95B08DED060B0590F2
:101510004FF490708DED081B0D461AF06FFFDFF849
:1015200030A3DFF83083CAF800000A27002606221D
:101530002B461146CDE9016600971CF02CFFC02018
:101540001AF05CFF0624C8F800002B462146CDE9BE
:101550000164042200971CF01EFFC0201AF04EFF09
:10156000DFF8F4922B46C9F800002246CDE9014687
:10157000042100971CF00FFF80201AF03FFFA84EB7
:10158000042230602B461146CDE9014400971CF03F
:1015900002FFDDE90823DDE90601EFF7DFF9CDE918
:1015A000100130689F4D042100F0C6FC0421306812
:1015B000F1F79AFFC0201AF021FF28600194D9F8B2
:1015C00000300093042331681A46F0F7E1FD3068DB
:1015D000954E20F0DAF9D9F8000020F0D6F94FF452
:1015E00090701AF00BFF306001942B680093D8F8CC
:1015F00000108E4D22460423F0F7CAFDD8F80000F3
:1016000020F0C3F94FF490701AF0F8FEDAF8007089
:10161000D6F8009028600446B84607F5907AF8E8B6
:101620000201F9E80223EEF7B7FED045E4E8020133
:10163000F5D1384620F0A9F930687D4F7D4C20F077
:10164000A4F94FF490701AF0D9FE0026C0E90267A1
:10165000C0E90467C0E90C67C0E91067C0E9186712
:10166000C0E91A67744F2060002200230026C0E9F9
:101670000023C0E90623C0E90823C0E90A23C0E922
:101680000E23C0E91223C0E91423C0E91623C0E9E0
:101690001C23C0E91E23C0E92023C0E92223C0E99E
:1016A0002423C0E92623C0E92823C0E92C23C0E96C
:1016B0002E23C0E93023C0E93223C0E93423C0E936
:1016C0003623C0E93A23C0E93C23C0E92A67C0E9D0
:1016D0003867C0E93E23C0E94023C0E94223C0E99E
:1016E0004423C0E946674FF490701AF087FE534FC9
:1016F0000626386001962B680093216833463246EF
:10170000F0F746FD20684E4C20F03FF928684D4D1B
:1017100020F03BF94FF490701AF070FE324601460B
:1017200028603868F1F730FF30201AF067FE20603B
:1017300030201AF063FE444A10606422CDE9006252
:10174000034622682968386800F0B4FE386820F043
:101750001CF9D4F800B0DA46FAE802670125002443
:10176000FAE8028932463B4640464946EFF75CFAC2
:1017700010B146464F462C460135062DF0D158464D
:1017800020F003F9304B314D186820F0FEF830207E
:101790001AF034FE2B4A28600346106800EBC4049C
:1017A000D4E90067C3E90067D4E90C67C3E90267BD
:1017B000D4E91867C3E90467D4E92467C3E9066775
:1017C000D4E93067C3E90867D4E93C67C3E90A672D
:1017D00020F0DBF82C6894ED047B8DED067B94ED16
:1017E000067B8DED087B94ED087BD4E900898DEDB7
:1017F0000A7B94ED0A7B42464B46404649468DEDB6
:101800000C7BD4E902ABEEF77FFF524606460F464B
:101810005B4650465946EEF777FF02460B461DE001
:1018200094370020903700208C3700208837002024
:101830000000E03FA43700200000D0BF8437002024
:10184000783700207C370020743700207037002064
:10185000A03700209C3700209837002030463946BA
:10186000EEF79CFDDDE9062306460F4610461946B5
:10187000EEF74AFF02460B4630463946EEF78EFD3C
:10188000DDE9082306460F4610461946EEF73CFFF1
:1018900002460B4630463946EEF780FDDDE90A2365
:1018A00006460F4610461946EEF72EFF02460B4637
:1018B00030463946EEF772FDDDE90C2306460F4649
:1018C00010461946EEF720FF02460B4630463946D1
:1018D000EEF764FD41EC100B1BF08AFA57EC106B2D
:1018E000404632463B464946EFF738F8804689463F
:1018F00032463B4650465946C4E90089EFF72EF878
:1019000032463B46CDE90E01C4E90201DDE906019C
:10191000EFF724F832463B46CDE90601C4E904015D
:10192000DDE90801EFF71AF882468B4632463B465E
:10193000C4E906ABDDE90A01EFF710F832463B4691
:10194000CDE90801C4E90801DDE90C01EFF706F86B
:1019500006460F46C4E90A6700220023404649466E
:10196000EFF744F9F8B109F1004363600E9BA360FF
:101970000F9BC4F8008003F10043E360069B2361E2
:10198000079BC4F818A003F1004363610BF1004307
:10199000E361089B2362099BA66203F10043636233
:1019A00007F10043E36220201AF028FDB14EB24F48
:1019B0003060012301933B68B04C00932168DFF84D
:1019C000D082AF4D04220623F0F7E2FB2068AD4C35
:1019D0001FF0DBFF18201AF011FDC8F800004820A6
:1019E0001AF00CFD206050201AF008FD0346286014
:1019F0003868D0E900ABC3E900ABD0E902ABC3E97A
:101A000002ABD0E904ABC3E904ABD0E906ABC3E950
:101A100006ABD0E908ABC3E908ABD0E90AABC3E930
:101A20000AAB1FF0B2FF30682B68D0E9006202F108
:101A30000047C3E90C67D0E9026202F10047C3E93D
:101A40000E67D0E9046202F10047C3E91067D0E9EC
:101A5000066202F10047C3E912671FF096FF28688B
:101A60002368894DD0E90067C3E90067D0E90A67B8
:101A7000C3E90267D0E90867C3E90467D0E90A67E8
:101A8000C3E90667D0E90267C3E90867D0E90667DA
:101A9000C3E90A67D0E90867C3E90C67D0E90667BC
:101AA000C3E90E67D0E90467C3E91067D0E90C67A2
:101AB000D8F80030C3E90067D0E90E67C3E90267D0
:101AC000D0E91067C3E9046790ED127B8DED0A7BC6
:101AD0001FF05BFF18201AF091FC286048201AF0D4
:101AE0008DFC6A4F23683860024603F14801F3E831
:101AF00002898B42E2E80289F9D1032100F01CFA45
:101B00000126634C3868DFF89881DFF8989103214B
:101B1000F1F7EAFC019623680093032339682868EB
:101B20001A46F0F735FB2068564C1FF02EFF386838
:101B3000584F1FF02AFF2B68D3E9000202F1004141
:101B4000C3E90001D3E9020202F10041C3E9020145
:101B5000D3E9040202F10041C3E9040118201AF09C
:101B60004DFC386001962B680093032321681A46C8
:101B7000F0F70EFB01963B6800932968464D03235E
:101B8000324612A8F0F704FB3868444F1FF0FDFE00
:101B900048201AF033FC0322014628602068F1F740
:101BA000F3FC48201AF02AFC4822002138601FF07C
:101BB00036FF18201AF022FCC8F8000018201AF08E
:101BC0001DFC03266422C9F80000CDE9006203462B
:101BD000D8F800202968206800F06CFC20681FF00D
:101BE000D4FED8F80040D7F8008094ED000B1BF02D
:101BF000FFF888ED000B94ED020B1BF0F9F888ED6F
:101C0000080B94ED040B1BF0F3F8204688ED100B45
:101C10001FF0BBFED9F800001FF0B7FE2C6894ED52
:101C2000067BD4E900AB8DED067B94ED0C7B524630
:101C30005B46504659468DED087BEEF765FDDDE9C4
:101C400006238046894610461946EEF75DFD02469A
:101C50000B4640464946EEF7A1FBDDE908238046E6
:101C6000894610461946EEF74FFD02460B464046A0
:101C7000494619E06C37002070370020903700206B
:101C800068370020643700205C3700206037002070
:101C90008037002058370020543700204837002074
:101CA000503700204C370020EEF778FB41EC100B4A
:101CB0001BF09EF859EC108B504642464B46594655
:101CC000EEF74CFE4246C4E900014B46DDE9060151
:101CD000EEF744FE4246C4E906014B46DDE9080141
:101CE000EEF73CFE94ED087BD4E902AB8DED067B6C
:101CF00094ED0E7BC4E90C0152465B4650465946B2
:101D00008DED087BEEF700FDDDE906238046894670
:101D100010461946EEF7F8FC02460B464046494687
:101D2000EEF73CFBDDE9082380468946104619465C
:101D3000EEF7EAFC02460B4640464946EEF72EFB1C
:101D400041EC100B1BF054F859EC108B50464246F6
:101D50004B465946EEF702FE4246C4E902014B46A5
:101D6000DDE90601EEF7FAFD4246C4E908014B46FB
:101D7000DDE90801EEF7F2FD94ED0A7BD4E904AB4E
:101D80008DED067B94ED107BC4E90E0152465B4657
:101D9000504659468DED087BEEF7B6FCDDE906238B
:101DA0008046894610461946EEF7AEFC02460B46C1
:101DB00040464946EEF7F2FADDE9082380468946B7
:101DC00010461946EEF7A0FC02460B46404649462F
:101DD000EEF7E4FA41EC100B1BF00AF859EC108B0B
:101DE000504642464B465946EEF7B8FD4246C4E9D6
:101DF00004014B46DDE90601EEF7B0FD42464B46D5
:101E0000C4E90A01DDE90801EEF7A8FDC4E9100103
:101E100048201AF0F3FADFF81C81434CC8F80000A0
:101E200048201AF0EBFA206001963B680093324696
:101E300033462968F0F7ACF938681FF0A6FD28682A
:101E400031461CF052FC01962B6800932168D8F8AB
:101E5000000033463246F0F79BF92868334D1FF0F7
:101E600094FD20681FF091FD48201AF0C7FADDE9C3
:101E70000A2328600446DDE91201EEF78DFA41ECF1
:101E8000100B1AF0B5FFD8F8008057EC106BC14664
:101E900008F1480ADDE91023F9E80201EEF734FC05
:101EA00032463B46EEF75AFDCA45E4E80201F1D15D
:101EB0001F4C40461FF069FD2368D3E90001EEF78F
:101EC000FBFE059B18602468D4E90201EEF7F4FEDE
:101ED000059B5860D4E90401EEF7EEFE059B98607F
:101EE00020461FF052FD059C08262B68334453E919
:101EF0000201EEF7E1FEE0602F6807EB0608D8E983
:101F00000001EEF7D9FE2061D8E90201EEF7D4FE18
:101F10001836502E606104F10C04E6D138461FF0EB
:101F200034FD15B0BDE8F08F443700203C37002069
:101F30005C370020403700202DE9F04F8BB0CB00FC
:101F40000193083305910446089305460027059B35
:101F50009F42A04603DB00200BB0BDE8F08FFB00E2
:101F600009930026B742D5E900AB24D10022002313
:101F700050465946EEF744FE002851D14BEC10ABC9
:101F80001AF036FF2E4653EC102BA6EC020B264916
:101F90000020EEF7E3FC019BCDE906012344049306
:101FA00098460137049B9E4236D0099BA246C34601
:101FB00008EB03091DE0F8E8022310461946EEF786
:101FC000A3FB02460B4650465946EEF7E5F90136AB
:101FD000C5E90001C6E7FAE80223FBE80201EEF7D3
:101FE00093FB02460B46DDE90201EEF7D5F9C9E99C
:101FF000000199ED007BAA458DED027BEBD153ECFE
:10200000172BDDE90601EEF77FFB019BC9E9000113
:102010009844E6E80201C5E7089B34461D4496E76C
:102020004FF0FF3098E700BF0000F03F2DE9F84F78
:102030004D1CED00DFF844B004460E4600F10803E5
:10204000A5F108094FF000084F1E4FF0000A474560
:1020500008DC002ED8BF002705FB0744C4E900AB0D
:10206000BDE8F88F43E902AB18464A4600211FF04D
:10207000D6FC034608F101082B44E8E70000F03FD6
:102080002DE9F04F85B01546109F02930A2301FBFE
:1020900002F497FBF3F203FB12776B1E0393DB0052
:1020A00000EBC40403F1080B04EB0B0AE21806462C
:1020B00088464FEAC1090192DAE90001002F43D1B5
:1020C0000B4602990246D1E90001EEF767F9029B3F
:1020D000C3E9000109F10809AF422ADDA5EB0805B3
:1020E00005F10055023D04EBC50354F83500039D8E
:1020F0005B6854F83520019C646823F0004124F0AB
:102100000043EEF74BF90E9C02460B46C4E9002350
:10211000EEF7FAFA0F9BC3E9000100221C4BD4E949
:102120000001EEF7F1FA2346C3E9000105B0BDE86E
:10213000F08FD6E90001DAE90023EEF72DF9013737
:10214000C6E900014E44C7E7A4EB0904E5180246BE
:102150000B46D5E90001EEF721F90E9BC3E900011A
:10216000DAE90023D5E90001EEF7CEFA019B5C44E1
:10217000D3E9002306460F46D4E90001EEF7C4FA7E
:102180000B46024639463046EEF706F90F9BCBE781
:102190000000F83F2DE9F04F1D46A9B09346941E6C
:1021A000EA0025926FF00702A2EBC5026343039297
:1021B000ABF1030200EBC303521B03EBC2060BEBB4
:1021C000050203EBC2070BEB4502013A8DED0E0B46
:1021D0008DED261B03EBCB0A03EBC2030990249180
:1021E0000893249B9C4221DAA11C01FB05F225984F
:1021F000099FD30003EBC4030830E6003B444FF0D3
:1022000000084FF00009594540F3DA802A4406EBF4
:10221000C203099A1A44E11C1346002600275945B7
:1022200040F3D380204629B0BDE8F08F1AED047B3F
:10223000DDE90E2351EC170B8DED007BEEF7ACF8CA
:10224000DDE90023EEF760FADDE92623EEF7A6F8D4
:1022500057E90423EEF782FB5AE90223EEF79EF8D2
:1022600017ED027BCDE90A0153EC172BDDE90001E4
:102270008DED047BEEF792F8DDE90E23EEF78CF896
:10228000089B93ED007B0A9B10930B9B23F000436C
:10229000CDE9113021F000431393DDE9122380468C
:1022A0008946DDE910018DED067BEEF777F8069B98
:1022B0001493079B23F000431593DDE91423EEF7F5
:1022C0006DF802460B46CDE90C01DDE90A01EEF797
:1022D00045FBDDE90C23CDE90A0140464946EEF70E
:1022E0003DFBDDE90C2380468946DDE90601EEF77A
:1022F00035FB249B9C423FF477AF5AF8183C169369
:102300005AF8143C23F00043CDE9173829F0004374
:10231000CDE9193021F000431B93DDE91A23DDE9F3
:102320001801EEF73BF802460B46DDE91601EEF721
:10233000EBF933681C93736823F000431D93009BF3
:102340001E93019B23F000431F93DDE91E23CDE97B
:102350000601DDE91C01EEF721F8049B2093059BA3
:1023600023F000432193DDE92023EEF717F80A9BC1
:1023700022930B9B23F000432393CDE90001154BDF
:102380000022DDE92201EEF7BFF902460B46DDE946
:102390000001EEF7B9F90B46039902468A44039807
:1023A0000E440F44089901440891DDE9060104F147
:1023B000FF38EEF725FC00287FF416AF444610E7FF
:1023C000C3E90089013103441DE7C3E90067013116
:1023D000034424E70000B03C2DE9F04F2DED028BC3
:1023E0001C468246D0E9000389B0E50006910AEB5D
:1023F000C40623F0004105F1080303920793B04699
:102400000127A74213DB2A4B0022EEF77DF9039B3D
:1024100041EC180B04F1FF3B1D4400260027BBF1E3
:10242000000F19DA09B0BDEC028BBDE8F08F06EBA6
:10243000050BC146D94504D1079B2E44013798446A
:10244000DFE7F9E8022323F0004304920593DDE976
:102450000423EDF7A3FFEDE775E9028932463B4619
:1024600040464946EEF7B8FB68B1B0EE480AF0EED8
:10247000680A039A069900945B465046F0F7F8FA0A
:102480000BF1FF3BCBE732463B4640464946EEF771
:10249000ADFB0028F4D0B0EE480AF0EE680A039ACB
:1024A000069900945B465046F0F7CAFCE8E700BF87
:1024B0000000B03C2DE9F04F93B0934698460022BF
:1024C0000023CDE910231C9B05914FEAC3095C1E34
:1024D000C9F1000305460D93002C70DB04FB095382
:1024E0000C930C9A04F10053013B02EBC3030E93CF
:1024F0006FF00703A3EB09034FF0010A0F933FE0CE
:102500003B6806937B6823F000430793A7EB09031E
:102510001A685B68089223F000430993BB680A932A
:10252000FB6823F000430B93DDE90A23DDE9080192
:10253000EDF734FF2C4B0022EEF7E6F80B460F992F
:1025400002460F44DDE90601EEF75AFB30B9049B61
:102550000D9A1344013E0493002ED1D1A31B17D032
:10256000012B1FD010AB01931C9BCDF808A000934A
:1025700005992346324628461CF020F80AF1010A44
:102580001D9B9A452DDC0C9B0E9F04932646E3E78A
:102590009DED100B04983346424659461BF016FF3A
:1025A000013C99E71C9B0093013C9DED100B0599A4
:1025B000019443465A462846EFF79EFEF0E71C9BDF
:1025C000424659462846FFF707FF1C9B00932846C2
:1025D000059943465A46F0F78FFB002013B0BDE83B
:1025E000F08F4FF0FF30F9E70000B03C2DE9F04FDD
:1025F00095B081460D46059210932B887E2B00F2F4
:102600005B810026B2463346B0460396109AB2422A
:1026100022DC2C88A4F108036F2B04D9059B1B78BE
:10262000FF2B00F04881082007F036FA40B1A44B98
:10263000C0E9053403230374002343748374C37413
:1026400000234FF4C4529F491DF03FFC0023059A1C
:102650002B80FF231370D0E703991E9A525C0B92D4
:102660001F9A42440D921F9A12F808200692209A4F
:10267000D25C099201330C931E9B0B9A0B4404937A
:1026800013440F932A880F990498A2F108038142FA
:102690009BB213D1039B0B9A01331A44069B0392FE
:1026A00008F10108099A98440C9B924413440122B2
:1026B00006998A42C0F2F8800136A7E704996F2B89
:1026C00011F8014F049101D89442DBD1082007F0A2
:1026D000E3F950B17C4B43617C4BC0E906340423E1
:1026E0000374002343748374C37400234FF40452AF
:1026F00074491DF0EAFB0D9B0A931F9B069ADDF8B7
:1027000024B0CDF820A0434413440E930C9B0793B0
:102710000A9B0E9A9342B5D00A9B13F8017F0A9345
:10272000059B8DF84A701B78FF2B02D09F4240F02A
:102730008680082007F0B0F950B1654B4361634BC8
:10274000C0E9063704230374002343748374C374FD
:1027500000235C494FF404521DF0B7FB9DF84A304A
:10276000402B34D1A4F11003032B24D840F24B1298
:10277000ADF84C20D9F80030022213A92046984722
:10278000074600287FF47EAF082007F085F940B1A6
:10279000504B43614D4B836103230374477487742B
:1027A000C774484900234FF4C8521DF08EFB4220E5
:1027B000002118F007FF01220092D9F804700DF1F2
:1027C0004B030DF14A012046B847074614E0D9F8FB
:1027D0000470002BEFD1A4F11403032BEBD80323D7
:1027E0000093012213AB0DF14A012046B8479DF832
:1027F0004E308DF84B3007469DF84B301193082032
:1028000007F04AF958B1344B4361304B8361119B57
:10281000C36104230374002343748374C37429497C
:1028200000234FF404521DF050FB002F7FF42AAF19
:10283000209B07999DF84B200B445F450AD1089ACD
:10284000079B5A445B440892209A12F803B0013364
:1028500007935DE713F8011B914223D1059B2C8060
:102860009DF84A501D700A20039207F015F958B1DF
:102870001A4B039AC561C0E905340523037400238C
:10288000026243748374C37400230E494FF42352CD
:102890001DF01BFB089B1F44219B53F8270015B01C
:1028A000BDE8F08F0137C8E72099C95C01330B44BC
:1028B0008A440132FCE62B804FF0FF30EFE700BF87
:1028C000918403008C250300E3830300B484030098
:1028D000008403001E840300328403004984030043
:1028E0002DE9F04F99B000240693894B09921B887B
:1028F000ADF83C3010AA0123CDE912230FAA14929F
:102900000322159214AACDE91623119308900E46BE
:102910008DF83E401094A04623462746099AA242CD
:1029200023DC3478FF2C00F0F080082007F0B4F8A6
:1029300040B1784BC0E9053403230374002343748A
:102940008374C374744900234FF4C4521DF0BDFA5C
:10295000FF233370239B0193229B0093099A069BCC
:1029600008983146FFF7BCFFC3E0069ACDF8108007
:1029700012F807B0229AD25C059201330793069BA6
:1029800003EB070909EB0B030A93079B039392469A
:102990000A9B4B450BD1059A079B01371344904482
:1029A0005F4401225A45C0F2A9800134B6E732786B
:1029B00019F8013F8DF83B30FF2A0CD093420AD022
:1029C000049A039B524453440492229A12F803A09F
:1029D00001330393DCE70DF13B0243F0800508204F
:1029E00010928DF83B5007F057F850B14B4B4361B4
:1029F0004B4BC0E9063504230374002343748374EE
:102A0000C374454900234FF404521DF05EFA08993F
:102A100051F8040B836812AA1D6816ABA847054637
:102A2000082007F039F850B13E4B43613C4BC0E9F8
:102A3000063504230374002343748374C374364936
:102A400000234FF404521DF040FA9DF83D309DF8EC
:102A50003E20002B14BF1946114602910C209DF810
:102A60003C100B91CDE90C2307F016F888B12E4BE2
:102A700043612B4B83610D9B0362029B836207239F
:102A80000B990C9A03740023C161426243748374EE
:102A9000C374214900234FF464521DF016FA002D2F
:102AA0007FF476AF229B039A1344554588D013F8E0
:102AB000012B02998A421FD19DF83B4034700820B7
:102AC00006F0EAFF50B1194BC0E90534029BC3611F
:102AD00004230374002343748374C37400230E49D6
:102AE0004FF403521DF0F1F9049B1D44239B53F84E
:102AF000250019B0BDE8F08F0135D6E72299C95CF1
:102B000001330B44884401324CE74FF0FF30F0E7CB
:102B1000502703004A850300942503000084030026
:102B200071850300D4840300E08403001085030052
:102B300007EE900AB8EEE77ADFED0C7A0C4B0D4AFF
:102B4000C7EE276A10B5044693ED007AC6EE877A81
:102B5000FDEEE77A17EE903A18B21080064A126836
:102B600080B2526A9047054B1C6010BD00007A4449
:102B7000C8370020B45900207C07002074070020CB
:102B800070B5114C2378C3B9104D2C78C4B91048D6
:102B900018F02CF8062006F07FFF30B10D4B436192
:102BA0000223037444748474C474BDE870400A49F9
:102BB00000234FF486521DF088B91BF0E2FDE1E7D7
:102BC0001BF0DFFDE1E700BFBB5B0020B65B002030
:102BD000181E0020918503006C25030010B5094CD8
:102BE00023785BB11EF0A7FE074BC3E90001002369
:102BF00023700648BDE8104018F03EBD0123237045
:102C000010BD00BFB55B0020F81E0020181E00207C
:102C100007B5054B0193054B00930222044BFFF7C8
:102C20005FFE03B05DF804FB102C0300938D0300DE
:102C3000AA8D03001FB5074B0393074B0293074B65
:102C40000193074B00930B23FFF7D0FC05B05DF811
:102C500004FB00BFA02B0300278D0300578D03004A
:102C6000768D0300044B1B68002BA6BF034A52F865
:102C700023000348704700BF84070020BC080020E1
:102C8000A9850300044B1B68002BA6BF034A52F81A
:102C900023000348704700BF80070020240800205D
:102CA000BF850300044B1B68032B9ABF034A52F8ED
:102CB00023000348704700BFC437002014090020D8
:102CC000BF85030010B5124B1A68124B9A42044696
:102CD0000BD1114B2360012002F098FC00280CBF9F
:102CE0004FF0FF306FF0010010BD1BF04DFD0B4A9F
:102CF000D2E90032C01A40F2E93361EB0201984296
:102D000071F10001E5DA064B1B6823600020EBE758
:102D10007C070020802C03000000C84150050020E3
:102D2000D83700202DE9F041204B21491B68214A6A
:102D3000B3F8760318B1888093F87A031070B3F86B
:102D400078031D4D1D4C18B193F87B33A880237078
:102D500008208F88167806F09FFE48B1184BC66190
:102D6000C0E9053704230374002343748374C374D8
:102D7000144900234FF403521DF0A7F80820AD8832
:102D8000247806F089FE48B10F4BC461C0E90535CF
:102D900004230374002343748374C374BDE8F041B7
:102DA000084900234FF403521DF08FB83807002064
:102DB000FC370020D80C0020F4370020D70C00206E
:102DC000C48503006C250300EA850300094B0A4A09
:102DD0001B689288A3F87623084A9288A3F8782380
:102DE000074A127883F87A23064A127883F87B23FD
:102DF000F5F7ECBE38070020FC370020F437002040
:102E0000D80C0020D70C0020054B1B680022A3F82B
:102E10007623A2F58032C3F87823F5F7D7BE00BF3A
:102E2000380700202DE9F84FB44E00AF3378002B5F
:102E300059D1B34B1C78002C40F05E8101233370D4
:102E4000FFF770FFAF4BB04A5A60062006F024FE31
:102E500030B1AE4B43610223037444748474C47470
:102E6000DFF8F892AA49AB4CDFF8F48200234FF464
:102E700086521DF02AF8A3484946FFF7C9FE051EF1
:102E8000C0F2D7809F48FBF7CDFE112D2EDD062026
:102E900006F002FE38B1A04B436102230374002305
:102EA00043748374C3749A4900234FF484521DF011
:102EB0000CF8FFF7A9FFC4F8008008200024347044
:102EC00006F0EAFD40B1954B4361954B83610323C6
:102ED000037444748474C4748D4900234FF4C25243
:102EE0001CF0F3FFBFE01BF04CFC9FE78D4BEA4664
:102EF00088B053F825306A468B49C2E905134FF470
:102F000000739383894B42F8103F002380484FF4AD
:102F1000E65106F0A1FF864B53F82530D546002B2D
:102F2000C7D04345C5D099F90020DFF83882DFF8D3
:102F300038A2DFF838922360002A60DA0022DB6AC8
:102F40001146022098470446002858D1062006F072
:102F5000A3FD30B1774B436102230374447484743E
:102F6000C474DFF80CB26A4900234FF486521CF097
:102F7000ACFFBBF80420802A9DBF0022ABF80420E0
:102F80006D4A02F07F029ABFFF211170ABF8042056
:102F9000FBF7EEFE684A6949FFF74CFE132804462A
:102FA0006AD8674B53F82010002900F0E3804145B0
:102FB00000F0E08091F821209BF8040091F82010A7
:102FC000FBF73AFEBBF8042042F08002ABF8042085
:102FD000002800F0CF80082006F05EFD48B1594B74
:102FE00043614F4B83610323037400234374837451
:102FF000C374474900234FF4C2521CF066FF4FF0E0
:10300000FF34062006F048FD38B14F4B43610223E0
:103010000374002343748374C37400233C494FF446
:1030200084521CF052FFCAF80080002389F8003057
:1030300051E0082006F030FD48B1444B4361384B65
:10304000836103230374002343748374C3740023D4
:103050002F494FF4C2521CF038FFFFF7D5FE002372
:10306000C4F8008033700121084602F00FFA4FF0D7
:10307000FF30BD46BDE8F88FC3DD062006F00CFD2D
:1030800038B1254B436102230374002343748374D6
:10309000C3741F4900234FF484521CF016FFCAF872
:1030A000008008204FF0000889F8008006F0F4FC4A
:1030B00058B1274B43611A4B83610323037480F893
:1030C000118080F8128080F81380114900234FF49A
:1030D000C2521CF0FAFEFFF779FE21462846F3F7AC
:1030E00069FA1C4B1D601C4B1C60054B0120002124
:1030F0001870317002F0CAF90020BAE7BB5B0020FB
:10310000BC5B0020BC070020809698001986030055
:103110006C2503007C0700203286030064860300D0
:10312000A18B0300BC0800204786030003000001B8
:10313000740800207A860300D70C0020F83700209E
:10314000D4070020A9860300E08603005086030010
:10315000F98603008407002080070020D80C002097
:10316000802C03005C2C030078070020B95B002052
:10317000F4370020114BEB4688B053F824306A46F0
:103180000F49C2E905134FF4007393830D4B42F8C6
:10319000103F00230C484FF4E65106F05DFE0B4B48
:1031A00053F82430DD46002B3FF479AF43453FF41C
:1031B00076AFCAF80030012338E700BF24080020AA
:1031C00047860300030000016C250300D40700209C
:1031D00008B502F0F9F8FFF725FED0B1A4200021D0
:1031E00018F0F0F9062006F057FC38B10B4B43619C
:1031F00002230374002343748374C37400234FF4C5
:10320000865207491CF061FE064B00229A80FFF7A8
:1032100009FEBDE8084002F0C3B800BF18870300EC
:103220006C250300FC3700202DE9F14F894B8A4DB6
:103230001B68DE8816F0200600F0DE80062006F00F
:103240002BFC38B1854B4361022303740023437484
:103250008374C374824900234FF486521CF035FEF8
:10326000002637462B6803EB86030E20D3F844B1C3
:10327000D3F850A1D3F85C91D3F8688106F00CFC28
:103280000446D0B1774B43615846EDF7E5F9C4E900
:1032900006015046EDF7E0F9C4E908014846EDF7AC
:1032A000DBF9C4E90A014046EDF7D6F9C4E90C019F
:1032B0000A2323746774A774E7746949002345F2ED
:1032C000C002204601361CF000FE032ECAD12B6836
:1032D0000C20D3F8FC80D3F80071D3F8046106F019
:1032E000DBFB0446B0B1604B43614046EDF7B4F9F7
:1032F000C4E906013846EDF7AFF9C4E908013046E4
:10330000EDF7AAF90823C4E90A01237400236374C2
:10331000A374E3740023524944F2C00220461CF017
:10332000D4FD524B1B78002B4CD0514B1B78002BFB
:1033300048D0062006F0B0FB38B14E4B4361022363
:103340000374002343748374C374454900234FF40A
:1033500086521CF0BAFD002637462B6803EB860325
:103360000E20D3F814B1D3F820A1D3F82C91D3F8C0
:10337000388106F091FB0446D0B13A4B4361584680
:10338000EDF76AF9C4E906015046EDF765F9C4E9BD
:1033900008014846EDF760F9C4E90A014046EDF737
:1033A0005BF9C4E90C010A2323746774A774E774FA
:1033B0002B49002345F2C002204601361CF085FD52
:1033C000032ECAD12B6893F87431002B3ED006200F
:1033D00006F062FB38B1284B4361022303740023DB
:1033E00043748374C3741E4900234FF4865201B0A2
:1033F000BDE8F04F1CF069BD2B680C20D3F8F090AD
:10340000D3F8F480D3F8F87006F046FB0446A8B170
:103410001A4B43614846EDF71FF9C4E906014046DF
:10342000EDF71AF9C4E908013846EDF715F9C4E9D2
:103430000A01082323746674A674E67408490023FD
:1034400044F2C00220461CF040FD40E701B0BDE858
:10345000F08F00BF34070020380700209956030082
:103460006C250300AF5603000C550300B95B002028
:10347000B85B00206657030032870300E95403005D
:1034800010B50A4B1B7883B1094C0A4B20681B68A6
:1034900000F275109B689847074A2368126883F802
:1034A0007421BDE81040F5F791BB10BDBD5B002055
:1034B0003807002088070020C437002008B5034BD8
:1034C0001B780BB1F0F768F908BD00BFBC5B0020AA
:1034D00010B5034C237803B910BD1BF052F9F9E77E
:1034E000B65B0020044B01221A70044B1B780BB111
:1034F000FFF746BB704700BFBA5B0020B65B0020F9
:103500002DE9F0433F4E337889B004460BB10028D3
:1035100075D0FFF7E7FF3C4809F076FB062006F080
:10352000BBFA38B1394B436102230374002343745F
:103530008374C374002336494FF486521CF0C5FCD3
:10354000344B00251D703570CCB1334B334A9D8010
:10355000334B9D80FF231370324A0620137006F010
:103560009BFA30B1304B4361022303744574857478
:10357000C574274900234FF486521CF0A6FC4FF077
:1035800000084FF0000900250727CDE90689CDE99D
:103590000375CDE90155254B254900954FF480620F
:1035A000194817F059F94FF0FF3317484FF0FF3221
:1035B00018F0AAF93378FBB1F4B10224CDE90689F9
:1035C000CDE90374CDE901551A4B19490E48009510
:1035D0004FF4806217F040F9062006F05DFA28B13A
:1035E000154B4361047445748574C5740849002300
:1035F0004FF486521CF069FC307880F0010009B06D
:10360000BDE8F083BC5B0020181E0020DB8A0300AD
:103610006C250300BA5B0020FC370020D80C00208A
:10362000F4370020D70C0020F18A0300D1310100CB
:1036300000740020BD340100078B030070B500202A
:103640001B4EFFF75DFF347805468CB9D8B901F001
:10365000BBFE33783BB9174B1B685B689847BDE8E6
:10366000704001F09DBE144B1B685B689847F2E701
:1036700001F0AAFE33781BB10F4B1B685B689847BB
:10368000002DECD1E7E7082006F006FA40B10B4B1D
:1036900043610B4B83610323037444748474C474C7
:1036A000BDE87040074900234FF4C2521CF00DBC26
:1036B000B95B00207C070020780700201B8B0300EB
:1036C000858B03006C25030010B50020FFF718FF61
:1036D00050B901F079FE0F4B1B689B6A984704466E
:1036E00001F05EFE204610BD082006F0D5F948B175
:1036F000094B4361094B8361032303740023437423
:103700008374C374064900234FF4C2521CF0DDFBDE
:103710000024E7E77C0700203A8B0300748B03004A
:103720006C25030010B50D4B1B78B3B10C4817F096
:1037300049FD062006F0B0F938B10A4B4361022377
:103740000374002343748374C374BDE810400649B6
:1037500000234FF486521CF0B8BB10BDBA5B0020AA
:10376000181E00205E8B03006C250300084B1B789D
:1037700063B1084A084B92ED001A084A1B68D2ED63
:10378000000A074A1B6892ED000A1847704700BFFD
:10379000B15B0020CC37002088070020D437002000
:1037A000D03700201FB5FFF7E1FF0D4B1B786BB141
:1037B0000023CDE9013303930A4B1B6801A81B6A60
:1037C0009847FFF75DFE05B05DF804FB064A1268F6
:1037D00082F8743105B05DF804EBF5F7F7B900BF76
:1037E000BD5B002088070020380700209FED010AFC
:1037F000704700BF000000009FED010A704700BF46
:103800000000000038B5264C20681DF07CFF38B958
:103810006FF00100234AB0FA80F35B09137038BDE2
:10382000214D28461DF06FFF0028F1D06B68A96874
:103830001B682A6998040AD41C491D484FF47F72FA
:103840001BF095FE19484FF47F711BF087FE13683B
:1038500023F4005313600B684FF4C0220D21284657
:1038600098470028D6D10146142204F10C001EF01E
:10387000D6F804F1200262610222A26140F20E72C7
:103880000123A28321460B4A2361A3774FF40073DF
:10389000C4E9012351F8040B83681B689847B9E712
:1038A00024090020BE5B0020381C0300C3880300ED
:1038B000F48803000404034010B5144B1B780BB3C9
:1038C000134B59681A69096889040AD411491248C6
:1038D00040F28D621BF04BFE0E4840F28D611BF0F2
:1038E0003DFE1268920448BF80F0010038B19B6829
:1038F000DB680748BDE810404FF4005118479B684B
:103900001B69F6E76FF0010010BD00BFBE5B002031
:10391000381C0300C3880300F488030073B5144BFC
:103920001B7813B3134D294651F80C0B83685B6861
:1039300098470023AB77B0B92B68B5F920409B6856
:1039400028791B892E7F634301A901930CF0B2F8FB
:1039500008B9019C344108484CF23872002384FBBA
:103960000001EDF749FA02B070BD6FF00100FAE70F
:10397000BE5B002024090020D84D020070B5064629
:103980000120FFF799FF044670B9FFF7C7FF05460E
:103990002046FFF791FF002D08DB356028460449DB
:1039A000BDE870401AF020BF4FF0FF34204670BDD4
:1039B000883F030070B51DF0BEFF084B1B68D3E9BC
:1039C0000A24D3E90856521B64EB0604121844EB90
:1039D0000104C3E90A24C3E9080170BD38070020C7
:1039E00010B50446FFF7E6FF0B4B1B6800200021D3
:1039F0004FF4FA721C835C8304F2F31494FBF2F428
:103A0000C4EB441204EB8204C3E90A01C3E90E01CA
:103A1000A4001C8610BD00BF380700201FB50D4B49
:103A20001B68B3F91810B3F91A20881AB0F57A7F19
:103A30000DDBADF80220D3E90A23ADF80010CDE983
:103A40000223002110236A46082001F087FF05B0F9
:103A50005DF804FB380700202DE9F04F98208FB067
:103A600018F0CCFC00254FF0FF3A8146A0F1080683
:103A70002F46AB46A846544605F10900202206A968
:103A800080B201F0A7FFBDF81820B2B30023DDE932
:103A90000801EDF7B1F94FFA85FAC71908F10108E5
:103AA0004BEB010B02460B46B4F1FF3F08BF5446F7
:103AB0005FFA88F846F8082F0135132D7360DBD1C3
:103AC000B8F1010F01D9631C19D1062005F0E4FFFC
:103AD00038B1414B43610223037400234374837460
:103AE000C3743E4900234FF484521CF0EEF948465B
:103AF0000FB0BDE8F04F1DF048BF1346DAE72420B1
:103B000018F07CFC2422002100901DF088FFC4EBFB
:103B1000441304EB83039B009BB242460293384656
:103B2000002359460AF10105EDF766F92D1BC5EB97
:103B3000451605EB8606A5EB0805EA1705FB01F31C
:103B400002FB0033B600A5FB0052134436B2EA195B
:103B50004FF0000543EB0B030190039109EBC40701
:103B6000A8464FEAE67B544515DB48461DF00DFF9D
:103B70001B4B009A19681D202423403101F0EEFEF2
:103B800000981DF002FF174A137823F00803137002
:103B90000FB0BDE8F08FD7E9001051EA000C04BF68
:103BA00001990398491940EB08080D4606FB08F1F6
:103BB000A6FB050C05FB0B116144CDE90432EDF7C2
:103BC0001BF9029B1844009B083723F81400DDE919
:103BD00004320134C7E700BFBC8D03007424030026
:103BE00038070020C15B002008B5054B186031B9CB
:103BF000044B18601DF09FFE034BC3E9000108BD94
:103C00004C09002048090020481F002070B5474B90
:103C1000474CB3F900208242054603D1B4F9005065
:103C2000284670BD18804FF4FA7390FBF3F3D9B2B5
:103C30004A1E112A36D83F4A10685A1E12B2203244
:103C400030F912204AB1122935D191B242F21073E3
:103C500099423BD842F21C5314E0C3EB431203EBEE
:103C600082029200122912B2F4D0203330F91330BC
:103C7000002B54D14B1CDBB2C3EB431103EB81038C
:103C80009B001BB29A4221DC4FF4FA7095FBF0F1D5
:103C900000FB115109B29B1A4B4393FBF0F3134401
:103CA0001DB227E0C1EB411201EB82029200112903
:103CB00090B212B220D81F482033006830F9133078
:103CC00096B242F2107043BB8642D3D9082005F069
:103CD000E3FE48B1184B4361184B8361032303741F
:103CE000002343748374C374154900234FF4C252F4
:103CF0001CF0EBF8258093E70131C1EB411301EB98
:103D0000830189008BB242F210718842DED842F6FC
:103D100004118B42DAD81BB2B6E78642D6D898B2E5
:103D200042F604118842D1D8ACE700BF3A0C00201B
:103D3000380C0020380700206C8F03001990030016
:103D400074240300014B1868704700BF4C09002021
:103D5000054B1B6841F29312A3F2DD50904294BFD1
:103D600018464FF0FF30704748090020014BB3F967
:103D7000000070473E0C0020014BD3E90001704762
:103D8000481F00202DE9F041244F254D3C7814F0C8
:103D9000010488B004D0D5E9000108B0BDE8F08185
:103DA00000220023C5E90023092620226946304667
:103DB00001F010FEBDF800206AB10023DDE9020128
:103DC000EDF71AF8D5E90023801843EB0103C5E9A4
:103DD00000030134E4B20136B6B21C2EE5D1D4B1F1
:103DE000D5E90086C4F11400C31700FB06F108FBF7
:103DF0000311A0FB080C002322466144ECF7FCFFF2
:103E00003B7810EB080046EB010143F00103C5E9E4
:103E100000013B70C1E720462146BEE7C15B0020A0
:103E2000301F00202DE9F041234F244D3C7814F041
:103E3000020488B004D0D5E9000108B0BDE8F081E3
:103E400000220023C5E900230926202269463046C6
:103E500001F0C0FDBDF8003053B1D5E90021049B4D
:103E60009B18059A42EB0102C5E900320134E4B225
:103E70000136B6B21C2EE8D1D4B1D5E90086C4F122
:103E80001400C31700FB06F108FB0311A0FB080C8C
:103E9000002322466144ECF7AFFF3B7810EB0800AB
:103EA00046EB010143F00203C5E900013B70C4E7A2
:103EB00020462146C1E700BFC15B0020281F00202B
:103EC0002DE9F041234F244D3C7814F0040488B0D0
:103ED00004D0D5E9000108B0BDE8F081002200233C
:103EE000C5E90023092620226946304601F072FD0B
:103EF000BDF8003053B1D5E90021069B9B18079A05
:103F000042EB0102C5E900320134E4B20136B6B237
:103F10001C2EE8D1D4B1D5E90086C4F11400C31732
:103F200000FB06F108FB0311A0FB080C002322464E
:103F30006144ECF761FF3B7810EB080046EB0101B0
:103F400043F00403C5E900013B70C4E72046214665
:103F5000C1E700BFC15B0020201F002070B51B4ED1
:103F600033781B0703D51A4BD3E9000170BD194BF9
:103F7000194AD3E90013914273F1000302D20020E1
:103F80000146F3E7FFF7FEFE50EA010304460D4643
:103F9000F5D0124BB3F900000028F0DBFFF736FE36
:103FA000031EECDBDA175D43A3FB040104FB02559F
:103FB000002342F210722944ECF71EFF044BC3E9C0
:103FC0000001337843F008033370CFE7C15B002072
:103FD000181F0020401F002001001E003E0C002082
:103FE00070B50F4E0F4D337813F0100388B002D028
:103FF000286808B070BD2B6009242046202269463D
:1040000001F0E8FC01342B68BDF80000A4B21844AC
:104010001C2C2860F1D1337843F010033370E8E7AB
:10402000C15B00200438002070B5104E104D33786D
:1040300013F0200388B002D0287808B070BD2B7030
:10404000092420226946204601F0C4FCBDF8003056
:1040500013B12B7801332B700134A4B21C2CF0D196
:10406000337843F020033370E6E700BFC15B0020E4
:10407000C05B00200A4B1A6800233E3232F9021F4F
:10408000002907DDDBB2C3EB431203EB8203980088
:1040900000B270470133122BF0D14FF0FF30704760
:1040A00038070020094B1A68112303F1200132F967
:1040B0001110002902DC013BDBB2F6E70233C3EB4F
:1040C000431203EB8203980000B2704738070020C8
:1040D00030B52B4D2B788DB033B92A481BF0D4F96D
:1040E00001232B700DB030BD27481BF0CDF94FF0E8
:1040F000FF30FFF775FC1022002168461DF08FFC91
:1041000010236A460021082001F028FC09242022FF
:10411000002104A81DF083FC20460134202304AABA
:104120000021A4B201F01AFC1C2CF0D1242018F0BC
:1041300065F92422002104461DF071FC134B196817
:104140002246242340311D2001F008FC20461DF0AA
:104150001CFC0F4B002406201C702C7005F09CFCEE
:1041600030B10C4B43610223037444748474C474EF
:10417000094900234FF486521BF0A7FEB2E700BFA7
:10418000BF5B00207E8F0300E88F0300380700200C
:10419000C15B002003900300742403000F4B53F80D
:1041A000203022EAE272002B01FB02F242F210718F
:1041B000B2FBF1F20BDA0A4B1B68B3F90A304FF489
:1041C000FA60534393FBF1F35843F0F7F5BD4FF416
:1041D000FA605A43B2FBF1F25043F6E7B02C030009
:1041E0003407002010B5034600681B7902690121DD
:1041F000994043681B6819420AD10A490A4840F2AB
:104200008D621BF0B4F9074840F28D611BF0A6F9EE
:10421000136819428368BDE810400CBF1B69DB6856
:10422000184700BFC3880300F488030070B5034635
:104230000C46DA8800681979224302F03004302CE9
:10424000D0E9013605690AD11849194840F2E2322D
:104250001BF08DF940F2E23114481BF07FF902F0B7
:104260000604042C08D11149114840F2E9321BF030
:104270007EF940F2E931EFE71B6801248C401C42D3
:1042800008D10A490A484FF47F721BF070F94FF4C5
:104290007F71E1E72B6812F0010F14BF2343A343A2
:1042A0002B603368BDE87040184700BFC388030027
:1042B000F488030010B5174C4FF400312046FFF787
:1042C000B5FF2046144CFFF78DFF4FF40031204618
:1042D000FFF7ACFF2046114CFFF784FF4FF400318D
:1042E0002046FFF7A3FF20460D4CFFF77BFF4FF45E
:1042F00000312046FFF79AFF20460A4CFFF772FF75
:104300004FF400312046FFF791FF2046FFF76AFF88
:10431000002010BDE42C0300DC2C0300D42C03008F
:10432000CC2C0300C42C0300012870B5354E044684
:104330000D4639D817F0E6F9334B834234D1334B6D
:104340001B68F4542F49002211F8013B012B03D1C3
:104350000132082AF8D123462D490878984225D100
:10436000012B4DD8294B1A602A4B00221A600021DC
:10437000294806F095F929480021FFF757FF2848FA
:104380000021FFF753FF27480021FFF74FFF264882
:104390000021FFF74BFF25480021FFF747FF1A4890
:1043A000BDE8704016F022BC7455CBE70B7017497E
:1043B0000A60184A0021012B1160D8D917F0A2F920
:1043C000114DA842044610D0284616F00FFC0121DA
:1043D000114806F065F9FFF76DFF284616F0F2FE6A
:1043E0002846BDE8704017F047B901210A4806F099
:1043F00057F9FFF75FFF204616F0E4FE2046F0E78E
:1044000070BD00BFD90C0020501F00200C380020C8
:10441000C25B0020083800200C1E0300E42C0300BF
:10442000DC2C0300D42C0300CC2C0300C42C030090
:1044300038B5AD4DAD4C2B78023B122B1AD8DFE8C6
:1044400013F013001D003300430052006800780091
:104450008C009D00AD00B300C100F1000B011D01F7
:10446000270131013901440142F210721146002046
:10447000FFF794FE9E4816F0B9FBDCE72268013294
:1044800002F0010248BF524242F210710420226041
:104490004A43FFF783FE2368012B14BF4FF461707A
:1044A00064201AF0E2F9C6E72268013202F0010244
:1044B00048BF524242F21071226000204A43FFF787
:1044C0006DFE4FF4FA70ECE72268013202F001024F
:1044D00048BF524242F21071226000204A43FFF767
:1044E0005DFEC820DDE72368013313F0010F42F2BF
:1044F00010710CBF0A46002201202360FFF74EFE18
:104500002368032B40F0EE8000210120FFF70CFF11
:1045100091E72368013313F0010F42F210710CBFD1
:104520000A46002201202360FFF738FE2368052B8E
:10453000E8E72368013313F0010F42F210710CBF5A
:104540000A46002203202360FFF728FE2368072B7A
:1045500040F0C88000210846D8E72368013313F0F3
:10456000010F42F210710CBF0A46002201202360A5
:10457000FFF714FE2368052BB3D1C5E72368013389
:1045800013F0010F42F210710CBF0A460022012005
:104590002360FFF703FE2368092BEDE742F2107258
:1045A0004FF4FA61012063E72268013202F0010250
:1045B00048BF524242F2107322604FF4FA615A43EC
:1045C00003207CE722684FF47A73013292FBF3F107
:1045D00003FB1122B2F5FA7F2260C8BF9A1AC72ADC
:1045E00008DC1E235A43032042F21071FFF7D6FD68
:1045F000052056E7B2F5967F06DAC83A142141F253
:10460000707301FB0232EEE7B2F5C87FABBF02EB7D
:104610008202C2EB021202F5EA5202F6AC52A8BFC5
:104620000C32E0E72368013303F001031A4642F23B
:10463000107148BF5A42002B22604FF000000CBF9F
:104640000A460022FFF7AAFD2368002B42F2E4503D
:1046500008BF4FF4967024E722680A23013292FBC8
:10466000F3F103FB11222260032AD4BF02F00102FE
:10467000002242F210714A43022020E722680A23F6
:10468000013292FBF3F103FB11222260052AECE7D1
:1046900022680A23013292FBF3F103FB112222600C
:1046A000072AE2E72268013202F0010248BF5242C3
:1046B0002260DEE72268013202F0010248BF524266
:1046C00042F2107122604A437AE72268013202F016
:1046D000010248BF524242F21071226002204A4356
:1046E000FFF75CFD6420DCE6C25B00200838002098
:1046F000501F002007B5012000F088FF88B1062078
:1047000005F0CAF938B11B4B43610223037400233F
:1047100043748374C374184900234FF484521BF00C
:10472000D4FB042000F072FF88B1062005F0B4F934
:1047300038B1124B43610223037400234374837422
:10474000C3740D4900234FF484521BF0BEFBFEF7E7
:10475000C9FEFEF773FF00210846FFF7E5FD9FED58
:10476000080A01A900201AF0FAF801F087F803B04E
:104770005DF804FB6E90030044250300A490030041
:104780000000000008B503685909024613D001294A
:1047900006D103F01F034FF6FF71D940C80712D4AA
:1047A0000A490B4840F2CA321AF0E1FE074840F2CB
:1047B000CA311AF0D3FE4FF0FF31D940C907EFD507
:1047C0004FF0A04000E00348136008BDDA900300FA
:1047D000F48803000003005010B5082005F05CF9D0
:1047E00048B1094B4361094B8361032303740023E0
:1047F00043748374C374BDE81040054900234FF42B
:10480000C2521BF062BB00BF0D910300E093030096
:1048100044250300034B1A680AB1FFF7DDBF186097
:10482000704700BF1038002008B5062005F034F9A5
:1048300038B1094B4361022303740023437483742A
:10484000C374002305494FF486521BF03EFBBDE8BC
:104850000840C8201AF028B83E9103004425030000
:1048600008B5064805F0BEFA30B143685B791BB164
:10487000BDE80840FFF7D8BF08BD00BF579103004F
:1048800037B50446062005F007F938B16C4B436193
:1048900002230374002343748374C374002369499F
:1048A0004FF486521BF011FB674B1B685B88DB06DD
:1048B00033D594BBF3F75EFD58BB644CD4E90032AA
:1048C000134308D119F0E2FF47F23053C01841F109
:1048D0000001C4E9000119F0D9FFD4E90023904296
:1048E00099414FF0060080F2988005F0D5F838B174
:1048F000574B436102230374002343748374C374CE
:10490000504900234FF4865203B0BDE830401BF0FD
:10491000DCBA00F081FE0028CFD0FFF7EBFEFEF7F7
:10492000AFFDFEF7D1FE0446062005F0B5F838B11C
:10493000484B436102230374002343748374C3749C
:10494000404900234FF486521BF0BFFA082005F0BF
:10495000A3F850B1404B43612B23C0E90634042334
:104960000374002343748374C374364900234FF4E3
:1049700003521BF0AAFA2B2501A80195FFF702FFAD
:10498000019B019500EB8300344BD0F800271340C6
:10499000C4F3071243EA8203C0F8003701A8FFF707
:1049A000F1FE019B00EB830004F00F04D0F8003708
:1049B00023F4403343EA0444C0F80047062005F0DE
:1049C0006BF838B1264B4361022303740023437410
:1049D0008374C3741B4900234FF486521BF075FA8D
:1049E000062005F059F838B11E4B436102230374C9
:1049F000002343748374C3744FF486521149002317
:104A00001BF063FA184B1978184BB3F90000EFF755
:104A100053FFFFF725FF1AF0B9FE05F03DF838B156
:104A2000134B436102230374002343748374C374E0
:104A3000044900234FF486521BF047FA6DE700BF8C
:104A40006891030044250300340700203020002033
:104A50007E910300D0910300E7910300F0F8FCFF82
:104A60000892030024920300C75B00206E0C002014
:104A7000B591030008B5062005F00EF838B1174BC4
:104A8000436102230374002343748374C374144981
:104A900000234FF486521BF018FAFFF72BFE062076
:104AA00004F0FAFF38B10F4B436102230374002373
:104AB00043748374C3744FF48652094900231BF076
:104AC00004FA094B1978094BB3F90000EFF7F4FE2B
:104AD000FFF7C6FE012003F00DFD00BF3592030075
:104AE000442503004D920300C75B00206E0C00209C
:104AF00073B50446062004F0CFFF38B1654B43611F
:104B000002230374002343748374C3746249002333
:104B10004FF486521BF0D9F9FFF7ECFD19F0B6FE01
:104B200005460E461CB921460820FFF7FDFBFEF79F
:104B30006BF9062004F0B0FF38B1584B43610223F3
:104B40000374002343748374C374534900234FF4E4
:104B500086521BF0BAF9082004F09EFF48B1504B72
:104B600043612B2383610323037400234374837401
:104B7000C3744FF4C652484900231BF0A6F92B23F7
:104B800001A80193FFF7FEFD019B00EB8300454B5D
:104B9000D0F80027134043F00603C0F80037062082
:104BA00004F07AFF38B1404B4361022303740023C1
:104BB00043748374C374384900234FF486521BF046
:104BC00084F9082004F068FF48B1384B43611F2383
:104BD000836103230374002343748374C3744FF409
:104BE000C6522D4900231BF070F91F2301A8019321
:104BF000FFF7C8FD019B00EB83002A4BD0F800278C
:104C0000134043F00203C0F80037062004F044FFCD
:104C100038B1274B43610223037400234374837428
:104C2000C3741D4900234FF486521BF04EF9062031
:104C300004F032FF38B11F4B436102230374002399
:104C400043748374C374144900234FF486521BF0D9
:104C50003CF9194B1978194BB3F90000EFF72CFE0A
:104C6000A4B940F28A2419F011FE401B61EB060141
:104C7000A04271F1000105DB00210846FFF754FB5B
:104C80001AF084FD012019F00FFEECE7FFF7E8FDB4
:104C9000F6E700BF5B920300442503007092030017
:104CA00093920300F0F8FCFFA8920300C692030061
:104CB000DA92030024920300C75B00206E0C0020F0
:104CC0002DE9F04F2DED028B082197B00E20FFF754
:104CD0002BFB8748002105F0E3FC864B1B68013B5A
:104CE000042B09D8DFE813F005004400A0014600BA
:104CF00048000020FFF7C4FD7E4A7F4C002313606C
:104D000019F03AFE804619F039FE834619F038FE54
:104D1000029007A800F07EFD054608A8FDF7D2FF27
:104D2000DDED077A9DED088AF4EEC87AF1EE10FA0F
:104D3000F4EE487A54BFF0EE488AF0EE678AF1EE5E
:104D400010FAC8BFB0EE678A002D00F09180471CB2
:104D500015D0002800F08C8002302AD1674B4FF02C
:104D6000FF304FF0FF31C3E900010123237020E041
:104D70000120BFE7FFF77EFE0120FFF7B9FE5F4D80
:104D8000D5E90023B3F1FF3F08BFB2F1FF3F03D1E4
:104D900019F07CFDC5E9000119F078FDD5E9003274
:104DA000C01A40F2E93361EB0201984271F100014F
:104DB000DBDA2478524D002C00F08380514B1C78B4
:104DC000002C7ED02E7896B9082004F065FE40B104
:104DD0004D4B43614D4B83610323037446748674CA
:104DE000C6744B4900234FF4C2521BF06EF84FF0CB
:104DF000FF3909A82C70FEF7C1FD05B2002D14DAA9
:104E0000082004F049FE50B1424B4361424BC0E9D7
:104E1000063504230374002343748374C3743C492C
:104E200000234FF401521BF050F83C4A1378172B23
:104E30009CBF01331370099A40F2DC539A42A2F1ED
:104E4000640A374B47DD41F20C718A4500F2F98064
:104E500034491C780968002935DAADB3002C40F0DC
:104E6000E58041F2CC018A42264661DC012761E0FF
:104E700019F00CFD214BC3E90001237883B9F1EE51
:104E8000047AF4EEE78AF1EE10FA3FF56EAFDFED4B
:104E9000267AB4EEE78AF1EE10FA3FF766AF88E7BC
:104EA000F2EE047AF4EEE78AF1EE10FA81DDDFED3E
:104EB0001F7AB4EEE78AF1EE10FA7FF57AAF00239D
:104EC00054E7A14695E7C9D1002C40F0B88041F2E3
:104ED000CC010124C7E71C78002C40F0B28041F2DD
:104EE0000C7292452746264624D900221A7021E0EA
:104EF000A41C030010380020C55B002060050020C2
:104F0000C35B0020C75B0020F3920300CD93030036
:104F1000442503000E930300F8930300CB5B0020AD
:104F2000C95B0020500900200000344200002042EC
:104F300001271F704FF08042D2F8382402F001029E
:104F40000392524A117800297FD1BBF1000F05D19D
:104F5000029919B91B780BB9039B23B10121117078
:104F6000102000F093FA4A4B029A1A70494B1B78B2
:104F70000593002B39D1099B04930820002F74D08E
:104F800004F08AFD68B1444A049B4261C361642213
:104F9000059B95FBF2F282610422027443748374D0
:104FA000C37400234FF403523C491AF08EFF41F2C0
:104FB0000C739A4516D9082004F06EFD48B1384BA1
:104FC0004361384B83610323037400234374837468
:104FD000C37400234FF4C25230491AF076FF324BAB
:104FE00001221A702B4B01221A7016B1274B1B7825
:104FF00013B1B8F1000F5DD0B4B1062004F04CFD40
:1050000038B12A4B43610223037400234374837431
:10501000C374224900234FF484521AF056FF1B4BED
:1050200000201978EFF748FC0020A6E60026344659
:1050300041F29A018A423FF719AF012755E701264D
:10504000F6E70026374634464FE7BBF1000F8AD11A
:105050000299002987D11B78002B84D1039B002B58
:1050600081D182F800B059467AE704F015FD40B1CD
:105070000F4B4361049B836103230374477487745C
:10508000C77400234FF4C6528EE700BFC75B0020F1
:10509000C65B0020C85B0020359303004425030055
:1050A00068930300F8930300C45B0020909303000F
:1050B0004A930300AA4B1E68002E37DBAB1B002B64
:1050C000B8BF5B42B3F57A7F30DD0A2004F0E4FC20
:1050D0000446D8B1A34B43613046EBF7ABFAA24B81
:1050E0000022EBF73BFCC4E906012846EBF7A2FAE5
:1050F0009D4B0022EBF732FCC4E908010623237420
:1051000084F8118084F8128084F813800023974972
:105110004FF4435220461AF0D8FE2E2294484FF006
:10512000FF311CF07CFC934B01221A70904B0AAAB1
:1051300003F1280C1E4618685968144603C4083346
:1051400063452246F7D1186820609B888A4AA3806D
:105150001368ADF85650172126F81350013393FB0E
:10516000F1F001FB103313600AA90022B1F902002B
:1051700053B20C4634F90269B04204DA013B5BB227
:10518000A6805E1CF6D101335BB216AC04EB430380
:105190000132172A23F8300C01F10201E6D1704BDD
:1051A000744C00221A602378D908C3EBD303183358
:1051B000DBB21046C1F118018B426ADB684BB8F1D3
:1051C000000F00D01A6010B11D6895FBF0F51D604E
:1051D0006A4B1A6805F1640191426ADA19601B682A
:1051E000674D6422643B5343632293FBF2F32B80AD
:1051F000FEF7B4FE634BB5F900E01B68D3F844C07A
:10520000002F67D0DFF88C814FF47A76A0FB06235D
:1052100098F800A006FB0133D20B42EA43424FEA62
:10522000EC76DB0BBAF1000F4ED1014345D062455D
:1052300073EB060644D3544E09983178FEF7D4FC3C
:105240002378182B01D0337823B13178B5F90000D9
:10525000EFF732FBB5F900004C4CFEF7D7FC099A8A
:1052600000924B4A3178127803463846F1F74AFAF1
:105270002378002B36D1B9F1000F33D1042000F090
:10528000C5F918B10021042000F000F90021012027
:105290003CE016AE06EB4306013336F9306CB6F14E
:1052A000FF3F1FBF01309219C0B24FF00108DBB2BF
:1052B00082E79542C8BF1D6091E7BEF57A7FBADAF2
:1052C000012388F80030B6E7014307D0624573EB4D
:1052D0000606B0D32F4B00221A70ACE7BEF57A7FDA
:1052E000A9DBF7E7042000F091F938B90121042087
:1052F00000F0CCF8B9F1000F06D1C7E72378002BF6
:10530000F8D1B9F1000FB9D000211420FFF70CF843
:10531000214B1A78214B4AB11A783AB10621132051
:10532000FFF702F8642019F0BFFAD2E4BBF1000FD6
:1053300002D006210D20F3E7029A12B106210B20BC
:10534000EEE71B78002BF4D1039B002BF1D1114B1E
:105350001B7806210BB10C20E2E70120E0E700BF3B
:1053600050090020A3930300000059404425030086
:10537000400C0020CB5B0020143800205409002092
:105380006E0C002034070020C75B0020C45B0020A7
:10539000C65B0020CA5B0020C55B0020C95B002003
:1053A00010B5074C0748002105F07AF90021204686
:1053B00005F076F920460021BDE8104005F070B9EF
:1053C000E81D0300301E030010B5074C07480121FB
:1053D00005F066F90121204605F062F92046012119
:1053E000BDE8104005F05CB9E81D0300301E030065
:1053F00010B5054C237813B1044B187810BD01206B
:1054000016F01CF9F6E700BFC85B0020C95B00205E
:1054100038B50A4C0A4D23689B074FF0070106D4A4
:105420000120FEF781FF284615F0E0FBF3E710208E
:10543000FEF77AFF19F06EFAEDE700BF183800208A
:10544000F8210020F8B50F4E0F4D3468E20704F044
:10545000050705D505210F20FEF766FF19F05AFA5A
:10546000630705D505211120FEF75EFF19F052FAFA
:10547000002FEAD105210120FEF756FF284615F03E
:10548000B5FBE2E718380020D822002070B5514D56
:1054900004462B680E46002900F088800343082844
:1054A0002B6009D870B1441E072C0BD8DFE804F03C
:1054B00023390A4F0A0A0A56202869D040286ED09C
:1054C00010285ED02868F1F749F908202C6804F00C
:1054D000E3FA40B1404BC0E90534032303740023D1
:1054E00043748374C374BDE870403C4900234FF497
:1054F000C6521AF0EABC082004F0CEFA48B1384B84
:105500004361384B83610323037400234374837422
:10551000C374324900234FF4C2521AF0D6FC324809
:1055200012E0062004F0B8FA38B1304B4361022390
:105530000374002343748374C374284900234FF415
:1055400084521AF0C2FC2A4815F03CFEBAE7082043
:1055500004F0A2FA0028DCD0264BD1E7062004F0A4
:105560009BFA38B1244B4361022303740023437434
:105570008374C37400234FF4865218491AF0A5FCB3
:10558000A0E7062004F088FA0028F3D01B4BEAE7D6
:10559000062004F081FA0028ECD0194BE3E706203E
:1055A00004F07AFA0028E5D0164BDCE723EA000382
:1055B00008202B6004F070FA38B1134B4674C0E930
:1055C0000534032303748674C67400234FF4C65253
:1055D000D3E700BF18380020C1940300B4250300AE
:1055E0002B940300CC940300D82200204A9403009B
:1055F000F82100205B9403006D9403007B9403006A
:105600008B9403009F940300AE940300014B1B682E
:105610001840704718380020034B1B6833F0020312
:105620000CBF0120002070471838002008B503681F
:105630005909024613D0012906D103F01F034FF682
:10564000FF71D940C80712D40A490B4840F2CA3248
:1056500019F08DFF074840F2CA3119F07FFF4FF073
:10566000FF31D940C907EFD54FF0A04000E0034813
:10567000136008BDDA900300F488030000030050B3
:10568000F0B51F4F3E7885B0EEB91E4D1E48A8629A
:105690004FF47A21296001AA1BF029F80446A0B131
:1056A000082004F0F9F940B1184B4361184B8361AD
:1056B0000323037446748674C674164900234FF49A
:1056C000C2521AF002FC05B0F0BD029BAB81284625
:1056D0000423EB8103F040FC70B1082004F0DCF9F6
:1056E0000028EAD00C4B4361094B83610323037408
:1056F00044748474C474E0E701233B70E3E700BFA3
:10570000CE5B002028380020C41D03000495030050
:10571000BE970300BC25030020950300F8B51E4C7E
:105720006768A5683B68226999050AD41B491C482B
:105730004FF47F7219F01BFF4FF47F71174819F077
:105740000DFF136843F4007313602B68154A092199
:1057500020469847AE6996B13B689B0508D40F492F
:105760000F4840F2933219F002FF40F29331E5E71F
:105770004FF0C0634FF0A07209212046B0470A499C
:105780000A4B4B604FF400738B60EB6913B1024816
:10579000012298470020F8BD381C0300C38803008D
:1057A000F4880300110001001C380020855C010012
:1057B00038B5134B134D9C681148E3684021984756
:1057C000C0B1082004F068F948B10F4B43610F4B9A
:1057D000836103230374002343748374C3740C49EB
:1057E00000234FF4C2521AF070FB4FF4FA7019F014
:1057F000A6F8E1E719F095F8C5E90001F5E700BF63
:10580000541E03006805002038950300CB97030061
:10581000BC25030038B5044619F083F8134AD2E9D1
:105820000032C31A61EB020140F2E932934271F196
:10583000000118DA0E480F4D83682A461B690C21B7
:105840009847D5ED017ADFED0C6AB8EEE77A0020D3
:10585000C7EE267A95ED007AB8EEC77A77EE877AAA
:10586000C4ED007A38BD4FF0FF30FBE7680500203B
:10587000541E0300583A00200024744913B529240B
:1058800068460094FFF7D2FE009B019400EB830072
:10589000144BD0F80027134043F00C03C0F8003736
:1058A00001A8FFF7C3FE019B00EB8300D0F800378F
:1058B00043F44033C0F80037062004F0EDF838B167
:1058C000094B436102230374002343748374C3743C
:1058D000064900234FF4865202B0BDE810401AF08A
:1058E000F4BA00BFF0F8FCFF70950300BC2503007C
:1058F00010B5094B094C1B7853B9FFF7C1FE22685C
:1059000007480123643219461AF085FAF3F75EF965
:10591000236893F8640010BDCD5B00203807002099
:105920002838002010B50A4C236883F86400094B1E
:105930001B7843B9FFF7A4FE2268074801236432AD
:10594000194603F007FDBDE81040F3F73FB900BF6B
:1059500038070020CD5B0020283800202DE9F041D9
:105960000C46074615461E46FFF78AFE24B132460E
:10597000294620461CF02BF82A4612483346394661
:1059800003F0E8FC051E16DA082004F085F850B193
:105990000D4B43610D4BC0E906350423037400230E
:1059A00043748374C374BDE8F041094900234FF484
:1059B00001521AF08ABA1CB1BDE8F041F3F706B9FA
:1059C000BDE8F0812838002085950300B4970300D6
:1059D000BC25030070B504460D461646FFF750FE81
:1059E00021461C4833462A461AF015FA041E2FDABF
:1059F000A31C26D0082004F04FF850B1164B436189
:105A0000164BC0E9063404230374002343748374E3
:105A1000C374134900234FF401521AF056FA0620BA
:105A200004F03AF838B10F4B4361022303740023AA
:105A300043748374C3740A4900234FF484521AF0E8
:105A400044FA324628460021BDE870401BF0E7BF0B
:105A500070BD00BF28380020AB950300AB97030052
:105A6000BC250300D295030010B54FF08043D3F856
:105A70000034DB075EBF354B01221A70F3F778F86C
:105A800004460620002C4BD104F006F830B1304B10
:105A900043610223037444748474C4742D4C2E49EE
:105AA00000234FF484521AF010FAFFF7E9FD216841
:105AB000082265310220FFF78DFF216880226D31B9
:105AC0001F20FFF787FF21680C22F0310320FFF72A
:105AD00081FF21680C22FC310420FFF77BFF216845
:105AE000302201F58A710520FFF774FF216830220A
:105AF00001F5A2710720FFF76DFF216824224031D4
:105B00001D20FFF767FF2168802201F55F711E20CD
:105B1000FFF760FFF0F700FCF3F758F8002010BD26
:105B200003F0BAFF38B10D4B436102230374002325
:105B300043748374C37400234FF4865206491AF0E9
:105B4000C4F9024B01221A70E8E700BFCD5B0020C8
:105B5000E895030038070020BC250300F8950300F2
:105B600070B5194D2B782BB9184819F08DFC01230D
:105B70002B7070BD164819F087FCFFF781FD154B9F
:105B80004FF48062186800211BF049FF124803F0AF
:105B9000B3F9F0F7C1FBF3F719F8104B0024062016
:105BA0001C702C7003F078FF30B10D4B4361022361
:105BB000037444748474C474BDE8704009490023BC
:105BC0004FF486521AF081B9CC5B00200696030090
:105BD000979603003807002028380020CE5B00206D
:105BE000B3960300BC25030038B50E4CFFF748FD03
:105BF0000D484FF4C04119F047FCA189E2890B48D8
:105C000002FB01F319F040FC204603F01FFD05469E
:105C1000204603F083FD29460246BDE8384004488B
:105C200019F032BC28380020CA960300E79603001A
:105C30000A97030013B5104843681B689B050AD4F4
:105C40000E490F4840F2346219F091FC0B4840F2C3
:105C5000346119F083FC0469836801A95B68984783
:105C600020B9236801985840C0F34020003818BF7D
:105C7000012002B010BD00BF381C0300C388030020
:105C8000F488030070B5FFF7D5FF044618F049FE0D
:105C90000E4BD3E9002552EA050613D0ACB9801AA1
:105CA00061EB0501332871F10002A4BF084AC2E983
:105CB000000100200146C3E900010648BDE870402C
:105CC00015F080BA002CF6D1F3E770BDC023002098
:105CD000B8230020C8230020F8B518F022FE254B79
:105CE0001B685B885B0705460E4641D5F0F752FD01
:105CF00001210820FEF718FBFFF79CFF044608BBB4
:105D0000062003F0C9FE30B11B4B4361022303742C
:105D100044748474C474194900234FF486521AF0F1
:105D2000D4F80020FFF7FEFD40F28B27FFF782FF3B
:105D3000044658B101210020FEF7F6FA002018F0C1
:105D4000D6FD0FE0012018F0FAFDD5E718F0E9FDC7
:105D5000401B61EB0601B84271F1000104DB2046F3
:105D600018F0CEFD0020F8BD012018F0E8FDDDE7B9
:105D70000120F8E7340700202D970300BC2503001D
:105D8000012810B5044602D002281BD010BD184BC4
:105D90001B685B88DB07F9D5062003F07DFE38B170
:105DA000144B436102230374002343748374C3744C
:105DB000114900234FF486521AF087F8BDE81040CD
:105DC000F4F7C2BC062003F067FE30B10B4B436111
:105DD0000023047443748374C374074900234FF48D
:105DE00086521AF072F8BDE81040F2F707BA00BF09
:105DF0003407002045970300BC2503005F9703008C
:105E00002DE9F04100256D4C6D4FA8462E46D4E992
:105E10000032134312D018F084FDD4E90023801A15
:105E200061EB0301332871F1000107DB4020FFF72C
:105E3000EDFB18B901214020FFF728FBD7E900232B
:105E4000332A73F100032CDB4020FFF7DFFB18B986
:105E500001214020FFF71AFB5A4B1B685B88DA07C9
:105E600006F1010602D43046F0F786FC082003F064
:105E700013FE40B1544BC0E90536032303740023DD
:105E800043748374C374514900234FF4C6521AF00B
:105E90001CF800220023C7E9002318F042FD054644
:105EA000884655EA08033BD1D4E90032134367D052
:105EB00018F037FDD4E90023801A61EB030140F2AA
:105EC000E933984271F1000122DBFFF7B3FEF8B12C
:105ED000FFF702FF00286CD0062003F0DDFD38B18B
:105EE0003B4B436102230374002343748374C374E4
:105EF000364900234FF4865219F0E7FFF2F77EF996
:105F00000022002300214020C4E90023FFF7BEFA4D
:105F1000D4E90032134344D155EA080330D040E0BD
:105F200018F0FFFC40F29113401B61EB080198420E
:105F300071F1000131DB082003F0AEFD40B1254BCB
:105F4000C0E9053603230374002343748374C374C8
:105F500000231E494FF4C65219F0B7FF194B1B68B6
:105F60005B88DB0712D5701EC0B2FFF709FF002166
:105F70004020FFF78BFAD4E90032134315D10026F5
:105F80001548002514F032FEA84640E7022E3046A0
:105F9000A8BF0220F0F7F0FBE9E7D4E90032134391
:105FA00086D1142018F0CBFC31E70025A8462E46F8
:105FB0007EE7094806F028FEAAE700BFC0230020BC
:105FC000B82300203407002077970300BC25030086
:105FD000944403008F970300C8230020014805F074
:105FE00057B800BFE95F0100F8B5044624480F46E2
:105FF00003F0F8FE234B1B685E88631E054606F01F
:106000002006032B06D8DFE803F002061C281E4BEF
:1060100000221A70F8BD01210820FFF737FA01218C
:106020001A4804F03DFB6B6804221968284619F0F1
:106030002DFFF2F733FA002EECD0BDE8F840F2F76E
:10604000E5BB3B78104C0BB92370E3E72378002BBA
:10605000E0D1F2F7FFFB0123F6E700210820FFF76C
:1060600015FA0EB1F2F7F0FBF2F736FA284603F014
:10607000DDFEBDE8F8400548002104F011BB00BF7B
:106080005791030034070020CF5B0020801C0300E1
:1060900090ED006AD0ED025AD0ED036AD0ED017A9E
:1060A00026EE257A17EEA67A84B001AB67EE867AE3
:1060B00046EEA57A01F10C0037EE077A77EEA77A63
:1060C0008DED017ACDED027AF6EE007A56EE067A83
:1060D00046EEA67A9FED097A77EEA77ACDED037AA0
:1060E000F1EC017AF3EC016A77EEE67A814267EE31
:1060F000877AE2EC017AF3D104B070470AE81C41D8
:1061000038B52DED048B90ED009A9FED210AF7EE46
:10611000008AF0EE689A49EE499A04460D4639EE37
:10612000800A16F0CBFE88EE808AB0EEC90A69EECE
:10613000889A89EE800A16F021FDDFED167AB5EE19
:10614000409AF1EE10FA20EE270A07D019EE103A25
:10615000FFEE007A002BB8BFF0EE678A68EE007A97
:1061600094ED017A67EEA87A27EE277A85ED007A1A
:1061700094ED027A27EE277A85ED017A94ED037A81
:1061800067EE277AC5ED027ABDEC048B38BD00BFFF
:10619000BD37863583F9223F9FED0A0A00EB810166
:1061A000884207D1B5EEC00AF1EE10FA07DBB1EE76
:1061B000C00A7047F0EC017A07EEA70AF0E79FEDFE
:1061C000010A70470000000008B50A460346FFF7C1
:1061D000E3FFDFED097AB4EEE70AF1EE10FA09D435
:1061E000F7EE007A1946184687EE800ABDE80840A7
:1061F0000EF0F0BD08BD00BF0000003438B5F6EE6B
:10620000007A60EEA77A2DED028BF4EEC07AF1EE03
:1062100010FA04460D46B7EE008A36DC9FED1F7A71
:10622000C7EE007A9FED1E7A27EE870A20EE200A3D
:1062300016F078FDF0EE007A20EE006AF1EEE77AD3
:1062400020EE270A76EE485A70EE066A75EEA55AD9
:1062500076EE886A38EE408AC6EE267A85EEA65A31
:1062600038EE068A37EEA77A88EE266AB0EE678A9D
:1062700084ED008A84ED017AC4ED027A85ED005A3E
:1062800085ED016ABDEC028B38BD9FED067AF0EE1C
:10629000477AB0EE475AB0EE476AE9E7217B663E9F
:1062A000DB0F494000000000B5EEC00AF1EE10FA25
:1062B00008B51BD4B5EE400AF1EE10FA19D0F1EE94
:1062C000600AC0EE807A17EE900AEAF7C5F941EC51
:1062D000100BEFF751FC084953EC102B0020EAF7A4
:1062E0005BF8EAF7E9FC00EE100A08BD9FED030A2F
:1062F000FBE7B7EE000AF8E70000F03F00000000FF
:10630000044B00EB8101884200D1704740F8043B08
:10631000F9E700BF0000C07F164B1749036010B5B6
:10632000164B4360C16140F201131549154C0381BE
:10633000016201234FF07F51134A837284614FF051
:106340007C534162C4631149114CC3600261836292
:106350004FF080420363416304640E490E4C0365B1
:106360000E4B4261C262816341648464C1644365CF
:10637000826510BD0000404017B7D13800001041C1
:106380008FC2F53CCDCCCC3D0000C842CDCC4C3DBD
:10639000000020410000A0410000A0400000704229
:1063A000F0B52DED048B1D468368D2ED000A23F075
:1063B0007F4323F0FF038DB007460C461646002BA3
:1063C00054D001F1F003019301F1FC03009390ED2F
:1063D0000A0A02F1440303213832284618F007FD67
:1063E000D5ED017AD4ED3D5AD5ED006A94ED3C5AD5
:1063F00095ED027A94ED3E6ADFED454A77EEE57A57
:1064000076EEC56A67EEA77A46EEA67A37EE467A4A
:1064100047EE077AC4ED397A97ED0B7AD7ED056A26
:1064200027EE247A27EE077AF4EEC77AF1EE10FA17
:1064300016DA66EEA47AB0EEC55AB4EEE75AF1EE7B
:1064400010FA0DDCF0EEE55AF4EEE75AF1EE10FA30
:1064500006DCB0EEC66AB4EEE76AF1EE10FA05DDCE
:106460000023C4F8EC30002384F82430D4ED177AEC
:1064700095ED009AD5ED018A95ED028A39EE679A7D
:10648000D4ED187A8DED059A78EEE78AD4ED197A75
:10649000CDED068A38EE678A032105A88DED078ABF
:1064A000FFF77AFEDFED1B7AB4EEE70AF1EE10FAA1
:1064B000F0EE409A27DDD6ED007A60EE277A9FED68
:1064C000160A04A927EE800A03A80EF08DFC9DEDA4
:1064D000037A049B0893C7EE297A08A9224620462E
:1064E00029EE279A68EEA78A28EE278ACDED037A4F
:1064F0008DED099ACDED0A8A8DED0B8A18F0DDFB42
:106500000421FFF761FE0DB0BDEC048BF0BD00BFB0
:1065100035FA8E3C00000034E02EE5412DE9F04FC5
:106520002DED0C8BD3ED007AF5EE407AF1EE10FAFA
:10653000A9B007460C4615461E460ED1D3ED017A8A
:10654000F5EE407AF1EE10FA07D1D3ED027AF5EECE
:10655000407AF1EE10FA00F0B5837B7A4FF0000834
:10656000D3B304F58A73019304F590730093D5EDCA
:10657000010A97ED0A0A05F1580305F14C020321BF
:10658000304618F034FCD6ED006AD4ED457A94ED2F
:10659000467A94ED476A76EEE76AD6ED017A77EEB1
:1065A000C77A96ED027A67EEA77A46EEA67A37EEBC
:1065B000467A47EE077AC4ED3A7A97ED0C7A27EEE1
:1065C000077AF4EEC77AF1EE10FAC0F23781C4F818
:1065D000EC80002384F82430314605AA204604F1DB
:1065E000280A04F1340318F0A1FB05F10C0900930B
:1065F000CDF804A005F1180BD5ED010A97ED000ABE
:106600005B464A46032105A804F1100618F0EFFB8B
:1066100005AA5146304618F089FB03211046FFF7C2
:10662000D3FDDDED077AF7EE008A77EEA87AF6EE75
:10663000006A67EEA67AF5EEC07AF1EE10FAC0F2C3
:106640000F81F1EEE77A9FED8A7AF4EEC77AF1EEE8
:1066500010FA40F305819DED067ACDED0E7A27EE16
:10666000267AC7EE276A9DED057ACDED0F6AFEEE1C
:10667000006A27EE267AC7EE276A324631460EA810
:10668000CDF84480CDED106A18F017FB0421304698
:10669000FFF79AFD9DED070A16F0DEFB95ED017AF6
:1066A000C0EE077AC4ED137A3B89002B00F00A8311
:1066B00012A9204697ED058A18F09CFC9DED154A1D
:1066C0009DED147ADDED135A9DED122A67EE254AF1
:1066D00024EE026A67EE073A74EEC66A74EE864AE2
:1066E00025EEA56A73EEA33A64EE047A36EE066AE6
:1066F00078EEE32A77EEA77A38EEC66A67EE021ADA
:1067000024EE255A27EE047A65EE825A72EEE72AC5
:1067100076EE677A36EE636A37EE654A76EEA66AFB
:1067200037EE257AD4ED185A8DED1E6A74EEA44A20
:1067300094ED176ACDED176A31EE853A66EEA56ADB
:1067400037EE077ACDED1A7A67EEA57A42EE866AC1
:1067500016AE04F18C0A44EE867A5B464A4633EE66
:10676000033A34EE044A8DED1D7A94ED197A0196C0
:1067700043EE076ACDF800A0092144EE077A3046BF
:1067800035EE615AD5ED010A97ED000ACDED162AD6
:1067900035EE055A8DED183ACDED194A8DED1B4AAF
:1067A0008DED1C5ACDED036ACDED047A18F01FFB78
:1067B00003A804F1D403009301905B46D5ED010AD0
:1067C00097ED000A4A46022118F011FB94F8243094
:1067D000002B57D07B7A002B54D094ED177AD4ED50
:1067E0003C7A95ED0D0ACDED168A77EEC77A94EDD9
:1067F000187ACDED0B7AD4ED3D7ACDF85C8077EE4A
:10680000C77A94ED197ACDED0C7AD4ED3E7ACDF8B5
:10681000608077EEC77ACDF86480CDED0D7ACDED4E
:106820001A8ACDF86C80CDF87080CDF87480CDEDEB
:106830001E8A032108A80EF0D3FC70E095ED017AC2
:10684000D4ED3B7A77EE877AC4ED3B7A97ED097AFF
:10685000F4EEC77AF1EE10FAFFF6BEAE0123B9E608
:10686000DFED076ACDF83880CDED0F8A05E700BF70
:10687000BD37863535FA8E3C000000B40000003488
:10688000000000003B7A002B00F02182DDED065A6B
:1068900095ED015A94ED176AD4ED187AD4ED196A82
:1068A000EB6A0893F1EE655A85EE857A09932B6BB6
:1068B0000A93DDED035A37EE257ADDED165A06EE22
:1068C000657ADDED175A07EEE57ADDED185A06EE2A
:1068D000E57ADDED055A8DED0B7A85EE857ADDEDF5
:1068E000045A37EE257ADDED195A06EE657ADDEDAC
:1068F0001A5A07EEE57ADDED1B5A06EEE57A8DEDC4
:106900000C7A9DED1D7A67EE877A9DED1C7A57EE25
:10691000467A9DED1E7A46EEC77ACDED0D7AD5ED1D
:10692000097A94ED1A7AB4EEE77AF1EE10FA44BFE0
:10693000D5ED0A7A77EE877A94ED1E7A48BFC4EDDA
:106940001A7AD5ED097AB4EEE77AF1EE10FA44BF7F
:10695000D5ED0A7A77EE877A94ED227A48BFC4EDB6
:106960001E7AD5ED097AB4EEE77AF1EE10FA42BF5D
:10697000D5ED0A7A77EE877AC4ED227ADDED087AD2
:10698000F5EEC07AF1EE10FAC0F29C815FED477A25
:1069900028EE278A0BA9F1EE488AF0EE480A08464D
:1069A0000322B0EE680A0EF0FBF9D4ED1B6A9DEDF0
:1069B00017CA94ED1A3A9DED16DAD4ED1C3ADDEDC6
:1069C00018AA9DED1A9ADDED1DBADDED1CCA9DEDEC
:1069D0001EAA94ED1E7A94ED1D4AD4ED1F4AD4ED03
:1069E000217AD4ED205A94ED226ADDED199A9DEDBD
:1069F0001BBA26EE8C5A03EE0D5A1FAA114603EE5F
:106A0000AA5A304604F168058DED1F5A26EE895AC0
:106A100066EEAB6A43EE2C6A43EE8A6A03EE295AAD
:106A2000CDED216A6CEE076A4DEE046A4AEEA46A67
:106A300003EE8B5ACDED226A69EE076A2BEE877A58
:106A40000CEE847A0AEE247A49EE846A8DED247A7B
:106A50002CEE277A0DEE257A0AEE867A4BEE246A22
:106A60008DED257A29EE277A6BEEA77A09EEA57AC5
:106A70004CEEA57A0BEE067A4AEE067A8DED205A98
:106A8000CDED236A8DED267ACDED277A18F041FA07
:106A90009DED1F5ADDED087ADDED231A9DED0A7A92
:106AA000DDED245A9DED266ADDED250ADDED214A56
:106AB000DDED206A35EE275ADDED097A8DED1F5A9E
:106AC00071EEA71ADDED277ACDED231A77EE877ADE
:106AD0009DED227ACDED277A27EE874A65EE863A3C
:106AE00015EEA04A51EEA73A24EEA03A21EEA01AE4
:106AF00016EE071A27EEA62A15EE273A66EE847AD6
:106B000045EE237A61EEA42A44EE817A55EEA62A58
:106B100016EE242A65EE255A25EE066A54EE875AAB
:106B200016EEA06A26EE877A5FEDAD6AF4EEE67A9D
:106B3000F1EE10FA15EE217AC0F2CE805FEDB16A67
:106B4000F4EEE67AF1EE10FA00F2C6801FEDB40A18
:106B5000092110460EF044FBDDED226ADDED1F2A0F
:106B60009DED253ADDED235ADDED203A9DED264AD7
:106B70009DED246ADDED214A9DED275A66EEA97A46
:106B800042EE8D7A1FAA114643EE2C7A284626EE55
:106B9000297ACDED1F7A65EEA97A43EE8D7A44EE1F
:106BA0002C7A04EE8D7ACDED207A66EE897A42EE6B
:106BB0008C7A43EE2B7A05EE2C7ACDED227A65EEB7
:106BC000897A43EE8C7A44EE2B7A8DED217ACDEDE5
:106BD000237A66EE097A44EE8C7A45EE2B7A25EE1E
:106BE0008B7ACDED247A66EE8B6A66EE0B7A42EEF6
:106BF000AA6A03EEAA7A44EEAA7A43EE0A6A04EE7F
:106C00000A7A45EE0A7ACDED256A8DED267ACDED2C
:106C1000277A18F07EF9DDED0C7A9DED207A9DED56
:106C20000B6ADDED1F5ADDED0D6A27EE877A06EE61
:106C3000257A31461046DDED215A06EEA57AD4EDCF
:106C4000175A35EE877ADDED225A84ED177A9DEDDD
:106C5000237A27EE877A06EE257ADDED245A06EEB2
:106C6000A57AD4ED185A35EE877A84ED187A9DED21
:106C7000267A67EE877A9DED257A46EE077A9DEDB6
:106C8000277A46EE877A94ED197A77EE277AC4ED63
:106C9000197A18F03EF9294618F03BF9D1ED007A3F
:106CA000B2EC017A77EEC77AE1EC017A5145F5D181
:106CB00004F15C010322F0EE480AB0EE680A0846CF
:106CC0000EF06EF829B0BDEC0C8BBDE8F08F0321FF
:106CD00008A8BFEE000AAEE5C3EEA76ACDED1F6AB5
:106CE000C2EE276ACDED206AC2EEA76ACDED216A19
:106CF000C4EE276ACDED226AC3EE276ACDED236A82
:106D0000C5EEA76ACDED246AC1EE276ACDED256AEE
:106D1000C6EE276ACDED266AC7EE276ACDED276A53
:106D20001AE700BF70B52DED048BD3ED007AF5EEB8
:106D3000407AF1EE10FA8AB005460C4616460ED19E
:106D4000D3ED017AF5EE407AF1EE10FA07D1D3EDEA
:106D5000027AF5EE407AF1EE10FA00F0798106A998
:106D6000204618F047F9194603AA06A817F0DEFFD7
:106D7000AB7ADFEDD48A9FEDD48A002B00F0E2805D
:106D800010460321FFF708FADDED057A84ED550A78
:106D9000C7EE807A17EE900AE9F75EFC41EC100B23
:106DA00015F0ECFF51EC100BE9F786FF07EE900AA7
:106DB000F1EE677AC4ED567A95ED0D0AB4EEE80A65
:106DC000F1EE10FA0EDD04F5AE7304F5AA7000932F
:106DD0000190D6ED020A06F1700306F16402022169
:106DE00018F005F8D4ED4E7AD4ED555A95ED0F7A9A
:106DF00094ED566A75EEE74A27EE877AF0EEE46A7C
:106E0000F4EEC76AF1EE10FA40F1268194ED4F7A64
:106E1000D5ED106ADFEDAD3A36EE475A66EEA36A5D
:106E2000B0EEC54AB4EEE64AF1EE10FA40F1148134
:106E300096ED024AD4ED506A76EE846AC4ED506A4B
:106E400095ED144AF4EEC46AF1EE10FA0EDB00235D
:106E500084F82530D6ED186A44EEA67AC4ED4E7A51
:106E6000D6ED187A05EE277A84ED4F7A94ED527AB2
:106E7000D5ED0F7A75EEC74A67EE277AF0EEE46A31
:106E8000F4EEE76AF1EE10FA40F1EC80D4ED536ACB
:106E9000D5ED107ADFED8D3A36EE665A67EEA37ABD
:106EA000B0EEC54AB4EEE74AF1EE10FA40F1DA80EE
:106EB000032104F1F000FFF76FF9D5ED137ADFED50
:106EC000845A94F8253067EE887A87EEA56AB4EE86
:106ED000C60AF1EE10FAA1BF96ED026AD4ED547A1B
:106EE00077EE867AC4ED547AD6ED187A04EEA77A56
:106EF00084ED527AD6ED187A45EE276AC4ED536ACE
:106F000003B3D4ED547A95ED116AF4EEC67AF1EE3E
:106F100010FA0DDA94ED4E6AB5EE406AF1EE10FA11
:106F200010D195ED126AF4EEC67AF1EE10FA09DB93
:106F3000002384ED4E7AC4ED4F6A84F825302B6D22
:106F4000C4F840319DED039ADDED049AB0EE490A94
:106F5000F0EE690A1AF09EFDD4ED087ACDED028AB2
:106F600030EE670A02A884ED150AF0EE690AB0EE69
:106F7000490A0DF0B7FFD4ED087A9DED027A37EE9D
:106F8000677AB4EEC87AF1EE10FA72DDDFED516A7D
:106F900037EE667A84ED157AAB7A96ED087ACBB146
:106FA00094F82530D4ED516A002B6ED095ED156A1A
:106FB000F4EEC66AF1EE10FA8BBFD5ED166A96EDC7
:106FC000027A87EE267A37EE267A9CBF84ED517AD4
:106FD0009FED3C7A94ED146AB5EE406AF1EE10FA3A
:106FE0001DD0F7EE005A76EE255AB4EE476AC6EE8B
:106FF000256AF1EE10FAC4ED146AC8BFB0EE467A05
:1070000095ED016AD6ED025A26EE866AB4EE656AFF
:10701000F1EE10FA48BFF0EE686AC4ED146AD4EDE0
:10702000156A27EE267A77EE877AC4ED087A96ED10
:10703000026AC7EE066AF4EEC87AF1EE10FAC4ED01
:10704000166A32DD9FED237A77EEC77AC4ED087AAF
:107050000AB0BDEC048B70BD0123C4ED508A84F8E6
:10706000253003E7C4ED548AC4ED525A84ED536AC7
:1070700068E7DFED196AB4EEE67AF1EE10FA44BF84
:10708000DFED146A37EE267A84E7D5ED165A96EDD1
:10709000026A45EEC66AF5EEC06AF1EE10FAD8BF94
:1070A000DFED086AC4ED516A94E79FED0B7AF4EEC8
:1070B000C77AF1EE10FACBD59FED067A77EE877A94
:1070C000C4E700BF00000000DB0F494035FA8E3CEA
:1070D00000003443DB0FC940DB0F49C013B50A463B
:1070E0000C460146103017F0E8FD91ED080ADFED7F
:1070F000177A01A920EE270A68460DF075FE9DED6E
:10710000006A94ED035ADDED016AD4ED007AD4ED06
:10711000024A94ED017A65EE065A57EEA65A67EEDA
:10712000867AC4ED005A66EE245A56EE875A26EE49
:10713000077A06EEA47A46EE857AC4ED015A84ED0C
:10714000027AC4ED037A02B010BD00BFE02EE54123
:107150002AB1C36D1360036E5360436E9360D0ED2C
:107160001A6AD0ED1B7A90ED1D7A90ED216A91EDAF
:10717000090AF0EEE77AF0EEE66A76EEA76AD0ED5D
:107180001C7AF0EEE77A76EEA76AD0ED1E7AB0EEC2
:10719000C77AF0EEE77A37EE277AD0ED1F7AF0EE75
:1071A000E77A37EE277AD0ED207AB0EEC66AF0EEB5
:1071B000E77A77EE867A90ED226AF4EE476AB0EECF
:1071C000C66AF1EE10FA77EE867AC8BFB0EE667A3C
:1071D000F4EE477AF1EE10FA48BFF0EE477AB4EEDB
:1071E000670AF1EE10FAC8BFB0EE670AB5EEC00A42
:1071F000F1EE10FA06DBB1EEC00ADFED047A20EE04
:10720000270A70479FED020AF7E700BFD40237391B
:10721000000000000B68C3654B680366B5EEC00A4A
:107220008B684366F1EE10FA4FF0000313DDDFEDDB
:107230000A7AC36620EE270A036720EE000A436736
:1072400080ED1A0A80ED1E0AC367C0F88030C0F8CE
:10725000843080ED220A70479F0CB345F8B52DEDC0
:10726000028B9FED4B8A0C464FF480734FF07E5794
:107270008B8405460F6081ED018A81ED028A81EDE4
:10728000038A0F6181ED058A81ED068A81ED078A07
:1072900081ED088A04F12800B0EE480A0321164661
:1072A0000DF09EFF04F134000621FFF729F8B0EE3F
:1072B000480A84ED138A84ED158A84ED168A04F158
:1072C0005C00276503210DF08BFF736AA366A3673B
:1072D000C4F888302F4BC4F8F030C4F8F430C4F848
:1072E000F83084ED1B8A84ED1C8A84ED1D8A84EDC0
:1072F0001F8A84ED208A84ED218A04F18C001221FA
:10730000FEF7FEFF04F1D4000421FEF7F9FFB0EE12
:10731000480A04F1E40002210DF062FF84ED3B8A8B
:1073200004F1F000B0EE480A03210DF059FF04F11A
:10733000FC000621FEF7E4FFB0EE480A04F58A706F
:1073400003210DF04DFF04F590700621FEF7D8FFE4
:1073500084ED4E8A84ED4F8A84ED508A6B6DC4F8BB
:1073600044310D4B84ED538A84ED548A04F5AA70A0
:10737000C4F848310221B0EE480A0DF031FFBDECEF
:10738000028B04F5AE700421BDE8F840FEF7B8BFEB
:10739000000000000000C07F000080BFF8B52DEDA8
:1073A000028BD2ED018A0546144602F10C0095EDE0
:1073B000000AF0EE680A0E4602F11801FEF71EFF01
:1073C00094ED028A95ED010AF0EE480AFEF76CFF93
:1073D00084ED080AD5ED037A9FED3C7AD4ED000ADE
:1073E00067EE877A68EE876A67EEA77A2746C4ED6C
:1073F000097AD5ED047A86EEA76A04F1440104F116
:107400003800583784ED0A6AD5ED067A67EE877A38
:1074100067EEA77A67EEA75AC5EE866ADFED2C5AAB
:1074200076EEA76AC4ED0B6AD5ED077AF4EEE57A3D
:10743000F1EE10FAD8BFF0EE657AC6EEA75AC4EDA9
:107440000C5AD5ED087A67EE877A67EEA77A67EE71
:10745000A76A86EE867A77EE277AC4ED0D7A95EDE7
:107460000A0AFEF7CBFE04F14C0095ED0A0A3946F4
:10747000F0EE680AFEF7C2FE95ED0E0AF0EE480A3D
:10748000FEF712FF84ED180A95ED0D0AB5EEC00A5D
:10749000F1EE10FA04F1640004F170020DDD114602
:1074A000F0EE480AFEF7AAFEBDEC028B22463146FA
:1074B0002846BDE8F840FFF7D1BE0321FEF720FFC4
:1074C00002211046FEF71CFFEEE700BF0000C84295
:1074D000FFE6DB2E9FED0C7A82ED000AF4EEC70A80
:1074E000F1EE10FAB4EE471AD8BFF0EE400AF1EE12
:1074F00010FACCBFF0EE417AF0EE407AC2ED010A0C
:10750000C2ED027AFFF74ABF0000000030B50B4D14
:107510000A44914200D130BD11F8013B1C0984EAB4
:10752000107455F8244084EA001083EA107303F0C5
:107530000F0355F8233083EA0010EAE7EC2C030030
:1075400030B50D4DC0430A44914201D1C04330BD16
:1075500011F8013B83EA000404F00F0455F82440BD
:1075600084EA101080EA131303F00F0355F8233058
:1075700083EA1010E8E700BF2C2D030010B5094C7A
:107580000A44914200D110BD11F8013B5840030953
:107590000001E35CC0B2434018091B01205CDBB270
:1075A0005840EEE70E98030070B589B30668304680
:1075B00017F062FD012201460446304617F024FD13
:1075C000C30708D413491448AF2217F0D0FFAF21E6
:1075D000104817F0C3FF2146304617F02BFD251841
:1075E00029460022304617F00FFD2D1AAC4206D076
:1075F00008490948B72217F0BAFFB721E8E7214642
:10760000304617F01DFD2146BDE8704017F059BE09
:1076100070BD00BF1E980300F4880300B2F5802FF0
:107620002DE9F0410CD2042A20D83D493D484FF4C1
:10763000077217F09CFF4FF40771394817F08EFF5F
:107640000823D21ACC1D114424F0070421F00701AD
:10765000091B17294FEAD1060AD83149314840F2AF
:10766000252217F084FF40F22521E6E70423E8E70E
:10767000002704603146A660E760304617F00FFD32
:107680000121421D8046304617F000FD9200D51DB5
:10769000ED082844B0423AD8B8F1FF3FA2F11002F9
:1076A0003946B8BF3A4604F110001AF0B8F92A4634
:1076B0003946204617F0DCFC3B463A463946204620
:1076C00017F0ADFCA6EB050820463946012217F05D
:1076D000B7FC4246294617F0CBFC2B463A462946D2
:1076E000204617F09CFC3146204617F0C1FC43466B
:1076F0003A463146204617F092FC31462046012298
:1077000017F09EFC2946BDE8F04117F098BD0449EA
:10771000044840F23A2217F02AFF40F23A218CE75F
:107720001E980300F48803002DE9F04F91B0840700
:10773000009302F004030293C2F3C20303F10103B6
:10774000DDF86880039205460E46059340F0E1811E
:10775000041D30B1072909D86FF01B0011B0BDE836
:10776000F08F01F007063444C6F10806009B4FF085
:107770000009591E4FF0040A4FF0FF330193CDF872
:1077800010904F46CB4653460DB1009820600598A7
:10779000002800F3D7809C48009A824203D39B487C
:1077A0008242C0F0CF80039AA4EB050E92074FEA05
:1077B0009E0040F1DE804FF0000CCCE07A285DD8CE
:1077C0004B280ED8472859D829282DD8252852D0FB
:1077D00054D820287AD02338D0F1000B4BEB000B83
:1077E00074E04C382E2849D8DFE800F0704848484B
:1077F00048484848484848484B4848484848484806
:107800004859484B4B595959704B6D487048184B63
:1078100018484883804B48484B48800000204FF070
:10782000000B4FF0040A38E02A38C0B2012202FAF5
:1078300000F010EA0E0F49D110F0625C2FD110EA6F
:10784000020B43D06046013C5444B4FBFAF40AFBFB
:1078500004F4002D60D0A3EB050CA444B4453FF61E
:107860007BAF002867D1042B48D158F8043B236034
:10787000043404232AE0019A013A01924FF0000BEC
:1078800024E011F8010C6C2835D111F8023C0020DD
:107890006C2B8346C5D14FF0080A5346D3E708F155
:1078A000070828F007080734F8E802AB24F00704BB
:1078B00035B106982044B0423FF64EAFC4E900AB64
:1078C00008344FF0000B4FF0080A534611F8010F2F
:1078D000002800F0AA80BBF1000F7FF46FAF2528CD
:1078E000F4D1019B013301934FF0010B4FF0040AD7
:1078F000EBE7584693E700208346A4E7082B40F0C7
:107900008B8008F1070828F00708B8EC027B84EDAB
:10791000007B08340823D9E768B9042B02D108F1A9
:107920000408A5E7082B77D108F1070828F0070815
:1079300008F10808EDE705980138059058F8040BA0
:10794000009021E7039A900744D5A4EB050E4FEA77
:107950009E004FF0010CBEF5007F1BD32C492D4833
:107960004FF41F7217F003FE4FF41F71284817F0F1
:10797000F5FD0F2F10D8002D38D007F140020DEB88
:10798000020C019A0CF8200C0CF8102C0498013011
:1079900004901EE00F2F08D91D491E4840F2812295
:1079A00017F0E5FD40F28121E0E7D5B107F1400293
:1079B0000DEB020EC0B2019A0EF8200C0EF8102C3E
:1079C000BCF1000FE2D060F07F000EF8200C09F14E
:1079D00001090137C5F10802043406924FF6DA7E38
:1079E00074E7BCF1000F01D00136F2E7029A0236CB
:1079F000002AEED10098CDE90631E9F761FADDE918
:107A000006310644E5E700BFCC1A03001CC503009D
:107A100041980300F48803003F49404840F2C622E1
:107A200017F0A5FD40F2C621A0E7631BB3F5806FF8
:107A300008D33949394840F2D22217F098FD40F274
:107A4000D22193E71DB9A6F10804E01886E6029A50
:107A500028609B082B709DF81030C2B1EB7085F840
:107A60000290B9F1000F05D008A80022C5F1010C61
:107A700097420ED1C5F101030DF120084FF0000A25
:107A800001930DF1300B574512D1601B66E66B7008
:107A9000E5E710F8013B190608D50CEB040EB645D6
:107AA00003F07F033FF658AE04F8013B0132DFE7F5
:107AB000B9F1000F03D098F90020002A17DB029BD0
:107AC000D3B11AF80B2004F8012B0022019B1819DE
:107AD0001044B0423FF640AE98F8000004F8010BA5
:107AE00000990392204619F072FF039A14440AF198
:107AF000010A08F10108C6E798F8002055F822307D
:107B00000093029B45F822300098E9F7D9F9421C0E
:107B1000DCE76FF00D0021E641980300F4880300D4
:107B20002DE9F04F97B000AF8946D7F880B0FA62E0
:107B30003B62044650B9A849A84840F2993217F070
:107B400016FD40F29931A44817F008FDCBF3C003AD
:107B500090F802A07B6141B9457800780AEB80007B
:107B600020444D4517D8A0EB0409E378FB61BAF136
:107B7000000F02D01BF0010F16D1FB6953BBFB6A4B
:107B80001BB13A6A4946204698474D4628465C371D
:107B9000BD46BDE8F08F461C3046E9F791F901304B
:107BA000304409F10109DCE7237862687A62FA6AF5
:107BB0009900B96104EB8301002A40F001814D4630
:107BC0000E4601EB0A094FF000084E454CD101EB7F
:107BD0000A0610E01BF0020FD1D023789A00BA6198
:107BE00062687A62FA6A04EB8301002A77D14D4613
:107BF00001EB0A0690461BF0050F0CBF0223012380
:107C0000FB62FB6906EB430A0BF00203BB625645BD
:107C1000BCD016F8021B16F8013C54F82390704BA8
:107C2000994502D36F4B994536D37B69002B40D0E1
:107C3000786A17F0EEFB00283BD0E9468AB06A4626
:107C4000694B53617B6AC2E906314FF400731384B8
:107C5000664B42F8103F664800234FF4125102F081
:107C6000FBF8023DCD46D2E716F8013BF96254F825
:107C70002300E9F725F9D7F88430F96A01304BB1D0
:107C8000D7F8883098453EBFD7F8843023F81800DD
:107C900008F10108054498E77B6923B1786A17F079
:107CA000B8FB0028C9D11BF0010F05D1FB6AED1A02
:107CB000ADE7BB6A002BAAD04846E9F701F9D7F82F
:107CC000843053B1D7F8883098453FBFD7F8842027
:107CD000431C22F8183008F10108054497E7BAF16F
:107CE000000F73D01BF0040873D0D04607F1480092
:107CF000002652463B61B96219F069FEB96A3B69D8
:107D000001EB0A02BA62FA69F9695200FA60BA6ACA
:107D100002EB41023A610BF00202BA60BA6A3969B9
:107D20008A4267D162787A621BF0020F32440CBF3C
:107D30004FEA580100211BF0010FD2B240F0DF8062
:107D40001BF0040F14BF404600207B616270A070DE
:107D5000E1703A6AB969FB6A20469847051EFFF64A
:107D600015AF7B6923707B6A6370FB69E3704146E2
:107D70003A6AFB6A84F802A007F148009847B0F11C
:107D80000008C0F2F080BB693A6AA9EB0A01C91A7F
:107D9000FB68C91AD7E90A0398470028C0F2E580B2
:107DA000A84408EB00054FF0000B07F1380AB34573
:107DB000C0F0A78000213A6AFB6A08469847E5E6CA
:107DC000564607F138004FF0000892E7D046564675
:107DD00096E7464694E700BF41980300F488030005
:107DE000CC1A03001CC503006F98030004000001B7
:107DF00084240300BA6A12F8021BBA6212F8015C0A
:107E00005B4A54F82500904202D35A4A904217D355
:107E10007A693AB1786A7B6017F0FBFA7B680028D0
:107E20007FF47CAFBA68002A49D00F2E3DD9524961
:107E3000524840F24D4217F09AFB40F24D4182E623
:107E40007A693AB1786A7B6017F0E3FA7B680028B8
:107E50007FF464AF1BF0010F0AD00F2E25D94649DD
:107E6000464840F2434217F082FB40F243416AE643
:107E70001BF0040F3FF452AFB8F10F0F08D93E4981
:107E80003E4840F2464217F072FB40F246415AE645
:107E900008F1280207F1300008F1010102EB0008A7
:107EA00008F8105C5FFA81F838E706F1280207F15C
:107EB0003000711C161806F8205CCEB22EE7B8F11F
:107EC0000F0F08D92C492D484FF48A6217F04FFB49
:107ED0004FF48A6137E608F1280207F1300C08F107
:107EE0000100944407F1580252FA80F008F10208A8
:107EF0000CF8101C5FFA88F800F8105C0EE7002000
:107F000023E71BF80A3087F8373054F82390D7F866
:107F100084302BB3D7F888309B4521D2D7F88430F2
:107F200033F81B803A6AFB6A012107F13700984752
:107F300000281ADB0544B8F1000F06D14846E8F7DF
:107F4000BFFF00F101081FFA88F83A6AFB6A414650
:107F500048469847002808DB05440BF1010B26E74B
:107F60004FF00008DEE7454610E605460EE600BF86
:107F7000CC1A03001CC5030041980300F4880300D9
:107F8000014B1860704700BF5809002030B587B01A
:107F90000025CDE903010446009503A90548059590
:107FA000ECF75AFFDDE904309842B8BF255407B01A
:107FB00030BD00BF61F40200F0B5094E0168024611
:107FC0000A2700200B4601311C78355D6D0701D46E
:107FD0001360F0BD07FB0043A3F13000F2E700BFE0
:107FE0001CC403002DE9F84F15469A46D378234A5E
:107FF00012F803B06F2B81460F460BF0030B2BD00A
:1080000026D8582B0CBF10260A26DDF828803246C9
:10801000002348463946E8F7EFFE092A08F1FF3801
:10802000D4B21ED83034B145E4B277F1000788F8F5
:10803000004001D3D04511D82B789B0605D5082EDA
:1080400015D1AB7843F00803AB704046BDE8F88F1C
:1080500003F0F703702BD5E70826D6E781460F46D5
:10806000D5E7BBF1010F0CBF37345734DBE7102ED7
:10807000EBD1AB7843F01003E6E700BF1CC403006C
:1080800038B50D4604462022002119F0C8FCEB68E3
:10809000E361AB68A3612B6823626B6863620022B3
:1080A000A2622A6923B1591E194208BF42F0010297
:1080B00022610122002104F12C0019F099FB40B14A
:1080C000044905482F2217F052FA02482F2117F0D1
:1080D00045FA38BD29990300F48803002DE9F04FD3
:1080E00089B0CDE90123436A00268B4204468846C5
:1080F00005960796B24652D300F114074FF0400B95
:10810000EFF3118300938BF31288BFF36F8F384620
:10811000DDF8009013F09EFD40B94649464888229C
:1081200017F025FA8821434817F018FA384613F05B
:10813000B5FD079A2AB13146204617F0FFFA002311
:10814000079306A9204617F01FFA069941450546F0
:108150002ED32268236A13F8221021F0030103F8BA
:10816000221003EB820A21684246204617F030FABB
:10817000E3682060984216D00025384613F078FD59
:1081800050B389F31188BFF36F8F059929B1A369A3
:108190000BB12046984700230593002DB0D15046DF
:1081A00009B0BDE8F08F236943F008032361E3E7DA
:1081B00018B1204617F026FADFE7DDE90132134354
:1081C00030D0039119F042FB039958BB009B4BBB85
:1081D000384613F04DFD40B91649174840F23112A8
:1081E00017F0C5F940F231119DE785F31188BFF30F
:1081F0006F8FDDE9012304F12C0011F0E5FE054647
:10820000EFF311898BF31288BFF36F8F384613F0A9
:1082100021FD002881D03846B5FA85F513F03EFDE2
:108220006D09AAE707AB05AA2046266817F007FAEA
:108230000546A2E74F990300F48803002DE9F041B9
:108240000446C36908460D46984704F114060746DC
:10825000EFF31188402383F31288BFF36F8F30460A
:1082600013F0F8FC40B916491648882217F07FF938
:108270008821134817F072F9304613F00FFD2B7860
:1082800043F001032B7061683A46204617F0A0F9CD
:108290006060204617F06DFA304613F0E9FC40B9F3
:1082A0000749084840F2311217F061F940F23111E4
:1082B000DFE788F31188BFF36F8FBDE8F08100BF5F
:1082C0004F990300F48803002DE9F843044600F1B8
:1082D0001407EFF31188402383F31288BFF36F8FE5
:1082E000384613F0B7FC054640B93049304888227B
:1082F00017F03DF988212D4817F030F9384613F072
:10830000CDFC2369A26813F0080F02D163689A427A
:1083100000D9636A9B1A002B3AD0216A11F82230E7
:1083200013F0030001EB820935D0022803D151F884
:108330002260B60805D1D8071AD4E36948469847A1
:108340000646A1683246204617F042F93146A06041
:10835000204617F04BF9384613F08AFCE8B9134968
:10836000134840F2311217F002F940F23111C2E71E
:1083700043F0020301F822304846E369A5689847B4
:1083800029460246204617F023F90025A060E2E7BF
:108390001D46A946DFE70546FBE788F31188BFF3D2
:1083A0006F8F002D95D14846BDE8F8834F990300A3
:1083B000F48803002DE9F0410446C36908460D46E0
:1083C000984704F114070646EFF31188402383F31E
:1083D0001288BFF36F8F384613F03CFC40B9234935
:1083E0002348882217F0C3F88821204817F0B6F8F0
:1083F000384613F053FC2B786FF300032B7023697E
:108400009B0705D5E268236A03EB82039D421DD1D9
:108410002B786FF341032B70D4E90231994204D1D8
:108420003246204617F0D4F8A0603146204617F0B7
:10843000DDF8384613F01CFC68B90C490C4840F2D2
:10844000311217F094F840F23111CEE72B6866F341
:108450009F032B60EDE788F31188BFF36F8F04F162
:108460002C00BDE8F04111F04BBD00BF4F99030057
:10847000F488030070B5044600F11405EFF311868B
:10848000402383F31288BFF36F8F284613F0E2FB7B
:1084900040B916491648882217F069F88821134810
:1084A00017F05CF8284613F0F9FB2369A06813F075
:1084B000080F02D1636898420ED9646A241A2846CC
:1084C00013F0D6FB50B90949094840F2311217F0B0
:1084D0004EF840F23111E2E71C1AF0E786F31188FA
:1084E000BFF36F8F201E18BF012070BD4F9903008E
:1084F000F488030008B50446EFF31183402383F3A7
:108500001288BFF36F8F0BF02DF9204604F094FF13
:10851000024816F0B9FF17F05BFFFCE77C990300F7
:108520002DE9F043079D15B91560002012E00324E2
:10853000B5FBF4F404EB4407BD4218BF0134B4F1B9
:10854000804F09D2A40001348C4200D838B914609D
:108550006FF00B00BDE8F0834FF0FF34F7E7DFF872
:10856000BCE004460021B94203F1030C04F1040607
:108570002CD3A942274624D21F7801F1010CAC4527
:10858000264938BF5B784FEAA70E28BF002311F8B1
:108590000EE084F800E0AC4501EB131E3CBF9B00ED
:1085A00003F03C034FEA071707F0300738BFCB5CF6
:1085B0001EF80770677028BF3D23A3703D23E3704A
:1085C0003746381A002310603B70AEE71CF8034CA6
:1085D0001CF8023C1CF8018C4FEAA40924011EF887
:1085E000099006F8049C04F030040EEB13199B006C
:1085F00019F8044006F8034C03F03C030EEB981402
:1086000008F03F08E35C06F8023C1EF8083006F864
:10861000013C033134466346A5E700BF259A0300B9
:108620002DE9F043DDF81CE0DFF82C8100273C4603
:108630003D4675451FD3E4BB14600020BDE8F083C0
:108640000136764533D013F806C0BCF1200FF7D0C1
:10865000AEEB0609B9F1010FA6EB05050DD0BCF193
:108660000D0F0AD103EB060999F80190B9F10A0F31
:108670006ED1751CDDE72E46E3E7BCF10A0FF8D09A
:108680002DB9BCF13D0F05D10137022F0DD96FF087
:108690001500D3E71CF0800FF9D118F80C507F2D8E
:1086A000F5D03F2D01D8002FF1D10134E1E7354657
:1086B000C1E704F007064FF0060CE4080CFB06F6D1
:1086C0000CFB04F40736E41B04EBD60470B18C42B7
:1086D0000CD80027DFF880E0DFF880801D440146D9
:1086E00003263C469D4205D10C1AA5E714606FF0A5
:1086F0000B00A3E713F8019BA9F10A0C5FFA8CFCAD
:10870000BCF1160F04D848FA0CFC1CF0010FE9D09C
:108710001EF809C00134BCF1400F08BF013E0CF047
:108720003F0C042C4CEA8717DCD17EB13C0C012EA7
:108730000C7002D101310024D4E7022E4FEA172435
:108740004C7016BF8F7002310331F4E73446C9E72D
:10875000002DA2D09BE700BFA5990300F6FFBFFF45
:108760002DE9F84F04460846A38B1907164612D484
:10877000022803F0070162D1204617F02CF888B1D7
:108780000138042800F22581DFE810F059002301A8
:108790007E00C800F50001280CBF43F0100143F033
:1087A0002001A18304F1140013F062FA002800F004
:1087B000AB8086F31188BFF36F8FBDE8F88F03F0AD
:1087C0000702501F01281ED80020062A2768C4E986
:1087D000000014D13A4603E0E08B0130E0831268D8
:1087E000002AF9D123F0070343F00202A2832046B6
:1087F00016F0F1FF90B342F02002A2832EE023F0A6
:1088000007039AB2F2E7042A33D123F007039AB29E
:10881000A283204616F0DFFF10B142F02002A283AF
:10882000A38B03F00709894540F0DC80A18BCA06C1
:1088300040F1218121F01003A38301F00701D4F856
:108840001880A38BB8F1000FB9DA0022276823F053
:108850000703C4E9002243F00103A383A38B03F0C1
:108860000709894540F0BF80002FDFD00025AA46C8
:1088700040E08549854840F21B1216F078FE40F230
:108880001B11814816F06AFE41B17F497F484FF4C1
:10889000AB7216F06CFE4FF4AB71F2E7236843B98C
:1088A00079497A4840F2571216F061FE40F25711AA
:1088B000E7E723691D6845B9734974484FF4AD7201
:1088C00016F055FE4FF4AD71DBE7A38B23F00703E1
:1088D00043F006039BB2A3830F4688464FF0060978
:1088E000A268002A40F08180002F40F08180002D96
:1088F0009CD0BA4643F0080304F1140BA3835846F6
:1089000013F0B6F9002875D16149604840F2311280
:1089100016F02DFE40F231115D48B3E7022908D070
:1089200059495A4840F25D1216F021FE40F25D119D
:10893000A7E7E78B47B1544954484FF4AF7216F09C
:1089400016FE4FF4AF719CE723695D6845B94E4947
:108950004E4840F2611216F00AFE40F2611190E7B3
:10896000A38B23F0070343F004039BB2A383B84611
:108970004FF00409B4E7012908D0434943484FF4B4
:10898000B27216F0F4FD4FF4B2717AE7236843B97E
:108990003D493E4840F2651216F0E9FD40F265118E
:1089A0006FE723699D6845B9374938484FF4B47279
:1089B00016F0DDFD4FF4B47163E7A38B23F00703DA
:1089C00043F005039BB20027A383B8464FF0050987
:1089D00086E72D492D4840F26B1216F0C8FD40F293
:1089E0006B114EE7002700257AE74FF0010A81E777
:1089F00092467FE786F31188BFF36F8FBAF1000FBD
:108A000016D147BB15B123492046A847EFF311867D
:108A1000402383F31288BFF36F8F584613F01AF97F
:108A200008BB1B491948882216F0A1FD882173E76D
:108A3000A1680029E5D00E680029E2D0D1F804A091
:108A400043464A462046D0471EB1336831461E464B
:108A5000F2E73346FAE7394643464A4620463F683E
:108A600016F0E5FECDE7584613F018F9A38B23F076
:108A70000803A383DAE68B067FF594AE21F020038A
:108A8000A38301F0070177E6659A0300F4880300E9
:108A90004F990300998A0100F8B504460D4600F18C
:108AA0001406EFF31187402383F31288BFF36F8F0F
:108AB000304613F0CFF840B909490A48882216F029
:108AC00056FD0748882116F049FD304613F0E6F8B8
:108AD000A5613A4620460121BDE8F840FFF740BEB7
:108AE0004F990300F48803002DE9F04704460F4630
:108AF00016F08DFE051E5DDB04F11409EFF3118AFB
:108B0000402383F31288BFF36F8F484613F0A2F817
:108B1000804638B933493448882216F028FD882128
:108B200030483CE0484613F0B9F8E38BA68B4FF68B
:108B3000FF72934206F007063FD0022E10D1013398
:108B4000E3833546484613F093F800283BD1254986
:108B5000254840F2311216F00AFD40F23111DFE7EC
:108B6000062E13D8DFE806F0092C121209040900BA
:108B70006FF085054FF00008E4E700233B60636871
:108B80007BB9C4E900777EB13546F3E7174916484B
:108B90004FF4E47216F0EBFC14484FF4E47116F055
:108BA000DDFC1F606760EEE7524602212046FFF7BA
:108BB000D7FD35462846BDE8F0876FF00A05D9E7AE
:108BC0006FF00405D6E78AF31188BFF36F8FB8F111
:108BD000000FEFD0002332463946204616F027FE1C
:108BE000E8E700BF4F990300F4880300659A03008B
:108BF000F8B5054600F11406EFF31187402383F31F
:108C00001288BFF36F8F304613F024F838B920492B
:108C10002048882216F0ABFC88211D4825E030460C
:108C200013F03CF8AC8B04F00704022C12D0012C9A
:108C30000CBF6FF004046FF08504304613F018F891
:108C400008BB1349134840F2311216F090FC40F271
:108C50003111E2E7EB8B53B90F490E4840F2EF12A6
:108C600016F085FC0C4840F2EF1116F077FC013B42
:108C70009BB2EB83002BE0D13A4621462846FFF712
:108C80006FFD2046F8BD87F31188BFF36F8FF8E7BB
:108C90004F990300F4880300659A03002DE9F04121
:108CA0000E460546002845D0002943D000F11407A0
:108CB000EFF31188402383F31288BFF36F8F384698
:108CC00012F0C8FF38B91D491D48882216F04FFC24
:108CD00088211A4816E0384612F0E0FF314628464F
:108CE000AC8B16F05DFD78B104F00704231F022B56
:108CF0000CD91449124840F22D2216F038FC1148C4
:108D000040F22D2116F02AFC6FF07704384612F05D
:108D1000AFFF40B909490A4840F2311216F027FC6A
:108D200040F23111D5E788F31188BFF36F8F2046E9
:108D3000BDE8F0816FF01504F9E700BF4F9903001B
:108D4000F4880300659A030008B54268816002F068
:108D50000302032A034602D02AB1002000E0006883
:108D600000225A6008BD04490448452216F0FFFB62
:108D70000148452116F0F2FB8A9A0300F4880300AB
:108D80002DE9F34106460F4615464FF000082A46E6
:108D900001A9304616F09DFD044640B10246394611
:108DA000019818F014FE2D1BA0442744EFD1424631
:108DB000311D304616F0ABFD40B106490648482249
:108DC00016F0D5FB0348482116F0C8FB404602B018
:108DD000BDE8F081B09A0300F48803002DE9F34167
:108DE00007460E4615464FF000082A4601A93846A8
:108DF00016F07EFD044648B12EB102460199304678
:108E000018F0E5FD26442D1BA044EED1424607F1A3
:108E10000A01384616F07BFD40B106490648632238
:108E200016F0A5FB0348632116F098FB404602B0FC
:108E3000BDE8F081B09A0300F48803002DE9F74300
:108E40000F4606460821C06ADFF8509016F0E5FD8F
:108E50003C68241A80463C6004EA0905AC4203D809
:108E6000002003B0BDE8F08308236A46214630465F
:108E700016F084FD0028F4D16946304616F0D7FD7F
:108E800040B1BDF80230BDF804203C6005EA090598
:108E900013441D44A4EB0804E0E700BF0000FFFFFB
:108EA00073B504460821C06A124E16F0B6FD4FF69F
:108EB000FF726368ADF800208DF80620A2891918AA
:108EC00033401344181A002560606846ADF802105C
:108ED000ADF8045016F098FD6946204616F08FFE56
:108EE0002046211D16F083FD636828463340A360A9
:108EF00002B070BD0000FFFF38B5057C04461DBB05
:108F0000082000F0C9FD40B1104B4361104B836154
:108F10000323037445748574C5740E4900234FF40C
:108F2000C25216F0D2FF6FF00C0038BD2904204663
:108F300016F0BAFD01350028F7D1E289ABB29A42AA
:108F4000F4D800202074F0E70025F6E7DB9A030050
:108F50000F9C0300D42403002DE9F04704468AB097
:108F600000F11407384618F025FCA06A8368DB6816
:108F700098470546E06268B9082000F08DFDF8B119
:108F8000A54B4361A54B836103230374457485742A
:108F9000C57415E0A06A8368DB6898470368013BE5
:108FA0001F2B19D9082000F077FD48B19C4B436175
:108FB0009A4B836103230374002343748374C37443
:108FC000984900234FF4C25216F07FFF6FF0150549
:108FD00028460AB0BDE8F087A06A216807AA17F002
:108FE00086FB30B1082000F057FD0028E8D08E4BFA
:108FF000DDE7A5892DB1089BB5FBF3F203FB125504
:1090000035B1082000F048FD0028D9D0874BCEE7C5
:10901000E389012B06D8082000F03EFD0028CFD0C0
:10902000834BAEE7E36A019593F805804FF0FF3379
:109030004FF0FF32384610F0CFFCE06A082116F0FE
:10904000ECFCA9460646E3891FFA85FA534521D868
:10905000E3894B4551D1062000F01EFD38B1754B18
:10906000436102230374002343748374C3746D4902
:1090700000234FF4845216F028FFA289E389A06AE6
:1090800021685A4317F076F9054608B3384610F0C0
:1090900059FD9DE7A1892B04891B13FA81F14246F2
:1090A00008232046019116F077FC78B101A92046EB
:1090B00016F09DFC09F1010901990823424620465A
:1090C0001FFA89F916F068FC0028C1D00135BAE70B
:1090D000A389E2899B1B013A9BB203EB02430193F4
:1090E000019908234246891B204616F055FC30B9E9
:1090F00001A9204616F07BFC01E05345F0D001A900
:109100002046FFF79BFE05460028BFD1019B636008
:109110004FEA13494FEA0949C4F80890D4E901130A
:1091200099420FD3082303AA204616F027FC0546D0
:109130000028ABD103AB13F8012B904535D1013595
:10914000082DF8D163681B0C1B0401A9204601936C
:1091500016F04DFCA38901994246204616F01CFCEE
:10916000051E93DB636800F0928006EB03084FF660
:10917000FF79A389CDF804801FFA88F29B1B9A42DD
:109180002FD300236168002B56D0090C09040191EC
:10919000204601A916F02BFC0199204616F084FC0C
:1091A0000546002D00F0918070E703A9204616F0D7
:1091B0003EFC626810B9921B6260AFE7BDF81050C8
:1091C000BDF80E10E06AC4F80890294416F025FC9A
:1091D00048449042A060EED1002DECD06FF01C0509
:1091E000A9E0082305AA4146204616F0C7FB05461C
:1091F00000287FF44BAF05A9204616F018FC30B1CB
:10920000BDF814304B4502D1BDF818300BB1B04455
:10921000AFE70123B6E700BFF39A0300059C030004
:10922000199B0300D42403003A9B0300569B0300C0
:109230006E9B0300959B0300204616F035FC054607
:1092400000287FF423AF6368414AA18913400B448F
:10925000A3EB46031A40A260636004F12C0204F5FC
:109260000B7142F8043F9142FBD1204616F0FBFC03
:1092700096E75B1A4246204616F08EFB051EFFF667
:1092800005AF08D0E26AA36812681344A360D4E96A
:1092900001318B42EDD86168A38901EB46029A4205
:1092A0007FF47FAFDFF8A880A26801EA08039A4242
:1092B0003FF477AF204616F0F7FB054600287FF411
:1092C000E5AE636803EA0803A3604FF40072FF2170
:1092D00004F1300018F0A3FB636802934FF6FF78A7
:1092E00005AA02A92046DDF8089016F005FC0546FF
:1092F00000287FF4CBAEBDF8140040450DD016F029
:1093000020FB04EB80052B6B013306D105A9204619
:1093100016F08DFB08B1C5F830906368029A93424D
:10932000DED1A2899BB2A2EB4602934208D120462D
:1093300016F082FC0546384610F004FC1DB147E6E5
:10934000384610F0FFFB01232374002540E600BFE0
:109350000000FFFF2DE9F04F91B0067C019204461A
:109360000F461D46C6B9082000F096FB40B1744B6D
:109370004361744B83610323037446748674C6741B
:109380004FF4C2527049002316F09FFD6FF00C029B
:10939000104611B0BDE8F08FC26A0821104616F0E1
:1093A0003CFB29460290104616F037FBA389029A2F
:1093B000A3EB8203AB420646C0F0BF8055B93846E6
:1093C00016F0BFFA0C3054F82030059301334DD11C
:1093D0000022DDE7019B002B00F0AF80384616F03D
:1093E000B0FA0C3054F82030059301333ED1002EF2
:1093F00040F08D8004F1140A4FF0FF324FF0FF333C
:10940000504610F0E9FA4FF00009E389994500F061
:109410009180A168626873189A427CD3FF23019AF5
:109420008DF8263020462B46ADF82210ADF820707E
:10943000ADF8245016F0AAFB29460246E06A16F061
:10944000ECFAA3680344A36052B908A816F0DCFA4A
:1094500008A9204616F0D3FB002814BF02462A466E
:109460000192504610F06EFB019A91E706AA05A9F9
:109470002046DDF814A016F03FFB0246002887D1F5
:10948000BDF81830BB4206D06268059B9A42EDD108
:10949000002DACD19CE706A9204616F0C8FA00289A
:1094A000F2D0BDF81A90BDF81C304DB39D429ED14C
:1094B000E36ADDF804B01B684FEA1A4A5B424FEAE0
:1094C0000A4A03F02003D1440393AA46039B534561
:1094D00028BF534608AA49462046984616F04EFA39
:1094E000021E11D1424608A9584618F060FA002819
:1094F0007FF47DAFBAEB080AC144C344E6D167E705
:10950000002B7FF474AF63E73FF771AF40E7029B36
:109510001E44B6B26EE72046FFF7C2FC02460028A2
:109520009ED1204616F09FFB0246002898D109F1F3
:1095300001096AE76FF01B0292E76FF0150227E757
:10954000DB9A0300FB9B0300D42403002DE9FF47B3
:10955000057CBDF8309004460E4690461F46BDB9C6
:10956000082000F099FA40B1354B4361354B8361D7
:109570000323037445748574C574334900234FF481
:10958000C25216F0A2FC6FF00C0004B0BDE8F087E8
:10959000C06A082116F041FAA389A3EB4003BB423D
:1095A0004AD3304616F0CDF90C3054F820A0CDF84F
:1095B00004A0BAF1FF3F1AD16FF00100E5E702AA5B
:1095C00001A9204616F098FA0028DED1BDF808302F
:1095D000B34206D102A9204616F029FA08B1013596
:1095E000ADB26268019B9A4202D1514608E0002563
:1095F0004D455146DDF804A0E1D96368534503D1D8
:10960000BDF80830B342D7D1BDF80C30002BD3D011
:10961000A945D1D8BDF80A00090CBB424FEA014167
:1096200028BF3B4601444246204616F0A7F90028D1
:10963000ABD1BDF80C00A8E76FF01500A5E700BF9F
:10964000DB9A0300ED9B0300D424030070B5057C76
:1096500086B00446B5B9082000F01EFA40B12C4B84
:1096600043612C4B83610323037445748574C57473
:10967000294900234FF4C25216F027FC6FF00C006A
:1096800006B070BDC06A082116F0C7F9A589E38944
:10969000A5EB4005013B5D4363680093064602AAC3
:1096A0006946204616F028FA0028E9D1636801933C
:1096B00004AA01A9204616F01FFA0028E0D1BDF83F
:1096C0001020BDF808309A4203D06268019B9A428C
:1096D000EED102A9204616F0AAF9009A48B1BDF8C9
:1096E0000C1059B9BDF808104FF6FF73994200D11C
:1096F000AD1B63689342D2D12846C1E7019B9342D8
:10970000F7D1E06A16F089F9AD1B2D1AF1E700BF19
:10971000DB9A0300D99B0300D424030010B5047C1A
:109720000246ACB9082000F0B7F940B10D4B4361D7
:109730000D4B83610323037444748474C4740B4914
:1097400000234FF4C25216F0C0FB6FF00C0010BDA6
:10975000C06A082116F061F9D2E901329B1A181A81
:10976000F5E700BFDB9A0300C09B0300D42403008D
:1097700030B51049104889B0002218F0DEF80F4DBE
:109780000F4900220023CDE9062300240E23CDE952
:109790000334CDE901440B4B00944FF4806228461A
:1097A00011F05AF80849284610F0DEFF204609B0AB
:1097B00030BD00BF01990100502D00206826002017
:1097C00000890020159C0100209C03002DE9F04732
:1097D000DFF85880044607464FF0010914B93846AF
:1097E000BDE8F08794FAA4F5B5FA85F509FA05F312
:1097F0002E0108EB05156FEA030A24EA03042B7B0C
:10980000002BEBD058F806301B694BB946440422B4
:1098100073682846196807EA0A0716F037FBDDE780
:10982000284698470028D9D1F0E700BF1426030046
:109830002DE9F047DFF8C4902C4CA9EB04038F2BE3
:1098400080460F460AD92A492A484FF4A77215F0D4
:109850008EFE4FF4A771264815F080FE264816F0BC
:10986000F5FA064658B300252846BDE8F087237B65
:1098700083B12368DB680BB120469847636883F89F
:1098800006A023681B6993B96368042219682046FF
:1098900016F0FCFA013610344C4514D91449154819
:1098A0004FF4AD7215F063FE4FF4AD71D3E720466F
:1098B00098470028E8D00AFA06F31D43EAE7054670
:1098C0004FF0010AE8E7D2D3B8F1000FCCD0002D59
:1098D000C9D02846FFF77AFF0546002FF7D00021B0
:1098E0004FF4A47011F06EFEF1E700BF14260300E0
:1098F000289C0300F4880300743A002034260300F7
:10990000014810F0FDBA00BF080E0020014B53F8CB
:1099100020007047802D030008B5034608462BB190
:10992000044A136000F0B4FD002008BD6FF015007C
:10993000FBE700BF5C09002010B5044C237813B985
:10994000034810F0DDFA0123237010BDD05B002026
:10995000080E002010B504460B4816F077FA5CB1EB
:10996000BFF35B8F094B53E8001F013943E8001236
:10997000002AF8D1BFF35B8F054817F0EAFF0548CE
:10998000BDE8104010F0BCBA6C3A0020703A0020DC
:10999000502D0020080E00200020064BBFF35B8FE7
:1099A000014653E8000F43E80012002AF9D1BFF343
:1099B0005B8F70476C3A002070B5FFF7EDFF0E4CDF
:1099C0000E4E0546B44215D90D490E4840F20E22FE
:1099D00015F0CDFD0A4840F20E2115F0BFFD636879
:1099E0005B792BB123685B6813B129462046984701
:1099F0001034E7E7F3D370BD1426030034260300C8
:109A0000289C0300F488030010B5044C0449204648
:109A1000FEF736FB034B1C6010BD00BF080D002095
:109A20006C2D0300603A0020134A1448002310B53F
:109A30001370134A1360134A4FF400411360FFF789
:109A40006BFFFFF7E1FF104B104918468B4211D90D
:109A50000F49104840F2291215F089FD0C4840F2D8
:109A6000291115F07BFD1A1A5C681211013222715E
:109A70001033EBE7F7D310BDD15B002049FE0200A5
:109A80006C3A0020703A00201426030034260300AC
:109A9000289C0300F48803000146002201480023AB
:109AA000FEF71CBB080D00200148FEF70DBC00BFEF
:109AB000080D0020024B01461868FEF77BBC00BF72
:109AC000603A00200148FEF7D5BC00BF080D002019
:109AD00070B52F4B1878002859D0FFF7E5FF0546E1
:109AE000002840D12B4B2C4C1B68002B19DD17F0A4
:109AF00022FF4FF47A72A0FB020302FB0131C30B79
:109B0000D4E9002043EA41439B1A4FEAD13140F2A5
:109B1000E93261EB0001934271F1000101D3FFF7DB
:109B20004BFFD4E9003213F57A7342F10002C4E925
:109B30000032BDE87040FFF7C5BF63685B7923B1B1
:109B4000236829461B68204698471034B4420DD933
:109B50001249134840F2022215F009FD0F4840F265
:109B6000022115F0FBFC0F4C0F4EEFE7E5D3284622
:109B7000FFF7A0FFBFF35B8F0C4B53E8001F0139C9
:109B800043E80012002AF8D1BFF35B8FAAE770BD4B
:109B9000D05B00206C3A0020482D0020289C030058
:109BA000F48803001426030034260300703A0020D2
:109BB00070B5134D297809BB0120FFF739FE114C10
:109BC000114EB44213D91149114840F2C71215F091
:109BD000CEFC0E4840F2C71115F0C0FC63685B79FB
:109BE0001BB1236820469B6898471034E9E7F5D3FA
:109BF000FFF76EFF0028FBD101232B7070BD00BF63
:109C0000D15B00201426030034260300289C0300A7
:109C1000F48803002DE9F0472C4B2D4FFB1A1B094C
:109C20000AD12C492C4840F2AB3215F0A0FC40F28E
:109C3000AB31284815F092FC00210846FFF7F8FDEB
:109C4000044640B340F267684FF0000911F05AFD36
:109C5000224B186030B1224B1B68092B02DD2148D2
:109C600010F04EF9DFF87CA0002544B12046FFF744
:109C7000ADFD044618B94FF0FF384FF0FF39FFF73C
:109C800027FF064628B95DB942464B46504610F0BC
:109C90009BF93546E9E74FF0FF384FF0FF39D5E73C
:109CA0000A4D08E0F0D22B689B691BB100221146D7
:109CB000284698471035BD42F4D90649064840F277
:109CC0009F3215F054FC40F29F31B2E71426030096
:109CD00034260300289C0300F4880300683A00201F
:109CE000703A0020080E002013B5264816F0AEF892
:109CF000254B1B785BB3EFF31184402383F3128869
:109D0000BFF36F8F214811F0A5FF40B920492148CA
:109D1000882215F02CFC88211D4815F01FFC1B48DB
:109D200011F0BCFFFFF7D4FE184811F0A1FF40B9B5
:109D30001749184840F2311215F019FC40F2311160
:109D4000EAE784F31188BFF36F8F02B010BD124BA6
:109D50001B68002BF9D050B900220023CDE9002365
:109D60000E4840F26762002312F074FAEDE709280A
:109D7000EBD10A4817F0EDFD094802B0BDE81040EC
:109D800010F0BEB8703A0020D15B0020643A002089
:109D90004F990300F4880300683A0020502D0020FA
:109DA000080E002010B5064B1B6804469847214654
:109DB000A0600448FEF742FABDE81040FFF794BFE8
:109DC0005C090020080D0020044A054B9B1AB1EBEA
:109DD000D30F34BF52F8310000207047F423030042
:109DE0001426030070B50D4C0D4E0546B44211D932
:109DF0000C490D4840F2262215F0B9FB094840F203
:109E0000262115F0ABFBA1682846E7F74FF818B1FB
:109E10001034EBE7F7D30024204670BD142603006E
:109E200034260300599C0300F488030008B550B998
:109E30000749084840F2351215F099FB044840F2F2
:109E4000351115F08BFB436800225A7108BD00BF25
:109E5000869C0300F48803002DE9F04F8FB004AF17
:109E6000C1F34A28B8600D4691467B600C0DB8F1ED
:109E7000000F67D0002607F114034FF0040B4FF0DA
:109E80000A0AC7F80C80C7E907667E620193CDF81D
:109E900008B0CDF800A007F11C03F9683246484627
:109EA000FDF73EFEB0F5006F03461CD36C468AB04A
:109EB000D9F8041004AB2C48C3E9050140F2FF7146
:109EC000D9611A464FF400711984284B42F8103FAB
:109ED000274833464FF41251FFF7BEFFA5462C37F3
:109EE000BD46BDE8F08FC0F30A0804F1170018441E
:109EF00020F0070080083B60FFF7CEFD68F3532594
:109F0000044638B33B681B4AC7E9083600F1100124
:109F100007F11403F961CDE900A3CDF808B0F968A1
:109F200007F11C034846FDF7FBFD002812DA124931
:109F300012484FF4A37215F01AFB0F484FF4A371A7
:109F400015F00CFB04F1170020F007008008FFF764
:109F5000A3FD044668F353257B68B9682A4620466A
:109F600015F0B3FFBBE700BFC79C0300040000016E
:109F7000042503009FFE0200069D0300F4880300F1
:109F80002DE9F04F87B0DDE91279DDE9106A04466A
:109F90000391934698468FB3CDF800903B465246C6
:109FA00010210020CDF81490FDF7BEFB051E0ADA43
:109FB0002A492B4840F2651215F0D9FA40F2651192
:109FC000264815F0CBFAB5F5006F18DB0820FFF72F
:109FD00063FD50B1234B436140F2FF738361032360
:109FE0000374002343748374C3741F4900234FF424
:109FF000C45207B0BDE8F04F15F067BF3D4606F10B
:10A000001700284420F0070004F007048008FFF739
:10A0100043FD0BF0070BE40044EA8B1444EA4524AB
:10A0200044EA0654064698B197B1CDF800903B46F5
:10A03000524629461030FDF777FB002808DA074919
:10A0400007484FF4C47215F092FA4FF4C471B7E7A1
:10A050000399434622463046CBE700BF069D0300E6
:10A06000F4880300329D030004250300406820B1FA
:10A07000034BC01A40F3CF0070474FF0FF307047DA
:10A08000F42303000EB403B503AB014653F8042BCD
:10A090000448019315F04DFF02B05DF804EB03B0E6
:10A0A000704700BFC5A00100CA0605D48B064CBF8F
:10A0B00002490349FFF7E6BF704700BF6B9D0300ED
:10A0C0006A9D030038B54B681A68CB689A4205460A
:10A0D0000C4602D1084615F01FFF6368BFF35B8F83
:10A0E00053E8002F511C43E800100028F8D1BFF3BB
:10A0F0005B8FA3689D5463681A68E3689A4208D925
:10A1000005490648722215F032FA0348722115F00B
:10A1100025FA002038BD00BF6D9D0300F4880300C0
:10A120002DE9F04F8BB09A46169B06939DF854B0DC
:10A13000179B0593189B199E049304460D46904661
:10A14000BBF1000F00F0AC80BBF1040F0AD9A349AA
:10A15000A34840F2462215F00AFA40F246219F48F1
:10A1600015F0FCF906F00103089306F008030793C5
:10A1700006F48073099315F087FE06F00209024683
:10A1800000283BD097492046FFF77CFF0746B9F1EE
:10A19000000F08D016F0440F32D193492A462046CA
:10A1A000FFF770FF0744089B53B1904B904953F859
:10A1B0002B20904B2046002A08BF1A46FFF762FF6B
:10A1C000099B002B48D0079B002B62D1B8F1000FF0
:10A1D00064D0894942462046FFF754FF0546069B56
:10A1E0003D44002B6BD1049B002B7FD1F30700F182
:10A1F000EE8031462046FFF757FFE2E00746C6E70C
:10A200007E4B18680028CDD07D4B4FF47A791B68BF
:10A21000B5FBF3F54FF46163B5FBF0F100FB1155AD
:10A2200009FB05F54FF03C0CB1FBF3F203FB1211F7
:10A23000B5FBF0FEB1FBFCF300FB1E550CFB13114C
:10A2400009FB05F50091B5FBF0F56E49CDE901E597
:10A250002046FFF717FFA5E7079BEBB16A4B6B4959
:10A2600053F82B202046FFF70DFF0546B8F1000FED
:10A2700005D0614942462046FFF704FF0544BAF184
:10A28000000FACD0624952462046FFF7FBFE054462
:10A29000A5E74FF0000AE1E7079DE7E745469EE79F
:10A2A000BAF1010F069B06D1D3B9049B002B00F035
:10A2B000888000251AE0002BF7D0564811E0564858
:10A2C000069B5649224615F073F800280BDA4349DD
:10A2D00043484FF4287215F04AF94FF428713EE7CD
:10A2E0004D485D46ECE7049B002B66D0DFF84081CB
:10A2F000DFF84091049F3146102F204628BF1027D9
:10A30000FFF7D2FE4FF0000A554543DC059B494656
:10A310001A782046FFF7B6FE4FF0010A1AF0070F31
:10A3200003D141462046FFF7ADFE574539D9059B7D
:10A33000494613F80A202046FFF7A4FE0AF1010A55
:10A34000BAF1100FEAD1364920464FF0000AFFF764
:10A3500099FE5246059B9A5C324B995C11F0970F1F
:10A3600008BF2E2230492046FFF78CFE0AF1010A71
:10A37000BAF1100F1AD01AF0070F03D14146204648
:10A38000FFF780FE57455246E4D841462046FFF786
:10A3900079FEEBE741462046FFF774FE0AF1010A19
:10A3A000B2E722492046FFF76DFEC7E7059B3B4415
:10A3B0000593049BDB1B04939CD1BBF1000F7FF43E
:10A3C00015AF20460BB0BDE8F04F15F0A5BD094A0A
:10A3D00007492046FFF756FE0BE700BF6D9D0300BF
:10A3E000F48803009C9D0300A09D0300902D0300B2
:10A3F00016B50300BA850300C59D03007C3A002012
:10A40000783A0020A99D0300A42D0300C99D0300F4
:10A41000CF9D030041FF0200C5A0010033FF0200F1
:10A42000DE9D03001CC40300E09D0300DA9D0300D1
:10A43000DC9D0300D49D030073B542F20F738B4281
:10A4400028BF0B4605680F4A04460521684615F0EB
:10A4500028F863680C495B6806460B22284615F00D
:10A460004DFD63683246694628465B6815F046FD37
:10A47000636806495B681B22284615F03FFD02B061
:10A4800070BD00BFE67B0300FF9D0300E39D03005A
:10A49000074A00210123904206D8064A01B9012348
:10A4A0001360054B1860704740085B000121F2E71C
:10A4B00040420F00783A00207C3A0020014B0122F4
:10A4C0001A707047D25B0020014B00201960704762
:10A4D000943A00200148FFF7AFBF00BFD42D03001E
:10A4E00010B5064B18680C46FFF710FA21460346D4
:10A4F000BDE8104002480F22184700BF943A0020E0
:10A50000D42D0300F8B5094D094B0A4ED5E9004793
:10A5100001221A700CB92C60F8BD214630463A462B
:10A5200000F01EF8241A0644F4E700BF883A002021
:10A53000D35B0020D45B002010B9074B1870704724
:10A54000064B1B781BB141F2883017F0D8B8A42015
:10A55000002111F037B800BFD25B0020D35B002090
:10A560002DE9F047DFF87C901D4F80460E4604240D
:10A5700099F80050A5B917F0B5F832468246414621
:10A5800028460EF00DFE0546504617F0B3F8E5B12B
:10A5900001233B7099F8003073B93046BDE8F0876D
:10A5A0003246414600200EF0FBFD0546EFE720460F
:10A5B000FFF7C2FF651E2C4600200EF07BFE002830
:10A5C000EBD03B78002BF2D1E7E73B78002BE4D0CF
:10A5D000013C2046FFF7B0FF3B78002BC8D1DCE7F9
:10A5E000D25B0020D35B00202DE9F3414368124881
:10A5F0001C680DF10701656815F0FFFC30B99DF886
:10A600000710012902D10C4800F04AF801232B75EC
:10A610002568D5E90136D3E900482F6824B96B686D
:10A620001C6002B0BDE8F081214630464246B84782
:10A63000241A0644F2E700BF801C0300F8B5074F58
:10A640000D4604464618B44201D12846F8BD14F818
:10A65000011BBB6801485B689847F4E7801C030056
:10A6600010B543681C68084817F04DF840B9074911
:10A670000748992214F07BFF0448992114F06EFFDB
:10A6800023685B685C6010BD801C03003B9E030078
:10A69000F4880300014B036000207047182E03006C
:10A6A00070B5046A0D46002C3FD0244A2379565CCD
:10A6B000B3423DD0224A525C9A423CD1A3689847AB
:10A6C000002814DA022D10D0032D0FD110F1860FBF
:10A6D0000BD0BFF35B8F54E8003F43F0020344E824
:10A6E0000032002AF7D1BFF35B8F267170BD022DB7
:10A6F000267101D00020F9E7BFF35B8F54E8003FDB
:10A7000023F0040344E80032002AF7D1BFF35B8F43
:10A71000BFF35B8F54E8003F23F0020344E80032AC
:10A72000002AF7D1BFF35B8FE4E76FF05700DDE756
:10A730006FF07700DAE76FF08500D7E79E9E0300A1
:10A740009A9E03002DE9F0471A4CDFF87480DFF879
:10A75000749005460E461746444525D916491748B4
:10A760004FF4BB6214F003FF13484FF4BB6114F0C5
:10A77000F5FE6268D9F824309A4213D3A3698BB1ED
:10A78000A9889078C9B2884205D13A463146284610
:10A79000BDE8F04718475279012A03D13A463146BD
:10A7A000284698472434D7E7E3D36FF08500BDE807
:10A7B000F08700BF580F0020A29E0300F48803001A
:10A7C000A00F0020BC3A00202DE9F041134B144F9C
:10A7D0005E6A144BBB421BD91349144840F2BB526A
:10A7E00014F0C5FE104840F2BB5114F0B7FE5C688F
:10A7F000B4420BD31D694DB194F802C08488E4B211
:10A80000A44503D12B46BDE8F04118472433E1E7C6
:10A81000EDD36FF08500BDE8F08100BFBC3A0020A9
:10A82000A00F0020580F0020A29E0300F488030010
:10A83000024B00221A605A60704700BF773B00202D
:10A840002DE9F041114CDFF8508005460E461746C1
:10A85000444516D90E490F484FF4C16214F087FEE3
:10A860000B484FF4C16114F079FE63690BB92434CD
:10A87000EEE73A463146284698470028F7D1BDE82A
:10A88000F081F2D36FF08500F9E700BF580F002088
:10A89000A29E0300F4880300A00F0020430670B5B9
:10A8A0001CD0114B114CA3421AD9114911484FF435
:10A8B0007D7214F05CFE0E484FF47D7114F04EFE74
:10A8C000196A1E7F00220439D5B2AE4201D8243362
:10A8D000E9E7013211F832508542F5D1012001E05B
:10A8E000EED3002070BD00BF580F0020A00F002045
:10A8F000A29E0300F4880300F7B58488E4B22046E2
:10A900000F468DF80740FFF7C9FF054680B114F0E8
:10A910007F0F0E4E02D096F8BA30ABB1204657B139
:10A9200003F0F2FDF3691BB10DF107010820984710
:10A93000284603B0F0BD03F02BFEF369002BF7D0DF
:10A940000DF107010920F2E71D46F1E7BC3A0020AE
:10A9500010B504460820FFF79FF850B1094B43613A
:10A96000094BC0E906340423037400234374837441
:10A97000C374064900234FF4015215F0A6FA0020D3
:10A9800010BD00BFD49E030013A00300EC250300FC
:10A9900038B5054615F0D6FD10F1780F044617D0EE
:10A9A000B0B10820FFF778F850B10F4B43610F4B5F
:10A9B000C0E9063504230374002343748374C3740D
:10A9C0000B4900234FF4015215F07FFA204638BDA1
:10A9D000284615F06FFB074AD2F8C43023EA00037B
:10A9E000C2F8C4300024F1E7F39E030027A003005F
:10A9F000EC250300BC3A002008B509480378C3F3EE
:10AA000041130A3350F823303BB100F1080200F142
:10AA100010019847C043C00F08BD1846FCE700BFAF
:10AA2000BC3A002004282DE9F74FDFF8D8900446FF
:10AA30000F4616D0012830D1DFF8C48098F8B9301D
:10AA40005BB300F09DFF2B4D4D4532D92A492B4871
:10AA500040F2C24214F08BFD40F2C241264814F08D
:10AA60007DFDFFF7E5FEE7E702EBC60601923079D0
:10AA700015F068FD8346307915F01CFBD8F8C4301A
:10AA8000019A23EA0003BBF1000FC8F8C4300AF1B1
:10AA9000010A12DA002388F8B930164D4D451BD94A
:10AAA0001549164840F2EE4214F061FD40F2EE41C5
:10AAB000D4E7EFD22A6A4FF0000A2B7F5FFA8AF6BA
:10AAC000B342D1D82435BFE7EB681BB13A462146E3
:10AAD000284698472435E1E7F6D3094B1B6A2BB18A
:10AAE0003946204603B0BDE8F04F184703B0BDE833
:10AAF000F08F00BF580F0020A29E0300F4880300CF
:10AB0000BC3A0020A00F002073B5044680788DF871
:10AB10000000237962792C4D43EA0223ADF802301C
:10AB2000E37803F003038DF8043015F0C3FAD5F889
:10AB3000C430184206460CD0A478204600F002FF2C
:10AB40002046FFF725FF16F081FE10B9962010F081
:10AB500075FD684603F09AFC10F1780F9DF80040EF
:10AB600018D0B8B10820FEF797FF50B1174B4361DA
:10AB7000174BC0E906340423037400234374837421
:10AB8000C374144900234FF4015215F09EF90020BC
:10AB900002B070BD204603F037FD10F1780F09D0E8
:10ABA00040B108209DF80040FEF776FF0028E8D06D
:10ABB000094BDCE7D5F8C4300120334385F8B900F0
:10ABC000C5F8C430E4E700BFBC3A0020199F030079
:10ABD00006A00300EC250300419F03002DE9F04788
:10ABE000A84EB36904460F461546FBB9237803F017
:10ABF0001F03012B00F09E80022B00F0068133BB67
:10AC000094F900002A686178002834DA062912D005
:10AC100008292BD0D9B901231370517096F8C3308D
:10AC20005B0043F001031370022328E198470028DA
:10AC3000DCD100200DE06288100A011F0129844642
:10AC400005D9072803D8716AD2B20C781CB96FF005
:10AC50001500BDE8F0874E78664503D19A4200F0B2
:10AC6000098101332144F0E70B7808E196F8BA3006
:10AC70001370012303E101390829E8D801A353F82F
:10AC800021F000BF1FAD01004FAC01002DAD010050
:10AC90004FAC0100A9AC01004FAC01004FAC01006A
:10ACA0004FAC0100B7AC01006088C0B203F086FB76
:10ACB0000028BED0CBE76388756A63BBFFF7B8FD99
:10ACC000638886F8BA30F369002BB2D06E4903204E
:10ACD0009847AEE76B78042B10D0052B11D0022BD0
:10ACE00004D16F796388BB4208BF01202B781D44D3
:10ACF0002B78002BEED10028A9D0DFE795F8038050
:10AD0000F4E76388BB42F1D1B8F1000FEED12846D9
:10AD1000FFF7FAFEEAE7FF270020B846E8E7638876
:10AD2000012B94D1002386F8C33082E76388012B7E
:10AD30008DD1F8E796F8BA30D5F800C0002B86D050
:10AD4000A388756A5FFA83FE2A46107800283FF4CC
:10AD50007EAF5178022904D192F80480F04500F2C8
:10AD600095800244F1E78CF800208CF801203960CE
:10AD70005FE7154496E00B2A7FF469AF00274FF098
:10AD8000FF08C146BA4606E06B78042B0FD0052BAE
:10AD900021D02B781D442B78002BF5D1F36913B10A
:10ADA000514607209847002F7FF443AF4FE795F8AF
:10ADB0000280A38895F803909845EAD16388994565
:10ADC000E7D1B8F1070F1DD806EB0803AA4683F8B0
:10ADD000BB900127DDE7A3884345DAD16388DBB266
:10ADE0004B450AD0AF78384600F0ACFD3846FFF747
:10ADF000CFFDB0FA80F77F09CBE72846FFF784FE46
:10AE00000746C6E7AA460027C3E794F900206378FF
:10AE1000002A19DA002B7FF41AAFA4882D68E4B257
:10AE20002046FFF73BFD00283FF411AF630604D036
:10AE300096F8BA30002B3FF40AAF2946204603F0BB
:10AE4000C7FB00236B70EFE6012B08D0032B7FF4C8
:10AE5000FEAE6388002B7FF4FAAE012103E0618827
:10AE600000297FF4F4AE2046FFF746FD00287FF46A
:10AE7000E0AEECE6022829607FF4F6AE4B883B603A
:10AE8000D7E600BFBC3A0020763B002094F90000D2
:10AE900062780028BFF66FAF002A3FF464AF0A2A39
:10AEA0007FF4D5AE2A78002A3FF4D1AE6978042920
:10AEB0007FF45FAFA9788B427FF45BAF072B96BF1F
:10AEC0009B19002393F8BB308CF80030D1E600BF0B
:10AED00013B5164C237DF3B9E268A168019201AB6A
:10AEE000802015F0F5F8019AA3681344A360E36885
:10AEF0009B1AE3606BB962B12369E2889A4208DD6C
:10AF000094F8C82093FBF2F102FB11330BB9012333
:10AF1000237502B010BD00231A4619468020237500
:10AF200002B0BDE8104003F099BB00BFBC3A00205E
:10AF30007FB500230D4601930646002870D10029F5
:10AF400048D108220B460DEB020115F014FB002836
:10AF500003DA802003F0D8FA2DE03C4C029A2260FC
:10AF6000039A626004F13802A2609DF90820BDF8DE
:10AF70000E302575002AC4E903551EDB802B17D936
:10AF80000820FEF789FD40B1314B4361314B8361AD
:10AF90000323037445748574C5742F4900234FF44B
:10AFA000C25214F092FF802003F0AEFA0020D1E7E5
:10AFB0001BB1C4E9033304B070BDFFF71DFD0028C9
:10AFC000C7D0E28823699A42D4BFE260E360FFF70A
:10AFD0007FFFF0E71D4CD4E90212002A01AB05DC2B
:10AFE000024615F0C8FA0028E5DAB2E715F0C3FA10
:10AFF000002804DA802003F087FA3046AAE7019A95
:10B00000A3681344A360E3689B1AE360002BD2D1CA
:10B0100004F13803A360FFF7EFFC0028D7D198E7CD
:10B02000802807D1094BDA68002AD0D11B7D002B7C
:10B03000CDD1C0E709490A484FF4C57214F097FA18
:10B0400006484FF4C57114F089FA00BFBC3A0020DD
:10B05000669F0300DF9F0300EC250300A29E030010
:10B06000F4880300054B064A9A62064ADA62064AE9
:10B070001A63064A58629A6100207047BC3A002061
:10B08000DDAB0100C9A7010041A8010045A70100EF
:10B090002DE9F3410646604D60484FF0FF334FF015
:10B0A000FF320EF099FC95F8B830002B40F0B080DC
:10B0B0006B6A0BBB00F00CF9FFF7D4FF6C6ADCB9CC
:10B0C0000820FEF7E9FC40B1554B4361554B8361C5
:10B0D0000323037444748474C474534900234FF4E9
:10B0E000C25214F0F2FE4FF0FF344C480EF02AFD2D
:10B0F000204602B0BDE8F0814C48E8616F6A2E62DC
:10B1000003F03CFC03F028F9041EEEDB00F05AFCCF
:10B11000041EEADB7B78012B01D1FB79B3B908204F
:10B12000FEF7BAFC48B1424B43613E4B83610323B7
:10B130000374002343748374C3743B4900234FF4A6
:10B14000C25214F0C2FE6FF01504CEE70026684626
:10B1500085F8C830ADF802308DF804608DF80060D5
:10B1600003F094F9041EC0DB802768468DF8007058
:10B1700003F08CF9041EB8DB2E49304603F0EAFBDD
:10B18000041EB2DB2B49384603F0E4FB041EACDBA3
:10B19000294CDFF8B08044451DD9284928484FF490
:10B1A000C36214F0E4F925484FF4C36114F0D6F9F2
:10B1B000276A0026227FF3B29A4201D82434EAE7B4
:10B1C00007EBC30257F83310107903F0C3FB0136C5
:10B1D0000028EFD087E7EBD3002003F015FA041E18
:10B1E00083DBD5F8C430802043F00103C5F8C430B8
:10B1F00003F00AFA041EFFF678AFD5F8C43043F422
:10B200008033C5F8C430012385F8B83000246CE7DA
:10B210006FF0770469E700BFBC3A0020E40D00201E
:10B22000839F0300FB9F0300EC25030025AA010078
:10B23000AC9F030031AF0100580F0020A29E030015
:10B24000F4880300A00F002030B51F4B8BB005AA77
:10B2500003F1100518685968144603C40833AB425B
:10B260002246F7D11B7823701022002101A816F086
:10B27000D6FB12220021154816F0D1FB102101A89F
:10B2800015F026FB00281BDD0828B8BF0820093868
:10B2900001AB0E491A18002012F8013F0AAC04EB6A
:10B2A000131403F00F0328336B44013014F8144CCB
:10B2B00013F8143C0C7008284B7001F10201EBD11B
:10B2C00002480BB030BD00BF43A00300E65B002086
:10B2D0002DE9F04FAC4B93F800B087B0BBF1000FF5
:10B2E00003D0AA4807B0BDE8F08FA84C00264FF065
:10B2F000011AB1463546374623783BB9A44B023490
:10B300009C42F3D1A04A01231370EAE76378052B2E
:10B3100029D8DFE813F0F50006005F01F5002B00E7
:10B320007900402304A88DF810B0ADF812308DF8E4
:10B3300014B003F069F898B1082304A8ADF81230EE
:10B3400003F062F860B193499348ADF812B040F24F
:10B350008F1214F00CF940F28F118E4814F0FEF8A1
:10B36000BDF81230E37123781C44C5E7E378002B65
:10B37000F9D1A378002B42D1884D03E06B689C4241
:10B3800038D02435864B9D4208D9824982484FF4F3
:10B390009B7214F0ECF84FF49B71DEE7EED30820BB
:10B3A000FEF77AFB50B17F4B43617F4BC0E9063417
:10B3B00004230374002343748374C37400234FF481
:10B3C00001527A4914F081FD0820FEF765FB48B16F
:10B3D000774B4361774B83610323037400234374EA
:10B3E0008374C374714900234FF4C25214F06DFD8D
:10B3F000002077E7AB6813B149462046984709F12A
:10B4000001095FFA89F9AEE7002D77D10820FEF730
:10B4100043FB40B1684B4361634B83610323037477
:10B4200045748574C57400234FF4C252C9E7296A74
:10B43000A07801EBC2010B79984213D001322B7F27
:10B440009A42F4D30820FEF727FB0028EBD05B4B91
:10B450004361554B83610323037400234374837456
:10B46000C374E0E74FF00108E07800F003008DF8C6
:10B470001400207994F805C040EA0C20ADF81200C1
:10B4800094F9020000285FFA88F329DA08F1100025
:10B490004FF0010C0CFA00F010EA0A0F28D143F02B
:10B4A00080008DF8100004A8CDE90213019202F08B
:10B4B000ABFFDDE90121039BD0B99DF81020A270FC
:10B4C00012F0800F18BF10330A7118BFDBB24FF0B3
:10B4D000010214BF9A4002FA08F24AEA020A42E75D
:10B4E000012000FA08F010EA0A0F01D11846D8E747
:10B4F00008F10108B8F1100FB6D19FE700229EE7CE
:10B50000032E1AD1FFF7A0FE804650B1E5F7D8FC14
:10B51000024630B11028A8BF10224146A01C16F0E8
:10B5200056FA23786FF00200E118001B04EB530376
:10B53000C84216D50136F6B215E7002EF1D1002F1C
:10B5400040D10820FEF7A8FA00283FF46CAF1C4B4E
:10B550004361154B83610323037447748774C77475
:10B5600061E71A78203A5E2A06D90A490A48CB22AE
:10B5700013F0FDFFCB21F0E601F801BC13F801291F
:10B5800001F8022DD4E700BFE55B0020540E002037
:10B59000560F002054A00300F4880300580F002029
:10B5A000A00F00208AA0030058A10300E425030097
:10B5B00035A103006BA10300AEA00300F3A00300BC
:10B5C00014A10300E31BBB70C3F30723FB7087F8D0
:10B5D0000490AFE72746C6E610B5094B00211A468E
:10B5E0001C78844204D15C6814B102EB811010BD58
:10B5F0000131042903F14003F2D10020F7E700BF35
:10B60000883B00202DE9F34150F8283C10F82C6CC1
:10B61000103304460BD1036950F8202C13F00207B5
:10B620004DD0D2B9590715D5002344F8283C54F819
:10B63000283C10330BD054E9077554F8148C16F0DD
:10B6400005F9002878D04348214616F0EFF802B0FB
:10B65000BDE8F08143F00403036154F8241C01ABFE
:10B66000304614F035FD0546C0B10A20FEF714FA45
:10B6700058B1394B4361394B0662C0E906350523A1
:10B680000374002343748374C374002334494FF458
:10B69000215214F01AFC6FF01503C6E7019A54F812
:10B6A000243C134444F8243C54F8203C9B1A44F8AE
:10B6B000203C54F81C3C134444F81C3CB7E750F8B9
:10B6C000241C01AB304603F07BF8054680B10A200C
:10B6D000FEF7E2F90028D8D01F4B43611F4B0662EA
:10B6E000C0E906350523037447748774C774CCE733
:10B6F000019D54F8243C2B4444F8243C54F8203C4D
:10B700005B1B44F8203C54F81C3C2B4444F81C3C84
:10B71000002D89D0304603F037F9B5FBF0F303FB79
:10B720001055002D80D154F8203C002B3FF47CAF05
:10B73000304603F0B1F87AE744F8180CA4F1100091
:10B740000EF0DEFB002D82D0424639463046A84737
:10B750007DE700BF882D002094A103002CA20300E8
:10B76000042603004B1E012B73B506460D4622D856
:10B77000FFF732FF044600BB012D1CD101AB0122B3
:10B780000DF10301304603F01BF8019C002CF5D1AC
:10B790000820FEF781F940B1114B4361114B8361E1
:10B7A0000323037444748474C4740F4900234FF456
:10B7B000C25214F08AFB02B070BD16F047F804F1D3
:10B7C0002C0108B1012D05D1084602B0BDE870403A
:10B7D000FFF718BF054802B0BDE8704016F026B864
:10B7E000B5A103003EA2030004260300882D00201B
:10B7F0002DE9F74F054601911646984614F0B0FC26
:10B800000446002840F08D80EFF31183009340231D
:10B8100083F31288BFF36F8FDFF82091002200239B
:10B8200048460EF0D1FB18BBDFF814A10AEB841BCD
:10B83000A701DBF8044014F1100F3DD1019008205E
:10B84000FEF72AF950B1384A4261384A019B4374E5
:10B85000C0E90625042202748374C37434490023AA
:10B860004FF4015214F031FB48460EF049FB1AE048
:10B870000134042C09F14009D0D10820FEF70CF95D
:10B8800048B12C4B4361294B83610323037400238C
:10B8900043748374C374264900234FF4C25214F0D6
:10B8A00014FB6FF00B04009B83F31188BFF36F8FC1
:10B8B000204603B0BDE8F08F0C9B019ACBF8143002
:10B8C0000D9BCBF81000CBF8183028466FF00F0313
:10B8D000CBE902260AF80750CBF83C80CBF80430BD
:10B8E00003F052F868B1284603F04EF8B6FBF0F3C7
:10B8F00003FB10662EB1DBF83C3043F00403CBF8B9
:10B900003C3018F0020F07D007F12C010A485144CF
:10B9100015F08CFF0024C6E7284602F0BDFF044660
:10B92000C1E76FF00F04C3E7F2A103001FA20300F9
:10B9300004260300D3A10300882D0020A43B00208F
:10B94000883B002010B5EFF31184402383F3128865
:10B95000BFF36F8FFFF740FE50B14368103307D13C
:10B960006FF08B03436000F12C01044815F05EFF7B
:10B9700084F31188BFF36F8F10BD00BF882D0020A6
:10B98000F8B50E4C04254027EFF3118687F3128893
:10B99000BFF36F8F6368103307D16FF08B030848D4
:10B9A000636004F12C0115F041FF86F31188BFF3A9
:10B9B0006F8F013D04F14004E6D1F8BD883B0020C3
:10B9C000882D002070B50A4C0A4E002531462046CD
:10B9D0000EF060FD0122A4F110001146013515F0B2
:10B9E00007FF042D04F14004F0D1002070BD00BF1A
:10B9F000B43B002005B601000169012381F84B30FA
:10BA00000B6833B191F849301BB10248083115F089
:10BA10000DBF7047882D00200169012381F84A304D
:10BA20000B6833B191F848301BB10248083115F06A
:10BA3000FDBE7047882D002070B50569EFF31186B3
:10BA4000402383F31288BFF36F8FD5F89000FDF782
:10BA500097F9044686F31188BFF36F8F30B104481D
:10BA60000022002305F118010EF012FE204670BDE1
:10BA7000882D002070B5012382F8483013680D46E8
:10BA800014463BB192F84A3023B10E4802F1080146
:10BA900015F0CCFED4F89030DA885B899A4205D153
:10BAA0007DB904F1180140F6CD4204E004F118011B
:10BAB000002DF8D00022BDE87040024800230EF0AF
:10BAC000E7BD70BD882D002070B50E468188044604
:10BAD000C9B21548154614F01FFB10B394F90020A5
:10BAE0006378002A16DB202B04D0222B0ED06FF0B7
:10BAF00085000AE02B681A6840F8102C9A8820F814
:10BB00000C2C9B7900F80A3C002070BD638800F87B
:10BB1000093CF9E7212BEAD110380723286033606C
:10BB2000F2E76FF01200F0E7883C002008B501460C
:10BB3000034814F0FFFA10B1012300F8073C08BDD8
:10BB4000883C00200D4A03460021A0F848101068E8
:10BB5000C3F8940090889279A3F8980083F89A200B
:10BB600083F89C1083F89B10A3F89E1083F8A01014
:10BB7000402203F14C0015F052BF00BF53270300D1
:10BB800010B504690023C4F8A8300C4BC4F8A40015
:10BB9000596804F1A80269B9C3E9002204F1080058
:10BBA00007490EF077FC04F1180006490EF04AFD33
:10BBB000002010BD0A605A60F0E700BF883C0020FA
:10BBC0008B0103007DBC010030B54FF400334268A7
:10BBD00005690D4C85B042F2A100CDE901030023B7
:10BBE00085F89D30106AADF80C1000790A2201A981
:10BBF00014F06EFA95F89D3023B9012015F07FFD01
:10BC0000013CF7D105B030BDA186010073B50469D0
:10BC10008DF80710002384F848304025EFF3118693
:10BC200085F31288BFF36F8F0122D4F890000DF1D5
:10BC30000701FDF7A5F886F31188BFF36F8F012880
:10BC40000AD015F003FE10B994F8A1306BB9094B76
:10BC50001A780AB901221A702122002304F118016E
:10BC600005480EF015FD02B070BD002121200FF037
:10BC7000A9FCD3E7F85B0020882D0020F0B5D0F8B0
:10BC80008C305B681B6A1F7D85B00546384614F012
:10BC900067FA064650BB95F886303BB3A86F01465D
:10BCA000C38831F80A2F9B1A9BB2B3F5806F28BF67
:10BCB0004FF4806303AA13F0F4FD0446B0B1830689
:10BCC000A5F1180308BF00F1FF3485F83060019337
:10BCD000074B03990093224602233846FFF788FD5D
:10BCE000A86F224600F10A0113F011FE05B0F0BD65
:10BCF00075BA010037B514460A1E054621DDD4F891
:10BD00008C0004F14C01FDF73BF8012384F8493025
:10BD100023683BB194F84B3023B1114804F108017A
:10BD200015F084FDD4F88C209388918912695B1AF0
:10BD30009BB2D31A3F2B04D8012384F8A03003B060
:10BD400030BD94F89E30002BF9D0064B009301943F
:10BD50000123402204F14C012846FFF749FDEEE79C
:10BD6000882D0020F5BC0100F7B50D4601461D48A1
:10BD700014F0C6F9044610B30646691E56F8A439F5
:10BD80005F6805291BD8DFE801F01C1A031C222676
:10BD900010F8061C99B9012300F8063C3B6A3246AC
:10BDA000187BFFF7A7FF14F85C2C42B93B6A187D9B
:10BDB0000D4B0093019602231146FFF719FD03B0C6
:10BDC000F0BD304603B0BDE8F040FFF7BBBE012335
:10BDD00004F8053CF3E710F8053C002BEFD00023F6
:10BDE000F6E700BF883C002075BA010037B5094D61
:10BDF0000949002400944FF0FF334FF400722846A5
:10BE00000EF0BAFB054928460EF0AEFC204603B002
:10BE100030BD00BF882D0020808D002072A203005D
:10BE200010B5084C216811B1074815F0D6FC4FF049
:10BE3000FF324FF0FF3305480DF0ECFF2060053076
:10BE400010BD00BF903C0020180E0020400E0020C6
:10BE500038B5094C094D2046294615F0BEFC05F5BC
:10BE60008471204615F0B9FC20460549BDE83840EC
:10BE7000002204F04FBD00BF180E0020943C0020AB
:10BE8000400E002008B5054813F0FEFA044813F0F0
:10BE9000FBFABDE80840034813F0F6BA8AA2030093
:10BEA000D1A2030004A30300014810F081BB00BF2E
:10BEB000182E030038B5044618B90F4B0F485B68BD
:10BEC00098476168B1F5683F10D0B1F5680F0DD0A3
:10BED0000B4DA9420AD011F46861206807D00146D1
:10BEE00008480DF0C5FC00232360656038BD1422AE
:10BEF00015F095FDF9E700BF740B002032A3030095
:10BF00002C5F5CA9A443002008B520B34368B3F5B7
:10BF1000683F10D101220368BFF35B8F53E8001F15
:10BF2000002903D143E800200028F7D1BFF35B8F3D
:10BF30000DD1002008BD094A93420AD000684FF095
:10BF4000FF324FF0FF330DF047FD0028F1D00448D9
:10BF5000F0E70448EEE76FF4E040EBE72C5F5CA904
:10BF6000E98FFFFFEA8FFFFF08B5D8B14368B3F54B
:10BF7000683F10D100220368BFF35B8F53E8001FB6
:10BF8000012903D143E800200028F7D1BFF35B8FDC
:10BF90000BD1002008BD074A934208D000680DF07D
:10BFA000D1FDF6E76FF4E040F4E70348F2E7034819
:10BFB000F0E700BF2C5F5CA9E98FFFFFEA8FFFFF6E
:10BFC00010B5044618B91D4B1D485B689847636857
:10BFD000B3F5683F2FD0B3F5680F2CD0194A9342C0
:10BFE00019D1236803BB18484FF0FF324FF0FF33DD
:10BFF00021460DF0CBFB08B923681BB90F4B134842
:10C000005B68984720681422002115F008FD4FF462
:10C010006863636008E0B3F5683F0DD83A2B03D03E
:10C0200040F6BA629342DED1206815F0C3FB636824
:10C0300043F03A03636010BD054AF3E7740B002038
:10C0400032A303002C5F5CA9A443002058A3030083
:10C050003A00003A08B5064906484023142215F074
:10C0600092FBBDE808400449044810F013BB00BF30
:10C07000A43E0020A4430020202E0300342E030001
:10C080002DE9F74F07460C46002900F0A8800A204A
:10C09000D1E900868D68FDF7FFFC60B1604B43611C
:10C0A000604BC0E90865C0E9063806230374002325
:10C0B00043748374C3745C4900234FF4415213F0FA
:10C0C00004FF0A20D4E903866569FDF7E5FC60B149
:10C0D000564B4361534BC0E90865C0E90638062357
:10C0E0000374002343748374C3744F4900234FF4D3
:10C0F000415213F0EAFE0820E569FDF7CDFC50B18E
:10C100004B4B4361474BC0E90635042303740023BE
:10C1100043748374C3744449DFF8089100234FF4D7
:10C12000015213F0D2FE00252646A846326A736AF1
:10C1300001921020D6E90ABA0093FDF7ADFCB8B120
:10C140003C4B019A0262C0E90539009B8362AB1C3B
:10C15000C0E90B3BEB1CC0E90D3A6A1C0B23C5611F
:10C160004262037480F8118080F8128080F8138096
:10C170002D49002345F64002043513F0A6FE102D8C
:10C1800006F11006D2D10820256EFDF785FC50B1CE
:10C19000294B4361234BC0E9063504230374002374
:10C1A00043748374C374204900234FF4015213F085
:10C1B0008CFE0820A569FDF76FFC50B11F4B436151
:10C1C000184BC0E9063504230374002343748374B9
:10C1D000C374154900234FF4015213F076FE012F6A
:10C1E00017D1EFF305850820FDF756FC58B1144B25
:10C1F0004361144B83610423103D03740023C56124
:10C2000043748374C374084900234FF4015213F03C
:10C210005CFE2146384603B0BDE8F04F0DF0BEB8D5
:10C2200085A30300A1A4030034250300B8A30300E1
:10C23000EBA30300FEA3030045A4030058A40300DE
:10C240008AA40300AAA4030030BFFFF7FDBF00BF0C
:10C25000054B9A699B689A421FBF044A536843F092
:10C2600080535360704700BF8057002000ED00E00E
:10C270002DE9F041064608200F461546FDF70CFC57
:10C2800048B1764B4361764B8361032303740023EB
:10C2900043748374C374002372494FF4C25213F081
:10C2A00014FE714B9B6AD8066AD50820FDF7F4FB93
:10C2B00048B16E4B43616A4B8361032303740023CF
:10C2C00043748374C374674900234FF4C25213F05C
:10C2D000FCFD4FF01108644B9B6A190715D5082027
:10C2E000FDF7DAFB48B1624B43615D4B8361032389
:10C2F0000374002343748374C3745A4900234FF4B6
:10C30000C25213F0E2FD4FF01208574B9B6A9A0796
:10C3100039D50820FDF7C0FB48B1564B4361504B5F
:10C32000836103230374002343748374C374002361
:10C330004C494FF4C25213F0C8FD4B4B5C6B9B6AE7
:10C340001B067AD50820FDF7A7FB50B14A4B436185
:10C35000434BC0E9063404230374002343748374FD
:10C36000C374404900234FF4015213F0AEFD27B1CE
:10C370003D4A936A23F0800393624FF0130804E070
:10C380004FF01008A7E76FF01504374B9B6AD807EA
:10C3900015D50820FDF780FB48B1384B4361304B81
:10C3A000836103230374002343748374C3742D498E
:10C3B00000234FF4C25213F088FD4FF014082A4BAB
:10C3C0009B6A990615D50820FDF766FB48B12C4BF2
:10C3D0004361234B836103230374002343748374F9
:10C3E000C374204900234FF4C25213F06EFD4FF086
:10C3F00015081D4FBB6ADA0602D4BB6A9B070BD532
:10C400007B68180508D53146204600F047FDB8B1D5
:10C4100080F309884FF00208134B9A6A920642BFD4
:10C420005A6A22F400525A629A6A42F0FF029A62F1
:10C4300000232B704046BDE8F0816FF015049CE7A7
:10C44000BB6AD906E8D50F490F484FF4927213F032
:10C450008EF80C484FF4927113F080F8BCA40300DE
:10C46000D3A803003425030000ED00E0D6A40300A8
:10C470000DA5030024A5030040A503005AA5030051
:10C480007DA50300B0A50300F488030008B50820CB
:10C49000FDF702FB48B1584B4361584B83610323BE
:10C4A0000374002343748374C374554900234FF409
:10C4B000C25213F00AFD534B9B6A990140F19A80D6
:10C4C0000820FDF7E9FA48B14F4B43614B4B8361BC
:10C4D00003230374002343748374C3744849002303
:10C4E0004FF4C25213F0F1FC1E20464B9B6ADA0156
:10C4F00014D50820FDF7D0FA48B1444B43613F4BB7
:10C50000836103230374002343748374C3743C491D
:10C5100000234FF4C25213F0D8FC1F20394B9B6A02
:10C520001B0314D50820FDF7B7FA48B1384B436117
:10C53000324B836103230374002343748374C374F5
:10C540002F4900234FF4C25213F0BFFC21202D4B82
:10C550009B6A590314D50820FDF79EFA48B12D4B6C
:10C560004361264B83610323037400234374837464
:10C57000C374234900234FF4C25213F0A6FC2220B7
:10C58000204B9B6A9A0314D50820FDF785FA48B121
:10C59000214B4361194B83610323037400234374CC
:10C5A0008374C374164900234FF4C25213F08DFCF8
:10C5B0002320144B9B6ADB0314D50820FDF76CFA8B
:10C5C00048B1164B43610D4B836103230374002371
:10C5D00043748374C3740A4900234FF4C25213F0A6
:10C5E00074FC2420074A936A6FEA03436FEA1343FB
:10C5F000936208BD1D2078E7E2A50300BDA80300F3
:10C600003425030000ED00E0FEA5030015A603009D
:10C6100033A6030055A603007EA603009CA60300D4
:10C6200070B5054608200C46FDF736FA48B1684B50
:10C630004361684B83610323037400234374837451
:10C64000C37400234FF4C252634913F03EFC634BA2
:10C650009B6ADA0440F1A2800820FDF71DFA48B178
:10C660005F4B43615B4B836103230374002343747B
:10C670008374C374584900234FF4C25213F025FC4D
:10C680001720564B9B6A1B0514D50820FDF704FAAA
:10C6900048B1544B43614F4B836103230374002320
:10C6A00043748374C3744C4900234FF4C25213F093
:10C6B0000CFC1820494B9B6A9E0534D50820FDF7D9
:10C6C000EBF948B1484B4361424B83610323037448
:10C6D000002343748374C3743F4900234FF4C25250
:10C6E00013F0F3FB3D4B9E6B9B6A19041AD508208F
:10C6F000FDF7D2F950B13D4B4361364BC0E90636E8
:10C7000004230374002343748374C37432490023E5
:10C710004FF4015213F0D9FB25B1304A936A23F448
:10C720000043936219202D4B9B6A5A0514D50820AB
:10C73000FDF7B2F948B12E4B4361264B83610323C9
:10C740000374002343748374C374234900234FF498
:10C75000C25213F0BAFB1A20204B9D6A15F4807563
:10C760001ED00820FDF798F948B1224B4361194BC0
:10C77000836103230374002343748374C3741649D1
:10C7800000234FF4C25213F0A0FB1B20134A936AFC
:10C7900043F47F4393620023237070BD162070E73B
:10C7A0009B6A9B04F2D50820FDF776F940B1124B45
:10C7B0004361084B83610323037445748574C57416
:10C7C000054900234FF4C25213F07FFB1C20DDE724
:10C7D000CBA60300C9A803003425030000ED00E048
:10C7E000E5A603000DA50300FAA6030017A70300A2
:10C7F00030A703004FA703007DA503002DE9F041FA
:10C80000AC4B9CB05C6800AF0546C4F3080300263F
:10C8100086F31188BFF36F8F02F07F40B0F17F4F36
:10C8200015D102F00C0008281CD1FDF735F940B1F4
:10C83000A14B4361A14B8361032303744674867447
:10C84000C6749F4900234FF4C25213F03EFB9D492A
:10C850009D4840F2114212F08AFE40F2114199487F
:10C8600012F07CFE12074CBF0D460126002DEED0C3
:10C870000022FA71DA1E092A00F2F980DFE812F0CC
:10C880000A00E000E300CB00F700F700F700F70034
:10C89000F700E6000820FDF7FFF848B18B4B436135
:10C8A0008B4B836103230374002343748374C37429
:10C8B000002383494FF4C25213F007FB4FF00008E6
:10C8C0007C4B87F80780DC6A14F0020417D008203C
:10C8D000FDF7E2F858B17F4B43617D4B8361032341
:10C8E000037480F8118080F8128080F813807449F6
:10C8F00000234FF4C25213F0E8FA00244CE0DA6A45
:10C90000002A0EDA0820FDF7C7F80028EFD0724B96
:10C9100043616F4B83610323037444748474C47450
:10C92000E5E7DB6A5B0040F182800820FDF7B4F8A0
:10C9300040B16A4B4361664B8361032303744474C3
:10C940008474C4745E4900234FF4C25213F0BDFADC
:10C95000584BA9695A6942F480725A61BFF34F8FEC
:10C96000BFF36F8F5A6931F8021C22F480725A614A
:10C97000BFF34F8FBFF36F8F4DF60272914227D1F5
:10C9800008202C68FDF788F860BB4D4900234FF460
:10C99000015213F09AFA2C68FB79ABB96822294648
:10C9A00007F1080015F013F87B6A002E7DD0C3F361
:10C9B000080222B96FEA53236FEA43237B6207F12F
:10C9C00008012046FFF75CFB7037BD46BDE8F081EB
:10C9D0009A6AD2B292B1FA1D01212846FFF748FCAB
:10C9E0000446D9E73E4B4361394BC0E90634042382
:10C9F0000374002343748374C374C6E79A6A12F401
:10CA00007F4F04D0F91D0120FFF70AFEE8E79B6A7B
:10CA1000B3F5803F02D3FFF739FDE1E729492A4802
:10CA200040F2EA2212F0A3FD40F2EA2117E725497D
:10CA3000254840F2ED2212F09AFD40F2ED210EE77A
:10CA4000FA1D0021C9E7F91D0020DDE70820FDF7E8
:10CA500023F800283FF44BAF224B4361224B836104
:10CA600003230374002343748374C3743FE71F4A92
:10CA70001F4914F4F87F6C468AB018BF11466A4605
:10CA80001C485061103B13621B4840F201339384F1
:10CA90001A4BC2E9060142F8103F094800234FF43F
:10CAA0003151FDF7D9F9A54627E723F4FF7323F0A9
:10CAB000010383E700ED00E099A70300EFA803005E
:10CAC00034250300B0A50300F4880300C8A70300C1
:10CAD000E4A80300E3A7030008A803001AA80300C2
:10CAE0003DA803005DA80300AFA8030080A70300D2
:10CAF0006BA7030085A803009CA8030005000001A4
:10CB0000044B5A6942F010025A615A6922F0080235
:10CB10005A61704700ED00E0EFF30880EFF3098100
:10CB200001B57246FFF76AFE01BD00BF002080F329
:10CB30001488BFF36F8F0F4880F3088808F070FBEC
:10CB400000200D490860BFF34F8F00F02BF8402004
:10CB500080F3118809484FF49061401880F30988E8
:10CB6000EFF314800221084380F31488BFF36F8F22
:10CB700000F024F9009D002094ED00E08094002056
:10CB80000749D1F890200023C2F3072218469342A8
:10CB900000DB7047C1F89830C1F8A0000133F6E718
:10CBA00000ED00E008B572B6002383F31388FFF7A9
:10CBB000E7FF144B4FF0FF32C3F88020C3F8842006
:10CBC000C3F88820C3F88C20C3F89020C3F89420C1
:10CBD000C3F89820C3F89C20C3F88021C3F88421AF
:10CBE000C3F88821C3F88C21C3F89021C3F894219D
:10CBF000C3F89821C3F89C2162B6BFF34F8FBFF3EF
:10CC00006F8F08BD00E100E0084B9B6883420BD1A9
:10CC1000EFF3058343B1064B5A6842F080525A60E5
:10CC20005A6A22F400425A620EF072BD8057002008
:10CC300000ED00E022498A6882F8DDE04FF0300024
:10CC40001044EFF3098C80E8F01F1EF0100F03D1A1
:10CC500002F19C0080EC108A402080F31288BFF320
:10CC60006F8F184F4FF000668A698A603E6092F9B4
:10CC7000DDE0D2F894000023C2F8943080F31188EC
:10CC80001EF0100F03D00023E1EE103A03E002F192
:10CC90009C0090EC108AEFF3148323F0040383F3D9
:10CCA0001488BFF36F8F04B5104600F089F9BDE812
:10CCB000044002F1300090E8F01F8CF309887047BF
:10CCC0008057002004ED00E01EF0040F0CBFEFF3CE
:10CCD0000880EFF30980816911F8021C0229FFD056
:10CCE00001B5724613F05EFB01BD00BF40B20028E3
:10CCF00007DB044A4109012300F01F00834042F88A
:10CD00002130704700E100E040B200280CDB43090D
:10CD1000064900F01F0020330122824041F8232001
:10CD2000BFF34F8FBFF36F8F704700BF00E100E08C
:10CD3000054B420900F01F0053F82220012303FA9B
:10CD400000F01040704700BF00E100E008B5D307D5
:10CD50000BD40231072909D90E490F486B2212F072
:10CD600006FC0C486B2112F0F9FB002140B20028B0
:10CD7000ACBF00F16040094B4FEA4111B8BF00F071
:10CD80000F00C9B2AABF00F56140195480F8001322
:10CD900008BD00BFF7A80300F488030014ED00E00D
:10CDA000044B054A23F07F039360BFF34F8FBFF31B
:10CDB0006F8F70470000000000ED00E008B5FFF73E
:10CDC000EFFF104BD3F8882022F47002C3F88820BC
:10CDD000D3F8882042F4A002C3F888204FF04042E4
:10CDE000C3F83422BFF34F8FBFF36F8F0023E1EE00
:10CDF000103A0CF0F9FB0EF059FF00F0B7F80CF008
:10CE000039FC00BF00ED00E042F8203C009B42F8F6
:10CE10001C3C019B42F8183C0A49029B42F8143C16
:10CE20004FF0807342F8043C21F00101002342F8E6
:10CE3000081C203AC0F894304FF47D430265C0F8D6
:10CE4000DC307047BDF40200037B13F0020F124B7D
:10CE500003D190F8DD20D20611D45A6B42F0804203
:10CE60005A63D0F8DC3019075CBF43F00803C0F800
:10CE7000DC30037B43F002030373802070475A6B5E
:10CE800022F080425A63D0F8DC301A0744BF23F006
:10CE90000803C0F8DC30F0E700EF00E00A4A034680
:10CEA000906878B113F1160FD0F8840005D0A0F186
:10CEB00080029A4205D8834203D2814228BF0020D3
:10CEC00070470020704700BF80570020104B9B68C0
:10CED00083421AD1EFF30580B8B9EFF311814022F4
:10CEE00082F31288BFF36F8F1A7B22F002021A734B
:10CEF000EFF3148323F0040383F31488BFF36F8FDD
:10CF000081F31188BFF36F8F70476FF01500704782
:10CF10008057002008B515460E460022E1EE102A83
:10CF2000EFF3148222F0040282F31488BFF36F8FB0
:10CF3000BFF36F8F074A906000F042F82C4686F3EB
:10CF400009880020044B9847204600210022002336
:10CF5000024C204780570020C3030300BDF40200A9
:10CF6000014B10221A61704700ED00E004480023D5
:10CF70004021C2180133302B82F80013F9D17047D9
:10CF800000E100E008B5EFF30583064A103B02EB31
:10CF9000C30152F8330049688847BDE80840FFF7ED
:10CFA00057B900BF9C1E0300024B034A03480121EE
:10CFB00000F0BAB800F0032000000020442E030067
:10CFC00010B50446FFF740FFD4F884200346054817
:10CFD000D21AC0E90023044B8360BDE81040012150
:10CFE00000F0BEB8C443002000000B1510B5044685
:10CFF0000820FCF751FD50B1094B4361094BC0E9D2
:10D00000063404230374002343748374C3740649F1
:10D0100000234FF4015212F058FF6FF0150010BDBD
:10D0200032A90300B2A903002425030010B40F4C59
:10D03000D4F89030C3F30723013B984203D95DF83D
:10D04000044BFFF7D3BFC4F898000B6823F01F030D
:10D05000034343F01003C4F89C308B6843F0010392
:10D06000C4F8A0305DF8044B704700BF00ED00E04D
:10D07000F0B50E4685B01F4604460025B54211DACC
:10D08000606830B3B7B1431E18420ED00820FCF7D9
:10D0900003FD08BB164900234FF4015212F015FF9F
:10D0A0006FF01502104605B0F0BD7F28EED921685B
:10D0B0000B42EBD12368019313F0A6F9A36801A9F1
:10D0C0000343D0B20393FFF7B1FF10F1160FE7D07F
:10D0D000421C01350C34D1E7064B4361064BC0E9D5
:10D0E000063504230374002343748374C374D1E7A7
:10D0F000242503005CA90300CBA90300044B0522EF
:10D10000C3F89420BFF34F8FBFF36F8F704700BFFA
:10D1100000ED00E0BFF35F8F024B0022C3F89420C4
:10D12000704700BF00ED00E010B50A4C01232278E3
:10D13000FFF79EFF207016300AD1074907484FF4C9
:10D14000BB7212F014FA04484FF4BB7112F006FAE5
:10D1500010BD00BFF95B002083A90300F488030021
:10D1600008B5114A00231278FFF782FF10F1160F5D
:10D1700008D00E4A0021D2F89030C3F3072398421A
:10D180000BDB08BD0A490B4840F2951212F0EFF98B
:10D19000074840F2951112F0E1F9C2F89800C2F880
:10D1A000A0100130E7E700BFF95B002000ED00E0D0
:10D1B00083A90300F48803002DE9F04F70487149FA
:10D1C000D0F890300D68C3F307239D4285B00AD98B
:10D1D0006D496E4840F2AD1212F0C9F940F2AD113E
:10D1E000694812F0BBF9FFF795FF496800229542A4
:10D1F00001F10C0129D1664C664F25706846FDF798
:10D2000049FADFF89481DFF8949106460025AE4292
:10D210002ED123785A490020D1F89020C2F307225A
:10D220009342C0F2A380FFF769FFD1F89030C3F3B7
:10D230000723082B00F0A0805349544840F21F22D6
:10D2400012F095F940F21F21CAE7C0F8982051F872
:10D250000C3C23F01F03134343F01003C0F89C3031
:10D2600051F8043C43F00103C0F8A0300132BEE79E
:10D27000009A02EB05132901D3F80CA00AEA070073
:10D28000B0F5000F58D00AD8B0F5001F34D0B0F573
:10D29000800F46D0B0F5801F12D00135B7E7B0F14E
:10D2A000807F54D0B0F1007FF7D19868D3F804A004
:10D2B000525813F0A9F8CDE901A240F480200BE008
:10D2C0009868D3F804A0525813F09EF8CDE901A253
:10D2D00040F0885040F430200390207801A9FFF7F7
:10D2E000A5FE00283EDA2849284840F2D71212F05D
:10D2F0003EF940F2D71173E79868D3F804B052585A
:10D3000013F082F81AF0010F40EA0800CDE901B2EB
:10D310000390E2D01C491D487B2212F028F97B21A2
:10D320005EE79868D3F804A0525813F06DF8CDE981
:10D3300001A240EA0900CFE79868D3F804A0525848
:10D3400013F062F8CDE901A240F08270C4E798685A
:10D35000D3F804A0525813F057F8CDE901A240F0D9
:10D360008870B9E723780133237096E7C1F89830C5
:10D37000C1F8A00001334FE7002005B0BDE8F08FF1
:10D3800000ED00E0502E030083A90300F4880300A1
:10D39000F95B00200000F0FF00000811000002020D
:10D3A00008B5094BC3F1005303F57C33B3F5006FA7
:10D3B00008D206490648922212F0D9F80348922171
:10D3C00012F0CCF8002008BD80B10020F0A90300C5
:10D3D000F4880300014B1860704700BFC8090020A3
:10D3E0000E4A0123C2F840354FF080424FF0805181
:10D3F000C2F87835D1F83001082808D1D1F83411B5
:10D40000052904D80648415C09B1C2F838364FF006
:10D4100080430122C3F880250020704700E00140CE
:10D4200020AA030020B1034B800143F001031847F9
:10D43000704700BF60270300BFF34F8F0549064BBD
:10D44000CA6802F4E0621343CB60BFF34F8F00BFA2
:10D45000FDE700BF00ED00E00400FA052DE9F84308
:10D46000914690F900200378002A05460E4603DB1A
:10D470006FF01500BDE8F88303F01F03012BF7D10F
:10D480004378062BF4D1B0F8048047881D485FFA32
:10D4900088F8414612F040FE3F0A044690B9082041
:10D4A000FCF7FAFA38B1184B4474C0E90538032385
:10D4B00003748474C474154900234FF4C45212F0E9
:10D4C00004FDD5E7212F04D0222F10D06FF0850066
:10D4D000D0E70368E9885B685B6813F8092F91421D
:10D4E00094BF31603260C9F800300020C2E7A0F577
:10D4F000A264EB8862689A4294BF3260336023680A
:10D50000F1E700BFE84800202AAA0300F425030041
:10D5100010B504460820FCF7BFFA40B1084BC0E93B
:10D52000053403230374002343748374C374BDE878
:10D530001040044900234FF4C45212F0C6BC00BF8F
:10D5400051AA0300F425030070B504460D460146B8
:10D550000A4812F0EFFD20B92046BDE87040FFF701
:10D56000D7BF022D09D1A0F5A2639B682BB11B691F
:10D570001BB1BDE870400068184770BDE848002046
:10D5800010B504460820FCF787FA40B1084BC0E903
:10D59000053403230374002343748374C374BDE808
:10D5A0001040044900234FF4C45212F08EBC00BF57
:10D5B00077AA0300F42503002DE9F0410F46818886
:10D5C0000546C9B26548904612F0A6FD0446B0B9BA
:10D5D0000820AD88FCF760FA38B1614B4474C0E9AB
:10D5E0000535032303748474C4745E4900234FF427
:10D5F000C45212F06AFC6FF01200BDE8F08195F998
:10D60000003000686E78002B54DA022E10D0032E02
:10D6100020D0012E3BD1A4F5A264A3687BB31C6883
:10D620006CB343463A462946A446BDE8F0416047FC
:10D630006888C0B2012338B96FF481721444C8F805
:10D6400000403B600020D8E7A0F582702044C8F875
:10D650000000F6E76B88ABB10820FCF71DFA40B17B
:10D66000414B4361414B83610023067443748374CF
:10D67000C37400234FF4C2523A4912F026FC6FF0F3
:10D680008500BAE7033CC8F800400123D9E7082029
:10D69000FCF702FA50B1364B4361364BC0E906360F
:10D6A00004230374002343748374C37400234FF46E
:10D6B0000152E1E70A2E0AD00B2E2DD0092EE6D119
:10D6C000A4F5A264A368002BD9D05C68A8E76E8893
:10D6D000310A16F0FF06A4F5A26714D16FF4817326
:10D6E0004FF48072E01814F09AF94FF480623146DA
:10D6F000A4F2045014F093F96B88003B18BF012387
:10D7000087F80C349EE7BB19013607EB860683F8D1
:10D710000C1400237360EFE76D88012D0AD90820EF
:10D72000FCF7BAF90028C1D0134B4361134BC0E991
:10D730000635B5E714F8032CAA42A4F5A26381D0FC
:10D74000E9B204F8031C9B68002B3FF47BAF9B6895
:10D75000002B3FF477AF984774E700BFE8480020FC
:10D760002AAA0300F425030098AA030016AB0300BD
:10D77000AFAA03002AAB0300CCAA030002AB03004C
:10D7800038B504460D460146234812F0B9FC20B9CD
:10D790002046BDE83840FFF7F3BE691EA0F5A2643D
:10D7A000092921D8DFE801F005201D2127292020A3
:10D7B000202F002384F80E3584F80F3594F80D35AA
:10D7C000D4F8100501218B4284F80D1504D0A3680C
:10D7D00013B19B6803B198472046BDE8384012F06A
:10D7E0003FBE012384F80E3538BD002384F80E3582
:10D7F00084F80F35F8E70123FAE794F80F35002B8A
:10D80000F2D00023F4E794F80C34002BECD020463F
:10D81000BDE8384012F038BEE848002010B5046971
:10D82000C4E90012A3600023C4F81435064BC4F801
:10D830001005596804F2145211B9C3E9002210BD51
:10D840000A605A60FBE700BFE848002070B54468F2
:10D85000006990F80E5545B190F80F0528B9206A77
:10D86000BDE87040007912F033BC0620FCF714F9D3
:10D8700038B1084B4361022303740023437483745B
:10D88000C374054900234FF4845212F01EFB6FF05D
:10D890000A0070BDE9AA0300F4250300020600F0A7
:10D8A0007F0312D5082B05D1010700F00F0306D521
:10D8B0000E48704710F0780F12D100F00F034C2083
:10D8C00000EB43100A4B18447047082B05D10207A0
:10D8D00000F00F0306D50748704710F0780FF6D018
:10D8E00000207047044800EB431070473C4A00207A
:10D8F000F04800205C4B00205C4A002001490248AF
:10D9000013F094BF18490020882E002001460148DA
:10D9100013F063BF2C0E002008B50820FCF7BCF8FC
:10D9200048B10D4B43610D4B836103230374002306
:10D9300043748374C3740A4900234FF4C25212F033
:10D94000C4FA084908484FF4E37211F010FE054884
:10D950004FF4E37111F002FE47AB0300AAAE0300DF
:10D96000FC25030067AB0300F488030010B51049E1
:10D97000BFF35B8F002351E8002F012A03D141E858
:10D9800000300028F7D1BFF35B8F0CBF0120184691
:10D990000DD151F8044C14392046FBF77FF910F1F2
:10D9A000780F04D12046BDE81040FBF721B910BD27
:10D9B000104900200248002200230CF02BBA00BFBF
:10D9C0002C0E002013B5124801F022FA114B984298
:10D9D0001AD1114808F032FC0024104808F082FCEB
:10D9E0000F49104800944FF0FF334FF480620CF061
:10D9F000C3FD0D490B480CF0B7FE0C480C490CF068
:10DA000049FD204602B010BD6FF00400FAE700BFE8
:10DA1000C1DC01000000AD0B31AE0300742E030029
:10DA200000900020882E00209BAB030018490020A6
:10DA30007DDE010038B5002464F07F00C0B2FFF73E
:10DA40002DFF50B91B491C4840F27A2211F08FFD7E
:10DA500040F27A21174811F081FD013412F05BFD8C
:10DA6000082CE9D1154D0024E0B2FFF717FF40B9AB
:10DA7000104911484FF4207211F079FD4FF42071D4
:10DA8000E8E7036903B90561013412F044FD082C8D
:10DA900005F14005E8D10A4812F03DFD094BD3F8E5
:10DAA0007C2212B9084AC3F87C22084812F033FDE0
:10DAB000002038BD67AB0300F4880300804F0020CE
:10DAC0003C4A0020F0480020804B00205C4B0020A6
:10DAD00010B5054CFFF76EFF20B1416820460BF0F2
:10DAE000C7FEF7E710BD00BF480D002013B50022A8
:10DAF0001948002301A90BF049FE50B30820FBF799
:10DB0000CBFF48B1154B4361154B8361032303746D
:10DB1000002343748374C374124900234FF4C25228
:10DB200012F0D3F9FFF7D4FF0B480022002301A91C
:10DB30000BF02CFE044608B1FFF7EEFE019804231B
:10DB400040600374FFF7E2FEFFF7D8FE204602B004
:10DB500010BD01984060FAE7480D0020A6AB030015
:10DB6000AAAE0300FC250300022810B5044611D814
:10DB7000144B1C5CFFF7BAFF18B300220274047246
:10DB8000FFF7C4FE104B93F82430D3B1BDE810402A
:10DB9000FFF7B4BE0820FBF77FFF50B10B4B43618A
:10DBA0000B4BC0E9063404230374002343748374CD
:10DBB000C374BDE81040074900234FF4015212F02E
:10DBC00084B910BDB6AD0300F0480020C8AB030017
:10DBD000B9AE0300FC2503002DE9F0418778064625
:10DBE0003846FFF75BFE3B06F47805462BD5CCB1F3
:10DBF000032C5BD00A20FBF74FFF58B12C4B43613D
:10DC00002C4B0762C0E906340523037400234374D8
:10DC10008374C374BDE8F041274900234FF42152B7
:10DC200012F053B9FFF762FF034600283ED00122ED
:10DC3000AC770274032202739D60FFF767FEBDE8B4
:10DC4000F041FFF75BBE4CB1012CD3D1FFF74EFF83
:10DC5000034658B36C7704740473EDE7FFF746FF8F
:10DC600020B3B278154B12F0800F02F0080111D0EA
:10DC700041B1D3F8A836EB60012303740223037388
:10DC80008560DAE702F00F02142101FB0233D3F8BA
:10DC90000836F0E711B1D3F8A837ECE702F00F022D
:10DCA000142101FB0233D3F80837E4E7BDE8F08123
:10DCB000E7AB0300B9AD0300FC2503000070024090
:10DCC0002DE9F041804688B01422002103A813F00A
:10DCD000A6FE98F80030062B26D8DFE803F0BD0436
:10DCE000121717AC19000224FFF700FF0346D8B142
:10DCF000047400F10802DDE9050182E8030018461A
:10DD00003FE003238DF814300024EDE70423F9E706
:10DD100098F802703846FFF7C1FD857A064635B19E
:10DD2000013D022D40F2818008B0BDE8F0813B0644
:10DD300098F803402CD5CCB1032CF5D00A20FBF782
:10DD4000ABFE50B1454B4361454B0762C0E9063419
:10DD50000523037445748574C574424900234FF448
:10DD6000215208B0BDE8F04112F0AFB8FFF7BEFE97
:10DD700003460028D8D00122B4770274032202732C
:10DD80009E60FFF7C3FD08B0BDE8F041FFF7B6BDE8
:10DD900054B1012CD2D1FFF7A9FE03460028C3D00D
:10DDA000747704740473EBE7FFF7A0FE05460028C0
:10DDB000BAD00123037402230373866098F802002B
:10DDC00006F10C0112F0E6FB0746F0B10820FBF764
:10DDD00063FE48B1244B4361214B4474C0E90637CC
:10DDE000042303748474C4741E4900234FF4015245
:10DDF00012F06BF81D491E4840F29D3211F0B7FB3E
:10DE00001A4840F29D3111F0A9FB1A4AF168B2F8A4
:10DE10008C328B4206D95B1AA2F88C3201F032FCAC
:10DE20002846AEE7A2F88C02FAE7404608B0BDE803
:10DE3000F041FFF7D1BE01A801F002FC9DF80530CA
:10DE4000052B05D19DF8043013F0600F3FF46CAF43
:10DE5000094B0593012447E7032445E7E7AB03009B
:10DE6000D2AD0300FC25030017AC030067AB030031
:10DE7000F4880300F04800205C4A00202DE9F043BC
:10DE8000A94DDFF8A88285B00746FFF793FD064647
:10DE900010B905B0BDE8F08395F82530347C3BB966
:10DEA000002C00F0E1807168A0480BF0E1FCECE789
:10DEB000042C00F22582DFE814F0D7000500A00151
:10DEC000B601E90117F8044CB4B9B368082093F817
:10DED0000990FBF7E1FD48B1954B4361954B4474C4
:10DEE000C0E90639042303748474C474924900237E
:10DEF0004FF4015211F0E9FFB46854B98F499048CA
:10DF00004FF44B7211F033FB4FF44B718B4811F00F
:10DF100025FB337B032B4DD8DFE803F002538E93B0
:10DF2000A27A42B1854986484FF4397211F01FFB3D
:10DF30004FF43971EAE7D4F81490824BC9F8002005
:10DF4000C9F80420D3F8801489F80010D3F8841499
:10DF500089F80110D3F88814D3F88C0441EA002121
:10DF6000A9F80210D3F89014D3F8940441EA0021E0
:10DF7000A9F80410D3F89814D3F89C3441EA032389
:10DF8000A9F806300823E360D9F80000D9F8041096
:10DF90006D4B03C311462368607A984799F90030A6
:10DFA000002B0ADBB9F806309AB232B1A5F88C32F0
:10DFB00001F068FB7168404677E70023A5F88C32D2
:10DFC000F8E7637F002BF5D0237F002BF2D04FF0D2
:10DFD000000984F81D905D4884F81C904FF0FF32D2
:10DFE0004FF0FF3312F0AAFA636901936368CDE939
:10DFF000023901A9607A00F083FF554B984204462C
:10E0000016D00820FBF748FD60B1524B4361524BDC
:10E0100080F81190C0E906340423037480F812904C
:10E0200080F81390444900234FF4015211F04DFF42
:10E03000464812F085FABDE723680121607A9847C7
:10E04000B8E7A37A6BB9E37F5BB940484FF0FF3282
:10E050004FF0FF3312F072FA01F01AFB3B4812F056
:10E060006FFA23680221E9E7327A042AA2D8DFE8AE
:10E0700002F094032EADB90000F044FE04460028DF
:10E0800098D100F04BFDBFF35B8F3449012351E879
:10E09000002F002A03D141E800300028F7D1BFF358
:10E0A0005B8F87D141F8084C41F8104CE8696B61EF
:10E0B0001439FAF719FD0028BFF67CAF1F49204834
:10E0C00040F2AA2211F053FA40F2AA211EE70024DE
:10E0D00064F07F00C0B2FFF7E1FB40B91749184870
:10E0E00040F2312211F043FA40F231210EE7037A77
:10E0F00013B1407A01F084FC0134082CE8D195F882
:10E1000054311BB195F8550101F07AFC0024E0B2BE
:10E11000FFF7C4FB20BB0949094840F2432211F034
:10E1200026FA40F24321F1E6F0480020480D002095
:10E130003BAC03001FAE0300FC25030067AB0300EC
:10E14000F488030000700240F448002028490020B1
:10E150000000AD0B65AC030005AE030010490020C4
:10E16000037A13B1407A01F04BFC0134082CCED174
:10E1700095F874321BB195F8750201F041FC01204D
:10E1800000F090FD012385F825302B68002B3FF42B
:10E1900011AF0021022098470CE7002485F82540A4
:10E1A00001F074FBFFF7E2FBA04208DA5F49604828
:10E1B00040F2C22211F0DBF940F2C221A6E62B6840
:10E1C000002B3FF4F7AE21460420E4E7002B3FF498
:10E1D000F1AE00F0A1FD2B68002B3FF4EBAE002167
:10E1E0000520D8E72A68002A3FF4E4AE002B3FF46C
:10E1F000E1AE002106209047DCE607F110044FF065
:10E20000FF334FF0FF32204612F098F9FFF712FC6F
:10E21000204612F095F957F8283C002B3FF4CAAE7F
:10E2200000210120B7E795F87432E3B14FF00109FE
:10E2300085F8899285F88892FFF758FC0446D0B992
:10E240000820FBF729FC40B13A4B43613A4B83610C
:10E250000323037444748474C474384900234FF452
:10E26000C25211F032FE57F8283C002B3FF4A2AE08
:10E2700000210A208FE7324B80F8109080F80C9034
:10E280008360FFF743FBFFF739FBECE70820FBF760
:10E2900003FC48B12B4B43612B4B83610323037475
:10E2A000002343748374C374244900234FF4C2527F
:10E2B00011F00BFE13F048F801F0E8FA00F010FC42
:10E2C000FFF706FCFFF7B6FB40B11849184840F2CB
:10E2D000864211F04CF940F2864117E613F02DF812
:10E2E0001A4800F095FD1A4B98423FF463AE0F496F
:10E2F0000F4840F28D4211F03AF940F28D4105E6A7
:10E300000820FBF7C9FB50B1124B43610E4BC0E92B
:10E31000063404230374002343748374C3740749CD
:10E3200000234FF4015211F0D0FD43E667AB030028
:10E33000F48803008FAC0300EBAD0300FC25030061
:10E340005C4B0020A7AC03001FAE0300C1DC010042
:10E350000000AD0BC2AC030038B5164D95F8244053
:10E360002CBB05F1380013F025FA204601F0FEFF22
:10E3700022460121E8612720FEF7E8FC12F0DDFFCC
:10E38000FFF758FB044610B9012385F824300A4BE7
:10E390001B680BB1FFF7B2FA4FF08043D3F8383463
:10E3A000DB0702D50020FFF7DFFB204638BD002445
:10E3B000FBE700BFF04800202C0E002008B50E4BF4
:10E3C00093F824209AB193F8253083B10B4BD3F8FE
:10E3D0007034DBB283420DD009490A4840F25952E9
:10E3E00011F0C5F8064840F2595111F0B7F86FF036
:10E3F000120008BD0020FCE7F04800200070024039
:10E4000067AB0300F488030010B50378047903F0C8
:10E410000F02B4B972B30820FBF73EFB40B1174BB3
:10E420004361174B83610323037444748474C4747D
:10E43000144900234FF4C25211F047FD4FF0FF3052
:10E4400010BD082A0FD90820FBF726FB0028EFD0C3
:10E450000D4B43610A4B8361032303740023437410
:10E460008374C374E4E7012C04D183F0080040F303
:10E47000C000E5E743F3C000E2E700BFDEAC030005
:10E4800096AE0300FC25030001AD030038B51A4B1E
:10E4900093F8243004465BB305782846FFF7FEF96D
:10E4A000F8B145722379837263884360207861886C
:10E4B00010F0080518D14B1E0B4215D00820FBF7B1
:10E4C000EBFA40B10D4B43610D4B836103230374A1
:10E4D00045748574C5740B4900234FF4C25211F082
:10E4E000F4FC6FF0150038BD00F04CFC0020FAE79A
:10E4F0006FF01200F7E700BFF048002024AD0300E2
:10E5000082AE0300FC25030038B51D4B93F8242090
:10E5100005468AB393F8253073B3FFF7BFF9044675
:10E5200010B96FF0150038BD837A012B0FD007D9D1
:10E53000023B012B07D96369A3610020E060F2E789
:10E5400001F0ACF8F7E7284601F02AF8F3E70820D5
:10E55000FBF7A2FA48B10B4B43610B4B83610323DA
:10E560000374002343748374C374084900234FF475
:10E57000C25211F0AAFCD4E76FF01200D3E700BF3B
:10E58000F048002050AD03006EAE0300FC250300F0
:10E5900038B50E4B93F82420054682B193F8253008
:10E5A0006BB1FFF77BF968B115F008040AD1284672
:10E5B00001F02AF8284601F05BFA204638BD6FF0DA
:10E5C0001200FBE76FF01500F8E700BFF0480020ED
:10E5D00038B50C4B93F8242005460C4662B193F8ED
:10E5E00025304BB1FFF75AF948B144B1284600F045
:10E5F000F1FF2070002038BD6FF01200FBE76FF0D4
:10E600001500F8E7F048002070B5134E96F8243056
:10E610000446C3B1FFF742F90546B8B1230705D454
:10E62000204600F0F1FF204601F022FA2B7A83B950
:10E6300001232B7296F825300BB9002070BD2046BF
:10E6400001F0DEF9F9E76FF01200F7E76FF015005F
:10E65000F4E76FF07700F1E7F04800202DE9FF477D
:10E66000DFF858811E4698F8243007468A4615463A
:10E67000002B00F0948098F82530002B00F08F805C
:10E6800003061FD5FFF70AF90446D8B190F80890A1
:10E69000B9F1000F1CD10820FBF7FEF960B1414B26
:10E6A0004361414B80F81190C0E90637042303749D
:10E6B00080F8129080F813903C4900234FF40152E7
:10E6C00011F003FC6FF01504204604B0BDE8F0879C
:10E6D0004FF0FF334FF0FF3208F1380011F02EFFFA
:10E6E000A37F33B108F1380011F02AFF6FF00A045C
:10E6F000EAE7A37A8DB3002B3FD00123A3773846F6
:10E700004FF0000801A9CDE901A5CDF80C8000F07B
:10E71000F7FB274B984207463DD084F81E800EB188
:10E72000C6F800800820FBF7B7F950B1214B4361D0
:10E730001D4BC0E90637042303740023437483741C
:10E74000C3741A4900234FF4015211F0BEFB6FF05D
:10E750000404194811F0F4FEB6E7E27F02B1E57750
:10E76000002BCAD100F0A0FF8742C6D000F090FF76
:10E77000114811F0E5FE0024A6E7B8F80A309D42E2
:10E78000F0D26268B5FBF2F302FB1353002BE9D120
:10E790000123E377E6E706B135600024D9E76FF09F
:10E7A000120491E776AD03005EAE0300FC25030082
:10E7B0000000AD0B99AD030028490020F04800206F
:10E7C0002DE9F8431D462F4B174693F82420804629
:10E7D0000E46002A53D093F82530002B4FD010F06E
:10E7E000800F22D101B907BB4046FFF757F8044616
:10E7F000D8B190F80890B9F1000F19D10820FBF7B3
:10E800004BF960B1204B4361204B80F81190C0E977
:10E8100006380423037480F8129080F813901C4982
:10E8200000234FF4015211F050FB6FF0150013E07C
:10E830004FF0FF3317484FF0FF3211F07FFEE368CF
:10E840009F42B84628BF984646B93FB905B12B60EC
:10E85000104811F075FE0020BDE8F883A16942461A
:10E86000304613F0B4F8A3694344A361E368A3EB13
:10E870000803E360002DEBD0C5F80080E8E76FF0F7
:10E880001200E9E7F048002076AD03004AAE03002D
:10E89000FC25030028490020F8B5294D95F82430BF
:10E8A0000746002B48D095F82530002B44D00306AE
:10E8B00019D4FEF7F3FF0446A8B1067AB6B90820CA
:10E8C000FBF7EAF848B11F4B43611F4B4674C0E9A0
:10E8D0000637042303748674C6741C4900234FF45E
:10E8E000015211F0F2FA6FF01500F8BD4FF0FF334E
:10E8F0004FF0FF3205F1380011F020FEE368B3B9A4
:10E90000012663692677A361637F83B1FFF7EEF881
:10E9100030B905F1380011F013FE6FF00B00E4E799
:10E92000067484600673FEF7F1FFFEF7E7FF084800
:10E9300011F006FE0020D8E76FF01200D5E700BF07
:10E94000F048002076AD030032AE0300FC25030042
:10E950002849002010B5084B93F824300C462BB101
:10E96000FEF79CFF28B10460002010BD6FF012007C
:10E97000FBE76FF01500F8E7F0480020014B186046
:10E98000704700BFF048002008B5074B93F82430CB
:10E9900023B1FEF783FF20B1406808BD6FF012007D
:10E9A000FBE76FF01500F8E7F04800204FF08053C8
:10E9B000D3F83021082A06D1D3F83431052B04D8F6
:10E9C000034AD05C7047002070470120704700BFA9
:10E9D00025AF0300EFF31180402383F31288BFF3C8
:10E9E0006F8F0A4BD3F8001C032261B949F27531CD
:10E9F000C3F8001CC3F8142DC3F8001C80F3118861
:10EA0000BFF36F8F7047C3F8142DF7E700E006409F
:10EA1000EFF31180402383F31288BFF36F8F0A4B0B
:10EA2000D3F8001C61B949F27532C3F8002CC3F861
:10EA3000141DC3F8002C80F31188BFF36F8F70474B
:10EA40000022C3F8142DF6E700E0064000F00F02A4
:10EA5000082A08B50AD90B490B484FF4D77210F0B1
:10EA600086FD08484FF4D77110F078FD074B10F081
:10EA7000800F03F1D80118BF0B46182000FB0230AD
:10EA800008BD00BFDDAE0300F4880300C0510020C4
:10EA900008B500F00F03082B0AD90849084840F2CE
:10EAA000C11210F064FD054840F2C11110F056FD8E
:10EAB000C043C0F3C01003EB001008BDDDAE03007F
:10EAC000F48803004FF08053D3F83031082B02BF95
:10EAD000024B0022C3F81C2C704700BF007002409C
:10EAE00008B50A4B1A78012A0AD00949094840F2A8
:10EAF000744210F03CFD064840F2744110F02EFDC7
:10EB0000054900220A601A7008BD00BFFE5B0020A4
:10EB1000DDAE0300F48803007853002010B5574C95
:10EB20002378012B0AD05649564840F27C4210F017
:10EB30001EFD40F27C41524810F010FD524B4FF444
:10EB40000062C3F80024FFF731FF08B1FFF742FF6E
:10EB50004FF08053D3F83031082B18D1EFF31180E8
:10EB6000402383F31288BFF36F8F484BD3F8001C08
:10EB7000C02200296DD149F27531C3F8001CC3F8D9
:10EB8000142CC3F8001C80F31188BFF36F8F3E4B29
:10EB90000122C3F80025D3F800241205FBD54FF459
:10EBA0000062C3F800244FF08053D3F83031082BB3
:10EBB00017D1EFF31180402383F31288BFF36F8FD7
:10EBC000324BD3F8001C002946D149F27532C3F804
:10EBD000002CC3F8141CC3F8002C80F31188BFF379
:10EBE0006F8FFFF7E3FE30B1FFF712FFFFF7DEFE96
:10EBF00008B1FFF7EFFE4FF08053D3F83031082B08
:10EC0000214B0AD140F2E372C3F800284022C3F836
:10EC10000428BFF36F8FBFF34F8F8022C3F81C25EA
:10EC20000122C3F830251A4B40F2FF121A60194B2B
:10EC300000211960184B1970184B9B68012B0FD0DD
:10EC40000F4910484FF4956210F091FC4FF4956114
:10EC500071E7C3F8142C96E70022C3F8142CBCE724
:10EC6000FFF730FF0E4B197002232370FFF79EFE53
:10EC700018B1BDE81040FFF7CBBE10BDFE5B002011
:10EC8000DDAE0300F48803000070024000E006409F
:10EC90007453002070530020FA5B0020F80D002010
:10ECA000FC5B002010B5104B1B78022B0AD00F49DB
:10ECB0000F4840F2DC4210F05AFC0C4840F2DC41B4
:10ECC00010F04CFC0B4B0C4C00221A700B4A0C4BF6
:10ECD000002808BF1346C4F800332720FEF706F8C3
:10ECE0000123C4F8043510BDFE5B0020DDAE030037
:10ECF000F4880300FD5B002000700240FDFFDF018F
:10ED0000FDFFFF01034B1878012894BF002001206C
:10ED1000704700BFFE5B002010B54FF0FF324FF090
:10ED2000FF3315480BF050F9EFF31181402383F3C3
:10ED30001288BFF36F8F114B1B7803F0FF0483B170
:10ED40000F4BD3F8002412F400720AD10120C3F84B
:10ED50002C05D3F82C05D3F80004800502D5C3F8A0
:10ED60002C25002481F31188BFF36F8F02480BF02C
:10ED7000C7F8204610BD00BFF80D0020FD5B002045
:10ED8000007002404B1E0B4210B500F008030C4609
:10ED90000CD001071ED11B491B4840F2695210F0EC
:10EDA000E6FB40F26951174810F0D8FB91B9020711
:10EDB00008D11449144840F26B5210F0D8FB40F2CD
:10EDC0006B51F0E713B1114BD3F81C35FFF73EFE42
:10EDD000848210BDA3B10D4BD3F81C1540F2FF3255
:10EDE00040F2FF13802918BF13469C42EED9054913
:10EDF000054840F26D5210F0BAFB40F26D51D2E777
:10EE0000402CF3E7DDAE0300F488030000700240FD
:10EE1000F8B550B92149224840F24D4210F0A7FB05
:10EE20001E4840F24D4110F099FB1E4B1C7894BBDC
:10EE30001D4A106001221A7040F2FF17264664F046
:10EE40007F0514F0080FEDB214BF39464021284663
:10EE5000FFF798FF2846FFF7F9FD0134092C867566
:10EE600006730661EBD1002440F2FF17254614F02B
:10EE7000080FE6B214BF394640213046FFF782FF43
:10EE80003046FFF7E3FD0134092C857505730561F4
:10EE9000EDD10648F8BD0648FCE700BFDDAE030033
:10EEA000F4880300FE5B0020785300200000AD0BC7
:10EEB0000500AD0B08B543B200F00F0008280AD9D1
:10EEC0000C490D4840F2815210F051FB094840F2C4
:10EED000815110F043FB002B084BB4BFD3F8102531
:10EEE000D3F8142501238340134214BF01200020CE
:10EEF00008BD00BFDDAE0300F488030000700240CF
:10EF00002DE9F84381460C46FFF7C2FDEFF3118867
:10EF1000402383F31288BFF36F8F54B926492748E3
:10EF200040F2BC5210F023FB40F2BC51224810F0DA
:10EF300015FB19F00F0F03D1214B1B784B4537D12F
:10EF4000204B214F1B683D68DB4301269BB2864066
:10EF50002B4333422ED14846FFF778FD19F0800F3E
:10EF600003460FD122686AB102F06042B2F1005F3D
:10EF700008D0114911484FF4BA6210F0F8FA4FF472
:10EF8000BA61D3E701221A7394E8070083E8070007
:10EF900000221A619A750D4B0D48354380223D6061
:10EFA000C3F8042188F31188BFF36F8FBDE8F8839D
:10EFB0000848F7E70848F5E7DDAE0300F4880300EA
:10EFC000FC5B0020745300207053002000E100E03F
:10EFD0000000AD0B0A00AD0B0B00AD0B10F0080FDD
:10EFE000074B06D0D3F8C00410F4803F18BF0020B0
:10EFF000704700F00F0000F5947053F82000704740
:10F00000007002402DE9F74FA04BA14DD3F85421D9
:10F01000DAB10022C3F85421D3F80413890214D5BD
:10F020008DF80420D3F82025ADF80620D3F8C0349D
:10F03000002B2B6814BF4FF001224FF48072134352
:10F040002B60944B01A81B689847904BD3F8604104
:10F0500034B10022C3F86021D3F86C44C3F86C4487
:10F06000D3F828214AB10022C3F828218A4B187806
:10F07000FFF70EFD012383401C43884F97F8008063
:10F0800097F9009008F00F03082B0AD984498548A6
:10F090004FF4917210F06BFA4FF49171804810F0B8
:10F0A0005DFA18F00801804E42D1B9F1000F2FDA55
:10F0B0007E4A52F8230020B342F82310142253430F
:10F0C00003F1804303F51C33D3F80836784A1178EE
:10F0D00003F001034B401370FFF7F4FC75480AF08E
:10F0E0000FFF4046FFF7B2FC837D032B38D140462B
:10F0F000FFF7CEFC012303FA00F0336823EA000394
:10F100003360DFF890A14FF001084FF006095DE091
:10F11000694A52F823000028F3D042F82310142241
:10F12000534303F1804303F51C33D3F80837CDE78D
:10F13000B9F1000F554B09DBD3F85021002AE0D07C
:10F140000022C3F85021D3F8A837BFE7D3F82C2109
:10F15000002AD6D00022C3F82C21D3F8A836B5E770
:10F16000037BE3B94046FFF793FC012303FA00F069
:10F170003368B9F1000F23EA0003336002DAB8F113
:10F18000880FBED106238DF8043000238DF8073098
:10F19000404B8DF806801B6801A89847B1E7B8F18D
:10F1A000000FAED1394B0122DA64AAE794FAA4F039
:10F1B0002A68B0FA80F008FA00F31A430F282A6090
:10F1C00024EA0304326849DD134256D0002CEDD105
:10F1D0002E4BD3F800215AB1C3F80041374B1C70B5
:10F1E0002D4B1C70012301932A4B01A81B689847E3
:10F1F000264BD3F85821002A6DD00022C3F858219D
:10F20000D3F80044C3F80044E20508D52B4B012293
:10F210001A70022301931F4B01A81B689847A3058E
:10F2200008D5264B00221A7003230193194B01A81D
:10F230001B68984760054ED5204A1378002B4AD0AA
:10F24000124BD3F82C1500293AD01549154840F235
:10F25000F52210F08CF940F2F5211FE71340B5D1EB
:10F2600060F07F018DF804908DF806108DF807305E
:10F27000DAF8003001A89847A8E7A0F110018DF84E
:10F2800004908DF806108DF80780F1E700700240B9
:10F290007453002078530020FC5B0020FB5B0020AF
:10F2A000DDAE0300F48803007053002008710240B3
:10F2B000FA5B0020F80D002030710240FD5B002059
:10F2C00011700122C3F808259A6504230193AD4B00
:10F2D00001A81B689847AC4BD3F85C31FBB1AB4B32
:10F2E0009B6813B93B78590619D0A74B0022C3F885
:10F2F0005C21D3F88034A64A23F07F03137033686F
:10F3000023F0011333602B6823F4803343F00103AF
:10F310002B60052301939B4B01A81B68984732681B
:10F320002B681A4200F01C819848002200230AF042
:10F330004BFE002840F01481934BD3F82C35002B62
:10F3400000F09A80914803B0BDE8F04F0AF0D8BDB4
:10F3500049F0800B5846FFF779FB037B0446002BEE
:10F3600000F0AA804368B0F814800168984528BF6F
:10F37000984601F06043B3F1005F23D122686368CF
:10F3800042442260A268A3EB0803D2074FFA8BF035
:10F39000636040F1A680B8F1000F40F0A580002323
:10F3A0002373A1E05846FFF719FEB4F814C0604576
:10F3B0001AD97849784840F2631210F0D8F840F230
:10F3C00063116BE6B8F1400F08D9724972484FF4E7
:10F3D000C17210F0CCF84FF4C1715FE66F4842463D
:10F3E00012F0F5FA6D49C9E723686BB103F0604389
:10F3F000B3F1005F08D0674967484FF4B27210F06C
:10F40000B6F84FF4B27149E66368226898429BBF30
:10F410001B1A02EB000E4FF0000863609CBFC4F89B
:10F4200000E08046604511460FD1003B18BF012324
:10F430006AB9B8F1000F52D0564957484FF45A7282
:10F4400010F095F84FF45A7128E60023F0E7404594
:10F450003BD9012303FA09F32AEA030302223360AA
:10F460000623A2758DF80430464B8DF806B01B6854
:10F470008DF8072001A89847D6F800A02B681AEA53
:10F4800003093FF45FAF19F0012314BF93FAA3F906
:10F4900099FAA9F9B9FA89F9B9F10F0F7FF658AFBE
:10F4A000A9F1100B5FFA8BFB5846FFF7CFFA037BED
:10F4B0000446002B7FF476AF3649374840F2573286
:10F4C00010F055F840F25731E8E508D0314932489C
:10F4D00040F2793210F04BF840F27931DEE54FFA24
:10F4E0008BF0002B3FF45BAF4FF080530126D3F835
:10F4F0003031082B02BF244B8222C3F81C2C2B680E
:10F5000087F800B006FA09F923EA09032B6023699A
:10F51000434423610BF00F04082C08D91D491E48F1
:10F520004FF4A47210F023F84FF4A471B6E51BF069
:10F53000080F154B17D100284FF0140202FB0432BC
:10F54000A9BF0A3403EB8403C2F80017C2F804878A
:10F55000AFBF43F82460C2F80016C2F804865E60AC
:10F5600003B0BDE8F08F0028B5BFC3F8A016C3F8FC
:10F57000A017C3F8A486C3F8A487B4BF5E629E64D4
:10F58000EEE700BF7853002000700240F80D002025
:10F59000FC5B0020DDAE0300F488030080510020F6
:10F5A00008B503070AD50849084840F207620FF07A
:10F5B000DEFF054840F207610FF0D0FF044B40F436
:10F5C0008070C3F8180508BDDDAE0300F4880300A1
:10F5D00000700240030713D400F00F0310F0800FF7
:10F5E000084A0BBF03F5887303F5847302EB8302AB
:10F5F00052F8230008BF5068003818BF0120704738
:10F60000002070470070024008B503070AD5094979
:10F61000094840F229620FF0AAFF064840F229612A
:10F620000FF09CFF054BC3F80C0540F48070C3F845
:10F630000C0508BDDDAE0300F48803000070024035
:10F640000023036043600E4BD3F880240270D3F88C
:10F6500084244270D3F88824D3F88C1442EA01221F
:10F660004280D3F89024D3F8941442EA0122828095
:10F67000D3F89824D3F89C3442EA0323C38070471C
:10F6800000700240014B0122DA64704700700240B2
:10F69000014B01221A65704700700240014B0122A4
:10F6A0005A65704700700240014B1878704700BFE0
:10F6B000FC5B002038B50446EFF31185402383F34B
:10F6C0001288BFF36F8F03060AD51249124840F221
:10F6D00053620FF04CFF0F4840F253610FF03EFFB2
:10F6E000FFF7D6F90D4A012303FA00F0136823EA65
:10F6F0000003136014F0080201BF04F00F04084B6C
:10F7000004F5947443F8242085F31188BFF36F8FB8
:10F7100038BD00BFDDAE0300F48803007453002041
:10F72000007002402DE9F04F044685B0EFF31187D9
:10F73000402383F31288BFF36F8FFFF787F914F02C
:10F74000800F414E05462BD12046FFF7A1F9D6F890
:10F7500000804FF0010909FA00F030EA08000BD0F0
:10F760002046FFF7A7FF0323AB7587F31188BFF38C
:10F770006F8F05B0BDE8F08F28732046FFF788F93A
:10F7800009FA00F028EA000030602046FFF780F90F
:10F790002E4A136809FA00F923EA09031360E2E725
:10F7A000230715D4802C2A4B41D004F00F0202F21B
:10F7B000DA325200C3F80028D3F80428D3F804182A
:10F7C000D2B242F002020A43C3F80428D3F8043844
:10F7D000DFF87890D6F800B0D9F800A020466BEAA0
:10F7E0000A030193FFF754F94FF00108019B08FA4F
:10F7F00000F00342B9D02BEA000030602046FFF74A
:10F8000047F900232B73032308FA00F8AB758DF832
:10F810000F30104B8DF80E4048EA0A000622C9F856
:10F8200000001B688DF80C2003A898479DE740F264
:10F83000B472C3F80028D3F80428D3F80418D2B25D
:10F8400042F00402BFE700BF705300207453002051
:10F85000007002407853002038B50446094D4FF03F
:10F86000FF324FF0FF3328460AF0AEFB2046FFF789
:10F8700059FF28460AF044FB034B8022C3F80421B9
:10F8800038BD00BFF80D002000E100E02DE9F04197
:10F890003A4D2B7853B93A493A4840F2BA420FF000
:10F8A00066FE40F2BA4136480FF058FE4FF0FF3383
:10F8B00035484FF0FF320AF087FB2B78022B08D037
:10F8C0002F49304840F2FC420FF051FE40F2FC411B
:10F8D000E9E72E4B8022C3F884212720FDF728FA80
:10F8E000A0B12B4F2B4B3C681B68240C24041C43F9
:10F8F0004FF0010864BB284E40F2FF133B60272005
:10F90000C6F80445FDF700FAC6F80043234A137809
:10F910008BB1214B0021C3F808110121C3F8002647
:10F92000C3F804165960D3F808110029FBD0002150
:10F93000C3F808111170184B0022C3F80025FFF717
:10F94000C1F811480AF0DCFA01232B70BDE8F08100
:10F9500094FAA4F6B6FA86F60F2E3046C6BFA6F184
:10F960001000C0B240F08000030701D4FFF7DAFEB8
:10F9700008FA06F624EA0604BCE700BFFE5B002096
:10F98000DDAE0300F4880300F80D002000E100E084
:10F99000745300207053002000700240FA5B002076
:10F9A00010B504464FF0FF324FF0FF3311480AF014
:10F9B0000BFB2046FFF7B6FE04F00F020123934035
:10F9C0000D4A14F0800F14BFD2F81015D2F8141598
:10F9D0006FEA030315BF0B400B40C2F81035C2F8A5
:10F9E000143504480AF08CFA044B8022C3F8042131
:10F9F00010BD00BFF80D00200070024000E100E0E3
:10FA000070B50446FFF756FA68B904F00F020125F5
:10FA100014F0800F144B05FA02F205D0D3F810153C
:10FA20000A43C3F8102570BDD3F814150A43C3F870
:10FA30001425631E062BF6D8EFF31186402383F3BB
:10FA40001288BFF36F8F2046FFF734FE2046FFF782
:10FA50001FF8064A1368854023EA0503136086F3FE
:10FA60001188BFF36F8FDEE70070024070530020F3
:10FA7000020710B504460AD50B490C4840F20F6244
:10FA80000FF075FD084840F20F610FF067FD0306A7
:10FA900005D4FFF79FFD10B12046FFF70BFE044B86
:10FAA000C3F8184510BD00BFDDAE0300F4880300A5
:10FAB0000070024014280ED8084A12F8103053B1D2
:10FAC00002EB4002527832B108684343002093FBB6
:10FAD000F2F30B6070476FF0150070473BAF030007
:10FAE0007FB50023CDE901330B7903F01F02C3F387
:10FAF0000400072A8DF80D0003D96FF0150004B03B
:10FB000070BD13F0200418BF8B7948798DF80B0075
:10FB100008BF23468DF80C300B780C2BEDD801A0D4
:10FB200050F823F05FFB010059FB010083FB01004B
:10FB3000FBFA010087FB0100FBFA01008BFB0100CF
:10FB4000FBFA0100FBFA01008FFB010093FB0100AF
:10FB5000FBFA010097FB010001238DF806304B787A
:10FB6000032B1AD0042BC8D14B8844F20A008342DD
:10FB700038D843F6FE70834213D8002BBDD1022340
:10FB800040E00223E9E70323E7E70423E5E7052351
:10FB9000E3E70623E1E70723DFE701238DF80730DA
:10FBA000E2E7A3F57F533F3B0B2BA6D801A050F80B
:10FBB00023F000BF3FFC0100FBFA0100FBFA01004B
:10FBC000FBFA010009FC0100FBFA010003FC010043
:10FBD000FBFA0100FBFA0100FBFA0100FBFA01004D
:10FBE0007FFB010044F21400834226D044F2280037
:10FBF000834224D044F20F0083427FF47EAF03237C
:10FC000000E001238DF808300F4D012606FA02F3BB
:10FC100095F85000DBB2A4B18A790AB18DF8096079
:10FC200020EA030301A885F8503007F003FD074BD5
:10FC300098427FF462AF002061E70423E2E70523E6
:10FC4000E0E70343EEE700BF200600200000AD0B15
:10FC500008B50D490D48002211F06FFE002007F095
:10FC60009FFC0B4B98420CD1002201210720FDF78D
:10FC70006DF80848C36813B9043010F0A2FC0020E6
:10FC800008BD6FF00400FBE739FE0100800600208C
:10FC90000000AD0B2006002010B50C4C94F83A3053
:10FCA00023B1BDE810400A4807F0F4BE07F026FE75
:10FCB000084B984208D06FF00403636204F114000B
:10FCC000BDE8104010F07DBC10BD00BF2006002034
:10FCD000D9FC01000000AD0B2DE9F0410778002FA1
:10FCE00040F08C804D4CE26A94F850C01CEA020F40
:10FCF00025460AD14A4B0022C3F80025A36A6BBBF4
:10FD00004848BDE8F04110F05CBCB0F808E0A66DD2
:10FD10004FEA4E0E0123D0B218420AD094F8982030
:10FD20000CEA030192B121B132460EEB0601914279
:10FD300004D15B009BB26345EED9DBE732F9028B5D
:10FD4000B8F1000FB8BF22F8027CF0E721B1B6F994
:10FD500000100029B8BF32800236EAE7236CB4F8FD
:10FD60004C2033B1304931489847012822D002282D
:10FD700039D0B4F84C30B4F848209A4233D9013322
:10FD8000A4F84C3094F89830C3B9A36D94F851207E
:10FD900003EB4203A36594F85110A06D07F058FDE2
:10FDA000234B98420AD06FF004031E48636210F0A0
:10FDB00008FC03E094F89830002BECD0E36B1BB9FF
:10FDC000BDE8F041FFF768BFBFF35B8F55E8003F28
:10FDD0005A1E45E800210029F8D1BFF35B8F012BA3
:10FDE000EEDCBDE8F081E36B002B89D094F898300D
:10FDF000002B85D10F4811F0ACFD81E7022F0AD10D
:10FE000007F07CFD0A4B9842EBD004486FF00403E6
:10FE10004362143075E7052FE3D171E72006002017
:10FE2000007000403406002048060020A01D03009A
:10FE30000000AD0B80060020094BBFF35B8F53E839
:10FE4000002F511C43E800100028F8D1BFF35B8F4E
:10FE50000AB9FFF721BF6FF00F025A62704700BF67
:10FE6000200600202DE9F0430E4685B04FF0FF3309
:10FE70007A484FF0FF320AF0A7F877687B1EFE2B16
:10FE800008D96FF01504754810F09BFB204605B0AB
:10FE9000BDE8F08300252C4627FA05F3DA0706D5DE
:10FEA00007F0F8FBE840C307EBD50134E4B20135B5
:10FEB000082DF1D1002CE4D0337C083B062BE0D890
:10FEC00001A252F823F000BF03FF010083FE0100EE
:10FED00007FF010083FE0100E5FE010083FE010033
:10FEE0000BFF01000221012C727C10D0002AC8D126
:10FEF0005B4B002083F898005A4B384607F0E4FB30
:10FF000038E00021EFE70121EDE70321EBE7082AC4
:10FF1000B7D8DFE802F0050505050505050505006C
:10FF20003368002BE4D0186801387F28E0D88DF8BA
:10FF3000082000228DF809201B885A1E7F2A0AD922
:10FF400049494A4840F255220FF011FB464840F219
:10FF500055210FF003FB1B01414A013BADF80A306C
:10FF6000012382F898308DF80C3002AA3D4B3846B8
:10FF700007F0EEFB3E4B984283D13268630012B12A
:10FF8000928902FB0333F2689A4264D3344D85F8B8
:10FF9000514095F89830B068A8652146A8462BB125
:10FFA00033689B89013313FB04F4A1B207F050FCC2
:10FFB0002F4B984281467FF464AF37460FCF2D4CCC
:10FFC0000FC43B68236000276F623368002B3FD06B
:10FFD0000FCB261D86E80F00EB6BAE62A5F84C70C8
:10FFE000B3B3BFF35B8F58E8003F48E80072002AC4
:10FFF000F9D1BFF35B8F95F89810E9B9E86B1E4E05
:020000022000DC
:100000001E4A4FF40047E0FB076100233046E0F74B
:10001000F3FE0022CDE90001002304F128000CF0DA
:1000200019F917484FF0FF324FF0FF3309F0CCFFBA
:1000300000B168626C6A26E707F060FC4845F0D0C2
:100040006FF00403A4F124006B6210F0BAFAE8E741
:10005000FFF722FEE5E76FF00B0414E7240600200B
:1000600020060020D9FC010065AF0300F4880300DE
:100070000000AD0B480600203F420F0040420F0039
:100080003406002037B50C460A490B4A411A402372
:100090000093491105462346084810F094FA011EC2
:1000A00005DA2846234603B0BDE83040184703B0C0
:1000B00030BD00BF905300202F060300141C030026
:1000C000C9B2012908B508D9084909487F220FF0AB
:1000D0004EFA06487F210FF041FA03690C2201FB1A
:1000E0000233986C00F0070008BD00BFA2AF030008
:1000F000F488030070B5C9B2012903690AD9184907
:10010000184840F2D1120FF032FA154840F2D111DE
:100110000FF024FAEFF31185402484F31288BFF323
:100120006F8F0C2606FB0134A46C14F0C00408D0B9
:10013000A24206D085F31188BFF36F8F4FF0FF30D6
:1001400070BD71430B4401229A6485F31188BFF39B
:100150006F8F43680B445B6898470020F0E700BF4F
:10016000A2AF0300F488030070B50D460649411A9A
:100170000446491105484022FFF7BCFF2B460146C3
:100180002046BDE87040184790530020141C03001F
:10019000002270B5012104461046FCF7D7FD0F4838
:1001A00005F032FA0E4B984215D105F03DFA26695A
:1001B0000C4930460FF051FB00280BDB0125B564DC
:1001C0002469084904F120000FF047FB002801DBF7
:1001D0006565002070BD6FF00400FBE79D02020022
:1001E0000000AD0B782E03001FB500220123CDE9DE
:1001F0000223094ACDF800D06B46CDF804D010F0A8
:100200000FFA002805DB4FF480420023684609F00E
:10021000DBFE05B05DF804FB4706030010B5EFF305
:100220001184402383F31288BFF36F8F074A13684A
:1002300023F00201DB07116002D4012005F086FAE9
:1002400084F31188BFF36F8F10BD00BFE853002007
:1002500030B4104B0C2202FB003301460020D3E9DE
:1002600010521864EFF31180402484F31288BFF316
:100270006F8F9C6C04F0C00444F002049C6480F313
:100280001188BFF36F8F1DB12B46034830BC184750
:1002900030BC704790530020141C0300012808B59F
:1002A00006D0032808D090B90E4B9B6C5B0717D182
:1002B000BDE80840FFF7CCBF0B490C484FF43D7236
:1002C0000FF055F94FF43D7107480FF047F9064913
:1002D00006484FF441720FF04AF94FF44171F3E7C9
:1002E00008BD00BF90530020A2AF0300F4880300B4
:1002F00010B4EFF31182402383F31288BFF36F8FA2
:100300001848016841F002040460C80708D482F369
:100310001188BFF36F8F01205DF8044B05F0ACB975
:100320004FF08041D1F80C04D1F80C14C907EED578
:10033000EFF3118083F31288BFF36F8F0A498B6C40
:1003400003F0C00343F002038B6480F31188BFF312
:100350006F8F82F31188BFF36F8F00205DF8044B1D
:10036000FFF776BFE853002090530020024BC0B245
:1003700003EB4010704700BF90530020F8B533499D
:10038000BFF35B8F0646012251E8003F41E80020A1
:100390000028F9D1BFF35B8F9BB92D492D484B60E5
:1003A000CB608A60F8F7A0FB00280ADA2A492B48BC
:1003B0004FF429720FF0DBF84FF4297126480FF043
:1003C000CDF806B3731E012B37D811F03FFA04465F
:1003D000D0B9234B1B78BBB14FF080430222C3F846
:1003E000082305464FF08047D7F81824D7F818346B
:1003F000D20312D59B0701D0012E0ED1BCB185F3DB
:100400001188BFF36F8FF8BDEFF31185402383F39D
:100410001288BFF36F8F0124E4E71CB128460FF068
:10042000E4FFE1E7002121200BF0CCF8DCE74FF0FE
:1004300080430222C3F80423E5E70749074840F256
:10044000B6220FF094F840F2B621B7E78C530020A3
:100450007C530020B0530020A2AF0300F4880300B7
:10046000DC62002010B5044C2046F7F789FD2046D9
:10047000FCF7B0FF002010BD7D04020073B5104EE4
:100480008DF807000446032501220DF10701002025
:1004900008F0F6FE20B101233370204602B070BD93
:1004A0003378002BF9D0013D08D011F0CFF90028A6
:1004B000EAD1002142200BF085F8E5E73570ECE742
:1004C000FF5B0020024883685B6A03B118477047EE
:1004D000801C03000146024883685B68184700BF20
:1004E000801C030008B5074811F00DF938B1064823
:1004F000FCF770FF0448F7F743FD002008BD6FF0DC
:100500001200FBE7801C03007106030038B50446A7
:100510000D460820FFF7DEFF3DB92020FFF7DAFF88
:10052000BDE838400820FFF7D5BF0A480EF0ACFF01
:100530002544EDB2607804F8010BFFF7CBFFE3B27E
:10054000AB42F7D12020FFF7C5FFBDE83840024895
:100550000EF09ABF08B003000CB003002DE9F74F6E
:100560009C4F9D4ED7F80880D8F83C30BBB1384638
:100570009847002813DDD8F8383083B138469847BB
:1005800000280CDDD8F82C304BB1384698470028AD
:1005900005DBE9D0D8F8103023B9FFF793FF03B09B
:1005A000BDE8F08F01220DF1070138469847002879
:1005B000F3DB336893B3BFF35B8F884C2368BFF3DF
:1005C0005B8F13F0020F234600F0D6809DF8075092
:1005D000D6F80090BFF35B8F53E8002F22F00401A0
:1005E00043E800100028F7D1BFF35B8F50072AD5EE
:1005F0007B4BDFF8F8A15B5D13F0040F18D10123EA
:10060000CAF80030482D5CD8422D5CD9433D052DF9
:1006100059D8DFE805F0766558945885714B18680D
:100620000022002309F0F6FB30600028C3D1B6E7B2
:100630000821204610F00DF86B4B303D0022CAF81F
:1006400000501A6090E7BFF35B8F2368BFF35B8FA6
:100650001907D7D5624B5B5D5A0710D5BFF35B8F87
:100660002368BFF35B8F13F0100F14BF5E4A5F4A1D
:1006700013680A2101FB0353303B136074E73B2DE1
:1006800018D0BFF35B8F54E8003F23F0080344E821
:100690000032002AF7D1BFF35B8FBFF35B8F54E8C2
:1006A000003F23F0100344E80032002AF7D1BFF3E3
:1006B0005B8FA7E7102120460FF0CBFFC306E0D4E5
:1006C00052E77E2D44D0BFF35B8F54E8003F23F008
:1006D000020344E80032002AF7D1BFF35B8F43E7FF
:1006E0004348424A037811688B42ECD3414D2A7843
:1006F0005B1A52FA81F203703F482A700EF0C4FE72
:10070000E1E73C48394B027819688A42DBD3CBB227
:10071000D21A0270364A1078034413703748EDE756
:10072000334D29780029CED033480EF0ADFE314A42
:10073000137829780B44137000232B70C3E72D4DD9
:1007400029780029BFD02D480EF09EFE284AEFE7F9
:10075000284D2B78002BB6D0284801210EF094FEAE
:10076000234A2978107809F105090139C9B24844AA
:100770002970FFF7CBFEA6E7BFF35B8F54E8003F7D
:1007800023F0010244E800210029F7D1BFF35B8F79
:1007900013F0010F9DF807500BD05B2D7FF4E4AEF2
:1007A000022120460FF055FF042120460FF051FF93
:1007B000DAE60B4B5B5D13F0970F6CD10D2D1FD854
:1007C000072D2ED9083D052D2BD8DFE805F01D5348
:1007D000342A2A38801C0300EC530020F8530020F0
:1007E0001CC4030004540020F0530020F4530020E4
:1007F000025C0020015C002010B0030016B0030072
:100800001B2D13D07F2D0CD13B4A13784BB1013BEC
:10081000DBB213703068394A053311781844FFF79A
:1008200075FE374B9DF807201A709DE60121204682
:100830000FF00FFFF5E7324B1B780D2BF1D0DFF8EF
:10084000B8902E4D99F8001033682A780B44134461
:1008500000245C710D20FFF73DFE0A20FFF73AFEF1
:10086000284B3168186889F800402C7010F0B5FFEB
:100870003460D6E7244B1B68002BD2D01F4A127875
:10088000002ACED11C4C3068217805309847237857
:1008900018442070C5E7194A174B147893F800B034
:1008A00004EB0B02FE2ABCDCD6F800A00BF101021F
:1008B00028461A70FFF70EFE0AEB0B030CB95D71A8
:1008C000AFE793F8059011485D710EF0DDFD0BF177
:1008D000060B013CDA44E4B2013C4846E4B2FFF7BF
:1008E000F9FD4B46FF2C9AF800900AF8013BF3D132
:1008F00007480EF0C9FD94E7025C0020015C00206F
:10090000005C002000540020FC53002008B00300CD
:100910000CB00300164B73B51860164B1960164BDC
:100920001A60FFF7CFFD154DAC68A3690BB12846DF
:100930009847236C1BB112491048002298470F4E6C
:10094000E36A23B9AB681B6A73B902B070BD304665
:1009500098470028F6DD2369002BF1D001220DF124
:10096000070130469847EBE704489847EDE700BF9A
:100970000454002000540020FC530020801C03007D
:100980005D05020000F1744000F5A6000A289ABF38
:10099000024B33F910006FF00F007047903F0300D7
:1009A000024B0B6001231360704700BF282F030028
:1009B000004870479C2E030073B50D46416829B36B
:1009C000D1E9001384681CB3D4E900240CB303B349
:1009D0009C4217D15C1C092C06781DD90820F9F718
:1009E0005BF848B1174BC461C0E9053604230374B2
:1009F000002343748374C374134900234FF40252D9
:100A00000FF063FA6FF0150002B070BD0B46D9E726
:100A1000224601331C44DEE740F20113ADF80230F8
:100A2000684600238DF800608DF801408DF8043091
:100A30008DF8055006F0FCF902B0BDE87040FFF7F4
:100A4000A1BF00BF1CB00300542503000268154B72
:100A5000FF2A08BF4FF0FF32C3F824254268FF2A5F
:100A600008BF4FF0FF32C3F828258268FF2A08BF6D
:100A70004FF0FF32C3F83025C268FF2A08BF4FF09D
:100A8000FF32C3F834250269FF2A08BF4FF0FF3256
:100A9000C3F838254269FF2A08BF4FF0FF32C3F878
:100AA0003C2570470090024030B5224D0FCD91B0EB
:100AB0000AAC0FC495E8030084E803000024CDE9E4
:100AC0000144AB238DF804301B4B0394D3F8242549
:100AD000D2B20492D3F82825D2B20592D3F83025A9
:100AE000D2B20692D3F83425D2B20792D3F8382581
:100AF000D2B20892D3F83C350AA8DBB20993FFF7CB
:100B0000A5FF012006F088FA014604A8FFF79EFF22
:100B10000A4B99420BD1214601A8FFF74DFF00284F
:100B200003DB232010F0EBFD204611B030BD6FF049
:100B30000400FAE77C260300009002400000AD0BA1
:100B4000054B994206D14FF0FF324FF0FF33103082
:100B500009F03ABA704700BF0000AD0B2DE9F04F25
:100B60008BB0436800AF05460021586B0FF000FEC4
:100B7000041E63DB002201212920FCF7E7F8D5F8E9
:100B800004902A696649484606F026F9FFF7FAFEFE
:100B9000041E4EDBFFF788FF041E4ADB4FF00008FF
:100BA0009F2307F1100A4FF0030B07F11406C7E962
:100BB00006B8C7F814A0C7F820803B777E6241468C
:100BC00007F11C00FFF7F8FE041E32DB5A465146BF
:100BD00009F1300010F0EBFE0446A0B33B7C97F81F
:100BE00011B097F812A099F8306099F8315099F83F
:100BF00032407B600E20F8F74FFF90B17B68494A86
:100C00004261C0E909A6C0E90B54C0E9073B464A66
:100C100082610923037480F8118080F8128080F8C3
:100C200013804249002344F640020FF04EF96FF062
:100C3000120406F035FA08B106F010FA20462C37F7
:100C4000BD46BDE8F08F6A68537F023B012B25D972
:100C500092F81C80A8F10208B8F1020F8CBF4FF087
:100C600000084FF001080FF053FD051E19DA0820A7
:100C7000F8F712FF50B12E4B43612E4BC0E90635F9
:100C800004230374002343748374C374274900232B
:100C90004FF401520FF019F92C46CAE74FF0010842
:100CA000E1E7EAB2C5F38015A845C2D0002382F07F
:100CB00040020121BB813A7307F10C02C7E9061318
:100CC0007A617B6239773E6207F11C00FFF774FEA0
:100CD000041E07D10FF01CFD041E04DB14F00104F8
:100CE000F8D1A6E7A5DA144A144B6D468AB0B8F1DC
:100CF000000F18BF13466A46114951610D4914622D
:100D0000C2E9061340F2013393840E4B42F8103FC0
:100D1000064800234FF43151F9F79EF8AD4688E7B5
:100D2000050703003FB00300FBB103005425030097
:100D300075B00300ECB103008D45030005500300BE
:100D400089B0030005000001F0B585B005460C46EA
:100D50000FF05CF90646002842D128690FF017FD14
:100D60004CB1012C24D06FF08504286909F0C8F833
:100D7000204605B0F0BD6E6806F0CAF81A4B9842DE
:100D800028D1B923214601A8CDE9014403948DF867
:100D90000430FFF711FE041EE7DB0A2010F0AFFC61
:100DA00006F0ECF8706B01210FF0E2FC0446DCE782
:100DB0006F683146786B0FF0DBFC041ED5DB2A69C7
:100DC0000A49384606F008F8074B984205D1FFF764
:100DD0006BFEEBE76FF00F04C7E76FF00404C4E7A6
:100DE0006FF00F04C4E700BF0000AD0B0507030060
:100DF0002DE9F3470E46074641681D4690461AB353
:100E000013B3042B01D9AB071ED116F003041BD179
:100E1000002E03DBCA6A731993421BD90A20F8F724
:100E20003BFE58B13F4B43613F4B0562C0E906367C
:100E300005230374002343748374C3743B49002364
:100E40004FF421520FF041F86FF01504204602B024
:100E5000BDE8F08738460FF0A0FC20460FF073FC89
:100E6000044630B101200FF06EFC38460FF0B0FCA4
:100E7000ECE7032D1ED8042132460DEB010010F0E3
:100E8000D6FA044601463869FFF75AFE284B9C42C1
:100E900035D12A46414601A810F099FD0421324679
:100EA0000DEB010010F0C0FA044601463869FFF767
:100EB00047FE24E008F06043B3F1005F02D118F070
:100EC000030F2BD0DFF868A0042DA94628BF4FF0F0
:100ED00004094A46414601A810F079FD32464946C8
:100EE00001A810F0A1FA044601463869FFF728FE70
:100EF000544504D1B5EB0905C8444E44E4D120461D
:100F0000FFF740FD044601200FF01DFC0546384662
:100F10000FF05EFC002C08BF2C4697E732462946AE
:100F20004046BFE79EB0030013B203005425030000
:100F30000000AD0B2DE9F04F824685B00E461C46F1
:100F40009046FAB1002B00F0A1800029426803DB33
:100F5000D26ACB1893421AD90A20F8F79DFD58B1EE
:100F60004B4B43614B4B0462C0E9063605230374C7
:100F7000002343748374C374474900234FF4215200
:100F80000EF0A3FF6FF0150005B0BDE8F08F7542BD
:100F900005F003050FF001FCA54228BF2546D8F156
:100FA000000303F0030308F0030758BF5F427F42CA
:100FB00007F00307A74228BF2746631BE41B24F062
:100FC000030423F00309A145C8BFA14603F0030BA6
:100FD000C8BFA3EB040BB9F1000F19D008EB07034E
:100FE000721949461846019310F021FA0446014649
:100FF000DAF81000FFF7A4FD284A94423BD1BD4225
:1010000006D0019B4A46194608EB050010F0EDFC9E
:10101000BDB1C5F10407F21B042102A810F007FAC4
:1010200004460146DAF81000FFF78AFD1B4B9C428C
:1010300021D107F108032A460DEB0301404610F0C9
:10104000C6FCBBF1000F1FD0082172194A440DEBFA
:10105000010010F0ECF904460146DAF81000FFF741
:101060006FFD0E4B9C4206D109EB05005A4602A9C2
:10107000404410F0ACFC50460FF0AAFB204605B0EF
:10108000BDE8F04FFFF77EBC044CF4E718467BE761
:10109000ECB0030005B20300542503000000AD0BC3
:1010A0002DE9F0470C46074641682646C4F30B037A
:1010B000154622B96FF015042046BDE8F087C2F34B
:1010C0000B0252EA0308F5D1002C03DBCA6A63194C
:1010D000934216D90A20F8F7DFFC58B1594B436107
:1010E000594B0562C0E90634052303740023437499
:1010F0008374C374554900234FF421520EF0E5FE6A
:10110000D8E70FF04AFB4046D7F804900FF01BFBDE
:101110000446002840F08580DFF848A1D9F82C303B
:101120009D4221D106F024F8A8460446386921469C
:10113000FFF706FD54454CD14644A5EB08050021B8
:101140004FF4A4700AF03EFA0FF0E2FA041E5BDBE3
:1011500014F00104F3D1002DE0D101200FF0F3FAD7
:10116000002C08BF04465CE0B5F5803F09D3B3B25C
:1011700053B93146012005F09DFF4FF480380446F5
:10118000D4E7B5F5805F09D3C6F30B0030B931461B
:1011900005F090FF4FF480580446C7E70A20F8F79F
:1011A0007BFC58B12A4B43612A4B0562C0E90636E5
:1011B00005230374002343748374C3742349264CAA
:1011C00000234FF421520EF080FE23493869FFF7C7
:1011D000B7FC0A20F8F760FC58B1204B43611D4B67
:1011E0000562C0E906360523037400234374837443
:1011F000C374002315494FF421520EF066FE2046B9
:10120000FFF7C0FB0446A8E70A20F8F745FC60B9E1
:101210000E4900234FF421520EF057FE01200FF02B
:1012200092FA38460FF0D4FA46E70D4B4361094B6A
:101230000562C0E9063605230374002343748374F2
:10124000C374E5E739B103002DB203005425030050
:1012500087B1030022B203000400AD0BCAB1030042
:10126000A9B103000000AD0B024B0B60012313601A
:10127000704700BF0854002000487047302F03001B
:1012800038B505460A200C46F8F706FC58B10A4B5B
:1012900043610A4B0462C0E9063505230374002349
:1012A00043748374C374064900234FF421520EF033
:1012B0000CFE6FF0150038BD52B20300B8B2030047
:1012C000CC24030010B5012211460648064C10F04C
:1012D0008FFA10F022F8206010F01BF860600020F8
:1012E00010BD00BF10540020085400204FF0804271
:1012F000D2F81015D2F8103501F01E0123F01F03AB
:101300000B4343F00103C2F81035024B00221A7060
:10131000704700BF035C00204FF08053D3F830319A
:10132000082B20D14FF08042D2F81015CB071AD5E8
:10133000D2F8103501F01E0123F01F030B43C2F851
:101340001035D2F808315BB1D2F8103523F01F0305
:101350000B4343F00103C2F810356FF08B00704768
:10136000024B01221A700020704700BF035C00206E
:101370002DE9F0410E4615460FF0CBFF29460746F2
:1013800030460FF04BFAB0460446002846D0B6FB74
:10139000F7F307FB136323B9B5FBF7F407FB14540A
:1013A000C4B10A20F8F778FB58B1254B4361254BAF
:1013B0000562C0E906360523037400234374837471
:1013C000C374214900234FF421520EF07EFD6FF0CB
:1013D00015041DE0AF421BD84FF0FF324FF0FF3332
:1013E0001A481B4F08F0F0FD0FF093FF0646FFF779
:1013F00093FF044678B9404604F0BCFE3B780BB13D
:10140000FFF774FFAD1BB044F1D1104808F078FD30
:101410002046BDE8F0816FF08B04F6E70A20F8F76C
:101420003BFB0028CDD00B4B4361064B0562C0E966
:1014300006360523037444748474C474C1E700BF82
:1014400073B20300D7B20300CC2403001054002071
:10145000035C002052B203002DE9F8430E463046EB
:10146000194617461C460FF0D9F90546C8B90A2097
:10147000F8F712FB50B12C4B43612C4B0462C0E9CE
:1014800006360523037445748574C5742849002302
:101490004FF421520EF019FD6FF015042046BDE8FF
:1014A000F88346EA040515F0030511D00A20F8F781
:1014B000F3FA0028EAD01F4B43611C4B0462C0E9D9
:1014C000063605230374002343748374C374DDE775
:1014D000002CE3D01848DFF868904FF0FF324FF04F
:1014E000FF3308F071FD24F00304A54205EB060864
:1014F00009D1124AD2F80034DB07FBD500240E488C
:1015000008F0FEFCCAE7FFF707FF50B979594046DB
:1015100004F064FE99F800300BB1FFF7E7FE0435E4
:10152000E3E76FF08B04EAE752B20300C7B20300AF
:10153000CC24030096B203001054002000E00140C8
:10154000035C002010B5036941B91C491C483F22C7
:101550000EF00DF83F2119480EF000F8486830B938
:101560001649174840220EF002F84021F3E7586868
:10157000F8B1884219D19C6808685860A14200D12E
:101580009860002008602AB15A680A609A68596019
:1015900002B99960002010E0814206D108682060FD
:1015A00098688142EDD19C60EBE704460068002812
:1015B000F2D1002AE8D16FF0150010BD0BB3030083
:1015C000F488030070B545682B690646B3B1103541
:1015D000284604F05DFC044680B90146284604F024
:1015E00023FC0B4B98420FD10A492246284604F0AF
:1015F000EBFB224605210620FBF7A8FB30460649F7
:10160000BDE870400EF036BD6FF0040070BD00BF45
:101610000000AD0B2D190200C508030008B50368D2
:101620005909024613D0012906D103F01F034FF6D2
:10163000FF71D940C80712D40A490B4840F2CA3298
:101640000DF095FF074840F2CA310DF087FF4FF0CB
:10165000FF31D940C907EFD54FF0A04000E0034863
:10166000136008BDDA900300F48803000003005003
:10167000F0B54068057B01F01F0444EA4514056994
:1016800087B0002D77D0B2F5001F00F1100506D10C
:10169000214628460FF01EFE002007B0F0BD01AE27
:1016A0000027B2F5800F0197776034D1B3F1007F46
:1016B00014BF052304238DF804300023CDE904630F
:1016C00003938368CB40D9073AD4B2F1A07F37D1D6
:1016D00068460094FFF7A2FF009B03F5E07350F803
:1016E0002330DB072CD46A462146284604F072FBDF
:1016F000244B98421AD0CDF808D003AA2146284698
:1017000004F02AFA204B984238D10122214628467B
:1017100004F0D8FBC0E7B3F1C06F05D0B3F1007F90
:1017200014BF01230223C6E70323C4E76946284602
:1017300004F0C0FB144B9842DDD06FF00B00ACE717
:101740006A462146284604F045FB0F4B9842064660
:10175000D3D19DF80010284604F0A4FBB042CCD0B1
:101760000A490B4840F2E1120DF001FF074840F230
:10177000E1110DF0F3FE6FF085008EE76FF01500BC
:101780008BE700BF0400AD0B0000AD0B47B30300B7
:10179000F48803002DE9F043466840F20635337BB8
:1017A000D00687B001F01F0702EA050547EA431794
:1017B00054BFC2F340130323B5F5837F14468DF85D
:1017C000033044D00FD8062D18D007D8B5B1022D5C
:1017D0003FD06FF0150007B0BDE8F083B5F5807F0E
:1017E000F7D101250AE040F20222954233D0B5F547
:1017F000407F32D0B5F5007FEBD1022522032ED5F4
:10180000726801238B40C2F8083533697BBB03A89B
:101810000397FFF703FF039B00EB830084F48033FF
:10182000C3F30043C4F34044D0F8002744EA430420
:101830009DF8033022F4E16244EA830422F00702B7
:1018400044EA05231343C0F800370020C3E7072507
:10185000D4E70425D2E70525D0E70325CEE76303C7
:1018600041BF012372688B40C2F80C35CDE71036BA
:101870000DF102023946304604F0ACFA14F4403F50
:10188000804616D1394630460FF022FD244B98454C
:10189000DBD19DF80210304604F004FB4045D4D063
:1018A00020492148DE220DF062FE1E48DE210DF0A7
:1018B00055FE01AB4FF0000903AA39463046CDE989
:1018C0000439CDE90199CDF80C9004F045F9144B99
:1018D00098427FF47EAF14F4003315D09DF80330A6
:1018E0008DF80E3084F48034C4F300444B4603AAD0
:1018F000394630468DF80C508DF80D4004F0E8F96B
:10190000074B9842C2D064E7CDE9043303AA0DF136
:10191000030339463046039304F01EF9F0E700BF95
:101920000000AD0B47B30300F4880300420970B513
:10193000034602D0012A1AD070BD124E3269516896
:101940000029F9D003F01F0301250C689D400029F0
:10195000F2D08A682A400ED04B6853B90A490B4826
:1019600064220DF004FE084864210DF0F7FD084ED6
:10197000E4E7304698471CB1236821461C46E6E759
:101980002346FAE75C1C03000BB30300F488030052
:10199000381C030002780B69012A08D0022A08D0FB
:1019A0004AB9064A1A6203F1100008F0A9BA044ABB
:1019B000F8E7044AF6E7044AF4E700BF0000AD0B7D
:1019C0000100AE0B0200AE0B0100AD0B2DE9F04F94
:1019D00089B002AF9346BB600369FB604368D3F8EC
:1019E00028A09B8B3B614FF0FF324FF0FF33054641
:1019F0000C460EF09BFFFB6810337B610023786977
:101A00000022002608F0E0FA33465E4501D30023A9
:101A100042E0207A010700F1978001365E45D4F854
:101A200000E00BD2820709D4227D80EA020C0CF080
:101A3000010C02F004025CEA020C08D023B90EF09B
:101A40006042B2F1005F41D04FF0000801E04FF07A
:101A500001086268396903EB020C8C4526D96C4693
:101A60008CB0286802A93A4E4E613A4E0A62C1E92A
:101A700006633B690A46C1E9093040F204638B857D
:101A8000354B42F8103F002334484FF47151F8F7BA
:101A9000E3F96FF01B03A54628467B610EF049FF72
:101AA0007B691C371846BD46BDE8F08FC10706D4D8
:101AB0000AEB030071467B600FF089FF7B68626868
:101AC0001A4493B2B8F1000F27D1D3B9D4F80090DB
:101AD000A3884FF00008BA68217A009228464A4647
:101AE00000F09CF8031ED7DB4FF44D727869002399
:101AF00008F06AFA40B1284600F034F86FF00403A9
:101B0000CAE79846D146E6E7FB68154A1B6A934246
:101B1000F4D1237ADB0702D400230C3475E7CA45DD
:101B2000FAD123460AE0A8EB0201D8687B601FFACD
:101B300081F819FA81F10FF04AFF7B685A689045E5
:101B4000A3F10C03EFD2E7E76FF08503A4E700BF32
:101B500093B3030062B4030007000001F424030000
:101B60000000AD0B73B5446823680DF10701D3F88D
:101B70000855D3F80C650EF040FA9DF8073013B9FC
:101B8000204606F00DFF3146284607F06BFA9DF817
:101B90000710054629B9606A0EF0CEFE204606F011
:101BA000DBFE044B9D4214BF6FF00F00002002B01B
:101BB00070BD00BF0000AD0B10B511F0010443680B
:101BC00018D1C1F34201012917D002291CD00820E5
:101BD000F7F762FF40B10E4B43610E4B8361032365
:101BE000037444748474C4740B4900234FF4C252C8
:101BF0000EF06BF96FF0150005E01B684FF0CC722A
:101C0000C3F82425002010BD1B684FF0C862F7E719
:101C100094B403007CB50300F4240300F0B587B04E
:101C2000476816460C46122200210DF106001D469B
:101C30000FF0F5FE0496BE8D029504F001038DF8B9
:101C40000430AE42BDF830308DF8053019D20A208C
:101C5000F7F722FF58B1164B4361164B0662C0E9F5
:101C6000063505230374002343748374C374124937
:101C700000234FF421520EF028F96FF01B0007B03B
:101C8000F0BD84F00202C2F34002520101A93846BD
:101C900006F00CFF094B984207D00B33984214BF53
:101CA0006FF004006FF00F00E9E70020E7E700BFE6
:101CB000AAB4030061B50300F42403000000AD0BD7
:101CC000B0B5456800AF2B6A04469847686A0121A1
:101CD0000EF032FE2346AA6905F10801284606F0F7
:101CE000F9FD114B984219D023686C468AB06A46B8
:101CF0000E4951610E49C2E9061340F201331384C3
:101D00000C4B42F8103F0C4800234FF41151F8F7E8
:101D1000A3F86FF00400A546BD46B0BD07492046B4
:101D20000EF0A8F9F8E700BF0000AD0BF5B4030012
:101D300047B5030004000001F424030083090300F5
:101D400013B50DF1070144680EF057F99DF80730FF
:101D500003F0FD03012B17D00820F7F79DFE48B1D3
:101D60000C4B43610C4B83610323037400234374C6
:101D70008374C374094900234FF4C2520EF0A5F8CE
:101D80006FF00F0002B010BD204606F04FFE00209D
:101D9000F8E700BF19B503002BB50300F4240300D6
:101DA00008B503685909024613D0012906D103F08A
:101DB0001F034FF6FF71D940C80712D40A490B48D8
:101DC00040F2CA320DF0D3FB074840F2CA310DF0A1
:101DD000C5FB4FF0FF31D940C907EFD54FF0A04008
:101DE00000E00348136008BDDA900300F4880300A4
:101DF000000300502DE9F04FDFF894B185B015468F
:101E0000824600EB810840F2FF19D04503D1002043
:101E100005B0BDE8F08FDAF800305804C3F3C321F1
:101E2000C3F3080400F1AC80584A1B0E575C4C45C4
:101E300008BF4FF0FF34222B00F2A580DFE803F04B
:101E400012191F22252B22A3A3A3A33B68A3A3A39C
:101E5000A3A3A3A3A3A36B818487A3A3A38A919421
:101E6000979A9D00C5F80C45621C5ED10AF1040AE0
:101E7000CBE7C5F81445631CF8D000265FE0C5F831
:101E80000845F1E7C5F81045F5E7661CC5F80845B3
:101E9000ECD0002604E0601CC5F80C45E6D0012615
:101EA00003A80394FFF77CFF039B012101FA03F3CE
:101EB000C0F80C3508E0C5F80845002FDBD1631CDD
:101EC000D4D0002631460627DAF80030019303F417
:101ED0000040002818BF002103A8009118BF012668
:101EE0000394FFF75DFF039C019B009900EB8400C6
:101EF000C3F3412CD0F800473B0243EA8C030B4369
:101F000004EA0B04234343EA4603C0F80037ADE775
:101F1000C5F80C45D1E7C5F86045611CDAF800301A
:101F2000A4D0C3F30043002BB9D003A80394FFF758
:101F300037FF039B012606FA03F3C0F80835314644
:101F4000C2E7C5F86445E8E7C5F86845E5E7C5F8C0
:101F50006C45E2E7C5F82445621C87D000210126C4
:101F6000B2E7C5F828457FE7C5F83045F4E7C5F87E
:101F70003445F1E7C5F83845EEE7C5F83C4573E769
:101F80006FF0150044E76FF0850041E794B503005A
:101F9000F0F8FCFF08B503685909024613D001297F
:101FA00006D103F01F034FF6FF71D940C80712D4C2
:101FB0000A490B4840F2CA320DF0D9FA074840F2FC
:101FC000CA310DF0CBFA4FF0FF31D940C907EFD538
:101FD0004FF0A04000E00348136008BDDA90030012
:101FE000F48803000003005098B5044600AF0022B7
:101FF00001211C20FAF7AAFE60682369134A00F148
:10200000080104F06DFB124B984219D023686C460E
:102010008AB06A460F4951610F49C2E9061340F27E
:10202000013313840D4B42F8103F0D4800234FF449
:102030001151F7F711FF6FF00F00A546BD4698BD8F
:10204000084920460EF016F8F8E700BFC50903005E
:102050000000AD0BF5B40300FCB503000400000163
:102060004C250300F10903002DE9F341BDF820C020
:1020700046680469032907460D4690460CF0010C9A
:1020800012D90820F7F708FD50B15F4B43615F4B51
:10209000C0E9063504230374002343748374C374B6
:1020A00000234FF4015223E0B27F012A4FF00101D7
:1020B00004BF5B084FEA5808A940002B7AD0984526
:1020C0007BD9226890452CD02079884318D00820ED
:1020D000F7F7E2FC48B14E4B43614E4B836103235B
:1020E0000374002343748374C37400234FF4C252F7
:1020F00049490DF0EAFE6FF0150002B0BDE8F0812D
:102100004246B2F5004F45D2C4F800806071D6F85F
:1021100000E096F81E80CEF80C05CEF80485CEF8C7
:102120000825627923FA02F292B24FF0010E786824
:102130008CF00108806A42EAC83220F815205FFA64
:1021400081F8BEF1000F47D1326805F5AC7552F841
:102150002520002A0FDBBCF1000F51D0B3FA83F326
:102160005B097BBB01A80192FFF714FF019A0123D1
:102170009340C0F80C35217921EA0801217181B31F
:10218000A379ABBB1023012206F12801304604F0ED
:10219000CDFA2BE0013008284FEA5202B1D1F7F70F
:1021A0007BFC00283FF47CAF1C4B4361194BC0E91A
:1021B00006386FE79E461A46B9E74FF0000E47F61D
:1021C000FF72B4E701A80192FFF7E4FE019A012330
:1021D0009340C0F80835CEE7237948EA030323711A
:1021E000CEE7786804F004FB0123A371002084E7A4
:1021F0000023A371304604F031FB0028FAD0C1E778
:10220000003B18BF0123ACE79CB5030023B60300D5
:10221000B5B503000AB603004C250300CEB5030094
:1022200008B5064801224FF4805103F067F90448CD
:102230000122042103F062F9002008BD00F0032010
:102240007C7F0020014B01221A60704700C00040D3
:102250000C2903690BD15B6A064907484B4393FB82
:10226000F0F100FB113311605360002070476FF0F4
:102270008500704790D0030040420F00044B006976
:102280000022C3F80021D3F8003107F039BE00BFA7
:1022900000C000407FB50569AB6A002B40D04029E3
:1022A00001D00C293FD105F110064FF0FF324FF05D
:1022B000FF33304607F090FB1C4B019300240323AF
:1022C000A86A039469460293F6F70EFCA04208DA66
:1022D000174918483D220DF04AF93D2114480DF0E8
:1022E0003DF94FF0FF324FF0FF33284607F06CFE08
:1022F000A86AF6F77DFC002806DA0D490D4842224F
:102300000DF035F94221E9E70B4BD3F808256A6255
:1023100001225A60304607F015FC204604B070BD1B
:102320006FF00A00FAE76FF08500F7E74522020038
:10233000B1B60300F488030000C0004010B5046982
:102340000020FEF713F8A06240B910491048772228
:102350000DF00DF90D4877210DF000F94FF0FF3227
:10236000002120460FF044FA04F110000FF022FA89
:10237000002201210C20FAF7E9FC0C20FAF7B6FC48
:10238000044B0122C3F80423002010BDB1B60300A2
:10239000F488030000C0004010B503460A460068F8
:1023A00019790469012303FA01F143681B68194292
:1023B0000AD10C490C4840F28D620DF0D8F809485A
:1023C00040F28D610DF0CAF82368194218BF82F0FF
:1023D000010222B18368DB68BDE8104018478368BA
:1023E0001B69F9E7C3880300F4880300F7B51546B5
:1023F0004668036942B93049304843220DF0B7F8C6
:102400002D4843210DF0AAF81F2952D1B27A1B8C16
:1024100012F02001727918BF1BB22AB3F279377C0F
:10242000042A09BF3268F2899268128909B1013F12
:10243000FFB25A43B079019201A9FDF73BFB044674
:10244000A0B9019941FA07F077693FBB4FF47A735D
:1024500003FB00F190FBF3F2194B2A6091FBF3F2BE
:1024600003FB1211696016E06FF085040820F7F78E
:1024700013FB50B1134B4361134BC0E906340423E3
:102480000374002343748374C374104900234FF40E
:1024900001520DF01AFD204603B0F0BD4FEAE07C7A
:1024A000A0FB0701B269234607FB0C11DEF754FCC1
:1024B000CCE76FF08504EEE703B70300F488030070
:1024C00040420F003FB703005FB803000C26030033
:1024D00070B51F294668056901D040292ED1D5E97C
:1024E000060109F06FF830460EF071FB0446B0B1FA
:1024F0000820F7F7D1FA50B1124B4361124BC0E9F3
:10250000063404230374002343748374C3740F4993
:1025100000234FF401520DF0D8FC204670BD306806
:10252000836829465B68984704460028F5D0082050
:10253000F7F7B2FA0028EAD0054BDEE76FF0850422
:10254000EBE700BF51B7030059B803000C260300A6
:102550006AB70300F8B5056946686FF001024FF0ED
:10256000FF33C5E90623074630680FF0CCF8044670
:10257000B0B90820F7F790FA40B1354B4361354BBD
:1025800083610323037444748474C4743249002344
:102590004FF4C2520DF099FC6FF012042046F8BDC2
:1025A000F06950B10FF0AFF8044630B90820F7F7E2
:1025B00073FA0028EAD0294BE0E730460EF007FB1B
:1025C0000446A8B10820F7F767FA50B1244B4361DD
:1025D000204BC0E90634042303740023437483743E
:1025E000C3741D4900234FF401520DF06EFCD5E772
:1025F000747964B90820F7F74FFAD8B9164900235F
:102600004FF401520DF061FC6FF08504C6E732799A
:102610001449012393406B60337C2B74737C6B747F
:1026200005F12003AB600223EB603846BDE8F840BB
:102630000DF020BD0C4B4361064B83616FF08503A9
:10264000C3610423037444748474C474D6E700BF64
:102650007BB7030042B803000C26030090B70300C9
:10266000ACB703006D260200BAB703002DE9F84F9E
:1026700046680769F06930B1032900F2C880DFE8D5
:1026800001F0B65F020600242046BDE8F88F96F8F8
:102690002010738C03F03002302AD0E9014706691C
:1026A0000AD15C495C4840F2E2320CF060FF40F233
:1026B000E23158480CF052FF03F00602042A08D118
:1026C0005449554840F2E9320CF051FF40F2E931EB
:1026D000EFE724680125DA0705FA01F554BF43F452
:1026E000B01383F4D013254223F4801208D1494952
:1026F00049484FF47F720CF03AFF4FF47F71D8E7EE
:102700003468DB074CBF2C43AC4334603B689847CC
:1027100004460028B7D00820F7F7BEF948B13F4B70
:1027200043613F4B83610323037400234374837429
:10273000C3743C4900234FF4C2520DF0C6FBA3E71B
:10274000012106F11C00FFF727FE044698B108207E
:10275000F7F7A2F948B1344B4361314B836103234E
:102760000374002343748374C3742E4900234FF40D
:10277000C2520DF0AAFB0FF0DEF8DFF8B8A02B4A2A
:1027800080464FF00009706A0D464FF4004BD44666
:102790004946E0FB0BC100236046DEF72DFB10EB42
:1027A000080045EB0105012875F100051ADB0FF063
:1027B000C2F88046706A1D4A0D464946E0FB0BA1EF
:1027C00000235046DEF718FB6FF0010310EB080002
:1027D00045EB01014FF0FF321B1A62EB0101C7E923
:1027E000063151E76FF001034FF0FF31F7E70021A9
:1027F00006F11C00FFF7D0FD044600283FF443AF6C
:102800000820F7F749F9002893D0094B88E76FF0C3
:10281000850439E7C3880300F4880300D0B70300B8
:102820004FB803000C260300F7B7030040420F0027
:102830001CB803003F420F002DE9F04104464768F1
:102840000D460FF003F84FF0400888B91F4B1B7876
:1028500073B1642660680EF085FAF0B901200EF0BD
:1028600081FC013EF6D10021212008F0ABFEF0E70B
:10287000EFF311810E4688F31288BFF36F8F606803
:102880000EF070FAA8B981F31188BFF36F8FEFE7EC
:1028900081F31188BFF36F8FE5E7EFF311810E46E7
:1028A00088F31288BFF36F8F60680EF05BFA002820
:1028B000EED0BB691D70B969012220460EF036FAD0
:1028C00086F31188BFF36F8FBDE8F081DC620020D2
:1028D000F8B50022054601210220FAF737FA022056
:1028E000FAF704FA6C680121E0680EF0CCFA6B6824
:1028F0001A682369C2F82435617D237D0B43A17DCD
:102900000B43C2F86C356E68D6E9004313F001033F
:1029100042D02F6907F10C000EF03BFC2B4B984284
:1029200016D00820F7F7B8F848B1294B4361294B76
:10293000836103230374002343748374C37426499F
:1029400000234FF4C2520DF0C0FA6FF00400F8BD3E
:10295000387B04F10C0204F590710EF010FC387B0A
:10296000012707FA00F002F0CFFD0823C4F8003574
:10297000B369C4F844350023C4F84835A760D4F8D7
:102980005831002BFBD00023C4F8003528461349EA
:10299000BDE8F8400DF06EBB0822C4F80025B2690E
:1029A000C4F84425C4F848350123A360D4F8203185
:1029B000002BFBD00023C4F82031D4F820310123B0
:1029C000E3604FF48073C4F80433D8E70000AD0B24
:1029D0007BB803009EB80300D4250300A50E0300B6
:1029E00008B503685909024613D0012906D103F03E
:1029F0001F034FF6FF71D940C80712D40A490B488C
:102A000040F2CA320CF0B3FD074840F2CA310CF074
:102A1000A5FD4FF0FF31D940C907EFD54FF0A040D9
:102A200000E00348136008BDDA900300F488030057
:102A30000003005010B5012303FA01F14368046953
:102A40001B6819420AD10C490C4840F28D620CF007
:102A50008EFD094840F28D610CF080FD236819421B
:102A600018BF82F0010222B18368DB68BDE8104024
:102A7000184783681B69F9E7C3880300F4880300DB
:102A80002DE9F84F4568D0F8108000AF06460021C8
:102A9000E86B0EF0C4FA041E20DB296C481C38D009
:102AA00005F1440000F02AFC10F1130F044619D17F
:102AB0000820F6F7F1FF48B1564B4361564B83614E
:102AC00003230374002343748374C37453490023A2
:102AD0004FF4C2520DF0F9F96FF012042046BD46D2
:102AE000BDE8F88F411D14D10820F6F7D5FF48B195
:102AF0004B4B4361484B83610323037400234374AE
:102B00008374C374454900234FF4C2520DF0DDF9BC
:102B1000E4E76B6B9847D8F808504FF00109D8E903
:102B2000023203EBC2039D4208D340460EF0C3FAC3
:102B30003C4930460DF09EFA0446CFE728680EF077
:102B4000E2FD0346C0B92A68297910686C468AB04C
:102B50006A46354D55611162344D40F20131918420
:102B60003349C2E9065042F8101F2C484FF4315146
:102B7000F7F772F9A546AFE728682979EB8803F0E3
:102B80003002302AD0E901BAD0F810E00AD1294940
:102B9000294840F2E2320CF0EAFC40F2E2312548EA
:102BA0000CF0DCFC03F00602042A08D1214922487B
:102BB00040F2E9320CF0DBFC40F2E931EFE7DA07F2
:102BC00054BF43F4B01483F4D014DBF8003009FA96
:102BD00001FC1CEA030F24F4801208D115491648A1
:102BE0004FF47F720CF0C3FC4FF47F71D7E7DEF82F
:102BF0000030E4074CBF43EA0C0323EA0C03CEF891
:102C00000030DAF800309847041EFFF667AF083549
:102C100085E700BFD2B80300D7BA0300AC25030094
:102C200001B903003D10030022B90300BABA030042
:102C300005000001C3880300F48803002DE9FF416B
:102C40000569D0F80480AA6C2B6D0646002A35D1A0
:102C5000002B53D0B8F83840686CEF6C9C4228BF0A
:102C60001C46EB6C53B12A6D42B107F06042B2F1E1
:102C7000005F03D0082C6F6E28BF08246A6CAC6517
:102C80001AB1AA6C002A18BF224601921BB12B6D03
:102C9000002B18BF2346009000226946404603934C
:102CA000029705F0D9FA184B984229D06FF0040129
:102CB000304604B0BDE8F0410EF01FBA696CEF6C0D
:102CC000B8F838400846ABB1934228BF13469C423F
:102CD00028BF1C460029C4D001F06043B3F1005F57
:102CE000BFD0082C28BF0824286E22460EF06FFEA5
:102CF000286EB6E7944228BF1446EBE71946D7E79B
:102D000004B0BDE8F08100BF0000AD0B10B5027843
:102D10000346002A7DD10C69A26D32B9606D6FF057
:102D20007301BDE810400EF0E8B9E06C40B1216DD0
:102D300031B1DB6823B1834202D0616E0EF047FEF1
:102D4000A36CA26DABB19A4231D90820F6F7A4FE6C
:102D500048B1304B4361304B83610323037400233C
:102D600043748374C3742D4900234FF4C2520DF091
:102D7000ACF8236DA26DABB19A4231D90820F6F7B9
:102D80008BFE48B1234B4361254B836103230374BE
:102D9000002343748374C374204900234FF4C25248
:102DA0000DF093F8606DBDE81040FFF747BF9B1A28
:102DB000A3647BB9636B08336363A36B013BA363B9
:102DC00004F1480204F1380104F134000EF014F962
:102DD0006064CEE7636C002BCBD013446364C8E718
:102DE0009B1A23657BB9E36B0833E363236C013BD8
:102DF000236404F1500204F1400104F13C000EF0A0
:102E0000FBF8E064CEE7E36C002BCBD01344E36423
:102E1000C8E710BD4AB903001BBB0300AC25030083
:102E200005BB03002DE9F04F91B000AFC7E90232B6
:102E300043687B608B88046980469804894642D445
:102E40004FF0FF324FF0FF3304F1100007F0BCF8F1
:102E5000C4F80490D8F804B0D8F810A0DBF8083013
:102E60003B609AF85D3023B1DAF80030994500F004
:102E70004A81B9F804C01CF400632BD00820F6F78F
:102E80000BFE48B1834B4361834B8361032303747F
:102E9000002343748374C374804900234FF4C252E7
:102EA0000DF013F86FF0850523689B8813F4005329
:102EB00004D1636004F1100007F022F8284644377B
:102EC000BD46BDE8F08FA369002BB9D16368994274
:102ED000B6D1BFE71CF0010618D06D468AB0D8F80D
:102EE00000106A466E4850616B48C2E9060140F224
:102EF000013111846B4942F8101F68484FF4115199
:102F0000F6F7AAFFAD466FF01505CDE71CF00805F2
:102F100013D00820F6F7C0FD40B1634B43615E4B10
:102F200083610323037446748674C6745B4900236B
:102F30004FF4C2520CF0C9FFE5E7CCF34510082866
:102F40000ED00820F6F7A8FD0028EFD0574B4361BC
:102F5000514B83610323037445748574C574E5E79D
:102F6000D9F800E0524B9E4505D8F6F795FD0028AC
:102F7000DCD0504BEBE70BF10C060FCE07F1180538
:102F80000FC50FCE0FC53B68734528BF73469E46DD
:102F900096E80300484B9E4585E8030017D2474B4F
:102FA0009E4514D2464B9E4511D2464B9E455DD858
:102FB000454B9E455CD8454B9E455BD8444B9E4552
:102FC0005AD84449444B454A8E4588BF13461CF0A5
:102FD000020FFB620CF0040350D0002B14BF03233C
:102FE000022387F83030CCF3001387F83130DBF858
:102FF0000030D3F80835591C0CD01CF0020F7B614F
:1030000007F114003ED1FFF7EBFC7A6901239340EE
:10301000C0F80C359AF85D302BB1584605F0BCF875
:1030200000238AF85D3043462D4A07F118015846BF
:1030300005F074F82B4B984205465FD00820F6F750
:103040002BFD50B1284B4361134BC0E906350423D7
:103050000374002343748374C374104900234FF432
:1030600001520CF032FF6FF004051DE71F4BAEE775
:103070001F4BACE71F4BAAE71F4BA8E7003B18BF4D
:103080000123AEE7FFF7ACFC7A6901239340C0F857
:103090000835BFE76CB9030031BB0300AC25030062
:1030A0008AB9030004000001B0B90300D3B90300DA
:1030B00047E8010006BA03000048E8010024F400D4
:1030C00000127A00FF083D007F841E003F420F007F
:1030D0001FA107008FD0030048E8010090D0030033
:1030E0000D2D02000000AD0B3BBA030000093D00AE
:1030F00080841E0040420F0020A1070001238AF8AF
:103100005D30CAF80090012384F85C307B68196C4C
:103110004A1C17D003F1440000F020F9743011D19B
:103120000620F6F7B9FC38B15B4B43610223037408
:10313000002343748374C374584900234FF48452AA
:103140000CF0C3FEFB68002B7AD163630023A363FA
:1031500004F1480204F1380104F134000DF04CFF91
:10316000BB686064002B73D1E3630023236404F124
:10317000500204F1400104F13C000DF03DFF002538
:103180002A46E0640121204625630DF073FF404686
:10319000FFF754FDA06B2A462B46834260D10023E3
:1031A000256C1946A94262D19A42264638BF1A4672
:1031B0004FF4FA5303FB02F556F8203B4FF0000999
:1031C0001B68B5FBF3F54FF4004CC835494640F297
:1031D000E7304FF47A720023E5FB0C01DDF70CFEBB
:1031E00002460B46304606F0EFFE0246002845D068
:1031F0000820F6F751FC58B1294B4361294B8361F4
:103200000323037480F8119080F8129080F81390D3
:10321000224900234FF4C2520CF057FE0025786873
:10322000A56504F0B9FF84F85D506FF07301404666
:103230000DF063FF304606F027FF6FF0730533E6AD
:10324000FB681B686363002B80D0FB685B687EE7CC
:10325000BB681B68E363002B87D0BB685B6885E7AE
:10326000616B01EBC301013349680A4495E7E06BE8
:1032700000EBC10001314068034493E7256B15F171
:10328000740FCBD0002D3FF40FAE0146D8F81000DC
:103290000DF0F0FE08E600BF66BA0300AC2503009F
:1032A00090BA0300E5BA030008B50368590902465D
:1032B00013D0012906D103F01F034FF6FF71D94047
:1032C000C80712D40A490B4840F2CA320CF04FF931
:1032D000074840F2CA310CF041F94FF0FF31D940B4
:1032E000C907EFD54FF0A04000E00348136008BDC8
:1032F000DA900300F488030000030050F0B587B0B3
:1033000001238DF8023002238DF804306B440393BF
:103310000F4601AB0DF10301002404930546029111
:10332000059402F0C7FD0C4B984206460FD103AA44
:103330003946284602F010FCB0420BD09DF803102D
:10334000284602F0AFFD6FF0040007B0F0BD6FF04B
:103350001200FAE72046F8E70000AD0BF7B50C467F
:1033600005460DF0B9FF002221460646284602F028
:10337000A9FD01A80194FFF797FF019B00EB8302D1
:10338000164BD2F800170B4043F00C03C2F800377D
:103390000DF0C4FE07462B689B59B3B100262146A9
:1033A00028460DF097FF01A80194FFF77DFF019BD0
:1033B00000EB8300094BD0F80027134043F00403CF
:1033C000C0F80037304603B0F0BD0DF0A7FEC01BBB
:1033D0000628E0D96FF07306E1E700BFF0F8FCFFC4
:1033E00070B40E49D1E90034D01AC31844F1000476
:1033F00022F07F46C1E90034A6F50013B3F5400F73
:1034000009D2074B1B681A0A1B069C19054B42F18F
:103410000005C3E9004570BC08F0A8BDC02F00201E
:10342000E8540020C82F00200D4B1868010A000640
:10343000BFF35F8F0B4BD3F80435181841F100012F
:10344000B3F5801F0AD2084BD3E90023904271EBF9
:10345000030303D210F1807041F10001704700BFF7
:10346000E854002000100140C82F00202DE9F74348
:103470002B4CD4F8043399070BD5D4F8043143B15D
:10348000284A0023C4F80431D4F804311368013306
:103490001360D4F80433DA0323D5BFF35B8F224BD8
:1034A00053E8002F22F0010143E800100028F7D173
:1034B000BFF35B8FD30702D4D4F840318BB1002522
:1034C000C4F84051D4F84031FFF7AEFFEFF310825B
:1034D00072B6164BD3E90267B042B94104D282F307
:1034E000108803B0BDE8F0834FF0FF384FF0FF398C
:1034F000C3E90289D3E900101D604FF48033C4F89A
:103500004833C4F84051D4F8403182F31088002980
:10351000E7D0009032463B4628468847E1E700BFA7
:1035200000100140E8540020E0540020B02F00209B
:103530002DE9F84F4B4DBFF35B8F06460F4655E81C
:10354000008F28F0010345E80032002AF7D1BFF3CD
:103550005B8F454C4FF48039C4F80893BFF35F8FFD
:10356000BFF36F8FFFF760FFB04271EB070308F006
:10357000010840D23D4B301A67EB0101984271F1CE
:1035800000014CD23A4BD3E902239F4208BF964236
:103590003ED04FF0000CC4F84893C4F840C126F068
:1035A0007F40D4F84031DFF8D8A0834603216FF084
:1035B000020E2BF07F43C4F84035C4F84493D4F88E
:1035C0000425AEEB02035B4423F07F4353451FD930
:1035D000D4F840315BB1D4F80425131A23F07F43AB
:1035E000B3F5000F14D9C4F840C1D4F8403101EB51
:1035F000020B0131DDE71F4BBFF35B8F53E8001F68
:1036000041F0010143E80012002AF7D1BFF35B8FBC
:10361000174B194A1A60C3E9026700225A60B8F1D1
:10362000000F1CD0BFF35B8F55E8003F43F0010350
:1036300045E80032002AF7D1BFF35B8F4FF48033A7
:10364000C4F804330B4BBFF35B8F1B68BFF35B8F76
:10365000DB0742BF094B4FF40032C3F80021BDE83D
:10366000F88F00BFE45400200010014001008000EA
:10367000B02F0020E0540020E133020000E100E020
:10368000FDFF7F0070B5194C194BC4F80833C4F81E
:103690004833184B00254FF0FF304FF0FF31C4F88E
:1036A0000855C3E902014FF48033C4F80433124BC8
:1036B00002264FF40032C4F804630121C3F88021CC
:1036C00011202A46F9F742FB1120F9F70FFB0123DD
:1036D0000A4AA3600021236009481360FFF728FF0E
:1036E0003046FCF74BFE284670BD00BF001001407D
:1036F00003000F00B02F002000E100E0E4540020A0
:10370000FFFF7F00431C10B50F4C05D08442A8BFBB
:103710000446012CB8BF0124FFF786FE0B4AD2E90C
:103720000031C01AB0F5000F074A0AD22044904277
:1037300028BF1046C018BDE8104041F10001FFF756
:10374000F7BE1046F6E700BFFFFF7F00C02F002046
:1037500008B5FFF769FE024B1B68C01A08BD00BF21
:10376000C02F002010B5084C012363601120F9F729
:10377000CBFA064BC4F80833C4F84833044B4FF473
:103780000032C3F8802110BD0010014003000F007B
:1037900000E100E008B5F6F70BFA0820F6F77CF92F
:1037A00048B1094B4361094B836103230374002330
:1037B00043748374C374064900234FF4C2520CF05F
:1037C00084FB0020F9F738FE56BB03006BBB0300F7
:1037D000BC2403000B4B0C4A1B7AC2F81035042B97
:1037E0000DD8DFE803F008030C080300074BA02204
:1037F0001A6001207047054B4FF49672F8E70020DD
:10380000704700BFE455002000100040F454002031
:10381000044A0023C2E908339362034AC2E9083329
:1038200093627047B055002084550020054B1B68FB
:10383000D3F80423920342BF0022C3F84421D3F8F3
:1038400044317047540B002008B5084B1B68012217
:103850001A61DCF773FCDCF76BFC01F01FF8032046
:10386000DCF772FCBDE80840DCF750BC540B0020CC
:1038700038B500280E490F480F4D40F2044408BFE8
:103880004FF48064DCF748FC38B9DCF739FC00F011
:10389000E9FF2B68C3F8004238BD084BDB7C002BE6
:1038A0002B680CBF81222822C3F84825F1E700BF0E
:1038B0000C0B002068310300540B0020E45500205D
:1038C000EFF31181402383F31288BFF36F8F074A10
:1038D000936A013B9362536A0133082B28BF00238C
:1038E000536281F31188BFF36F8F7047B05500208A
:1038F0002DE9F843224BDFF898801A78012A814697
:103900000F4630D198F80030C3F3050203F03F03AF
:10391000202B33D81B4B196A53F821301A70194DDC
:1039200019492C6A55F824603046013410F8052BEB
:103930000EF04DF8154B86F80190D3F848353771E5
:1039400003F07F03B37098F80130DB4303F0010309
:10395000F370AB6A082C28BF002401332C62AB62E1
:103960000120BDE8F883074A116A52F821205978EE
:1039700009B91170D3E75B7C1370D0E70020F0E742
:10398000E4550020845500208F6200200010004084
:103990008D6200201FB5174B93F90A001B7A013B7B
:1039A000DBB2032B9CBF144AD25C144BDB7C4FF080
:1039B000000188BF0522009103F5166303A9DCF717
:1039C000CFFB9DF80D00DCF7C5FB50B10C490D484D
:1039D00040F281320BF0CBFD094840F281310BF00F
:1039E000BDFD9DF80C20084BC3F80C2505B05DF813
:1039F00004FB00BFE45500205ABC03003C0B002030
:103A000091BB0300F48803000010004083784278E3
:103A10001B0443EA022302781343C27843EA0253A9
:103A2000027943EA8253427943EA0263827943EAA4
:103A30008263C27943EA4273094AC2F81435837A31
:103A4000417A1B0443EA0123017A0B43C17A43EA1A
:103A50000163017B43EA4163C2F81835704700BF38
:103A6000001000401FB504460D22002168460DF0ED
:103A7000D6FF0A4B00930A4B5B7CE0B2013B8DF80A
:103A800008008DF809008DF80A30684601238DF88A
:103A90000B30FFF7BBFF04B010BD00BF00010100F9
:103AA0003C0B00201FB50023CDF80930CDF80130C4
:103AB000CDF8053003238DF8023006238DF8003051
:103AC0000C4B5B7C013B8DF80A3020238DF80830CD
:103AD000094B1B7A012293428DF80B2007D18DF8F8
:103AE00005206846FFF792FF05B05DF804FB042B44
:103AF000F5D0F6E73C0B0020E4550020F8B5634B09
:103B0000634F644D3C78644E01221A60634B5A6ADD
:103B100053F8221029600CB3012C42D001242B68E9
:103B20005F4D5A78C5F82C255B785E4A012707FA65
:103B300003F3DBB2C5F83035D37C40F6C41103F58E
:103B400016638B426BD9584958484FF4E6620BF024
:103B50000EFD55484FF4E6610BF000FD544B3480E8
:103B600008781B689847296833780A79304662F3E9
:103B7000010300F8023B11F8052B0DF028FF484B1C
:103B800040F21B12C3F800221022C3F80423494B51
:103B9000FA891A60484B494A1A60494B02221A7046
:103BA000BCE7CA780023338012B1BC7C84F00104E6
:103BB0000B7991F800C030785B0003F00603002A0F
:103BC00008BF43F00103727822F0070213436CF33D
:103BD00005003070737011F8052B3A480DF0F7FEB0
:103BE0002F4B3549364A74B140F21B10C3F800021E
:103BF0003048FC89046031480860022111701022AD
:103C0000C3F804238AE740F21310C3F800022E48D9
:103C10000860012111701022C3F804237FE7A3F587
:103C20001663C5F8083502F11403BFF35B8F53E840
:103C3000001F21F0010143E80012002AF7D1BFF371
:103C40005B8FFFF7A7FE214BC5F804650222C3F87E
:103C500080213846F9F74AF80020C5F80401D5F864
:103C60000431C5F80801D5F80831C5F81001D5F8B8
:103C70001031C5F80C012146D5F80C3100F024FEB6
:103C80002046FFF7F5FD124B9F61F8BDF854002068
:103C9000E4550020DC550020AF620020B055002024
:103CA000001000403C0B0020B2BB0300F48803006E
:103CB000EC540020FC540020F0540020413F02004E
:103CC000D1620020B1620020A13E020000E100E0CC
:103CD00000400140684620F007018D4619B5144B9D
:103CE000D3F80423D2060BD5D3F8102142B1002219
:103CF000C3F81021D3F810310E4B1B6803B198475D
:103D00000B4CD4F804331B070BD5D4F80C3143B15A
:103D1000084B1B6803B198470023C4F80C31D4F852
:103D20000C31F8F795FABDE819408546704700BF99
:103D300000100040F0540020684620F007018D4636
:103D400031B5194B82B01B680193EFF31181402309
:103D500083F31288BFF36F8F144B00221D681A6023
:103D600081F31188BFF36F8F114C2368ABB1E90762
:103D700003D58DF8002068469847AA0705D501238A
:103D80008DF800306846236898476B0705D50223F5
:103D90008DF80030684623689847F8F759FA02B062
:103DA000BDE8314085467047F8540020005500209A
:103DB000E05500200146C80708B506D531480DF08A
:103DC000B1F9314B00BAC3F81C058A0706D52F4854
:103DD0000DF0A8F92C4B00BAC3F820054B070AD503
:103DE0002B4829490DF09EF9C1F8240529480DF00A
:103DF00099F9C1F828054FF08053D3F83021082AEB
:103E00003ED1D3F83431052B3AD8234AD35CBBB327
:103E10001C4B224A5B7C052B1B4BD3F81C15D3F89B
:103E2000200518BF4FF07F424140114228D1D3F8FE
:103E30002415D3F82825C1F30720CBB2834214D030
:103E4000C1F30740834210D0B3EB116F0DD0D1B254
:103E50008B420AD0C2F307218B4206D0C2F307413E
:103E60008B4202D0B3EB126F0AD1074AD2F87437F3
:103E700023F0807323F0010343F08073C2F874379A
:103E800008BD00BF3C0B002000100040400B00208C
:103E9000440B0020480B00205EBC03000000FFFF25
:103EA00010B5DCF745F9154B154C1B6801221A615A
:103EB00000F0F4FCDCF72AF90021084600F070FD60
:103EC000104A1148136843F001031360A36A3BB919
:103ED0000E4B00221A704FF48013C0F8003110BD51
:103EE000FFF7EEFCA36A002BF2D04FF48013C0F86A
:103EF0000031BDE81040FFF701BE00BF540B0020A9
:103F0000B05500200055002000E100E0D162002003
:103F100008B5DCF70DF907490748DCF703F9074B4B
:103F20001A68D2F8003223F4806323F00403C2F845
:103F3000003208BD0C0B002080310300540B002020
:103F4000F8B501210020244C244D254E00F028FD19
:103F500000F0A4FCFFF7DCFF40F21313C4F80032BA
:103F60002B680127DF601F4B1A6800230D321946AA
:103F7000284604F0CDFBF37CB189002B0CBF8122D5
:103F8000282228468A1A0023394604F0C1FB2B68F0
:103F900040F202220025C3F80022C3F84051D3F8B2
:103FA0004021C3F84451D3F8443100F0B7FD00F08C
:103FB0008FFDC4F80C513078D4F80C3110B90A4B8D
:103FC0001B689847094BC4F80435094B094A1A6025
:103FD000094B03221A70F8BD00100040540B00205A
:103FE000E4550020F4540020EC5400208D620020A1
:103FF000F054002061400200D162002038B50A4C24
:104000000A4D2368D3F844358133EB6000F02AFC75
:1040100007492846DCF780F820B9236840F20442BB
:10402000C3F8002238BD00BF540B0020240B002031
:104030000C0B002008B500F031FCDCF779F8032008
:10404000DCF782F8054B1A68D2F8003223F480635B
:1040500023F00403C2F8003208BD00BF540B002057
:1040600070B500F08DFDDCF769F8DCF74FF84E4BCA
:104070004E4AD3F80C11002943D0D3F80034D907A5
:104080003FD54B4C4B4D23684B4E43F0010323600F
:104090001268EB899B1A494A01331360B36A0BB16A
:1040A000FFF70EFC2B78B3B1454B1A78920612D06D
:1040B0005978444B3C4A9B6AD2F82C05072BC1F334
:1040C000410108D800F00700FFF712FC18B123687F
:1040D00043F004032360B26A3B4B12B12A7C012AED
:1040E00007D13A4A002111704FF48012C3F8002121
:1040F00070BD4FF48012C3F80021BDE87040FFF797
:10410000FDBC1368314E324D591E11607BB92A68CF
:1041100001211161274AD2890A4428490A602449A9
:104120000A6842F002020A603370274BDCE71E4C3B
:104130000023C4F80031D4F8003140F21B13C4F856
:104140000032244B1A68244B10781B689847234B85
:10415000C4F80435224B234A1A6002233370FFF758
:1041600019FCFFF74BFF00F079FC2B68D3F84421D2
:10417000BAB1D4F85035DBB2092BB9D0D4F800412C
:10418000002CB5D1FFF756FF00F0A2FC012120461C
:1041900000F09AFB0120FFF76BFB134B01229A61A1
:1041A000A6E701221A60A3E700100040FC5400209B
:1041B00000550020E4550020B0550020F8540020A0
:1041C0008D6200208455002000E100E0D1620020D3
:1041D000540B0020DC550020EC540020AF6200207E
:1041E000F0540020413F02000040014038B5214B0F
:1041F000214C002501201D60F8F786FD1420F8F7FA
:1042000083FD0A20F8F780FDD4F80032C4F800528C
:104210004FF0FF33C4F80833C4F81051D4F810310C
:1042200001232361D4F81031002BFBD00025C4F802
:104230001051D4F8103100F037FDFFF705FB0F489F
:1042400004F036FA00F05AFDD4F850360C4823F04A
:104250000103C4F850360B4B1D700B4B29461D70E3
:10426000FFF7D6FA20220DF0DAFB084B1D605D60E7
:1042700038BD00BFF054002000100040540B002057
:10428000BE590020D1620020D26200208562002049
:104290002DE9FF410446002800F00781844F3B7858
:1042A0000BB1FFF7A3FF834B62681A60824A234673
:1042B00004F11005904618685968144603C4083381
:1042C000AB422246F7D1186820607C4B7C48002422
:1042D000202221461C600DF0A2FB7A4B7A491C601B
:1042E0005C60FFF777FA98F8003083B1012B01D1B9
:1042F000764B0B6098F80920754B012A74D0022A7E
:1043000007D07AB9C3F83C25C3F8342508E0714BCF
:10431000EFE74FF6FF70C3F83C05C3F834256E4A4B
:10432000C3F838250B6898F811009847684B6B481C
:104330004FF0E732C3F81C254FF04332C3F8202575
:10434000674AC3F82425674AC3F82825FFF760FAAF
:10435000654A002311460133082B40F8041B01F184
:104360002501F8D16149624800230133082B40F848
:10437000041B01F12501F8D100265E4B35460136BC
:10438000082E1A601D719D6002F1250203F10C03D5
:10439000F5D12022002158480DF041FB574B584AD7
:1043A0005848019301A9CDE9025504F015F9564B7F
:1043B0009842044620D100F009FC0446002849D068
:1043C0003046F5F769FB40B1504B4361504B836178
:1043D0000323037445748574C5744E4900234FF458
:1043E000C2520BF072FD31E0FF20C3F83C05C3F868
:1043F000342540F2071293E73046F5F74DFB48B1FC
:10440000454B4361454B4574C0E9063404230374AE
:104410008574C5743F4900234FF401520BF055FDDC
:104420000820F5F739FB48B13D4B4361384B8361B8
:1044300003230374002343748374C3743549002336
:104440004FF4C2520BF041FD6FF00D04204604B052
:10445000BDE8F08100F024FC324B1D495860D1F8D2
:10446000502698F8133022F001021343C1F8503659
:10447000012108462246F8F769FC22460221142051
:10448000F8F764FC224602210A20F8F75FFC0120BD
:10449000F8F72CFC1420F8F729FC0A20F8F726FC82
:1044A000214B1C7001233B70D0E76FF01504CDE762
:1044B000D2620020E0550020E45500200055002085
:1044C000BE59002085620020EC540020A53A02006D
:1044D00000100040653A020021100100B055002094
:1044E000E743C323A363E3135D610020356000202D
:1044F00084550020245500200455002040420F0020
:104500002D380200540B00200000AD0B3DBC030011
:1045100073BC0300AC240300E6BB030064BC0300CF
:1045200013BC03000C0B0020D1620020024B187852
:10453000B0FA80F040097047D16200202DE9F041C7
:10454000544B1B78002B00F09980002800F09F80CE
:1045500003785A1E1F2A00F294804F490A781AB92C
:104560004A7C9A42C0F08D804C4B9A6A072A00F22E
:104570008B804278072A00F28A80EFF3118540226F
:1045800082F31288BFF36F8F4A7822BB1C6A53F8FC
:104590002440024600F1240652F8047B44F8047BD0
:1045A000B242F9D11278227046783D4CA25D0132B8
:1045B00002F00302A2551A6A407853F82220205CC8
:1045C00010711A6A0132082A28BF00221A629A6AF8
:1045D00001329A623AE0334C0022A44694F804E097
:1045E000BEF1000F2DD10C2757430CEB0706012419
:1045F0005CF807703471C6F808E0044600F1240E38
:1046000054F8048B47F8048B7445F9D124783C7036
:1046100090F801E0224F17F80E40013404F0030433
:1046200007F80E400C24624344785CF802203C5D9D
:10463000147144781C4850F8242092B940F8246042
:10464000C5E70132082A04F10C04C7D185F31188AB
:10465000BFF36F8F4B780A7C134308D00020BDE86E
:10466000F08110469268002AFBD18660AFE70F4BBD
:104670001B78002BF2D1FFF741FAEFE76FF00C0047
:10468000EDE76FF07900EAE76FF00B00E7E76FF016
:104690001500E4E7D2620020E4550020B055002068
:1046A000856200202455002004550020D16200209E
:1046B00038B5254B1B78002B3CD000283DD0234C2F
:1046C000A36A002B3CD0EFF31185402383F31288BB
:1046D000BFF36F8F636A54F823301A780270636AED
:1046E00054F823305B784370636A54F8233093F9AD
:1046F00002308370636A54F823301B790371636A54
:1047000054F82330DB78C370636A54F82310053003
:1047100005310DF05CF9636A0133082B28BF0023D3
:104720006362A36A013BA36285F31188BFF36F8FB5
:10473000002038BD6FF00C00FBE76FF01500F8E7C4
:104740006FF03C00F5E700BFD262002084550020E6
:1047500038B5124B1B78F3B1EFF31185402383F387
:104760001288BFF36F8F0E4A0023C2E908339362A9
:104770000C4A0824013C1371936002F10C02F9D138
:104780002022214608480DF04AF985F31188BFF32D
:104790006F8F204638BD6FF00C00FBE7D26200201F
:1047A000B0550020245500200455002010B50A4BB8
:1047B0001B7803F0FF0443B950B1084B02681A603C
:1047C0000120FFF7F7FA204610BD6FF00F00FBE75E
:1047D0006FF01500F8E700BFD16200203C0B00200D
:1047E00010B50A4B1B7803F0FF0443B950B1084BD6
:1047F00002685A600220FFF7DDFA204610BD6FF014
:104800000F00FBE76FF01500F8E700BFD162002052
:104810003C0B002038B5104B1B780C4603F0FF050D
:104820009BB9A8B1082913D80A4601460B480DF0D8
:10483000CEF80B4AFF231474C4F10804234104206A
:104840009374FFF7B7FA284638BD6FF00F00FBE707
:104850006FF01500F8E700BFD1620020440B002084
:104860003C0B0020094B0A491A78D30003F180431E
:1048700003F5F833C3F810150649C3F814150123DE
:104880009340054AC2F80435704700BFD562002046
:104890001841014000A0004000F00140084B0949C8
:1048A0001B7801229A40DB0003F1804303F5F833C3
:1048B000C1F808250022C3F81025C3F81425704755
:1048C000D562002000F00140F0B52B4B2B4C1B783B
:1048D0002B4FDA0014442B4A0025C2F81851D2F8A5
:1048E0001821294A15788000EA00C0B202F18042FE
:1048F00002F5F83200F1804000F58050C2F81075E2
:10490000C2F81405214A05F5117042F82040204AEA
:1049100020481678F20002F1804202F5F8320124B4
:10492000C2F8100500F5973000F58470C2F8140540
:1049300004FA06F604FA05F0304369B1164A174E38
:104940001178CA0002F1804202F5F8328C40C2F8B8
:1049500010752043C2F814659B0003F1804303F5F2
:10496000F8330122D3F80018AA400A43C3F80028FC
:10497000064BC3F80405F0BDD362002004F00140EB
:104980001841014000400140D662002000F0014083
:10499000D462002010110040D562002000A0004029
:1049A000F0B5294B294E1878294B1A78012404FABE
:1049B00002F304FA00F51D4300F51177C3004FEA36
:1049C000C20C19BB03F1804303F5F833C6F8085550
:1049D000C3F81015C3F8141546F827100CF18043DE
:1049E00003F5F833C3F81015C3F81415194B1B78E9
:1049F0009B0003F1804303F5F8330121D3F800282D
:104A0000814022EA0102C3F80028F0BD124A127860
:104A100003F1804303F5F833944000212C43C6F89A
:104A20000845C3F81015C3F814150CF1804303F5BD
:104A3000F83346F82710C3F81015C3F81415D3003F
:104A400003F18043CCE700BFD662002000F00140B4
:104A5000D4620020D3620020D5620020154B164995
:104A600016480022C3F81821D3F81831144B1B78CC
:104A7000DA0002F1804202F5F832C2F8101501F5B1
:104A8000973101F58471C2F814150E4A1178CA00E5
:104A900002F1804202F5F832C2F810050A48C2F865
:104AA0001405012202FA03F38A401343074AC2F8AD
:104AB00004357047004001401011004044A10040FF
:104AC000D4620020D76200200010004000F00140B6
:104AD0000F4B1A780F4B1B78012101FA02F0994015
:104AE000D200DB00014302F180420B4803F1804316
:104AF00002F5F83203F5F833C0F808150021C2F8C2
:104B00001015C2F81415C3F81015C3F81415704722
:104B1000D4620020D762002000F00140134B1449FA
:104B20001B781448DA0002F1804202F5F832C2F82C
:104B3000101501F50F410C31C2F814150E4A117809
:104B4000CA0002F1804202F5F832C2F81005A0F561
:104B500011403038C2F81405012202FA03F38A40EA
:104B60001343064AC2F80435704700BFD9620020DB
:104B70000411004040A10040D862002000F0014034
:104B80000F4B1A780F4B1B78012101FA02F0994064
:104B9000D200DB00014302F180420B4803F1804365
:104BA00002F5F83203F5F833C0F808150021C2F811
:104BB0001015C2F81415C3F81015C3F81415704772
:104BC000D9620020D862002000F0014038B52848A2
:104BD000284D01F033FCA84204463BD1264801F0A1
:104BE0002DFCA842044635D1244801F027FCA842F8
:104BF00004462FD1224801F021FCA842044629D1C5
:104C0000204801F01BFCA842044623D11E4801F0B5
:104C100015FCA84204461DD11C4801F029FCA04205
:104C2000054622D00820F4F737FF50B1184B4361F6
:104C3000184BC0E9063504230374002343748374BE
:104C4000C374154900234FF401520BF03EF96FF085
:104C5000120038BD0820F4F71FFF0028F1D00F4BD9
:104C600043610C4BC0E90634E5E70020F1E700BFE3
:104C7000D66200200000AD0BD4620020D562002077
:104C8000D9620020D8620020D7620020D3620020C1
:104C900080BC0300F3BC0300AC240300A6BC0300EB
:104CA00000487047101100400E4B0F491B780978DF
:104CB000012202FA01F102FA03F30B430B490978CE
:104CC00002FA01F10B430A49097802FA01F10B4398
:104CD000084909788A401343074A43F00103C2F8A0
:104CE00008357047D6620020D8620020D4620020C8
:104CF000D5620020D962002000F0014038B51E4B7B
:104D0000187801F0A1FB1D4B984205460AD01C49BA
:104D10001C4840F235120AF02AFC194840F23511BD
:104D20000AF01CFC184B187801F08EFBA8420446D0
:104D3000EDD1164B187801F087FBA0420546E6D16D
:104D4000134B187801F080FBA8420446DFD1114BC9
:104D5000187801F079FBA0420546D8D10E4B18789F
:104D600001F072FBA8420446D1D10C4B187801F037
:104D700085FBA042CBD138BDD66200200000AD0B30
:104D8000CEBC0300F4880300D4620020D56200206A
:104D9000D9620020D8620020D7620020D3620020B0
:104DA000BAB100EB8202F0EC017AF4EEE70AF1EE20
:104DB00010FAB0EE607AB4EEE70A06D4F1EE10FA1B
:104DC000B4BFB0EE677AB0EE407A8242A1EC017ACD
:104DD000E9D170473AB1F0EC017A67EE807A013A96
:104DE000E1EC017AF7D17047DFED3A7A9FED3A6A4C
:104DF0003A4A9FED3B7A60EE277A00B5F0EEE77A0B
:104E0000FDEEE76AF0EE002AF8EEE66AB0EE081A68
:104E100077EEE67AB5EEC00A67EE867AF1EE10FA22
:104E2000FCEEE76A16EE903AC3F3080306EE903AFA
:104E300002EB830E03F1800C9EED016ADEED004A69
:104E4000F8EE666ACCF3080C02EB8C0377EEE67A98
:104E500093ED014AF1EE646AB0EE465A36EE642AEA
:104E600076EEC63A96EEA25A26EE876AD3ED006A2F
:104E7000F0EE445AE6EEA25A74EE661A32EE023AA8
:104E800071EEA12A36EE844A67EE655AD3EE872A80
:104E900027EE455AF0EE433AD4EE073AE2EE015AD5
:104EA000A1EE815AE7EEA35AA7EEA25A26EE877A20
:104EB000A7EE856AA7EEA57AE7EE866AE7EE874A4F
:104EC000C1ED006A48BFF1EE644AC0ED004A5DF8EA
:104ED00004FB00BF610B363B000000449831030027
:104EE000DB0F493CF5EEC00AF1EE10FA14DC56D4A3
:104EF000F5EE400AF1EE10FA40F03181B5EEC00A4D
:104F0000F1EE10FA00F3948040F12981DFEDA87AE8
:104F1000C0ED007A00207047C0EE207AF7EE006AFC
:104F2000F5EEC07AF1EE10FA48BFF1EE677AF4EED2
:104F3000E67A4CBF01230023F1EE10FA7BDD86EE0A
:104F4000A77ADFED9C2A9FED9C3ADFED9C3A9FED1E
:104F50009C4ADFED9C4A9FED9C5ADFED9C5A9FEDE9
:104F60009C6ADFED9C6ADFED9C7AA7EE223AE7EEC1
:104F7000033AA7EE234AE7EE044AA7EE245AE7EEE7
:104F8000055AA5EE876AE7EE066AE7EE667A002B19
:104F9000BED0F1EE677AC0ED007A00207047B5EE22
:104FA000C00AF1EE10FA6BDDC0EE207AF7EE006A6F
:104FB000F5EEC07AF1EE10FA48BFF1EE677AF4EE42
:104FC000E67A4CBF01230023F1EE10FA40F39F80F4
:104FD00086EEA77ADFED772A9FED773ADFED773A15
:104FE0009FED774ADFED774A9FED775ADFED775AED
:104FF0009FED776ADFED776ADFED777AA7EE223AE9
:10500000E7EE033AA7EE234AE7EE044AA7EE245A56
:10501000E7EE055AA7EE256AE7EE066AE7EE667A3E
:105020000BB1F1EE677A9FED6D7A77EE877A6FE7D5
:10503000DFED697A6CE7DFED5F6A9FED5F7A9FEDE8
:105040005F4ADFED5F4A9FED5F5ADFED5F5A9FEDEC
:105050005F6AA7EEA67ADFED5E6AA7EE874A9FED4C
:105060005D7AE7EE844AA7EEA45AE7EE855AA7EEEA
:10507000A56AE7EE866AA7EEA67A67EE877A86E7E4
:1050800002D4DFED567A43E7C0EE207AF7EE006AED
:10509000F5EEC07AF1EE10FA48BFF1EE677AF4EE61
:1050A000E67A4CBF01230023F1EE10FA5ADD86EEBA
:1050B000A77ADFED402A9FED403ADFED403A9FEDC1
:1050C000404ADFED404A9FED405ADFED405A9FEDE8
:1050D000406ADFED406ADFED407AA7EE223AE7EE64
:1050E000033AA7EE234AE7EE044AA7EE245AE7EE76
:1050F000055AA7EE256AE7EE066AE7EE667A0BB177
:10510000F1EE677A9FED357A77EEC77A00E7DFED4B
:10511000296A9FED297A9FED294ADFED294A9FED03
:10512000295ADFED295A9FED296AA7EEA67ADFED0D
:10513000286AA7EE874A9FED277AE7EE844AA7EE12
:10514000A45AE7EE855AA7EEA56AE7EE866AA7EEAF
:10515000A67A67EE877A002B3FF465AF61E76FF0C0
:1051600003007047DFED136A9FED137A9FED134A3A
:10517000DFED134A9FED135ADFED135A9FED136ACB
:10518000A7EEA67ADFED126AA7EE874A9FED117AA5
:10519000E7EE844AA7EEA45AE7EE855AA7EEA56A81
:1051A000E7EE866AA7EEA67A67EE877AA7E700BFE2
:1051B000DB0FC9BFA59204BDE745093E08B732BE63
:1051C000EBFCA9BC3C695D3E435690BBE565AABEBD
:1051D000C90CC0B70100803FDB0FC93FDB0F49405E
:1051E00019B10139A0EC010AFBD170474FF080538F
:1051F000D3F83021082A06D1D3F83431052B02D850
:10520000024AD05C70470020704700BF06BD030013
:10521000024AD2F80034002BFBD0704700E0014076
:1052200010B54FF08053D3F83021082A4ED14FF0FB
:1052300080420021C2F80C11C2F81011C2F83815D2
:1052400002F54042D3F80414C2F82015D3F808142C
:10525000C2F82415D3F80C14C2F82815D3F810148A
:10526000C2F82C15D3F81414C2F83015D3F818145A
:10527000C2F83415D3F81C14C2F84015D3F8201422
:10528000C2F84415D3F82414C2F84815D3F82814EA
:10529000C2F84C15D3F82C14C2F85015D3F83014BA
:1052A000C2F85415D3F83414C2F86015D3F8381482
:1052B000C2F86415D3F83C14C2F86815D3F840144A
:1052C000C2F86C15D3F84434C2F87035FFF78EFF7E
:1052D00018B1414B414AC3F88C26FFF787FF18B13C
:1052E0003F4BFB22C3F81825FFF780FF70B14FF04A
:1052F00080414FF08053D1F8E42ED3F8583222F099
:105300000F0203F00F031343C1F8E43EFFF76EFFF3
:1053100020B1344B4FF40072C3F840264FF0805355
:10532000D3F83031082B09D14FF08043D3F8002453
:10533000D20744BF6FF00102C3F800242A4AD2F812
:10534000883043F47003C2F88830BFF34F8FBFF347
:105350006F8F4FF08053D3F83021082A0ED1D3F845
:105360003431052B02D8214AD35C3BB14FF01023D6
:10537000D3F808224FF08043C3F858254FF010238C
:10538000D3F80022002A03DBD3F80432002B22DA00
:10539000174901234FF01020C1F804351224FFF7FC
:1053A00037FFC0F80042FFF733FFC0F80442FFF7B1
:1053B0002FFF0023C1F80435FFF72AFFBFF34F8FFB
:1053C00009490C4BCA6802F4E0621343CB60BFF397
:1053D0004F8F00BFFDE710BD005000404881030023
:1053E00000F000400090024000ED00E000BD03002E
:1053F00000E001400400FA0530B50468CCB1BFF309
:105400005B8FB4FA84F3C3F11F03DBB201229A402D
:1054100024EA020250E8005FA54204D140E8002CD3
:10542000BCF1000FF6D1BFF35B8FE6D102480B70E1
:1054300030BD0248FCE700BF0000AD0B0200AD0B21
:1054400010B50368CB40DB0714D401238B400268FE
:10545000BFF35B8F43EA020150E8004F944204D14E
:1054600040E8001CBCF1000FF6D1BFF35B8FEED11A
:10547000014810BD0148FCE70000AD0B0400AD0B76
:105480002DE9F0471F4600F06043B3F1005F164678
:1054900008D017491748DC220AF069F8DC211448C3
:1054A0000AF05CF831B912491248DD220AF05FF8BF
:1054B000DD21F4E700F160404C1E0444DFF8388041
:1054C000050B240BFF234FF0010AA54201D9BDE8CB
:1054D000F08718F80510994201F00F00894604D0B2
:1054E000090932460AFA01F1B84701354B46ECE7A3
:1054F0000CBD0300F488030048BD0300014BFFF717
:10550000BFBF00BF69110300014BC3F8040570471A
:1055100000F00140F7B5044660B1012830D03649AB
:1055200036484FF486720AF022F833484FF48671F9
:105530000AF014F80C224FF4827302214FF08040DD
:1055400003440244C0F808130026012111601E60C4
:105550008C421B688DF8071008BF0DF1070642F258
:1055600010754FF080478CB3012C14D02449234888
:1055700040F2EE4209F0FBFF214840F2EE41D7E74E
:1055800004224FF480730146D8E783B101200BF069
:10559000E9FD013D26D0D7F80C3403F48033002E0A
:1055A000F3D0D7F80C2402F001023270E3B9154BA6
:1055B00000225A7116E00BF0D5FD013DD3D111E068
:1055C00083B101200BF0CEFD013D0BD0D7F818348C
:1055D00003F48033002EF3D0D7F8182402F003022E
:1055E00032600BB903B0F0BD9DF807000128E2D08E
:1055F000012CF7D1DBE700BF88BD0300F48803006E
:10560000C5BD0300F8550020044B1A7922B90122C8
:1056100018609A800248704702487047F855002089
:105620000000AD0B0C00AD0B08B50F4B1A7952B949
:105630000E490F484FF4B67209F099FF0B484FF42A
:10564000B67109F08BFF1B682BB10020F7F770FBD8
:1056500008B9F7F74BFB4FF080430022C3F8182539
:10566000044B01221A7008BDF855002088BD0300C4
:10567000F4880300DA62002038B5314C237953B93D
:105680003049314840F2C11209F071FF40F2C111B6
:105690002C4809F063FF50B1012846D029492A4817
:1056A00040F21D2209F063FF40F21D21F0E74FF0A8
:1056B0008043D3F81814D3F81824CD031DD59007D0
:1056C00002D00020FFF726FF4FF080430022C3F8EE
:1056D0001825022008224FF4827303F18043002131
:1056E000196002F180421D6801251560226802B32D
:1056F0004FF08043C3F804030CE0D3F81424D1071F
:10570000E2D5D3F81C249207DBD122681AB1022219
:10571000C3F8042338BDD3F80421002AFBD00022AB
:10572000C3F80421D3F80431F4E700224FF4807366
:10573000D3E71A68002AFCD019601B68EAE700BFAB
:10574000F855002088BD0300F488030008B5094B14
:105750001B7953B90849094840F2372209F007FF7D
:10576000054840F2372109F0F9FEBDE80840FFF78F
:10577000D1BE00BFF855002088BD0300F4880300A7
:10578000F8B54FF080431B4DD3F8044301260027A2
:1057900004B9F8BDB4FA84F0C0F11F00830003F52A
:1057A00080739BB203F1804306FA00F2196892B24B
:1057B00024EA02040029EBD01F601B684FF08043ED
:1057C000012AC3F808230CD0022A0ED00A490B483C
:1057D0004FF46F7209F0CBFE07484FF46F7109F078
:1057E000BDFE6B79002BD3D16A712B68C0B298478C
:1057F000CEE700BFF855002088BD0300F488030001
:10580000034A430900F01F00D35C1844C0B270473C
:105810006CBE030008B50268014610460BF0BBFCE5
:1058200050B91049104840F2CA3209F0A0FE40F2C7
:10583000CA310C4809F092FE02F01F0352090B60B6
:105840000AD0012A0BD00749074840F2D33209F0A9
:105850008EFE40F2D331ECE74FF0A04008BD034884
:10586000FCE700BFDA900300F48803000003005057
:10587000072808B50AD90749074840F2D13209F08C
:1058800076FE044840F2D13109F068FE800000F550
:10589000807008BDF9BD0300F488030070B50546AB
:1058A000FFF7AEFF0C4C08300E4634F81030DA0526
:1058B00008D5C3F3432304EBC302284654F833301E
:1058C00052689847A3682BB1E26831462846BDE884
:1058D0007040184770BD00BF0056002008B5FFF7A4
:1058E0008FFF034B083033F81000400B08BD00BF9A
:1058F0000056002008B5FFF783FF034B083033F84C
:105900001000C0F3400008BD0056002008B5FFF7A6
:1059100077FF044B083033F8100010F01C0018BF5C
:10592000012008BD0056002008B5FFF769FF034BB2
:10593000083033F81000C0F3401008BD00560020B6
:10594000034611F0010010B5CCB20DD1A207C4F38B
:10595000400012D5094AD2F820055860C2F8200547
:10596000003818BF012008E04FF0A041D1F82025F1
:105970001A60C1F82025002AE8D010BD00030050AD
:1059800010B5FFF73DFF184A083032F81030D9053E
:105990001DD5C3F3432123F4F85322F8103002F14C
:1059A0000E04002034F8023F13F4807F03D0C3F3C9
:1059B000432399420BD001303028F3D100230B4808
:1059C00042F83130FFF73CFD094B984200D110BD41
:1059D0000849094840F2EB1209F0C9FD054840F2B8
:1059E000EB1109F0BBFD00BF0056002078560020E7
:1059F0000000AD0B2EBE0300F488030008B501467D
:105A00000BF0C9FB50B91949194840F21E2209F0A0
:105A1000AEFD40F21E21154809F0A0FD0846FFF733
:105A200069FF40B11149124840F21F2209F09FFD61
:105A300040F21F21EFE70846FFF768FF40B90B4926
:105A40000B484FF4087209F092FD4FF40871E2E739
:105A50000846FFF769FF30B10846FFF73FFFBDE892
:105A60000840FFF705BF4FF4BE7008BD2EBE03000F
:105A7000F48803002DE9F84300240746CEB22546FA
:105A80004FF00108A146B4420DD1124BD3F87C214E
:105A900032B10022C3F87C21D3F87C3145F00045B7
:105AA0002846BDE8F8832046FFF7E2FEA0F58072A5
:105AB000920808FA02F2174209D000F1804303F578
:105AC000C043196819B1C3F800901B68154301342D
:105AD000E4B2D8E700600040F7B506460846FFF795
:105AE0008FFE194F00F108050C4637F81530DB071B
:105AF00027D530460BF0C8FB2046FFF715FF40B115
:105B00002046FFF7EBFE316800F5A270002341F854
:105B100020302046FFF734FF002301A827F8153076
:105B20000194FFF777FE019B00EB8300074BD0F851
:105B30000027134043F00203C0F80037044803B0C5
:105B4000F0BD0448FBE700BF00560020F0F8FCFF62
:105B50000000AD0B0400AD0B2DE9FF4116460746D2
:105B60000846FFF74DFED6F800800D460446B8F112
:105B7000000F1CD008460BF07CFB10BBCDE90000E9
:105B80008DF80E008DF80F0043460DF10F020DF158
:105B90000E0128460BF011FB494A04F1080132F8C6
:105BA000113023F0020343F0010322F8113073682F
:105BB00073B3284693F800805968FFF79BFE10B135
:105BC000D9B1404827E03E4A04F1080C32F81C30B5
:105BD00023F02003DB04DB0C22F81C3069B1B8F1A0
:105BE000030FEED87168386849680978B8F1000F7A
:105BF00014D101F5A27140F82180314A04F1080165
:105C000032F8113023F01C0343EA880322F81130E4
:105C1000B36863BB2C4804B0BDE8F08100EB8100A1
:105C200043EA4133D0F810E52EF0030EC0F810E53A
:105C30003F6807EB810743F02003D7F8100522F8EF
:105C40001C3020F44F3020F44070C7F810052802B3
:105C5000D7F810E500F47C5040EA084040EA0E0016
:105C6000C7F8100502EB4100A0F87C50C5E7D3E966
:105C700000672846FFF784FE002ECBD0104DD5E9F3
:105C80000023964203D19F4201D1002209E00F4830
:105C90000DF10F01FFF7B0FB0B4B9842BBD19DF804
:105CA0000F2045F8326005EBC20308345F6035F819
:105CB000143043EA422343F4807325F81430A9E7F3
:105CC000005600200400AD0B0000AD0B78560020FC
:105CD0002DE9FF410C468046204611461E46FFF73F
:105CE0008FFD054621B32046FFF704FE18B9204674
:105CF000FFF71AFE10BB2046FFF708FE10B14B78E5
:105D0000012B1BD001238DF80F300023CDE90013A8
:105D10004A1C8B1C20460DF10F010BF04EFA274A4E
:105D200005F1080132F8113043F0030322F8113075
:105D3000002E41D02046FFF7DDFD18B9204804B001
:105D4000BDE8F08196F800C0D8F800301B4F0CF584
:105D5000A272002143F8221005F1080237F8121050
:105D600021F02001C904C90C27F8121075781DB361
:105D7000D8F80000B67800EB8C002D04D0F8103570
:105D800023F4991323F4F853C0F81035230203F4D5
:105D90007C5305F440353605D0F810E52B4306F466
:105DA000801641EA4C31334341F0200143EA0E03AF
:105DB00027F81210C0F810350248C0E7005600203E
:105DC0000400AD0B0000AD0B014BC3E9021270479C
:105DD0000056002010B5144652B90E490E4840F244
:105DE0004D3209F0C4FB0B4840F24D3109F0B6FBCF
:105DF0000846FFF799FD50B10846FFF701FD074B34
:105E0000083033F8103006485B0B237010BD05488E
:105E1000FCE700BF2EBE0300F488030000560020FC
:105E20000000AD0B0400AD0BF8B5164E96F88C4093
:105E300005462CBB6022214606F110000BF0EFFD59
:105E40002D682746E0B2FFF713FDA0F580739B088D
:105E50001F2B08BF2F5004F1010408BF2B58082C3A
:105E6000F0D10023C5F87C3145F30730D5F87C31FB
:105E7000F6F73CFF0123044886F88C30B367F8BD81
:105E80000248FCE7005600200000AD0B0C00AD0BF3
:105E9000034B93F88C00003818BF0120704700BFF7
:105EA000005600200079024B03EB8000FFF7C8BAD0
:105EB0005C0B00200079024B03EB8000FFF79CBADB
:105EC0005C0B00202DE9F341054608460C461646BA
:105ED000FFF71CFD50B93249324840F2534209F0F5
:105EE00046FB40F253412E4809F038FB0846FFF7C5
:105EF0001BFD2F6800B30846FFF7FCFC8046D8B9AD
:105F00000846FFF7EBFC0446FFF7B2FC47F80080B9
:105F10003B582B6822B203EB8203D3F8102542F0E2
:105F20000102C3F8102526B12A680123A340C2F854
:105F3000043302B0BDE8F081D7F80433002BA4BFCE
:105F40004FF00043C7F8043346B91549154840F2ED
:105F50006D4209F00CFB40F26D41C4E72046FFF7AB
:105F60004FFC114B083033F81030C3F38203042B7D
:105F700012D0052B12D001A80194FFF74BFC019B16
:105F8000D0F81015D94001F001010231204602B0CD
:105F9000BDE8F0410BF05EB90321F7E70221F5E718
:105FA0002EBE0300F4880300005600202DE9F04FB8
:105FB000654BD3F80403C0B287B0082140F000401D
:105FC000FFF758FD051E2BDA0023032104A8CDE9B5
:105FD0000433FFF7B5FCDFF880A10DF110084FF096
:105FE00000094FF0010B1AF8013B5849DA0803F099
:105FF00007038A5C22FA03F3DA071CD408F10408C9
:10600000B9F1000F14D000214FF00040FFF732FD2E
:10601000032104A8FFF794FC0028DCD125F00045FB
:10602000494E4B4F0124002D78D107B0BDE8F08FC9
:106030004FF00109D7E7474B4B440093D8F80010C5
:106040000029DBD0009B91FAA1F11C78B1FA81F113
:1060500041EA44142046FFF7D3FB3D4B039408303C
:1060600033F81070C80801F0070118F800200BFA87
:1060700001F122EA0102BB0808F8002003A80193FD
:10608000FFF7C8FB039A019B02F5E072C7F3820693
:1060900050F822205B073746C2F3014223D5394628
:1060A0002046D6B2FFF7FAFB03A80394FFF7B2FB32
:1060B000039B03F5E07350F82330C3F301439E4282
:1060C00007D1002120460BF0C5F8314620460BF0E1
:1060D000C1F803A80394FFF79DFB039B0BFA03F39E
:1060E000C0F82035AAE7022A0CD1032120460BF084
:1060F000B1F806F00503012BEBD139462046FFF736
:10610000CDFBE6E70221204601920BF0A3F8032E17
:10611000F3D0019A032ADCD1022EEDE795FAA5F31C
:10612000B3FA83F304FA03F225EA020503F5A27237
:1061300007EB430356F82210B3F87C00C1F301418A
:10614000FFF7ACFB6FE700BF00600040A039030021
:10615000005600207CBE03007CBE0300044AD2F837
:106160000034DB07FBD50160BFF35F8F704700BFD2
:1061700000E0014008B54FF080531A6959694A435D
:10618000904207D21A69B0FBF2F302FB130363B12A
:106190000D4818E00D490E4840F2071209F0E7F9E2
:1061A0000A4840F2071109F0D9F90A4B0222C3F854
:1061B0000425C3F80805D3F80024D207FBD5002234
:1061C0000548C3F8042508BD0A00AD0B7EBE0300D8
:1061D000F488030000E001400000AD0BF8B50D4667
:1061E000012104460BF07BF850B91149114840F2E7
:1061F000951209F0BCF940F295110D4809F0AEF97D
:1062000014F0030708D00A490A484FF4CB7209F08A
:10621000AEF94FF4CB71F0E7074E0123C6F8043511
:1062200029462046FFF79AFFC6F80475F8BD00BF5F
:106230007EBE0300F488030000E0014010B540B9C1
:106240001C491D48752209F092F91A48752109F078
:1062500085F91A4C237853BB0278C2F340039207A6
:1062600012D54FF08053D3F83021082A0BD1D3F840
:106270003431052B07D8124AD35C23B14FF0804349
:106280000122C3F8382601234FF08042C2F880353E
:10629000037803F00103C2F878350020F6F748FDD3
:1062A00008B9F6F723FD01230648237010BD064800
:1062B000FCE700BFBABE0300F4880300DB620020E5
:1062C000F7BE03000000AD0B0C00AD0B4FF0804398
:1062D0004FF46072C3F80823014B00221A60704724
:1062E0009056002008B550B9084909484FF4A472E7
:1062F00009F03DF905484FF4A47109F02FF9FFF7B3
:10630000E5FF03680BB1034A136008BDBABE030082
:10631000F48803009056002010B54FF08043D3F866
:106320000443620713D54FF484700AF0FAFF70B18A
:106330003D4B1B6853B93D493D484FF4BA7209F0D3
:1063400016F94FF4BA71394809F008F99847A306CD
:1063500012D54FF48A700AF0E4FF68B1354B1B6820
:1063600043B93249324840F27D1209F000F940F257
:106370007D11E8E700209847600612D54FF48C7035
:106380000AF0CFFF68B12B4B1B6843B92749284857
:106390004FF4C27209F0EBF84FF4C271D3E7012059
:1063A0009847210612D54FF48E700AF0BAFF68B1F3
:1063B000214B1B6843B91D491D4840F28D1209F05D
:1063C000D6F840F28D11BEE700209847E20512D5BD
:1063D0004FF490700AF0A5FF68B1174B1B6843B9E2
:1063E000124913484FF4CA7209F0C1F84FF4CA7148
:1063F000A9E701209847A30514D54FF492700AF03D
:1064000090FF78B10C4B1B6843B90849084840F22B
:106410009B1209F0ACF840F29B1194E7BDE81040E4
:106420000220184710BD00BF98560020BABE0300D6
:10643000F48803009456002090560020014601483D
:10644000FEF7DABF640B002001238340C3F312027E
:1064500001462AB1034A0448C2F80835FEF7F0BFE6
:106460000248704700F00140640B00200400AD0BAF
:1064700001460148FEF7C0BF600B0020C30003F1D6
:10648000804303F5F833012201465A600148FEF7C4
:10649000D7BF00BF600B002010B552B929492A4868
:1064A00040F2513209F063F840F25131254809F0C9
:1064B00055F8136843B92349234840F25E3209F086
:1064C00056F840F25E31F1E700EB4114C4F8203594
:1064D000938843B91B491C4840F26B3209F047F8D6
:1064E00040F26B31E2E713F4004F08D0154916482B
:1064F0004FF45C7209F03BF84FF45C71D6E7C4F8D6
:1065000024359368B3F1807F08D30E490E4840F2DA
:106510007A3209F02CF840F27A31C7E700EB4110EB
:10652000C0F82835D368B3F1807F08D30549064801
:1065300040F2833209F01BF840F28331B6E7C0F82D
:106540002C3510BDFDBE0300F488030008B50368B8
:106550005909024613D0012906D103F01F034FF653
:10656000FF71D940C80712D40A490B4840F2CA3219
:1065700008F0FDFF074840F2CA3108F0EFFF4FF086
:10658000FF31D940C907EFD54FF0A04000E00348E4
:10659000136008BDDA900300F48803000003005084
:1065A00070B505790A4C14236B43E618E35833B9E8
:1065B000006802210AF0E7FE08B1012333721423B8
:1065C00003FB0544207A023818BF012070BD00BFCC
:1065D0009C5600202DE9F74F0B7F05460C4673BBF8
:1065E000DFF8F8A00E1F01F1100701F10C094FF0C0
:1065F000010856F804BFBBF1FF3F1CD03B78CDF833
:1066000004B001A8002B3ED0FFF7A0FF019B08FAC1
:1066100003F3C0F8083501A8CDF804B0FFF796FFE2
:10662000019B00EB8300D0F8003703EA0A0343F034
:106630000303C0F80037B14507F10107D9D194F839
:106640001DC0218B677DA67DA27EE07E2B68BCF1FC
:10665000000F0BD1D4E9008ED4E902C4C3F86085E1
:10666000C3F864E5C3F868C5C3F86C450C0412D5DB
:106670001849194840F2463208F079FF154840F2AF
:10668000463108F06BFFFFF761FF019B08FA03F347
:10669000C0F80C35BFE742EA0022C3F80C75C3F816
:1066A0000465C3F80815C3F8102528680023C0F84E
:1066B0001031D0F81021C0F80831D0F80821C0F806
:1066C0000C31D0F80C3140F3073003B0BDE8F04F87
:1066D000F6F70CBBFDBE0300F4880300F0F8FCFFE6
:1066E0002DE9F04190F804800D4C142606FB08F6C5
:1066F000A71997F808C0BCF1000F0ED1A2517B601A
:1067000019B10B7F3B74FFF765FF142303FB0844AB
:10671000044801232372BDE8F0810348FBE700BF72
:106720009C5600200000AD0B0C00AD0B2DE9F04194
:106730001F46037904462B4803EB830615461422B3
:1067400000EB860602FB03008846037A53B926490C
:10675000264840F2671208F00AFF40F2671122480B
:1067600008F0FCFE45B9204920484FF4B47208F007
:10677000FEFE4FF4B471F2E70B6803F06043B3F12F
:10678000005F08D01849194840F2691208F0EFFE7E
:1067900040F26911E3E70A4620680021FFF77CFE1A
:1067A000424620680121FFF777FE226805F00103C9
:1067B00003EB5505C2F81455FA0710D417F002027E
:1067C00003D0002B14BF082204222168C1F8002244
:1067D00020463A463146BDE8F0410AF0FEBD10229F
:1067E000F3E700BF9C5600202FBF0300F48803008E
:1067F00070B5174D0679142303FB065304461B7A24
:1068000053B91449144840F2BF1208F0B0FE1148C1
:1068100040F2BF1108F0A2FE03680022C3F8002274
:10682000036801225A6069B12046FFF7B9FE0028CB
:10683000FAD023680022C3F80025142303FB065571
:1068400001232B722046BDE87040FFF7A9BE00BFB0
:106850009C5600202FBF0300F488030008B50B4BA3
:106860000279142101FB02331B7A53B90849094804
:1068700040F2DD1208F07BFE054840F2DD1108F021
:106880006DFEBDE80840FFF78BBE00BF9C560020A0
:106890002FBF0300F488030010B5B2211A480AF094
:1068A00072FDC106044608D5184BDA68520704D5B4
:1068B0001A6812B1596801209047A00608D5134BF9
:1068C000DA68110704D51A6812B159680220904796
:1068D000220608D50D4BD86810F0100003D11A68B5
:1068E0000AB159689047A3070DD5074B0022C3F89A
:1068F0000025064B01221A721A6822B1BDE8104029
:1069000059680320104710BD00C001409C5600206C
:1069100070B5104D6C6B9CB14FF47A735C430A23D5
:10692000B4FBF3F40C4ED6F8003163B995F8393066
:106930004BB90A200AF016FC013CF4D1074870BD9F
:106940004CF25034EEE795F83930002BF6D104487C
:10695000F5E700BFB0560020009002400700AD0BE5
:106960000000AD0B094B10B500220124C3F800450F
:10697000C3F800211C6038B1FFF7CAFF044B9842EE
:1069800003D1044B83F83840014810BD0090024009
:106990000000AD0BB056002070B53C4C94F8305060
:1069A00045B93B493B487F2208F0E1FD7F2138484B
:1069B00008F0D4FD30B936493648802208F0D7FDBA
:1069C0008021F4E700F06046B6F1005F5AD18607F7
:1069D00058D1012D05D09D4256D194F83850002D44
:1069E00052D02D4D022B0BBFC5F81025C5F804253C
:1069F000C5F81405C5F808050CBFC5F81815C5F885
:106A00000C154FF0000684F8396026680CBF082585
:106A10000425BEB994F838306BB11F4B05F18045A1
:106A200005F524350022C3F8002101232B60BDE8C1
:106A30007040FFF76DBF0120FFF794FF174B98429E
:106A4000EBD170BDA66826B1E0606161E2611448D7
:106A5000F7E7A261104A84F830300123A060216179
:106A6000C2F80061C2F8043394F8382002F0FF0045
:106A700012B9FFF777FFEAE705F1804505F5243500
:106A80002B60E4E70748DCE70748DAE7B056002068
:106A90006ABF0300F4880300009002400700AD0BBA
:106AA0000000AD0B0A00AD0B0B00AD0B084B9A6854
:106AB0005A621A699A629A69DA62DA689A6032B13D
:106AC0005A691A61DA699A610022DA607047704780
:106AD000B056002008B543090CD0012B1ED0144934
:106AE000144840F2CA3208F042FD114840F2CA315F
:106AF00008F034FD4FF0FF33C340DA07EFD54FF015
:106B0000A04202EB80020C4BD2F80007034043EA9C
:106B1000012343F00203C2F8003708BD00F01F0054
:106B20004FF6FF73C340DB07D9D5044AE9E700BF3E
:106B3000DA900300F4880300F0F8FCFF0003005033
:106B400010B50E4B0238D3F83C26D3F83836072858
:106B500013D8DFE800F0110F0D0B0A080604100E21
:106B6000C871100C8871100A48710A711A0ECA7027
:106B70001A0C8A701A0A4A700B7010BD00900240FD
:106B8000023807281FD8DFE800F029272511232124
:106B90001F04CB791B068A7943EA02434A7943EA08
:106BA00002230A7913430E4AC2F83C36CB781B06FF
:106BB0008A7843EA02434A7843EA02230A78134375
:106BC000074AC2F8383670470023E4E70023E5E7B8
:106BD0000023E6E70023EBE70023ECE70023EDE7E3
:106BE000009002400268154BFF2A08BF4FF0FF32A9
:106BF000C3F824254268FF2A08BF4FF0FF32C3F8CC
:106C000028258268FF2A08BF4FF0FF32C3F83025DD
:106C1000C268FF2A08BF4FF0FF32C3F8342502696B
:106C2000FF2A08BF4FF0FF32C3F838254269FF2A18
:106C300008BF4FF0FF32C3F83C2570470090024078
:106C40000A4B002283F83820094B01214FF0805075
:106C5000C3F808131961D0F83001082808BF596536
:106C6000C3F80025C3F80021704700BFB0560020CC
:106C70000090024030B5194D0FCD8DB006AC0FC459
:106C800095E8030084E803001549D1F82435DBB208
:106C90000093D1F82835DBB20193D1F83035DBB25F
:106CA0000293D1F83435DBB20393D1F83835DBB237
:106CB0000493D1F83C3506A8DBB20593FFF792FFA9
:106CC0000023C1F8003101230B60D1F80031002B03
:106CD000FBD06846FFF786FF0DB030BD9426030059
:106CE0000090024070B590F82930044613B190F836
:106CF0002A206ABB6068FF2864D0A268FF2A61D09E
:106D0000E268FF2A5ED02269FF2A5BD0D3B9032153
:106D1000FFF7E0FEA0680321FFF7DCFEE068032137
:106D2000FFF7D8FE20690321FFF7D4FE6069FF2832
:106D300002D00321FFF7CEFEA069FF2802D0032175
:106D4000FFF7C8FE94F82A3013B9201DFFF74AFF59
:106D50001D4E636A73631D4D94F8293086F83A30EE
:106D60000123C5F80833FFF785FF2368C5F84035D0
:106D7000A37F617F227F9B0143EAC1031343E27F2C
:106D800043EAC213C5F84435D5F8002694F82030FC
:106D900022F07F4222F0FF02134394F8212043EABD
:106DA000026394F8222043EA426394F8232043EAE2
:106DB0000273C5F80036336813B12920F5F796FF42
:106DC000034870BD0348FCE7B05600200090024025
:106DD0000000AD0B0400AD0B38B550B90F49104899
:106DE0004FF4DB7208F0C3FB0C484FF4DB7108F082
:106DF000B5FB0C4C94F8305075B9C4E90012FFF79C
:106E000071FF094B984206D1C4E90255012384F869
:106E1000303084F8385038BD0448FCE76ABF0300BE
:106E2000F4880300B05600200000AD0B0C00AD0B41
:106E30002DE9F843DFF8D490074699F830008846EA
:106E4000144650B92B492C484FF4017208F08FFBBF
:106E50004FF40171274808F081FB012848D199F8C7
:106E60003830264E7BB3264D0123C5F80833FFF793
:106E700001FFB8F1000F2DD14FF0000889F83980DB
:106E8000C5F80081BB787A781B0343EA02233A787D
:106E90001343FA7843EA42333A7943EA82337A7900
:106EA00043EAC233C5F83436FFF732FDB04216D19B
:106EB0003B7963B90F49104840F2362208F057FB7E
:106EC00040F23621C6E7FFF74DFDB042CBD10B486B
:106ED000BDE8F88378784146FFF752FECCE7C5F865
:106EE00000811CB178782146FFF72AFE0548EFE7BC
:106EF0000548EDE76ABF0300F48803000700AD0B07
:106F0000009002400000AD0B0B00AD0BB05600200E
:106F10001FB5144B93F8303053B9134913484FF44D
:106F2000337208F024FB10484FF4337108F016FB5D
:106F30000F4A02920DF107020023114602A88DF8B4
:106F40000730ADF80C30FFF773FF0A4B984206D1BB
:106F50009DF8073013F0010F074B18BF184605B016
:106F60005DF804FBB05600206ABF0300F4880300FC
:106F7000050200010000AD0B0B00AD0B2DE9F8433D
:106F8000214E96F8303053B9204921484FF43B72D6
:106F900008F0EDFA1D484FF43B7108F0DFFA2920A4
:106FA000F5F7B2FEFFF74CFE96F83A3033BB194BBB
:106FB000D3F82405D3F82895D3F83085D3F8347561
:106FC000D3F83855D3F83C45C0B20AF02AFA5FFA34
:106FD00089F00AF026FA5FFA88F00AF022FAEDB298
:106FE000F8B20AF01EFAFF2DE4B202D028460AF0E9
:106FF00018FAFF2C02D020460AF013FA002386F874
:107000003030BDE8F88300BFB05600206ABF0300EF
:10701000F48803000090024008B50C4B93F8302030
:1070200052B90B490B484FF43F7208F0A0FA0848D8
:107030004FF43F7108F092FA93F838301BB9BDE86D
:107040000840FFF78FBC044808BD00BFB0560020C1
:107050006ABF0300F48803000C00AD0B08B50B4BAE
:1070600093F8303053B90A490A484FF4427208F095
:107070007EFA07484FF4427108F070FA012B03D1F1
:10708000FFF7DEFD044808BD0448FCE7B0560020C9
:107090006ABF0300F48803000000AD0B0B00AD0BCA
:1070A000034B93F83000003818BF0120704700BF31
:1070B000B056002038B5264B93F8304054B92549D6
:1070C000254840F2313208F052FA224840F231317C
:1070D00008F044FA11F0030536D11A68C2B1012C48
:1070E00034D11E4AC2F81C150421C2F8200583F8C9
:1070F000395083F83010C2F80051C2F8044393F8B5
:10710000383003F0FF00EBB9FFF72CFC144818E00F
:10711000124CC4F81C15C4F8200583F8392093F8E4
:10712000383043B10023C4F800310123E360BDE8E7
:107130003840FFF7EDBB0120FFF714FC094B9842E4
:10714000F0D138BDD460E1E70748FAE70748F8E72F
:10715000B05600206ABF0300F4880300009002408C
:107160000000AD0B0700AD0B0A00AD0B0B00AD0B23
:1071700008B50A4B93F8303053B9094909484FF420
:10718000597208F0F4F906484FF4597108F0E6F91D
:10719000BDE8084000210220FFF78CBFB056002058
:1071A0006ABF0300F488030010B5224BD3F8002116
:1071B00092B1214C0022C3F8002194F8381094F8C1
:1071C000302071B90121032A84F8381005D0042A2F
:1071D00005D0022A00D1996010BD5960FCE7D96042
:1071E000FAE7032A19D0042A19D0022A04D101236C
:1071F00084F82030FFF75AFCA36813B9012384F800
:10720000303094F8393003F0FF0013B9D4E900317D
:107210009847002384F82030DEE70223E8E70322C2
:1072200084F82020D3F81C256262D3F8203584F836
:107230002830E1E700900240B0560020054B93F85B
:107240002E00431E012B03D9043818BF01207047BC
:1072500000207047EC56002010B5164A1649002051
:10726000C2F8000591F82F40D2F8043381F82E407F
:107270000C6823F033030CB143F02303C2F81C0164
:10728000D2F81C41C2F81801D2F81841C2F808011E
:10729000D2F8082191F83320D00791F8342048BF64
:1072A00043F08003D207034A48BF43F04003C2F8CB
:1072B000003310BD00700040EC56002070B50D4A40
:1072C000002392F8301001251E4618B90BB182F840
:1072D000301070BD90FAA0F3B3FA83F305FA03F40B
:1072E0000C3302EB430320EA0400DE8021EA0401B0
:1072F0000123EAE7EC56002038B540B91349144899
:10730000812208F034F98121104808F027F9FF287C
:1073100006D90E490E48822208F029F98221F3E7A6
:107320000C4B082493F8305001220023024203D072
:107330002A4208D00133DBB2013C4FEA4202F5D1C8
:1073400005480B7038BD0548FCE700BFA6BF030029
:10735000F4880300EC5600200000AD0B0400AD0BD8
:1073600073B50023044601AA0E464FF480710193C1
:107370000AF060F84FF48A7120460AF05BF84FF487
:107380008271054620460AF055F820B11EB115B1AC
:10739000144BD3F8343601AA4FF4847120460AF016
:1073A00049F84FF4867120460AF044F84FF488718A
:1073B00020460AF03FF80C4B234083B14FF48E7502
:1073C000294601AA20460AF035F8291F083589B256
:1073D0002046ADB20AF02EF8B5F5AE7FF0D1019897
:1073E00002B070BD00700040C0FF3F002DE9F04FBB
:1073F00093B09A460DF1080C0AAF1C9D3F4B3E46D8
:10740000E046002403EB041E0134DEF8189548F82A
:10741000049B082CDEF81CE546F804EBF2D1D3F807
:10742000F065D3F8404601944FF0010E0024D3F8E4
:107430004496D3F84886C3F8FC4FC3F8FCEF2F4BB3
:107440005CF804BB03EB041E0134CEF818B557F802
:1074500004BBCEF81CB5082CF2D1019CC3F8404601
:10746000F6B2274CC3F84496C3F84886C3F8F065D3
:10747000002684F8336084F83460A66026612560B5
:1074800084F83100A683C3F8F015C3F8F4252DB3B2
:107490002322C3F800231A4D184E0021012707FAB2
:1074A00001F303404FEA01121BD102F1804404F5BD
:1074B000E044C4F81035C4F8143532440131D2F830
:1074C000184524F0807444EA03630829C2F818358B
:1074D00005F10205E3D113B0BDE8F08FC3F8005306
:1074E000D9E702F1804303F5E043EC7F95F81EC035
:1074F000C3F810C5C3F814455346DEE700700040DA
:10750000EC56002010B5C37943B92249224898228D
:1075100008F02DF81F48982108F020F8C3788278E9
:10752000417A1B03120202F4E06203F48053134316
:10753000027802F0030213430279120402F4E022FB
:1075400013434278120102F030021343827912068B
:1075500002F0807213434279120502F48012134341
:107560000A0102F1804202F5E042C2F818350B4AE6
:10757000C47901F10C0302EB43039C71007AD871CA
:10758000012303FA01F192F830300B4382F83030D6
:1075900010BD00BFA6BF0300F4880300EC56002016
:1075A00070B51F4D95F82E40002C37D10126FF20D5
:1075B00085F82E60FFF782FE1A4B1B49C3F8004185
:1075C000D3F80021C3F80441D3F80421C3F81041D3
:1075D000D3F81021C3F81441D3F814311C239A08AE
:1075E00006FA02F212F0330F1FBF03F1804202F5D8
:1075F000E242146012681A1F920806FA02F212F0B0
:10760000330F1CBF5C505A5808335C2BE7D107205E
:10761000F5F76CFB002305482B6070BD0448FCE7C0
:10762000EC56002000700040FC7000400000AD0BE4
:107630000C00AD0B08B5124B93F82E30024653B92F
:10764000104911484FF4B37207F091FF4FF4B37132
:107650000C4807F083FF40B90A490B4840F2671213
:1076600007F085FF40F26711F2E7FFF7E7FD20B969
:107670001046FFF747FF054808BD0548FCE700BF77
:10768000EC560020A6BF0300F48803000000AD0BF9
:107690000B00AD0B08B5094B93F82E2052B90849E1
:1076A000084840F2751207F062FF054840F2751174
:1076B00007F054FF93F8300008BD00BFEC560020DF
:1076C000A6BF0300F48803002DE9F0431B4F994641
:1076D00097F82E3085B005468846164653B91849A6
:1076E000184840F28D1207F042FF154840F28D1104
:1076F00007F034FFFFF7A2FDE8B90DF10F012846AE
:10770000FFF7FAFD104B9842044610D1331E18BF04
:107710000123CDF80090324641462846FFF766FE29
:107720009DF80F3087F83230022387F82E3020463C
:1077300005B0BDE8F083054CF9E700BFEC5600202A
:10774000A6BF0300F48803000000AD0B0B00AD0BD7
:107750002DE9FF47364E994696F82E3080468A46E8
:10776000154653B93349344840F2B71207F0FFFECB
:1077700040F2B7112F4807F0F1FE42B92D492E48CB
:107780004FF4DC7207F0F3FE4FF4DC71F2E7FFF721
:1077900055FD0746002846D10DF10F014046FFF781
:1077A000ABFD264B9842044639D16B8833B19DF826
:1077B0000F30012B39D8B9F1000F36D02A786B7809
:1077C0002AB123B99DF80F1001292ED80127CDF831
:1077D000009051464046FFF709FE6B88184A83B176
:1077E000A3F15001B1F5F66F09D31649124840F2E2
:1077F000255207F0BCFE134840F22551BBE743F485
:107800008053C2F8F8359DF80F3086F832302B7966
:1078100086F83530042386F8367086F82E302046F8
:1078200004B0BDE8F087084CF9E7084CF7E700BF63
:10783000EC560020A6BF0300F48803000000AD0B47
:1078400000700040E3BF03000B00AD0B0300AD0B65
:1078500038B5214B93F82E2052B9204920484FF4D7
:10786000FA7207F084FE1D484FF4FA7107F076FEB5
:107870001C695CBB00F06044B4F1005F28D193F850
:107880003240B1FBF4F504FB15151DBB0DB2002D04
:1078900020DD052A05D8032A0AD8022A0DD011486E
:1078A00038BD062AFBD1104AC2F82C06C2F83016A1
:1078B0009A6842B1C3E9040103E08C420AD1C3E9EA
:1078C00002040A48ECE7C3E90201FAE70848E7E7DF
:1078D0000848E5E70848E3E7EC560020A6BF0300A8
:1078E000F48803000500AD0B007000400000AD0BF4
:1078F0000C00AD0B0A00AD0B0600AD0B2DE9F341FA
:107900005B4C94F82E2052B95A495B4840F22D2224
:1079100007F02DFE40F22D21564807F01FFE012AE8
:1079200008D15449544840F22E2207F020FE40F27C
:107930002E21F1E7A368002B00F09780022A05D0E2
:10794000042A30D04D4802B0BDE8F0814C4D0126EC
:10795000C5F800652168E26849B1032184F82E105A
:10796000C5F82C36C5F830262E604648EBE7C5F83A
:107970002C36C5F830262E6009F073FD08346E6091
:1079800021460220FFF7ECFC0028F9D03C4B0022F6
:10799000C3F80821D3F80811C3F80C21D3F80C114F
:1079A000C3F80025E1E7364D4FF00108C5F8008522
:1079B000276857B1052284F82E20E268C5F82C36D6
:1079C000C5F83026C5F80080CFE7A18B94F83220A7
:1079D000019203EB41030093C5F82C36C5F830261D
:1079E000C5F8008009F03DFD94F836305BBB244DAE
:1079F00001236B6069460220FFF7B2FC0028F9D032
:107A00000022C5F80821D5F80831C5F80C21D5F8B1
:107A10000C31A18B94F832300B44E1689BB28B425D
:107A2000A38321BF184BA283D3E90201C3E900015C
:107A3000134B28BF22614FF000022CBF114813489E
:107A4000C3F800257FE7D5F8F465F6B208FA06F624
:107A5000013EBE42CBD9C5F8048000210420FFF7C7
:107A60007FFC0028F9D00137F3E709486BE700BF36
:107A7000EC560020A6BF0300F48803000500AD0B00
:107A8000007000400000AD0BF45600200B00AD0B61
:107A90000200AD0BF8B5324E96F82E10024651B9E1
:107AA0003049314840F2D12207F061FD2D4840F2C3
:107AB000D12107F053FDFFF7C1FB00284ED12B4C1D
:107AC00086F82F10072386F82E3001237260C4F841
:107AD0000035D4F80453C4F80003E3603AB125F04C
:107AE000C00545F03305C4F800532148F8BD002116
:107AF0001020FFF735FC0028F9D00023C4F804312A
:107B0000D4F804311B4BC4F82C3601270223C4F8E7
:107B10003036276009F0A5FCA76000212020FFF780
:107B20001FFC0028F9D0114B0022C3F80421D3F820
:107B30000411C3F80821D3F80811C3F8002596F8FA
:107B40002F1086F82E10C3F81C21D3F81C11C3F88F
:107B50001821D3F81821C3F80053C6E70648C5E733
:107B6000EC560020A6BF0300F4880300007000401C
:107B70000000AD0B045700200B00AD0B7FB5624930
:107B8000614E3320FFF7ECFB10F0100F05460BD0D1
:107B90005E4B1022C3F80823B218C3F82C26022229
:107BA000C3F8302601221A60594CAA0694F82E30E8
:107BB0000ED5072B554A05D0D2F834369BB2E36078
:107BC00000232361D2F80433DB0601D5FFF744FB21
:107BD000A80718D594F82E30A16802910022E16818
:107BE0008DF80420062BADF80C1018D0072B35D0DB
:107BF000032B08D1454BC3F80025022384F82E300F
:107C0000236801A89847E9074FD594F82E30033B25
:107C1000042B4AD8DFE803F05A4929415E0094F862
:107C2000353023B1236913B1384B01221A60236820
:107C300001A89847374B93E8030086E80300002328
:107C40002361A368002BDED1304AC2F8003504233B
:107C500084F82E3005238DF80430D1E7FFF7FCFAC5
:107C600002238DF804306368CBE704238DF80430D9
:107C700001A823689847254BD3F8F825D20444BFC0
:107C800001225A602269062384F82E302AB11F4B44
:107C90006169C3F82C26C3F8301623692BB9032376
:107CA0008DF8043001A82368984794F82E30072BEC
:107CB0000AD0164B1848D3F8043300211840FFF7B8
:107CC0004FFB012685094DB904B070BD0F4B012251
:107CD0005A60EAE70D4B01229A60E6E795FAA5F3B0
:107CE000B3FA83F306FA03F225EA02055A08DB43E6
:107CF00003F001038DF809308DF8046023688DF8D6
:107D0000082001A89847DEE7F456002000700040E4
:107D1000EC560020FC560020C0FF3F0070B54B7FA2
:107D200004460D467BB101234361642600220221F3
:107D3000204609F0B3FB20B9012009F013FA013EF7
:107D4000F4D100236B774FF08052D2E94C23082AFC
:107D50001BD1052B19D80F4AD35CB3B14FF0FF32BA
:107D60000023D4F80805D4F80C15C4F80035C4F87D
:107D70000825C4F80C250922C4F80025C4F80035EC
:107D8000C4F80805C4F80C1570BD0023C4F800350C
:107D9000FAE700BF53C0030008B50368590902465B
:107DA00013D0012906D103F01F034FF6FF71D9400C
:107DB000C80712D40A490B4840F2CA3207F0D7FB71
:107DC000074840F2CA3107F0C9FB4FF0FF31D940F4
:107DD000C907EFD54FF0A04000E00348136008BD8D
:107DE000DA900300F4880300000300500F4B984220
:107DF00019D00DD80E4B984215D007D80D4B98428C
:107E000011D00D4BC31A5842584170470B4BF9E73C
:107E10000B4B984207D004D80A4B984203D00A4B28
:107E2000F0E70A4BEEE70120704700BF80841E0098
:107E300020A1070048E8010090D0030040420F0055
:107E40000024F40000093D0000127A000048E80117
:107E5000F7B51746421C1C460646089B0D4618D02F
:107E6000012902D1BBB109F057FB01A80196FFF728
:107E700093FF019B00EB83002402D0F80027074BFF
:107E800044EA87042C4313401C4344EA4504C0F8E9
:107E9000004703B0F0BD09F04CFBE6E7F0F8FCFF4B
:107EA0002DE9F04F91F8213090F804A085B00746F5
:107EB0000C460BB391F8223003934FF0010863692D
:107EC0007E4A934237D021D87D4A934200F0CB803E
:107ED00016D87C4A934200F0C9807B4A934200F056
:107EE000C8807A497A484FF4BF7207F040FB774860
:107EF0004FF4BF7107F032FB984602230393DEE78D
:107F0000744A9342EDD14FF0805516E0724A934285
:107F100000F0B28009D8714A934200F0B080704AF4
:107F20009342DED14FF0004507E06E4A9342D8D12C
:107F30004FF0A05501E04FF00055DFF8AC9194F8F8
:107F40002300242202FB0A93997F60F300019977B2
:107F50003B79217C02FB03939A7F61F341029A777C
:107F600094F82360002E32D162695E4B9A420CBFB6
:107F70004FF0030B4FF0000B237E012B94BF002327
:107F80000123009320685B4632460121FFF760FF22
:107F9000009660685B4632460121FFF759FF009664
:107FA000A27EA0685B463146FFF752FF237C83F038
:107FB00001030093E0685B4632460121FFF748FF6A
:107FC00001210091E0695B463246FFF741FF24231F
:107FD000B8F1000F56D003FB0A934FF0FF321A623C
:107FE000A07C217E627EE66894F8108094F824E0FC
:107FF00094F820C03B68BEF1000F13D1D4E900BA59
:10800000D4F808E0E469C3F808B5C3F80CA5C3F8D0
:1080100010E5C3F86C45039CC3F81465C3F8688584
:10802000C3F86445003A18BF01220229C3F8C0050D
:10803000C3F8245538D0032939D0012901D142F0A1
:108040000202C3F85425C3F860C53B792422534388
:1080500059F8033073B3386840F3073005B0BDE812
:10806000F04FF4F743BE4FF0006566E74FF0007540
:1080700063E74FF0806560E74FF020655DE74FF004
:1080800080455AE703FB0A9AE268CAF82020227C5E
:108090009AF81E3062F341038AF81E30A07C217EDC
:1080A000627E4FF0FF36A1E742F00402C9E742F0DA
:1080B0000602C6E705B0BDE8F08F00BF80841E0051
:1080C00020A1070048E8010090D0030017C003007A
:1080D000F488030040420F000024F40000093D0032
:1080E00000127A000048E80128570020431C07B519
:1080F0000ED0019001A8FFF74FFE019B00EB83001B
:10810000054BD0F80027134043F00203C0F80037B6
:1081100003B05DF804FB00BFF0F8FCFF2DE9F84365
:1081200005461F4651B9164916484FF4167207F016
:108130001EFA13484FF4167107F010FA2E79DFF883
:10814000549024235E4309EB060494F81C80B8F194
:10815000000F10D14869FFF749FE70B1284649F871
:1081600006206760FFF79CFE0123074884F81D8006
:108170002377BDE8F8830548FBE70548F9E700BF2A
:1081800017C00300F48803000000AD0B0C00AD0B1A
:108190000400AD0B285700202DE9F8430679294D3E
:1081A00024277743EB1904461B7F53B926492748F8
:1081B00040F2B92207F0DBF9234840F2B92107F079
:1081C000CDF9006840F30730F4F79EFDEB5953B149
:1081D00023681F4AC3F8082306EBC601206805EB95
:1081E0008101FFF79BFD2427236807FB0657D3F87F
:1081F0000805D3F80C85D3F81095BB7FDB0714D4A2
:10820000FFF774FF4846FFF771FF4046FFF76EFF28
:10821000386AFFF76BFF2368D3F86C05D3F8147541
:10822000FFF764FF3846FFF761FF2368094A93426E
:1082300004BF01225A60242303FB065500232B7739
:10824000BDE8F8832857002017C00300F488030016
:108250005201080000F002402DE9F04FDFF864827F
:108260000679242303FB068385B01B7F83460D46D6
:10827000174653B98A498B4840F2AD3207F077F977
:1082800040F2AD31864807F069F90B6853B94B6885
:1082900043B18349834840F2AE3207F068F940F2B7
:1082A000AE31EFE7D5E902234AB953B17C497D48A5
:1082B00040F2AF3207F05BF940F2AF31E2E71B0C5E
:1082C00004D1B5F806A0BAF1000F08D0744975487A
:1082D0004FF46C7207F04BF94FF46C71D2E717F062
:1082E00008090ED0242303FB06831B6A013308D040
:1082F0006B496C4840F2B33207F039F940F2B331C0
:10830000C0E72423734308EB0302517F002940F0A8
:10831000C58058F8033023B117F0140F04BF0123B0
:10832000537795E80F00242404FB068404F10C0C19
:108330008CE80F00206A431C04D0A37F99071AD54C
:1083400009F0EAF82968DBF8004021B101F0604348
:10835000B3F1005F06D1AB6883B103F06043B3F1C2
:10836000005F0BD0242303FB068300224E485A777C
:1083700005B0BDE8F08F09F0DCF8E3E74B4B9C4219
:1083800022D14FF080436A68D3F8000E484B186042
:10839000D2B1484821F4FF5323F01F0383426DD824
:1083A000C3F34F30114401228240434803F5005388
:1083B00099424AEA020A4FEA420201D98342F5D3BE
:1083C0004FF08043C3F800AE17F0010318BF01233C
:1083D000C4F8503517F0020318BF0123C4F8403524
:1083E00095E80F00EC468CE80F00039BC4F84405A9
:1083F000C4F84815C4F83425C4F838350023C4F847
:108400001831D4F818310723C4F80035B9F1000F3A
:108410000FD12423734358F803200123236142B969
:10842000D4F81831002BFBD062464021204609F0D9
:1084300035F82423734358F803302BBB1B4B9C4265
:1084400001BF1B4B1A684FF08043C3F8002E242352
:1084500003FB0683186A421C04D09B7F9B0710D540
:1084600009F067F8B9F1000F06D106EBC60608EB74
:1084700086012046FFF752FC104879E74FF4807AD6
:108480009EE709F049F8EDE717F0040F4FF04003BD
:1084900014BFC4F80833C4F80433EDE7084867E7AD
:1084A00017C00300F48803000A00AD0B00F002407F
:1084B00024570020FFFF0020002001200000AD0B0A
:1084C0000B00AD0B2857002070B51B4D1B482A46EA
:1084D000402108F0E3FF70B3194B1A684FF0804356
:1084E000A5F10C04C3F8002E55F80C3C53B91549FE
:1084F000154840F2194207F03AF8124840F2194183
:1085000007F02CF8206A421C04D0A37F9B070FD5EC
:1085100009F00FF8637F1BB10C490848FFF7FEFB19
:10852000002323720A48D4E90031BDE8704018479F
:1085300008F0F2FFEEE770BD3457002000F0024073
:108540002457002017C00300F48803002857002098
:108550003057002070B51D4A0C68B2FBF4F304FBE1
:1085600013258DBB94422FD85C1E1C402CD1B3F533
:10857000007F29D802684D79D2F80465097926F080
:10858000030601F003013143C2F80415D2F80815BF
:1085900093FAA3F321F0030105F00305B3FA83F383
:1085A0002943C2F80815C2F810350068402300F5C9
:1085B0008072D450D1580433582BFAD140F307308D
:1085C000F4F794FB024870BD0248FCE70024F40075
:1085D0000000AD0B0400AD0BF8B541B91E491F48B2
:1085E0007C2206F0C4FF7C211B4806F0B7FF05790A
:1085F0001B4C0C236B43E618377A5FBBE2508B6849
:10860000184A7360036893420FD002F58052934278
:108610000BD002F58052934207D002F5803293428C
:1086200003D002F58052934202D14B79032B06D935
:1086300009490A48942206F09AFF9421D4E7FFF7EB
:1086400089FF0C2303FB0544074BC21A53425341D5
:108650002372F8BD0548FCE759C00300F488030005
:108660004C570020008000400000AD0B0C00AD0B0B
:1086700010B50C4B02790C2101FB0232127A42B97F
:1086800009490A48DB2206F072FF0748DB2106F0A1
:1086900065FF046801222261007901FB00331A7230
:1086A00010BD00BF4C57002059C00300F4880300E0
:1086B000F8B5144D03790C2707FB035304461B7AC6
:1086C00043B911491148BC2206F051FF0E48BC21A4
:1086D00006F044FF006840F30730F4F715FB236809
:1086E0000026D3F80022C3F8006223684FF0FF325F
:1086F000C3F808232046FFF7BBFF237907FB035588
:108700002E72F8BD4C57002059C00300F4880300B6
:1087100070B5144C05790C2606FB0544247A54B92F
:10872000114912484FF4957206F021FF0E484FF49C
:10873000957106F013FF4FF4803405688C4073B1D7
:108740008B0003F5A0730026EE50EB580368C3F8C6
:108750000443036801F5A87143F8212070BDC5F8F2
:108760000843F6E74C57002059C00300F488030083
:108770002DE9F041002540232946012003F18042E4
:1087800002F5214214682CB1116012689A0800FAAF
:1087900002F215430433582BF0D10E4B0E4FD3F891
:1087A0000463402406F47C164FF00108A30808FA7D
:1087B00003F31E4208D02B4206D03B6823B104F5D8
:1087C0008070796880B298470434502CEED1BDE8AF
:1087D000F08100BF00A000404C57002038B544098C
:1087E0000CD0012C20D01549154840F2CA3206F0B1
:1087F000BEFE124840F2CA3106F0B0FE4FF0FF3420
:10880000C440E507EFD54FF0A04404EB80001B0205
:10881000D0F800570B4C43EA82022C4042EA410157
:108820002143C0F8001738BD00F01F004FF6FF7459
:10883000C440E407D7D5044CE7E700BFDA90030053
:10884000F4880300F0F8FCFF0003005038B5857B86
:108850000446CDB9D0E9000398420AD10B490C482F
:1088600040F2071206F083FE084840F2071106F0B6
:1088700075FE062303222946FFF7B0FF6068062332
:1088800003222946FFF7AAFF012038BD96C0030046
:10889000F488030010B4CC7B8A6803682CB9D1E952
:1088A0000041C3F80845C3F80C15C3F82425037923
:1088B00028225343064AD35833B100685DF8044B6D
:1088C00040F30730F4F712BA5DF8044B704700BF6D
:1088D00058570020F8B506460D4651B918491948B1
:1088E00040F21B1206F043FE154840F21B1106F041
:1088F00035FE0079144F282148433C1894F8221083
:10890000C9B93A50A160636084F8251084F8241036
:10891000AB7B84F827302846FFF798FF68B16B7B64
:1089200084F8263030462946FFF7B4FF0123074874
:1089300084F82230F8BD0648FCE70648FAE700BF95
:1089400096C00300F4880300585700200000AD0BC8
:108950000C00AD0B0400AD0B08B50E4B02792821BD
:1089600001FB023393F82220012A0AD00A490B485E
:108970004FF4E17206F0FBFD07484FF4E17106F099
:10898000EDFD02680621C2F80015022283F82220BC
:1089900008BD00BF5857002096C00300F4880300AC
:1089A00010B51D4B0479282202FB043292F82210E4
:1089B00051B91A491A484FF4E77206F0D8FD174822
:1089C0004FF4E77106F0CAFD002191600268154975
:1089D000C2F80813D2F8001221F4BC51C2F80012F8
:1089E0004FF08051D1F83001082809D1D1F8341165
:1089F000052905D80C48415C11B10921C2F80015C0
:108A00000021C2F80015282202FB0433012283F85A
:108A1000222083F8241010BD5857002096C0030070
:108A2000F488030002029C01D2C00300F8B51C4E7A
:108A30000779282505FB0765044695F8223053B9C8
:108A4000184919484FF4D17206F091FD15484FF4BA
:108A5000D17106F083FD006840F30730F4F754F954
:108A60002046FFF79DFF95F8273093B995F82650DB
:108A70007DB92368D3F80805D3F80C452A462B4660
:108A80000121FFF7ABFE2B462A4601212046FFF7C6
:108A9000A5FE282303FB0766002386F82230F8BDD5
:108AA0005857002096C00300F48803002DE9F84FC2
:108AB00003790E4617463BB94B68B3F5803F03D2A6
:108AC0008B68B3F5803F0AD3A649A74840F2B62287
:108AD00006F04DFD40F2B621A24806F03FFDA34D41
:108AE00095F82230022B08D09E499F484FF42F72F0
:108AF00006F03DFD4FF42F71EEE72B68B3B90B780C
:108B0000022B08D19749984840F2BF2206F02FFD6A
:108B100040F2BF21E0E7032B08D1924992484FF47D
:108B2000307206F024FD4FF43071D5E7002304685D
:108B300085F82330736833B1F36803F06043B3F111
:108B4000005F40F07F813378023B012B06D8336908
:108B500003F06043B3F1005F40F07481844BC4F8CC
:108B6000083395F8243003F0FF013BB1AB68DFF820
:108B70000482C4F804334046BDE8F88F17F0140FA0
:108B80000CBF0123002385F82430337885F820308A
:108B9000737885F82130F268EA6073682B61D6F843
:108BA00010C0C5F814C0B068A861C7F3001E85F8EE
:108BB00025E0EF6196F801E0C4F888E5C4F860119B
:108BC000D4F860E1C4F84811D4F848E1C4F824119D
:108BD000D4F824E1C4F80411D4F8041117F0010109
:108BE00018BF0121C4F8501517F0020118BF012168
:108BF000C4F84015317807F00809032900F2AC8069
:108C0000DFE801F08DA37D02F80608D555495648E6
:108C10004FF40B7206F0ABFC4FF40B715CE7B9F14B
:108C2000000F08D04F49504840F22D2206F09FFC1B
:108C300040F22D2150E7790708D54A494A4840F2C9
:108C40002E2206F094FC40F22E2145E74FF480716D
:108C5000C4F80012C4F84425C4F848350123A360C1
:108C60004FF48011204608F0B3FC0028F8D1D5E974
:108C70000523C4F84425C4F848354FF48023AB607D
:108C8000DFF8F4802A68B9F1000F40F0B180337842
:108C9000032B00F0AD80012B76D123609AB92A69AD
:108CA000002A5CD0DFF8D4A0DFF8D4904FF0010B9D
:108CB0005146204608F08CFC830548BFC4F814B028
:108CC00010EA090FF4D072682B68002A40F09080F7
:108CD000002B00F0918001236361790744BF0023DA
:108CE000AB607A065EBFAB6843F00203AB60AB6873
:108CF00043F40073AB60AB68C4F804333BE7C4F8DB
:108D00004425C4F84835C4F834C54FF48453C4F836
:108D10003805C4F80032012323620223AFE7C4F808
:108D20004425BA06C4F848354BBF4FF480734FF45E
:108D30000073C4F80032C4F800324CBF4FF48023F3
:108D40000223AB60012323629AE7C4F83425C4F8F8
:108D500038354FF48053DCE7DFF8288092E7636111
:108D6000A0E700BF96C00300F48803005857002016
:108D700002029C010B00AD0B0000AD0B02020400CF
:108D8000020004000400AD0B0123A360002A9AD165
:108D90002A692AB3DFF8C4A0DFF8C4B019EA0A0FC1
:108DA00091D15946204608F013FC10F4007F81460B
:108DB000F4D04FF08071204608F00AFCD4F800325D
:108DC00080B113F4007103D10122226289466261ED
:108DD000D805E3D54FF48021204608F0F9FB04E0E4
:108DE0006361D7E70123236263614FF00009D5E790
:108DF0002B68002B7FF471AFD4F8C434C4F8C434AA
:108E0000002285F824208BB1104A114913F0010F7C
:108E100014BF90468846013213F0020F18BF9046E7
:108E200013F0040F0B4B18BF9846A4E67B063FF5E2
:108E3000A2AE0949204608F089FB054B002808BF6F
:108E4000984698E6DFF81C8095E600BF0000AE0B60
:108E50000100AD0B0200AE0B5857002002000400C9
:108E6000020204000A00AD0B70B5634C236886B0A3
:108E700053B96249624840F2063206F078FB5F4817
:108E800040F2063106F06AFB5E4D0221284608F0EA
:108E90009FFB4FF400710646284608F099FBD8B1B5
:108EA000E6B9A368C5F808330223A360A368C5F830
:108EB00004334FF08071284608F08AFB18B1D5F8CA
:108EC00000329B0503D44F4B01221A625A610123E1
:108ED00084F8233006B070BD002E57D0E5696E06C9
:108EE0000AD494F823303BB94349464808F02EFB96
:108EF00080F0010084F8230015F0040524D1414BD3
:108F000094F82520C3F86051D3F86011C3F85C5180
:108F1000D3F85C1112B194F8232052B10022C3F8A7
:108F20000022A260384AC3F80823384B0822C3F84D
:108F30008021238CADF80430E36804932369029305
:108F400063690593A36903932E4AD2F8C434C2F827
:108F5000C434980749D4590749D4DA0749D494F856
:108F600023309B00DBB28DF8003094F825300BB92C
:108F700084F82430E3695B0703D594F82330002B91
:108F8000A8D0D4E9003168469847A3E74FF4802180
:108F9000284608F01DFB94F82030A3B994F825303A
:108FA0004BB9C5F80032A360174BC5F80833174B0F
:108FB0000822C3F8802100238DF8043094F8213072
:108FC0008DF80530B8E74FF40073C5F8003240F271
:108FD0000223A36003F1CE73C5F80833A368C5F874
:108FE00004330123AB602B6274E70123BBE7022348
:108FF000B9E70323B7E700BF5857002096C0030026
:10900000F48803000030004002029C0100E100E00F
:1090100008B503685909024613D0012906D103F0A7
:109020001F034FF6FF71D940C80712D40A490B48F5
:1090300040F2CA3206F09BFA074840F2CA3106F005
:109040008DFA4FF0FF31D940C907EFD54FF0A0405E
:1090500000E00348136008BDDA900300F4880300C1
:1090600000030050F7B50C46064608F0DBFA204630
:1090700008F0D8FA01A80196FFF7CAFF019B2E4F0E
:10908000019400EB830040F20D65D0F800373B40BF
:109090002B43C0F8003701A8FFF7BAFF019B00EB94
:1090A0008300D0F800373B402B43C0F80037042042
:1090B00008F058F80925012701A80194FFF7A8FF37
:1090C000019AD0F81035D340DB0715D401A80196DA
:1090D000FFF79EFF019B07FA03F3C0F80C3504204D
:1090E00008F040F8304608F09DFA013D042008F0F1
:1090F00039F815F0FF05DFD101A80194FFF788FFCB
:10910000019A01239340C0F80C35042008F02AF896
:10911000204608F087FA042008F024F801A80194FA
:10912000FFF776FF019AD0F810350448D34003F0DA
:109130000103C01A03B0F0BDF0F8FCFF0100AD0B55
:1091400008B5124BA8220021184608F068FC03223B
:1091500002610F4942610F4A8161C2614FF480622E
:109160000262002282624262C26201660A4941666C
:1091700010218166094902670346C266426711F8F9
:10918000010D98540132102AF9D108BD10040020B5
:10919000D8C003001000002000000020F1C0030030
:1091A0002DE9F84FDFF87C80182606FB008E00FBC7
:1091B00006664644DEF82440DEF828C07368A445FD
:1091C00007468946154603EB040022D8DEF820B096
:1091D000ABEB040A0AF1FF339A4203D808F0F7FB1D
:1091E0002C440FE063449A4219D852462C4408F0AC
:1091F000EEFBB4EB0B0405D07068224609EB0A01C4
:1092000008F0E5FB182303FB078301205C62BDE83F
:10921000F88F0CF1FF3CACEB040C9445DED200203F
:10922000F5E700BF10040020F8B5144B182700FB29
:1092300007751D4407FB00330E46DB6A012B1446FD
:109240000AD0022B14D023B9284608F0F8F984423A
:1092500008D900242046F8BD284608F0F0F98442D9
:1092600028BF044622463146284608F0F1F9F1E7C6
:109270002846BDE8F84008F006BA00BF10040020F8
:10928000F8B50B4B1B78532B04460E46174601D0FE
:10929000FFF756FF08F026FA3A46054631462046C3
:1092A000FFF7C2FF0446284608F024FA2046F8BD1E
:1092B00010040020034B182202FB00339A6A586AFC
:1092C000801A70471004002010B4094A094900238D
:1092D000C85C12F8014D844205D10133102BF7D13F
:1092E0005DF8044B70475DF8044BFFF729BF00BFE2
:1092F000F1C003001004002008B5084A084B93424F
:109300000AD908490848192206F031F905481921F7
:1093100006F024F92433F2E7FCD308BD9C1E0300B9
:10932000141C0300F2C00300F488030070B5044667
:10933000C0B1037813B3124D124EB5421BD9124976
:109340001248282206F013F90F48282106F006F9E2
:109350002968A14208D1284608F0D5F9002814BF91
:109360002C460024204670BD2046D7F79FFD0028DC
:10937000F1D02435E1E7EBD30024F3E71C46F1E715
:10938000141C03009C1E0300F2C00300F4880300B9
:10939000014B986880307047805700202DE9F047D6
:1093A000044600AF0D46EFF31189402383F3128882
:1093B000BFF36F8F0428374A98BF374B9668117CEC
:1093C00094BF53F82030354BEA468CB06A46DFF83C
:1093D000F48033485061C2E9083140F202431385FA
:1093E000304BC2E9068442F8103F2F4800234FF467
:1093F0005151F0F731FDD546B5B1EB69C3F3080320
:1094000093B10820F0F748FB40B1284BC0E905387C
:1094100003230374002343748374C3742249002319
:109420004FF4C25206F051FD2EB1304608F014FA46
:1094300008B1037803B91E48EA468AB06A461D4B54
:10944000C2E9053840F2024393841B4BC2E907602E
:1094500042F8103F144800234FF43151F0F7FCFC60
:109460002946D5462046FAF795F9042C08D1134928
:109470001348872206F07BF81048872106F06EF823
:1094800089F31188BFF36F8F3046F3F7BDFBBD46FC
:10949000BDE8F08780570020A439030015C1030000
:1094A0002BC10300060000013425030057C103004F
:1094B00023C103007CC103000500000198C1030023
:1094C000F488030004C2030038B50A4B53F8204067
:1094D000013053F82050A54200D838BD606830B143
:1094E000037FDB0701D408F019F90834F3E7236898
:1094F0009847FAE7B839030070B5344B344C354D12
:10950000012286B003201A70FFF7DEFFF2F7BAFCE3
:109510000420FFF7D9FFAC42264624D92E492F4814
:10952000422206F024F842212B4806F017F854F89E
:109530000C3C059354F8103C049354F8143C0393EA
:1095400054F8183C029354F81C3C019354F8203C06
:10955000009354E90A2354E90C0101F015F954F879
:10956000303C5E65D7E7AE4204F13004DFD301F052
:109570007DFE174C1A4EAC421BD91749174866227C
:1095800005F0F5FF6621CFE7D4E90A23B3F1FF3FE9
:1095900008BFB2F1FF3F05D052EA0301206803D1B2
:1095A00002F06AF83034E6E73146183002F0C8FBC2
:1095B000F8E7E9D301F0A8FEDFF78CF9094A137B3D
:1095C00023F00103137306B070BD00BFDC620020FE
:1095D000202003006022030012C20300F48803006D
:1095E000BD180300B030002008B50348034A00212D
:1095F000121A08F0AAF808BDA00F0020E0620020AF
:1096000070B5164E164D174986B0E02303FB006671
:10961000154B059301220F23CDE903320023CDE939
:109620000133182303FB0055044601EB40210F4B87
:1096300000954FF4C072304601F0A6F8737B0C4AD7
:10964000EE6023F0040373734FF4906304FB033361
:1096500013442C746B6006B070BD00BFD02F002087
:10966000805700200099002033C20300999902001E
:1096700080940020BFB50020FFF726FF2B4B83F31B
:1096800008882B4C2B4F636943F400736361E0231C
:1096900084F8223000252023E37725766576A576A9
:1096A00084F82050636A43F4E023636284F8235013
:1096B000F3F726FAF3F754FC4FF0FF33A362E362AB
:1096C000F3F77AFDF3F770FCF0F7AEF91A481B4C8C
:1096D00001F000F9FFF710FE0120FFF7F5FE022070
:1096E000FFF7F2FE01F080FE154B16499C61164B08
:1096F00005930123CDE903534FF400723B46CDE9B6
:1097000001550095204601F03FF8627B064622F0A5
:1097100004022046627301F035FA2846FFF770FF15
:109720003A4631462046F3F7F5FB00BF009900208A
:1097300000ED00E0F994020090310020B0300020EC
:1097400080570020009B00201F52030038B50B4CAF
:109750000B4D0020AC420FD90A490B48942205F06A
:1097600006FF0848942105F0F9FE204607F0F1FFB6
:10977000002802DB2034EDE7F7D338BD480D002088
:10978000680D00203BC20300F48803002DE9F74375
:1097900005460E4691461C4600F10807EFF3118876
:1097A000402383F31288BFF36F8F384602F052FADA
:1097B00038B92B492B48882205F0D9FE8821284842
:1097C00022E0384602F06AFA2B69FBB133601C686C
:1097D000EB692C610133EB6114B96A6993421BD0C8
:1097E000EB68E41A09D4D5E905235A43A24204D907
:1097F000B4FBF3F203FB124474B11B491948E9228C
:1098000005F0B5FE1848E92105F0A8FE59EA040262
:109810000FD133606FF00B04384602F029FAC8B953
:109820000F49104840F2311205F0A1FE40F231110B
:10983000C5E7CDE900942A464146384601F026FBAB
:10984000044618B9094B9B681B693360204603B076
:10985000BDE8F08388F31188BFF36F8FF6E700BF90
:109860004F990300F48803003BC203008057002097
:109870002DE9F843C368CB1A05460E461ED4D0E93D
:1098800005125143994219D9B3FBF2F102FB11338E
:10989000A3B900F10808EFF31189402484F312887A
:1098A000BFF36F8F404602F0D5F990B9364937487B
:1098B000882205F05CFE8821334808E034493348AB
:1098C00040F2111205F053FE314840F2111105F03B
:1098D00045FE404602F0E2F92F69002F3AD1EFF33E
:1098E000118384F31288BFF36F8F83F31188BFF362
:1098F0006F8F3BB927492548B02205F038FEB021CB
:109900002448E4E72C68A54224D01CB3A36833B9EB
:1099100020491E48992205F02AFE9921F0E7D4E952
:10992000003213605A60637BA76023F00203637305
:10993000C4E9007704F1180002F0CCFA2046C4F81C
:109940009870266101F01EF949464046BDE8F8438B
:1099500001F000BC2B693360EB692E61013BEB61C8
:10996000404602F085F940B90749084840F23112F3
:1099700005F0FDFD40F231119EE789F31188BFF338
:109980006F8FBDE8F88300BF4F990300F488030090
:109990003BC2030060C2030008B50C4B9B6893F9FF
:1099A0000E30002B09DB4024EFF3118384F312887F
:1099B000BFF36F8F06F00CFDF6E7054905481C2242
:1099C00005F0D5FD02481C2105F0C8FD8057002098
:1099D0008BC20300F48803002DE9F34104461746C7
:1099E0001E46EFF3058545B1514952486F2205F0F7
:1099F000BEFD4F486F2105F0B1FDEFF31188402304
:109A000083F31288BFF36F8F4B4802F023F938B904
:109A10004A494848882205F0AAFD88214748EAE7D4
:109A2000454802F03BF9E368454A9BB1A06891685C
:109A3000884224D057EA060329D13F4802F018F99A
:109A4000A0B188F31188BFF36F8F6FF00F0002B0E1
:109A5000BDE8F081916891F90E103748216101331A
:109A6000E3609368A36002F003F950B933493148C9
:109A700040F2311205F07BFD40F23111CEE7216951
:109A8000EBE788F31188BFF36F8F0020DFE791F9D0
:109A90000E1090F90E309942A8BF19466FF07E0261
:109AA0009142B8BF11468B4202DD07F07BFE0546AE
:109AB000CDE9007620482246414601F0E7F900282A
:109AC000E3D0EFF31186402383F31288BFF36F8F47
:109AD000194802F0BFF800289AD0174802F0DEF8C3
:109AE000A068C0B1236821699C420AD04BB193F9A8
:109AF0000E309942A8BF19466FF07E039942B8BF55
:109B0000194607F04FFE30B10B48314601F022FBF9
:109B10006FF00A009BE7002DF6D1074802F0A8F885
:109B20000028A3D086F31188BFF36F8FF0E700BF42
:109B3000ACC20300F4880300A45700204F9903002F
:109B400080570020F8B50546EFF3058343B14A4935
:109B50004A48D72205F00BFDD721474805F0FEFC07
:109B60008368002B00F08180454A926893427FD140
:109B7000C36833B940494148EF2205F0F8FCEF21B2
:109B8000EBE7012B03D0013BC3600020F8BDEFF3EE
:109B90001187402484F31288BFF36F8F394802F095
:109BA00059F838B938493548882205F0E0FC882151
:109BB0003548D3E7334802F071F82969A86807F0FF
:109BC000F1FDEFF3118384F31288BFF36F8F83F3FA
:109BD0001188BFF36F8F3BB92C492848B02205F09C
:109BE000C6FCB0212948B9E72C68AC420FD100234C
:109BF000C5E90233234802F03BF888BB22491F48DD
:109C000040F2311205F0B3FC40F23111D0E7002CE4
:109C1000EDD0A36833B91D491848992205F0A7FC77
:109C20009921DFE7D4E9003213605A60637B002694
:109C300023F002036373C4E90066A66004F1180010
:109C400002F048F9AC6094F90E302B612046C4F85C
:109C5000986000F097FF0B48394601F07BFA94E7D3
:109C600087F31188BFF36F8F8FE76FF015008DE7D3
:109C70004FF0FF308AE700BFACC20300F488030056
:109C800080570020A45700204F99030060C20300B2
:109C900008B5836843B90B490B48992205F067FC66
:109CA0000848992105F05AFCD0E9003213605A6047
:109CB000427B0023C0E9003322F00202427383603A
:109CC00008BD00BF60C20300F48803002DE9F0471F
:109CD00004469DF820600D4691469A4600F108071B
:109CE000EFF31188402383F31288BFF36F8F384658
:109CF00001F0B0FF38B944494448882205F037FCE8
:109D00008821414817E0384601F0C8FF06B1656870
:109D1000EFF31183402282F31288BFF36F8F83F336
:109D20001188BFF36F8F43B939493848B02205F025
:109D30001EFC3748B02105F011FC234653F80C6F88
:109D40009E4216D0AEB13046FFF7A2FF002406F1C6
:109D5000180002F0BFF83046C6F89840C6F81090D8
:109D600000F010FF4146384601F0F4F92046BDE806
:109D7000F087BAF1000F14D0082002F04FFB002842
:109D80003AD00122C0F804900260016801F003019A
:109D90005DB922680A430260626820606AB9606047
:109DA0000BE0C9F800A04846EFE72A68032A18D854
:109DB0000160616879B9C4E900000024384601F007
:109DC00057FFE0B91049114840F2311205F0CFFBBE
:109DD00040F2311195E70A6802F0030202430A607B
:109DE000DDE722F003020A4302602A6802F0030260
:109DF00040EA02032B60E0E76FF00B04DEE788F334
:109E00001188BFF36F8FB1E74F990300F488030007
:109E100060C203002DE9F743054690461F4600F156
:109E20000806EFF31189402383F31288BFF36F8F85
:109E3000304601F00FFF40B91F492048882205F045
:109E400096FB88211C4805F089FB304601F026FF6F
:109E50002C68CCB123686A6823F00303944220463F
:109E60002B6008BF6B60012107F0ABFC0446304655
:109E700001F0FEFEC0B91049104840F2311205F061
:109E800076FB40F23111DDE758EA0703EFD0CDE968
:109E9000008705F10C024946304600F0F7FF38B95B
:109EA000074B9B681C6903E089F31188BFF36F8F30
:109EB000204603B0BDE8F0834F990300F488030007
:109EC0008057002008B5836843B90B490B48992295
:109ED00005F04DFB0848992105F040FBD0E9003220
:109EE00013605A60427B0023C0E9003322F0020273
:109EF0004273836008BD00BF60C20300F4880300A2
:109F000070B50446EFF31186402585F31288BFF340
:109F10006F8F294801F09EFE38B9284928488822C9
:109F200005F025FB8821254814E0234801F0B6FE02
:109F3000EFF3118385F31288BFF36F8F83F31188DA
:109F4000BFF36F8F43B91F491D48B02205F00FFBC7
:109F50001C48B02105F002FB2568AC4213D095B136
:109F60002846FFF7AFFF05F1180001F0B3FF00230B
:109F70002846C5F8983000F005FE31460E48BDE889
:109F8000704001F0E7B8D4E902329A4218BF0133B9
:109F90000948A36001F06CFE40B90849084840F246
:109FA000311205F0E4FA40F23111BCE786F3118872
:109FB000BFF36F8F70BD00BFA85700204F990300FB
:109FC000F488030060C20300F7B5044616461D4638
:109FD000EFF305835BB152EA050308D02649274811
:109FE000882205F0C4FA2448882105F0B7FAEFF377
:109FF0001187402383F31288BFF36F8F204801F04D
:10A0000029FE38B91F491D48882205F0B0FA882179
:10A010001C48EAE71A4801F041FEA368ABB1013BD6
:10A020001748A36001F024FE40B91649134840F2D6
:10A03000311205F09CFA40F23111E9E787F31188FB
:10A04000BFF36F8F002003B0F0BD56EA05030BD1BC
:10A050000B4801F00DFE0028E7D087F31188BFF30D
:10A060006F8F6FF00F00EEE7CDE9006522463946AD
:10A07000034800F00BFFE6E7CEC20300F4880300BC
:10A08000A85700204F9903002DE9F8430546EFF348
:10A090001188402787F31288BFF36F8F2A4801F099
:10A0A000D9FD064638B929492948882205F05FFAC2
:10A0B0008821264817E0244801F0F0FD6FF00A09D6
:10A0C0000023EFF3118287F31288BFF36F8F82F3BF
:10A0D0001188BFF36F8F42B91E491D48B02205F0A9
:10A0E00046FA1C48B02105F039FA2C68A5420ED07A
:10A0F0006CB12046FFF7E6FE04F1180001F0EAFE1D
:10A10000C4F89890204600F03DFD3346D9E7002280
:10A11000AA602BB141460C48BDE8F84301F01AB8DB
:10A12000094801F0A5FD40B90849094840F231123B
:10A1300005F01DFA40F23111BBE788F31188BFF337
:10A140006F8FBDE8F88300BFA85700204F99030028
:10A15000F488030060C203002DE9F043714E724F92
:10A1600085B00446EFF31188402383F31288BFF3D0
:10A170006F8F304601F06EFD40B96C496C48882203
:10A1800005F0F5F98821694805F0E8F9304601F055
:10A1900085FDD4F8E450F5B9022104F1FC0007F084
:10A1A00033FB00283BD004F1F405002201212846AE
:10A1B00001F030FC0028F8D1002302934FF0FF3269
:10A1C0004FF0FF33CDE90023414604F1EC02304665
:10A1D00001F06CFCC6E7D4F8E8202B68C4F8E43042
:10A1E000954208BFC4F8E830D4F8FC3043F00203CD
:10A1F000C4F8FC30EB68D5F8049023F0040343F076
:10A200000103EB60304601F033FDD0B947494848BF
:10A2100040F2311205F0ABF940F23111B3E7D4F856
:10A22000FC30DD06C8D5C4F8FC003E4801F020FD36
:10A230000028EBD088F31188BFF36F8F05B0BDE81D
:10A24000F08388F31188BFF36F8FB9F1000F09D144
:10A250003849374840F2AB2205F089F9354840F2D9
:10A26000AB2191E72846C847EFF31188402383F3D9
:10A270001288BFF36F8F304601F0ECFC00283FF4EA
:10A280007CAF304601F00AFDEB68D90623F00102ED
:10A2900031D4EA60EB689A0716D5386823F00203D8
:10A2A000EB6088B10368002170B14268954230D1FB
:10A2B000036841BB7A683B60824200D17B60002327
:10A2C00040F8083BFFF71CFED4F8FC3023F00203F3
:10A2D000C4F8FC303046C3F3002501F0C9FC002867
:10A2E00094D088F31188BFF36F8F002D7FF43AAFBD
:10A2F00001F082F836E723F01103EB6005F110005E
:10A30000FFF7FEFDC6E70B607B68834208BF7960FC
:10A31000D5E723B11A68014618461346C4E71A4622
:10A32000F9E700BFB4570020AC5700204F99030055
:10A33000F4880300EEC20300F8B5C3689A07044628
:10A340000F46C3F340063AD45B0726D40B680BB91B
:10A3500083680B60E368DD0722D5A36853B92949F8
:10A3600029484FF4AA7205F002F926484FF4AA7161
:10A3700005F0F4F83B6002263D68002D3ED0234BEB
:10A380009A68D5F8E0309A420CD0D5F8FC30D8075E
:10A39000C3F3800216D46FF0120600233B6027E05F
:10A3A0000126E9E707F052FAD5F8FC300028EED193
:10A3B000D907C3F3C002EED552B15B0708D46FF0E2
:10A3C0000F06EAE7002AFAD1C3F3C003002BF6D147
:10A3D00000232360D5F8E83063B9C5E9394428463D
:10A3E00007F01DFAE36843F00403E3603B68A360F1
:10A3F0003046F8BD1C60C5F8E840F0E76FF0150680
:10A40000CBE700BFEEC20300F488030080570020B2
:10A4100073B50446EFF31185402383F31288BFF32D
:10A420006F8F194801F016FC40B918491848882266
:10A4300005F09DF88821154805F090F8124801F0C4
:10A440002DFC00230321201F0193A4F1100607F027
:10A45000DBF928B1A369019301A93046FFF76CFF2E
:10A46000094801F005FC40B90849094840F2311299
:10A4700005F07DF840F23111DDE785F31188BFF377
:10A480006F8F02B070BD00BFB45700204F9903001A
:10A49000F488030038B50D46044640B90B490C4812
:10A4A000992205F064F89921084805F057F831B968
:10A4B000064907489A2205F05AF89A21F4E7102233
:10A4C000002107F0ACFA656038BD00BFEEC20300A2
:10A4D000F488030037B50C46019051B9224923484E
:10A4E0004FF4BD7205F043F84FF4BD711E4805F0FE
:10A4F00035F84B6843B91C491C4840F27B1205F003
:10A5000036F840F27B11F1E7EFF31185402383F336
:10A510001288BFF36F8F164801F09CFB38B91549BC
:10A520001248882205F023F888211248DFE71048F6
:10A5300001F0B4FB204601A9FFF7FEFE04460C48DB
:10A5400001F096FB40B90B49084840F2311205F082
:10A550000EF840F23111E8E785F31188BFF36F8FF1
:10A56000204603B030BD00BFEEC20300F4880300F4
:10A57000B45700204F990300F0B589B004460E9DF2
:10A5800050B92D492D4840F2F12204F0F0FF40F27D
:10A59000F121294804F0E2FF41B92749274840F258
:10A5A000F22204F0E4FF40F2F221F2E7D0F8FC00DE
:10A5B00010F0010008D02049204840F2F32204F0B6
:10A5C000D6FF40F2F321E4E7C4E9390004F1EC00DE
:10A5D000C4E93B0004F1F400C4E93D0055B3287917
:10A5E000002840F2011008BF0120C4F8FC00002040
:10A5F0004FF0FF364FF0FF37CDE90330CDE90100D2
:10A60000CDE906670E4B0094204600F025F955B1C0
:10A61000296811B1204600F0A7F86B791BB1237BA4
:10A6200043F001032373204601F026F8C4F8E0400C
:10A6300009B0F0BD0120D8E7EEC20300F4880300A2
:10A6400059A1020038B50D46044650B90E490F48CD
:10A6500040F2923204F08BFF40F292310A4804F04B
:10A660007DFF41B90849094840F2933204F07FFF69
:10A6700040F29331F2E73022002107F0D0F94FF495
:10A6800080736560E36038BDEEC20300F4880300A8
:10A69000F7B50C46019016461D4650B92D492E4877
:10A6A00040F20D4204F063FF40F20D41294804F0EE
:10A6B00055FF41B92749284840F20E4204F057FFA0
:10A6C00040F20E41F2E7EFF31187402383F3128843
:10A6D000BFF36F8F214801F0BDFA38B920491E48F9
:10A6E000882204F044FF88211D48E0E71B4801F060
:10A6F000D5FAE36813F01E0F22D155EA060211D1F4
:10A70000204601A9FFF718FE0446144801F0B0FAEC
:10A71000C0B91349104840F2311204F028FF40F24A
:10A720003111E1E743F00803E360019BA36204F108
:10A7300010000C4932462B4601F002FB0124E4E7ED
:10A740000024E2E787F31188BFF36F8F204603B040
:10A75000F0BD00BFEEC20300F4880300B457002030
:10A760004F99030011A4020010B5044608B9054B27
:10A770009C681F2204F1600007F066F9002084F84D
:10A780007F0010BD80570020F0B585B004460D9DB8
:10A790000F9E0F2D46D12C48834247D1073222F01D
:10A7A0000702FF320E9F277304F1580022F07F0248
:10A7B000C4E91600042700207F2AC4E90600A0602F
:10A7C0006773A573E07301F1800EA2F1800C05D8C8
:10A7D00080F31188BFF36F8F384602DF8D18002792
:10A7E0000C9AC4F88C70C4E921EC02920B9A019285
:10A7F0000A9A009220462A46F2F706FB676506B3DE
:10A800001F22314604F1600007F01EF984F87F70C2
:10A810000E4B9B680BB1D3F89030C4F890302846AB
:10A8200005B0F0BD05F110001E28B7D90849094848
:10A8300040F2052204F09BFE054840F2052104F099
:10A840008DFE84F86060E3E799990200805700204C
:10A850000FC30300F4880300F0B587B0DDE912767A
:10A860000446EFF3058555B11749184840F2922286
:10A8700004F07DFE144840F2922104F06FFE05952D
:10A88000109D04950F9D03950E9D02950D9D0195BC
:10A890000C9D0095FFF778FFB6F1FF3F08BFB7F1B9
:10A8A000FF3F05D056EA070305D1204600F0E4FE3D
:10A8B000204607B0F0BD3A46334604F1180004497B
:10A8C00001F03EFAF4E700BF0FC30300F488030071
:10A8D000BD18030040F2011310B583810023C0E9C5
:10A8E0002133044601F094FD014B9C6010BD00BF74
:10A8F000805700200A4A93686FF00A01C3F8981045
:10A900000849C3F894004B6843F080534B60002320
:10A9100083F31188BFF36F8F9368D3F89800704763
:10A920008057002000ED00E038B590F90D20437B02
:10A93000002A014610DA03F07F034373184B984254
:10A9400008D118491848562204F011FE154856211E
:10A9500004F004FE06F082FF144D2A46AB6852F85C
:10A960001C4F944200D004B9EC688B4210D03BB924
:10A970000F490D48D52204F0FAFD0D48D521E7E72F
:10A980005A7BD20604D1DA897F2A01D9A2692AB179
:10A99000A34202D0204601F0E3F82346AB6138BD64
:10A9A000D02F002032C30300F4880300805700201A
:10A9B00054C3030008B5836843B90949094899227B
:10A9C00004F0D5FD0648992104F0C8FD06F046FFC5
:10A9D000437B23F0020343730023836008BD00BF61
:10A9E00060C20300F488030070B590F90D20437B2A
:10A9F000002A4BDBD90649D163F07F034373254B13
:10AA0000984208D1244925484F2204F0B0FD22483D
:10AA10004F2104F0A3FD224C2246216A52F81C3F2C
:10AA2000934207D1C0E900210860206211E09942F9
:10AA3000F8D01B68002BF5D090F90E5093F90E60FA
:10AA4000B542F4D0AE42F2DD5968C0E90031086089
:10AA50005860E569954200D005B9E568A3683BB93F
:10AA600010490E48D52204F082FD0E48D521D0E7CA
:10AA70005A7BD20604D1DA897F2A01D9AA6932B178
:10AA8000AB4202D0284601F06BF8A56170BDA3610E
:10AA9000FCE700BFD02F002032C30300F48803007E
:10AAA0008057002054C3030070B590F90D20437BFC
:10AAB0002F4C002A01460FDA03F07F03A0424373B4
:10AAC00008D12C492C48562204F051FD5621294822
:10AAD00004F044FD06F0C2FE4B7BA14263F07F030D
:10AAE0004B7306D1234924484F2204F040FD4F21E7
:10AAF000EDE7224C2246206A52F81C3F934207D1D0
:10AB0000C1E900200160216211E09842F8D01B6881
:10AB1000002BF5D091F90E5093F90E60B542F4D0A8
:10AB2000AE42F2DD5868C1E9003001605960E56964
:10AB3000A368954200D005B9E5688B4210D03BB9B7
:10AB40000F490D48D52204F012FD0D48D521BFE76D
:10AB50005A7BD20604D1DA897F2A01D9AA692AB19F
:10AB6000AB4202D0284600F0FBFF2B46A36170BD2C
:10AB7000D02F002032C30300F48803008057002048
:10AB800054C3030038B50446EFF31185402383F323
:10AB90001288BFF36F8F124801F05CF840B9114979
:10ABA0001148882204F0E3FC88210E4804F0D6FC0A
:10ABB0000B4801F073F82046FFF716FF084801F034
:10ABC00057F840B90749084840F2311204F0CFFC69
:10ABD00040F23111E9E785F31188BFF36F8F38BD7B
:10ABE000B85700204F990300F4880300F8B5644D6E
:10ABF000AE68864204464ED1EFF30583002B4AD15E
:10AC0000EFF31187402383F31288BFF36F8F5D4802
:10AC100001F020F838B95C495C48882204F0A7FCB0
:10AC20008821594812E0574801F038F8737B03F047
:10AC30007F0343F010037373554B9E4208D155496F
:10AC40005248562204F093FC5248562104F086FCE8
:10AC5000304606F003FE2B4653F81C4F9C4200D0B2
:10AC600004B9EC68AB689C4202D0204600F078FF43
:10AC70004448AC6100F0FCFF40B94349434840F20E
:10AC80006B1204F074FC40F26B11CAE73846BDE861
:10AC9000F840FFF72FBEEFF31186402383F31288AD
:10ACA000BFF36F8F374800F0D5FF0028B3D0354889
:10ACB00000F0F4FF637BDA060DD5324800F0D8FFD0
:10ACC000002858D13049314840F2311204F04FFC8D
:10ACD00040F23111A5E7D90943F010023ED1627369
:10ACE000EF692D4B9F4200D007B9EF68AB68BB42BC
:10ACF00002D0384600F034FFAB68AF619C42DCD133
:10AD0000EFF30585002DD8D1237BDB071FD51D4828
:10AD100000F0AEFF0028D5D086F31188BFF36F8F07
:10AD200085F31188BFF36F8F0423184602DFEFF31A
:10AD30001186402383F31288BFF36F8F114800F010
:10AD400089FF00283FF467AF0E4800F0A7FF0D48C9
:10AD500000F08EFF002890D0304698E703F07F0384
:10AD600043F0100363730A4B9C423FF468AF2046E4
:10AD700006F074FDB4E786F31188BFF36F8FF8BD5A
:10AD800080570020B85700204F990300F488030033
:10AD9000D02F002032C303009C57002038B5044652
:10ADA000EFF31185402383F31288BFF36F8F1348AD
:10ADB00000F050FF40B912491248882204F0D7FB36
:10ADC00088210F4804F0CAFB0C4800F067FFA36815
:10ADD00013B12046FFF7EEFD084800F049FF40B9E7
:10ADE0000749084840F2311204F0C1FB40F231112A
:10ADF000E7E785F31188BFF36F8F38BDB8570020A0
:10AE00004F990300F488030038B50446EFF3118529
:10AE1000402383F31288BFF36F8F194800F01AFFA5
:10AE200040B918491848882204F0A1FB8821154828
:10AE300004F094FB124800F031FF637B13F0280FFD
:10AE40000BD1A36813B12046FFF7B4FD637B23F059
:10AE5000040363732046FFF7C7FD094800F008FFAD
:10AE600040B90849084840F2311204F080FB40F232
:10AE70003111DCE785F31188BFF36F8F38BD00BF58
:10AE8000B85700204F990300F48803002DE9F047DC
:10AE9000DFF8C8A02B4F2C4B1646B842DAF8082032
:10AEA0001A60DDE9089804460D460AD1274928486A
:10AEB00040F2722204F05BFB244840F2722104F05D
:10AEC0004DFBEFF31183402383F31288BFF36F8FA1
:10AED000384600F0BFFE38B91E491D48882204F0EC
:10AEE00046FB88211B48EAE7384600F0D7FEDAF82F
:10AEF00008703146384606F0B9FCB8F1FF3F08BF8C
:10AF0000B9F1FF3F06D014494A46434607F11800FD
:10AF100000F016FF204600F0ABFE40B90D490C488A
:10AF200040F26B1204F023FB40F26B11DAE70548A4
:10AF300000F09EFE0028F1D02846BDE8F047FFF75C
:10AF4000D9BC00BFB8570020BC57002032C3030053
:10AF5000F48803004F990300BD18030080570020B8
:10AF600070B50546EFF31186402383F31288BFF3D3
:10AF70006F8F164800F06EFE40B9154915488822BB
:10AF800004F0F5FA8821124804F0E8FA0F4800F0BE
:10AF900085FE2C68A54210D014B12046FFF70AFDAB
:10AFA0000A4800F065FE50B909490A4840F23112DA
:10AFB00004F0DDFA40F23111E5E70024F0E786F312
:10AFC0001188BFF36F8F204670BD00BFB8570020B7
:10AFD0004F990300F48803002DE9F04104460D4623
:10AFE000EFF31187402383F31288BFF36F8F52482A
:10AFF00000F030FE38B951495148882204F0B7FAC0
:10B0000088214E4817E04C4800F048FE637B03F06F
:10B010001F02002A0CBF0126002657D103F07F0330
:10B020006373484B9C4208D147494548562204F077
:10B030009EFA4548562104F091FA204606F00EFC8F
:10B04000DFF80C81637B424663F07F036DB2A5732A
:10B05000637352F81C3F934235D1D8F82010C4E9ED
:10B0600000210C60C8F820400FE09942F7D01B681F
:10B07000002BF4D093F90E008542F6D0A842F4DDFF
:10B080005968C4E900310C605C60D8F81C409442F7
:10B0900000D00CB9D8F80C40D8F808309C4202D047
:10B0A000204600F05DFDC8F81840234800F0E0FDA0
:10B0B000002839D12149224840F2311204F057FAD0
:10B0C00040F231119DE7D8F82010D1E79B0729D530
:10B0D000A16839B91D491A48992204F048FA1B4859
:10B0E0009921A8E720466DB206F0B8FBA5730B685E
:10B0F000994209D14B68C4E900131C604C60D4E745
:10B100004A689342F6D01B68002BF3D093F90E20C7
:10B110009542F5D0AA42F3DD5A68C4E900321460C2
:10B120005C60C2E7A573C0E787F31188BFF36F8F38
:10B130003046BDE8F08100BFB85700204F990300AA
:10B14000F4880300D02F002032C3030060C2030044
:10B150008057002038B503460C46D1B9EFF305857A
:10B16000BDB9154A91699268914212D000F080FDF4
:10B1700050B91249124840F26B1204F0F8F940F24B
:10B180006B110E4804F0EAF92846BDE83840FFF795
:10B19000B1BB184600F06CFD40B90849084840F2C0
:10B1A000311204F0E4F940F23111EAE784F3118836
:10B1B000BFF36F8F38BD00BF805700204F99030049
:10B1C000F488030038B50446EFF31185402383F378
:10B1D0001288BFF36F8F184800F03CFD40B9174943
:10B1E0001748882204F0C3F98821144804F0B6F9FE
:10B1F000114800F053FD637BDA0611D40E4800F0CD
:10B2000037FD40B90D490E4840F2311204F0AFF954
:10B2100040F23111E9E785F31188BFF36F8F38BD34
:10B2200023F0100320466373FFF7DEFB2946024834
:10B23000BDE83840FFF78EBFB85700204F99030094
:10B24000F4880300034648B9EFF3058232B9064A91
:10B2500091699268914201D0FFF74CBB83F311884A
:10B26000BFF36F8F704700BF8057002010B5EFF31A
:10B270001184402383F31288BFF36F8F1D4800F0C1
:10B28000E9FC38B91C491D48882204F070F988216E
:10B2900019480CE0174800F001FDEFF3058343B1B6
:10B2A000174916488F2204F062F98F21144804F0E0
:10B2B00055F9144B9A68D37B012B06D110490F48DE
:10B2C000902204F054F99021F0E7013BD373094830
:10B2D00000F0CEFC40B90849084840F2311204F0B1
:10B2E00046F940F23111D3E784F31188BFF36F8F31
:10B2F00010BD00BFB85700204F990300F488030029
:10B3000060C203008057002070B5EFF31186402320
:10B3100083F31288BFF36F8F2E4800F09BFC38B97F
:10B320002D492E48882204F022F988212A480FE06E
:10B330002B4D284800F0B2FCAB68DA7B52B92949A2
:10B34000264840F20D3204F012F940F20D31254842
:10B3500004F004F9EFF3058141B122491F4840F29E
:10B360000E3204F004F940F20E31F0E70132DA73E4
:10B370002A4652F81C4F944200D004B9EC685A7B1C
:10B38000D20604D1DA897F2A01D9A2692AB1A3425F
:10B3900002D0204600F0E4FB23460E48AB6100F0EB
:10B3A00067FC40B90C490D4840F2311204F0DFF857
:10B3B00040F23111BAE786F31188BFF36F8FEFF3D4
:10B3C0001180402383F31288BFF36F8FBDE8704074
:10B3D000FFF738BFB85700204F990300F4880300E7
:10B3E0008057002032C30300024B03F11C02C3E963
:10B3F000072270478057002070B5EFF3058353B1E3
:10B400003249334840F2244204F0B1F82F4840F268
:10B41000244104F0A3F8EFF31186402383F312884C
:10B42000BFF36F8F2B4800F015FC38B92A49284824
:10B43000882204F09CF888212748EAE7274C254811
:10B4400000F02CFCA168206A0B68814214BF1A46E8
:10B45000002249680B605960A368216A2AB9204A12
:10B46000C3E900210B6023620CE093F90E0092F90E
:10B470000E50A84220D085421EDD5168C3E900214C
:10B480000B605360E569164B9D4200D005B9E56835
:10B49000A3689D4202D0284600F062FB0D48A561DA
:10B4A00000F0E6FB60B90C49094840F26B1204F069
:10B4B0005EF840F26B11BFE78A42D0D01268CDE748
:10B4C0003046BDE87040FFF715BA00BF32C3030035
:10B4D000F4880300B85700204F99030080570020DC
:10B4E0009C5700202DE9F04106460C46EFF30587F6
:10B4F00057B12D492D4840F23C4204F038F82A4813
:10B5000040F23C4104F02AF850EA010304D1FFF76D
:10B5100073FF0020BDE8F081EFF31188402383F32F
:10B520001288BFF36F8F224800F094FB38B921498D
:10B530001E48882204F01BF888211E48E2E71E4DB1
:10B540001B4800F0ABFB1D4BA8681860FFF7ECF937
:10B55000A8681B4923463246183000F0F1FBAA6860
:10B56000537B43F0040304465373114800F080FBFF
:10B5700040B910490D4840F26B1203F0F8FF40F259
:10B580006B11DAE74046FFF7B5F9AB68D3E90A2358
:10B59000B3F1004F08BFBA42BBD106F0C8F9201A78
:10B5A00020EAE070B6E700BF32C30300F48803006E
:10B5B000B85700204F99030080570020BC57002047
:10B5C000BD18030070B504460E46EFF3058555B16E
:10B5D0001849194840F2664203F0C9FF154840F285
:10B5E000664103F0BBFFFFF77DFFB6F1FF3F08BFE9
:10B5F000B4F1FF3F0246204616D047F6FF704FF4E5
:10B600007A7403462946C2FB0431B3F5004F71F149
:10B6100000020AD36FF400429A4243F6FF728A4155
:10B6200005D3D80B40EA414070BD2846FCE76FF0D7
:10B630000040F9E732C30300F48803000C490D4AC7
:10B6400038B500244FF400458C462146C0FB05C1A7
:10B6500000236046D5F7D0FBC117FFF743FF054A2B
:10B6600047F6FF73C0FB0234DB0B43EA444038BDAE
:10B670003F420F0040420F0038B50446EFF31185FA
:10B68000402383F31288BFF36F8F1B4800F0E2FA68
:10B6900040B91A491A48882203F069FF88211748DF
:10B6A00003F05CFF144800F0F9FA637B5B0710D5E8
:10B6B00004F1180000F00EFC637B23F00403204625
:10B6C0006373FFF791F929460B48BDE83840FFF74F
:10B6D00041BD094800F0CCFA40B90849084840F299
:10B6E000311203F044FF40F23111D8E785F311889D
:10B6F000BFF36F8F38BD00BFB85700204F990300CC
:10B70000F4880300014B9868704700BF8057002001
:10B710002DE9F8430446077BEFF31185402383F3BB
:10B720001288BFF36F8F704800F094FA40B96F49E8
:10B730006F48882203F01BFF88216C4803F00EFF3E
:10B74000694800F0ABFA637B190712D5664800F030
:10B750008FFA40B96549664840F2311203F007FF9D
:10B7600040F23111E9E785F31188BFF36F8FBDE82F
:10B77000F883D90943F008027DD16273A36813B13D
:10B780002046FFF717F904F1180000F0A3FBA66D9F
:10B7900004F15808B04511D04FF0000976B1304699
:10B7A000FFF708F906F1180000F094FBC6F898902E
:10B7B0003046FFF719F9A66DB045EFD1DFF84481A7
:10B7C000D8F808309C426AD1EFF30589B9F1000935
:10B7D00018BF4FF00109D8F81C60464A964200D0C5
:10B7E0000EB9D8F80C60B34202D0304600F0B8F978
:10B7F0002046C8F81860F1F769FBB9F1000F02D0D4
:10B800003D48FFF767F8D8F808309C4256D1EFF36F
:10B810000586002E52D1237BDA071FD5324800F06F
:10B8200027FA002896D085F31188BFF36F8F86F32F
:10B830001188BFF36F8F0423184602DFEFF31185E1
:10B84000402383F31288BFF36F8F274800F002FA7A
:10B8500000283FF46CAF244800F020FA224800F0A2
:10B8600007FAF8B92149224840F26B1203F07FFE33
:10B8700040F26B1161E703F07F0343F00803637349
:10B880001E4B9C4207D11E491948562203F06FFEF9
:10B8900056211B4852E7204605F0E0FF6EE74FF0C7
:10B8A000000998E72846FFF725F8154910484FF496
:10B8B000DD7203F05CFE4FF4DD71EAE70A4800F048
:10B8C000D7F900283FF446AF85F31188BFF36F8F97
:10B8D000FB077FF54CAF0A49054840F23D5203F0A3
:10B8E00046FE40F23D51D4E7B85700204F9903007F
:10B8F000F48803009C57002090310020D02F0020B6
:10B9000032C30300805700202DE9F041044616465B
:10B910001D46EFF31187402383F31288BFF36F8F27
:10B92000364800F097F938B935493648882203F08F
:10B930001EFE882132481FE0304800F0AFF9637BDB
:10B940001B073FD455EA06034AD0DFF8C480D8F875
:10B950000800A04247D0A26800F158039A4242D0A2
:10B96000EFF3058353B12849264840F25F5203F0B4
:10B97000FEFD254840F25F5103F0F0FD04F158014F
:10B9800005F074FFB5F1FF3F08BFB6F1FF3F07D0E8
:10B99000D8F808001D4932462B46183000F0D0F97F
:10B9A000164800F065F940B91549164840F26B1287
:10B9B00003F0DDFD40F26B11BCE73846BDE8F04115
:10B9C000FEF798BF00240D4800F052F970B90C49F9
:10B9D0000C4840F2311203F0CAFD40F23111A9E7E0
:10B9E0006FF00F04EFE76FF02C04ECE787F311889A
:10B9F000BFF36F8F2046BDE8F08100BFB85700202D
:10BA00004F990300F488030032C30300BD180300FC
:10BA1000805700202DE9F843064688461746EFF385
:10BA20001189402383F31288BFF36F8F1C4800F005
:10BA300011F9054640B91B491B48882203F097FDC0
:10BA40008821184803F08AFD154800F027F934686A
:10BA5000A6421AD0DCB12046C4F898802761FEF7D0
:10BA6000A9FF04F1180000F035FA2046FEF7BCFFEC
:10BA70000B4800F0FDF860B90A490B4840F231125A
:10BA800003F075FD40F23111DBE70025F0E72546B4
:10BA9000EEE789F31188BFF36F8F2846BDE8F8837E
:10BAA000B85700204F990300F4880300D3B5DDE9AF
:10BAB0000667089CCDE90067FFF7E8F91CB1034B66
:10BAC0009B681B69236002B0D0BD00BF8057002077
:10BAD00008B568B10E4B98420AD303F118029042A0
:10BAE00006D2C01A1822B0FBF2F302FB130343B1D3
:10BAF00008490948382203F03AFD0648382103F086
:10BB00002DFD064BC0105843054B01221A5408BDA9
:10BB10007032002080C30300F4880300ABAAAAAAF5
:10BB2000DD620020C3897F2B12D80A4B1B6863B1EA
:10BB3000094B90F90E201B689A4209DB437BDB0618
:10BB400006D1064BC31A18BF012303F0010070474A
:10BB50000023FAE7680B0020C0570020D02F0020F8
:10BB600070B50E4B0E4C1E7C06EB460304EBC30473
:10BB70000546204600F0AEF90A4B002228469A55A9
:10BB8000FFF7D0FF48B1084B08491A68013A204630
:10BB9000D317BDE8704000F0D3B870BD80570020C7
:10BBA00070320020DD620020680B0020D1BA020054
:10BBB00038B5EFF31185402383F31288BFF36F8FFD
:10BBC0001E4800F047F840B91D491E48882203F07E
:10BBD000CEFC88211A4803F0C1FC184800F05EF83A
:10BBE000194B1A4A9C681068A0420ED1FFF7B8FFA3
:10BBF000124800F03DF8E0B91149124840F2311204
:10BC000003F0B5FC40F23111E4E700211B7C116028
:10BC10000F4AD35C002BEBD02046FFF783FF0028B0
:10BC2000E6D0637BDB0602D12046FEF73DFF2046CF
:10BC3000DCE785F31188BFF36F8F38BDB85700205C
:10BC40004F990300F488030080570020BC57002060
:10BC5000DD620020006838B1044B1B7C00F003005B
:10BC6000C01A18BF0120704701207047805700207C
:10BC7000002302680360EFF30581074B19B199684F
:10BC8000497BC90706D4197C98680843831A58422F
:10BC9000584170470120704780570020024B1A7CA2
:10BCA0009B68134303607047805700200748084A89
:10BCB000084908B5121A05F04AFD0748074A08491D
:10BCC000BDE80840121A05F042BD00BF0005002083
:10BCD000A00F002064C50300B80400200005002068
:10BCE0001CC50300024B1868984208BF002070472B
:10BCF0006C0B0020034B1B680BB9F7F729BD002024
:10BD0000704700BFC457002030B570B10B4B5B6863
:10BD100098420AD0036843B1D3E90421D0E904452D
:10BD2000121941EB0501C3E90421D0E90032136087
:10BD30005A600023C0E9003330BD00BF6C0B002007
:10BD4000B3F1FF3F08BFB2F1FF3F2DE9F74F0446C3
:10BD500090469B4615461F4600F0AA80D0F80090FA
:10BD6000B9F1000F08D054495448722203F0FFFB88
:10BD70005148722103F0F2FB8160EFF311830193CC
:10BD8000402383F31288BFF36F8F4D48FFF762FFA4
:10BD9000824638B94B494948882203F0E8FB88219C
:10BDA0004848E7E74648FFF779FFB8F1FF3F7BF1E6
:10BDB000FF33454A1FDBFFF79DFF434A0135D2E9B8
:10BDC00000174BF1000B2D184BEBE073C4E9045343
:10BDD0006D18064643EB0707FFF784FFDFF8F0E036
:10BDE000DEF804900346F3B9C4E900E9C9F800405D
:10BDF000CEF8044029E0D2E900126FF001035B1A8B
:10BE00004FF0FF3161EB0202B3EB080362EB0B0270
:10BE1000012B72F10001BCBF01234A46C4E9043280
:10BE20004FF0000AD8E7D3E9041CD4E904208A4281
:10BE300070EB0C0B29DA891A5A686CEB0000C3E925
:10BE40000410C4E9003214605C60FFF74BFF8442C9
:10BE50000ED11E4B1B685BB9BAF1000F02D1FFF780
:10BE600049FF0646304605F04BFD0021F7F74AFC36
:10BE70001348FFF7FDFE88B91249104840F231120D
:10BE800003F075FB40F231118AE7521A60EB0C00A7
:10BE90009945C4E90420A7D01B68A4E7019B83F35C
:10BEA0001188BFF36F8F2846394603B0BDE8F08F85
:10BEB00000252F46F7E700BFA8C30300F48803005E
:10BEC000C85700204F99030088320020C457002033
:10BED0006C0B002070B50446EFF31186402383F30A
:10BEE0001288BFF36F8F1E48FFF7B4FE40B91D499B
:10BEF0001D48882203F03BFB88211A4803F02EFBE3
:10BF00001748FFF7CBFE23680BB3FFF7EBFE0546A0
:10BF10002046FFF7F9FE00224FF00043A542C4E996
:10BF2000042306D1FFF7E6FE05F0EAFC0021F7F74F
:10BF3000E9FB00240A48FFF79BFE58B909490A4863
:10BF400040F2311203F013FB40F23111D5E76FF0EC
:10BF50001504EFE786F31188BFF36F8F204670BD9D
:10BF6000C85700204F990300F48803002DE9F04DD5
:10BF70000446EFF31186402383F31288BFF36F8FDB
:10BF80003E48FFF767FE40B93D493E48882203F02E
:10BF9000EEFA88213A4803F0E1FADFF8F0803748FA
:10BFA000394FFFF77BFEC8F80040FFF79BFE4FF0CC
:10BFB000000A04464FF0000BD8F80030D7E9001C07
:10BFC000D81754B1D4E90452AB4270EB020E1EDA1A
:10BFD000ED1A62EB0002C4E904525B184CEB00005E
:10BFE0000024C7E900302046C8F8004005F088FC6E
:10BFF0002146F7F787FB2148FFF73AFEA8B186F301
:10C000001188BFF36F8FBDE8F04DFFF7D1BD691800
:10C010004CEBE5732046C4E904ABC7E90013FFF716
:10C0200073FE1648FFF724FE40B91549154840F243
:10C03000311203F09CFA40F23111ABE786F311881C
:10C04000BFF36F8FA36820469847EFF31186402314
:10C0500083F31288BFF36F8F0848FFF7FBFD0028BA
:10C0600092D00648FFF71AFED8F800305B1BC8F8DC
:10C070000030FFF737FE04469EE700BFC857002098
:10C080004F990300F488030088320020C457002031
:10C0900070B5EFF31186402383F31288BFF36F8FDF
:10C0A0001548FFF7D7FD40B914491548882203F019
:10C0B0005EFA8821114803F051FA0F48FFF7EEFDB0
:10C0C000FFF718FE0F4AD2E90045041945EBE07569
:10C0D0000948FFF7CDFD40B90849094840F231123F
:10C0E00003F045FA40F23111E4E786F31188BFF31B
:10C0F0006F8F2046294670BDC85700204F99030016
:10C10000F488030088320020F8B50446EFF3118765
:10C11000402383F31288BFF36F8F4A48FFF79AFDDD
:10C1200040B949494948882203F021FA8821464804
:10C1300003F014FA4348FFF7B1FD22686AB14148A1
:10C14000FFF796FD002878D13F49404840F2311270
:10C1500003F00DFA40F23111E9E7D4E90A36581C30
:10C1600046F10001022871F1000127D3012B76F17D
:10C170000001BCBF012316465D1E46F1FF3605F0E7
:10C18000DAFB013041F10001401946EB01010128C1
:10C1900071F100014CDB05F0CEFB013041F10001F3
:10C1A0006FF00102401946EB0103121A4FF0FF3104
:10C1B00061EB030326492046FFF7C2FD236B0133E1
:10C1C0002363236AD3B11F48FFF752FD0028BBD079
:10C1D00087F31188BFF36F8F236A20469847EFF3E8
:10C1E0001187402383F31288BFF36F8F1548FFF741
:10C1F00031FD002895D01348FFF750FD54F8185F23
:10C20000A5429CD0002D9AD02846FEF7C7FD0023FA
:10C210000C48C5F89830FFF72BFD002894D087F321
:10C220001188BFF36F8F2846BDE8F840FEF7AABC1F
:10C230006FF001024FF0FF33BCE787F31188BFF3C3
:10C240006F8FF8BDCC5700204F990300F48803008E
:10C2500009C102002DE9F843064614461D469146E1
:10C260009846EFF31187402383F31288BFF36F8F53
:10C270002348FFF7EFFC40B922492348882203F006
:10C2800076F988211F4803F069F91D48FFF706FD7C
:10C29000B5F1FF3F08BFB4F1FF3F0CD11848FFF7DD
:10C2A000E7FC38BB1749184840F2311203F05FF938
:10C2B00040F23111E6E7631C75F1FF330ADB012C14
:10C2C00075F100032246BCBF0122002512F1FF399F
:10C2D00045F1FF383046FFF7FDFDDDE90823C6E9EB
:10C2E0000A23002333634A46434630460749FFF793
:10C2F00027FDD3E787F31188BFF36F8FBDE8F8837D
:10C30000CC5700204F990300F488030009C10200B4
:10C310002DE9F84F4F1E0F4206460D469A4607D0AC
:10C3200025492648172203F022F91721224817E051
:10C33000141D3ED241F0040B00F11408EFF31189F3
:10C34000402383F31288BFF36F8F4046FFF782FCD0
:10C3500040B91B491948882203F009F98821184877
:10C3600003F0FCF84046FFF799FC22465946304658
:10C37000D04704464046FFF77BFC40B910490F48C0
:10C3800040F2311203F0F3F840F23111E7E789F39C
:10C390001188BFF36F8F64B1204640F8046B4DB134
:10C3A000384207D004490548342203F0E0F834212C
:10C3B000BCE70020BDE8F88FCCC30300F48803007D
:10C3C0004F9903002DE9F04105460E46174605F04A
:10C3D0003DFA30B9074B9B68D3F8904014B9BDE8DB
:10C3E000F081054C3B46324629462046BDE8F041E7
:10C3F000FFF78EBF80570020680D00200246024BD9
:10C4000002480021FFF784BFABF30200680D002053
:10C41000014BC0F890307047680D00200146024A79
:10C420000020FFF7CFBF00BFABF3020038B50B4CC5
:10C430000B4DAC420FD90B490B481A2203F097F869
:10C4400008481A2103F08AF8D4E90112204605F0C1
:10C45000A3FA1834EDE7F7D3002038BD680D0020AB
:10C46000800D0020F0C30300F4880300F8B50446F3
:10C470000E4600F11405EFF31187402383F3128871
:10C48000BFF36F8F2846FFF7E5FB40B91649174801
:10C49000882203F06CF88821134803F05FF82846DF
:10C4A000FFF7FCFB20463146EBF77EF804F10C0069
:10C4B00005F012FA28B139462846BDE8F840FEF7E3
:10C4C00049BE2846FFF7D4FB40B90749074840F268
:10C4D000311203F04CF840F23111DDE787F3118897
:10C4E000BFF36F8FF8BD00BF4F990300F4880300BE
:10C4F00007B5074B0093074907484FF0FF334FF448
:10C500008072FEF739F8002003B05DF804FB00BF2D
:10C51000D0390300809D00209032002010B50A4CD5
:10C5200023681BB101232360002010BD00F0E8F850
:10C530000028F7D00138062803D8044B53F8200010
:10C5400010BD034810BD00BFD0570020D8390300EC
:10C55000FE8FFFFFBFF34F8F0549064BCA6802F4F9
:10C56000E0621343CB60BFF34F8F00BFFDE700BF16
:10C5700000ED00E00400FA0510B40A4B0A490B4C28
:10C580004FF0FE32C3F800244968C3F80424C3F80E
:10C590000824C3F80C240023C4F800355DF8044BCC
:10C5A000084700BF00B00250740B002000A00250EA
:10C5B000D0E90012014BC3E900127047740B002050
:10C5C00010B5044650B1636813F0685F05D0064AA1
:10C5D000934202D000232360626010BD034B0448E5
:10C5E0005B689847EFE700BF2C5F5CA9740B0020E5
:10C5F000F4390300C8B143680D4A934213D013F0D5
:10C60000685F0ED0012350E8002F194640E8001C57
:10C610009CF0000FF7D1012AF5D0BFF35F8F002007
:10C62000704704487047044870476FF4E040704713
:10C630002C5F5CA9E98FFFFFEA8FFFFF80B14368A1
:10C64000094A93420AD013F0685F05D0BFF35F8FA9
:10C650000023036018467047044870470448704739
:10C660006FF4E040704700BF2C5F5CA9E98FFFFFCB
:10C67000EA8FFFFF10B5044620B1044B636000222F
:10C68000226010BD0248FFF777FFF6E73A00003A54
:10C690001C3A030070B5D0E90023154C154D6360BA
:10C6A000D0E90230C4E90230226048680E68124BBB
:10C6B000C3E90060D5F818018E689E6010F0685FCD
:10C6C000CE680969DE60196110D00C49C5F8BC114B
:10C6D0000023C5E9453105F58A70C5F8B8319047A2
:10C6E000236805F5DC70BDE87040184770BD00BFD9
:10C6F000900B0020E85700207C0B00202C5F5CA9E9
:10C7000038B500F02FF820B1032400F063F820467C
:10C7100038BD00F031F898B900F0ACF898B90F4D79
:10C72000D5F828391B0EF02B08D1D5F8242A0C4B4C
:10C730009A420AD0072400F017F8E6E70624FAE741
:10C740000424204638BD0024F5E7012000F092F8CB
:10C7500004460028F7D1C5F80C0AD8E700B002500B
:10C760000000E0200020704700207047014BC3F814
:10C77000040A704700B0025010B5114800F048F8A4
:10C7800000B110BD0F4800F043F80028F9D10E4C5D
:10C79000204600F03DF80028F3D10C4B0C481C60FB
:10C7A00000F036F801460028EBD100F02DF80446E1
:10C7B00008B1204610BD00F03FF82046FAE700BF60
:10C7C000D00B0020CC0B0020C80B0020C00B002099
:10C7D000C40B002008B5084800F024F8074800F012
:10C7E00021F8074800F01EF8064800F01BF8BDE8E5
:10C7F000084000F00BB800BFD00B0020CC0B00208D
:10C80000C80B0020C40B002000207047704700BFF9
:10C8100008B5034B02681B6810689847002008BDE4
:10C82000900B002008B5034B02685B6810689847BE
:10C83000002008BD900B002070B5094C094D2069FF
:10C84000AB68984718B1084B08485B689847084A96
:10C85000EB68206900211160BDE87040184700BFF7
:10C860007C0B0020900B0020740B0020403A03004A
:10C87000E4570020F8B51A4D1A4E0446B2682869EC
:10C880009047E8B9184F3B684CB1A3B1012B19D0C0
:10C89000013B3B602869F36898470020F8BD43B925
:10C8A000124A0121C2F800151149D1F81029002AB5
:10C8B000FBD101333B60F368286998470020F8BD3D
:10C8C0000C48F8BD0A4AD2F81039002BFBD1074AB0
:10C8D0006FF07E40C2F80035FFF748FF3B68D7E7AE
:10C8E0007C0B0020900B0020E457002000A0025099
:10C8F00000B00250E98FFFFF2DE9F04F85B0904660
:10C90000464A029089461E460D462B4615F8014BB5
:10C91000175D17F00807F8D12D2C41D12C7801278D
:10C920009D1C002E41D1302C4CD00A2607F1004A24
:10C9300007F1FF3B0AF1FF3AF317324658465146DA
:10C940000393D4F759FA019200228E468446114689
:10C950001046A4F13003092B05D9A4F14103192B8A
:10C9600037D8A4F137039E423DDD541C15D08445D1
:10C970007EEB010234D38E4508BF844502D1019A73
:10C980009A422DDB039A714300FB0211A6FB0002C1
:10C990000A44181842EBE371012215F8014BD8E75D
:10C9A0002B2C04BF2C789D1CBBE7102EBED1302C45
:10C9B000BCD12B7803F0DF03582BB7D16C7810264D
:10C9C0000235B3E72B7803F0DF03582BF6D00826A7
:10C9D000ACE7A4F16103192B05D8A4F15703C2E712
:10C9E0004FF0FF32D9E7531C0AD1029A2223136079
:10C9F00058465146B8F1000F0AD105B0BDE8F08F96
:10CA000017B1404261EB4101B8F1000FF5D00AB116
:10CA100005F1FF39C8F80090EFE700BF1CC4030020
:10CA200013460A46014602480068FFF765BF00BF8B
:10CA3000D40B00202DE9F74F91464A4A01908A46CF
:10CA40001E460D462B4615F8014B175D17F00807DB
:10CA5000F8D12D2C42D12C7801279D1C002E42D1DB
:10CA6000302C4DD00A264FEAE67B32465B464FF02B
:10CA7000FF304FF0FF31D4F7BFF9324600908846BF
:10CA80005B464FF0FF304FF0FF31D4F7B5F900238C
:10CA900018461946A4F1300CBCF1090F37D864468A
:10CAA000A64245DDB3F1FF3F15D0009B834278EBF2
:10CAB00001033AD3009B884508BF834201D1A242BB
:10CAC00033DB714300FB0B11A6FB00031944201854
:10CAD00041EBE471012315F8014BDBE72B2C04BF7C
:10CAE0002C789D1CBAE7102EBDD1302CBBD12B78F1
:10CAF00003F0DF03582BB6D16C7810260235B2E76D
:10CB00002B7803F0DF03582BF6D00826ABE7A4F10F
:10CB1000410CBCF1190F01D8373CC1E7A4F1610CFD
:10CB2000BCF1190F04D8573CBAE74FF0FF33D2E7F6
:10CB30005A1C0AD1019922220A6018461946B9F1F5
:10CB4000000F0AD103B0BDE8F08F17B1404261EB8E
:10CB50004101B9F1000FF5D00BB105F1FF3AC9F869
:10CB600000A0EFE71CC4030013460A460146024832
:10CB70000068FFF75FBF00BFD40B002038B510EE90
:10CB8000105A25F00044B4F1A14FF0EE407A10D3D2
:10CB9000B4F1FF4F04D970EE007AB0EE670A38BDE9
:10CBA000DFED4D7A9FED4D7A002DC8BFF0EE477A4C
:10CBB000F3E74B4B9C4210D8B4F1445F0AD29FED8F
:10CBC000497A30EE077AF7EE006AB4EEE67AF1EED3
:10CBD00010FAE2DC4FF0FF3313E004F054FF424B55
:10CBE0009C424FD8A3F5D0039C4241D8F0EE007A86
:10CBF000BFEE007AA0EE277A002330EE270AC7EEB8
:10CC0000007A5A1C27EEA76A9FED387ADFED385A72
:10CC10009FED385A66EE066AE6EE875A9FED367A41
:10CC2000A5EEA67ADFED355AE7EE265A9FED347A67
:10CC3000A5EEA67ADFED335AE7EE265A9FED327A5B
:10CC4000A6EE875A9FED317AA5EE267A9FED305AEF
:10CC5000A7EE265A9FED2F7AA5EE267A27EE267AA2
:10CC6000A5EE867A27EE877A21D177EEC77A94E708
:10CC7000F7EE007A30EE677A30EE270A0123C7EE2E
:10CC8000007ABEE7244B9C420BD8F7EE087AB7EE49
:10CC9000007AA0EE277A022370EE676AC6EE877AE2
:10CCA000AFE7BFEE007AC7EE007A0323A9E71B4A7D
:10CCB0001B4902EB830201EB8303D3ED006A37EEDD
:10CCC000667A002D37EE677AD2ED007A77EEC77A72
:10CCD000B8BFF1EE677A60E7DB0FC9BFDB0FC93F72
:10CCE000FFFFDF3ECAF24971FFFF973FD769853CDE
:10CCF00059DA4B3D6BF16EBD356B883D6E2EBA3DFA
:10CD00002549123EABAAAA3E21A215BD95879DBD1D
:10CD1000388EE3BDCDCC4CBEFFFF1B40703A030004
:10CD2000603A030010EE103A07B5124A23F00043B0
:10CD3000934207D8DFED100A012003B05DF804EB41
:10CD400000F0E0BEB3F1FF4F04D330EE400A03B071
:10CD50005DF804FB684600F027FB400000F002008D
:10CD6000DDED010A9DED000AC0F1010000F0CAFEF0
:10CD7000EDE700BFDA0F493F0000000038B52DEDA8
:10CD8000028B55EC104BD8F747FF164BB0EE408A9C
:10CD9000F0EE608A93F9003001331CD022462B4616
:10CDA00020462946D3F74AFFA8B945EC104B04F0BA
:10CDB00076FE0D4B51EC100B0022D3F735FF50B12E
:10CDC00003F035FBBDEC028B21230360BDE8384046
:10CDD0000648D9F799BAB0EE480AF0EE680ABDECF9
:10CDE000028B38BDE10C00200000F03F6C9D030079
:10CDF00038B52DED028B55EC104B00F085F8154B36
:10CE0000B0EE408AF0EE608A93F90030013319D019
:10CE100022462B4620462946D3F710FF90B9002220
:10CE2000002320462946D3F7E1FE58B103F0FFFA6C
:10CE3000212303600022002310461946D3F78EFDFC
:10CE400041EC180BB0EE480AF0EE680ABDEC028B1C
:10CE500038BD00BFE10C002008B52DED028BB0EE0F
:10CE6000408A00F009F9134B93F900300133F0EEDA
:10CE7000408A1AD0B4EE488AF1EE10FA15D6B0EE18
:10CE8000480A04F000FEF7EE007AB4EEE70AF1EE8D
:10CE900010FA0ADD03F0CBFABDEC028B212303600C
:10CEA000BDE80840044800F051BFB0EE680ABDEC90
:10CEB000028B08BDE10C00206C9D030008B52DED30
:10CEC000028BB0EE408A04F0E7FD0D4B93F9003081
:10CED000013311D0B4EE488AF1EE10FA0CD6DFED32
:10CEE000098AB4EEE88AF1EE10FA05D503F09FFA4C
:10CEF00088EEA80A21230360BDEC028B08BD00BFA9
:10CF0000E10C0020000000002DE9F041594A55ECE9
:10CF1000104BAA432B4620460FD122462946D3F771
:10CF2000F3FB02460B4620462946D3F737FA044660
:10CF30000D4645EC104BBDE8F081002D0DDC25F0D1
:10CF400000422243F5D095B122462946D3F724FA70
:10CF500002460B46D3F702FDE9E72A1515D1002159
:10CF600009E0C30A153A4005002BFAD0F7E72A4634
:10CF7000FAE75B000131DD02FBD54C1E121BC1F14B
:10CF8000200420FA04F423438840C3F31303D40796
:10CF900043F480135CBF5B0003EBD073A2F2FF3558
:10CFA00058BF40005B0000266D1003EBD0734700B4
:10CFB0004FF0160EB0464FF4001208EB02019942F2
:10CFC000DEBF5B1A02EB0108B6185B00BEF1010E72
:10CFD00003EBD7734FEA52024FEA4707EDD1F4460D
:10CFE00020204FF00041984501EB0E022FDB0BD1C2
:10CFF000BA4209D8002A01EB020E02DABEF1000F94
:10D000002CDA0023BF1A8C445B00013803EBD77382
:10D010004FEA51014FEA4707E5D13B4308D0BCF145
:10D02000FF3F13BF0CF101030136844623F0010CCE
:10D0300072104FEA5C03F10702F17F5202F5001211
:10D0400048BF43F0004302EB055118466FE7002A42
:10D0500001EB020E0BDABEF1000F08DB08F1010450
:10D06000BA42A3EB080300D9013BA046CAE74446F5
:10D07000F6E700BF0000F07F08B510EE103A23F08D
:10D080000042B2F17E5F2DED0C8B0AD19FED650A57
:10D09000DFED657A002BC8BFB0EE670ABDEC0C8BE4
:10D0A00008BD04D930EE408A88EE080AF6E7B2F1EE
:10D0B0007C5F3CD2B2F10C5F40F2B18060EE007A4E
:10D0C000DFED5A6A9FED5A7A9FED5A6AA7EEA67A6B
:10D0D000DFED596AE7EE276A9FED587AA6EEA77A48
:10D0E000DFED576AE7EE276A9FED567AA6EEA77A3C
:10D0F000DFED556AA7EEA66ADFED546AE6EE276A11
:10D100009FED536AA6EEA76AF7EE006AE6EE276A7D
:10D1100027EE277ADFED4F7A87EE266AE0EE467A31
:10D1200070EE677A9FED4C0A30EE670AB6E7002B87
:10D13000DFED3EDADFED3ECA9FED3FCADFED3FBADD
:10D140009FED3FBADFED3F8A9FED3FDADFED39AA71
:10D150009FED3EAADFED3E9AB7EE009AF6EE007A1A
:10D1600028DA30EE098A28EE270AE0EE2DCAE0EE32
:10D170000DAAACEE80CAAAEE80AAECEE00BAEAEEE6
:10D18000009AABEE80BAA9EE809AEBEE008A68EEC8
:10D19000808A04F081FC88EE897ADFED307AE0EE57
:10D1A000077AB0EE007A77EE807A9FED2D0AA7EE2F
:10D1B000C70A73E739EE408A28EE278AB0EE480A9C
:10D1C00004F06AFCE8EE2DCAE8EE0DAAACEE88CABF
:10D1D000AAEE88AAECEE08BA10EE103AABEE88BAC6
:10D1E00023F47F6323F00F03EAEE089A07EE903AE8
:10D1F000EBEE088AB0EE486AA7EEE76AA9EE889AD5
:10D2000070EE276A68EE888A86EE267AC8EE896A0A
:10D21000A0EE267A37EE870A30EE000A3EE79FED51
:10D22000110A3BE7DB0F49400000000008EF11380E
:10D23000047F4F3A613330BF461124BDA80A4E3EE9
:10D2400090B0A6BEABAA2A3E2EC69D3D2D570140EA
:10D2500039D119C06821A233DA0FC93F6821A2B3BE
:10D26000DA0F4940DB0FC93F10EE902A22F000414F
:10D27000B1F1FF4F10B5F0EE407A06D810EE100A6B
:10D2800020F00043B3F1FF4F04D977EEA07AB0EE5F
:10D29000670A10BDB2F17E5F03D1BDE81040FFF711
:10D2A0006DBC941704F0020444EAD07443B9022C14
:10D2B0005ED09FED347A032C08BFF0EE477AE6E7A4
:10D2C00041B9DFED317A9FED317A0028B8BFF0EE39
:10D2D000477ADCE7B1F1FF4F10D1B3F1FF4F04F112
:10D2E000FF3407D1022C46D8294B03EB8403D3ED3E
:10D2F000007ACCE7022C41D8264BF6E7B3F1FF4F7A
:10D30000DFD05B1AB3F1F45F4FEAE3511ADA002A77
:10D3100001DA3C3119DB87EEA00A04F0B4FBFFF719
:10D320002DFCF0EE407A012C12D0022C17D0002CEC
:10D33000ADD09FED197A77EE877A9FED187A77EE68
:10D34000C77AA4E7DFED107AEDE7DFED157AEAE7BB
:10D3500017EE903A03F1004307EE903A97E79FEDFE
:10D360000E7A77EE877A9FED0D7A77EE677A8EE701
:10D37000DFED0A7A8BE7DFED0B7A88E7DFED087ADD
:10D3800085E700BFDB0F49C0DB0FC93FDB0FC9BF1B
:10D390008C3A0300803A03002EBDBB33DB0F4940BB
:10D3A00000000000DB0F493FF0B510EE106A884B1B
:10D3B00026F000459D4287B0044605D8002380ED45
:10D3C000000A4360002022E0824B9D423AD826F0BA
:10D3D0000043002E9FED807A804A23F00F0318DD72
:10D3E000934270EE477A09BF9FED7D7ADFED7D6A4B
:10D3F000DFED7D6A77EEC77A37EEE67A77EEC77AA9
:10D4000080ED007A77EEE67AC0ED017A012007B070
:10D41000F0BD934270EE077A09BF9FED717ADFEDA0
:10D42000716ADFED716A77EE877A37EEA67A77EE6A
:10D43000C77A80ED007A77EEA67AC0ED017A4FF0D8
:10D44000FF30E4E7694B9D4273D804F01CFB9FED6D
:10D45000687AF6EE007AE0EE077AFDEEE77AB8EE4B
:10D46000E77A17EE900ADFED5C7AA7EE670A1F28CD
:10D47000DFED5C7A67EE277AB1EE476A70EE676A95
:10D4800016EE901A09DC5B4A471E26F0004352F85C
:10D49000272023F0FF03934207D1C1F3C752C2EB09
:10D4A000D552082A4FEAE55314DC216094ED007A46
:10D4B00030EE470A002E30EE670A84ED010AA6DA44
:10D4C000B1EE477AB1EE400A84ED007A84ED010AAC
:10D4D00040429CE7DFED425AF0EE406AE6EE256AF4
:10D4E00070EE667AE6EE257ADFED3F5AD7EE257AC2
:10D4F00076EEE75A15EE902AC2F3C7515B1A192B44
:10D5000004DCC4ED005AB0EE660ACFE7DFED3A5A0C
:10D51000B0EE660AA6EE250A76EEC07ADFED376A2F
:10D52000E6EE257AD7EE267A30EE677A84ED007A39
:10D53000BCE7B5F1FF4F06D370EE407AC0ED017A3B
:10D54000C0ED007A3EE7EA15863AA5EBC25307EE36
:10D55000903ABDEEE77ADFED2A6AB8EEC77A77EE49
:10D56000C77A8DED037A67EEA67ABDEEE77AB8EE5C
:10D57000C77A77EEC77A8DED047A67EEA67AF5EE74
:10D58000407AF1EE10FACDED057A1ED1B5EE407A73
:10D59000F1EE10FA0CBF012302231A490191022176
:10D5A000009103A8214600F02FF8002EBFF62FAF00
:10D5B000D4ED007AF1EE677AC4ED007AD4ED017A09
:10D5C000F1EE677AC4ED017A82E70323E5E700BF55
:10D5D000D80F493FE3CB1640800FC93FD00FC93F5A
:10D5E000004435374344353708A3852E800F49431F
:10D5F00084F9223F983A030000A3852E32318D240E
:10D6000000008043183B03002DE9F04F2DED048B03
:10D61000D9B090469B46669ABE4BDDF89CC153F844
:10D6200022A0019018F1040F0F460BF1FF3325DB08
:10D63000B8F1030248BF08F10402D210551CE900FA
:10D64000D41A9FEDB87A0291A8EBC5050AEB030640
:10D650000DF170090CEB840E0021B14210DD1CA904
:10D6600001EB8B010DF588790026564526DCDDF8A7
:10D6700004E0DFEDAC7A0C46002016E00022DDE786
:10D68000CC425DBF5EF8210007EE900AF8EEE77A23
:10D69000F0EE477AE9EC017A0131DEE7FEEC016A4F
:10D6A00094ED007AE6EE877A01309842A4F1040402
:10D6B000F4DDE9EC017A01360431D6E708A901EB83
:10D6C0008A010CEB8202DFED968A9FED949A049119
:10D6D00003925446A200059258AA02EB840212ED6E
:10D6E000140A44A908AA01EB840116462046002822
:10D6F000A1F104014EDC2846CDE9063200F02CFBF6
:10D70000B0EE408AB4EE000A28EE000A00F0DAFA21
:10D71000F2EE007AA0EE678A002DDDE90632FDEE1A
:10D72000C87A17EE909AF8EEE77A38EE678A43DD0A
:10D73000601E08A9C5F1080C51F8206046FA0CF1EA
:10D74000894401FA0CF1761A08A941F82060C5F164
:10D7500007010E41002E3EDD4FF0000C09F10109DA
:10D76000604664456ADC002D05DD012D00F08380F4
:10D77000022D00F08B80022E2DD1B7EE000A30EE84
:10D78000488A40B32846069300F0E6FA069B38EE36
:10D79000408A20E060EE287A0138FDEEE77AF8EE64
:10D7A000E77AA7EEC90ABDEEC00AA6EC010A91ED20
:10D7B000000A37EE800A9AE705D1611E08A850F8E2
:10D7C00021603612C6E7F6EE007AB4EEE78AF1EE93
:10D7D00010FA31DA0026B5EE408AF1EE10FA40F088
:10D7E000A380611E0020514557DA002871D0013C0A
:10D7F00008AB083D53F82430002BF8D02846B7EE8C
:10D80000000A00F0A9FA631C44AA9FED457A99002A
:10D8100002EB83022346002B80F2B4802346002BC8
:10D82000C0F2D28044AA02EB8305DFF8ECC0DFED42
:10D830003D7A0020E21ABCE002268DE796465EF8AB
:10D84000041B60B981B10CF1010CC1F58071644514
:10D850004EF8041C0DDDDEF8001002F1080EC1F1D7
:10D86000FF014EF8041C01210CF1010C7246084620
:10D8700077E7012077E7611E08AA52F8212002F01D
:10D880007F020DF1200C4CF8212074E7611E08AADC
:10D8900052F8212002F03F02F3E708AA52F82120B3
:10D8A000013910439FE7013251F8040D0028FAD0E6
:10D8B000059901F5B071694404EB0B000DF1700C92
:10D8C000661C4C390CEB80002244B24204DA144648
:10D8D00000E704990122E7E7039CDDF804C054F84F
:10D8E0002640059407EE904AF8EEE77A0024E0EC33
:10D8F000017ADFED0C7A86469C4203DDE1EC017A89
:10D900000136E2E7FCEC016A3EED017A0134E6EE15
:10D91000877AF1E75C3E0300303E0300000080435D
:10D920000000803B00000000029BB0EE480AA3EB21
:10D93000080000F011FA1FED077AB4EEC70AF1EE05
:10D9400010FA19DB5FED0A7A60EE277A08AAFDEE7D
:10D95000E77A0835F8EEE77AA7EEC70AFDEEE77A30
:10D96000BDEEC00A10EE103A42F8243017EE903A9D
:10D97000013442F8243041E7BDEEC00A08AA10EE97
:10D98000103AF6E708A850F82300019007EE900A35
:10D99000F8EEE77A013B67EE807A20EE070A62ED47
:10D9A000017A38E7FCEC016AB5EC017AE6EE877A99
:10D9B0000130504501DC8242F4DA58A800EB8202C3
:10D9C00042ED287A013B2AE7669B022B09DC002BFB
:10D9D0002BDC44D009F0070059B0BDEC048BBDE846
:10D9E000F08F669B032BF5D130AA0B1F13441A4608
:10D9F00020460028A2F1040252DC2246012AA3F1AB
:10DA000004035DDC30AB5FED397A0B44012C67DC3D
:10DA1000DDED306A9DED317A002E67D1C7ED006AE9
:10DA200087ED017AC7ED027AD4E730AB1FED437A78
:10DA30000B442246002A24DA4EB3F1EE477AC7EDB2
:10DA4000007ADDED307A77EEC77A31AA01239C4265
:10DA500020DA0EB1F1EE677AC7ED017ABAE730ABA2
:10DA60005FED507A0B44002C05DA0EB1F1EE677AC7
:10DA7000C7ED007AAEE733ED017A013C77EE877AA5
:10DA8000F1E773ED017A013A37EE277AD2E7F0EE4B
:10DA9000477AD4E7B2EC017A013377EE877AD6E79A
:10DAA000D2ED007AD2ED016A37EEA67A013877EE30
:10DAB000C77A82ED007A77EEA67AC2ED017A98E70E
:10DAC000D3ED007AD3ED016A37EEA67A013A77EE0C
:10DAD000C77A83ED007A77EEA67AC3ED017A8DE7F7
:10DAE00033ED017A013C77EE877A8FE7F1EE666AD3
:10DAF000B1EE477AC7ED006A87ED017AF1EE677AF9
:10DB000090E700BF08B510EE103A23F00042B2F1E2
:10DB1000465FF0EE407A17D2BDEEC07A17EE101ACB
:10DB200041BB431C134308D103F0ADFFB7EE007AAD
:10DB3000C7EE007AB0EE670A08BD0128FAD0BFEE42
:10DB4000007AC7EE007AF5E74C498A4212D3002BDF
:10DB50009FED4B7AB8BFF1EE407A37EE677ADFED92
:10DB6000497AB8BFF1EE600A77EEE07ADFED460A57
:10DB700077EE877A67EEA76ADFED445A9FED446A35
:10DB80009FED445A3D4926EEA67A8A42A7EE256AC1
:10DB9000DFED415AE6EE075A9FED406AA5EE876A2F
:10DBA000DFED3F5AE6EE075A9FED3E6AA5EE876A23
:10DBB000DFED3D5AE7EE055A9FED3C5AA5EE875A38
:10DBC000DFED3B5AE5EE075A9FED3A5AA5EE875A2C
:10DBD000DFED395AE5EE075AB0EE467AA5EEA67AA1
:10DBE00027EEA65AB0EE606AA7EE056A9FED337A7B
:10DBF000E6EE260AE5EE070A37EEA06A1DD307EE29
:10DC0000100AB8EEC77A26EE065A36EE076A9B1758
:10DC1000C5EE065A03F00203C3F1010306EE903A83
:10DC200035EEE06AF8EEE66A77EEC67AB0EE006AA4
:10DC3000A7EEC67A66EE877A7CE701281BD0204BD8
:10DC400016EE102A1A4005EE902A75EEE77AB7EE26
:10DC5000007A70EEE70AFFEE007AC7EE866A16EEEB
:10DC6000902A134007EE903AA5EEA77AA0EEA77A85
:10DC7000E7EE267A5EE7F0EE467A5BE740A12C3FBE
:10DC8000DA0F493F68212233000000005FAE9BB7E6
:10DC900045F4A3388453D937C8261A3A16696B3B22
:10DCA000A427B33C8988083E7AC09538B9378139B2
:10DCB00048DEBE3A1F37113CD10D5D3DABAAAA3EEE
:10DCC00000F0FFFF10EE103AC3F3C7527F3A162A56
:10DCD00023F000412BDC002A12DADFED197A30EE56
:10DCE000270AB5EEC00AF1EE10FA06DD002B24DAA1
:10DCF0000029144B08BF4FF0004300EE103A704764
:10DD0000114911410B42FAD0DFED0D7A30EE270AAE
:10DD1000B5EEC00AF1EE10FAEFDD002BBEBF4FF4F6
:10DD2000000040FA02F29B1823EA0103E5E7B1F193
:10DD3000FF4FE4D330EE000A70470023DDE700BF59
:10DD4000CAF24971000080BFFFFF7F009FED010A0A
:10DD5000704700BF0000C07F10EE103A33F0004261
:10DD60002AD0B2F1FF4F02D330EE000A704713F011
:10DD7000FF4F22D1224BDFED237A984220EE270A73
:10DD800016DB10EE103AC3F3C752193A1044FE28BE
:10DD900015DDDFED1D7ADFED1D6A10EE103AB0EEF5
:10DDA000677A002BB8BFF0EE667A27EE870A7047D5
:10DDB000DFED177A27EE800A7047D20DE6E70028DC
:10DDC00006DD23F0FF4343EAC05300EE103A7047EC
:10DDD00010F1160F09DADFED0E7ADFED0E6A10EEA4
:10DDE000103AB0EE677A002BDCE7193023F0FF43DE
:10DDF00043EAC0539FED080A07EE903ADAE700BF06
:10DE0000B03CFFFF0000004CCAF24971CAF249F170
:10DE10006042A20D6042A28D00000033704708B539
:10DE200003F089FD4FF47A72A0FB020302FB01317B
:10DE3000C00B40EA4140C90B08BD08B503F07BFDAB
:10DE40004FF47A72A0FB020302FB0131C00B40EADF
:10DE50004140C90B08BDFDF7F1BB38B5002120EAF0
:10DE6000E0744FF4004540F2E7304FF47A7200233B
:10DE7000C4FB0501D2F7C0FFBDE83840FDF7A2BBE7
:10DE8000704708B503F057FD4FF47A72A0FB020308
:10DE900002FB0131C00B40EA4140C90B08BD08B587
:10DEA0000A460021FEF7BCFDB0F1004F71F1FF33CF
:10DEB00006DA02F0BCFA222303604FF0004008BDEE
:10DEC000B0F1004F71F10001F9DB02F0B0FA22234A
:10DED00003606FF00040F2E70A460021FEF744BEFF
:10DEE00003F029BD08B5FFF7FBFF4FF47A72A0FBE2
:10DEF000020302FB0131C00B40EA4140C90B08BDDF
:10DF00000120FDF79BBB014640F2E73008B54FF416
:10DF10007A72002300EBC1304914D2F76DFFBDE8DF
:10DF20000840FDF74FBB7047704770477047704718
:10DF300000207047704770477047704770477047C0
:10DF4000704738B52DED028BD0ED007AF5EE407AB2
:10DF5000F1EE10FA0D461446B0EE408A0DD1D0ED28
:10DF6000017AF5EE407AF1EE10FA06D1D0ED027AA0
:10DF7000F5EE407AF1EE10FA03D0B0EE480ADCF785
:10DF8000A1FCB0EE480A2846DCF7C2FCB0EE480A15
:10DF9000BDEC028B2046BDE83840DCF7F5BC70478D
:10DFA00013B50223044601AA22210020E0F7E6FE71
:10DFB00018B1DDF775F802B010BD9DF804209DF88A
:10DFC00005300AB9802B0CD0BDF9043007EE903A29
:10DFD000FAEEEB7AB3EE077A77EE877AC4ED007A41
:10DFE000E9E70120E7E7FDF729BB014640F2E7300A
:10DFF00008B54FF47A72002300EBC1304914D2F710
:10E00000FBFEBDE80840FDF7DDBA10B50378012B33
:10E0100004460CD180227721002000F0B7F8621C62
:10E020000323BDE8104078210020E0F7BDBE10BDFD
:10E0300013B58DF80400C0F303208DF8050002230A
:10E0400001AA60210020E0F7AFFE0422044665210A
:10E05000002000F09BF8044301D0DDF765FD33207C
:10E0600002B010BD014640F2E73008B54FF47A72B5
:10E07000002300EBC1304914D2F7BEFEBDE80840D2
:10E08000FDF7A0BA13B50223ADF8040001AA1E21C2
:10E090000020E0F789FE022204461621002000F04D
:10E0A00075F8044301D0DEF72FF9332002B010BD1C
:10E0B00013B50223044601AA0C210020E0F75EFEFE
:10E0C00018B1DEF73FF902B010BDBDF80430DBBA7D
:10E0D00007EE903AFAEEEC7AB3EE097A77EE877AA9
:10E0E000C4ED007AEFE7FDF7A9BA07B501238DF873
:10E0F00007200DF10702DEF7A1FB03B05DF804FB7A
:10E100000123DEF7DFBB08B503F015FC4FF47A728C
:10E11000A0FB020302FB0131C00B40EA4140C90BE6
:10E1200008BD13B50223044601AA20210020E0F710
:10E1300025FE18B1E0F700FB02B010BDBDF90430B8
:10E1400007EE903AFAEECC7AB3EE097A77EE877A58
:10E15000C4ED007AF0E730B40C460146134651F89E
:10E16000040B826815682246AC4630BC6047F0B4A8
:10E170000C2707FB0214866814F8045C45F00205BE
:10E1800004F8045CB468A446F0BC604707B58DF899
:10E1900004108DF8052001A90222E0F79BFC03B0D2
:10E1A0005DF804FB08B503F0C6FB4FF47A72A0FBE0
:10E1B000020302FB0131C00B40EA4140C90B08BD1C
:10E1C00008B5062202234C210120E0F747FE18B1D2
:10E1D000BDE80840E1F72CBB08BD08B504220621C4
:10E1E0000120FFF7D3FF18B1BDE80840E1F7B4BD47
:10E1F00008BD08B503F09FFB4FF47A72A0FB020341
:10E2000002FB0131C00B40EA4140C90B08BD08B513
:10E2100003F091FB4FF47A72A0FB020302FB013181
:10E22000C00B40EA4140C90B08BD00B52DED028B83
:10E2300083B0022301AA6E210120E0F79FFDBDF902
:10E24000043008EE103ABAEEEE8A08B1E2F74AFA64
:10E25000B0EE480A03B0BDEC028B5DF804FB01226E
:10E2600008B522211046FFF791FF18B1BDE808401C
:10E27000E2F7DEBB08BD00B52DED028B83B00223B3
:10E2800001AA2E210120E0F779FDBDF9043008EE46
:10E29000103ABAEEEE8A08B1E2F7E8FBB0EE480AAF
:10E2A00003B0BDEC028B5DF804FB08B503F043FB43
:10E2B0004FF47A72A0FB020302FB0131C00B40EA6B
:10E2C0004140C90B08BD10B580220B210120FFF78A
:10E2D0005DFF002204460B210120FFF757FF044396
:10E2E00003D0BDE81040E2F785BF10BDD20003F0B7
:10E2F0006EBB2DE9F04F8BB00C46079313460133EC
:10E30000DB000493083B0993079B009023EAE37327
:10E31000DB00019205934FF00008019B984537DA26
:10E32000059BDDF800B00694E3180893D946C24671
:10E3300026462AE0F6E80223F5E80201D2F7E4F9DE
:10E34000DDE90223D2F72AF8C9E90001013799ED86
:10E35000007B079B9F428DED027BEBDBDDE9053601
:10E360001E44099B8BED007B9B44019B0AF1010A33
:10E37000534509F1080907D1009A049B089C1A44E7
:10E38000009208F10108C8E7069625460027DEE757
:10E390000BB0BDE8F08F2DE9F0410646D700DDE96E
:10E3A00007020C46069901FB002203EBC2054FEA67
:10E3B000C108002C01DCBDE8F081294630463A4610
:10E3C00003F005FB45443E44013CF2E7F8B500EBA1
:10E3D000C306DF000D46144651EC100BD6E90023AE
:10E3E000D1F7DCFF3D443C4400220023C6E9000194
:10E3F000C5E90001C4E90023F8BD2DE9F04F87B05D
:10E400008DED000B8DED021B8B180E46154600EBB3
:10E41000C20700EBC304B54202DB07B0BDE8F08FD2
:10E42000D7E900ABDDE9002350465946D2F76CF935
:10E43000D4E90089CDE90401DDE9022340464946DB
:10E44000D2F762F902460B46DDE90401D1F7A6FFD7
:10E45000E7E80201DDE90001F4E80223D2F754F90C
:10E46000DDE902238046894650465946D2F74CF9E9
:10E4700002460B4640464946D1F78EFF013544E936
:10E480000201C8E72DE9F04F89B0531CD4008DED8F
:10E49000020B8DED041B079304F108030546069358
:10E4A0004FEAC10A0026079B9E4202DD09B0BDE883
:10E4B000F08F04EB050B069B9BED007B5F19D7E902
:10E4C0000023DDE904018DED007BD2F71DF9DDE9C4
:10E4D000022380468946DDE90001D2F715F902469C
:10E4E0000B4640464946D1F759FFCBE90001D7E931
:10E4F0000023DDE90201D2F707F9DDE904238046B4
:10E500008946DDE90001D2F7FFF802460B46404696
:10E510004946D1F741FF0136C7E900015544C2E73A
:10E520002DE9F04FD60089B006F108038DED020BFE
:10E530008DED041B0693CB0004460D460793002780
:10E54000AF4202DB09B0BDE8F08F06EB040B069B7F
:10E550009BED007B03EB040ADAE90023DDE904010B
:10E560008DED007BD2F7D0F8DDE9022380468946A5
:10E57000DDE90001D2F7C8F802460B46404649469D
:10E58000D1F70CFFCBE90001DDE90201DAE9002354
:10E59000D2F7BAF8DDE9042380468946DDE90001B7
:10E5A000D2F7B2F80B46024649464046D1F7F4FE90
:10E5B000079BCAE9000101371C44C1E72DE9F0417E
:10E5C0002DED048B88B01C46149BDDF84880029327
:10E5D00006AB019304AB16460F4600932246139BED
:10E5E00041460546E3F74CFD9DED048B9DED069BF2
:10E5F000B0EE480AF0EE680A434622463146B0EED5
:10E60000491AF0EE691A2846E3F7C4FDB0EE491A3C
:10E61000F0EE691AB0EE480AF0EE680A03462246A8
:10E6200031462846CDE9127808B0BDEC048BBDE830
:10E63000F041D3F789BF2DE9F04F55EC124B87B06D
:10E6400007460E4622462B46204629465BEC13AB76
:10E650008DED000B8DED021BD2F756F85246804629
:10E6600089465B4650465946D2F74EF802460B465D
:10E6700040464946D1F792FEDDE9002380468946AF
:10E6800020462946D2F740F8DDE90223CDE904010E
:10E6900050465946D2F738F802460B46DDE90401E8
:10E6A000D1F77CFE42464B46D2F758F9DDE902230A
:10E6B000C7E9000120462946D2F726F8DDE9002304
:10E6C00004460D4650465946D2F71EF802460B4600
:10E6D00020462946D1F760FE42464B46D2F73EF926
:10E6E000C6E9000107B0BDE8F08F2DE9F04FCC007E
:10E6F00004F1080700238B4201DBBDE8F08F0133F2
:10E7000000F1080622181D468D4201D13844F2E777
:10E71000D2E90089D6E900AB0135C2E900ABE6E8F1
:10E7200002892244F0E72DE9D04300EBC10100EB60
:10E73000C200069A0024D2009C4201DBBDE8D083CF
:10E74000D1E90067D0E900890134C1E90089C0E955
:10E75000006711441044EFE7F0B55A43594300EB0A
:10E76000C10100EBC20000229A4200DBF0BDD1E9FA
:10E770000045D0E900670132E1E80267E0E80245C0
:10E78000F2E70120FCF75ABF08B503F0D4F84FF4C4
:10E790007A72A0FB020302FB0131C00B40EA414048
:10E7A000C90B08BD4FF0FF307047704770474FF0FE
:10E7B000FF30704700207047FF20704770474FF0D0
:10E7C000FF30704700207047002070474FF0FF3047
:10E7D00070474FF0FF30704770474FF0FF30704781
:10E7E000704770477047704710B54B88834202D816
:10E7F000088810BD04310B884C886BB1A042F9D356
:10E8000031F8042C31F8021C001BD21A4243091BB8
:10E81000B2FBF1F2D018ECE7A042F1D21846E8E7DB
:10E820001FB5102269460820E7F7D4F8BDF90200A9
:10E8300040EAE07005B05DF804FB1FB510226946A0
:10E840000820E7F7C7F8BDF9000040EAE07005B01E
:10E850005DF804FB1FB5102269460820E7F7BAF8F7
:10E86000DDE9020105B05DF804FB014640F2E73046
:10E8700008B54FF47A72002300EBC1304914D2F787
:10E88000BBFABDE80840FCF79DBE704708B503F031
:10E8900052F84FF47A72A0FB020302FB0131C00B65
:10E8A00040EA4140C90B08BD014640F2E73008B5D7
:10E8B0004FF47A72002300EBC1304914D2F79CFA6E
:10E8C000BDE80840FCF77EBE09B1E5F7D9BF10B13D
:10E8D0000220E5F79FBF0120FBE708B510B100203B
:10E8E000E6F706F9BDE808400320E5F793BF08B551
:10E8F00008B1E6F7BFF8BDE808400420E5F78ABF95
:10E9000008B510B10120E6F7F3F8BDE8084005208E
:10E91000E5F780BF4FF420300021FCF753BE002004
:10E92000704708B503F007F84FF47A72A0FB0203B2
:10E9300002FB0131C00B40EA4140C90B08BD014652
:10E9400040F2E73008B54FF47A72002300EBC13093
:10E950004914D2F751FABDE80840FCF733BE08B5B8
:10E9600000230B60002002F0CEFE10B100239B6854
:10E97000FFDE4FF0FF3008BD0020704700207047D9
:10E980000020704738B590ED010A90ED027AD0ED85
:10E99000037A2DED028B90ED008A20EE000A08EE3E
:10E9A000080A04460D4607EE070A07EEA70AFEF717
:10E9B00085FAB5EE400AF1EE10FA15D0C8EE007AED
:10E9C000C5ED007A94ED017AC7EE007AC5ED017AC3
:10E9D00094ED027AC7EE007AC5ED027A94ED037ADF
:10E9E000C7EE007AC5ED037ABDEC028B38BD91ED20
:10E9F000016AD0ED017AD0ED006A91ED007A67EE00
:10EA0000867A56EE877AD0ED026A91ED027A46EE6A
:10EA1000C77AD0ED036A91ED037A46EEC77AC2ED6C
:10EA2000007A91ED016AD0ED007AD0ED016A91EDA6
:10EA3000007A67EE867A46EE877AD0ED036A91ED2A
:10EA4000027A46EEC77AD0ED026A91ED037A46EE7D
:10EA5000877AC2ED017A91ED016AD0ED037AD0EDAB
:10EA6000026A91ED007A67EE867A46EE877AD0EDFB
:10EA7000006A91ED027A46EE877AD0ED016A91ED57
:10EA8000037A46EEC77AC2ED027AD0ED027A91EDB2
:10EA9000016AD0ED036A91ED007A67EE867A56EE50
:10EAA000877AD0ED016A91ED027A46EE877AD0ED51
:10EAB000006A91ED037A46EE877AC2ED037A7047D9
:10EAC00003680B60D0ED017AF1EE677AC1ED017A4F
:10EAD000D0ED027AF1EE677AC1ED027AD0ED037AD9
:10EAE000F1EE677AC1ED037A704710B503468CB03A
:10EAF0001446002200921A68019208465A689B68E0
:10EB0000029204A9039308AAFFF7DAFF6946FFF708
:10EB10006EFF0A4608A804A9FFF769FF019B23605E
:10EB2000029B6360039BA3600CB010BDD1ED007A23
:10EB300090ED007A90ED010AD1ED026A37EE677A26
:10EB4000D1ED017A30EE670AD0ED027A20EE000AAC
:10EB500007EE070A77EEE67A07EEA70AFEF7AEB9E8
:10EB600008B52DED028BD1ED016A90ED007AD1ED63
:10EB7000007AB0EE408A90ED010A20EE260A07EEF8
:10EB8000270A90ED027AD1ED027AD0ED036A07EE02
:10EB9000270A91ED037AF0EE407A46EE877AB0EEDE
:10EBA000E70AF7EE007AB4EEE70AF1EE10FA0DDCB0
:10EBB000FEF752F930EE000AB4EEC80AF1EE10FA90
:10EBC0004CBF01200020BDEC028B08BD0120FAE7FC
:10EBD00008B52DED028BD1ED007AD0ED006A91EDF4
:10EBE000017A91ED026A76EEE76AD0ED017A77EE6E
:10EBF000C77AB0EE408A90ED027A27EEA70A06EEB9
:10EC0000A60A37EE467A07EE070AFEF757F9B4EE82
:10EC1000C80ABDEC028BF1EE10FA4CBF01200020B7
:10EC200008BD90ED017AD0ED007A77EE877A90ED0D
:10EC3000027A77EE877AB0EE080A87EE800A70478C
:10EC4000D1ED007A90ED006A91ED017AD0ED026A83
:10EC5000D1ED035A36EE676AD0ED017A77EEC77AC6
:10EC600091ED027A76EEC76A91ED047A27EE877A03
:10EC700006EE257AD1ED055A06EEA57A80ED007AEA
:10EC800091ED077AD1ED065A27EE877A06EE257ABE
:10EC9000D1ED085A06EEA57A80ED017AD1ED0A5A37
:10ECA00091ED097A67EEA57A46EE077A91ED0B7A37
:10ECB00046EE877AC0ED027A7047D0ED017A91ED89
:10ECC000015A90ED004A91ED006AD0ED025AD1ED63
:10ECD000023AD0ED036AD1ED034A27EE857A14EEAD
:10ECE000067A05EEE37A06EEE47A82ED007A26EE05
:10ECF000277A04EE057A05EEA47A03EEE67A82ED31
:10ED0000017A27EEA47A67EEA37A14EE237A44EE12
:10ED1000247A06EE257A45EE657A05EE267A46EEE9
:10ED2000267A82ED027AC2ED037A7047D0ED027A3C
:10ED3000D0ED035AD0ED016AD0ED001AD1ED012AD1
:10ED400091ED002A91ED023A77EEA74A35EEA57AC9
:10ED500064EEA74AB7EE006A2DED048B67EEA63A83
:10ED600065EEA18A27EE257AB0EE465A36EE646A41
:10ED700025EEA64A27EEA10A72EEA20A67EEA57A50
:10ED800076EE475A33EEE86A33EE038A26EE206ABF
:10ED900005EE826A36EEA69A70EE045A09EE665ABD
:10EDA00005EE886A66EEA16A35EE477A82ED006A62
:10EDB00037EEE66A77EEA67A32EE021A73EEA83ADA
:10EDC00034EE404A27EE227A67EEA07A03EE817A8B
:10EDD00044EE017A35EE645A06EE087ABDEC048BF7
:10EDE00045EE037A82ED017AC2ED027A70472DE991
:10EDF000F8432DED048BDDE90C4694ED007AD4ED5B
:10EE0000017AB4EE477AF1EE10FA8146B0EE409AFC
:10EE1000B0EE608A174698464FEA810550D7F4EE67
:10EE2000677AF1EE10FA04F10803F7EE008A44D78E
:10EE300018462A46002102F0F2FDF0EE687A0346F9
:10EE4000C4ED017A4846324609EB050C3146B0EC78
:10EE5000017AD3ED007A77EE877A8445E3EC017A84
:10EE6000D4ED016A87EEA67AA1EC017AEFD1D4ED58
:10EE7000017A68EE270AF4EEC90AF1EE10FA18DBFF
:10EE80003544D7ED007AB2EC017A78EEE77AAA42FF
:10EE900067EE877A04F1080444ED027AD7ED027A2E
:10EEA000D8ED016A77EEE67A67EE877A44ED017A6B
:10EEB000E7D1BDEC048BBDE8F88377EEA87ABFE715
:10EEC00031460544F0EC016AD7ED007A94ED007A02
:10EED00097ED016A06EEA77A854204F10804D8EDA1
:10EEE000007A67EE277A56EE867A14ED016A77EE9D
:10EEF000867A44ED027AD8ED017A97ED026A67EEE0
:10EF0000277A56EE867A44ED017AA1EC017AD9D1BE
:10EF1000CFE7D0ED015AD1ED036AD1ED000A91EDB2
:10EF2000061A91ED047AD1ED057A91ED023AD1ED10
:10EF3000011A91ED072A91ED084A90ED046A90EDCF
:10EF4000050AD0ED063AD0ED072AD0ED084A2DED9E
:10EF5000048B90ED009AD0ED028A90ED038A25EEA5
:10EF6000A65A09EE205A08EE815A82ED005A25EE83
:10EF7000875A65EEA75A49EE035A48EE845A09EEBD
:10EF8000215AC2ED025A66EE865A40EE885A41EE88
:10EF9000005A66EEA26AC2ED035A67EE065A27EEE1
:10EFA000866A27EE227A67EEA27A41EE885A03EE4D
:10EFB000086A40EEA36A01EEA37A43EE237A08EED4
:10EFC000825ABDEC048B42EE005A04EE006A41EE18
:10EFD000246A02EE247A44EE247A82ED015AC2EDCC
:10EFE000045A82ED056AC2ED066A82ED077AC2ED27
:10EFF000087A70470A4601461030FFF75EBE0A469F
:10F0000001460020E8F79CBA836800EBC101B3F524
:10F01000004F2CBF51F8220031F81200704700EB6E
:10F02000C1018068B0F5004F2CBF41F8223021F8B3
:10F030001230704708B50122FFF7E6FFD04008BD47
:10F040008368B3F5004F00EBC10108D34B681AB1D8
:10F0500043F001034B60704723F00103FAE74B884C
:10F060001AB143F001034B80704723F00103FAE724
:10F0700053000122FFF7D3BF8368B3F5004F34BFBD
:10F0800004230823C91A081AC0087047B0F5004FB6
:10F0900034BF042308230731C818C008704708B5D7
:10F0A0000A460121FFF7F2FF0132121AB2FA82F08A
:10F0B000C0F11F0008BD2DE9F041174603220E469E
:10F0C0000446FFF7A1FF8642054607F104080AD16E
:10F0D000E3680122BA4023EA0203E360002344F814
:10F0E0002830BDE8F081314602222046FFF78CFF30
:10F0F0002B460646014644F8285020460322FFF7D7
:10F100008EFF3346294620460222BDE8F041FFF734
:10F1100086BF70B50D4686680446FFF78BFFB6F5CF
:10F12000004F014601D3012809D03046FFF7B7FF51
:10F13000294602462046BDE87040FFF7BCBF70BDBF
:10F140002DE9F047054680688846FFF7A8FF05EBE4
:10F15000800A0646DAF81090B9F1000F1BD0032799
:10F16000DAF8104028462146FFF764FF404507D3F0
:10F17000324621462846FFF79EFF2046BDE8F0872D
:10F18000032221462846FFF73FFF013FCAF810003F
:10F1900001D08145E4D1EB6801364FF0FF34B44033
:10F1A0001C40EAD094FAA4F2B2FA82F2131D55F888
:10F1B0002340DEE72DE9F041144605460E46FFF7F1
:10F1C00039FFA4EB0608371B074442463146284660
:10F1D000FFF74EFF3A4621462846FFF749FF4346D0
:10F1E000002221462846FFF71AFF21462846FFF74E
:10F1F00021FF3B46211800222846BDE8F041FFF7D9
:10F200000EBF2DE9F041164604460F46FFF712FFE8
:10F21000314605462046FFF70DFF05442A4639468C
:10F220002046FFF725FF31462046FFF703FF2B4618
:10F23000311800222046BDE8F041FFF7F0BE2DE96D
:10F24000F0410D4686680446FFF7F4FEB6F5004F20
:10F25000014601D3012832D03046FFF720FF04EBEE
:10F2600080010E6996B9E368012282401343E3608E
:10F2700002220D612B4629462046FFF7D0FE0322CD
:10F2800029462046BDE8F041FFF7C9BE02223146BB
:10F290002046FFF7B9FE2946034607462046FFF7FA
:10F2A000BEFE0322334629462046FFF7B8FE394604
:10F2B0002B462046FFF7B3FE02223146E1E7BDE8C8
:10F2C000F081F8B50C460546FFF7B4FE261801227A
:10F2D00031462846FFF798FEC3070CD4314628462E
:10F2E000FFF717FF21462846FFF7A4FE2146221804
:10F2F0002846FFF786FF002221462846FFF784FEB6
:10F30000271A012239462846FFF77EFE10EA020638
:10F3100013D139462846FFF7FCFE214632462846DF
:10F32000FFF772FE2246211A2846FFF76AFF2146A0
:10F3300032462846FFF768FE241A21462846BDE8D3
:10F34000F840FFF77CBF70B5066809B9002070BDB2
:10F35000B068B0EBD10FF9D9FFF798FE014605462A
:10F360003046FFF7EDFE04460028EFD00146304658
:10F37000FFF760FEA84209D92544214630462A46B7
:10F38000FFF718FF29463046FFF759FF30460122A4
:10F390002146FFF755FEB368B3F5004F34BF042391
:10F3A000082303EBC4031844D1E71146FFF7CBBF92
:10F3B0002DE9F04706460D46174698462BB398F8B8
:10F3C000004093F80190DB78A40004EB430498F824
:10F3D00002301C4444444FF0000ACA4509D3D8F80F
:10F3E000042008F1080339463046AC46BDE8F04732
:10F3F000604714F8013B48F823402046D1F760FDF0
:10F40000013004440AF1010AE7E76FF01500BDE896
:10F41000F08770B5002502462846144614F8013BD3
:10F420000BB9184609E098B18D4207D1702B04D072
:10F43000A3F140023A2A0BD8002070BDA3F1400688
:10F440003A2E05D853780135941C002BE9D00020C2
:10F45000252B08BF80F001002246DEE70020704720
:10F4600030B50C688B6814B14A689A4202DC0133EB
:10F470008B6030BD013A9A4214BF05460025E55421
:10F480008B68F4E700F0EFBC0FB407B504A951F89E
:10F49000040B019100F0E7FC03B05DF804EB04B04D
:10F4A00070470CB407B504AB53F8042B0193E8F78D
:10F4B0006DFD03B05DF804EB02B07047044608B57B
:10F4C000084611461A46A047FCF71CF9EDF79CFBCD
:10F4D000D0E9002130B54FF03333A2FB0324D51817
:10F4E00043EB0405A1FB0313521844EB0304521928
:10F4F00044F10002891843F10003C0E9001330BD54
:10F5000010B50A68002A03460FDD013A0A601A683E
:10F5100044680A20A2FB001200FB0422100F22F014
:10F520007042C3E90012303010BD3020FCE72DE9F5
:10F53000F0410746884615461E461446B44205D398
:10F540000EB1601B08E02378002BFAD014F8010BF1
:10F550004146B8470028F1DABDE8F081002383F383
:10F560001188BFF36F8F0423184602DF70470FB472
:10F5700007B504A951F8040B0191FFF783FF03B00D
:10F580005DF804EB04B0704710B50369024613F050
:10F59000080009D11368D4689C4297BF526AE31AE5
:10F5A000D31A01200B6010BD00231846FAE713B5EB
:10F5B00001A90446FFF7E8FF20B1019BE268013B87
:10F5C00013440193606A019BC01A013802B010BD58
:10F5D00010B5044650182269636AD20702D5013B70
:10F5E000184010BD984228BFC01AFAE710B504466B
:10F5F0000A46C168FFF7ECFF2369E06023F00803C7
:10F60000236110BD38B50D46026A8B00016843F0D6
:10F61000020342F82130044601682A46FFF7D8FF6A
:10F62000E36861682060984202BF236943F00803E1
:10F6300023612A462046FFF7CBFF606038BD2DE9E5
:10F64000F74FC768066A9B4606EB8703009316F8D8
:10F65000273003F00303022B0446884691464FF0FF
:10F6600000030BD01360CBF8003023699B0713D441
:10F670004FF0000A504603B0BDE8F08F56F827104F
:10F6800013608908CBF80030EFD0FFF7AFFFE368D5
:10F69000A3604FF0010AEDE7E3690098984716F878
:10F6A000272012F0010A0546E2D012F002021FD014
:10F6B000B8F1000F03D041462046FFF7A3FF616871
:10F6C0002A462046FFF784FFD4E902219142606078
:10F6D00006D12A462046FFF77BFF4FF0000AA060C4
:10F6E000A2682260E260226942F008022261C1E75A
:10F6F000014620460192FFF779FFE368A360B8F165
:10F70000000F04D02168236A019A43F8212005EBF9
:10F710000802CBF8002021682046FFF759FF236933
:10F72000206043F00803236116F827306FF30003CD
:10F7300006F82730009BC9F80030AAE770B50446E8
:10F740001546FFF745FF2368834205D123692160F1
:10F7500023F00803236170BD226AAB0043F002036B
:10F7600042F82130204661682A46FFF731FF606089
:10F77000F1E738B503695B07044606D5856AFFF7EC
:10F7800016FF85422CBFA562A06238BD08B5EFF315
:10F790001183402383F31288BFF36F8F00F049FE7B
:10F7A000036800220BB9184670478B4210D10B68D2
:10F7B00042B942680360914200D1436000230B606C
:10F7C0000120704713604368994208BF4260F5E723
:10F7D0001A461B68E6E7838B13F0070305D103681D
:10F7E000002B0CBF002003207047022B05D1C08BDB
:10F7F000B0FA80F0400980007047012B05D1036802
:10F80000002B0CBF0020052070470020704710B56A
:10F810000C4600B111B96FF0150010BD081D00F0C5
:10F820002FF80028F9D1A368032BF6D9F3E72DE9C7
:10F83000F0410D4607461946281D90461E46E9F739
:10F8400083FA044638B13346424629463846A44630
:10F85000BDE8F0416047BDE8F08138B50C4605468B
:10F8600058B151B10B6843B14B6833B1202200212C
:10F8700002F0D5F82C61002038BD6FF01500FBE7D1
:10F88000034658B1426802F00302012A03D0032A5A
:10F8900004D1026812B10020986070476FF0150023
:10F8A000704770B50C8806468888241A3069A4B25F
:10F8B000844285B224BF641BA4B22D1BA8B2984217
:10F8C00028BF18463368234413600B8803440B8019
:10F8D00070BD70B4838985880669ED1AADB2731B5B
:10F8E000934228BF134670BC0A46011DFFF7D9BFDB
:10F8F00070B40E460146C58831F80A3FEC1AA3B22F
:10F90000934228BF1346324670BCFFF7CABF10B5FA
:10F910004B880C88E41AA4B294420ED31A4492B2D3
:10F920008B884A800A800069D21A92B2824201D240
:10F93000002010BD03448B80FAE76FF01500F8E754
:10F94000704780EA1020C0EBC01300EB8303C3EBC9
:10F950000313A0EB830083B2C0F3C810584000EB40
:10F960008013C0EB031303EBC30300EB4300C0EBB6
:10F97000800080EA502000F07F00704770B4066875
:10F980008489806A0D0C16FA81F105FB04118468E4
:10F990002468A44670BC60472DE9F0431C46C36A46
:10F9A0001D686D4289B006468846174605F0200559
:10F9B0001CB9204609B0BDE8F083AC42A14628BF7F
:10F9C000A9464B466A4641463046FFF7D7FF002816
:10F9D000F0D16B46484502D1241A8044E8E713F879
:10F9E000012BBA4201D10130F4E70120E2E70B68B4
:10F9F00003F580330B60C0891A0CB0EB134F04BFC2
:10FA0000A3EB02430B60704710B501460446072282
:10FA1000FF20E7F7B3FDE07110BD0368012B81BF44
:10FA2000C91801F1FF315B421940084670472DE9C2
:10FA3000F0410C4605460821C06AFFF7EEFF072299
:10FA400007462146FF206688B4F80480E7F796FD54
:10FA5000E379834208D1A8894644C01BB04294BFD1
:10FA600000200120BDE8F0810020FBE738B5054605
:10FA70000C46FFF7DCFFA0B1A08898B922884FF6AA
:10FA8000FF739A420DD1E86A0821FFF7C6FF62882A
:10FA9000AB899B1AB3FBF0F202FB1030B0FA80F096
:10FAA000400938BD0020FCE7F8B5044623468089AC
:10FAB0000D0C0A0C53F8301B2D0402FB00114FF003
:10FAC000FF3604F50C70984210D1A06AA28900F0AC
:10FAD00051FC50B9E26AA389527929462046FFF7C2
:10FAE0005BFF002818BF6FF00500F8BD5F88BA42C1
:10FAF00008BF1E600433E6E7F7B504460D46C06A4A
:10FB00000821FFF78AFF2968074608232046FFF7E8
:10FB100035FF0646002836D12B683B442B60A2896E
:10FB200099B2D21B91422ED11A0C03BFE28902F185
:10FB3000FF3203EB0241A3F58031296008236A46B6
:10FB40002046FFF71BFFE8B9E36A5A796B4613F8C2
:10FB5000011B8A420CD101300828F8D1636805E006
:10FB60002B68BDF802201B0C1B0413442B600AE019
:10FB700069462046FFF77AFF0028F1D12946204642
:10FB8000E9F75CF90646304603B0F0BD2DE9F043D5
:10FB9000074689B090461E461BB9002009B0BDE853
:10FBA000F0833C688389080C14FA81F100FB03148C
:10FBB000FB6A1D686D4235400CD0B86A83682146E7
:10FBC000D3F804902B46C8470028E7D1761BE4D031
:10FBD0002C44A84432464146684601F0F8FEFD6ACE
:10FBE0002A686979921B0DEB060001F018FFB86ACC
:10FBF0002B688268214655686A46A847CEE738B523
:10FC00000A460D46082341680446FFF7BFFF024637
:10FC100028884FF6FF73984205D0FFF792FE0C300C
:10FC2000636844F82030E06A0821FFF7F6FE636855
:10FC30001B1A6360104638BD13B54FF6FF730022E0
:10FC40000446ADF800308DF806308368ADF8042026
:10FC50006846ADF80230FFF7D7FE69462046FFF749
:10FC6000CEFF02B010BD2DE9F04F044695B0C06A3A
:10FC70000821FFF7D2FE63681B0C1B04054603A98D
:10FC800020460393FFF7B3FEDDF80CB0A6895E446F
:10FC9000761B06AA0823314620460496FFF76EFE1F
:10FCA000021EC0F2B480E36A06AA5979002312F852
:10FCB000010B814240F09A800133082BF7D1A368F1
:10FCC00062682B449A4280F0898059462046FFF7AB
:10FCD000EBFE02469BE0BDF81A30360C36041E449B
:10FCE000049608AA04A92046DDF810A0FFF704FF37
:10FCF0000246002840F08B8008A92046FFF797FEB7
:10FD000018B9019B9A45ECD1D9E7BDF82000FFF75F
:10FD100018FE0C3054F820300593013304BF63689B
:10FD200005930AAA05A92046059EFFF7E5FE0246AF
:10FD300000286CD1BDF82820BDF820309A4227D089
:10FD40006268059B9A42ECD15645DAD1BDF8243061
:10FD5000002BD6D0BDF822704FEA1A431B041F4473
:10FD600008A8A368ADF82230FFF74EFEE36ABDF89D
:10FD700024901E68764206F02006B9F1000F0ED1DD
:10FD800008A92046FFF73BFF02460028B9D03EE015
:10FD90000AA92046FFF74BFE0028D1D0D4E74E45F4
:10FDA000B04628BFC8460CAA434639462046FFF74E
:10FDB000E5FD024658BB4346A1680CAA2046FFF762
:10FDC000E5FE41460246E06AFFF727FEA3680344CA
:10FDD000A360E2B9A9EB08094744CEE72046FFF744
:10FDE0002BFF024600283FF470AF10E0731B06A9FA
:10FDF00020460193FFF73AFE00287FF46CAF04A978
:10FE00002046E9F71BF8024600283FF46AAF104687
:10FE100015B0BDE8F08F13B500240094E9F796FB08
:10FE200002B010BD03785B075FBF03684288C3F36D
:10FE30004A2303EB12105DBF173020F00700800843
:10FE4000002070470020704701F068B90346BFF3F7
:10FE50005B8F53E8000F421C43E800210029F8D1D2
:10FE6000BFF35B8F70471FB50023CDE90201CDE9D9
:10FE700000331A4619461846EAF782F805B05DF8CD
:10FE800004FB0120E9F766BD002070474368DA7182
:10FE900043681960436801225A71E9F74DBD70B596
:10FEA000D2E901369B1B8B420C4615460AD31368D8
:10FEB0000A460146981901F08AFDAB682344AB60FD
:10FEC000204670BD6FF01B00FBE770B50E4615466F
:10FED0001946044618B9BDE87040E9F73BBD33B197
:10FEE000C2F34A231030120D184401F070FDC4E92A
:10FEF00000562046BDE87040E9F754BFF8B5064605
:10FF00000D4614461F4604B9F8BD214628463A4618
:10FF1000B047241A0544F6E710B5426881680446E4
:10FF2000D2E900230068FFF7E9FF636800221A6046
:10FF300010BD13B500240094D4F78EFF02B010BD9D
:10FF40000A2838B504460D4602D10D20EAF7BAF862
:10FF500029462046EAF7B6F8002038BD2DE9F043DF
:10FF6000054687B008460E8891F80090D1F80880C1
:10FF70000C461746EAF77AF8011EC6F38216C9F353
:10FF8000C2091EDB4846E9F71FFF03462146608889
:10FF900051F8102B0196C2F34A22002A01EB020409
:10FFA000C0F30B1008BF00210022CDE90407CDE902
:10FFB0000214009241462846EAF7B2F807B0BDE8BD
:10FFC000F0830023E2E743681B685B680020196147
:10FFD000704743681B681868EAF72EBA70B5436823
:10FFE0001D686B6818690C46E9F790FC21460346CA
:10FFF0000F222868BDE870401847036A1BB11B79BF
:020000023000CC
:100000000B70002070476FF057007047006A30B1E6
:10001000BFF35B8F0068BFF35B8F00F00100704798
:10002000036A5BB1BFF35B8F53E8001F41F001012E
:1000300043E80012002AF7D1BFF35B8F7047036AD1
:100040005BB1BFF35B8F53E8001F21F0010143E870
:100050000012002AF7D1BFF35B8F7047036A3BB1F0
:10006000DB682BB11B6A1879B0FA80F04009704741
:100070000120704770B5056A04460E460DB1032392
:100080002B712046FFF7EAFF98B103212046B047C5
:10009000002802DA10F1860F0BD1012125B9204684
:1000A0003346BDE87040184729712046B047002309
:1000B0002B7170BD10F0700F00F07F0201D0EAF7D5
:1000C00047BC10F0800F18BF1032012090407047DD
:1000D0002DE9F84306460F469046994604254B46BF
:1000E000424639463046EEF7B9FA10F10B0F044696
:1000F00003D1FBF781F9013DF1D12046BDE8F8833A
:10010000006840B150F8043C5B688B42A0F10400E9
:1001100001D04068F5E77047006850B150F8043CE2
:100120005B685B689B788B42A0F1040001D040685B
:10013000F3E7704730B5006888B150F8043C5B685D
:100140001A6A1D7F04380023043ADCB2A54201D8A4
:100150004068F1E7013312F833408C42F5D130BDED
:1001600008B5EBF739FA28B1406810F1100F14BF49
:100170000020012008BD4B1CDBB28170817680F825
:100180002530C37600F8061C704750E90231D0F8DC
:100190009C0018470369002283F84A2070470369CE
:1001A00093F84A0050B193F8480038B1D3F8902042
:1001B0009388918910695B1A9BB2C01A70470369D2
:1001C000002283F84B207047036993F8490008B177
:1001D00093F84B00704708B50246FFF7F5FF30B9BA
:1001E0001046FFF7DCFF003818BF012008BD0120D2
:1001F000FCE70369C3E9001270470229036908D0CC
:1002000004290BD001290ED1D3F8943013600020BB
:10021000704793F89B30C3F34003F7E793F89B30A4
:1002200003F00103F2E76FF08500704708B540293D
:1002300003693FD013D8102932D006D801291ED027
:10024000082920D06FF0120008BD2029FAD193F8B8
:100250009C1001F0FB0152B341F0040127E0B1F51D
:10026000807F30D0B1F5007F36D08029EAD193F875
:100270009C1001F0EF01D2B141F0100117E0C3F87A
:1002800094200020E0E793F89C1001F0FE010AB1F1
:1002900041F0010183F89C100121EBF795FCF0E798
:1002A00093F89C1001F0FD010AB141F0020183F8BE
:1002B0009C10F2E793F89C1001F0F701002AF6D0A9
:1002C00041F00801F3E793F89C1001F0DF01002AE8
:1002D000EDD041F02001EAE793F89C1001F0BF0156
:1002E000002AE4D041F04001E1E770B50469054619
:1002F000D4F88C00E8F772FD94F8A0300646B3B14C
:10030000D4F88C209388918912695B1A9BB2D31A16
:100310003F2B0CD994F89E3033B16B681B6A224690
:10032000187B0021EBF7E6FC002384F8A030304670
:1003300070BD08B50122FFF7D8FF013818BF4FF094
:10034000FF3008BD0269D2F8901088898B8809694E
:100350001B1A9BB2994204BF002382F84830D2F89E
:100360008C30D9885B89994204BF002382F84930D8
:10037000012070472DE9F0418768FB6804460D466F
:1003800016469847BB682BB1324629462046BDE841
:10039000F04118476FF05700BDE8F08108B5002024
:1003A000E8F7A8F801460068EBF76ABE08B5EBF776
:1003B0004BFFBDE80840EBF74BBF00210120EBF7F6
:1003C0005FBE61B662B680F31188BFF36F8F70476E
:1003D00072B6002383F31188BFF36F8FBFF34F8F83
:1003E00030BF62B6BFF36F8F704772B6002383F3DE
:1003F0001188BFF36F8FBFF34F8F20BF80F3118839
:10040000BFF36F8F62B67047202809D9B0F1004F53
:1004100008D80138B0FA80F0C0F11F0040007047E2
:10042000082070473E2070474FF0FF307047F8F7C4
:10043000AFBF08B500224FF480214FF00050F5F710
:100440005DF8F1F7EDFE4FF080430122C3F800257F
:10045000BFF34F8F20BFFDE78170704700207047CA
:1004600038B50025044680F80C5429464FF48062C4
:100470000C3001F0D4FA294604F20D404FF480729A
:10048000BDE8384001F0CBBA2DE9F041836805465C
:1004900083B3DB6873B30024D0F8107500F20C4806
:1004A00000F10C06224618F8013F0134A4B2E3B172
:1004B0003068411C4FEA830CC1EB8303002BB8BFAB
:1004C0005B42012B31600CDC3AB93260AB682146EB
:1004D000DB6838469847012207E06145FBD1306070
:1004E000F9E7614501D1002AF9D1B4F5807F06F121
:1004F0000406D8D1BDE8F08143685B680020D9715B
:100500007047036942685B6852681374C3F307233A
:1005100053740020704710B50369C0E90533002308
:10052000C360837F044613B1407AEFF795F9012346
:10053000237700236377E377A37710BDF9F74CBAED
:10054000F9F700BB38B50446EDF7A8F9054660B1E8
:10055000037A6BB120460024EFF722FA2846AC77E5
:10056000FFF7D9FF2C72204638BD6FF01500FBE76E
:100570006FF07700F8E770B504460E461546EEF7C3
:100580001FF930B906B925B12046BDE87040EEF735
:1005900083B970BD10B50C46EEF758FAEFF311832E
:1005A000402282F31288BFF36F8F02692260027BC0
:1005B0002AB9807D83F31188BFF36F8F10BD0420AB
:1005C000F8E7F9F79DBCF8B5069F0469C9B2EFF3E7
:1005D0001186402585F31288BFF36F8F0C25694380
:1005E0000C44A56C05F0070CBCF1010F0BD1A764FE
:1005F00086F31188BFF36F8FC4E9102343685B58FB
:1006000098470020F8BD05F0C005AF4286F3118879
:10061000BFF36F8F0CBF6FF077004FF0FF30F1E743
:1006200013B580240094FFF7CEFF02B010BD00691F
:10063000CBB200EB4310002110470020F5F71CB8A7
:100640000020F5F783B81046F9F75ABC8022EFF77F
:1006500051BD10B50346BFF35B8F53E8000F40EA6E
:10066000010243E80024002CF7D1BFF35B8F10BDDB
:100670000A2810B5044602D10D20EFF72BFFE0B297
:10068000EFF728FF204610BD2DE9F3411C469046A8
:10069000002382682360A36053690D4601AA69465E
:1006A0009847019B5A1E019223B96FF0150002B0C2
:1006B000BDE8F0810098A26847682168676085B945
:1006C000A8EB02030668B34228BF33461A4403FB73
:1006D00007112160A26002689A4206D80830009093
:1006E000DFE76B1AB3FBF7F3ECE70020DFE7134615
:1006F0000022FFF7C9BF4FF400020023C1E9002325
:100700000020704718B901F11000F9F7F9BB7047E4
:100710007FB5FF238DF803300DF103030021019312
:100720000123CDE9023105238DF80C3003A801AB7C
:1007300004910593F0F740F90028A8BF9DF8030045
:1007400007B05DF804FB1FB5002188420CBF0623EB
:10075000042301A8CDE9011103918DF80430F0F7CD
:100760002BF9002818BF6FF0040005B05DF804FBFA
:1007700013B501AA044600F012F9002805DB019B1D
:10078000226819791868F1F735FB02B010BD4FF0F7
:10079000FF324FF0FF33F9F717BC38B50569BFF3E7
:1007A0005B8F044605F1200353E8001F013143E845
:1007B0000012002AF8D1BFF35B8F2069FFF7E7FF33
:1007C0006B6A23B92046BDE83840FFF729BC38BD25
:1007D00010B50269BFF35B8F044602F1200353E8B2
:1007E000001F013943E800100028F8D1BFF35B8FE8
:1007F000536A2BB909B9F6F731FC2046FFF71FFC05
:100800002069BDE81040F9F77BBB10B50C4600F03D
:100810007AFD0023C4E90003184610BD38B505462B
:100820000C4600F070FD002D07DBA84205D9401BE7
:1008300084428CBF0020012038BD0020FCE770B549
:100840000D462846194616461C46FFF7E7FF28B90D
:1008500021462846BDE87040F0F712BD24B122467B
:100860002946304601F0B3F8002070BD43685B684C
:10087000D3F810350B600020704743685B6802EACC
:10088000010021EA0201C3F80805C3F80C15002095
:10089000704743685B680020C3F8081570474368D9
:1008A0005B680020C3F80C15704743685A68D2F89B
:1008B000043521EA03000B40C2F80805C2F80C35E4
:1008C0000020704701298CBF6FF085000020704721
:1008D00013B54FF080520829136E526E28BF0821BD
:1008E00012BA00921BBA0C460A466946019301F0FF
:1008F0006EF8204602B010BDF1F722BA00220121A5
:100900000320ECF723BA38B50446056901221146E5
:10091000284600F06DFF012205F11000002100F0D3
:1009200067FF2046BDE83840F1F7CAB90069F9F71A
:100930004BBB0069F9F7E4BA13B501AA044600F00D
:100940002EF8002805DB019B226819791868F1F759
:1009500051FA02B010BD10B544680021606AFFF77B
:10096000EBFF2046BDE81040F7F7F6BF10B544682E
:100970002046F8F715F8606A0121BDE81040FFF73E
:10098000DBBF08B529B1012906D1FFF7E4FF00203C
:1009900008BDFFF7EBFFFAE76FF08500F8E730B529
:1009A00043681360057A446804EBC504A34202D38C
:1009B0006FF0010030BD5C798C4201D00833F0E764
:1009C0000020F7E770474368DB6B0020C2E9003086
:1009D000704713B501AA0446FFF7E1FF002805DBC5
:1009E000019B226819791868F1F704FA02B010BD6A
:1009F0000129F7B5044632D147680021B86BFFF7EB
:100A0000E8FF002635463B6805F5AC7253F8223006
:100A1000002B0EDB01A80193F1F7BCFA019AD0F884
:100A20000435D34013F001031CBF0123AB40334313
:100A3000DEB20135042DE6D1002301206268916AFF
:100A400000FA03F232420CBF01220022D20321F845
:100A500013200133042BF1D1002003B0F0BD89B97C
:100A600045682846F5F7C4FE2846F5F7F7FE002846
:100A7000FAD0236900221A605A60A86B0121FFF79F
:100A8000A8FFE9E76FF08500E7E74368586870471B
:100A90004FF0FF324FF0FF33F8F79EBFF9F752B82F
:100AA0002DE9F041D0F80480044600691F460E4647
:100AB0001546FFF7EDFFD8F800103A4631442846B6
:100AC00000F085FF2069FFF7E9FF0020BDE8F08115
:100AD0002DE9F041D0F80480044600691F460D4618
:100AE0001646FFF7D5FFD8F800003A4631462844AD
:100AF00000F06DFF2069FFF7D1FF0020BDE8F08115
:100B000038B5456804460069FFF7C2FF6A6828687F
:100B1000002100F084FF2069FFF7C0FF002038BDEE
:100B200008B5006900F046FE002008BD436858681B
:100B300070474FF0FF324FF0FF33F8F74DBFF9F732
:100B400001B82DE9F041D0F80480044600691F4641
:100B50000E461546FFF7EDFFD8F800103A4631442F
:100B6000284600F034FF2069FFF7E9FF0020BDE8C8
:100B7000F0812DE9F041D0F80480044600691F4659
:100B80000D461646FFF7D5FFD8F800003A46314625
:100B9000284400F01CFF2069FFF7D1FF0020BDE8CA
:100BA000F08138B5456804460069FFF7C2FF6A68FE
:100BB0002868002100F033FF2069FFF7C0FF002004
:100BC00038BD08B5006900F0F5FD002008BD437987
:100BD000014623B151F8060B83681B6818476FF074
:100BE0008500704743681B68D3F88004C3F880040D
:100BF000704742681368D3F8100150B1D2690020E1
:100C000012780A70C3F81001D3F8102101221A607B
:100C100070474FF0FF307047002A0FDD42681368BD
:100C2000D3F8100158B10020C3F81001D269D3F8ED
:100C3000100112780A700120186070470020704778
:100C400010B5436819680369EFF31182402080F3FF
:100C50001288BFF36F8F1868002484731B6801200B
:100C6000D8734FF48003C1F8043382F31188BFF3C3
:100C70006F8F10BD03691A68012191731B680022F0
:100C8000DA737047026911680346C87B40B15B683C
:100C90001B68D3F8580118B100234B611368988979
:100CA000704743681B68D3F81001003818BF012053
:100CB000704743681B681022C3F8042370474368D9
:100CC0001B681022C3F80823704743681B684FF461
:100CD0000072C3F80423704743681B684FF4007226
:100CE000C3F80823704738B543681D68D5F8043346
:100CF0005B02044605D4D5F8040310F0100006D1B9
:100D000038BDFFF7BFFF0028F5D00120F8E72046E7
:100D1000FFF7C7FF003818BF0120F1E70120704737
:100D20000369186801601B685A60704773B54368AF
:100D30000E460DF107011C681546FFF75EF99DF898
:100D400007306BB9C4F84465C4F84855C4F820317D
:100D5000D4F82021C4F85831D4F858310123A360C5
:100D600002B070BD02680346D2F8580140B95B6812
:100D7000DB0706D4D2F82001003818BF01207047E5
:100D800001207047F8B5066933689C89BFF35B8F13
:100D90009442A8BF144605461433012253E8000FBD
:100DA000002803D143E80027002FF7D1BFF35B8F62
:100DB0000CBF134600231ED133682246986800F00A
:100DC00006FEEFF31187402383F31288BFF36F8F82
:100DD0006868FFF7C7FF336838B95861044687F37E
:100DE0001188BFF36F8F2046F8BD996822462846C8
:100DF000FFF79CFFF3E71C46F5E710B44368026970
:100E00001B68D3F80413C90517D5D3F82011A1B175
:100E1000EFF31181402484F31288BFF36F8FD3F86E
:100E2000204134B10024C3F82041D3F820410124EB
:100E3000DC6081F31188BFF36F8F1168D3F85841DC
:100E400071B184B100244C611168C97B19B94FF4A8
:100E50008001C3F8081311688C7B24B100238B73C5
:100E60005DF8044B7047D3F8241121B10021C3F879
:100E70002411D3F8243112681368002BF0D0516884
:100E80005DF8044B184713B501AA0446FFF787FD28
:100E9000002805DB019B226819791868F0F7AAFF82
:100EA00002B010BD01292DE9F84305460E4624D1B4
:100EB00043680021D868FFF7E6FF6F682D693C683A
:100EC000F8680021FFF7DFFF0823C4F800353B7AFC
:100ED00083B9FA69C4F83425C4F83865C4F8103108
:100EE000D4F8103126602B6823B11B7C13B110237A
:100EF000C4F804330020BDE8F883002963D1D0F89A
:100F00000480D8F80040D4F84C3123B3026911684A
:100F100051B1D4F80433C3F300130B7413681B7C72
:100F200013B11023C4F8083301236360D4F84431AB
:100F3000002BFBD00023C4F84C31D4F84C21C4F86A
:100F40004431D4F84421C4F81031D4F81021C4F845
:100F50002431D4F824316A68D2E9006313F001091E
:100F600017D14FF48073C6F808334FF47A77686866
:100F7000FFF7F8FE20B9012000F0F4F8013FF6D1A8
:100F8000D6F858312BB9C6F82031D6F820310123D4
:100F9000F3604FF47A75D6F8583123B9012000F088
:100FA000E1F8013DF7D1B9F1000F03D14FF480739F
:100FB000C6F80433D8F80C000121FFF764FF0023C2
:100FC000C4F8003596E76FF0850094E707B50DF19A
:100FD0000701FFF712F89DF8073003F0FD03012B1E
:100FE00014BF6FF00F00002003B05DF804FB002277
:100FF00001212F20EBF7AABE10B50B6813B91360BF
:10100000184605E003685C681CB114600368186842
:1010100010BD083303600B68013B0B60EDE713B5AF
:1010200001AA0446FFF7BBFC002805DB019B2268F0
:1010300019791868F0F7DEFE02B010BD012970B50D
:101040000C4606D14368D86B0021FFF7E8FF00206B
:1010500070BD61B90669456896F85D3023B12846D0
:10106000F7F79AF886F85D40E86B0121EDE76FF03D
:101070008500EDE710B503680446DBB19868C8B198
:1010800049B1197B0122F1F7D5FC23681869BDE845
:10109000104000F034BB12B99A88D2040AD41869FF
:1010A00000F02DFB23680022BDE81040197B9868F2
:1010B000F1F7C0BC10BD10B5012200210446FFF7B6
:1010C000D9FFA36933B9636004F11000BDE8104093
:1010D000F8F716BF10BD10B5006903688B4206D142
:1010E00090F85C4034B9FFF7E6FF204610BD6FF082
:1010F0001500FBE76FF00F00F8E738B50569044607
:10110000296305F12000F8F7FBFE002285F85C203A
:1011100020691146BDE83840FFF7ACBF08B5F2F7CB
:1011200083F908BD036893FAA3F318061A0A40EA84
:10113000136002F47F421B02104303F47F03184341
:10114000704708B5CFF7C4FE002008BDFBF7E6B92D
:1011500008B5EAF7A9FEEAF77DFFBDE80840FBF70E
:10116000DDB9004700F0CBBA0001090400F180406E
:1011700012B1C0F804197047C0F808197047C000D0
:1011800000F1804000F5F830C0F81015C0F81425C3
:101190007047F5F753B943090AD0012B0BD14FF62D
:1011A000FF7300F01F0023FA00F000F00100704709
:1011B0004FF0FF33F5E7002070472DE9F341019030
:1011C00001A8DDE908580C4617461E46F4F722FB35
:1011D000019B391E18BF012100EB8300231E18BF9D
:1011E0000123002E43EA410314BF0C210021002DEE
:1011F00043EA010314BF4FF4E0610021B8F1000F8E
:1012000043EA0103D0F8002714BF4FF44031002116
:101210000B4322EA030304B124780FB13F787F0027
:101220001C430EB13678B6003C438DB129780902D3
:101230003443B8F1000F03D098F800804FEA084813
:10124000214341EA0801C0F8001702B0BDE8F0816F
:101250002946EDE71FB50DF10F03019300238DF82B
:101260000F1000931A461946FFF7A7FF05B05DF867
:1012700004FB08B50146F4F73DFB10B10846F4F74E
:1012800053FB00F0010008BD38B5054608460C4682
:10129000F4F74AFBB0B10846F4F72CFB90B90846C6
:1012A000F4F71CFB2A6801238340C2F808332A683C
:1012B00003B202EB8303D3F8102522F00302C3F834
:1012C000102538BD20460021BDE83840FFF7C2BFD9
:1012D000F4F702BCFFF7D8BF0846F4F78FBB03460C
:1012E00008464FF080510A6949694A43934208D33E
:1012F00040B1A3F11023B3F5427F2CBF00200120A1
:101300007047012070474FF080531A695869504365
:1013100070474FF08053186970474FF080535869F9
:10132000704700F180431A68002A1FBF00221A602C
:101330001B68012008BF002070474FF080434FF426
:101340006072C3F8042370474FF080434FF460721B
:10135000C3F80823704708B5F4F7DEFFBDE808407E
:10136000F4F70EBA30B5A2F58075AD080124AC4093
:101370000C4207D0815829B10021815082581A6847
:1013800022431A6030BD13B500230C4601934FF47D
:10139000887201ABFFF7E6FF21464FF48A72FFF730
:1013A000E1FF21464FF48E72FFF7DCFF21464FF438
:1013B0008272FFF7D7FF21464FF48472FFF7D2FF06
:1013C00021464FF48672FFF7CDFF4FF48C72214611
:1013D000FFF7C8FF019802B010BD30B502240C72AF
:1013E000CA6004680125C4F80055096879B112F093
:1013F000040F0CBF82219221150748BF41F0200144
:10140000D406046848BF21F08001C4F800139B0093
:101410000168083312F0800006BF0122CA50C818C4
:1014200030BD0021F5F756BB0223F5F7B5BA03230B
:10143000F5F7B2BAA1F5807310B59B08012404FA40
:1014400003F318400CD001F1804101F5E041086838
:1014500030B1002008600968116819431160204606
:1014600010BD08B500210120F5F77AFF0028F9D05A
:1014700008BD70B5A2F58074A408012606FA04F42C
:10148000054614EA010008D0A85830B10021A9503F
:10149000AA581A6822431A60304670BD2DE9F341FC
:1014A000002304460D460193904601AB4FF4A6720B
:1014B000FFF7DFFF4FF4827229462046FFF7D9FF7E
:1014C0004FF48C72074629462046FFF7D2FF0646A6
:1014D00030B1B8F1000F1DD017B1D4F83C353E46FD
:1014E00001AB4FF4887229462046FFF7C2FF30B1A6
:1014F000B8F1000F03D016B90FB1D4F83C3501ABE9
:101500004FF4907229462046FFF7B3FF019802B0CE
:10151000BDE8F0814646E3E707B5019001A8F6F77C
:101520003BFC019A01239340C0F8083503B05DF8F5
:1015300004FB07B5019001A8F6F72EFC019A0123E0
:101540009340C0F80C3503B05DF804FB91F82020FF
:101550000346032A29D8DFE802F0212519028A6808
:10156000500304D5D3F84C250869904207D18A6806
:1015700052031AD4D3F84C258969914215D0002022
:101580000622C3F80005C3F800257047D3F84C25A0
:1015900008699042F3D1D3F83C25EDE7D3F84C2508
:1015A0000969EAE7D3F83C25FAE70120704730B52E
:1015B000A2F58075AD080124AC400C4207D08158DB
:1015C00029B10021815082581A6822431A6030BD27
:1015D00013B500230C4601934FF4A47201ABFFF73F
:1015E000E6FF21464FF48272FFF7E1FF21464FF4F8
:1015F0009272FFF7DCFF21464FF4A872FFF7D7FF86
:1016000021464FF4A672FFF7D2FF21464FF4B07285
:10161000FFF7CDFF4FF4AE722146FFF7C8FF0198E8
:1016200002B010BD07B5019001A8F7F7F1FC019ACF
:1016300001239340C0F8083503B05DF804FB03694B
:10164000C26893429CBF81685B18013B981A70473F
:101650002DE9F041D0E902840546A8EB0406406874
:10166000964220440F46144404D900F0B0F9EC60CF
:10167000BDE8F0813246A4EB080400F0A8F96868E0
:101680002246B919F1E72DE9F843C56806468946AF
:1016900017464FF000083369B46870689D4228BF50
:1016A0001B19641BBC4203F1FF3328BF3C465B1B84
:1016B0009C4228BF1C4649462844224600F087F930
:1016C000B3682544AB4208BF00253F1BA044A1449A
:1016D000F560E0D14046BDE8F88308B5F7F7F4FDC2
:1016E000002008BDEFF31180402383F31288BFF37D
:1016F0006F8F704780F31188BFF36F8F704708B109
:10170000EBF790BE704740B1C368587810F0010005
:101710001EBF1878B0FA80F04009704710B54369D1
:10172000044633B90020E268537843F00103537054
:1017300010BD98470028F5D00028B8BF4042E368A4
:10174000FF28A8BFFF201870EDE700F068B900F08F
:101750003EB98169C36843EA010212F003020FD166
:1017600002614269013A01FB0233C2689A4201D91F
:101770000020704702691A60826903619B1AF4E7CE
:101780006FF01500704710B5C0E905320023C16045
:10179000C36183600446FFF7DCFF0028A8BFC4E9EB
:1017A000004410BD90F90E308B4201D0F9F714BC03
:1017B0000020704703460020C3E90200C3E900335C
:1017C000704710B5044630B10268930703D04468EF
:1017D00009B100F0DAF8204610BD07B501230093E7
:1017E00000230A461946F8F771FA03B05DF804FBC6
:1017F0003AB18A4205D3C0E90212C0E900000020D4
:1018000070476FF015007047026801238B4022EA91
:101810000303036022FA01F000F00100704720B1D9
:1018200000221146EC30FAF7F5B8704710B5F8F71A
:1018300051FE041E08DDEFF31180402383F312886C
:10184000BFF36F8FF9F7FEFC204610BDEFF3058064
:10185000003818BF0120704760307047D0E900326F
:1018600013605A600023C0E90033704738B504465E
:101870000D46F9F759F8637B43F002036373E5B152
:10188000A5602B689D4209D16B68C4E900531C60B8
:101890006C6012E06A689A42F6D01B68002BF3D0A5
:1018A00094F90E2093F90E108A42F3D09142F1DDA3
:1018B0005A68C4E9003214605C6038BD01211838F0
:1018C000F9F7A2BA10B50446F9F768FA04F118005E
:1018D000BDE81040FAF7FEBA38B504680546AC42D8
:1018E0004FF0000000D138BD002CFCD02046FFF79F
:1018F000E9FF2046F9F746F92C680120A542F1E7F7
:1019000008B50246FAF7EEF970B1D0E904319B1A36
:1019100061EBE272B3F1004F72F1000104DA002AC8
:10192000ACBF1846002008BD6FF00040FBE708B5CB
:10193000FAF7AEFB08BDFAF7ABBB0023C0E908120B
:1019400000F11802C0E90622C0E9003303634363D3
:10195000704710B50446FAF7BDFAA8B9636A0BB12F
:101960002046984704F11800F9F7FAFA60B1F9F740
:1019700009F9EFF31180402383F31288BFF36F8FCF
:10198000BDE81040F9F75EBC10BD20B1011F50F852
:10199000040CFAF76BBD704710B400F10C04C0E9F9
:1019A0000344002444615DF8044BE5F737BE10B5ED
:1019B00001390244904201D1002005E0037811F87A
:1019C000014FA34201D0181B10BD0130F2E70A44B9
:1019D000914200F1FF3300D1704710B511F8014B6F
:1019E00003F8014F9142F9D110BD884210B501EBC7
:1019F000020402D98442234607D8431EA14208D0DC
:101A000011F8012B03F8012FF8E7024401468A423E
:101A100000D110BD13F8014D02F8014DF7E7024463
:101A20000346934200D1704703F8011BF9E7C9B29E
:101A30000346184613F8012B12B18A42F9D17047B8
:101A4000002918BF0020704710B50139034632B194
:101A500011F8014F03F8014B013A002CF7D11A4459
:101A60000021934200D110BD03F8011BF9E710B526
:101A7000024601448A42134603D01C780132002CEE
:101A8000F8D1181A10BD10EE103A23F0004300EE02
:101A9000103A7047FBF7E8BBB1EEC00A704751EC53
:101AA000100B024621F0004343EC102B704782B02C
:101AB0008DED000B019840F0004000F58010C00F44
:041AC00002B07047B9
:081AC400D6F4FC7F01000000D4
:101ACC00E1D301000000000000000000141C030022
:101ADC00DB160300000000004D9702000000000020
:101AEC002DC402000000000000000000381C0300A0
:101AFC00000000005C1C0300431103000000000008
:101B0C004D1103000000000000000000A41C0300A5
:101B1C0000000000801C03006504020000000000AF
:101B2C00E504020000000000853602000000000001
:101B3C007197010000000000A1D30100000000001B
:101B4C0000000000EC1C030000000000101D03004E
:101B5C0000000000341D030000000000581D0300AD
:101B6C00EDBD01000000000000000000C81C0300D7
:101B7C005111030000000000F1C40200000000003D
:101B8C00000000007C1D030000000000A01D0300ED
:101B9C00000000000C1E030000000000C41D030028
:101BAC0000000000E81D030000000000301E0300D0
:101BBC00C5D901000000000000000000781E0300E1
:101BCC0000000000541E03006185000000000000AE
:101BDC0055790000000000005D8B00000000000043
:101BEC000538010000000000B542010000000000B3
:101BFC001FE90200000000001D570100000000005A
:081C0C00695A0100000000000C
:101C1400DFAF0300842E030040230300EA0C0020FE
:101C24009053002091010200000000000000000019
:101C34000000000073B30300382F03009C2203004C
:101C4400F00C002020540020C51502000000000004
:101C5400000000000C0A002081B30300502F030091
:101C64009C220300F20C00202C540020C515020015
:101C740000000000000000001C0A002064A2030011
:101C8400580F00205C230300E40C002070050020A2
:101C940081BB010000000000000000000000000003
:101CA400B4B8030080300300A8230300040D00200F
:101CB4006C0A0020D128020000000000000000008F
:101CC4005C0A00204A5103007C0F0020702E0300A0
:101CD400E60C0020D04300205D0403000000000057
:101CE40000000000000000004DB60300383003007F
:101CF400E0220300F80C002064540020210B0300B0
:101D040000000000000000000000000060B60300B6
:101D140040300300E0220300FA0C00207854002035
:101D2400210B030000000000000000000000000080
:101D34008DB6030048300300F0220300FC0C0020A1
:101D44008C540020C30B03000000000000000000BE
:101D5400000000008DB6030050300300F0220300A1
:101D6400FE0C0020A0540020C30B03000000000060
:101D740000000000000000003CB20300A42E030099
:101D840084220300EC0C0020E40900205D0B020017
:101D94000000000000000000D409002095AF0300FB
:101DA4000000000060220300E80C00200000000096
:101DB40051FC0100000000000000000000000000D1
:101DC400E7B20300000000006C220300EE0C0020C8
:101DD40000000000C5120200000000000000000026
:101DE4000000000079B40300682F0300C022030040
:101DF400F40C00203854002007090300F9080300FC
:101E0400000000002C0A002037B60300C42F030092
:101E1400D8220300F60C00205C540020E91F0200C5
:101E240000000000000000003C0A00203BBB03004F
:101E3400DC30030038230300060D0020A40A002030
:101E4400812A0200CD0F030000000000940A002044
:101E5400EBB603000000000000230300000D002087
:101E6400B45400203D2302000000000000000000E4
:101E74000000000063B80300583003001C23030073
:101E8400020D0020882F00205525020000000000CC
:081E9400000000004C0A0020D0
:101E9C00571303006311030000000000BB03030091
:101EAC00A41C0300FB0D0300698E020063110300E8
:101EBC0000000000BB03030000000000BB03030094
:101ECC00AD5F0200631103007D7B02006311030010
:101EDC0000000000BB03030000000000BB03030074
:101EEC0000000000BB03030000000000BB03030064
:101EFC00541E03007D22020000000000BB030300FF
:101F0C0000000000BB03030000000000BB03030043
:101F1C0000000000BB030300000000006D34020051
:101F2C0000000000BB03030000000000BB03030023
:101F3C0000000000BB03030000000000BB03030013
:101F4C0000000000BB03030000000000BB03030003
:101F5C0000000000BB03030000000000BB030300F3
:101F6C0000000000BB03030000000000BB030300E3
:101F7C00996802006311030000000000BB0303001A
:101F8C0000000000BB03030000000000BB030300C3
:101F9C0000000000BB03030000000000BB030300B3
:101FAC0000000000BB03030000000000BB030300A3
:101FBC0000000000BB03030000000000BB03030093
:101FCC0000000000BB03030005F0010063110300D7
:101FDC0000000000BB030300A971020063110300A1
:101FEC0000000000BB03030000000000BB03030063
:101FFC0000000000BB03030000000000BB03030053
:10200C0000000000BB030300C9840200631103003D
:10202000C82300208083002000010000015E010021
:10203000000000000000000000000000060000009A
:1020400000000000D797030000000000000000001F
:10205000E8180020006E00200004000099940000A1
:10206000000000000000000000000000060000006A
:1020700002000000C957030000000000000000003B
:1020800000150020006300200002000021760000FF
:102090000000000000000000000000000800000038
:1020A00002000000AF430300000000000000000039
:1020B00018210020807F0020800000008BE80200B3
:1020C000000000000000000000000000060000000A
:1020D0000000000015940300004000000000000014
:1020E000F015002080650020000200009D800000A7
:1020F00000000000000000000000000006000000DA
:1021000000000000B94503000000000000000000CE
:10211000501F0020807800200002000031440100A0
:1021200000000000000000000000000006000000A9
:1021300000000000609003000000000000000000AC
:1021400038200020007B002000040000C14C01006A
:102150000000000000000000000000000600000079
:1021600000000000059403000000000000000000D3
:10217000381D0020807200200001000001350100A0
:102180000100000000000000000000000700000047
:1021900000000000AD8B0300000000000000000004
:1021A000D8220020008200200001000045540100D8
:1021B0000000000000000000000000000600000019
:1021C00000000000ED94030000000000000000008B
:1021D000F82100208080002000010000115401003F
:1021E00000000000000000000000000006000000E9
:1021F00000000000D7940300000000000000000071
:10220000A82400200085002000010000B157010033
:1022100000000000000000000000000006000000B8
:1022200000000000E897030000000000000000002C
:10223000882500208086002000020000DD5F01006C
:102240000000000000000000000000000600000088
:1022500000000000F79703000040000000000000AD
:0C226000E1FA010065FE010058020000D8
:10226C003F08030059140200711302007912020096
:10227C000B08030069120200350F0200F10D020079
:10228C00A1100200B1090200F7060300A109020027
:10229C00951702006D0803007B08030093080300E8
:1022AC009F080300AB0803007116020045150200DD
:0422BC00000000001E
:1022C000B91B020000000000CD1902000000000050
:0822D00000000000651B020084
:0822D80069200200C7090300A0
:1022E0008B0A0300A10A0300D10A0300010B0300BB
:1022F0002D0B0300430B0300730B0300A30B030020
:102300000000000000000000000000009522020014
:102310005122020000000000000000000000000048
:102320000000000000000000D1240200ED230200A4
:082330000000000000000000A5
:08233800252E0200D71003005E
:10234000E90102004D060300210603000000000021
:0C235000C10002000000000000000000BE
:10235C00330303000DBC01000000000039BA01007A
:10236C00EB02030019BA0100950103009F01030061
:10237C00F9B90100BF01030000000000C90103000E
:10238C000000000000000000D7010300450303001B
:10239C00F30103002D020300FB010300F30B030008
:1023AC0039280200E50B0300850D0300190C03000E
:1023BC00410C0300750C0300850C0300B30C0300E7
:1023CC00BF0C0300850C0300A30C0300CB0C030013
:1023DC00D90C0300E70C03001D0D0300210D0300B5
:0823EC000000000000000000E9
:1023F4000381030004000000A75903000400000047
:102404002B84030004000000B281030004000000D8
:102414004C7A030004000000EE7C0300040000007A
:102424001A8D03000400000002820300040000006F
:1024340053820300040000000B8C0300040000001E
:10244400FD82030004000000787D03000400000006
:10245400E87D030004000000727F03000400000014
:102464006783030004000000CF830300030000001F
:102474005090030003000000A75403000300000071
:102484001299030003000000FAAF030003000000E8
:102494003450030003000000C443030003000000A1
:1024A400FD500300030000007CBC03000300000097
:1024B400C74503000300000085BB030003000000C0
:1024C40084A203000300000001B303000300000022
:1024D400199C030002000000DF5703000300000002
:1024E40005520300030000008FB303000300000043
:1024F40086B403000300000095AD03000300000050
:10250400559C030003000000BE9C03000300000070
:10251400799E0300030000001F5203000300000023
:102524002EA90300030000002BAF030003000000EA
:1025340038C2030003000000909E03000300000063
:102544008E8903000300000044B60300030000006A
:1025540049B203000300000073B603000300000047
:1025640099B6030003000000C38B030003000000BE
:102574009F80030003000000B08D030003000000EF
:10258400D783030003000000C48403000400000098
:1025940081850300040000007BA203000300000007
:1025A40026AA03000300000048BB03000300000048
:1025B400A44003000300000064BB03000300000008
:1025C400F9B603000300000037BC03000400000058
:1025D400C2B80300030000000A98030003000000CF
:1025E40085A103000100000038A0030001000000E1
:1025F4003FAB030002000000D4AE03000100000062
:1026040057A203000100000073B803000300000098
:10261400B82D0300803A00202B9E03000100000027
:10262400FC2D030060090020579103000000000006
:102640000100000000000000010200005802030029
:10265000002000000AD7A33E0AD7233E0AD7A33D95
:102660000AD7233D0AD7A33C0AD7233C0AD7A33B6A
:102670000AD7233B0001020304050607FF00000000
:10268000FF000000FF000000FF000000FF0000004E
:10269000FF000000FF000000FF000000FF0000003E
:1026A000FF000000FF000000FF000000D8ECF0F485
:1026B000F8FC000203040506070800000000000003
:1026C0000000000000000000000000000000010108
:1026D00001010202020203030303040404040505CA
:1026E00005050606060809000000000000000000BD
:1026F00000000000000000000000000101010102D4
:10270000020202030303030404040405050505068D
:10271000060708090A0B0C0D06080801020600103E
:102720000200FA000000FCDE41EBA2D1422400B519
:10273000F8579FAC9D9EAAC9B43400004F0F00000B
:102740005B0F00005F0F0000670F00006B0F0000C1
:1027500000000000C20100000008000000000000AE
:102760000338FDD870470000763C7935EF39EA3DF3
:10277000763C7935EF39EABD0000E0FE422EE63FB7
:102780000000E0FE422EE6BF000000000000E03F37
:10279000000000000000E0BFE0930400F40100002E
:1027A00088130000983A0000983A0000A0BB0D0082
:1027B00080CBA4000000000000000000000000002A
:1027C0000000000000000000000000000000000009
:1027D00000000000000000005250030056500300AB
:1027E0005B5003005F500300645003006850030017
:1027F0006D50030071500300765003007B500300BE
:1028000081500300865003006C9D0300BE7A0300D4
:10281000F1A00300C6AB0300555303008C50030026
:102820006C9D03008E5003009250030097500300EC
:102830009C500300A6500300AC500300B1500300AD
:10284000B7500300BE500300C3500300C85003003C
:10285000CC500300A1500300D1500300DB50030013
:10286000E1500300E6500300EC500300F350030076
:10287000F85003000000000000000000198500006F
:1028800081DE0200498600000000000027DF020010
:1028900029DF02003BDF02002BDF020035DF0200F0
:1028A00039DF02002DDF02003DDF02003FDF0200C2
:1028B0002FDF020031DF020041DF020037DF0200BC
:1028C00031A8000071A800009DA80000C5A8000064
:1028D00011A9000089A9000043DF0200A1A900009E
:1028E000B5A900002FDF020031DF0200D1A90000EE
:1028F000C5A90000D1B30000A1B100005DAA00008D
:102900006DAB0000D9AE000099AF00009DAD000096
:1029100031AE0000A1DF020019AD0000DDB0000003
:10292000CDE7020091BE0000BDBF0000CDB70000A2
:1029300065BB0000D5B80000A9B90000DDB70000F4
:1029400059B80000E5BA000031E00200ADBD00005A
:10295000CDE7020001CB000025CC00000F000000F5
:10296000CDC5000045C700001DC0000081C30000A8
:1029700041C90000E5C10000EDC0000069C10000D0
:10298000B1E0020085E002002DC0000059CD00003A
:1029900071E1000079E9000001DE0000B1DF000014
:1029A00091E40000BDCE000049CF000011E400001A
:1029B00023E1020015E60000D1E8000095E60000E2
:1029C00085D4000079E90000C9CF0000A9D100003A
:1029D00041D5000011D1000091E3000011E4000096
:1029E00023E1020089D6000005D7000095E600002B
:1029F00001DB000079E90000ADD70000F5D8000048
:102A000001DC000025DF000091E3000011E400007C
:102A100023E1020015E600004DDD0000B9DC0000F6
:102A2000D9E9000075E700000800000071E100002E
:102A300079E9000001DE0000B1DF000091E4000050
:102A400025DF000091E3000011E4000023E1020013
:102A500015E60000D1E8000095E6000051F0000006
:102A6000A9F1000051EF000001EF000009F20000A1
:102A700069F000006DF200000DEF0000090900117F
:102A80006DF800000DF80000D5F50000B9F2000067
:102A9000C1E1020059F70000F9370100C5F200005A
:102AA00006080042C9FB000029FD000051FA0000A1
:102AB000E1F90000DBE10200E1FB000051FC000055
:102AC000EDF900000909023115FF00006100010065
:102AD000E1FD000095FD0000C10001002DFF000098
:102AE000F9370100A1FD000006060011690201008E
:102AF000D503010035010100E900010035040100A2
:102B0000A1020100F9370100F500010006060011DD
:102B1000950501005D0601009D0401005D040100B2
:102B2000BD060100AD0501002BE2020069040100B1
:102B300006060068E10801000D0A010061070100B6
:102B4000210701005FE202005D09010077E2020057
:102B50002D07010006060028810E01009D0D0100D1
:102B6000210B0100A90A0100FD0D0100690C010003
:102B7000F50E0100B50A010006070000C5110100AD
:102B8000C7E20200B11001005D1001006D120100EA
:102B9000A9120100F93701006910010006060001C1
:102BA00005000000060000000A000000040000000C
:102BB000060000000A000000040000000100000000
:102BC000060000000A0000000400000007000000EA
:102BD00008000000090000000B0000000C000000CD
:102BE000030000000E000000000000000E000000C6
:102BF0000D0000000F000000100000001300000096
:102C0000110000001200000003000000020000009C
:102C100006000000000000000100000002000000AB
:102C2000080000000900000003000000040000008C
:102C30000500000007000000070000000A00000077
:102C40000B0000000C0000000D0000000E00000052
:102C50000F0000001000000011000000D3E7020088
:102C6000E7E70200DBE70200ED370100E5E70200DD
:102C7000E1E70200F9370100D9E70200FFFF000099
:102C8000A5E70200ABE70200ADE70200AFE70200F4
:102C9000B5E70200B9E70200BDE70200E3E7020082
:102CA000BFE70200C5E70200C9E70200CDE7020066
:102CB0001027000010270000102700001027000038
:102CC000102700005C1C0300100001005C1C0300C6
:102CD0000F0001005C1C03000E0001005C1C0300DF
:102CE0000D0001005C1C03001E0007000000000036
:102CF000EB09A4933D1AECB4D6134827913D7CFA16
:102D00007A34D869AC27904E472E34DDC9725C679F
:102D1000227BF8F4F468B0D31F611440584F209D13
:102D2000B346840E6555CC298E5C68BA000000005D
:102D30006410B71DC8206E3BAC30D9269041DC76BC
:102D4000F4516B6B5861B24D3C7105502083B8ED66
:102D500044930FF0E8A3D6D68CB361CBB0C2649B8A
:102D6000D4D2D38678E20AA01CF2BDBD4827002049
:102D70008001000083FE020025FE02000200000028
:102D80005DFF0200000000000000000000000000E5
:102D9000000000000B9E0300139E030000000000D3
:102DA00000000000000000001B9E03001F9E0300A7
:102DB000239E0300279E0300E1A40100D5A4010087
:102DC00005A50100BDA4010000000000C9A4010088
:102DD0000000000061A50100883A0020D45B0020BB
:102DE00010000000EC2D0300983A00203DA60100E1
:102DF000B03A0020E45B002001000000DDFF02008B
:102E0000D3FF0200E9A5010061A601000000000057
:102E1000C7FF020000000000000000009D03030047
:102E2000C0090020B8090020B009002000000000FF
:102E3000A8090020C1BF0100B5BE010009BF010003
:102E400069BF0100000500200000000000000B0623
:102E500002000000582E030000000000E1A903005A
:102E60002600020200000020E9A9030022000B1145
:102E70000000000069DB010085000200690102001A
:102E800000000000F10202001D020200EEAF03008C
:102E90003B06030041060300F4AF030004000000FA
:102EA00000FF000000000000000000000000000023
:102EB0000000000000000000000000000000000012
:102EC0000403000000000003F40100000001010001
:102ED00000008000C2281700DC2E03000090024092
:102EE000E82E030002000000102F0300060000007F
:102EF000F82E0300060100001380001D1480001F3F
:102F00001580002016800021178000221186001EE7
:102F10001318001D1418001F151800201618002182
:102F2000171800221118001E0008000000100000F1
:102F30000400000000FF0000FFFF0000000300503D
:102F400000000000010000000060004000000000E0
:102F5000BCF801FF0000005000000000000000006D
:102F60000060004000000000003000400000000051
:102F70000000000000000000000040060000010109
:102F800095190200FF030000FD080300982F0300BD
:102F9000045C0020FFFF000000300040A42F03006D
:102FA00002000000BC2F030002000000B42F030049
:102FB000020100001A80000C1B80000B1A00000C9C
:102FC0001B00000B00C001400000000000000000DA
:102FD00000000000000000000000000000000000F1
:102FE00000040000E803020101010000B6590020BE
:102FF0000400000000000000000000000430030096
:103000000024F40000C00140103003000200000062
:103010002C300300030000002030030003010000F7
:103020000D8000160E8000170F8000180D2001166D
:103030000E2001170F20011820050040010000009C
:103040001C050040010000007C7F002004000000FF
:1030500000F0032000100000A01D0300010000008C
:10306000000000000000000000000000D84D020039
:1030700038C70000381C03000D0000006400000089
:10308000002000400100000000000000A03003000C
:103090000000D60100000000046000200360002052
:1030A00000200040AC30030002000000CC300300E0
:1030B00004000000BC300300040100000680000092
:1030C0000880000105800002078000030600000060
:1030D00005000002080600010706000300F0024098
:1030E000000000000048E8010000000000000000AF
:1030F00000000000FFFFFFFF0000FF0000000000D5
:1031000000000000FFFFFFFF0200000101000000BF
:10311000EF0F0300FFFF00002C310300FFFFFFFF54
:1031200000000000000000000000000000F002406D
:103130003831030002000000543103000300000096
:1031400048310300030100001C8000052A800006AE
:103150001D8000041C0000052A0000061D0000045C
:103160005C1C03001F0001000000000000A00040E4
:1031700000000000810000000C00000000000000C2
:103180000000000000A00040000000007C000000E3
:103190000C0000000000000000000000920E493CFE
:1031A000B10AC93C2BC3163D2EFB483D752B7B3D18
:1031B00004A9963D80B6AF3D36BDC83D2FBCE13D6C
:1031C00073B2FA3D87CF093E8340163EB5AB223E2F
:1031D000A2102F3ECF6E3B3EC2C5473E0115543E66
:1031E000135C603E7F9A6C3ECCCF783EC07D823EC1
:1031F000938E883E229A8E3E32A0943E86A09A3EBE
:10320000E59AA03E128FA63ED47CAC3EEF63B23E60
:103210002A44B83E491DBE3E15EFC33E53B9C93ED0
:10322000CA7BCF3E4136D53E80E8DA3E4F92E03E43
:103230007533E63EBBCBEB3EEA5AF13ECBE0F63EC1
:10324000275DFC3EE4E7003F3D9C033F824B063F89
:103250009BF5083F6B9A0B3FDA390E3FCDD3103FF9
:103260002A68133FD9F6153FC07F183FC6021B3F9F
:10327000D17F1D3FCBF61F3F9967223F25D2243FC8
:103280005636273F1594293F4AEB2B3FDE3B2E3F16
:10329000BB85303FC9C8323FF304353F233A373F3F
:1032A0004268393F3B8F3B3FF9AE3D3F67C73F3FE9
:1032B00070D8413F01E2433F03E4453F65DE473FAD
:1032C00012D1493FF8BB4B3F029F4D3F207A4F3F01
:1032D0003D4D513F4918533F31DB543FE595563F33
:1032E0005348583F6AF2593F1A945B3F532D5D3F54
:1032F00005BE5E3F2146603F97C5613F5A3C633F34
:1033000059AA643F880F663FD86B673F3CBF683F50
:10331000A7096A3F0C4B6B3F5E836C3F93B26D3FD6
:103320009ED86E3F73F56F3F0809713F5213723F8D
:103330004714733FDD0B743F0BFA743FC6DE753FD5
:1033400007BA763FC58B773FF853783F9812793F9D
:103350009DC7793F02737A3FBE147B3FCDAC7B3F64
:10336000283B7C3FC9BF7C3FAC3A7D3FCCAB7D3F27
:1033700023137E3FB0707E3F6DC47E3F580E7F3F6B
:103380006D4E7F3FAB847F3F0FB17F3F97D37F3F31
:1033900043EC7F3F11FB7F3F0000803F11FB7F3FED
:1033A00043EC7F3F97D37F3F0FB17F3FAB847F3F9D
:1033B0006D4E7F3F580E7F3F6DC47E3FB0707E3FA5
:1033C00023137E3FCCAB7D3FAC3A7D3FC9BF7C3FF2
:1033D000283B7C3FCDAC7B3FBE147B3F02737A3FE2
:1033E0009DC7793F9812793FF853783FC58B773F57
:1033F00007BA763FC6DE753F0BFA743FDD0B743FAC
:103400004714733F5213723F0809713F73F56F3FC2
:103410009ED86E3F93B26D3F5E836C3F0C4B6B3F0B
:10342000A7096A3F3CBF683FD86B673F880F663F7C
:1034300059AA643F5A3C633F97C5613F2146603FAC
:1034400005BE5E3F532D5D3F1A945B3F6AF2593FC4
:103450005348583FE595563F31DB543F4918533F99
:103460003D4D513F207A4F3F029F4D3FF8BB4B3FB0
:1034700012D1493F65DE473F03E4453F01E2433F48
:1034800070D8413F67C73F3FF9AE3D3F3B8F3B3F61
:103490004268393F233A373FF304353FC9C8323FCA
:1034A000BB85303FDE3B2E3F4AEB2B3F1594293F37
:1034B0005636273F25D2243F9967223FCBF61F3F40
:1034C000D17F1D3FC6021B3FC07F183FD9F6153F75
:1034D0002A68133FCDD3103FDA390E3F6B9A0B3F6A
:1034E0009BF5083F824B063F3D9C033FE4E7003FCE
:1034F000275DFC3ECBE0F63EEA5AF13EBBCBEB3E0D
:103500007533E63E4F92E03E80E8DA3E4136D53EE6
:10351000CA7BCF3E53B9C93E15EFC33E491DBE3EDF
:103520002A44B83EEF63B23ED47CAC3E128FA63E36
:10353000E59AA03E86A09A3E32A0943E229A8E3E04
:10354000938E883EC07D823ECCCF783E7F9A6C3E83
:10355000135C603E0115543EC2C5473ECF6E3B3EF4
:10356000A2102F3EB5AB223E8340163E87CF093EC8
:1035700073B2FA3D2FBCE13D36BDC83D80B6AF3DCC
:1035800004A9963D752B7B3D2EFB483D2BC3163D74
:10359000B10AC93C920E493C00000000920E49BCA1
:1035A000B10AC9BC2BC316BD2EFB48BD752B7BBD14
:1035B00004A996BD80B6AFBD36BDC8BD2FBCE1BD68
:1035C00073B2FABD87CF09BE834016BEB5AB22BE2B
:1035D000A2102FBECF6E3BBEC2C547BE011554BE62
:1035E000135C60BE7F9A6CBECCCF78BEC07D82BEBD
:1035F000938E88BE229A8EBE32A094BE86A09ABEBA
:10360000E59AA0BE128FA6BED47CACBEEF63B2BE5C
:103610002A44B8BE491DBEBE15EFC3BE53B9C9BECC
:10362000CA7BCFBE4136D5BE80E8DABE4F92E0BE3F
:103630007533E6BEBBCBEBBEEA5AF1BECBE0F6BEBD
:10364000275DFCBEE4E700BF3D9C03BF824B06BF85
:103650009BF508BF6B9A0BBFDA390EBFCDD310BFF5
:103660002A6813BFD9F615BFC07F18BFC6021BBF9B
:10367000D17F1DBFCBF61FBF996722BF25D224BFC4
:10368000563627BF159429BF4AEB2BBFDE3B2EBF12
:10369000BB8530BFC9C832BFF30435BF233A37BF3B
:1036A000426839BF3B8F3BBFF9AE3DBF67C73FBFE5
:1036B00070D841BF01E243BF03E445BF65DE47BFA9
:1036C00012D149BFF8BB4BBF029F4DBF207A4FBFFD
:1036D0003D4D51BF491853BF31DB54BFE59556BF2F
:1036E000534858BF6AF259BF1A945BBF532D5DBF50
:1036F00005BE5EBF214660BF97C561BF5A3C63BF30
:1037000059AA64BF880F66BFD86B67BF3CBF68BF4C
:10371000A7096ABF0C4B6BBF5E836CBF93B26DBFD2
:103720009ED86EBF73F56FBF080971BF521372BF89
:10373000471473BFDD0B74BF0BFA74BFC6DE75BFD1
:1037400007BA76BFC58B77BFF85378BF981279BF99
:103750009DC779BF02737ABFBE147BBFCDAC7BBF60
:10376000283B7CBFC9BF7CBFAC3A7DBFCCAB7DBF23
:1037700023137EBFB0707EBF6DC47EBF580E7FBF67
:103780006D4E7FBFAB847FBF0FB17FBF97D37FBF2D
:1037900043EC7FBF11FB7FBF000080BF11FB7FBFE9
:1037A00043EC7FBF97D37FBF0FB17FBFAB847FBF99
:1037B0006D4E7FBF580E7FBF6DC47EBFB0707EBFA1
:1037C00023137EBFCCAB7DBFAC3A7DBFC9BF7CBFEE
:1037D000283B7CBFCDAC7BBFBE147BBF02737ABFDE
:1037E0009DC779BF981279BFF85378BFC58B77BF53
:1037F00007BA76BFC6DE75BF0BFA74BFDD0B74BFA8
:10380000471473BF521372BF080971BF73F56FBFBE
:103810009ED86EBF93B26DBF5E836CBF0C4B6BBF07
:10382000A7096ABF3CBF68BFD86B67BF880F66BF78
:1038300059AA64BF5A3C63BF97C561BF214660BFA8
:1038400005BE5EBF532D5DBF1A945BBF6AF259BFC0
:10385000534858BFE59556BF31DB54BF491853BF95
:103860003D4D51BF207A4FBF029F4DBFF8BB4BBFAC
:1038700012D149BF65DE47BF03E445BF01E243BF44
:1038800070D841BF67C73FBFF9AE3DBF3B8F3BBF5D
:10389000426839BF233A37BFF30435BFC9C832BFC6
:1038A000BB8530BFDE3B2EBF4AEB2BBF159429BF33
:1038B000563627BF25D224BF996722BFCBF61FBF3C
:1038C000D17F1DBFC6021BBFC07F18BFD9F615BF71
:1038D0002A6813BFCDD310BFDA390EBF6B9A0BBF66
:1038E0009BF508BF824B06BF3D9C03BFE4E700BFCA
:1038F000275DFCBECBE0F6BEEA5AF1BEBBCBEBBE09
:103900007533E6BE4F92E0BE80E8DABE4136D5BEE2
:10391000CA7BCFBE53B9C9BE15EFC3BE491DBEBEDB
:103920002A44B8BEEF63B2BED47CACBE128FA6BE32
:10393000E59AA0BE86A09ABE32A094BE229A8EBE00
:10394000938E88BEC07D82BECCCF78BE7F9A6CBE7F
:10395000135C60BE011554BEC2C547BECF6E3BBEF0
:10396000A2102FBEB5AB22BE834016BE87CF09BEC4
:1039700073B2FABD2FBCE1BD36BDC8BD80B6AFBDC8
:1039800004A996BD752B7BBD2EFB48BD2BC316BD70
:10399000B10AC9BC920E49BC0000008008000000BA
:1039A00003000000BAC10300C8C10300DCC103006A
:1039B000EBC10300F7C10300CC1A0300CC1A0300CB
:1039C000341B03003C1B0300D41B0300141C030026
:1039D00012C4030000010000FF8FFFFFFF8FFFFFF5
:1039E000FE8FFFFFFE8FFFFFFD8FFFFFFC8FFFFFAE
:1039F000FC8FFFFF6D757465785F66726565206387
:103A0000616C6C65642077697468204E554C4C205D
:103A1000706172616D6574657200000043616E27AC
:103A20007420696E697469616C697A65206D75745A
:103A300065782C20776173204E554C4C0D0A0000A0
:103A4000436F756C64206E6F74206C6F636B2070B5
:103A50006F7765722073617665206D757465780087
:103A60006937AC3168212233B40F14336821A23393
:103A70003863ED3EDA0F493F5E987B3FDA0FC93F6E
:103A800000000080DB0F4940DB0F49C0DB0F49BF5E
:103A9000E4CB1640E4CB16C0000FC93F000F4940ED
:103AA00000CB9640000FC9400053FB4000CB1641AD
:103AB00000ED2F41000F49410031624100537B412D
:103AC000003A8A4100CB9641005CA34100EDAF4132
:103AD000007EBC41000FC94100A0D5410031E24148
:103AE00000C2EE410053FB4100F20342003A0A4299
:103AF0000083104200CB164200141D42005C23429A
:103B000000A5294200ED2F4200363642007E3C429D
:103B100000C74242000F4942A2000000F900000025
:103B2000830000006E0000004E0000004400000012
:103B30001500000029000000FC0000002700000024
:103B400057000000D1000000F50000003400000024
:103B5000DD000000C0000000DB000000620000008B
:103B600095000000990000003C00000043000000A8
:103B70009000000041000000FE0000005100000025
:103B800063000000AB000000DE000000BB0000008E
:103B9000C500000061000000B70000002400000024
:103BA0006E0000003A000000420000004D000000DE
:103BB000D2000000E0000000060000004900000004
:103BC0002E000000EA00000009000000D100000003
:103BD000920000001C000000FE0000001D0000001C
:103BE000EB0000001C000000B100000029000000F4
:103BF000A70000003E000000E80000008200000076
:103C000035000000F50000002E000000BB000000A1
:103C10004400000084000000E90000009C00000057
:103C20007000000026000000B40000005F000000EB
:103C30007E000000410000003900000091000000FB
:103C4000D60000003900000083000000530000008F
:103C500039000000F40000009C0000008400000017
:103C60005F0000008B000000BD000000F9000000B4
:103C7000280000003B0000001F000000F8000000CA
:103C800097000000FF000000DE00000005000000BB
:103C9000980000000F000000EF0000002F0000005F
:103CA000110000008B0000005A0000000A00000014
:103CB0006D0000001F0000006D00000036000000D5
:103CC0007E000000CF00000027000000CB000000B5
:103CD00009000000B70000004F000000460000008F
:103CE0003F000000660000009E0000005F00000032
:103CF000EA0000002D000000750000002700000011
:103D0000BA000000C7000000EB000000E500000062
:103D1000F10000007B0000003D00000007000000F3
:103D200039000000F70000008A0000005200000087
:103D300092000000EA0000006B000000FB000000A1
:103D40005F000000B10000001F0000008D000000B7
:103D50005D000000080000005600000003000000A5
:103D60003000000046000000FC0000007B00000066
:103D70006B000000AB000000F0000000CF0000006E
:103D8000BC000000200000009A000000F4000000C9
:103D9000360000001D000000A9000000E300000044
:103DA00091000000610000005E000000E6000000DD
:103DB0001B000000080000006500000099000000E2
:103DC000850000005F00000014000000A00000005B
:103DD00068000000400000008D000000FF000000AF
:103DE000D8000000800000004D00000073000000BB
:103DF000270000003100000006000000060000005F
:103E00001500000056000000CA000000730000000A
:103E1000A8000000C900000060000000E2000000EF
:103E20007B000000C00000008C0000006B00000060
:103E30000000C93F0000F0390000DA370000A2336B
:103E40000000842E0000502B0000C2270000D0226A
:103E50000000C41F0000C61B00004417040000003F
:103E60000700000009000000A00F7017000000000C
:103E70006400C8000400E80303000800000000001C
:103E80000000000000000000060006000A00070015
:103E90000100020004000800100020004000800023
:103EA0000000010002000400080010002000400093
:103EB000800000010002000400080000D007E803B1
:103EC000F401FA007D000000100008000400020068
:103ED0000000010002000400080010002000400063
:103EE000A000400180020005000A0000010002005D
:103EF00004000800100020004000800000010002C3
:103F00000000030006000C00180030006000C00034
:103F10008001000300060000D007E803F401FA0066
:103F2000000010000800040002000000030006006A
:103F30000C00180030006000C00080010003000683
:103F40000000D007E803F401FA00000010000800A8
:103F5000040002000000010002000400080010003C
:103F6000200040008000000100020004001000005A
:103F7000A00FD007E803F401FA007D000000100054
:103F800008000400020000001027000000000000EC
:103F90000000F0FFF0FFF0FFEAFF74FFF0FFF0FF1A
:103FA000F0FFF0FFEAFF526573657474696E672075
:103FB0006465766963652073657474696E677320E0
:103FC00077696C6C20636C65617220616C6C207524
:103FD0007365722D646566696E65642073657474BB
:103FE000696E677320746F20746865206669726DEE
:103FF000776172652064656661756C74732E2050FC
:104000006C6561736520726573656E6420746865A4
:1040100020636F6D6D616E6420746F20636F6E66D8
:1040200069726D2E0A00526573657474696E67203B
:104030006465766963652073657474696E67730A75
:10404000004465766963652073657474696E67738F
:1040500020726573657400757365725F657874723C
:10406000615F616374696F6E730069676E6F72651B
:104070005F726573657400757365725F73687574DC
:10408000646F776E007573655F696D755F77616BDF
:10409000655F75700064656C61795F736C656570F0
:1040A0005F6F6E5F73746174757300636F6E6E65BE
:1040B0006374696F6E5F6F7665725F6869640073C1
:1040C000656E736F725F7573655F6C6F775F706F2E
:1040D0007765725F32007573655F696D755F7469CE
:1040E0006D656F7574007573655F6163746976657E
:1040F0005F74696D656F75740073656E736F725F61
:104100007573655F6D6167007573655F73656E7369
:104110006F725F636C6F636B0073656E736F725F5A
:104120007573655F365F736964655F63616C69624F
:10413000726174696F6E006C65645F646566617559
:104140006C745F636F6C6F725F72006C65645F6448
:10415000656661756C745F636F6C6F725F67006C2E
:1041600065645F64656661756C745F636F6C6F72C4
:104170005F62006163746976655F74696D656F7510
:10418000745F6D6F64650073656E736F725F6163FA
:1041900063656C5F6F64720073656E736F725F67E7
:1041A00079726F5F6F64720073656E736F725F61B7
:1041B0006363656C5F66730073656E736F725F67D0
:1041C00079726F5F66730073656E736F725F667589
:1041D00073696F6E00726164696F5F74785F706F8E
:1041E00077657200636F6E6E656374696F6E5F747E
:1041F000696D656F75745F64656C61790073656E78
:10420000736F725F6C705F74696D656F7574006950
:104210006D755F74696D656F75745F72616D705FE8
:104220006D696E00696D755F74696D656F75745F3A
:1042300072616D705F6D6178006163746976655F4E
:1042400074696D656F75745F7468726573686F6C9F
:1042500064006163746976655F74696D656F757418
:104260005F64656C617900626174746572795F6C1A
:104270006F775F72756E74696D655F746872657370
:10428000686F6C6400000101010101000000000082
:10429000000000000000010101010000000000001A
:1042A000000000000025733A204661696C656420B7
:1042B0006D75746578206C6F636B00080B000602E7
:1042C00001090A101000000C0F0E000D0D636F6E37
:1042D0006E656374696F6E5F77726974655F706134
:1042E000636B65745F3700636F6E6E656374696FCF
:1042F0006E5F77726974655F7061636B65745F365A
:1043000000636F6E6E656374696F6E5F7772697458
:10431000655F7061636B65745F3500636F6E6E65BA
:104320006374696F6E5F77726974655F7061636BE8
:1043300065745F3400636F6E6E656374696F6E5F82
:1043400077726974655F7061636B65745F33006376
:104350006F6E6E656374696F6E5F77726974655FA7
:104360007061636B65745F3200636F6E6E6563745A
:10437000696F6E5F77726974655F7061636B657496
:104380005F3100636F6E6E656374696F6E5F777225
:104390006974655F7061636B65745F3000636F6E35
:1043A0006E656374696F6E5F7468726561640063E3
:1043B0006F6E6E656374696F6E5F74687265616459
:1043C0005F696400636F6E6E656374696F6E00256C
:1043D000733A20556E61626C6520746F2067657456
:1043E0002074686520436C6F636B206D616E61673C
:1043F00065720054696D6572206E6F7420696E6914
:104400007469616C697A65640025733A20436C6F46
:10441000636B2072657175657374206661696C6584
:10442000643A2025640025733A20436C6F636B2047
:10443000636F756C64206E6F7420626520737461A5
:10444000727465643A20256400556E61626C652063
:10445000746F20666574636820436C6F636B2072B1
:1044600065717565737420726573756C743A202577
:10447000640025733A2045534220696E697469616E
:104480006C697A6174696F6E206661696C65643A03
:104490002025640050616972696E672072657175CC
:1044A00065737465640062398AF200FEFF2927098A
:1044B00002B2D60028FF50B80050616972696E6779
:1044C0000044657669636520616464726573733A5C
:1044D00020253031326C6C5800436865636B73750E
:1044E0006D3A202530325800496E636F72726563F1
:1044F0007420636865636B73756D3A20253032589C
:104500000050616972696E672072657175657374B8
:1045100020726563656976656400506169726564DF
:1045200000547261636B65722049443A202575001E
:104530005265636569766572206164647265737340
:104540003A20253031326C6C58004E6F2072657302
:10455000706F6E73652066726F6D2072656365693A
:1045600076657220696E2025646D00496E636F72F6
:104570007265637420636865636B73756D00506169
:104580006972696E67206461746120726573657415
:10459000006573625F696E697469616C697A650050
:1045A000636C6F636B735F737461727400636C6FC1
:1045B000636B735F696E6974006573625F746872C0
:1045C0006561645F6964006573625F6576656E74DA
:1045D000000A68656C7020202020202020202020E8
:1045E00020202020202020202020202020202044A7
:1045F0006973706C617920746869732068656C7088
:1046000020746578740A000A696E666F2020202085
:10461000202020202020202020202020202020209A
:10462000202020202047657420646576696365201A
:10463000696E666F726D6174696F6E0A0075707471
:10464000696D65202020202020202020202020208F
:104650002020202020202020202047657420646511
:104660007669636520757074696D650A00726562AC
:104670006F6F742020202020202020202020202048
:1046800020202020202020202020536F66742072BC
:104690006573657420746865206465766963650A6E
:1046A000006261747465727920202020202020200F
:1046B000202020202020202020202020202047658E
:1046C00074206261747465727920696E666F726DB0
:1046D0006174696F6E0A000A7363616E2020202086
:1046E00020202020202020202020202020202020CA
:1046F0002020202020526573746172742073656ECF
:10470000736F72207363616E0A0063616C69627219
:1047100061746520202020202020202020202020BF
:104720002020202020202043616C69627261746522
:104730002073656E736F72205A524F0A00362D73C4
:104740006964652020202020202020202020202097
:104750002020202020202020202043616C696272CC
:1047600061746520362D7369646520616363656CCF
:1047700065726F6D657465720A006D616720202037
:104780002020202020202020202020202020202029
:1047900020202020202020436C656172206D6167FD
:1047A0006E65746F6D657465722063616C696272A9
:1047B0006174696F6E0A000A736574203C616464F9
:1047C000726573733E20202020202020202020208E
:1047D00020202020204D616E75616C6C79207365FE
:1047E000742072656365697665720A00706169722A
:1047F00020202020202020202020202020202020B9
:10480000202020202020202020456E7465722070FA
:10481000616972696E67206D6F64650A00636C651B
:1048200061722020202020202020202020202020F5
:1048300020202020202020202020436C6561722031
:1048400070616972696E6720646174610A000A6D43
:10485000656F77202020202020202020202020206D
:104860002020202020202020202020204D656F7730
:10487000210A000A72657365745F6461746120289F
:104880007A726F7C6163637C6D61677C6261747C4A
:10489000616C6C290A000A6C6973745F636F6E66E1
:1048A0006967202020202020202020202020202078
:1048B00020202020446973706C61792061766169E1
:1048C0006C61626C652073657474696E67730A004D
:1048D00077726974655F636F6E66696720286261CD
:1048E000736536347C3C636F6E666967206E616DFC
:1048F000653E7C3C636F6E6669672069643E292073
:104900003C76616C75653E0A00726561645F636F39
:104910006E6669672028616C6C7C626173653634F1
:104920007C3C636F6E666967206E616D653E7C3CA2
:10493000636F6E6669672069643E290A0072657359
:1049400065745F636F6E6669672028616C6C7C3C80
:10495000636F6E666967206E616D653E7C3C636F58
:104960006E6669672069643E290A0025733A20252E
:104970003032753A253032753A253032752E253071
:1049800033752C253033750A004E6F7420736561C2
:10499000726368696E6700535049002C2065787413
:1049A00065726E616C00547261636B65722049447C
:1049B0003A2025750A00547261636B657220494480
:1049C0003A204E6F6E650A005265636569766572BE
:1049D00020616464726573733A20253031326C6CE7
:1049E000580A005265636569766572206164647275
:1049F0006573733A204E6F6E650A002A2A2A204E8C
:104A00006F726469632053656D69636F6E6475636B
:104A1000746F7220536C696D654E524620547261FA
:104A2000636B6572206E5246353238343020444B09
:104A3000202A2A2A0A00536C696D6556522D547239
:104A400061636B65722D6E524620302E302E302DF4
:104A5000646961672D6669666F2B300A004E6F725C
:104A60006469632053656D69636F6E647563746F09
:104A70007220536C696D654E524620547261636BAF
:104A80006572206E5246353238343020444B0A006D
:104A9000436F6D6D69743A2036376233353539327C
:104AA000643730650A004275696C643A2025642DCC
:104AB000253032642D2530326420253032643A2589
:104AC0003032643A253032640A000A426F617264FF
:104AD0003A206E72663532383430646B0A00534FB8
:104AE000433A206E726635323834300A00546172AF
:104AF0006765743A206E72663532383430646B2FD5
:104B00006E726635323834300A00494D553A2025E8
:104B1000730A00496E746572666163653A20257395
:104B20000A00416464726573733A2030782530322C
:104B300058253032580A000A4D61676E65746F6DF2
:104B4000657465723A2025730A00496E7465726651
:104B50006163653A20257325730A000A4163636522
:104B60006C65726F6D65746572206D6174726978C1
:104B70003A0A00252E356620252E356620252E354D
:104B80006620252E35660A000A416363656C6572EE
:104B90006F6D6574657220626961733A20252E35E8
:104BA0006620252E356620252E35660A0047797247
:104BB0006F73636F706520626961733A20252E35CB
:104BC0006620252E356620252E35660A004D616744
:104BD0006E65746F6D65746572206D61747269784D
:104BE0003A0A000A467573696F6E3A2025730A0007
:104BF00044657669636520616464726573733A2005
:104C0000253031326C6C580A0042617474657279D7
:104C10003A20252E306625252028526561642025FE
:104C200075682025756D696E2061676F290A0042DD
:104C30006174746572793A20252E306625250A0044
:104C4000426174746572793A2057616974696E675C
:104C500020666F722076616C696420726561646998
:104C60006E670A0052656D61696E696E67207275C4
:104C70006E74696D653A202575682025756D696EBD
:104C80000A0052656D61696E696E672072756E7497
:104C9000696D653A204E6F7420617661696C61625E
:104CA0006C650A0046756C6C792063686172676593
:104CB000642072756E74696D653A202575682025CB
:104CC000756D696E0A0046756C6C79206368617257
:104CD0006765642072756E74696D653A204E6F74F5
:104CE00020617661696C61626C650A005570746957
:104CF0006D6500416363756D756C61746564004139
:104D000044433A202564206D560A000A42617474B7
:104D10006572793A20252E32662525202852617742
:104D200020252E326625252C202564206D56290A43
:104D3000000A426174746572793A204E6F6E650A9A
:104D4000004C6173742075706461746564004C611B
:104D5000737420757064617465643A204E6576657D
:104D6000720A000A52656D61696E696E672072751C
:104D70006E74696D650046756C6C7920636861724C
:104D80006765642072756E74696D65004D696E6942
:104D90006D756D2072756E74696D65004D696E6913
:104DA0006D756D2072756E74696D653A204E6F7405
:104DB00020617661696C61626C650A004D61786999
:104DC0006D756D2072756E74696D65004D617869E1
:104DD0006D756D2072756E74696D653A204E6F74D5
:104DE00020617661696C61626C650A000A4C6173CE
:104DF0007420646973636861726765206379636CAA
:104E0000653A20252E32662525202D3E20252E327E
:104E1000662525202852617720252E3266252520FB
:104E20002D3E20252E32662525290A004C617374FB
:104E3000206379636C652072756E74696D65000A14
:104E40004C617374206379636C653A204E6F7420F3
:104E5000617661696C61626C650A000A43616C6924
:104E600062726174696F6E3A20252E3066252520A6
:104E70002D20252E306625252028252E3066252537
:104E800020636F766572616765290A000A43616C69
:104E90006962726174696F6E3A204E6F6E650A00C6
:104EA0004379636C6520636F756E743A207E252E9E
:104EB00032660A00496E76616C6964206E756D62B7
:104EC0006572206F6620617267756D656E74730A16
:104ED00000253031366C6C7800496E76616C6964FF
:104EE00020616464726573730A001B5B33383B3561
:104EF0003B25643B316D257325731B5B303B333899
:104F00003B323B3235353B3235353B3235356D251D
:104F1000731B5B306D0A00496E76616C69642061B9
:104F20007267756D656E740A00436F6E66696720FF
:104F300025643A0A0025753A2025730A00556E61EA
:104F4000626C6520746F206465636F646520696EB0
:104F5000707574005570646174656420636F6E666B
:104F600069670A005570646174656420636F6E66DA
:104F700069673A2025733D25640A00496E76616CA5
:104F800069642076616C75650A00496E76616C69AA
:104F90006420636F6E666967206E616D65206F7255
:104FA0002069640A005265616420636F6E666967F8
:104FB0003A2025733D25640A0052657365742063A9
:104FC0006F6E6669673A2025730A00556E6B6E6FC7
:104FD000776E20636F6D6D616E640A0068656C703A
:104FE00000757074696D65007265626F6F7400633F
:104FF000616C69627261746500362D736964650065
:105000007061697200636C656172007265736574CA
:105010005F64617461006C6973745F636F6E66696D
:10502000670077726974655F636F6E6669670072A7
:105030006561645F636F6E6669670072657365744E
:105040005F636F6E6669670062617365363400D4B2
:10505000B0B1203A3300203A336300203B330020C4
:105060003B336300207833002078336300205833CB
:10507000002058336300203E3A3300203E3A336329
:1050800000203E3B3300203E3B3363007E004D65F5
:1050900077004D657777004D656F77004D656F77C9
:1050A000206D656F77004D72727270004D7272667E
:1050B000004D72656F77004D7272726F77004D729E
:1050C00072720050757272006D6577006D6577774A
:1050D000006D656F77206D656F77006D727272700D
:1050E000006D727266006D72656F77006D7272721C
:1050F0006F77006D727272007075727200636F6EFE
:10510000736F6C6500494E20656E64706F696E74D4
:105110002063616C6C6261636B20776974686F7582
:105120007420707265636564696E67206275666677
:105130006572207772697465004E65772070726FB2
:10514000746F636F6C3A202573004849445F3000E8
:1051500025733A2043616E6E6F7420676574205525
:1051600053422048494420446576696365004849B4
:1051700044204465766963653A206465762025702D
:10518000004661696C656420746F207365742050FB
:10519000726F746F636F6C20436F64650025733AA0
:1051A000204661696C656420746F207375626D6957
:1051B00074207265706F72740044726F70706564F1
:1051C000207265706F7274733A20257520286D61A6
:1051D000783A2025752900636F6D706F7369746567
:1051E0005F7072655F696E69740073656E645F728B
:1051F00065706F72740005010900A101090075084E
:1052000095408102C06869645F6576656E7400527E
:105210006573657420636F756E743A202575006D33
:1052200061696E00546F6F206D616E7920706172DC
:10523000616D657465727320286D6178202575290C
:105240000A0025733A2053656E736F722063616C98
:105250006962726174696F6E20697320616C726536
:105260006164792072756E6E696E670025733A20ED
:10527000416363656C65726F6D65746572207761FB
:1052800069742074696D6564206F757400436C6582
:105290006172696E672073746F7265642063616CFC
:1052A0006962726174696F6E206461746100496E35
:1052B00076616C6964617465642063616C696272B3
:1052C0006174696F6E0054686520494D55206D61A9
:1052D000792062652064616D61676564206F72206A
:1052E00063616C6962726174696F6E2077617320AB
:1052F0006E6F7420636F6D706C657465642070727E
:105300006F7065726C7900546865206D61676E65B9
:10531000746F6D65746572206D61792062652064BB
:10532000616D61676564206F722063616C69627290
:105330006174696F6E20776173206E6F7420636F84
:105340006D706C657465642070726F7065726C79D5
:10535000002D58002D2D002B58002D59002B5900E1
:105360002D5A002B5A0043616C6962726174696E38
:1053700067206D61696E20616363656C65726F6D36
:105380006574657220616E64206779726F73636FF4
:105390007065207A65726F2072617465206F666631
:1053A0007365740052657374207468652064657653
:1053B000696365206F6E206120737461626C652083
:1053C0007375726661636500416363656C65726FD6
:1053D0006D657465723A20252E356620252E35665A
:1053E00020252E3566004E6F206D6F74696F6E201C
:1053F0006465746563746564004D6F74696F6E20D5
:1054000064657465637465640053757370656E6478
:10541000696E672073656E736F7220746872656160
:10542000640052756E6E696E6720424D49323730A6
:1054300020636F6D706F6E656E7420726574726933
:105440006D6D696E6700526573756D696E67207367
:10545000656E736F722074687265616400494D55A2
:105460002073706563696669632063616C69627249
:105470006174696F6E20776173206E6F7420636F43
:105480006D706C657465642070726F7065726C7994
:105490000046696E697368656420494D55207370D4
:1054A0006563696669632063616C696272617469CE
:1054B0006F6E0052656164696E672064617461009B
:1054C00025733A204779726F73636F706520776137
:1054D00069742074696D6564206F75740053616D23
:1054E000706C65733A20256400416363656C657276
:1054F0006F6D6574657220626961733A20252E357F
:105500006620252E356620252E3566004779726F78
:1055100073636F706520626961733A20252E35666A
:1055200020252E356620252E356600526573746F52
:1055300072696E672070726576696F75732063613A
:105540006C6962726174696F6E004170706C796928
:105550006E672063616C6962726174696F6E004688
:10556000696E69736865642063616C6962726174F5
:10557000696F6E0043616C6962726174696E672065
:105580006D61696E20616363656C65726F6D6574D2
:10559000657220362D73696465206F666673657465
:1055A000005374617274696E6720616363656C6532
:1055B000726F6D657465722063616C69627261748B
:1055C000696F6E2E0A0057616974696E6720666F95
:1055D0007220612072657374696E672073746174E0
:1055E000652E2E2E0A0052657374206465746563FF
:1055F0007465642C207374617274696E67207265BF
:10560000636F7264696E672E20506C6561736520EC
:10561000646F206E6F74206D6F76652E2025640A8E
:105620000023005265636F726465642076616C7557
:105630006573210A002564207369646520646F6EB8
:10564000650A0057616974696E6720666F7220741D
:105650006865206E65787420736964652E2E2E202F
:105660002564200A0043616C63756C6174696E6720
:105670002074686520646174612E2E2E2E0A00430A
:10568000616C6962726174696F6E20697320636F07
:105690006D706C6574652E0A00416363656C65729C
:1056A0006F6D65746572206D61747269783A00255A
:1056B0002E356620252E356620252E356620252E92
:1056C0003566003620736964652063616C696272B7
:1056D0006174696F6E2069732064697361626C65BF
:1056E000640025733A204D61676E65746F6D657453
:1056F000657220776169742074696D6564206F75C7
:1057000074004D61676E65746F6D657465722063BA
:10571000616C6962726174696F6E2070726F67721A
:105720006573733A20257320257320257320257314
:105730002025732025730043616C6962726174696E
:105740006E67206D61676E65746F6D65746572203C
:10575000686172642F736F66742069726F6E206F58
:105760006666736574004D61676E65746F6D657410
:105770006572206D61747269783A0073656E736F3B
:10578000725F776169745F6D61670073656E736FD7
:10579000725F63616C6962726174696F6E5F72657A
:1057A00071756573740073656E736F725F7761698D
:1057B000745F6779726F0073656E736F725F776184
:1057C00069745F616363656C0063616C69627261D7
:1057D00074696F6E5F7468726561645F69640066A6
:1057E0007573696F6E5F6E6F6E650025733A204347
:1057F0006F6D6D756E69636174696F6E206572722D
:105800006F72004649464F2072656164206275667A
:10581000666572206C696D69742072656163686584
:10582000642C202564207061636B6574732064723E
:105830006F707065640025733A2041534943206EB0
:105840006F7420696E697469616C697A65642C2073
:1058500075706C6F6164696E6720636F6E666967EF
:105860002066696C650025733A204661696C656441
:1058700020746F20696E697469616C697A65204172
:105880005349430025733A204153494320696E69C7
:105890007469616C697A65640045786563757469DB
:1058A0006F6E207374617475733A203078253032CE
:1058B00058004D6F74696F6E20646574656374651C
:1058C0006420647572696E672043525400476169B1
:1058D0006E3A203078253032582C203078253032FE
:1058E000582C2030782530325800626D695F637221
:1058F0007400626D695F73657475705F574F4D001A
:10590000626D695F73657475705F445244590062DB
:105910006D695F74656D705F7265616400626D6969
:105920005F6779726F5F7265616400626D695F6164
:105930006363656C5F7265616400626D695F646179
:1059400074615F7265616400626D695F7570646146
:1059500074655F6F647200626D695F73687574640B
:105960006F776E00666163746F725F7A785F7265DD
:1059700061640075706C6F61645F636F6E66696708
:105980005F66696C6500617369635F696E69740065
:10599000626D695F696E697400027F00800080013A
:1059A0007F008000800080424D49323730000D0C6E
:1059B0000B0A090807060C0B0A0908070605040369
:1059C0000201000102030403020100C82E002E8020
:1059D0002E3DB1C82E002E802E9103802EBCB080AB
:1059E0002EA303C82E002E802E00B05030212E5939
:1059F000F51030212E6AF5802E3B030000000008D0
:105A00001901002200750000100010D100B343807E
:105A10002E00C1802E00C1802E00C1802E00C180CA
:105A20002E00C1802E00C1802E00C1802E00C180BA
:105A30002E00C1802E00C1802E00C1802E00C180AA
:105A40002E00C1802E00C1802E00C1802E00C1809A
:105A50002E00C1802E00C1802E00C1802E00C1808A
:105A60002E00C1802E00C1802E00C1802E00C1807A
:105A70002E00C1802E00C1802E00C1802E00C1806A
:105A80002E00C1802E00C1802E00C1802E00C1805A
:105A90002E00C1802E00C1802E00C1802E00C1804A
:105AA0002E00C1802E00C1802E00C1802E00C1803A
:105AB0002E00C1802E00C1E05F0000000001000048
:105AC0000000000000000000009200000000000044
:105AD000000000000000000000000008190000881D
:105AE0000000000000000005E0AA3805E09030FA50
:105AF0000096004B091100110002002D01D47B3BE0
:105B000001DB7A04003F7BCD6CC3048509C304EC40
:105B1000E60C460100270019009600A00001000CC9
:105B200000F03C00010100030001000E0000003203
:105B3000000500EE060400C80000000400A805EE01
:105B4000060004BC02B3008507000000000000004E
:105B500000000000000000000000000000B4000190
:105B600000B90001009800000000000000000001E2
:105B700000800004000000000000000000000000A1
:105B80000000000000000000000000000000000015
:105B90000000000000000000000000000000000005
:105BA00000000000000000000000000000000000F5
:105BB00000000000000000000000000000000000E5
:105BC0000000000000802E00C1FD2DDE00EB00DA99
:105BD00000000CFF0F0004C0005BF5C9011EF2803D
:105BE000003FFF19F458F566F564F5C0F1F000E0E8
:105BF00000CD01D301DB01FF7FFF01E40074F7F367
:105C000000FA00FF3FCA036C3856FE44FDBC02F99F
:105C10000600FC1202AE0158FA9AFD7705BB029607
:105C20000195017F0182018901870188018A018C28
:105C3000018F018D0192019101DD009F017E01DB49
:105C400000B601706926D39C071F059D000008BCA3
:105C50000537FAA201AA01A101A801A001A805B473
:105C600001B401CE00D000FC00C501FFFBB1000073
:105C7000380030FDF5FCF5CD01A0005FFF0040FFCE
:105C80000000806D0FEB007FFFC2F568F7B3F1678E
:105C90000F5B0F610F800F58F75BF7830F86007261
:105CA0000F850FC6F17F0F6CF700E000FFD1F5877D
:105CB0000F8A0FFF03F03F8B008E009000B9002D7C
:105CC000F5CAF5CB0120F200000000000000000042
:105CD00000000000000000000000000000000000C4
:105CE00000000000000000000000000000000000B4
:105CF00000000000000000000000000000000000A4
:105D00000000000000000000000000000000000093
:105D10000000000000000000000000000000000083
:105D20000000000000000000000000000000000073
:105D30000000000000000000000000000000000063
:105D40000000000000000000000000000000000053
:105D50000000000000000000000000000000000043
:105D60000000000000000000000000000000000033
:105D70000000000000000000000000000000000023
:105D80000000000000000000000000000000000013
:105D90000000000000000000000000000000000003
:105DA0000000003050982ED70E5032982EFA030083
:105DB00030F07F002E002ED02E002E018008A2FB96
:105DC0002F982EBA03212E1900012EEE0000B207E3
:105DD0002F012E190000B2032F01500352982E07F5
:105DE000CC012EDD0000B2272F052E8A0005529827
:105DF0002EC7C1032EE90040B2F07F082F012E19F3
:105E00000000B2042F0030212EE900982EB4B10119
:105E10002E180000B2102F0550982E4DC305509833
:105E20002E5AC7982EF9B4982E54B2982E67B69869
:105E30002E17B21030212E7700012EEF0000B20491
:105E40002F982E7AB70030212EEF00012ED40004B7
:105E5000AE0B2F012EDD0000B2072F0552982E8EBB
:105E60000E00B2022F1030212E7D00012E7D000089
:105E700090902EF102012ED70000B2042F982E2F01
:105E80000E0030212E7B00012E7B0000B2122F016C
:105E90002ED4000090022F982E1F0E092D982E81CF
:105EA0000D012ED4000490022F5032982EFA0300D8
:105EB00030212E7B00012E7C0000B2902E090301C0
:105EC0002E7C000131010800B2042F982E47CB1020
:105ED00030212E77008130012E7C00010800B26154
:105EE0002F032E8900012ED40098BC98B805B20F5C
:105EF00058232F079009540030372F15410441DCF7
:105F0000BE44BEDCBA2C0161000F564A0F0C2FD1E3
:105F10004294B8C1421130052E6AF72CBD2FB980CA
:105F2000B20822982EC3B7212D6130232ED40098B9
:105F30002EC3B70030212E5AF5182DE17F5030982E
:105F40002EFA030F520750504270300D5442427ED9
:105F500082E26F80B24242052F212ED40010309889
:105F60002EC3B7032D6030212ED400012ED400069D
:105F700090182F012E76000B540752E07F982E7A4E
:105F8000C1E16F081A4030082F212ED4002030982C
:105F90002EAFB75032982EFA03052D982E380E00EA
:105FA00030212ED4000030212E7C00182D012ED45B
:105FB0000003AA012F982E450E012ED4003F800326
:105FC000A2012F002E022D982E5B0E3030982ECE7F
:105FD000B70030212E7D005032982EFA03012E7723
:105FE0000000B2242F982EF5CB032ED500115401BA
:105FF0000ABC848386212EC901E0401352C440822A
:1060000040A8B9524243BE5342040A5042E17FF0D5
:10601000314140F26F25BD0808020AD07F982EA8B2
:10602000CF06BCD16FE26F080A8042982E58B700A5
:1060300030212EEE00212E7700212EDD00802EF45F
:10604000011A242200802EEC011050FB7F982EF3C1
:10605000035750FB6F013071541142420EFC2FC0A8
:106060002E0142F05F802E00C1FD2D0100000000D6
:10607000000000000000009A01340300000000004E
:106080000000000000000000000000000000000010
:106090000000000000000000000000000000000000
:1060A00000000000000000000000000000000000F0
:1060B00000000000000000000000000000000000E0
:1060C00000000000000000000000000000000000D0
:1060D00000000000000000000000000000000000C0
:1060E000000000000000000000000000002050E759
:1060F0007FF67F06320F2E61F5FE09C0B3042F171D
:10610000302F2EEF002D2E61F5F66FE76FE05FC8A0
:106110002E2050E77FF67F46300F2EA4F1BE098077
:10612000B3062F0D2ED40084AF022F16302D2E7BF8
:106130000086302D2E60F5F66FE76FE05FC82E0108
:106140002E77F709BC0FB800B21050FB7F10300B50
:106150002F032E8A0096BC9FB840B2052F032E68ED
:10616000F79EBC9FB840B2072F032E7E00419001DE
:106170002F982EDC03032C0030212E7E00FB6FF0C5
:106180005FB82E2050E07FFB7F002E2750982E3BDB
:10619000C82950982EA7C80150982E55CCE16F2BD6
:1061A00050982EE0C9FB6F0030E05F212E7E00B8D2
:1061B0002E7350013057541142420EFC2FB82E213D
:1061C0002E59F51030C02E212E4AF19050F77FE65F
:1061D0007FD57FC47FB37FA17F907F827F7B7F98B5
:1061E0002E35B700B2902E97B0032E8F00072E9158
:1061F00000052EB1003FBA9FB8012EB100A3BD4CDF
:106200000A052EB10004BEBFB9CB0A4FBA22BD01A8
:106210002EB300DC0A2FB9032EB8000ABE9A0ACFAB
:10622000B99BBC012E97009FB8930A0FBC910A0F2F
:10623000B8900A252E1800052EC1F52EBD2EB901E5
:106240002E190031308A040090072F012ED400044B
:10625000A2032F012E180000B20C2F1950055298DE
:106260002E4DB7052E780080901030012F212E780A
:1062700000252EDD00982E3EB700B202300130041A
:106280002F012E190000B2002F2130012EEA000844
:106290001A0E2F232EEA0033301B500B0901401732
:1062A0005646BE4B084C0A01420A80155201420074
:1062B0002E012E180000B21F2F032EC0F5F030481B
:1062C0000847AA7430072E7A0061224B1A052F075F
:1062D0002E66F5BFBDBFB9C0900B2F1D562B30D217
:1062E00042DB420104C24204BDFE808184232E7A37
:1062F0000002420232252E62F5052ED60081842549
:106300002ED6000231252E60F5052E8A000B509006
:106310000880B20B2F052ECAF5F03E9008252ECA34
:10632000F5052E59F5E03F9008252E59F5906FA1FF
:106330006FB36FC46FD56FE66FF76F7B6F826F704F
:106340005FC82EC050907FE57FD47FC37FB17FA20E
:106350007F877FF67F7B7F002E012E60F5607F9820
:106360002E35B70230636F1552507F627F5A2C0270
:10637000321A0900B3142F00B2032F092E1800009F
:10638000910C2F437F982E97B71F50028A02320438
:1063900030252E64F51552506F436F4443252E600F
:1063A000F5D908C0B2362F982E3EB700B2062F019D
:1063B0002E190000B2022F506F00900A2F012E7983
:1063C000000090192F1030212E79000030982EDC1B
:1063D00003132D012EC3F50CBC0FB81230100403AB
:1063E000B0262521500352982E4DB71030212EEEA5
:1063F000000230607F252E7900606F0090052F002D
:1064000030212EEA001550212E64F51552232E60FE
:10641000F50232506F0090022F0330272E780007CC
:106420002E60F51A090091A32F19090091A02F9051
:106430006FA26FB16FC36FD46FE56F7B6FF66F871D
:106440006F405FC82EC050E77FF67F26300F2E6169
:10645000F52F2E7C000F2E7C00BE09A27F807F804E
:10646000B3D57FC47FB37F917F7B7F0B2F23501ADF
:10647000251240427F74821240527F002E004060FD
:106480007F982E6AD68130012E7C00010800B2422E
:106490002F032E8900012E890097BC06BC9FB80FE0
:1064A000B80090232ED800103001302A2F032ED4AC
:1064B0000044B2052F47B200302D2F212E7C002B37
:1064C0002D032EFDF59EBC9FB84090142F032EFC8B
:1064D000F599BC9FB840900E2F032E49F125544AE0
:1064E000084090082F982E35B700B21030032F5077
:1064F00030212ED400102D982EAFB70030212E7CE5
:10650000000A2D052E69F72DBD2FB980B2012F216C
:106510002E7D00232E7C00E031212E61F5F66FE701
:106520006F806FA26FB36FC46FD56F7B6F916F4039
:106530005FC82E60510A253688F47FEB7F00323128
:106540005232301330982E15CB0A253384D27F4334
:106550003005502D52982E95C1D26F2752982ED7C4
:10656000C72A25B086C07FD37FAF842950F16F98AA
:106570002E4DC82A25AE8AAA88F26E2B50C16FD341
:106580006FF47F982EB6C8E06E00B2322F3354837A
:1065900086F16FC37F04303030F47FD07FB27FE369
:1065A00030C56F56404541280803140EB408BC821C
:1065B00040100A2F542605917F4428A37F982ED996
:1065C000C008B933305309C16FD36FF46F831747D5
:1065D000406C15B26FBE09750B90424542510E32A8
:1065E000BC0289A16F7E86F47FD07FB27F04309198
:1065F0006FD62FEB6FA05EB82E032E97001BBC60EA
:10660000509FBC0CB8F07F40B2EB7F2B2F032E7F46
:10661000004140012EC800011A112F3758232EC8FF
:10662000001041A07F38810141D07FB17F982E6456
:10663000CFD06F0780A16F1142002EB16F014211C0
:1066400030012EFC0000A80330CB224A25012E7F0A
:10665000003C8935520554982EC4CEC16FF06F9816
:106660002E95CF042D0130F06F982E95CFEB6FA0B3
:106670005FB82E032EB3000232F030033130508A5F
:10668000080808CB08E07F80B2F37FDB7F252F036B
:106690002ECA004190042F0130232ECA00982E3FAD
:1066A00003C0B2052F032EDA0000304104232EDA96
:1066B00000982E92B21025F06F00B2052F012EDA4D
:1066C0000002301004212EDA0040B2012F232EC820
:1066D00001DB6FE06FD05F802E95CF0130E06F98C7
:1066E0002E95CF1130232ECA00DB6FD05FB82ED08D
:1066F000500A2533845550D27FE27F038CC07FBB84
:106700007F0030055A39545141A57F967F807F988C
:106710002ED9C00530F57F2025916F3B583D5C3B5D
:1067200056982E67CCC16FD56F52405043C17FD56C
:106730007F1025982EFEC91025982E74C0866F30C4
:1067400028926F828CA56F6F52690E3954DB2F1916
:10675000A01530032F0030212E81010A2D012E813A
:106760000105284236212E8101020E012F982EF3B9
:1067700003575012300140982EFEC9516F0B5C8EAA
:106780000E3B6F57580230212E9501456F2A8DD24E
:106790007FCB7F132F02303F50D27FA80E0E2FC029
:1067A0006F535402005154420E10305952023001BE
:1067B0002F002E032D504242421230D27F80B2036E
:1067C0002F0030212E8001122D012EC900028005DC
:1067D0002E8001113091280040252E8001100E05D9
:1067E0002F012E7F010190012F982EF303002EA080
:1067F000410190A67F902EE3B4012E950100A89050
:106800002EE3B45B549580824080B202402D8C3FD1
:1068100052967F902EC2B3290E762F012EC900000A
:106820004081284552B330982E0FCA5D54807F00B6
:106830002EA140727F82808240607F982EFEC91018
:1068400025982E74C0626F05308740C091043005D2
:106850002F052E830180B21430002F0430052EC97D
:1068600000736F8140E2406904110FE1401630FE71
:1068700029CB40022F836F830F222F4756130F120D
:1068800030772F4954420E1230732F00910A2F0196
:106890002E8B0119A802306C2F6350002E17420571
:1068A00042682C12300B25080F5030022F212E8306
:1068B00001032D4030212E83012B2E85015A2C12ED
:1068C0003000912B25042F635002301742172C0201
:1068D00042982EFEC91025982E74C0052EC900813D
:1068E000845B308240372E8301020E072F5F5240B7
:1068F0003062404140910E012F212E830105302B43
:106900002E85011230362C16301525817F982EFEEB
:10691000C91025982E74C019A21630152F052E9770
:1069200001806F820E052F012E86010628212E86FA
:10693000010B2D032E87015F544E289142002E82B9
:1069400040900E012F212E88010230132C0530C0FB
:106950006F081CA80F163005305B50092F02802DE0
:106960002E820105420580002E02423E80002E0646
:10697000420230906F3E88014004414C280142079A
:106980008010252440004000A8F522232944427AA3
:10699000827E884340044100ABF523DF284342D97F
:1069A000A0142F0090022FD26F81B2052F635406DE
:1069B0002890428542092C02305B500380292E7EAC
:1069C000012B2E8201054212302B2E8301458200BD
:1069D0002E40407A8202A0082F63503B30154205BA
:1069E000423780372E7E0105421230012EC9000247
:1069F0008C404084417A8C040F032F012E8B0119A7
:106A0000A4042F2B2E8201982EF303123081906163
:106A100052082F6542654243803984828805424589
:106A20004285420543002E80410090902EE1B465DE
:106A300054C16F804000B243586950442F555CB731
:106A4000878C0F0D2E9601C440362F41568B0E2A8F
:106A50002F0B52A10E0A2F052E8F011425982EFE02
:106A6000C94B54020F695005306554152F032E8E03
:106A7000014D5C8E0F3A2F052E8F01982EFEC94FC7
:106A800054820F053069506554302F6D52153042D5
:106A90008C454204302B2C84436B52428C002E8553
:106AA000431530242C45428E0F202F0D2E8E01B120
:106AB0000E1C2F232E8E011A2D0E0E172FA10F152F
:106AC0002F232E8D01132D982E74C04354C20E0A0D
:106AD0002F655004800B3006820B427980414012B2
:106AE00030252E8C01014205306950655484824363
:106AF00084BE8C8440864126299442BE8ED57F195F
:106B0000A143400B2E8C018440C7415D29272945B4
:106B1000428442C27F012FC0B31D2F052E940199DC
:106B2000A0012F80B3132F80B3182FC0B3162F12DC
:106B3000400140927F982E74C0926F100F20300356
:106B40002F1030212E7E010A2D212E7E01072D20AF
:106B500030212E7E01032D1030212E7E01C26F01C7
:106B60002EC900BC84028082400040900ED56F0286
:106B70002F1530982EF30341910530072F67503DB4
:106B8000802B2E8F0105420480002E0542022C002E
:106B9000300030A26F988A864080A7052F982EF388
:106BA00003C030212E950106251A25E26F768296C4
:106BB000405643510EFB2FBB6F305FB82E012EB8ED
:106BC000000131410840B22050F2300208FB7F0141
:106BD00030102F052ECC008190E07F032F232ECC88
:106BE00000982E55B6982E1DB51025FB6FE06FE06E
:106BF0005F802E95CF982E95CF1030212ECC00FBA4
:106C00006FE05FB82E00510558EB7F2A2589526F3F
:106C10005A895013410640B3011642CB160640F381
:106C2000021342650EF52F054014302C290442084A
:106C3000A10030902E52B6B388B08AB684A47FC427
:106C40007FB57FD57F927F73300430554042408AB4
:106C500017F3086B01900253B84B82ADBE717F45AC
:106C60000A0954847F982ED9C0A36F7B54D042A3C5
:106C70007FF27F607F2025716F755A7758795C7538
:106C800056982E67CCB16F626F5042B17FB330100F
:106C900025982E0FCA846F2029716F926FA56F7689
:106CA000826A0E73300030D02FD26FD17FB47F98BC
:106CB0002E2BB715BD0BB8020AC26FC07F982E2BC2
:106CC000B715BD0BB8420AC06F081741188916E105
:106CD00018D018A17F27251625982E79C08B54909F
:106CE0007FB330824080900D2F7D52926F982E0F8F
:106CF000CAB26F900E062F8B501430426F516F1432
:106D00004212420142002E316F982E74C0416F80B2
:106D10007F982E74C0826F10044352010F052ECB52
:106D20000000300430212F516F43588C0E04301C6A
:106D30002F8588416F04418C0F0430162F84880002
:106D40002E044104058C0E04300F2F8288316F040D
:106D50004104058C0E0430082F8388002E04418CDA
:106D60000F0430022F212EAD0114300091142F0397
:106D70002EA10141900E2F032EAD0114304C28237B
:106D80002EAD0146A0062F81848D5248828240217B
:106D90002EA10142425C2C0230052EAA0180B202D3
:106DA00030552F032EA901926FB330982E0FCAB21F
:106DB0006F900F003002304A2FA26F8752910085EA
:106DC00052510E022F002E432C0230C26F7F52917F
:106DD0000E02303C2F516F8154982EFEC91025B3FE
:106DE000302125982E0FCA326FC07FB330122598FC
:106DF0002E0FCA426FB07FB3301225982E0FCAB241
:106E00006F90288352982EFEC9C26F900F003002F7
:106E1000301D2F052EA10180B212300F2F426F03BB
:106E20002EAB01910E0230122F526F032EAC019146
:106E30000F02300C2F212EAA010A2C1230032ECB68
:106E4000008D580889414011430043252EA101D4EB
:106E50006F8F5200433A89002E10431043610EFB9E
:106E60002F032EA001111A022F0225212EA001EBC3
:106E70006F005FB82E915210300230955652424B3F
:106E80000EFC2F8D548882935680425342404242DA
:106E9000868354C02EC242002EA352005152404756
:106EA000401A25012E97008FBE7286FB7F0B307C27
:106EB000BFA5501008DFBA7088F8BFCB42D37F6CF3
:106EC000BBFCBBC50A907F1B7F0B43C0B2E57FB7FD
:106ED0007FA67FC47F902E1CB7072ED200C0B20BB6
:106EE0002F9752012ECD00827F982EBBCC0B3037CE
:106EF0002ED200826F906F1A2500B28B7F142FA6BE
:106F0000BD25BDB6B92FB980B2D4B00C2F99549B12
:106F1000560B300B2EB100A1589B42DB426C092B63
:106F20002EB1008B42CB42867F7384A756C30839AB
:106F3000520550727F637F982EC2C0E16F626FD19D
:106F40000A012ECD00D56FC46F726F97529D5C9869
:106F50002E06CD236F906F9952C0B204BD5440AF3E
:106F6000B94540E17F0230062FC0B20230032F9BAB
:106F70005C12309443854303BF6FBB80B3202F0660
:106F80006F2601166F6E034542C090292ECE009BDE
:106F900052142F9B5C002E93418641E304AE078080
:106FA000AB042F80910A2F866F730F072F836FC05A
:106FB000B2042F544245421230042C1130022C11DD
:106FC00030113002BC0FB8D27F00B20A2F012EFC64
:106FD00000052EC701101A022F212EC701032D0212
:106FE0002C01300130B06F982E95CFD16FA06F98E3
:106FF0002E95CFE26F9F52012ECE00824050420C60
:107000002C42421130232ED2000130B06F982E95C1
:10701000CFA06F0130982E95CF002EFB6F005FB888
:107020002E838601300030944024180600530E4F02
:1070300002F92FB82EA952002E604041400DBC9895
:10704000BCC02E010A0FB8AB52533C524040404BDB
:1070500000821626B901B84140100897B80108C04F
:107060002E11300108438625400440D8BE2C0B2247
:1070700011544203804B0EF62FB82E9F501050AD86
:1070800052052ED300FB7F002E13409342410EFB8E
:107090002F982EA5B7982E87CF012ED90000B2FBCE
:1070A0006F0B2F012E69F7B13F01080130F05F230C
:1070B0002ED900212E69F7802E7AB7F05FB82E0105
:1070C0002EC0F8032EFCF51554AF5682080B2E691E
:1070D000F7CB0AB1588090DDBE4C085FB9592280C9
:1070E00090072F0334C308F23A0A080235C0904AC9
:1070F0000A4822C02E232EFCF51050FB7F982E56F6
:10710000C7982E49C31030FB6FF05F212ECC0021B1
:107110002ECA00B82E032ED30016B802344A0C2112
:107120002E2DF5C02E232ED30003BC212ED5000317
:107130002ED50040B21030212E77000130052F05EA
:107140002ED8008090012F232E6FF5C02E212ED92E
:107150000011308108012E6AF7713F23BD0108023A
:107160000AC02E212E6AF730250030212E5AF51044
:1071700050212E7B00212E7C00FB7F982EC3B74030
:1071800030212ED400FB6FF05F0325802EAFB78037
:107190002E00C1802E00C1802E00C1802E00C18033
:1071A0002E00C1802E00C1802E00C1802E00C18023
:1071B0002E00C1802E00C1802E00C1802E00C18013
:1071C0002E00C1802E00C1802E00C1012E5DF70867
:1071D000BC80AC0EBB022F003041048206C0A4006C
:1071E00030112F40A9032F40910D2F00A70B2F80A6
:1071F000B3B358022F90A1261320238090103001A2
:107200002FCC0E002F0030B82EB550180808BC88BF
:10721000B60D17C6BD56BCB758DABA04011D0A1020
:1072200050053032254503FB7FF6302125982E3757
:10723000CA16B59ABC06B880A8410A0E2F809002E3
:107240002F2D50480F092FBFA0042FBF90062FB736
:1072500054CA0F032F002E022CB7522D52F233982E
:107260002ED9C0FB6FF137C02E0108F05FBF56B9B1
:1072700054D040C4400B2EFDF3BF5290429442952F
:10728000420530C1500F88064004419642C542482D
:10729000BE73300D2ED8004FBA8442034281B30230
:1072A0002F2B2E6FF5062D052E77F7BD569308254B
:1072B0002E77F7BB54252EC2F5072EFDF34230B4CE
:1072C00033DA0A4C00272EFDF34340D43FDC084359
:1072D00042002E002E43402430DC0A434204800347
:1072E0002EFDF34A0A232EFDF36134C02E01420025
:1072F0002E60501A257A86E07FF37F0325C3524122
:1073000084DB7F3330982E16C21A257D82F06FE21F
:107310006F322516409440260185408E17C4426E78
:10732000039542410EF42FDB6FA05FB82EB051FBE6
:107330007F982EE80D5A25982E0F0ECB583287C411
:107340007F65896B8DC55A657FE17F837FA67F74DA
:107350007FD07FB67F947F1730C752C954517F00CA
:107360002E856F427F002E51414581424113403BA3
:107370008A00404B04D006C0AC857F022F023051FA
:1073800004D306418405305D02C916DF08D3008DA1
:1073900002AFBCB1B9590A656F1143A1B452415350
:1073A000410143347F657F2631E56FD46F982E37D6
:1073B000CA326F756F83404241237F127FF630409F
:1073C000255125982E37CA146F2005706F256F69D7
:1073D00007A26F316F0B3004429B428B4255423201
:1073E0007F40A9C36F717F0230D040C37F032F401D
:1073F00091152F00A7132F00A4112F84BD982E796B
:10740000CA556FB75454418200F33F4541CB02F651
:1074100030982E37CA356FA46F4143032C0043A424
:107420006F356F1730426F516F934042820041C3F6
:10743000000343517F002E944041414C02C46FD160
:1074400056630E746F5143A57F8A2F092ED8000111
:10745000B3212FCB58906F1341B66FE47F002E916C
:1074600041144092411540172E6FF5B67FD07FCB67
:107470007F982E000C0715C26F140B292E6FF5C3D1
:10748000A3C18FE46FD06FE62F1430052E6FF51473
:107490000B292E6FF5182DCD560432B56F1C0151F6
:1074A000415241C340B57FE47F982E1F0CE46F2109
:1074B0008700430432CF545A0EEF2F1554092E770C
:1074C000F7220B292E77F7FB6F505EB82E10500174
:1074D0002ED40000B2FB7F512F01B2482F02B242DE
:1074E0002F0390562FD7527980424081840040422A
:1074F00042982E930CD954D750A14098BD82403E5B
:1075000082DA0A44408B16E3005342002E43409A2D
:10751000025242002E414015544A0E3A2F3A820040
:10752000304140212E850F40B20A2F982EB10C9881
:107530002E450E982E5B0EFB6FF05F0030802ECE36
:10754000B7DD52D35442424F847330DB5283421B27
:10755000306B422330272ED700372ED400212ED671
:10756000007A84172C42423030212ED400122D2173
:10757000300030232ED400212E7BF70B2D173098AE
:107580002E510CD5500C8272302F2ED400252E7B1C
:10759000F74042002EFB6FF05FB82E70500A25397D
:1075A00086FB7FE1326230982EC2C4B556A56FAB20
:1075B00008916F4B08DF56C46F23094DBA93BC8CFA
:1075C0000BD16F0B09CB52E15E5642AF094DBA2386
:1075D000BD940AE56F68BBEB08BDB963BEFB6F5293
:1075E00042E30AC02E4342905FD150032E25F3138D
:1075F0004000409BBC9BB408BDB8B998BCDA0A08EF
:10760000B68916C02E190062021050FB7F982E8199
:107610000D012ED40031300804FB6F0130F05F23E0
:107620002ED600212ED700B82E012ED700032ED63D
:1076300000480E012F802E1F0EB82EE3502134017A
:10764000428230C132252E62F50100223001404ACB
:107650000A0142B82EE354F03B8340D808E5528338
:1076600042003083305042C432272E64F5940050DB
:10767000424042D33F84407D82E30840428342B887
:107680002EDD52003040427C86B952092E700FBF69
:1076900054C442D3865440554094428542212ED74B
:1076A000004240252EFDF3C0427E82052E7D0080E3
:1076B000B2142F052E890027BD2FB98090022F21EB
:1076C0002E6FF50C2D072E710F14301C09052E7727
:1076D000F7BD5647BE9308940A252E77F7E7545016
:1076E000424A0EFC2FB82E505002304386E550FB24
:1076F0007FE37FD27FC07FB17F002E4140004048B2
:1077000004982E74C01EAAD36F1430B16FE322C048
:107710006F5240E46F4C0E1242D37FEB2F032E8644
:107720000F40901130032F232E860F022C0030D0F3
:107730006FFB6FB05FB82E4050F17F0A253C86EB9F
:107740007F41332230982EC2C4D36FF430DC094716
:1077500058C26F9409EB586ABBDC08B4B9B1BDE9F3
:107760005A950821BDF6BF770B51BEF16FEB6F52F2
:10777000425442C02E4342C05F5050F55031301148
:1077800042FB7F7B300B42113002802333014203E6
:1077900000072E8003052ED3002352E27FD37FC043
:1077A0007F982EB60ED16F080A1A257B86D07F01EE
:1077B000331230982EC2C4D16F080A00B20D2FE3E5
:1077C0006F012E80035130C786232E21F208BCC0E2
:1077D00042982EA5B7002E002ED02EB06F0BB80306
:1077E0002E1B00081AB07F7030042F212E21F200CA
:1077F0002E002ED02E982E6DC0982E5DC0ED509884
:107800002E44CBEF50982E46C3F150982E53C735D7
:1078100050982E64CF1030982EDC032026C06F02C3
:10782000311242AB330B42378001300142F337F75C
:1078300052FB504440A20A42428B31092E5EF7F9B6
:1078400054E30883421B4223334B00BC840B403378
:107850003083420B42E07FD17F982E58B7D16F80A2
:107860003040420330E06FF3540430002E002E010C
:1078700089620EFA2F43421130FB6FC02E0142B0D5
:107880005FC14A00006D570000778E0000E0FFFFE7
:10789000FFD3FFFFFFE5FFFFFFEEE1FFFF7C1300DB
:1078A0000046E6FFFF0000000000000000000000AE
:1078B00000000000000000000000000000000000C8
:1078C00000000000000000000000000000000000B8
:1078D0000000000000000000000000000000008028
:1078E0002E00C1802E00C1802E00C1802E00C180DC
:1078F0002E00C1802E00C1802E00C1802E00C180CC
:107900002E00C1802E00C1802E00C1802E00C180BB
:107910002E00C1802E00C1802E00C1802E00C180AB
:107920002E00C1802E00C1802E00C1802E00C1809B
:107930002E00C1802E00C1802E00C1802E00C1808B
:107940002E00C1802E00C1802E00C1802E00C1807B
:107950002E00C1802E00C1802E00C1802E00C1806B
:107960002E00C1802E00C1802E00C1802E00C1805B
:107970002E00C1802E00C1802E00C1802E00C1804B
:107980002E00C1802E00C1802E00C1802E00C1803B
:107990002E00C1802E00C1802E00C1802E00C1802B
:1079A0002E00C1802E00C1802E00C1802E00C1801B
:1079B0002E00C1802E00C1802E00C1802E00C1800B
:1079C0002E00C1802E00C1802E00C169636D5F73DF
:1079D000657475705F574F4D0069636D5F736574B3
:1079E00075705F445244590069636D5F74656D70D2
:1079F0005F726561640069636D5F6779726F5F7262
:107A00006561640069636D5F616363656C5F726586
:107A100061640069636D5F646174615F7265616474
:107A20000069636D5F7570646174655F6F64720097
:107A300069636D5F73687574646F776E0069636DF9
:107A40005F696E69740080008000800049434D3496
:107A500032363838000102030405060F0708090A08
:107A60000B25733A20436F6D6D756E6963617469A0
:107A70006F6E206572726F72207768656E20726516
:107A80006164696E672072657365742073746174D4
:107A9000650025733A20494D552072657365742041
:107AA00069732070656E64696E67202830782530B0
:107AB0003278292C2077616974696E672E2E2E002A
:107AC00025733A20496E76616C69642062616E6B41
:107AD0002077726974652073697A650025733A208E
:107AE000496E76616C69642062616E6B20726561BB
:107AF000642073697A650043616E6E6F74207265ED
:107B00006164206D616720646174612C2061732061
:107B100062756666657220697320746F6F20736D7D
:107B2000616C6C3A2025642062797465730025735A
:107B30003A2053656E736F72206E6F7420696E20E9
:107B4000636F7272656374206D6F646520746F205B
:107B5000706572666F726D206578742077726974D3
:107B6000653A2025640025733A20556E7375707050
:107B70006F727465642077726974650025733A20AA
:107B80004932434D206572726F723A202530327847
:107B90000025733A20556E737570706F727465644A
:107BA0002077726974655F726561640025733A209D
:107BB00053656E736F72206E6F7420696E20636FF1
:107BC0007272656374206D6F646520746F207065D8
:107BD00072666F726D2065787420777269746520A3
:107BE000726561643A2025640025733A20436F6D05
:107BF0006D756E69636174696F6E206572726F7204
:107C00003A2025640069636D34355F646174615F97
:107C1000726561640069636D34355F6578745F73A4
:107C2000657475700069636D34355F6578745F776E
:107C3000726974655F726561640069636D34355F94
:107C40006578745F77726974650069636D34355F58
:107C500062616E6B5F726561640069636D34355F8C
:107C600062616E6B5F77726974650069636D34354C
:107C70005F73657475705F574F4D0069636D343580
:107C80005F73657475705F445244590069636D3465
:107C9000355F74656D705F726561640069636D3432
:107CA000355F6779726F5F726561640069636D3417
:107CB000355F616363656C5F726561640069636D04
:107CC00034355F7570646174655F6F6472006963F9
:107CD0006D34355F73687574646F776E0069636DBA
:107CE00034355F696E69740080008000800049430C
:107CF0004D343536383600030405060708090A0BEB
:107D00000C69736D5F616363656C5F7265616400CC
:107D10004649464F206E6F7420616C69676E6564DA
:107D2000006C736D3664736D5F73657475705F5747
:107D30004F4D006C736D3664736D5F736574757051
:107D40005F44524459006C736D3664736D5F6461B7
:107D500074615F72656164006C736D3664736D5F2E
:107D60007570646174655F6F6472006C736D366406
:107D7000736D5F696E6974004C534D3644534D000A
:107D8000A09080706050403020100C080400040C5B
:107D900008006C736D3664736F5F6578745F73652C
:107DA000747570006C736D3664736F5F7365747592
:107DB000705F574F4D006C736D3664736F5F646115
:107DC00074615F72656164006C736D3664736F5FBC
:107DD0007570646174655F6F6472006C736D366496
:107DE000736F5F696E6974004C534D3644534F0096
:107DF000A09080706050403020100C080400040CEB
:107E00000800444941475245472077686F3D253077
:107E10003258204354524C313D253032582043547F
:107E2000524C323D25303258204354524C333D257C
:107E3000303258204354524C363D2530325820437E
:107E400054524C383D25303258204643333D25307E
:107E50003258204643343D25303258204946434667
:107E6000473D253032580044494147205354323D64
:107E700025303258205354313D2530325820636E1E
:107E8000743D25752066697865643D2575207768A1
:107E90006F3D30782530325820746167733D25304E
:107EA00032582C253032582C253032582066663D09
:107EB00025642F25640025733A2057726974652064
:107EC00074696D656F7574006C736D5F6578745F50
:107ED00077726974655F72656164006C736D5F656C
:107EE00078745F7772697465006C736D5F65787420
:107EF0005F7365747570006C736D5F736574757016
:107F00005F574F4D006C736D5F73657475705F44A0
:107F1000524459006C736D5F74656D705F7265617A
:107F200064006C736D5F6779726F5F726561640086
:107F30006C736D5F616363656C5F72656164006C37
:107F4000736D5F646174615F72656164006C736D11
:107F50005F7570646174655F6F6472006C736D5FF0
:107F600073687574646F776E006C736D5F696E69AA
:107F700074004C534D36445356000C0B0A09080745
:107F80000605040302010C040302010003020100C0
:107F900025733A20556E737570706F727465642026
:107FA0006275727374206C656E67746800557369CE
:107FB0006E67206D696E696D756D20627572737480
:107FC000206C656E6774680025733A20494D552012
:107FD0006D75737420636F6E666967757265206571
:107FE000787465726E616C20696E74657266616327
:107FF00065206265666F7265207265676973746576
:1080000072696E67206D61676E65746F6D6574650A
:10801000720025733A2045787465726E616C206930
:108020006E74657266616365206E6F74207573652A
:1080300064206F766572204932430025733A2049E7
:108040004D55206D75737420626520726567697384
:108050007465726564206265666F7265207265671B
:108060006973746572696E67206D61676E65746FA0
:108070006D657465720073656E736F725F696E749F
:108080006572666163655F72656769737465725F67
:1080900073656E736F725F6D61675F65787400738F
:1080A000656E736F725F696E746572666163650099
:1080B00025733A20526561642074696D656F75742B
:1080C00000616B5F74656D705F7265616400616B08
:1080D0005F6D61675F7265616400616B5F6D6167B1
:1080E0005F6F6E6573686F7400616B5F757064615C
:1080F00074655F6F647200616B5F73687574646F41
:10810000776E00414B303939343000626D6D315F2C
:108110006D61675F7265616400626D6D315F6D6195
:10812000675F6F6E6573686F7400626D6D315F7548
:1081300070646174655F6F647200626D6D315F734E
:10814000687574646F776E00726561645F747269DC
:108150006D5F72656769737465727300626D6D310E
:108160005F696E697400626D6D335F74656D705F19
:108170007265616400626D6D335F6D61675F72652A
:10818000616400626D6D335F6D61675F6F6E657313
:10819000686F7400626D6D335F7570646174655FE4
:1081A0006F647200626D6D335F73687574646F77AE
:1081B0006E00424D4D3335300069737438333036BC
:1081C0005F6D61675F726561640069737438333035
:1081D000365F6D61675F6F6E6573686F740069739A
:1081E00074383330365F7570646174655F6F6472C4
:1081F00000697374383330365F73687574646F77F1
:108200006E00495354383330360069737438333054
:10821000385F6D61675F72656164006973743833DC
:1082200030385F6D61675F6F6E6573686F7400698A
:108230007374383330385F7570646174655F6F6470
:108240007200697374383330385F73687574646FA3
:10825000776E0049535438333038006C6973325F9D
:1082600074656D705F72656164006C6973325F6D17
:1082700061675F72656164006C6973325F6D61672D
:108280005F6F6E6573686F74006C6973325F7570D1
:10829000646174655F6F6472006C6973325F7368E8
:1082A0007574646F776E006C6973335F74656D709D
:1082B0005F72656164006C6973335F6D61675F72E3
:1082C000656164006C6973335F6D61675F6F6E65D4
:1082D00073686F74006C6973335F75706461746583
:1082E0005F6F6472006C6973335F73687574646F79
:1082F000776E006C6973335F696E6974004C495323
:10830000334D444C006D6D635F5245534554006DD1
:108310006D635F74656D705F72656164006D6D6340
:108320005F6D61675F72656164006D6D635F6D6154
:10833000675F6F6E6573686F74006D6D635F7570F6
:10834000646174655F6F6472006D6D635F736875FF
:1083500074646F776E006D6D635F534554006D6D8F
:10836000635F696E6974004D4D43353938334D4153
:108370000044617461206E6F7420726561647900DD
:108380004D61676E65746F6D65746572206F76659B
:1083900072666C6F7700716D635F6D61675F7265A8
:1083A000616400716D635F6D61675F6F6E657368B7
:1083B0006F7400716D635F7570646174655F6F6485
:1083C0007200716D635F73687574646F776E0051CE
:1083D0004D43363330390073656E736F725F73636C
:1083E000616E0025733A205363616E6E696E67207B
:1083F000616464726573733A2030782530325800B6
:1084000025733A205363616E6E696E6720726567EB
:1084100069737465723A20307825303258002573BC
:108420003A20506F77657220757020424D4D31357E
:10843000300025733A20526561642076616C756561
:108440003A203078253032580056616C69642064D7
:10845000657669636520666F756E6420617420615E
:108460006464726573733A2030782530325820285E
:1084700072656769737465723A20307825303258B6
:108480002C2076616C75653A203078253032582979
:10849000004E6F2064657669636520666F756E6453
:1084A00020617420616464726573733A20307825AA
:1084B0003032580073656E736F725F7363616E5F05
:1084C0006578740073656E736F725F7363616E5F5E
:1084D0006578740025733A206572723A202564002D
:1084E00025733A20526561642076616C75653A2087
:1084F0003078253032582C203078253032582C20D6
:1085000030782530325820283078253032582900EC
:1085100056616C69642064657669636520666F7571
:108520006E64207573696E67207265676973746520
:10853000723A20307825303258202876616C756583
:108540003A2030782530325829004E6F2064657605
:1085500069636520666F756E64207573696E672048
:1085600072656769737465723A20307825303258C5
:108570000073656E736F725F7363616E5F737069B2
:108580000073656E736F725F7363616E5F737069A2
:108590000053757370656E6465642073656E736FE8
:1085A0007220746872656164001B5B33383B353B35
:1085B0003139363B316D4E6F6E651B5B306D004E51
:1085C0006F6E6500494D5520616464726573733A3E
:1085D000203078253032582C2072656769737465B5
:1085E000723A20307825303258004D61676E6574DC
:1085F0006F6D6574657220616464726573733A208F
:108600003078253032582C20726567697374657232
:108610003A20307825303258005363616E6E696EAF
:1086200067205350492062757320666F7220494D50
:108630005500466F756E6420756E6B6E6F776E2099
:1086400064657669636500466F756E642025730006
:1086500025733A204E6F20494D552064657465633B
:108660007465640025733A20494D55206E6F74205F
:10867000737570706F72746564005363616E6E69B8
:108680006E672062757320666F72206D61676E651C
:10869000746F6D65746572207468726F7567682099
:1086A000494D55204932434D0025733A20466169B2
:1086B0006C656420746F20726567697374657220DD
:1086C0006D61676E65746F6D657465722065787431
:1086D00065726E616C20696E7465726661636500B7
:1086E0004E6F206D61676E65746F6D657465722085
:1086F00064657465637465640025733A204D616731
:108700006E65746F6D65746572206E6F742073751D
:1087100070706F72746564005265747279696E6707
:108720002073656E736F7220646574656374696F1E
:108730006E00467573696F6E2064617461207265A6
:10874000636F76657265640053656E736F7220693E
:108750006E69742C2073687574646F776E20666917
:10876000727374004449414757484F20312961666C
:108770007465722D7363616E2F6265666F72652D0D
:1087800073687574646F776E2077686F3D307825F5
:10879000303258004449414757484F2032296166DA
:1087A0007465722D73772D72657365742020202097
:1087B00020202020202020202077686F3D30782541
:1087C0003032580053656E736F7220636C6F636B49
:1087D00020726174653A20252E3266487A00416322
:1087E00063656C65726F6D657465722072616E672A
:1087F000653A20252E326667004779726F73636F82
:1088000070652072616E67653A20252E326664704D
:108810007300526571756573746564205350492007
:108820006672657175656E63793A20252E32664DE4
:10883000487A00416363656C65726F6D657465723B
:1088400020696E697469616C20726174653A2025D3
:108850002E3266487A004779726F6D6574657220B2
:10886000696E697469616C20726174653A20252EA5
:108870003266487A004D61676E65746F6D65746528
:108880007220696E697469616C20726174653A2046
:10889000252E3266487A00496E697469616C697A7E
:1088A00065642073656E736F7273004170706C79CC
:1088B000696E67206779726F73636F706520676197
:1088C000696E00574553545F544F504449522F7AB4
:1088D00065706879722F696E636C7564652F7A654F
:1088E000706879722F647269766572732F67706928
:1088F0006F2E6800415353455254494F4E20464114
:10890000494C20402025733A25640A005573696E4E
:108910006720257300496E697469616C697A6564C2
:1089200020667573696F6E0025733A204661696C25
:10893000656420746F20616C6C6F63617465206D79
:10894000656D6F727920666F72204649464F2062CE
:10895000756666657200537769746368696E67202F
:1089600073656E736F727320746F206C6F77206EF7
:108970006F69736500537769746368696E67207304
:10898000656E736F727320746F206C6F7720706FD9
:1089900077657200537769746368696E67207365E1
:1089A0006E736F727320746F206C6F7720706F77A7
:1089B00065722032004E6F207061636B65747320A6
:1089C00070726F636573736564004E6F20706163CE
:1089D0006B65747320696E2062756666657200252A
:1089E000733A205061636B6574206572726F7220F8
:1089F0007468726573686F6C64206578636565641C
:108A0000656400457870656374656420256420742E
:108A1000696D657374657025732C20676F742025EC
:108A200064004E6F206D6F74696F6E2066726F6D9B
:108A30002073656E736F727320696E2025646D7389
:108A400000537769746368696E6720746F2061638F
:108A50007469766974792074696D656F7574004EF8
:108A60006F206D6F74696F6E2066726F6D20736515
:108A70006E736F727320696E2025646D004E6F20D7
:108A80006D6F74696F6E2066726F6D2073656E73A3
:108A90006F727320696E20256C6C6473004C617377
:108AA00074207570646174652073746570732074CC
:108AB0006F6F6B20757020746F20256C6C64206D57
:108AC000730053656E736F7220696E746572727590
:108AD00070742074696D656F75740053746F707075
:108AE00065642073656E736F72207468726561646B
:108AF000005265717565737465642073656E736F7C
:108B000072207363616E00537461727465642073C4
:108B1000656E736F72206C6F6F700025733A20461C
:108B200061696C656420746F2073687574646F7715
:108B30006E2073656E736F72730025733A20466101
:108B4000696C656420746F20636F6E666967757207
:108B50006520494D552077616B6520757000526521
:108B600073756D65642073656E736F7220746872BF
:108B70006561640073656E736F725F7365747570A1
:108B80005F574F4D0073656E736F725F73687574D6
:108B9000646F776E0073656E736F725F6C6F6F706A
:108BA0000073656E736F725F7363616E0073656EE1
:108BB000736F725F696E69745F7468726561645F18
:108BC00069640073656E736F7200484D43353838C1
:108BD000334C00514D43353838334C00514D4336FA
:108BE00033313000414B3839363300414B3039395D
:108BF00031360049535438333230004953543833F6
:108C0000323100494953324D44432F4C4953324D80
:108C1000444C004D4D433334313630504A004D4DB5
:108C200043333633304B4A004D4D43353630334EA7
:108C30004A2F4D4D43353633334E4A4C004D4D434C
:108C400035363136574100424D4931363000424DBC
:108C500049333233004D50552D363030302F4D5082
:108C6000552D36303530004D50552D3635303000CD
:108C70004D50552D393235300049434D2D32303964
:108C800034380049434D2D34323638382D502F4971
:108C9000434D2D34323638382D560049434D2D344E
:108CA000353638360049434D2D34353638382D5059
:108CB000004C534D3644534F313649532F49534D91
:108CC0003333304953004C534D36445333004C53E7
:108CD0004D3644533354522D432F4C534D36445349
:108CE0004C2F4C534D3644534D2F49534D33333055
:108CF000444C43004C534D364453522F49534D334B
:108D0000333044484358004C534D36445354004C80
:108D1000534D364453563136422F49534D33333039
:108D2000425800565146000209A302084801A30216
:108D3000084801FF01A3020848013201330306205D
:108D4000210180013D0148013D01400106020A3038
:108D5000021011018001900201000301000D0201C7
:108D60000001400100010002000F030A0F4F032021
:108D70002F3901000100010C010D020E0F0410112A
:108D8000121304141516170119011C011E013001DC
:108D90003C017C04EAD1244302E9E705687071478D
:108DA000DB0822696A6B6C6D707103007275010FCC
:108DB00073656E736F725F6E6F6E65004E6F7420B9
:108DC000656E6F756768206461746120746F2063DD
:108DD000616C63756C61746520646973636861724A
:108DE000676520637572766500547261636B6572A6
:108DF00020726573657400547261636B65722069DB
:108E00006E697469616C697A65643A2025362E3220
:108E100066252500556E6163636F756E7465642009
:108E20006368616E676520746F2062617474657237
:108E30007920534F433A2025352E326625252028A8
:108E40006D696E29202D3E2025352E326625252080
:108E50000025733A2041626E6F726D616C20636809
:108E6000616E676520746F20626174746572792029
:108E7000534F433A2025352E3266252520286D692B
:108E80006E29202D3E2025352E32662525200025F1
:108E9000733A2041626E6F726D616C206368616E1F
:108EA000676520746F206261747465727920534F16
:108EB000433A2025352E3266252520286D617829F4
:108EC000202D3E2025362E32662525200041626E5B
:108ED0006F726D616C206368616E676520746F20CE
:108EE0006261747465727920534F433A2025352EA0
:108EF000326625252F6D696E202825352E32662590
:108F000025202D3E2025352E3266252520696E2010
:108F1000256C6C7520757329004E657720696E7419
:108F2000657276616C3A20252E32662525005570D3
:108F30006461746520696E74657276616C3A20258F
:108F40002E326625250025733A20496E74657276A7
:108F5000616C2025753A20256C6C7520757320692D
:108F60007320746F6F2073686F72740025733A20DA
:108F7000496E76616C69642063757276650052652E
:108F800073657474696E67206261747465727920A8
:108F9000747261636B65722077696C6C20636C65B9
:108FA000617220616C6C20626174746572792063F7
:108FB000616C6962726174696F6E20646174612EA4
:108FC00020506C6561736520726573656E642074F2
:108FD000686520636F6D6D616E6420746F20636FD0
:108FE0006E6669726D2E0A00526573657474696EDF
:108FF00067206261747465727920747261636B6555
:10900000720A004261747465727920747261636BD4
:109010006572207265736574006170706C795F634E
:1090200075727665007570646174655F696E7465EC
:109030007276616C007379735F7570646174655FDB
:10904000626174746572795F747261636B657200DA
:10905000626174746572795F747261636B657200CA
:109060006C65645F7468726561645F696400456E15
:10907000746572696E67206E657720706F776572B0
:10908000207374617465207768696C652073656E00
:10909000736F72206572726F7220697320726169DA
:1090A00073656400456E746572696E67206E6577DE
:1090B00020706F77657220737461746520776869BA
:1090C0006C652073797374656D206572726F7220A0
:1090D00069732072616973656400574553545F5426
:1090E0004F504449522F6D6F64756C65732F6861E2
:1090F0006C2F6E6F726469632F6E7266782F686171
:109100006C2F6E72665F6770696F2E680025733A08
:109110002053797374656D20697320616C72656189
:10912000647920656E746572696E672061206E6572
:109130007720706F77657220737461746500446581
:109140006C6179656420666F7220554152542062CB
:1091500061636B656E64006C6F675F6261636B6512
:109160006E645F7561727400494D552077616B655F
:109170002075702072657175657374656400494D62
:10918000552077616B65207570206E6F7420617655
:1091900061696C61626C652C2077616974696E67C6
:1091A000206F6E204553422F737461747573207263
:1091B00065616479004553422F737461747573203F
:1091C00072656164792074696D6564206F757400DF
:1091D000436F6E6669677572656420494D552077E7
:1091E000616B652075700057616B65207570204755
:1091F00050494F2070696E3A2025752C20636F6EA0
:109200006669673A20257500436F6E6669677572F7
:10921000656420494D552077616B65207570204746
:1092200050494F00506F776572696E67206F6666B0
:10923000206E52460053797374656D207265626FBB
:109240006F74207265717565737465640052656230
:109250006F6F74696E67206E524600537973746540
:109260006D206F6666207265717565737465640044
:109270005265717565737465642073656E736F7282
:10928000207363616E206F6E206E65787420626F4C
:109290006F740057616B65207570204750494F20EF
:1092A00070696E3A20257500446973636F6E6E6550
:1092B0006374656420494D552077616B6520757036
:1092C000204750494F00494D5520435320475049AE
:1092D0004F2070696E3A20257500446973636F6E84
:1092E0006E656374656420494D5520435320475093
:1092F000494F0025733A2043616E6E6F7420646994
:109300007361626C652063686172676572002573C2
:109310003A204661696C656420746F2072656164EF
:10932000206261747465727920766F6C7461676510
:109330003A20256400426174746572792025752590
:109340002520282564206D562900426174746572B9
:1093500079206E6F7420617661696C61626C652042
:10936000282564206D56290025733A2042617474C3
:1093700065727920766F6C746167652072656164CF
:10938000696E672069732061626E6F726D616C0037
:1093900044697363686172676564206261747465AF
:1093A0007279004368616E676520746F2062617432
:1093B0007465727920534F433A2025352E32662545
:1093C00025202D3E2025352E326625250073657417
:1093D0005F636861726765725F656E61626C65008C
:1093E0007379735F706F7765725F73746174655FB3
:1093F0007265717565737400706F7765725F7468FC
:109400007265616400706F7765725F746872656120
:10941000645F69640064697361626C655F444655AA
:109420005F7468726561645F69640025733A2053F4
:10943000656E736F7220636F6D6D756E69636174B5
:10944000696F6E206572726F7200436F6E6E656336
:1094500074696F6E206572726F720025733A2047CF
:10946000656E6572616C206572726F720055534251
:1094700020636F6E6E656374656400436861726734
:10948000657220706C75676765640043616C696222
:10949000726174696F6E2072756E6E696E670042DC
:1094A0007574746F6E207072657373656400436CBD
:1094B0006561726564207374617475733A20256404
:1094C000005374617475733A202564007365745F8A
:1094D000737461747573007374617475735F77610D
:1094E000726E5F7468726561645F69640073746151
:1094F0007475735F6572726F725F746872656164B0
:109500005F69640025733A204661696C6564207464
:109510006F20676574207061676520696E666F00F3
:1095200025733A204661696C656420746F206D6F05
:10953000756E74204E56530025733A204661696C4F
:10954000656420746F2066657463682073616D7054
:109550006C652066726F6D206E52462074656D706A
:1095600065726174757265206465766963650A0069
:10957000436F6E6669677572656420737730207318
:10958000656E73650025733A204661696C656420D9
:10959000746F20777269746520746F204E56532C57
:1095A000206572726F723A2025640025733A204656
:1095B00061696C656420746F2072656164206672F5
:1095C0006F6D204E56532C206572726F723A2025B3
:1095D0006400526561642064617461207365742065
:1095E000746F207A65726F00496E76616C69646190
:1095F0007465642052414D0056616C696461746504
:10960000642052414D00526573657474696E672021
:109610004E565320616E642072657461696E656494
:109620002077696C6C20636C65617220616C6C20C2
:1096300070616972696E672C2073656E736F72203A
:1096400063616C6962726174696F6E2064617461D8
:109650002C20616E6420626174746572792063618C
:109660006C6962726174696F6E20646174612E202E
:10967000506C6561736520726573656E64207468F3
:109680006520636F6D6D616E6420746F20636F6E13
:109690006669726D2E0A00526573657474696E672F
:1096A000204E565320616E642072657461696E6548
:1096B000640A004E565320616E64207265746169BD
:1096C0006E65642072657365740053746F726167B0
:1096D0006520706172746974696F6E3A2025752017
:1096E00062797465730A00416C6C6F6361746564C0
:1096F000204E56533A202575202A202575203D20DE
:1097000025752062797465730A004E56532066727F
:1097100065653A2025642062797465732C206D613B
:10972000783A2025642062797465730A0055736560
:10973000722073687574646F776E207265717565D9
:109740007374656400494D552063616C6962726190
:1097500074696F6E2072657175657374656400500D
:10976000616972696E6720726573657420726571D4
:1097700075657374656400427574746F6E207072E1
:1097800065737365642025642074696D6573004298
:109790007574746F6E207761732070726573736572
:1097A000642025642074696D6573007379735F723A
:1097B000656164007379735F7772697465007379AA
:1097C000735F6E76735F696E69740074656D705F48
:1097D00074687265616400627574746F6E5F74683A
:1097E000726561645F69640074656D705F7468724E
:1097F0006561645F6964007573625F696E69745F57
:109800007468726561645F69640075736200000763
:109810000E091C1B1215383F363124232A2D5745BB
:1098200053545F544F504449522F7A65706879728F
:109830002F6C69622F686561702F686561702E6397
:1098400000574553545F544F504449522F7A657026
:109850006879722F6C69622F6F732F6362707269FF
:109860006E74665F7061636B616765642E63002868
:10987000756E7369676E6564292063686172202A5A
:10988000207573656420666F7220252570206172D3
:1098900067756D656E742E20497427732072656339
:1098A0006F6D6D656E64656420746F2063617374A1
:1098B00020697420746F20766F6964202A206265A5
:1098C0006361757365206974206D617920636175CA
:1098D0007365206D69736265686176696F7220696E
:1098E0006E206365727461696E20636F6E6669676E
:1098F00075726174696F6E732E20537472696E672E
:109900003A2225732220617267756D656E743A255F
:10991000640063627072696E74665F7061636B612C
:10992000676500286E696C2900574553545F544F92
:10993000504449522F7A65706879722F6C69622F92
:109940006F732F6D7073635F706275662E6300575F
:109950004553545F544F504449522F7A657068798B
:10996000722F696E636C7564652F7A6570687972A1
:109970002F7370696E6C6F636B2E68004661696C43
:10998000656420746F207265626F6F743A20737023
:10999000696E6E696E6720656E646C6573736C7951
:1099A0002E2E2E0A007F7F7F7F7F7F7F7F7F7F7FAE
:1099B0007F7F7F7F7F7F7F7F7F7F7F7F7F7F7F7FB7
:1099C0007F7F7F7F7F7F7F7F7F7F7F7F7F7F7F7FA7
:1099D0003E7F7F7F3F3435363738393A3B3C3D7FD9
:1099E0007F7F407F7F7F000102030405060708098F
:1099F0000A0B0C0D0E0F101112131415161718194F
:109A00007F7F7F7F7F7F1A1B1C1D1E1F202122232B
:109A10002425262728292A2B2C2D2E2F303132338E
:109A20007F7F7F7F7F4142434445464748494A4BB9
:109A30004C4D4E4F505152535455565758595A61E8
:109A400062636465666768696A6B6C6D6E6F70717E
:109A500072737475767778797A303132333435367B
:109A60003738392B2F574553545F544F5044495280
:109A70002F7A65706879722F6C69622F7574696CC2
:109A8000732F6F6E6F66662E6300574553545F5495
:109A90004F504449522F7A65706879722F6C696211
:109AA0002F7574696C732F6E6F746966792E6300FD
:109AB000574553545F544F504449522F7A6570684C
:109AC00079722F6C69622F7574696C732F72696E6D
:109AD000675F6275666665722E630025733A204E75
:109AE0005653206E6F7420696E697469616C697A6F
:109AF00065640025733A20436F756C64206E6F7443
:109B0000206F627461696E20666C61736820706199
:109B100072616D65746572730025733A20556E73BA
:109B20007570706F727465642077726974652062F5
:109B30006C6F636B2073697A650025733A20556EEC
:109B400061626C6520746F20676574207061676561
:109B500020696E666F0025733A20496E76616C69E4
:109B60006420736563746F722073697A650025736E
:109B70003A20436F6E66696775726174696F6E2013
:109B80006572726F72202D20736563746F7220632B
:109B90006F756E7400416C6C20736563746F7273C3
:109BA00020636C6F7365642C2065726173696E67E6
:109BB00020616C6C20736563746F72732E2E2E009F
:109BC0006E76735F736563746F725F6D61785F64E7
:109BD0006174615F73697A65006E76735F63616C4F
:109BE000635F667265655F7370616365006E76734F
:109BF0005F726561645F68697374006E76735F7726
:109C000072697465006E76735F6D6F756E74006E49
:109C100076735F636C6561720066735F6E76730066
:109C20006C6F6767696E6700574553545F544F50B8
:109C30004449522F7A65706879722F73756273790F
:109C4000732F6C6F6767696E672F6C6F675F636FE9
:109C500072652E63006C6F6700574553545F544F15
:109C6000504449522F7A65706879722F7375627308
:109C700079732F6C6F6767696E672F6C6F675F6DA5
:109C8000676D742E6300574553545F544F504449D9
:109C9000522F7A65706879722F696E636C7564658E
:109CA0002F7A65706879722F6C6F6767696E672F9E
:109CB0006C6F675F6261636B656E642E68006C6FCA
:109CC000675F6D676D74004D65737361676520280C
:109CD00022257322292064726F707065642062658A
:109CE0006361757365206974206578636565647365
:109CF0002073697A65206C696D69746174696F6E2F
:109D0000202825752900574553545F544F50444926
:109D1000522F7A65706879722F7375627379732F19
:109D20006C6F6767696E672F6C6F675F6D73672E07
:109D300063004D6573736167652064726F70706551
:109D4000642062656361757365206974206578635A
:109D5000656564732073697A65206C696D697461E7
:109D600074696F6E2028257529000D0A0057455328
:109D7000545F544F504449522F7A65706879722F5E
:109D80007375627379732F6C6F6767696E672F6C79
:109D90006F675F6F75747075742E63002573200094
:109DA0005B2530386C755D20005B253032753A25B7
:109DB0003032753A253032752E253033752C2530EA
:109DC00033755D200025732F003C25733E20002550
:109DD000733A2000253032782000202020007C00BB
:109DE000256300206D657373616765732064726F0E
:109DF00070706564202D2D2D0D0A1B5B306D001BCE
:109E00005B313B33316D2D2D2D20001B5B313B33FE
:109E1000316D001B5B313B33336D0065727200772F
:109E2000726E00696E6600646267006C6F675F62E5
:109E300061636B656E645F72747400574553545F61
:109E4000544F504449522F7A65706879722F737558
:109E5000627379732F6C6F6767696E672F626163D6
:109E60006B656E64732F6C6F675F6261636B656EA9
:109E7000645F756172742E63006C6F675F756172E9
:109E8000740073757370656E646564006F66660058
:109E9000706D5F6465766963650000010103010010
:109EA0000301574553545F544F504449522F7A652C
:109EB000706879722F7375627379732F7573622F5F
:109EC0006465766963652F7573625F64657669633F
:109ED000652E630025733A20456E64706F696E7459
:109EE0002030782530327820697320696E76616C75
:109EF00069640025733A204661696C656420746F5B
:109F00002064697361626C6520656E64706F696E50
:109F100074203078253032780025733A2046616904
:109F20006C656420746F20636F6E66696775726517
:109F300020656E64706F696E7420307825303278D9
:109F40000025733A204661696C656420746F206552
:109F50006E61626C6520656E64706F696E7420302E
:109F600078253032780025733A2052657175657313
:109F7000742062756666657220746F6F20736D6100
:109F80006C6C0025733A204661696C656420746FBF
:109F900020636F6E66696775726520555342206451
:109FA000657669636520737461636B0025733A207D
:109FB0004572726F6E656F7573206465766963654F
:109FC0002064657363726970746F72206F722062AF
:109FD0004D61785061636B657453697A65300075C3
:109FE00073625F68616E646C655F636F6E74726FDD
:109FF0006C5F7472616E73666572007573625F6523
:10A000006E61626C65007365745F656E64706F6924
:10A010006E74006765745F65705F626D5F66726F16
:10A020006D5F616464720064697361626C655F6531
:10A030006E64706F696E74007573625F64657669D3
:10A040006365003031323334353637383941424375
:10A0500044454600574553545F544F504449522F8E
:10A060007A65706879722F7375627379732F75735F
:10A07000622F6465766963652F7573625F646573CB
:10A0800063726970746F722E630025733A2054688E
:10A09000657265206973206E6F207573625F6366F9
:10A0A000675F6461746120666F722025700025739C
:10A0B0003A20556E696E697469616C697A656420CD
:10A0C0007573625F6366675F6461746120706F6956
:10A0D0006E7465722C20636F727275707465642083
:10A0E0006465766963652064657363726970746F13
:10A0F000723F0025733A204661696C656420746F75
:10A100002076616C696461746520656E64706F6946
:10A110006E74730025733A20496E636F6D706C65C1
:10A12000746520646576696365206465736372692C
:10A1300070746F720025733A204661696C65642003
:10A14000746F20666978757020555342206465737A
:10A1500063726970746F72007573625F6669785FAD
:10A1600064657363726970746F72007573625F67A0
:10A1700065745F6465766963655F6465736372695E
:10A1800070746F72007573625F6465736372697077
:10A19000746F720025733A205472616E7366657233
:10A1A000206572726F722025642C206570203078D3
:10A1B000253032780025733A20525820646174614A
:10A1C000206C6F73742C206E6F207472616E7366D6
:10A1D00065720025733A204E6F207472616E73664B
:10A1E000657220736C6F7420617661696C61626C5A
:10A1F000650025733A2041207472616E7366657242
:10A2000020697320616C7265616479206F6E676F7D
:10A21000696E672C206570203078253032780075A3
:10A2200073625F7472616E73666572007573625FEC
:10A230007472616E736665725F776F726B007573AF
:10A24000625F7472616E736665725F65705F636191
:10A250006C6C6261636B007573625F7472616E73C4
:10A26000666572006364635F61636D5F75617274DC
:10A270003000757362776F726B7100736574746907
:10A280006E677300666C617368002A2A2A20426F29
:10A290006F74696E6720536C696D6556522D5472E8
:10A2A00061636B65722D6E52462076302E302E30F3
:10A2B0002D646961672D6669666F202D20756E6B50
:10A2C0006E6F776E20636F6D6D6974202A2A2A0A7B
:10A2D000002A2A2A205573696E67206E5246204351
:10A2E0006F6E6E6563742053444B2076332E312E8F
:10A2F000312D306666623436623862396165202AF3
:10A300002A2A0A002A2A2A205573696E67205A656C
:10A3100070687972204F532076342E312E39392DC2
:10A32000666638663063353739656562202A2A2AC1
:10A330000A006D757465785F696E69742063616C7D
:10A340006C65642077697468204E554C4C207061B0
:10A3500072616D6574657200436F756C64206E6F19
:10A360007420616C6C6F63617465206D75746578C1
:10A37000206265666F726520696E697469616C69D7
:10A380007A696E670025733A2072302F61313A2066
:10A3900020307825303878202072312F61323A20F1
:10A3A00020307825303878202072322F61333A20DF
:10A3B000203078253038780025733A2072332F61A9
:10A3C000343A2020307825303878207231322F69A5
:10A3D000703A2020307825303878207231342F6C54
:10A3E000723A20203078253038780025733A2020C2
:10A3F000787073723A2020307825303878002573D1
:10A400003A20735B2532645D3A202030782530385D
:10A41000782020735B2532645D3A20203078253027
:10A4200038782020735B2532645D3A20203078250F
:10A430003038782020735B2532645D3A20203078F4
:10A44000253038780025733A2066707363723A209D
:10A45000203078253038780025733A204661756CB5
:10A4600074696E6720696E737472756374696F6E58
:10A47000206164647265737320287231352F7063B4
:10A48000293A203078253038780025733A20556EE7
:10A4900068616E646C6564204952516E3A2025648F
:10A4A000006573665F64756D70007A5F61726D5FE1
:10A4B000666174616C5F6572726F720025733A2019
:10A4C0002A2A2A2A2A204D5055204641554C5420EC
:10A4D0002A2A2A2A2A0025733A20202053746163ED
:10A4E0006B696E67206572726F722028636F6E747D
:10A4F0006578742061726561206D69676874206297
:10A5000065206E6F742076616C6964290025733A4A
:10A51000202020556E737461636B696E67206572CD
:10A52000726F720025733A202020446174612041CB
:10A5300063636573732056696F6C6174696F6E0035
:10A5400025733A2020204D4D4641522041646472CB
:10A550006573733A20307825780025733A202020DF
:10A56000496E737472756374696F6E2041636365BD
:10A5700073732056696F6C6174696F6E0025733A4E
:10A58000202020466C6F6174696E672D706F696E54
:10A5900074206C617A7920737461746520707265BF
:10A5A000736572766174696F6E206572726F720086
:10A5B000574553545F544F504449522F7A65706841
:10A5C00079722F617263682F61726D2F636F72658C
:10A5D0002F636F727465785F6D2F6661756C742E72
:10A5E000630025733A202A2A2A2A2A2055534147F4
:10A5F00045204641554C54202A2A2A2A2A002573F0
:10A600003A2020204469766973696F6E2062792050
:10A610007A65726F0025733A202020556E616C694F
:10A62000676E6564206D656D6F7279206163636527
:10A6300073730025733A2020204E6F20636F707271
:10A640006F636573736F7220696E73747275637470
:10A65000696F6E730025733A202020496C6C656722
:10A66000616C206C6F6164206F66204558435F52B7
:10A67000455455524E20696E746F20504300257327
:10A680003A202020496C6C6567616C2075736520E9
:10A690006F662074686520455053520025733A2038
:10A6A0002020417474656D707420746F2065786526
:10A6B0006375746520756E646566696E656420698E
:10A6C0006E737472756374696F6E0025733A202A15
:10A6D0002A2A2A2A20425553204641554C54202AE2
:10A6E0002A2A2A2A0025733A202020537461636B9A
:10A6F000696E67206572726F720025733A202020A0
:10A70000507265636973652064617461206275735A
:10A71000206572726F720025733A202020424641F4
:10A720005220416464726573733A20307825780052
:10A7300025733A202020496D707265636973652026
:10A740006461746120627573206572726F72002596
:10A75000733A202020496E737472756374696F6E4A
:10A7600020627573206572726F7200526573657234
:10A7700076656420457863657074696F6E20280083
:10A7800053707572696F757320696E746572727536
:10A7900070742028495251200025733A2053505399
:10A7A000454C20696E20746872656164206D6F6429
:10A7B0006520646F6573206E6F7420696E646963D1
:10A7C000617465205053500025733A202A2A2A2AA2
:10A7D0002A2048415244204641554C54202A2A2AD6
:10A7E0002A2A0025733A202020427573206661755D
:10A7F0006C74206F6E20766563746F722074616272
:10A800006C6520726561640025733A2020204465E0
:10A81000627567206576656E740025733A20202086
:10A820004661756C7420657363616C6174696F6EE9
:10A8300020287365652062656C6F77290025733A5F
:10A8400020415243485F455843455054207769742E
:10A850006820726561736F6E2025780A0025733A4F
:10A86000202A2A2A2A2A204465627567206D6F6E85
:10A8700069746F7220657863657074696F6E202AE1
:10A880002A2A2A2A0025733A202A2A2A2A2A202517
:10A890007320256429202A2A2A2A2A0072657365D2
:10A8A000727665645F657863657074696F6E006465
:10A8B000656275675F6D6F6E69746F720075736145
:10A8C00067655F6661756C74006275735F6661755C
:10A8D0006C74006D656D5F6D616E6167655F66616B
:10A8E000756C7400686172645F6661756C74006792
:10A8F00065745F65736600574553545F544F504409
:10A9000049522F7A65706879722F617263682F617E
:10A91000726D2F636F72652F636F727465785F6DF0
:10A920002F6972715F6D616E6167652E63006D7076
:10A93000750025733A204661696C656420746F2048
:10A94000616C6C6F63617465206E6577204D505546
:10A9500020726567696F6E2025750A0025733A209D
:10A96000506172746974696F6E2025753A20736145
:10A970006E69747920636865636B206661696C65D4
:10A98000642E00574553545F544F504449522F7A18
:10A9900065706879722F617263682F61726D2F63C1
:10A9A0006F72652F6D70752F61726D5F6D70752E92
:10A9B0006300726567696F6E5F616C6C6F63617471
:10A9C000655F616E645F696E6974006D70755F6369
:10A9D0006F6E6669677572655F726567696F6E73C2
:10A9E00000464C4153485F30005352414D5F3000A8
:10A9F000574553545F544F504449522F7A657068FD
:10AA000079722F6C69622F6C6962632F6E65776C47
:10AA100069622F6C6962632D686F6F6B732E6300C0
:10AA2000000001000000736F630044657669636590
:10AA30002064617461206E6F7420666F756E64208F
:10AA4000666F7220696E7465726661636520257534
:10AA5000004465766963652064617461206E6F747B
:10AA600020666F756E6420666F7220656E64706F0D
:10AA7000696E74202575004465766963652064619C
:10AA80007461206E6F7420666F756E6420666F72DD
:10AA9000206366672025700025733A207756616C25
:10AAA00075652073686F756C6420626520300025C1
:10AAB000733A20556E68616E646C656420726571CE
:10AAC00075657374203078253032780025733A200C
:10AAD000556E737570706F727465642070726F74E8
:10AAE0006F636F6C3A202575004465766963652055
:10AAF0006973206E6F7420636F6E66696775726527
:10AB000064006869645F6F6E5F7365745F70726F15
:10AB1000746F636F6C006869645F6F6E5F67657404
:10AB20005F70726F746F636F6C006869645F636CF1
:10AB30006173735F68616E646C655F7265710075E7
:10AB400073625F6869640025733A2055534244205C
:10AB50006576656E74206D656D6F727920636F72B6
:10AB600072757074656400574553545F544F504478
:10AB700049522F7A65706879722F647269766572AE
:10AB8000732F7573622F6465766963652F757362C1
:10AB90005F64635F6E7266782E6300757362645FD4
:10ABA000776F726B710025733A20555342442065CC
:10ABB00076656E7420616C6C6F636174696F6E2072
:10ABC0006661696C6564210025733A20556E6B6E71
:10ABD0006F776E2055534220706F776572206576CF
:10ABE000656E742025640025733A20556E65787073
:10ABF0006563746564206576656E7420286E726680
:10AC0000785F75736264293A2025642C2065702072
:10AC10003078253032780025733A205F65705F7395
:10AC200074617475735F676574206661696C6564CF
:10AC30002120436F64653A2025640025733A206E15
:10AC40006F742061747461636865642C20455020C2
:10AC5000307825303278206576656E742064726FA6
:10AC6000707065640025733A206E52462055534239
:10AC700044207472616E73666572206572726F72C1
:10AC800020284F5554293A20307825303278002535
:10AC9000733A204661696C656420746F20616C6C46
:10ACA0006F63206576740025733A20555342442023
:10ACB0006576656E742071756575652066756C6C5A
:10ACC000210025733A20556E6B6E6F776E205553B9
:10ACD0004244206576656E743A20256864002573C9
:10ACE0003A20696E76616C696420656E64706F6984
:10ACF0006E7420636F6E66696775726174696F6EDA
:10AD00000025733A20696E76616C696420656E6413
:10AD1000706F696E7420696E6465782F6164647207
:10AD20006573730025733A204550206D617820705B
:10AD300061636B65742073697A65206D7573742027
:10AD40006265206120706F776572206F6620320027
:10AD500025733A205354414C4C20756E73757070B6
:10AD60006F72746564206F6E2049534F20656E6466
:10AD7000706F696E740025733A20456E64706F6958
:10AD80006E7420307825303278206973206E6F74AD
:10AD900020656E61626C65640025733A206E5246D0
:10ADA0002055534244207772697465206572726F32
:10ADB000723A20256400010002757362645F657653
:10ADC000656E745F7472616E736665725F646174E0
:10ADD0006100757362645F6576656E745F7472613D
:10ADE0006E736665725F6374726C00757362645F24
:10ADF000736F665F747269676765725F69736F5FAF
:10AE00007265616400757362645F776F726B5F7007
:10AE1000726F636573735F726563767265710075D7
:10AE20007362645F776F726B5F68616E646C65728A
:10AE300000037573625F64635F65705F7265616470
:10AE40005F636F6E74696E7565007573625F6463CE
:10AE50005F65705F726561645F77616974007573C7
:10AE6000625F64635F65705F7772697465007573B4
:10AE7000625F64635F65705F7365745F7374616C58
:10AE80006C007573625F64635F65705F636F6E66AD
:10AE90006967757265007573625F64635F65705F93
:10AEA000636865636B5F63617000757362645F659F
:10AEB00076745F616C6C6F63007573625F64635F6F
:10AEC000706F7765725F6576656E745F68616E64DA
:10AED0006C6572007573625F6E72667800574553D9
:10AEE000545F544F504449522F7A65706879722FDD
:10AEF000647269766572732F7573622F636F6D6DFF
:10AF00006F6E2F6E72665F757362645F636F6D6DD7
:10AF10006F6E2F6E72665F757362645F636F6D6DC7
:10AF20006F6E2E63000001010101016E72665F7594
:10AF30007362645F636F6D6D6F6E000601050104DF
:10AF400001070203010502020103020504010101D8
:10AF5000020103010401060108010C01100118019E
:10AF60002001400180574553545F544F504449528B
:10AF70002F7A65706879722F647269766572732FA3
:10AF80006164632F6164635F6E7266785F73616191
:10AF900064632E6300616463403430303037303096
:10AFA0003000574553545F544F504449522F7A65EF
:10AFB000706879722F647269766572732F636C6F33
:10AFC000636B5F636F6E74726F6C2F636C6F636B18
:10AFD0005F636F6E74726F6C5F6E72662E63006378
:10AFE0006C6F636B40343030303030303000686626
:10AFF000636C6B006C66636C6B00636C6F636B5FA0
:10B00000636F6E74726F6C001B5B73001B5B75006B
:10B010001B5B257544001B5B2575430063696E73DC
:10B0200074722025303278207472616E7366657296
:10B0300020746F6F206C6F6E673A20257A7500253B
:10B04000733A204A45444543206964205B253032E9
:10B0500078202530327820253032785D2065787070
:10B06000656374205B2530327820253032782025C6
:10B070003032785D0025733A205244535220666185
:10B08000696C65643A2025640025733A2051452097
:10B090002573206661696C65643A20256400257318
:10B0A0003A207772697465206572726F723A206116
:10B0B000646472657373206F722073697A652065AA
:10B0C0007863656564732065787065637465642072
:10B0D00076616C7565732E416464723A2030782510
:10B0E0006C782073697A6520257A750025733A207B
:10B0F00072656164206572726F723A206164647275
:10B10000657373206F722073697A65206578636553
:10B110006564732065787065637465642076616C1E
:10B120007565732E416464723A203078256C7820FE
:10B1300073697A6520257A750025733A20657261F6
:10B140007365206572726F723A2061646472657310
:10B1500073206F722073697A652065786365656412
:10B16000732065787065637465642076616C7565BD
:10B17000732E416464723A203078256C78207369AC
:10B180007A6520257A750025733A20756E7375707F
:10B19000706F72746564206174203078256C78203B
:10B1A00073697A6520257A750025733A207761697D
:10B1B00074206572726F72206174203078256C780B
:10B1C0002073697A6520257A750025733A206572A7
:10B1D000617365206572726F72206174203078250A
:10B1E0006C782073697A6520257A7500636F6E66C6
:10B1F00069677572655F6368697000717370695F14
:10B20000696E697400717370695F6E6F725F7265E9
:10B21000616400717370695F6E6F725F77726974D9
:10B220006500717370695F65726173650071737039
:10B23000695F6E6F725F6572617365006D7832353C
:10B24000723634333566403000717370695F6E6FEB
:10B25000720025733A20696E76616C6964206164BE
:10B2600064726573733A2030782530386C783A25EB
:10B270007A750025733A20756E616C69676E656436
:10B2800020616464726573733A2030782530386CBD
:10B29000783A257A750025733A206E6F7420776F9F
:10B2A00072642D616C69676E65643A203078253070
:10B2B000386C783A257A7500666C6173685F6E72D7
:10B2C000665F7265616400666C6173685F6E72666A
:10B2D0005F777269746500666C6173685F6E726631
:10B2E0005F657261736500666C6173682D636F6E74
:10B2F00074726F6C6C657240343030316530303050
:10B3000000666C6173685F6E726600574553545FE8
:10B31000544F504449522F7A65706879722F696E84
:10B32000636C7564652F7A65706879722F647269D1
:10B33000766572732F6770696F2F6770696F5F75BD
:10B3400074696C732E6800574553545F544F5044D2
:10B3500049522F7A65706879722F647269766572C6
:10B36000732F6770696F2F6770696F5F6E72667891
:10B370002E63006770696F403530303030333030C5
:10B38000006770696F4035303030303030300069E0
:10B3900032630025733A204E65656420746F207512
:10B3A00073652074686520696E7465726E616C20C7
:10B3B0006472697665722062756666657220627570
:10B3C00074206974732073697A6520697320696ECB
:10B3D00073756666696369656E7420282575202B10
:10B3E000202575203E202575292E2041646A75731D
:10B3F0007420746865207A65706879722C636F6E4A
:10B400006361742D6275662D73697A65206F722091
:10B410007A65706879722C666C6173682D627566E6
:10B420002D6D61782D73697A652070726F70657209
:10B4300074792028746865206F6E65207769746858
:10B4400020677265617465722076616C756529206C
:10B45000696E207468652022257322206E6F6465F2
:10B460002E006932635F6E7266785F7477696D5F14
:10B470007472616E73666572006932634034303095
:10B480003033303030006932635F6E7266785F74DB
:10B4900077696D0025733A20756E737570706F72E1
:10B4A0007465642073706565640025733A20547276
:10B4B00079696E6720746F207472616E736665724D
:10B4C000206D6F7265207468616E20746865206DF0
:10B4D0006178696D756D2073697A6520666F722079
:10B4E00074686973206465766963653A2025642011
:10B4F0003E2025640025733A204661696C6564200E
:10B50000746F20696E697469616C697A652064651D
:10B51000766963653A2025730025733A2064657661
:10B5200069636520616374697665006932635F6E83
:10B530007266785F7477696D5F636F6D6D6F6E5F54
:10B540006465696E6974006932635F6E7266785F04
:10B550007477696D5F636F6D6D6F6E5F696E69742F
:10B56000006932635F6E7266785F7477696D5F6DD4
:10B5700073675F7472616E73666572006932635FD0
:10B580006E7266785F7477696D5F636F6E66696708
:10B5900075726500000102030405060725733A2051
:10B5A000496E76616C6964206368616E6E656C3AA1
:10B5B0002025752E0025733A20496E636F6D7061EA
:10B5C0007469626C6520706572696F642E00257302
:10B5D0003A205072657363616C657220666F7220E9
:10B5E000706572696F645F6379636C65732025753C
:10B5F000206E6F7420666F756E642E0070776D5FBD
:10B600006E7266785F696E69740070776D5F7065E1
:10B6100072696F645F636865636B5F616E645F73BB
:10B6200065740070776D5F6E7266785F7365745FC6
:10B630006379636C65730070776D403430303163CB
:10B640003030300070776D5F6E72667800677072B0
:10B6500065677265743240343030303035323000D6
:10B6600067707265677265743140343030303035E0
:10B6700031630072657461696E65645F6D656D5FED
:10B680006E72665F6770726567726574007265746A
:10B6900061696E65646D656D0072657461696E6582
:10B6A000645F6D656D5F7A65706879725F72616DF8
:10B6B00000574553545F544F504449522F7A657098
:10B6C0006879722F647269766572732F73656E7311
:10B6D0006F722F6E6F726469632F74656D702F7453
:10B6E000656D705F6E7266352E630074656D7040B7
:10B6F00034303030633030300074656D705F6E729E
:10B70000663500574553545F544F504449522F7A81
:10B7100065706879722F647269766572732F7365CC
:10B720006E736F722F766F6C746167655F64697694
:10B73000696465722F766F6C746167652E6300258E
:10B74000733A207261775F746F5F6D763A2025647B
:10B750000025733A206164635F73657475702066B9
:10B7600061696C65643A2025640025733A20616440
:10B77000635F726561643A2025640025733A204155
:10B780004443206973206E6F742072656164790090
:10B7900025733A20506F776572204750494F2069D2
:10B7A00073206E6F742072656164790025733A208E
:10B7B00073657475703A2025640025733A207365AB
:10B7C0007175656E636520696E69743A2025640041
:10B7D00025733A206661696C656420746F20636F1D
:10B7E0006E666967757265204750494F20666F72B3
:10B7F00020504D206F6E0025733A206661696C659C
:10B800006420746F20736574204750494F20666F21
:10B810007220504D20726573756D650025733A2056
:10B820006661696C656420746F207365742047508D
:10B83000494F20666F7220504D2073757370656E8E
:10B840006400766F6C746167655F696E697400701F
:10B850006D5F616374696F6E00666574636800672D
:10B86000657400626174746572792D6469766964C7
:10B87000657200766F6C746167650025733A2046C7
:10B8800061696C656420746F20616C6C6F636174B6
:10B890006520505049204368616E6E656C00656E8E
:10B8A0006474785F73746F7074785F7070695F69C7
:10B8B0006E697400756172744034303030323030EB
:10B8C0003000756172745F6E7266785F7561727454
:10B8D000650025733A204661696C656420746F20A9
:10B8E000616C6C6F63617465204750494F5445200B
:10B8F0006368616E6E656C20666F722057414B45C0
:10B900000025733A204661696C656420746F20637A
:10B910006F6E6669677572652057414B4520706987
:10B920006E0025733A204353204750494F20706FD3
:10B9300072742025732070696E202564206973203D
:10B940006E6F742072656164790025733A205570BA
:10B9500064617465206578636565647320637572DE
:10B9600072656E74206275666665720025733A2092
:10B9700048616C662D6475706C6578206E6F7420FC
:10B98000737570706F727465640025733A20536C20
:10B99000617665206D6F6465206973206E6F742019
:10B9A000737570706F72746564206F6E20257300FC
:10B9B00025733A204C6F6F706261636B206D6F640A
:10B9C00065206973206E6F7420737570706F727468
:10B9D00065640025733A20576F72642073697A6535
:10B9E00073206F74686572207468616E20382062FD
:10B9F00069747320617265206E6F74207375707046
:10BA00006F727465640025733A20467265717565BE
:10BA10006E63696573206C6F776572207468616E00
:10BA200020313235206B487A20617265206E6F7448
:10BA300020737570706F727465640025733A2046C8
:10BA400061696C656420746F20696E697469616CEA
:10BA5000697A65206E726678206472697665723ADA
:10BA600020253038780057616974696E6720666FE9
:10BA7000722057414B452061636B6E6F776C656434
:10BA8000676D656E742074696D6564206F757400F0
:10BA900025733A2054696D656F75742077616974F8
:10BAA000696E6720666F72207472616E736665726C
:10BAB00020636F6D706C657465007370695F636F90
:10BAC0006E746578745F63735F636F6E66696775C4
:10BAD00072655F616C6C007370695F6E7266785F2F
:10BAE000696E6974007370695F636F6E74657874F2
:10BAF0005F776169745F666F725F636F6D706C65AD
:10BB000074696F6E007370695F636F6E74657874CB
:10BB10005F7570646174655F7278007370695F63EC
:10BB20006F6E746578745F7570646174655F747846
:10BB300000636F6E66696775726500737069403483
:10BB400030303266303030007370695F6E72667804
:10BB50005F7370696D0025733A2052657365747464
:10BB6000696E672073797374656D006B5F737973A9
:10BB70005F666174616C5F6572726F725F68616E3F
:10BB8000646C657200666174616C5F6572726F727D
:10BB900000574553545F544F504449522F6E7266BC
:10BBA0002F7375627379732F6573622F6573622EBD
:10BBB0006300574553545F544F504449522F6D6FA3
:10BBC00064756C65732F68616C2F6E6F7264696346
:10BBD0002F6E7266782F68616C2F6E72665F72616D
:10BBE00064696F2E680025733A204661696C65644C
:10BBF00020746F20696E697469616C697A65206E62
:10BC00007266782074696D657220286572722025CD
:10BC100064290025733A204661696C656420746F5D
:10BC200020696E697469616C697A652045534220A8
:10BC300073797374656D2074696D65720025733A4C
:10BC4000204661696C656420746F20696E6974694F
:10BC5000616C697A652050504900060500010100B9
:10BC6000000000007379735F74696D65725F696EBF
:10BC70006974006573625F696E6974006573620060
:10BC800025733A20677070695F67726F75705F61C6
:10BC90006C6C6F63206661696C6564207769746899
:10BCA0003A2025640A0025733A20677070695F6343
:10BCB00068616E6E656C5F616C6C6F632066616954
:10BCC0006C656420776974683A2025640A005745DA
:10BCD00053545F544F504449522F6E72662F737500
:10BCE000627379732F6573622F6573625F70706919
:10BCF0002E63006573625F7070695F696E697400BE
:10BD000000000000000101000000000057455354EE
:10BD10005F544F504449522F6D6F64756C65732F9B
:10BD200068616C2F6E6F726469632F6E7266782F14
:10BD300068656C706572732F6E7266785F72616D84
:10BD40005F6374726C2E6300001001110212031302
:10BD50000414051506160717080808080808080837
:10BD600018181818181818182828282828282828D3
:10BD700038383838383838384848484848484848C3
:10BD80005858585858585858574553545F544F505E
:10BD90004449522F6D6F64756C65732F68616C2F09
:10BDA0006E6F726469632F6E7266782F6472697643
:10BDB0006572732F7372632F6E7266785F636C6F38
:10BDC000636B2E6300574553545F544F50444952A0
:10BDD0002F6D6F64756C65732F68616C2F6E6F7259
:10BDE0006469632F6E7266782F68616C2F6E72665D
:10BDF0005F636C6F636B2E6800574553545F544FFD
:10BE0000504449522F6D6F64756C65732F68616C77
:10BE10002F6E6F726469632F6E7266782F68616C23
:10BE20002F6E72665F6770696F74652E6800574584
:10BE300053545F544F504449522F6D6F64756C6575
:10BE4000732F68616C2F6E6F726469632F6E7266F8
:10BE5000782F647269766572732F7372632F6E72B6
:10BE600066785F6770696F74652E630000203030FC
:10BE700030303030303030303030303000015745E5
:10BE800053545F544F504449522F6D6F64756C6525
:10BE9000732F68616C2F6E6F726469632F6E7266A8
:10BEA000782F647269766572732F7372632F6E7266
:10BEB00066785F6E766D632E6300574553545F540A
:10BEC0004F504449522F6D6F64756C65732F6861D4
:10BED0006C2F6E6F726469632F6E7266782F647256
:10BEE00069766572732F7372632F6E7266785F70F6
:10BEF0006F7765722E630000000100000057455304
:10BF0000545F544F504449522F6D6F64756C657384
:10BF10002F68616C2F6E6F726469632F6E72667822
:10BF20002F68616C2F6E72665F70776D2E68005798
:10BF30004553545F544F504449522F6D6F64756C94
:10BF400065732F68616C2F6E6F726469632F6E72F8
:10BF500066782F647269766572732F7372632F6EC1
:10BF60007266785F70776D2E6300574553545F5447
:10BF70004F504449522F6D6F64756C65732F686123
:10BF80006C2F6E6F726469632F6E7266782F6472A5
:10BF900069766572732F7372632F6E7266785F7144
:10BFA0007370692E6300574553545F544F50444992
:10BFB000522F6D6F64756C65732F68616C2F6E6F97
:10BFC000726469632F6E7266782F64726976657227
:10BFD000732F7372632F6E7266785F73616164632F
:10BFE0002E6300574553545F544F504449522F6DB0
:10BFF0006F64756C65732F68616C2F6E6F72646906
:10C00000632F6E7266782F68616C2F6E72665F7335
:10C01000616164632E6800574553545F544F504428
:10C0200049522F6D6F64756C65732F68616C2F6E4C
:10C030006F726469632F6E7266782F6472697665B9
:10C0400072732F7372632F6E7266785F7370696D8F
:10C050002E6300010000000000574553545F544F09
:10C06000504449522F6D6F64756C65732F68616C15
:10C070002F6E6F726469632F6E7266782F647269B7
:10C08000766572732F7372632F6E7266785F746950
:10C090006D65722E6300574553545F544F504449A9
:10C0A000522F6D6F64756C65732F68616C2F6E6FA6
:10C0B000726469632F6E7266782F64726976657236
:10C0C000732F7372632F6E7266785F7477696D2E4B
:10C0D00063000100000000005465726D696E616CC0
:10C0E00000000000000000545452205245474745CC
:10C0F0005300574553545F544F504449522F7A656B
:10C10000706879722F6B65726E656C2F64657669E5
:10C1100063652E6300556E6B6E6F776E206572726D
:10C120006F7200756E6B6E6F776E0025733A203EEE
:10C130003E3E205A455048595220464154414C20D9
:10C140004552524F522025643A202573206F6E20AD
:10C150004350552025640025733A204661756C7460
:10C1600020647572696E6720696E7465727275708D
:10C17000742068616E646C696E670A0025733A20EA
:10C1800043757272656E74207468726561643A20DA
:10C190002570202825732900574553545F544F506C
:10C1A0004449522F7A65706879722F6B65726E659B
:10C1B0006C2F666174616C2E630043505520657866
:10C1C00063657074696F6E00556E68616E646C654E
:10C1D0006420696E74657272757074005374616363
:10C1E0006B206F766572666C6F77004B65726E655B
:10C1F0006C206F6F7073004B65726E656C207061A0
:10C200006E6963007A5F666174616C5F6572726FFC
:10C210007200574553545F544F504449522F7A652A
:10C22000706879722F6B65726E656C2F696E6974B8
:10C230002E630069646C65006F7300574553545F4B
:10C24000544F504449522F7A65706879722F6B654C
:10C25000726E656C2F6D656D5F736C61622E63002D
:10C26000574553545F544F504449522F7A65706874
:10C2700079722F6B65726E656C2F696E636C756475
:10C28000652F6B73636865642E6800574553545F70
:10C29000544F504449522F7A65706879722F6B65FC
:10C2A000726E656C2F69646C652E6300574553543C
:10C2B0005F544F504449522F7A65706879722F6BE2
:10C2C00065726E656C2F6D757465782E63005745C9
:10C2D00053545F544F504449522F7A6570687972B5
:10C2E0002F6B65726E656C2F73656D2E63005745FD
:10C2F00053545F544F504449522F7A657068797295
:10C300002F6B65726E656C2F776F726B2E630057A3
:10C310004553545F544F504449522F7A65706879A1
:10C32000722F6B65726E656C2F7468726561642E16
:10C330006300574553545F544F504449522F7A6518
:10C34000706879722F6B65726E656C2F73636865A8
:10C35000642E6300574553545F544F504449522F45
:10C360007A65706879722F6B65726E656C2F696E75
:10C37000636C7564652F6B7468726561642E680008
:10C38000574553545F544F504449522F7A65706853
:10C3900079722F6B65726E656C2F74696D65736C45
:10C3A0006963696E672E6300574553545F544F505D
:10C3B0004449522F7A65706879722F6B65726E6589
:10C3C0006C2F74696D656F75742E630057455354F7
:10C3D0005F544F504449522F7A65706879722F6BC1
:10C3E00065726E656C2F6D656D706F6F6C2E63007E
:10C3F000574553545F544F504449522F7A657068E3
:10C4000079722F6B65726E656C2F6B686561702E2B
:10C410006300737973776F726B71000020202020A6
:10C4200020202020202828282828202020202020E4
:10C4300020202020202020202020202088101010C4
:10C44000101010101010101010101010040404041C
:10C450000404040404041010101010101041414191
:10C4600041414101010101010101010101010101FC
:10C47000010101010101011010101010104242428F
:10C4800042424202020202020202020202020202CC
:10C49000020202020202021010101020000000002E
:10C4A000000000000000000000000000000000008C
:10C4B000000000000000000000000000000000007C
:10C4C000000000000000000000000000000000006C
:10C4D000000000000000000000000000000000005C
:10C4E000000000000000000000000000000000004C
:10C4F000000000000000000000000000000000003C
:10C50000000000000000000000000000000000002B
:0CC510000000000000000000000000001F
:10C5640004050020FF0E0000050F0000070F000067
:10C574002D0F00000B0F00003B0F0000110F0000F7
:10C58400470F0000170F00004D0F0000230F00009D
:10C59400270F0000190F00001F0F0000370F0000C5
:10C5A400410F000000000000FFFFFFFFFFFFFF7FBF
:10C5B40018FCFFFFFFFFFFFF18FCFFFFFFFFFFFF5B
:10C5C400FFFFFFFFFFFFFFFF18FCFFFFFFFFFFFF61
:10C5D4000000000000000000000000000000000057
:10C5E4000000000000000000000000000000000047
:10C5F4000000000000000000000000000000000037
:10C604000000000000000000000000000000000026
:10C614000000000000000000000000000000000016
:10C624000000000000000000000000000000000006
:10C6340000000000000000000000000000000000F6
:10C6440000000000000000000000000000000000E6
:10C654000000000000000000000000007C09002031
:10C664006809002000C2010000000800000000006A
:10C6740000000000000000000000000000000000B6
:10C684000000000024060020240600200000000012
:10C6940001000000340600203406002000000000E1
:10C6A4000100000000000000000000000000000085
:10C6B4000000000000000000000000000000000076
:10C6C4000000000000000000000000000000000066
:10C6D4000000000000000000000000000000000056
:10C6E4000000000000000000000000000000000046
:10C6F4000000000000000000000000000000000036
:10C704000000000000000000000000000000000025
:10C714000000000000000000000000000000000015
:10C72400574003006A40030077400300854003003C
:10C7340095400300AB400300BF400300D640030014
:10C74400E6400300F94003000841030019410300D7
:10C75400374103004B4103005F4103007341030071
:10C764008741030098410300A8410300B841030036
:10C77400C7410300D5410300E4410300FD41030028
:10C784000F420300244203003942030052420300D3
:10C79400674203007CF3032000F0032000007A3D8D
:10C7A4000000003AA69B443A0000803FA69B443A0E
:10C7B4000000803F0000803F0000803F295C8F3DE7
:10C7C4000000003AD836002002000000E8360020BD
:10C7D40001000000060000005C2C0300802C030014
:10C7E400FFFFFFFFFFFFFFFF8C280300F304353F2B
:10C7F4000000000000000000F304353F0000803F0B
:10C804000000000000000000000000000000803F65
:10C81400000000000000000000000000301E0300C3
:10C824000048E801060100005C1C03001F00010031
:10C83400000000005C2C03005C2C03007C2B030034
:10C844005C2C03005C2C03005C2C03005C2A0300BA
:10C85400802A0300A42A0300C82A0300EC2A030048
:10C864005C2C03005C2C0300102B0300342B03000E
:10C874005C2C03005C2C03005C2C03005C2C030088
:10C88400582B0300CA8B0300D38B0300CF83030010
:10C89400DC8B0300E48B0300EB8B030003810300B8
:10C8A4002B840300B281030002820300538203003D
:10C8B400F38B0300FB8B0300038C0300FD82030056
:10C8C400138C03001E8C0300288C03003D8C030092
:10C8D40067830300802C0300F4280300802C0300EA
:10C8E400802C0300802C0300802C0300802C030088
:10C8F400242903006029030060290300802C03001D
:10C90400C0290300C0290300F0290300F029030013
:10C91400802C03002C2A030090290300478C030079
:10C92400A75903004E8C0300558C0300678C030049
:10C93400708C0300798C0300838C03009B8C0300B0
:10C94400A58C0300B18C0300C68C0300CE8C0300BD
:10C95400F48C0300E87D0300078D0300727F03005D
:10C964000F8D03008C2803008C2803008C280300FF
:10C97400C0280300BF850300BF850300BF850300F3
:10C98400238D0300A01D0300000000000000000030
:10C994000000000000000000000000000000000093
:10C9A4000000000000000000FFFFFFFFFFFFFFFF8B
:10C9B400FFFFFFFFFFFFFFFF5DF4020045FE0200E3
:10C9C400E42D03000000000080A900200000000006
:10C9D40000000000000000000004000080AD002002
:10C9E400000000000000000000000000000400003F
:10C9F4002DBB01008000000065B7010000000000AD
:10CA040065B7010080000000A80D00203A00000076
:10CA1400BC0D00203A000000800D00203A00000008
:10CA2400D00D00203A0000002904030049D501007C
:10CA3400800000000000000000000000490D02001A
:10CA440000000000E4090020E409002001000000C7
:10CA540001000000F4090020F40900200000000097
:10CA640001000000000000000000000000000000C1
:10CA740000000000C50803000000000000000000E2
:10CA840000000000C5080300000000008001000051
:10CA94000000000083090300000000000000000003
:10CAA40000000000F1090300000000000000000085
:10CAB400000000006D2602000000000000000000DD
:10CAC40000000000A50E0300000000007C0A002006
:10CAD4000000000000000000000000000000000052
:10CAE400000000000560002020000000000000009D
:10CAF4000000000000000000000000003D100300E2
:10CB0400000000000000000000000000603103008D
:10CB140001000000B40A0020B40A00200000000054
:10CB240001000000C40A0020C40A00200000000024
:10CB340001000000000000000000000000000000F0
:10CB440000000000000000000000000000000000E1
:10CB54000000000000000000301E03000000000080
:10CB6400000000002D60002025600020010000006E
:10CB740000000000000000000000000000000000B1
:10CB8400000000000000000000A0004000000000C1
:10CB9400000000000C00000000000000E7E7E7E7E9
:10CBA400C2C2C2C2E7C2C3C4C5C6C7C80805FF0221
:10CBB4000000000000A0004000040000FF0000008E
:10CBC4003F000000FFFF0700900200006C0B0020F4
:10CBD4006C0B00200000000055C50200B80B0020BB
:10CBE400B00B0020A80B002000000000A00B0020C8
:10CBF40075C60200C1C50200F5C502003DC60200AB
:10CC0400D45700203A00003AD85700203A00003A9E
:10CC1400DC5700203A00003AE05700203A00003A7E
:10CC2400C80B00208C0B0020840B0020800B0020FC
:10CC34007C0B0020D80B0020000000000000000046
:10CC440000000000000000000000000000000000E0
:10CC540000000000000000000000000000000000D0
:10CC640000000000000000000000000000000000C0
:10CC740000000000000000000000000000000000B0
:10CC840000000000000000000000000000000000A0
:10CC94000000000000000000FFFFFFFFFFFFFFFF98
:10CCA400FFFFFFFFFFFFFFFFFFFFFFFFFFFFFFFF90
:10CCB400FFFFFFFFFFFFFFFFFFFFFFFFFFFFFFFF80
:10CCC400FFFFFFFFFFFFFFFFFFFFFFFFFFFF0080EE
:10CCD4000108000000000000000000000000000047
:10CCE4000000000000000000000000000000000040
:10CCF400000000000000150000000000000000001B
:10CD0400000000000000000000000000000000001F
:10CD14000000000000000000000000FFFF03FFFF10
:10CD2400FFFF0C040C04FFFFFFFF0403FFFFFFFFE2
:10CD3400FFFFFF01FFFFFFFFFF01010101010101EF
:02CD440001FFED
:10CD460000000000000000000000000000000000DD
:10CD560000000000000000000000000000000000CD
:06CD6600000000000000C7
:10CD6C0000000000000000000000000000000000B7
:10CD7C0000000000000000000000000000000000A7
:10CD8C000000000000000000000000000000000097
:0CCD9C000000000000000000000000008B
:04CDA8000000000087
:10CDAC00480D0020480D00200000000000A70020C6
:10CDBC000000000020000000140000000000000033
:10CDCC0000000000009F0020000800000000000090
:08CDDC0000000000000000004F
:10CDE400800D0020800D00200000000000000000E5
:10CDF4000E000000940D0020940D0020000000009F
:10CE0400000000000E000000A80D0020A80D002066
:10CE140000000000000000000E000000BC0D002017
:10CE2400BC0D002000000000000000000E00000007
:10CE3400D00D0020D00D00200000000000000000F4
:10CE44000E000000E40D0020E40D002000000000AE
:08CE5400000000000E000000C8
:10CE5C00F80D0020F80D002001000000010000007A
:10CE6C00080E0020080E0020000000000100000049
:10CE7C00000000000000000000000000240E002054
:10CE8C00240E002000000000000000000000000044
:10CE9C00380E0020380E00200000000000000000BA
:0CCEAC00000000004C0E00204C0E002086
:10CEB80012010002EF0201400912927601040102F8
:10CEC800030109020000000100E032080B00020221
:10CED80002000009040000010202000005240010FD
:10CEE80001052401020104240202052406000107A9
:10CEF80005800310000A09040100020A0000000767
:10CF080005800240000007050002400000090400F7
:10CF1800000103010000092111010001220000079E
:10CF2800058003400000040309042A034E6F72645D
:10CF380069632053656D69636F6E647563746F729E
:10CF480000000000000000000000000000000000D9
:10CF5800000000003A03536C696D654E5246205438
:10CF68007261636B6572206E5246353238343020F8
:10CF7800444B00000000000000000000000000001A
:10CF88000000000000000000000000000000220374
:10CF980030313233343536373839414243444546E7
:10CFA8000000000000000000000000000000000079
:02CFB800000077
:10CFBC0000000000770E00207701030069BD01001E
:10CFCC00C9BA0100000000000000000003000000CE
:10CFDC009009002000000000B10E0020590403004D
:10CFEC0081D70100B9D50100000000005DD401001B
:08CFFC0001000000CC09002037
:04D0040015E015E03E
:040000031000CB2DF1
:00000001FF
