:10000000009D0020D1CB010051040300BDCB0100B5
:10001000BDCB0100BDCB0100BDCB01000000000045
:100020000000000000000000000000006DCD010095
:10003000BDCB010000000000D9CC0100BDCB010008
:1000400029D00100793D020029D0010029D001000A
:1000500029D0010029D0010029D0010029D00100B8
:1000600029D0010029D001001588020029D0010003
:1000700029D0010029D0010029D0010029D0010098
:1000800029D0010029D0010029D0010029D0010088
:10009000DD3D020029D0010029D0010029D0010056
:1000A00029D0010029D0010029D0010029D0010068
:1000B00029D0010029D0010029D0010029D0010058
:1000C00029D0010029D0010029D0010029D0010048
:1000D00029D0010029D0010029D0010029D0010038
:1000E00029D0010029D0010029D0010029D0010028
:1000F00029D0010029D0010029D0010029D0010018
:10010000014B1B685B68184700050020014B1B680A
:100110009B68184700050020014B1B681B691847A6
:1001200000050020014B1B685B6918470005002093
:10013000014B1B689B69184700050020014B1B6899
:10014000DB69184700050020014B1B681B6A184734
:1001500000050020014B1B689B6A18470005002022
:1001600030B4044C9DF8085024680295E468A44615
:1001700030BC60470005002030B50246114890F9B8
:100180001C3093421ADD90F92430934218DAD31AC6
:10019000856A0D4CE85C235693420ED00E3400293C
:1001A0000CBF0346431CA542D8B206D129B1013A7F
:1001B000D2B2012A01D80130C0B230BD0D20FCE717
:1001C0000020FAE7A00F00204C27030008B5054BDC
:1001D00093F91C30984203DAFFF7CEFF024B1B560F
:1001E000184608BDA00F00204C27030010B51C4C7A
:1001F00094F82C3073B9012384F82C3000F09EF869
:1002000048B1184BA362D823236284F82430082312
:10021000A361237710BD00F0A7F80028F1D100F00A
:10022000ADF80028EDD100F06BF838B10E4BA362A9
:10023000D823236284F824300423E9E700F06AF825
:100240000028F3D100F070F80028EFD100F080F81A
:100250000028EBD140F2BF11742000F019F800BF64
:10026000A00F0020872703005A270300BFF34F8FFA
:100270000549064BCA6802F4E0621343CB60BFF342
:100280004F8F00BFFDE700BF00ED00E00400FA055E
:100290001FB572B6134B5D688DB9FFF7E7FFB2FB70
:1002A000F6F2DCB20133002AF9D104F110036B44F9
:1002B00003F80C2C0A2234B901A8A847EDE702463E
:1002C00000230A26EDE7631E04AEDCB256FA83F380
:1002D000B0FBF2F602FB1600303003F80C0C30468F
:1002E000E9E700BF401400204FF08052034BD2F8E2
:1002F00030111960D2F834215A6070477C14002004
:10030000034B1868A0F10F0358425841704700BFD3
:100310007C140020034B1868A0F10A03584258418E
:10032000704700BF7C140020034B1868A0F10E0337
:1003300058425841704700BF7C140020034B186896
:10034000A0F1100358425841704700BF7C140020B0
:10035000044B1868062803D0431C58425841704784
:10036000012070477C140020034B1868A0F10D0396
:1003700058425841704700BF7C140020034B186856
:10038000A0F1080358425841704700BF7C14002078
:1003900081F0004102E000BF83F0004330B54FEA36
:1003A00041044FEA430594EA050F08BF90EA020FA3
:1003B0001FBF54EA000C55EA020C7FEA645C7FEA36
:1003C000655C00F0E2804FEA5454D4EB5555B8BF59
:1003D0006D420CDD2C4480EA020281EA030382EACA
:1003E000000083EA010180EA020281EA0303362D5C
:1003F00088BF30BD11F0004F4FEA01314FF4801C2F
:100400004CEA113102D0404261EB410113F0004F40
:100410004FEA03334CEA133302D0524263EB4303F7
:1004200094EA050F00F0A780A4F10104D5F1200E95
:100430000DDB02FA0EFC22FA05F2801841F10001F0
:1004400003FA0EF2801843FA05F359410EE0A5F1C4
:1004500020050EF1200E012A03FA0EFC28BF4CF0F5
:10046000020C43FA05F3C01851EBE37101F00045AB
:1004700007D54FF0000EDCF1000C7EEB00006EEBB8
:100480000101B1F5801F1BD3B1F5001F0CD3490842
:100490005FEA30004FEA3C0C04F101044FEA445299
:1004A00012F5800F80F09A80BCF1004F08BF5FEA20
:1004B000500C50F1000041EB045141EA050130BD00
:1004C0005FEA4C0C404141EB0101013C28BFB1F512
:1004D000801FE9D291F0000F04BF01460020B1FA5D
:1004E00081F308BF2033A3F10B03B3F120020CDA30
:1004F0000C3208DD02F1140CC2F10C0201FA0CF00E
:1005000021FA02F10CE002F11402D8BFC2F1200C72
:1005100001FA02F120FA0CFCDCBF41EA0C01904028
:10052000E41AA2BF01EB0451294330BD6FEA040471
:100530001F3C1CDA0C340EDC04F11404C4F120025C
:1005400020FA04F001FA02F340EA030021FA04F36E
:1005500045EA030130BDC4F10C04C4F1200220FAC5
:1005600002F001FA04F340EA0300294630BD21FA03
:1005700004F0294630BD94F0000F83F4801306BFC9
:1005800081F480110134013D4EE77FEA645C18BFBD
:100590007FEA655C29D094EA050F08BF90EA020F54
:1005A00005D054EA000C04BF1946104630BD91EA4C
:1005B000030F1EBF0021002030BD5FEA545C05D14F
:1005C0004000494128BF41F0004130BD14F580048E
:1005D0003CBF01F5801130BD01F0004545F0FE4102
:1005E00041F470014FF0000030BD7FEA645C1ABF37
:1005F000194610467FEA655C1CBF0B46024650EA6E
:10060000013406BF52EA033591EA030F41F4002199
:1006100030BD00BF90F0000F04BF0021704730B51F
:100620004FF4806404F132044FF000054FF00001F4
:1006300050E700BF90F0000F04BF0021704730B5B5
:100640004FF4806404F1320410F0004548BF40428A
:100650004FF000013EE700BF42004FEAE2014FEADF
:1006600031014FEA02701FBF12F07F4393F07F4FBA
:1006700081F06051704732F07F4208BF704793F0BD
:100680007F4F04BF41F40021704730B54FF46074D0
:1006900001F0004521F000411CE700BF50EA0102D3
:1006A00008BF704730B54FF000050AE050EA01027C
:1006B00008BF704730B511F0004502D5404261EBEC
:1006C00041014FF4806404F132045FEA915C3FF42D
:1006D000D8AE4FF003025FEADC0C18BF03325FEACA
:1006E000DC0C18BF033202EBDC02C2F1200300FA7B
:1006F00003FC20FA02F001FA03FE40EA0E0021FAA0
:1007000002F11444BDE600BF70B54FF0FF0C4CF48D
:10071000E06C1CEA11541DBF1CEA135594EA0C0F3F
:1007200095EA0C0F00F0DEF82C4481EA030621EA7A
:100730004C5123EA4C5350EA013518BF52EA0335B5
:1007400041F4801143F4801338D0A0FB02CE4FF067
:100750000005E1FB02E506F00042E0FB03E54FF097
:100760000006E1FB03569CF0000F18BF4EF0010E8F
:10077000A4F1FF04B6F5007F64F5407404D25FEA8B
:100780004E0E6D4146EB060642EAC62141EA55513E
:100790004FEAC52040EA5E504FEACE2EB4F1FD0C80
:1007A00088BFBCF5E06F1ED8BEF1004F08BF5FEAFE
:1007B000500E50F1000041EB045170BD06F00046B0
:1007C00046EA010140EA020081EA0301B4EB5C045D
:1007D000C2BFD4EB0C0541EA045170BD41F4801155
:1007E0004FF0000E013C00F3AB8014F1360FDEBF7A
:1007F000002001F0004170BDC4F10004203C35DA56
:100800000C341BDC04F11404C4F1200500FA05F3D8
:1008100020FA04F001FA05F240EA020001F0004279
:1008200021F0004110EBD37021FA04F642EB0601EF
:100830005EEA430E08BF20EAD37070BDC4F10C0419
:10084000C4F1200500FA04F320FA05F001FA04F2DD
:1008500040EA020001F0004110EBD37041F10001C9
:100860005EEA430E08BF20EAD37070BDC4F12005D4
:1008700000FA05F24EEA020E20FA04F301FA05F23C
:1008800043EA020321FA04F001F0004121FA04F2E4
:1008900020EA020000EBD3705EEA430E08BF20EAB4
:1008A000D37070BD94F0000F0FD101F000464000EE
:1008B00041EB010111F4801F08BF013CF7D041EA70
:1008C000060195F0000F18BF704703F00046520074
:1008D00043EB030313F4801F08BF013DF7D043EA45
:1008E0000603704794EA0C0F0CEA135518BF95EAFB
:1008F0000C0F0CD050EA410618BF52EA4306D1D182
:1009000081EA030101F000414FF0000070BD50EAA0
:10091000410606BF1046194652EA430619D094EA2A
:100920000C0F02D150EA013613D195EA0C0F05D114
:1009300052EA03361CBF104619460AD181EA030168
:1009400001F0004141F0FE4141F470014FF0000020
:1009500070BD41F0FE4141F4780170BD70B54FF0BB
:10096000FF0C4CF4E06C1CEA11541DBF1CEA13553B
:1009700094EA0C0F95EA0C0F00F0A7F8A4EB05041D
:1009800081EA030E52EA03354FEA013100F0888014
:100990004FEA03334FF0805545EA131343EA1263DD
:1009A0004FEA022245EA111545EA10654FEA002692
:1009B0000EF000419D4208BF964244F1FD0404F54B
:1009C000407402D25B084FEA3202B61A65EB0305A7
:1009D0005B084FEA32024FF480104FF4002CB6EB64
:1009E000020E75EB030E22BFB61A754640EA0C00E4
:1009F0005B084FEA3202B6EB020E75EB030E22BF24
:100A0000B61A754640EA5C005B084FEA3202B6EB64
:100A1000020E75EB030E22BFB61A754640EA9C0023
:100A20005B084FEA3202B6EB020E75EB030E22BFF3
:100A3000B61A754640EADC0055EA060E18D04FEAB1
:100A4000051545EA16754FEA06164FEAC30343EA51
:100A500052734FEAC2025FEA1C1CC0D111F4801F1E
:100A60000BD141EA00014FF000004FF0004CB6E717
:100A700011F4801F04BF01430020B4F1FD0C88BFB6
:100A8000BCF5E06F3FF6AFAEB5EB030C04BFB6EBC1
:100A9000020C5FEA500C50F1000041EB045170BDB4
:100AA0000EF0004E4EEA113114EB5C04C2BFD4EBE1
:100AB0000C0541EA045170BD41F480114FF0000E65
:100AC000013C90E645EA060E8DE60CEA135594EAE1
:100AD0000C0F08BF95EA0C0F3FF43BAF94EA0C0FE4
:100AE0000AD150EA01347FF434AF95EA0C0F7FF459
:100AF00025AF104619462CE795EA0C0F06D152EAAD
:100B000003353FF4FDAE1046194622E750EA410690
:100B100018BF52EA43067FF4C5AE50EA41047FF4A1
:100B20000DAF52EA43057FF4EBAE12E74FF0FF3C06
:100B300006E000BF4FF0010C02E000BF4FF0010CD7
:100B40004DF804CD4FEA410C7FEA6C5C4FEA430C50
:100B500018BF7FEA6C5C1BD001B050EA410C0CBF9F
:100B600052EA430C91EA030F02BF90EA020F002001
:100B7000704710F1000F91EA030F58BF994208BF68
:100B800090422CBFD8176FEAE37040F00100704725
:100B90004FEA410C7FEA6C5C02D150EA013C07D17C
:100BA0004FEA430C7FEA6C5CD6D152EA033CD3D0C7
:100BB0005DF8040B704700BF8446104662468C46C1
:100BC0001946634600E000BF01B5FFF7B7FF0028F4
:100BD00048BF10F1000F01BD4DF808EDFFF7F4FF1D
:100BE0000CBF012000205DF808FB00BF4DF808EDA8
:100BF000FFF7EAFF34BF012000205DF808FB00BFCB
:100C00004DF808EDFFF7E0FF94BF012000205DF8EC
:100C100008FB00BF4DF808EDFFF7CEFF94BF0120A1
:100C200000205DF808FB00BF4DF808EDFFF7C4FF9A
:100C300034BF012000205DF808FB00BF4FEA410CE3
:100C40007FEA6C5C02D150EA013C0AD14FEA430CC6
:100C50007FEA6C5C02D152EA033C02D14FF0000003
:100C600070474FF0010070474FEA410212F5001241
:100C700015D211D56FF47873B3EB625212D94FEAE3
:100C8000C12343F0004343EA505311F0004F23FACD
:100C900002F018BF404270474FF00000704750EA22
:100CA000013005D111F0004008BF6FF000407047DF
:100CB0004FF00000704700BF4FEA4102B2F1E0433D
:100CC00024BFB3F5001CDCF1FE5C0DD901F0004C33
:100CD0004FEAC0024CEA5070B2F1004F40EB830083
:100CE00008BF20F00100704711F0804F21D113F1AF
:100CF0003872BCBF01F00040704741F480114FEAE8
:100D00005252C2F11802C2F1200C10FA0CF320FA70
:100D100002F018BF40F001004FEAC1234FEAD3238D
:100D200003FA0CFC40EA0C0023FA02F34FEA4303F7
:100D3000CCE77FEA625307D150EA01331EBF4FF080
:100D4000FE4040F44000704701F0004040F0FE409B
:100D500040F40000704700BF7BB972B90029BEBFE4
:100D600000204FF0004106E008BF00281CBF6FF0D4
:100D700000414FF0FF3000F077B8ADF1080C6DE99D
:100D800004CE002909DB002B1ADB00F006F9DDF8A0
:100D900004E0DDE9022304B07047404261EB410109
:100DA000002B1BDB00F0F9F8DDF804E0DDE902239D
:100DB00004B0404261EB4101524263EB4303704790
:100DC000524263EB430300F0E8F8DDF804E0DDE9AC
:100DD000022304B0404261EB41017047524263EB91
:100DE000430300F0DAF8DDF804E0DDE9022304B0A3
:100DF000524263EB4303704753B94AB9002908BF15
:100E000000281CBF4FF0FF314FF0FF3000F02CB82E
:100E1000ADF1080C6DE904CE00F0BFF8DDF804E098
:100E2000DDE9022304B07047D0B5FFF715FC0C4B89
:100E3000002206460F46FFF767FC00F017F804464D
:100E4000FFF7E8FB074B0022FFF75EFC02460B466C
:100E500030463946FFF7A0FA00F008F82146D0BD29
:100E60000000F03D0000F041704700BF4A0011D281
:100E700012F5001211D20DD56FF47873B3EB6252F4
:100E80000ED44FEAC12343F0004343EA505323FA00
:100E900002F070474FF00000704750EA013002D175
:100EA0004FF0FF3070474FF00000704710F8012BF3
:100EB00011F8013B012A28BF9A42F7D0D01A704797
:100EC000034613F8012B002AFBD1181A013870478A
:100ED00008B5FFF709FABDE80840FFF787B970B514
:100EE000841A04F307040E4660B259B21546FFF7A0
:100EF0006DF9002330702844737040B270BD002338
:100F0000036070477047002070474FF0FF30704714
:100F10004FF0FF30704770474FF0FF3070470020B0
:100F20007047002070470023037070479DF8003021
:100F30000022FFF7D4BF002070474FF0FF3070470A
:100F40004FF0FF3070474FF0FF3070477047002878
:100F50000CBF6FF01500002070470020704707237A
:100F6000037000207047002070470020704707EE94
:100F7000900AF5EEC07AF1EE10FA08B503D4BDE898
:100F80000840FFF751BFF1EE677A17EE900AFFF7BE
:100F90004BFF404261EB410108BD2DE9F047864619
:100FA0008C460846089E154674461946002B40F0AC
:100FB000C2808542B2FA82F245D94AB1C2F1200319
:100FC00000FA02FC2EFA03F3954043EA0C0C94401D
:100FD0004FEA154EA8B2BCFBFEF8230C0EFB18CC52
:100FE00008FB00F943EA0C43994528D9EB1808F1AE
:100FF000FF3704D2994502D9A8F102072B44A3EB8D
:101000000903A4B2B3FBFEFC0EFB1C330CFB00F087
:1010100044EA0344A04214D92C190CF1FF3304D242
:10102000A04202D9ACF102032C44241A43EA07403F
:101030001EB1D440002334607360BDE8F08747469A
:10104000DDE76346F1E792BB431B01214FEA154EF2
:10105000AFB2B3FBFEFC200C0EFB1C330CFB07F8FD
:1010600040EA0343984562D9EB180CF1FF3004D2F3
:10107000984502D9ACF102002B44A3EB0803A4B2BB
:10108000B3FBFEFC0EFB1C330CFB07F744EA0344E6
:10109000A7424ED92C190CF1FF3304D2A74202D932
:1010A000ACF102032C44E41B43EA0040C0E7C2F168
:1010B000200320FA03F1954090402EFA03F30343F6
:1010C0004FEA154EAFB2B1FBFEFC0EFB1C10190C23
:1010D0000CFB07F841EA0041884504FA02F422D9E2
:1010E00069180CF1FF3004D2884502D9ACF1020036
:1010F0002944A1EB08019BB2B1FBFEFC0EFB1C11C5
:101100000CFB07F743EA01439F420ED9EB180CF1A1
:10111000FF3104D29F4202D9ACF102012B44DB1B08
:1011200041EA004192E76046E3E76146F7E760463F
:10113000A3E76346B7E7834206D916B900210846FC
:101140007BE7C6E900E0F9E7B3FA83F78FB983429A
:1011500001D3724508D8BEEB020460EB0303012003
:101160009C461EB9002168E73846FAE7C6E9004CFC
:10117000F8E7C7F1200CBB4022FA0CF41C432EFA0E
:101180000CF120FA0CF3B84001434FEA14490EFA6F
:1011900007F5B3FBF9F81FFA84FE09FB18300B0CB6
:1011A00008FB0EFA43EA00439A4502FA07F240D9D7
:1011B000E31808F1FF3004D29A4502D9A8F10200E1
:1011C0002344A3EB0A0389B2B3FBF9F809FB1833F4
:1011D00008FB0EFE41EA03418E452CD9611808F147
:1011E000FF3304D28E4502D9A8F10203214443EA19
:1011F0000040A0FB0298A1EB0E014145CE464346BC
:1012000002D306D14D4504D2B9EB020E68EB0403BC
:101210000138002EA6D0B5EB0E0261EB030101FAF6
:101220000CFC22FA07F34CEA0303F940C6E900314B
:1012300098E74046C5E74346D9E7000000000000B4
:10124000F0B514461A4AA0FB020302FB0131C00BA1
:1012500085B040EA414014A3D3E90023C90BFFF74E
:10126000CBFD0546194610460023124AFFF7C4FD80
:1012700006461946104600230D4AFFF7BDFD0746F6
:101280001946104600234FF47A72FFF7B5FD009718
:10129000CDE90102334608482A4621462EF046F998
:1012A00005B0F0BDAFF3008000A493D600000000AD
:1012B00040420F00008793030B4A03000000000028
:1012C0002DE9F04FC7B01AF015FE18F04DFC0028BC
:1012D00040F0CD80002140F6CD402AF0C5F96648A7
:1012E000664C674D2EF022F966482EF01FF907F084
:1012F00065F8654B18681B798DF84C30634B12907C
:1013000018681B798DF85430614B14909A881868CE
:101310009B798DF87E305F4BADF87C209A88ADF8D4
:1013200084205D4A1E90186851689B79209010684F
:101330008DF8863026AB03C3584B594A186851685C
:101340001B79169010688DF85C3028AB03C31289A6
:101350001A80544B18689A889B798DF88E30524BBE
:101360002290CDE90943514BADF88C2018681B79C8
:101370008DF864304E4B189018689B88ADF8743027
:101380004C4B4D4A1C90186851681B791A90106894
:101390008DF86C302BAB03C31189927A19809A7047
:1013A000464B0B93A3F54023454AA3F61973CDE9A9
:1013B0000C34444B10685168CDE90E352EAB03C395
:1013C00090681860404B34AA03F108061868596801
:1013D000144603C40833B3422246F7D13B4A186887
:1013E00020601B7910685168237131AB03C390688A
:1013F0001860374B38AA03F1080618685968144674
:1014000003C40833B3422246F7D118681B7923710D
:10141000304B20609A8818689B798DF896302E4B57
:1014200010952490ADF8942011931AF04BFD1422DE
:101430000746002141A830F044FB052241A9384667
:1014400007F064FB06460028EFD0419806F0A6FF9F
:10145000012E02D0429806F0A1FFDDF8048112A906
:101460004046FFF723FDC8BB06F0A8FFDDE70120DB
:101470002AF036F929E700BF9B4A03006D61670037
:10148000616C6C00D64A03007C5003004696030052
:101490008150030088500300C69403002D8C030084
:1014A0008F5003009950030073657400A05003002F
:1014B000A550030041510300AB5003007A726F0046
:1014C000B650030062617400C2500300CF500300A5
:1014D000DB500300E85003006E76730014A9404609
:1014E000FFF7E4FC0546002840F01C82CC48CD4CB8
:1014F0002EF01CF8CC482EF019F8CC482EF016F837
:1015000017230A21CDE901310F23092240F2EA71A4
:10151000C74800930E232EF009F8C6482EF006F8AF
:10152000C5482EF003F8C5482EF000F8C4482DF049
:10153000FDFF2368B3F8763303F07F037F2B00F0C1
:10154000B88111F0E1FB0146BE482DF0EFFF2368A2
:1015500093F87A33FF2B08D013F0800FBA4BBB49B6
:10156000BB4818BF19462DF0E1FF2368B94893F82E
:101570007A23B3F876132DF0D9FF2368B3F87833C4
:1015800003F07F037F2B00F0968111F0CDFB014625
:10159000B1482DF0CBFF236893F87B23FF2A10D0AE
:1015A00012F0800FB3F87833A74AA849AB4818BFA8
:1015B000114613F0800FAA4BAA4A18BF1A462DF005
:1015C000B5FF2368A34893F87B23B3F878132DF075
:1015D000ADFFA54B1B68DB889A0640F16E81A348DE
:1015E000DFF8C0A22DF0A2FF0027266806EB8706D1
:1015F0000137D6F84401FFF72FF88046D6F8680186
:101600008946FFF729F8CDE90401D6F85C01FFF718
:1016100023F8CDE90201D6F85001FFF71DF8424644
:10162000CDE900014B4650462DF080FF032FDCD161
:10163000D4F80080DFF86C92D8F8FC00FFF70CF8C3
:101640000646D8F804010F46FFF706F8CDE9020177
:10165000D8F80001FFF700F83246CDE900013B461B
:1016600083482DF063FF83482DF060FF236803EB70
:1016700085080135D8F81401FEF7EEFF0646D8F8C4
:1016800038010F46FEF7E8FFCDE90401D8F82C0138
:10169000FEF7E2FFCDE90201D8F82001FEF7DCFFFA
:1016A0003246CDE900013B4648462DF03FFF032D71
:1016B000DCD111F049FB01466F482DF037FF60483F
:1016C0002DF034FF23686D4893F8655093F8661049
:1016D0006B4B002D08BF18462DF028FF4FF08052AD
:1016E0006848D2F8A830D2F8A4209BB22DF01EFF93
:1016F00022686549D2F869306448B2F86720002D45
:1017000018BF084642EA03421B0C2DF00FFF4C485D
:101710002DF00CFF12F06EFB834612F079FB12F0F5
:10172000C7FA824612F07AFB07460E4612F068FCB2
:101730000546894612F078FBBBF1000F0446884647
:1017400040F3E18030F049F9514AC01B61EB0603D8
:10175000A0FB020102FB0311C00B40EA41402EA393
:10176000D3E90023C90BFFF747FB194606460023C0
:101770001046484AFFF740FB074650461EB9FBB2E9
:10178000002B00F0B480FEF755FF434B0022FFF71B
:10179000E5F8CDE9006702460B4640482DF0C6FE4D
:1017A00055EA090300F0B680394BA5FB030103FBA2
:1017B0000911C00B40EA414017A3D3E90023C90B2C
:1017C000FFF71AFB0546194610460023314AFFF77A
:1017D00013FB2946024632482DF0A8FE54EA0803BE
:1017E00000F09C802A4BA4FB030103FB0811C00BF3
:1017F00040EA414008A3D3E90023C90BFFF7FCFAF4
:101800000446194610460023224AFFF7F5FA02461D
:101810004AE000BFAFF3008000A493D600000000B0
:10182000FD4A030038070020D64A0300304B03006E
:10183000464B03006A4B03007E4B03008D4B0300B5
:10184000969E0300AA4B0300374A0300D78003008B
:10185000B34B0300C24B0300D74B0300EA4B03001A
:101860003B4A0300979E030034070020FB4B030014
:101870004D4C03006D4C0300834C0300464A0300AB
:10188000564A0300904C0300684A0300834A030051
:1018900040420F000087930300005940A94C030009
:1018A000044D0300134C0300C34821462DF03EFEB7
:1018B000BBE5C24948E6C1496AE6D4F80080D8F8D9
:1018C000F000FEF7C9FE0646D8F8F8000F46FEF70E
:1018D000C3FECDE90201D8F8F400FEF7BDFE3246A2
:1018E000CDE900013B46B6482DF020FEA0E6FEF70C
:1018F000A1FEB44B0022FFF731F802460B46B24876
:101900002DF014FE4CE73E430CBFB048B0482DF01C
:101910000DFE45E7AF482DF009FE5FE7AE482DF01C
:1019200005FE82E51EA94046FFF7C0FAB0B930F0C7
:1019300054F8AA4A0D460446FFF782FCA84B1B68E0
:10194000D3E90401D3E90223801A61EB03010019F2
:10195000A44A41EB0501FFF773FC66E520A9404668
:10196000FFF7A4FA10B92DF014F85EE526A9404659
:10197000FFF79CFA002840F00D8112F035FA01467D
:1019800099482DF0D3FD12F035FA804612F040FA56
:10199000814612F08DF9064612F040FAB8F1000FB8
:1019A00004460D4640F3D6803046FEF743FE854B95
:1019B0000022FEF7D3FF064648460F46CDF80880C2
:1019C000FEF738FE7F4B0022FEF7C8FF3246CDE916
:1019D00000013B4685482DF0A9FD54EA050300F0BF
:1019E000BD802FF0FAFF001B814A61EB0501FFF774
:1019F00027FC12F019FA8146884612F065FA07466C
:101A00000E4612F0AFFA05460C4612F0F9FA50EA0B
:101A1000010300F0A780774AFFF712FC59EA080398
:101A200000F0A480744A48464146FFF709FC57EA93
:101A3000060300F09F80714A38463146FFF700FCEC
:101A400055EA040300F09A806D4A28462146FFF7C4
:101A5000F7FB2CF037FF05462CF041FF04462846E3
:101A600012F026F98246204612F022F980462CF028
:101A700043FF45EA04031B0407460E4600F182803B
:101A800050EA01037ED04046FEF7D4FD4D4B0022C4
:101A9000FEF764FF804628468946FEF7CBFD494B9A
:101AA0000022FEF75BFFCDE904012046FEF7C2FDF0
:101AB000444B0022FEF752FFCDE902015046FEF7EB
:101AC000B9FD404B0022FEF749FF4246CDE9000137
:101AD0004B464C482DF02AFD4B4A38463146FFF71D
:101AE000AFFB12F0F3FA064612F016FB044612F0B2
:101AF0002BFB44EA00030746180447D42046FEF7B0
:101B000099FD304B0022FEF729FF06EB86060446BE
:101B1000F0B20D46FEF77EFDCDE902013846FEF734
:101B200089FD284B0022FEF719FF2246CDE900016E
:101B30002B4636482DF0FAFC12F0A4FAFEF76AFDA7
:101B4000334B0022FEF70AFF02460B4631482DF0C8
:101B5000EDFC6AE430482DF0E9FC3EE72F482DF01B
:101B6000E5FC46E71B482DF0E1FC57E71A482DF04D
:101B7000DDFC5CE72A482DF0D9FC61E729482DF00F
:101B8000D5FC66E728482DF0D1FCAAE727482DF0C0
:101B9000CDFCD1E716A94046FFF788F918B9012016
:101BA00011F000FD41E428A94046FFF77FF9002825
:101BB0003ED108F0D1FD38E4444D0300294A03002A
:101BC000284C030000005940CF4C0300E04C0300B8
:101BD000D24D0300224D0300664D03008C4D0300DF
:101BE00038070020934D03009F4D0300AB4D0300C9
:101BF000E14D0300034E0300164E03002C4E03007C
:101C00005C4E03008C4E0300CC4E0300FB4E0300E1
:101C100000003440404F0300D14D0300EE4D03005F
:101C20003C4E03006C4E0300DF4E03002C4F0300BC
:101C300022A94046FFF73AF918B908F0A1FDFFF7CD
:101C4000F4BB09A94046FFF731F928B9012100206A
:101C500007F080FBFFF7E9BB0AA94046FFF726F92A
:101C600000BB022E01D0B14859E6429810212CF059
:101C700085F9AF4ACDE9000105460C463CA8112183
:101C80002DF061FC55EA04030AD042993CA8FFF705
:101C90000DF928B92846214606F0C6FAFFF7C5BB5C
:101CA000A4483CE618A94046FFF700F918B906F029
:101CB000ADFAFFF7BABB1CA94046FFF7F7F818B911
:101CC00006F00EFBFFF7B1BB1AA94046FFF7EEF88E
:101CD000002838D12FF081FE41F248220023FFF77F
:101CE0003BF810461946EA220023FFF735F8044670
:101CF0001946104600232722FFF72EF816461D46E8
:101D0000C7B22946304603220023FFF725F88A4B45
:101D1000D2B2304613F8028029460D220023FFF785
:101D20001BF8864B864AC0B2E4B253F820300093C9
:101D3000844B52F8242053F82730834841462DF035
:101D4000F5FBFFF772BB2BA94046FFF7AFF890BB3E
:101D5000022E88D1429C0BA92046FFF7A7F8014626
:101D600020B9012207F0B4F9FFF75FBB0CA92046A8
:101D7000FFF79CF820B9012107F048FAFFF755BB9F
:101D80000DA92046FFF792F800283FF45FAF0EA997
:101D90002046FFF78BF818B912F0ECF9FFF745BBB6
:101DA0000FA92046FFF782F818B913F02BFFFFF7B1
:101DB0003CBB6648B3E52EA93846FFF777F80446E2
:101DC000E0B9DFF8B081624F0646214640462DF06B
:101DD000ADFB604B33F8149000257119A94589B209
:101DE00005DC0134042C3FF420AB0E46EDE757F838
:101DF000212059482DF09AFB0135EEE734A94046E1
:101E0000FFF754F80446002840F0B680032E7FF414
:101E10002AAF429824A9FFF749F8054638BB80202D
:101E20002AF03EFBAC2300933CAA439BADF8F05054
:101E30008021044616F046FC054608B147486EE589
:101E4000474E30688022214600F55F702FF011FE6A
:101E500004F06AFA3268802302F55F7229461E2078
:101E600013F0CEFD20462FF0E2FD3E4857E50A2153
:101E70004398DFF8E0A02CF064F8DDF808B10546DF
:101E8000584606F0F9FA324A804623463AF8021BD1
:101E90000691002721E0B8F1000F1BDA079352F8F2
:101EA00026105846FFF702F8294A079BA0B9022CD2
:101EB00028D0032C30D0012C1CD0012D31D805F0B6
:101EC0000101484604F07EFA214B274853F82610BA
:101ED0002A46EBE4B045EAD00137069913FA87F6B3
:101EE0008F421FFA87F9B6B2D5DB0134042C1AD021
:101EF0003346CBE7012D14D805F00101484604F024
:101F000083FAE1E705F50043B3F5803F09D229B232
:101F1000484604F099FAD7E72946484604F0AEFA55
:101F2000D2E71248FBE41248F9E400BF544F030023
:101F3000714F0300794F0300EF500300782803002E
:101F4000C4280300AC2803008A4F0300B74F0300E6
:101F5000C0060020283F0300D54F0300DD4F0300DB
:101F600038070020F44F0300045003001B50030007
:101F70002A500300C94F030031A93846FEF796FFE7
:101F8000002840F09F80022E7FF46DAE429F10A982
:101F90003846FEF78BFF044678BBDFF8EC81DFF8AC
:101FA000DC9106461CE0022CD9F800201CD0032C42
:101FB0001FD0012C14BF5288D2882A4102F001029E
:101FC0006A496B4851F823102DF0B0FA01357319A6
:101FD000BD429BB2E7DB0134042C3FF426AA1E4627
:101FE00038F814700025F2E702EB4502B2F90A2036
:101FF000E6E702EB8502D26AE2E724A93846FEF75B
:1020000055FFC8B9AD202AF04BFA0023ADF8F030E7
:10201000584B1B6880220446009203F55F733CAA6C
:10202000AD2116F0CFFA544821462DF07FFA204614
:102030002FF0FDFCFFF7F9B9384606F01DFA002530
:10204000DFF844A1494B8046A9463AF802BB002478
:102050002DE0B8F1000F1BDA53F826103846FEF7D2
:1020600025FF424BB0FA80F04009F8B1434B022DF6
:102070001B6812D0032D15D0012D14BF5A88DA88A1
:10208000224102F00102394B394853F826100DE481
:10209000A6EB080148424841E7E703EB4403B3F9E4
:1020A0000A20F0E703EB8403DA6AECE7013409EB7A
:1020B00004065C45B6B2CCDB0135042D3FF433AFEA
:1020C000B146C2E738A93846FEF7F0FE002841D1F4
:1020D000022E7FF4C8AD429F10A93846FEF7E6FEF7
:1020E00018B904F01BFAFFF7A0B9384606F0C4F996
:1020F0000024DFF894801D4B0646A14638F802BB49
:1021000000251AE0002E13DA53F820103846FEF7A7
:10211000CDFE164BB0FA80F0400968B15146A0B22E
:1021200004F0C6F9429916482DF000FAFFF77DB980
:10213000321A50425041F0E7013519FA85F05D45F9
:102140001FFA85FA80B2DDDB0134042C3FF4EBAEDC
:102150008146D3E711A93846FEF7A8FE18B913F057
:1021600095FDFFF762B90748FFF7D9BBC00600200D
:102170004550030038070020AF4B03003407002010
:10218000595003006B500300283F0300000000007B
:102190002DE9F04F89B01F46DB000593139B039098
:1021A000DB000493139B079223EAE373DB000D46E5
:1021B00006934FF00008079B98452BDB09B0BDE85C
:1021C000F08FDBE90023F4E80201FEF79DFA0B46ED
:1021D0000246DDE90001FEF7E1F8049BCDE90001CC
:1021E0009B4409F101099DED007BB9458AED007B17
:1021F000E7DB0AF1080A0136129B03EBC60B139BBF
:102200009E420BDA9FED0A7B2C468DED007B4FF052
:102210000009E8E7DDF80CA00026EDE7069B039A2D
:102220001A44059B03921D4408F10108C3E700BF4F
:1022300000000000000000002DE9F74F0F461C468B
:102240001946064638469046651E0FF0F7FEA31E57
:102250009FED257B9FED266BE24304FB03316FF07E
:10226000070004FB0545183E4FEAC409D20007EBFE
:10227000C101A0EBC400ED000196A7F1100B002BEB
:1022800002DC03B0BDE8F08F019E03F1010C2E4487
:102290000BEB050EA44512DB58F823609E420AD0D2
:1022A00004FB063607EBC606B6468A469C46A4459E
:1022B00010DB86ED006B013B11440544DFE796ED32
:1022C000005B0CF1010C8EED005B86ED007BCE44D3
:1022D0004E44DFE79EED005B0CF1010CAAEC025BC3
:1022E000AEEC027BE3E700BF00000000000000004E
:1022F000000000000000F03F2DE9F04F2DED048BB1
:102300008FB0DDE91C541F4604FB05F300EBC3034B
:1023100003EBC40999ED007B4FEAC40808F10806F5
:1023200003EBC50B03930BEB0603CDE90C010992FC
:1023300051EC170B0293D3E900238DED0A0B8DEDC1
:10234000047BFEF729F87E4B0022FEF7DDF90BEB4C
:1023500008030893039BCDE900019919089BD1E973
:102360000001D3E90023FEF7CFF9DDE90023CDE931
:10237000060110461946FEF7C7F9DDE90623FEF708
:102380000DF8DDE90A2382468B46DDE90401FEF7FC
:1023900005F8C9E90001029BDDE90A01D3E9002340
:1023A000FDF7FCFF029BC3E90001099B03EB080951
:1023B00033440993BB19CDE904010A930022002399
:1023C00050465946B844FEF72FFC002800F0938091
:1023D0004BEC10AB2AF05EFD00220023DDE900018A
:1023E00057EC106BFEF702FC32463B4600287DD0CE
:1023F000DDE90001FDF7D0FF82468B4602460B4621
:10240000DDE90401FDF7CAFF5246C9E900015B4658
:10241000DDE90601FEF7A2FA0B4602990246D1E970
:102420000001FDF7B9FF099B9FED437BC3E9000164
:102430000A9B88ED007B83ED007B089BD3E9008934
:1024400042464B4640464946FEF75EF9524606462E
:102450000F465B4650465946FEF756F902460B4674
:1024600030463946FDF79AFF41EC100B2AF012FD79
:1024700057EC106B404632463B464946FEF76EFA33
:102480003B4641EC190B324650465946FEF766FA78
:10249000B0EE491AF0EE691A41EC180B2246039887
:1024A000B0EE480AF0EE680A29462BF0F8FFB0EECD
:1024B000491AF0EE691AB0EE480AF0EE680A0C9874
:1024C000224629462CF030F8B0EE491AF0EE691A8F
:1024D000B0EE480AF0EE680A0D98224629460FB081
:1024E000BDEC048BBDE8F04F2CF06CB8DDE90001C9
:1024F000FDF754FF80E7DDE90023DDE90401FDF786
:102500004DFF099B5246C9E90001C3E900012BF0C8
:10251000004343EC102B2AF0BDFC54EC103B0A9A0C
:1025200088ED000BBB5104F1004353600FB0BDECCC
:10253000048BBDE8F08F00BF000000000000000029
:102540000000E03F000000002DE9F04FA9B059EC79
:10255000118B0693531E19920793339A069B18907A
:1025600002FB03F4069B2791DB000A93069B00EB1A
:10257000C40404EBC30BDBE900679D18304653EC41
:10258000102B39468DED000BFDF706FF32463B461A
:10259000FEF7BAF804EBC50A42464B46FDF7FEFECD
:1025A000DAE90023FEF7DAF9DBE90223FDF7F6FEAC
:1025B000DAE902238046894630463946FDF7EEFEC9
:1025C000DDE90023FDF7E8FE339B1D4404EBC50560
:1025D00095ED027B06460F46404629F00041324603
:1025E00027F000438DED007BFDF7D8FEDDE90025E7
:1025F00025F00043FDF7D2FECDE9080102460B4667
:1026000040464946FEF7AAF9DDE908238046894697
:1026100030463946FEF7A2F9DDE90823CDE902018B
:10262000DDE90001FEF79AF9339BDB000D930833D7
:102630001293CDE90001CDF820A0069B339ADDF876
:1026400018A003EB420304EBC3030C930A9B083B63
:1026500004EB030B079B9A4502DD29B0BDE8F08F20
:10266000069B9A4548DD079B9A4500F0E4800C9B49
:1026700013ED027B089BDBE9006753E9024527F075
:102680000043CDE91B3425F000431A961D93DDE984
:102690001C23DDE91A018DED007BFDF77FFE009B19
:1026A0001E93019B23F000431F93DDE91E23FDF7DA
:1026B00075FE02460B46CDE9042300220023FEF7F7
:1026C0008BFA002840F0AC80DDE90423304639461F
:1026D000FEF744F9DDE90423804689462046294671
:1026E000FEF73CF9DDE90423CDE90201DDE9000153
:1026F000FEF734F9CDE9000142464B4640464946D3
:10270000FEF702F8DDE9022304460D46104619469D
:10271000FDF7FAFF02460B4620462946FDF73EFE2E
:10272000DDE9002304460D4610461946FDF7ECFF8F
:1027300002460B4620462946FDF730FE41EC100BC1
:102740002AF0A8FB002200234046494655EC104BD6
:10275000FEF74CFA28B105F1004320942193DDE9FE
:102760002045069B9A4569DD05F100432393229499
:10277000DDE90423DDE92201FDF7C6FFCBE9000115
:1027800022462B4640464946FDF708FE22462B4688
:1027900080468946FEF7E2F822462B46CDE9040141
:1027A000DDE90201FEF7DAF822462B46CDE90E01FB
:1027B000DDE90001FEF7D2F84246CDE910014B46B3
:1027C000DDE90201FEF7CAF84246CDE902014B46B7
:1027D000DDE90001FEF7C2F8CDE900010C9D089C7F
:1027E0000BF108065746339B9F4238DB199A189C19
:1027F0000AF103039342A8BF134626934FEACA0384
:102800000A93083313930A9B103314930025269BD5
:10281000AB4273DA329C0025339B9D42C0F2C980E3
:10282000129A089B134408930C9B13440AF1010A63
:102830000C9393440EE79FED8C7B1BE7069B279A36
:1028400093429DD0DBF800302493DBF8043003F191
:10285000004325939DED247B8BED007B90E7D4E92D
:102860000023DDE902010A94FDF74EFFD6E90023BB
:10287000FDF794FD079B9A45804689461FD095ED4C
:10288000007BDDE9002351EC170B8DED0A7BFDF792
:102890003BFF02460B4640464946FDF77FFD024698
:1028A0000B4680468946DDE91001FDF72DFF024603
:1028B0000B46DDE90A01FDF76FFDC5E90001DDE921
:1028C0000E2340464946FDF71FFF02460B46D4E95A
:1028D0000001FDF761FDDDE90423E4E80201404663
:1028E0004946FDF711FF02460B46D6E90001FDF708
:1028F00053FD0137E6E80201083574E70A9BE61844
:10290000139BDDE904011F19D6E90023FDF7FCFE46
:10291000D7E9002380468946DDE90E01FDF7F4FE84
:102920000B46024649464046FDF738FD079B9A454F
:102930008046894623D0149B234493ED007B159356
:1029400051EC170BDDE910238DED167BFDF7DCFE56
:1029500002460B4640464946FDF720FD02460B461F
:1029600080468946DDE90001FDF7CEFE0B460246B2
:10297000DDE91601FDF710FD159BC3E90001DDE956
:10298000022340464946FDF7BFFE02460B46D7E903
:102990000001FDF701FDC7E900014B46D6E9000142
:1029A0004246FDF7F9FC0D9BC6E9000101351C44C8
:1029B0002DE70A9BE618139BDDE904011F19D6E9F0
:1029C0000023FDF7A1FED7E9002380468946DDE913
:1029D0000E01FDF799FE0B46024649464046FDF7BB
:1029E000DDFC079B9A458046894623D0149B2344EF
:1029F00093ED007B159351EC170BDDE910238DED62
:102A0000167BFDF781FE02460B4640464946FDF720
:102A1000C5FC02460B4680468946DDE90001FDF70C
:102A200073FE0B460246DDE91601FDF7B5FC159B6A
:102A3000C3E90001DDE9022340464946FDF764FE93
:102A400002460B46D7E90001FDF7A6FCC7E90001E5
:102A50004B46D6E900014246FDF79EFC0D9BC6E9B8
:102A600000011C440135D7E6000000000000000012
:102A70002DE9F04FA7B01D46309B249103FB05F4D0
:102A800000EBC4049A491790EB001493002004EB68
:102A9000C503C3E9000130990793CE00C6EBC50317
:102AA0001C446FF007039B1B9FED8F7B1593079BC7
:102AB000CDE91043249B8DED220B8DED0A7B8DED2E
:102AC000027B02EBC50203EBC50305F1FF3B169247
:102AD000AA462593149BBBF1000FA4EB030902DA6D
:102AE00027B0BDE8F08F259B109993ED007B51E94D
:102AF000020153EC172B8DED127BFDF74DFC09EB1A
:102B0000CA031F46309B94ED007B03FB0AF8149B1D
:102B1000CDE9040103EBC8088DED007B179BD1467E
:102B20009844A94549DB169B33ED027B002216939E
:102B300051EC170B00238DED0C7BFEF757F830BBE3
:102B4000DDE90C0100220023FEF746F8002849D0F9
:102B5000009B0E93019B03F100430F93DDE90401F9
:102B600000220023FEF738F8002838D1DDE90423DD
:102B7000DDE90E01FDF7F2FEC4E900019DED0A7BDF
:102B80008DED007B9DED027B8DED047BDA46079B8E
:102B9000159A9B1B9DED007B0793109B13448DEDB5
:102BA0000A7B10939DED047B119B13448DED027BFA
:102BB0000BF1FF3BA41B11938CE7D8E90023F7E846
:102BC0000201FDF7A1FD02460B46DDE90001FDF71C
:102BD000E5FB09F10109CDE90001B044A1E7DDE918
:102BE0002223C5E7109B93ED007B119B8DED087BA5
:102BF00013ED027B249B03EBCB01D1E90001DDE95E
:102C000012238DED207BFDF7C7FB02460B46FDF737
:102C10007BFDDDE90A23CDE91201DDE90801FDF7BD
:102C200073FDDDE9022380468946DDE90001FDF7F9
:102C30006BFD02460B4640464946FDF7ADFBDDE91C
:102C40000C238046894610461946FDF75DFDDDE9F7
:102C50001223FDF7A3FB02460B4640464946FDF70B
:102C60007DFE089B1893099B23F000431993029B58
:102C70001A93039B23F00043804689461B93DDE9AA
:102C80001A23C4E90089DDE91801FDF7CDFF4246AA
:102C90004B46A8B1DDE90401FDF736FDDDE900236F
:102CA000FDF77CFB01F100431D931C90DDE9082337
:102CB000DDE91C01FDF752FE079BC3E900015DE75A
:102CC000DDE92001FDF720FDDDE90A23FDF766FBC4
:102CD00001F100431F931E90DDE90223DDE91E018F
:102CE000E8E700BFAFF30080000000000000000034
:102CF0000000F03F000000002DE9F04F8DB0CDE95D
:102D00000901169A013A0192169AD6003344A6F1A7
:102D100008040893019B002B02DA0DB0BDE8F08F88
:102D2000089B73E902890022089340460023494624
:102D3000FDF75CFF054600284DD004F108030A9D0D
:102D40000B93A4F108094FF00008169B984504DB8B
:102D5000019B013B0193083CDCE79FED377B0B9B1C
:102D6000099F8DED047B8DED027BAB4605EB030ADD
:102D7000BBEC027B09EB070351EC170BD3E90023F3
:102D80008DED067BFDF7C0FC02460B46DDE9020136
:102D9000FDF704FB3B19D3E90023CDE90201DDE98E
:102DA0000601FDF7B1FC02460B46DDE90401FDF723
:102DB000F5FADA45CDE904013744D9D19DED027B1E
:102DC00005EB090383ED007B2B19C3E900013544B2
:102DD00008F10108B9E70022002340464946FDF703
:102DE000FBFE0028B4D00A9F04F1080A1FE09FED03
:102DF000127B099B8DED027B03EB0409B84607EBC0
:102E00000A0BD9E90023F8E80201FDF77DFC024630
:102E10000B46DDE90201FDF7C1FAD845CDE9020113
:102E2000B144EED13B19C3E9000101353744169B8B
:102E30009D42DCDB8CE700BF0000000000000000CA
:102E40002DE9F04F2DED048BBDB093464A9A0E93B9
:102E50005D1E02FB03F4EB001E930E9B1D909E1A59
:102E6000EB0000EBC40408330F9304EBC50704EB3D
:102E7000030AAB1A97ED007B04EBC60604EBC30410
:102E80000F9BCB188DED007B1C9393ED007B0F9B6C
:102E90005B44D6E900891393DDE90003424623F041
:102EA000004129F000438DED3A0B8DED027BFDF7DB
:102EB000BBFEDDE90223002859D0DAE90001FDF765
:102EC0006BFADDE9002301F10041FDF747FDC4E99C
:102ED00000010F9B5BF80300139B5B6803F100414B
:102EE000D7E90023FDF73AFDC6E900016E4B002249
:102EF000C7E900230E9B023B1293129A4A9B53434D
:102F00001D9A00200021CAE9000102EBC30A0E9AB3
:102F10004A9B134403F10053013BDB003693083313
:102F200038934A9BDB0016935B423993531E0BEB9D
:102F3000C3031F931C9B1793169B41EC170BC3F104
:102F4000FF2303F57F03F833CDE90A018DED107BF4
:102F500037930AEBC203A3F1100B129B002B8DEDEC
:102F6000087B19DA3DB0BDEC048BBDE8F08FD4E9E5
:102F70000001FDF711FA41EC120B2046139C42466A
:102F800009F1004394ED003B9FED451B43EC102BF2
:102F900031462BF0A2FBA9E71C9B93ED007BDBE9FC
:102FA000000153EC172B8DED207BFDF7F5F90F9BFE
:102FB0000AEB030494ED007B8DED007B9FED387BE5
:102FC0004A9BCDE9060103FB05F88DED027B1D9BB5
:102FD0000AEBC50603EBC808A9460E9B994535DBED
:102FE0001F9B73E9026700221F9330460023394676
:102FF000FDF7FCFD002840F0A981139B93ED007BB9
:103000001E9B00220AEB03053046002339468DED56
:10301000047BFDF7E1FD002848D0029B2293039B2F
:1030200003F100432393009B2493019B03F100438E
:1030300025939DED043B9DED062B9DED221B9DED03
:10304000240B214628462BF048FB72E1B6EC027BAC
:103050001E9B434451EC170BD3E900238DED047BF9
:10306000FDF752FB02460B46DDE90001FDF796F93C
:103070000F9B4344D3E90023CDE90001DDE90401BE
:10308000FDF742FB0B460246DDE90201FDF786F93A
:10309000169BCDE9020109F1010998449DE700BFA3
:1030A00000000000000000000000F03F9BED027BEC
:1030B000169B17995B448DED0C7B93ED007B51E9DA
:1030C0000401DDE920238DED147BFDF765F902464F
:1030D0000B4680468946FDF761F9DDE90423FDF7DB
:1030E00013FB4246CDE920014B4640464946FDF7D9
:1030F0000BFB32463B468046894630463946FDF753
:1031000003FB02460B4640464946FDF747F9DDE919
:10311000042306460F4610461946FDF7F5FA024607
:103120000B4630463946FDF737F902460B4643EC6D
:10313000182B0C9B1A930D9B23F000431B93089BA9
:103140001893099B23F00043199300220023FDF7F5
:1031500043FD002831D0DDE9200100220023FDF7E6
:103160003BFD002829D0069B2693079B23F00043B4
:103170002793DDE92601DDE91A23FDF70FF9149BFA
:103180002893159B23F000432993DDE92823FDF7BD
:1031900005F9DDE91823FDF701F9049B2A93059B46
:1031A00023F000432B93DDE92A23FDF7F7F8DDE94F
:1031B0003A23FDF7A9FA41EC180BDDE90A23DDE912
:1031C0000C01FDF7A1FADDE9022306460F46DDE911
:1031D0000801FDF799FA02460B4630463946FDF7DD
:1031E000DBF8DDE9042306460F46DDE90001FDF7C3
:1031F0008BFA02460B4630463946FDF7CDF8DDE93D
:10320000102341EC190BDDE90C01FDF77DFADDE936
:10321000002306460F46DDE90801FDF775FA024670
:103220000B4630463946FDF7B7F8DDE9042306467C
:103230000F46DDE90201FDF767FA02460B4630460C
:103240003946FDF7ABF8B0EE482AF0EE682AB0EE4A
:10325000491AF0EE691A41EC100B9DED203B214616
:1032600028462BF03AFA139BD3E90067369B2C963D
:103270000AEB0309389B0AEB030827F000432D9360
:10328000DDE92C01DDE91823FDF788F8DDE91A23D3
:10329000FDF7ACFC00286ED0009B2E93019B03F140
:1032A00000432F93DDE90601D5E90023FDF72CFA51
:1032B00002460B46DDE92E01FDF76EF8D4E9002346
:1032C000CDE9000130463946FDF71EFADDE90C2351
:1032D000FDF744FB02460B46DDE90001FDF75EF811
:1032E000029B3093C9E90001039B03F10043319332
:1032F000DDE90601D4E90023FDF706FA02460B4694
:10330000DDE93001FDF748F80F461399D5E90023B0
:103310000646D1E90001FDF7F7F9DDE90C23FDF7D9
:103320001DFB02460B4630463946FDF735F8C8E925
:1033300000019DED0A7B8DED027B9DED107B8DEDF7
:10334000007B9DED087B8DED067B129D399B9A4499
:10335000129B9DED027B013B1293179B8DED0A7B27
:10336000083B9DED007B1793379B8DED107B9B44B5
:103370009DED067BF1E50A9B32930B9B03F1004325
:103380003393DDE91401D4E90023FDF7BDF90246CA
:103390000B46DDE93201FCF7FFFF109B3493119BD4
:1033A00003F1004341EC180B3593DDE91401D5E935
:1033B0000023FDF7A9F902460B46DDE93401FCF7CD
:1033C000EBFFB0EE481AF0EE681A41EC100B9DEDE1
:1033D000082B47EC136B4146484634E600000000DA
:1033E0002DE9F04F8BB0CDE906014C1CDFF8F0B0B1
:1033F000E40005464FF000084FF0000A079B98458F
:103400000FDB069BA4F1080903EB0907B846012569
:10341000079BAB425CDD069B059300230497019359
:1034200043E0D5E900670022002330463946FDF726
:10343000D3FB002847D132463B4650465946FDF75C
:103440008DFA08F10108C5E900012544D6E7DBE95A
:103450000023F6E80201FDF757F902460B46DDE9C5
:103460000201FCF79BFFCDE902010AF1010ACB44FE
:10347000AA45ECDBD8F808300893D8F80C3003F1F3
:1034800000430993DDE90801DDE90223FDF73CF97A
:10349000049BE3E802010493019B01330193059B24
:1034A00023440593019B9D4209D0DDE9043B9FED38
:1034B0000A7BDDF804A08DED027B1E46D8E70135BE
:1034C0004F44A044A4E74FF0FF300BB0BDE8F08FAD
:1034D0000020FAE7AFF300800000000000000000C9
:1034E0000000F03F000000002DE9F04F87B00D46CE
:1034F0000390FFF775FF00283BDB039F4FEAC50AE7
:103500000024AC423ADAE3000593039B029703EBF5
:10351000C409002621E0059B08EB0301049B4344FA
:10352000D3E90023D1E90001FDF7EEF802460B468E
:10353000DDE90001FCF732FF0BF1010B5D45CDE940
:103540000001D044E7D1029BE3E802010136B44216
:10355000C9E900010293D14408DB9FED097BF30028
:103560008DED007B0493B846A346D4E7013457445D
:10357000C7E74FF0FF3007B0BDE8F08F0020FAE753
:1035800000000000000000002DE9F04F99B0012A72
:1035900003908B46144607DC7D4B0022C1E90023D3
:1035A000002019B0BDE8F08F022A0CD17849002024
:1035B00000220023CBE90001CBE90223CBE904017F
:1035C000CBE90623ECE7900028F06AFF059000287D
:1035D00000F0D480039B049003EBC4030B93A31E61
:1035E000E50017930B9B0E9305F1080310930BEB6B
:1035F000041306930F930B9B07930026049B079FCE
:103600009FED617BB246013643F8046F4FEAC6096D
:103610008DED087B0493A9F108031493B046A045EF
:1036200042DB049B1A68B2420BD003983146234612
:103630002BF0E4F8049A00941268039831462BF0BA
:10364000C4F80E9BEB1811939846039B4B441593BB
:103650000F9B0AF10207A7420A933FDBDDE90F3215
:1036600013440F93079B13440793179B9E4218DB49
:103670000B9E02272E447A1E304606992AF088FEB9
:10368000069B01372B44BC422E440693F3DC03987F
:10369000059A23465946FEF7CFFD05982EF0C7F947
:1036A0007EE7119B0E93A9E73B6812937B6823F09A
:1036B00000431393DDE91201DDE90823FDF7B4FAB5
:1036C00040B1049BC3F800803B6808937B6823F0FB
:1036D000004309932F4408F10108A0E7149B08EB6D
:1036E0000301079BD1E90001D3E90023FDF736F977
:1036F000CDE9080105EB0803DDF838A01693C146B3
:1037000099ED007BDDE90823FAE802018DED0C7BE1
:10371000FCF7FAFF0B460246DDE90C01FCF73CFE24
:10372000E9E80201169B4B45EAD19DED087B0A9B17
:10373000DDF8549083ED007B039B03EBC7030C93F0
:103740004FF0000A0C9BDDE90801D3E90023FCF7E8
:10375000DBFF0B460246D9E90001FCF71FFE0C9B7C
:103760000AF1010A2B445445C9E900010C93A9440C
:10377000E8D10A9BA84401372B446CE74FF0FF3097
:103780000FE700BFAFF30080000000000000000062
:103790000000F03F000000002DE98048C44B9FB0BE
:1037A000012202AF1A7011F061FE062016F0C6F970
:1037B00038B1C04B43610223037400234374837404
:1037C000C374BD4900234FF4865200242CF0CFFB74
:1037D00087F8604007F160020F2120460BF030FBB4
:1037E000082097F8605016F0A9F938B1B34B44742B
:1037F000C0E90535032303748474C4740023AE49FF
:10380000DFF800834FF4C4522CF0B1FBAC480FF04A
:1038100007FA98F800301BB1AA4B1B685B68984701
:10382000A94C236800255B68984787F8605007F12A
:1038300060020F2128460BF003FB082097F8606018
:1038400016F07CF938B1A14B4574C0E90536032365
:1038500003748574C574002397499D4D4FF4C45279
:103860002CF085FB9B480FF0DBF90023BB642B6831
:10387000DB88D80606D59FED980A07F1480101209C
:103880002BF0BFF897ED128AB5EE408AF1EE10FAF0
:1038900019D0082016F052F9064668B18F4B4361E3
:1038A00018EE100AFCF7D8FE0423C6E906013374AB
:1038B00000237374B374F3747F4900234FF40352ED
:1038C00030462CF054FB2B68B3F91820B3F91630AE
:1038D00000EE902A00EE103A2368F8EEE00A9B68AA
:1038E000B8EEC00A07F1600107F1540098470820BC
:1038F000D7F8549016F022F9064660B1784B436130
:103900004846FCF7A9FE0423C6E9060133740023E8
:103910007374B374F3743046674900234FF4035251
:103920002CF025FB0820D7F8609016F007F9064622
:1039300060B16C4B43614846FCF78EFE0423C6E938
:103940000601337400237374B374F3744FF4035299
:1039500030465949DFF8B0A1DFF8B0B100232CF0B0
:1039600006FB2E68F388B6F91400C3F3C0038AF887
:103970000030FCF75FFE02460B4600205A49FCF778
:10398000EDFFFDF799F908EE100AB6F91200FCF701
:1039900051FE02460B4600205349FCF7DFFFFDF7BE
:1039A0008BF9236851491B6897ED120A00EE900AC3
:1039B000B0EE481A584698474C4B9BED007AD3ED31
:1039C000007A4B4BF861B4EE677AF1EE10FA48BF1B
:1039D000F0EE477AC3ED007A464B0820D3F8049006
:1039E00016F0ACF8064688B1434B43614846FCF7F5
:1039F00011FE2DA3D3E90023FCF7B0FF0423C6E991
:103A00000601337400237374B374F37430462A4987
:103A100000234FF403522CF0AAFA0820DBF80090A0
:103A200016F08CF8064690B1344B43614846FCF7DB
:103A300013FE0B4602462C490020FCF78FFF04239F
:103A4000C6E90601337400237374B374F37430460B
:103A5000194900234FF403522CF089FA234B082014
:103A6000D3F8009016F06AF8064690B1244B4361F3
:103A70004846FCF7F1FD0B4602461B490020FCF7C7
:103A80006DFF0423C6E90601337400237374B37415
:103A9000F374002308494FF4035230462CF067FAC0
:103AA000FB69002B36E000BF0000000080842E413F
:103AB000B65B0020458803000C26030061880300E4
:103AC00091880300780700207C070020AE8803005F
:103AD00034070020DE88030000000047EF88030061
:103AE00009890300248903000000F03FD03700203B
:103AF000C8370020BC0700203D8903005E89030011
:103B000081890300B95B0020B85B0020D437002016
:103B100000007A44C0F2F88098F800301FED048A63
:103B2000002B40F08F80062016F008F8002840F0A7
:103B3000F080A049A04EDFF8D08200234FF48652D7
:103B40002CF015FA2B689D4AB3F91A309C4D83F37B
:103B500002032B6052F8233033600FF0B7FB2B6861
:103B6000032B03D1D8F800002AF06BFADFF89C92FF
:103B70002A68D9F80000336890F87411914240F037
:103B8000D1805B6800F275109847D9F800300022A8
:103B900083F8742105F022F8D8F8000005F042FA05
:103BA0002268884B9A4215D1062015F0C7FF38B11C
:103BB000854B436102230374002343748374C374ED
:103BC0007C4900234FF486522CF0D1F905F030FAED
:103BD0002AF06DFA7D4BD3ED007A7D4BF8EEE77A53
:103BE00093ED007AC7EE886AC6EE877AFDEEE77A33
:103BF00017EE903A18B2774B1880236880B25B6A50
:103C00009847064600287FD0C0F30713012B724C5B
:103C100000F09380032B00F09280002242F4803267
:103C2000D4E9011023690968090500F18D806B4909
:103C30006B484FF47F722BF0ECFC4FF47F716748B8
:103C40002BF0DEFC9AF80030002B3FF46CAFDFF86D
:103C5000C0A12368BAF80420DFF8B891DB6ADFF866
:103C60009C8102F07F02002102209847D9F80030A1
:103C70009FED5C0A1B684046984798ED007AF0EE8D
:103C8000007A57EE087A064617EE900AFDF76FF9AC
:103C9000554BC3E90001554B216801221A70BAF84F
:103CA0000420D1F82CA0D9F8001002F07F020420E3
:103CB000D04708B94D4B18700820D8F8009015F07F
:103CC0003DFF8046B0B14A4B43614846FCF7C4FC17
:103CD0000B46024647490020FCF740FE0423C8E992
:103CE000060188F81030002388F8113088F8123067
:103CF00088F813302F4900234FF4035240462CF02C
:103D000036F9002EBFF60FAF0121084611F010FC66
:103D1000C2E0394B4361022303740023437483746C
:103D2000C37406E7354A1B6892ED001A344ADBED8E
:103D3000000A92ED000A98472EE720226EE7314AEA
:103D40002369D4E901106EE7196821F40061196054
:103D5000036821480B2106F00F069847032E16D062
:103D6000022E4FF0000316D14FF0A8621343D4E99E
:103D70000126B469002C56D059020ED417491848B0
:103D800040F27F322BF045FC40F27F3157E74FF095
:103D900050730022EAE71A46E8E7126812053BD49E
:103DA0000E490F4840F293322BF033FC40F293312E
:103DB00045E700BF0C260300880700200409002007
:103DC000C437002094290300D6890300740700201B
:103DD000C8370020B4590020DC1C0300EE89030022
:103DE0001F8A0300CDCCCC3D101F0020B75B002004
:103DF000A08903000000F03FC2890300CC370020F7
:103E0000D037002010000100840700203807002070
:103E1000F437002078070020B94803F0C0634FF062
:103E2000A0720B21A047B749B74B4B604FF400631A
:103E30008B60F36913B1B248012298472A68B34BEB
:103E40006C4688B053F8223002AAB149C2E9051382
:103E50004FF400739383AF4B42F8103FAE480023FA
:103E60004FF4E65116F04AF80620A54615F066FE16
:103E700038B1AA4B43610223037400234374837453
:103E8000C37400234FF48652A3492CF070F8A44A5F
:103E900001231370A34A13709FED978B2AF0C6FC81
:103EA000A04B1B783B61C7E90210002B00F0FC839C
:103EB0009D4CDFF8C8929D4D11F0D8FA9C4B94F8B8
:103EC000008093F800A083F80080D9F800302846DD
:103ED0001B6A984740B92AF0A9FC964B95ED000A59
:103EE000C3E9000102F0E0FB934B1B68DB8813F091
:103EF000010F40F26C7608BF4FF48066304628F020
:103F0000CFFA0546C8B9082015F018FE40B18B4B12
:103F100043618B4B83610323037445748574C574BB
:103F200000234FF4C2527C492CF021F801210846AD
:103F300011F0FEFA7B4A00231370D9F800303146A5
:103F40001B69284698477F4B93F800900646B9F1C5
:103F5000000F40F0F1814FF000097B4BC245B3F9EF
:103F60000030BB611BD02478012C00F0FB81022CB7
:103F700000F00A829CB906200EF0E2FD062015F042
:103F8000DDFD30B1714B43610223037444748474CA
:103F9000C474614900234FF486522BF0E8FF0024DB
:103FA00011F050FAC7E90C44DFF8ACB1BC63A0468D
:103FB000FC617C61A0B2864200F2188228462DF096
:103FC00036FD07F15405B9F1000F4CD0DFF8B0A170
:103FD00007F124040C22514620462DF03AFD00281A
:103FE00041D02AF023FC5A4BC3E9000194E80700B2
:103FF0004FF0000B8AE80700204604F0EDFFC7F8F9
:1040000054B09FED540AC5E901BB294620462AF069
:1040100031FE20B19AE8070084E80700D946D7EDC1
:10402000097ABB6A3B66F1EE677AC7ED197AD7ED7C
:104030000B7AF1EE677AC7ED1A7AB9F1000F08D062
:10404000454B464A1B6892ED000A5B6907F1600028
:10405000984707F16002104641492AF098FD07F1A0
:10406000600002F005FBFA693E4B002A40F03A82FC
:10407000002E40F04E822AF0D9FB652871F1000134
:1040800003DBB8F1000F00F08A82BB6923B37B69C0
:10409000FA699342B8BF1346F3B1BA6993421BD091
:1040A000314AB86931496C468AB0012818BF1146B7
:1040B00002AA2F4850611362B86940F20133938419
:1040C0002C4BC2E9060142F8103F134800234FF47D
:1040D000325115F013FFA5461F4E274833681B6B5E
:1040E0009847254908462AF09FFC00237B651D4818
:1040F000C5E9013346E000BF0000000000000000F9
:10410000DC1C0300B8370020ED2B0100140900204F
:10411000378A0300030000010C260300408A0300D5
:10412000BD5B0020B15B0020B45B0020D8370020CD
:10413000B35B00205005002034070020538A0300A1
:10414000C08C0300B75B0020B4590020818A0300B3
:1041500058050020BD37863588070020CC37002061
:104160008C070020A837002042B60300979E03006A
:104170002E8B030005000001AC0700207C07002007
:10418000DC37002029462AF023FDB5EE400AF1EE87
:1041900010FA04D0834984482A4611F0CBFF20202E
:1041A00011F086FA33689B6A04469847002840F06D
:1041B00003829FED7E0A7E497B48DFF82C922AF02D
:1041C00021FD002C40F03083002800F02D832AF0E0
:1041D0002DFBD9E90032C61A764B1B7861EB020839
:1041E000F3B9754B1B68D3F830A04FEAEA73B245B8
:1041F00073EB080314DA082015F0A0FC38B16F4BFC
:104200004474C0E9053A032303748474C47400231E
:104210004FF4C6526A492BF0AAFE664A0123137076
:104220006848DFF894A1D0E90010D9E900325B1AA0
:10423000DAF800104C6B62EB00024FEAE4799C4222
:1042400079EB020008DA8C6B4FEAE479A34272EB57
:104250000900BCBF1C469146CA88D00709D55548FD
:104260000378012B05D8B44279EB0803BCBF0223C5
:104270000370DFF85CB152079BF8003040F1BD815C
:10428000012B00F2B781CA6BD317B24273EB08035C
:1042900080F2B381062015F051FC38B14A4B4361DE
:1042A00002230374002343748374C37400234449BA
:1042B0004FF486522BF05BFE02238BF80030DAF8C5
:1042C0000030D3F840B04FEAEB73B34573EB08030B
:1042D00080F29381082015F031FC60B13B4B4361C3
:1042E0004EF660239BFBF3F38361032303740023E7
:1042F00043748374C374324900234FF4C6522BF0C5
:1043000036FEDAF80030B3F9101029B95B881B07C4
:1043100002D501202AF02AFBDAF80030B3F9102088
:10432000012A05D15B88580702D500202AF027FB17
:10433000274B03221A7060E12AF078FA254BD3E963
:104340000023801A61EB0301234BD3E9002382424F
:104350008B41BFF600AE214B1B6807F124005B695F
:104360009847FAE521200EF0EBFB062015F0E6FB5E
:1043700000283FF40EAE1A4B43610223037400235E
:1043800043748374C37404E664200EF0D9FB0620E2
:1043900015F0D4FB00283FF4FCAD124B43610474CC
:1043A000EDE700BFA8370020AC0700200AD7A33BE9
:1043B0009C070020B45B0020340700204D8B0300D5
:1043C0000C260300081F00206C8B03008A8B03005F
:1043D000B25B002058050020101F00207807002045
:1043E000A08A0300BF8A0300001F00200023C7E942
:1043F0001133C7E91333C7E90F33714B07F12402B7
:104400001B680092D3F814A007F13C0207F148039F
:104410002946D04710F01003824661D110F0020FF8
:1044200026D007F148007B6004F09CFDBA6C7A65E9
:10443000FA6CBA653A6D634BFA65DBF8002093EDD0
:10444000000AD26807F1540090475F4A7B691278EE
:1044500001337B6162B15D4A7B68127842B1C7E982
:104460001833BB66DBF8003007F16000DB69984762
:104470001AF0010F2DD007F13C0004F02DFDFB6B6D
:104480003B663B6C7B667B6CBB66514B514A1B6841
:1044900092ED000A1B6907F160009847D7ED0C7A8E
:1044A00097ED187AFB6977EE877A97ED197AC7ED61
:1044B0000C7AD7ED0D7A77EE877A97ED1A7AC7EDF9
:1044C0000D7AD7ED0E7A77EE877A0133C7ED0E7A43
:1044D000FB613B691AF0040F18BF994608F1010807
:1044E000013467E5D7ED077AD7ED0C6AF8EEE77A85
:1044F00086EEA77AD7ED0D6A83ED007A86EEA77A6D
:10450000D7ED0E6A83ED017A86EEA77A83ED027A03
:10451000AEE5B8F1000F06D0B0457FF4B6AD2E4B36
:1045200000221A60B1E5062015F008FB48B12B4BBC
:1045300043610223037480F8118080F8128080F8B0
:10454000138000234FF4845225492BF010FD224A9A
:10455000136801330A2B13607FF497AD082015F020
:10456000EDFA48B11F4B43611F4B83610323037472
:10457000002343748374C374194900234FF4C25257
:104580002BF0F5FC0121084610F0D2FF002E3FF47D
:104590007CAD0EF0C7FF00202AF0FBF975E5062080
:1045A00015F0CCFA0028CCD0104B436102230374E1
:1045B00046748674C674C4E79FED0D0AFBE500BF20
:1045C0007C070020D0370020B95B0020B85B0020BA
:1045D00088070020D4370020B4370020E08A030089
:1045E0000C2603000A8B0300C08C0300F58A03002D
:1045F000CDCC4C3D022B3FF462AEDAF80030DFF850
:10460000B8B2DA889BF800A0910703D55A88120740
:1046100000F1D380BAF1000F00F0FD80BAF1020F73
:1046200040F0F980186CC117801B61EB080102F0A3
:104630006BF89FED8C0A8C498C482AF0E3FA9FEDC9
:104640008C0A8C49044628462AF014FB04B1E0B9D0
:10465000864B854C0FCB84E80F0095E80700854B0F
:1046600083E807008449814807F160022AF011FAC3
:1046700081492A4628462AF08AFA804B2946D3E9FE
:10468000002307F1600001F0BDFF7D4B1B785BB19B
:104690007C4B1B7843B17C4B1B782BB97B4B1B7835
:1046A000012B01D106F080F8794CDFF81482002349
:1046B00023702AF0BBF8FB68D8F80020C01ABB684A
:1046C00061EB0301D31782428B4107DA714DD5E9C3
:1046D000002382428B41B8BFC5E900016E4D2AF02C
:1046E000A5F8D5E90032C01A41F2893361EB020125
:1046F000984271F1000121DB2AF098F8C5E9000128
:10470000644DD5E90096B9F1010F76F1000315DB90
:10471000082015F013FA48B1604BC661C0E90539AD
:1047200004230374002343748374C3745C4900231B
:104730004FF402522BF01BFC85ED008B4F4B594D73
:1047400083ED008B2B7803F0FF06002B40F0868072
:1047500001232B70D8F8003003F10A0C2CEAEC7C12
:104760004FF4004E314640F2E7304FF47A720023A6
:10477000CCFB0E01FCF740FB26F076FF2B7893B1C3
:10478000062015F0DBF930B1474B43610223037477
:1047900046748674C674424900234FF484522BF049
:1047A000E6FB00232B70414B1B7813B1404826F0E9
:1047B0006FFA01232370FFF771BBBAF1000F7FF48A
:1047C0002DAFB44279EB08032ADA082015F0B6F9C8
:1047D000064690B1374B43614FF47A72002320466E
:1047E0004946FCF7B9FAC6E906010423337486F892
:1047F00011A086F812A086F813A0002328494FF4D0
:10480000035230462BF0B3FB002108462AF0AEF8E5
:1048100001238BF800304FF0FF306FF0004106E7C6
:10482000A01B69EB080102E7184B234C1B78022BF5
:1048300002D02378012B04D129F0F8FF1F4BC3E9E4
:10484000000129F0F3FF2378104A012B4FF00003F9
:10485000C9E9000108BF23701370DCE726F01EFED3
:104860009FE700BF6F12833A9C070020AC0700202F
:10487000CDCC4C3DE83700208C070020F81E0020EE
:10488000B95B0020B85B0020B35B0020B45B002064
:10489000B65B0020281D0020301D0020C88B0300BF
:1048A0000C260300B55B0020ED8B0300BA5B0020F3
:1048B000181E0020A88B0300B25B0020081F0020F8
:1048C00074070020000000002DE9F04F824F834D57
:1048D0008BB0044619B34FF6FF733B802B68B3F9D6
:1048E0001A30002BC0F29780062015F027F938B156
:1048F0007B4B436102230374002343748374C374AA
:10490000784900234FF486522BF031FB0FF0D8F892
:104910004FF0FF300FF0B6F80FF0F0F87BE0724A7E
:10492000B2F90030108083421FBF70490B7823F02A
:1049300008030B702DF051F86D4BC3E900012B6893
:10494000D3E90A016B4BC3E90001B7F90030013329
:1049500005D13C802DF041F8674BC3E900012B687D
:10496000B3F91A30002B54DA002C52DD082015F070
:10497000E5F8064680B1614B43612046FBF75AFEDD
:104980005F4B0022FBF7EAFF0423C6E906013374FC
:1049900000237374B374F3743046524900234FF408
:1049A00003522BF0E4FA20460FF06CF82B68B3F9B1
:1049B0001A60A6F16402944232DA0A2015F0BEF8B9
:1049C0000546C8B14F4B43613046FBF733FE4C4BB5
:1049D0000022FBF7C3FFC5E906012046FBF72AFECC
:1049E000474B0022FBF7BAFF0623C5E908012B74E9
:1049F00000236B74AB74EB7400234FF442522846CF
:104A000038492BF0B4FA0FF05BF820460FF03AF873
:104A100001E0002CCADA0BB0BDE8F04F04F0DEB8BC
:104A200006F1640294422BDD0C2015F087F8054650
:104A3000D8B1354B4361354B83613046FBF7FAFD06
:104A40002F4B0022FBF78AFFC5E908012046FBF740
:104A5000F1FD2B4B0022FBF781FF0823C5E90A017A
:104A60002B7400236B74AB74EB7428461D49002330
:104A700044F240022BF07BFA0FF022F8204649E77F
:104A8000B3F9186006F164039C4243DD0C2015F075
:104A900055F80546D8B11E4B43611C4B8361304627
:104AA000FBF7C8FD164B0022FBF758FFC5E90801CC
:104AB0002046FBF7BFFD124B0022FBF74FFF0823F8
:104AC000C5E90A012B7400236B74AB74EB740023EB
:104AD00044F2400293E700BF3C0C0020380700205E
:104AE000148F0300142503003E0C0020C15B00203E
:104AF000481F0020401F0020381F0020228F030085
:104B0000000059403F8F03007C8F03006091030039
:104B1000BA8F0300B7F90030581C7CD0643B9C422C
:104B200079DADFF88CA22CF058FFDAE90023801A3A
:104B300061EB0301984B984271F100016BD22CF0AC
:104B40004CFFDAF80030B7F900B0DAF804A00093AF
:104B500081460E20884614F0F1FF0546002848D013
:104B6000009B8E4AB9EB030668EB0A03A6FB0267BB
:104B700002FB03778A4B4361A4EB0B00FBF75AFD62
:104B8000884B0022FBF7EAFEF60B46EA4746FF0B8E
:104B9000CDE9000130463946FBF780FD7CA3D3E91F
:104BA0000023FBF7DBFE02460B46DDE90001FBF7C5
:104BB000D5FEC5E906015846FBF73CFD794B0022BE
:104BC000FBF7CCFEC5E908012046FBF733FD754B2A
:104BD0000022FBF7C3FEC5E90C67C5E90A014FF0E7
:104BE000000A0A232B7485F811A085F812A085F815
:104BF00013A000236C4945F2C00228462BF0B7F9F8
:104C00000EF05EFF20460EF03DFF684B1C80684BA7
:104C1000C3E90098FFE62B68B3F91A20A242B3F962
:104C20001820C8BF5C836FF495710A4494427CDA03
:104C3000B3F930306FF4F97213449C4275DA2046B0
:104C4000FBF7F8FC574B0022FBF788FE06460820CE
:104C50000F4614F073FF48B1564B4361C0E9066735
:104C600004230374002343748374C37400234E49E4
:104C70004FF403522BF07BF92B68B3F91830A3F2F1
:104C80001F339C4248DA082014F058FF48B14A4BC1
:104C90004361C0E9066704230374002343748374EB
:104CA000C37400234FF403523F492BF060F904F220
:104CB000F3140EF0D1FE4FF4FA73B4FBF3F42B6847
:104CC000D3E90A26D3E90E73D71B66EB0306B7F5C3
:104CD000160F76F100032BD20A2014F02FFFA8B193
:104CE000364B4361364BC0E906342C4CA7FB0423FA
:104CF00004FB0633D20B42EA4342DB0B0021C0E93E
:104D000008230623037441748174C1742649002367
:104D10004FF441522BF02BF92B68D3E90A011A8E7C
:104D2000C3E90E01A2F5FA721A860EF095FE72E63C
:104D30000934A4B2202202A9204610F09DFEBDF83D
:104D40000830059A0133ADF80830049BDB1946EBB7
:104D50000202CDE90432DDE906329F4276EB020120
:104D600001D3134301D1CDE90676089BBB42099BD1
:104D700002AAB3414FF000014FF02003204638BF94
:104D8000CDE9087610F03CFE0E4B00221A70C3E706
:104D900000000000389C8C4101001E0040420F00C2
:104DA000F88F030000005940142503003C0C00203C
:104DB000381F0020449003005990030071900300B5
:104DC00050910300C15B00202DE9F04F054687B0EC
:104DD000214FBB68029304AA5B68002138469847BC
:104DE000002832DBDDE9044A1C4BDFF87480A4FBA9
:104DF00003B203FB0A230393039915A3D3E900230A
:104E00005846FBF7F9FF4FF0FF39039BD94578EB84
:104E10000303064619D3A5FB04B405FB0A440CA3FF
:104E2000D3E9002321465846FBF7E6FFD94578EB46
:104E30000404034609D3864207D301220092029A52
:104E40000021146838463246A04707B0BDE8F08F0D
:104E500000CA9A3B00000000B01E0300002D310183
:104E6000FFC99A3B000000002DE9F04F9FB0824639
:104E7000039117461C460025387810B9284600F0E3
:104E8000A6BD252809D00399D0470028C0F29F85E8
:104E90007B1C01350593059FEEE71822002110A821
:104EA0002CF00FFE7B78252B00F0BC800023791CB2
:104EB00098469E469C4618460E4611F8012B2B2A12
:104EC00000F0E38000F2DA80202A00F0E180232A5B
:104ED00000F0E1802BB19DF8483043F040038DF89D
:104EE0004830B8F1000F05D09DF8483043F020035A
:104EF0008DF84830BEF1000F05D09DF8483043F0E2
:104F000010038DF84830BCF1000F05D09DF84830F3
:104F100043F008038DF8483028B19DF8483043F03D
:104F200004038DF848309DF8483003F044014429CB
:104F300003D16FF386138DF848309DF848300E96F4
:104F400043F080032A2A8DF8483040F0A9809DF86C
:104F5000493043F001038DF84930731C1A782E2A2A
:104F60009DF849200CBF0121002161F341028DF819
:104F700049200CD15A1C0E925A782A2A40F0A0805F
:104F80009DF8492042F004028DF8492002331A7836
:104F90006C2A00F0C18000F2A380682A00F0A9808A
:104FA0006A2A00F0C2804C2A00F0C78013F8012B57
:104FB0000593782A8DF84B2000F209816D2A00F2C2
:104FC000C980692A00F20381572A00F2E280412A4F
:104FD00004D0A2F14503022B00F2F9809DF84A307B
:104FE00002F0DF020421A2F1410961F30203D9F1C9
:104FF00000029DF849108DF84A3042EB090262F335
:10500000C7110A068DF84910CBB200F11F8103F0D9
:105010007802182A40F009816FF3C6038DF84930F1
:105020000023F8E08DF84B30BB1C05939DF8493008
:105030009DF84A20DE0702F0070040F1098154F88C
:10504000041B0491002908DA9DF8481041F004017E
:105050008DF84810049949420491590740F10081A4
:1050600054F8046B002E80F2FF809DF849306FF3F6
:1050700041038DF849304FF0FF36F5E02D2A0DD071
:10508000302A7FF427AF012316E74FF0010C13E716
:105090004FF0010E10E74FF001080DE701200BE77C
:1050A0000EA812F0DBFF0E9BB3423FF457AF9DF802
:1050B00048201390C00F60F341028DF848204DE75F
:1050C0000EA812F0CBFF9DF848301490C3F34002B5
:1050D00042EAD07262F341038DF848300E9B56E7E6
:1050E000742A26D07A2A7FF461AF9DF849200621E0
:1050F0000CE05A78682A9DF8492006D1012161F315
:10510000C6028DF84920023350E7022161F3C6023E
:105110008DF84920013349E75A786C2A9DF84920D7
:1051200001D10421EBE70321F0E79DF84920052197
:10513000ECE79DF849200721E8E7BDF8482022F474
:10514000F04222F0020242F4804242F00202ADF844
:105150004820DFE76E3AD3B201229A4040F2824300
:105160001A429DF8493039D112F0240F61D1D1078C
:105170002DD59DF84A2003F07803A3F140080321C0
:1051800061F30202D8F100038DF84A2043EB0803D3
:1051900041E0A2F15801C9B2012000FA01F111F475
:1051A000624F7FF41BAF40F6010319429DF849306E
:1051B0001AD111F4043F0AD09DF84A2060F302028C
:1051C00003F07803402B8DF84A207FF429AF9DF837
:1051D000483043F001038DF8483021E79DF84A201C
:1051E000022161F30202EBE79DF84A10022003F06E
:1051F000780360F30201402B8DF84A1002BF9DF83E
:10520000481041F001018DF84810632A7FF408AF7F
:10521000003B18BF01239DF84820C2F340010B4317
:1052200063F341028DF8482000E713F0380FCED128
:10523000F6E69DF84A20032113F0780F61F302028D
:105240008DF84A2014BF01230023E4E70123E2E79D
:105250009DF948100029B4BF13994FF0FF31FBE6C8
:105260009E077FF508AF149E00230428CDE9133371
:105270009DF8493007D1990705D49DF949100029B7
:10528000ACBF06260D2602F00702012AC3F3C303B2
:1052900032D1DA1E042A04D8DFE802F02045452086
:1052A00020002268012B4FEAE271CDE910211BD1C9
:1052B0009DF94020D117CDE9102104349DF84820F4
:1052C000069292074FD0059B03993A4650462AF022
:1052D00080F90028C0F27B830544DCE554F8042BF8
:1052E000D117CDE91021E9E7022BE6D111B242F343
:1052F000C032CDE91012E0E7022A24D1DA1E042AD6
:1053000004D8DFE802F0181010181800012B54F828
:10531000042B4FF0000114D0022BCDE91021CDD188
:1053200092B21092CAE7073424F00704F4E80201AD
:10533000CDE91001C2E754F8042B1092002211921B
:10534000BCE7D2B2CDE7042A08D1073424F0070421
:10535000D4E900010834CDE91001AFE7032AADD14B
:1053600054F8042BDDE79DF84B80B8F1780F3FF639
:1053700092ADB8F1570F5CD8B8F1250F00F0A480BA
:10538000B8F1240F7FF687ADB8F1410F04D0A8F132
:105390004503022B3FF67FADDDE91023002BC0F261
:1053A0004D810699080700F14C81C1F300194FEABD
:1053B0004919C3F30A51C3F31303002940F0448190
:1053C00052EA030014BF4FF0010C4FF0000CD8025A
:1053D00040EA5250D702CDE90C70B8F1460F47EAC7
:1053E000010740EAE17008BF4FF06608384300F05B
:1053F000B881BCF1000F10D01B0343EA125317030E
:105400003A4618464FF0000C002880F25681BCF155
:10541000000F40F05981CDE90C730D9B43F0004320
:10542000A1F2FE3B0D930021DDE90C230F46052080
:1054300060E1A8F15802202A3FF62DAD01A151F8F4
:1054400022F000BF0F560000974E0000974E00005C
:10545000974E0000974E0000974E0000974E0000B8
:10546000974E0000974E000099530000974E0000A1
:10547000BB550000CF550000995300009953000020
:1054800099530000974E0000CF550000974E000042
:10549000974E0000974E0000974E000015560000F2
:1054A0000F5600005F550000974E0000974E000019
:1054B000D9540000974E00000F560000974E000090
:1054C000974E00000F56000003994046D047002831
:1054D000C0F27D820135DEE4002E109F3BDB3146B9
:1054E00038462CF016FB002F3FF4D5AC3E18F31BCA
:1054F0004FF000099DF84A2012F01001069100F0CB
:105500005B82023312F04002DDF84C80089218BF33
:10551000149ACDF81C80434418BF9B18049A002AA3
:1055200040F36582D31A9DF8482004935007C2F3D4
:10553000800B00F15C82510640F14C82B9F1000F02
:1055400007D003994846D0470028C0F24082013571
:10555000D94630223FE23846FBF7B2FCC6E7109846
:10556000002800F024820DF17503009312AA17ABF6
:10557000002112F089FDBDF84A3003F0EF0343F437
:10558000F04343F010030746ADF84A304FF00009EE
:10559000002E0CDB9DF848200DF17503DB1B6FF32B
:1055A00086129E428DF8482001D9F31A1393002FDA
:1055B0003FF471AC0DF175066DE0109B8DF85C3019
:1055C0004FF000090DF15D0617AF012392E7069B2E
:1055D0001F0758BFC3F30019DDE9102354BF4FEA7A
:1055E00049194FF02B09002B06DA524263EB4303B3
:1055F000CDE910234FF02D090DF175030093DDE97E
:10560000100117AB12AA12F03FFD0746C0E74FF09A
:105610000009F1E7109A072B3FF63DACDFE803F0F5
:105620000C04060C08080C0C157034E4158032E4E8
:10563000EB17C2E900532EE415602CE44FF02D095E
:10564000B7E64FF02B09B4E640F2FF70814231D14A
:1056500008F10108A2495FFA88F8134311F808100D
:1056600001F003011ED101290BBF492369234E21FB
:105670006E210CBF462266228DF85C309DF84830C2
:105680008DF85D106FF386138DF85E208DF848302D
:105690000DF15F0617AFF31BB9F1000F3FF42AAF0E
:1056A000013327E7012915BF6E234E2361214121D4
:1056B0001A46E1E74FF0000C89E6921801F1FF313C
:1056C00040414FF0010C9FE6CDE90C20A5E65208C1
:1056D00042EAC3725B08B3F1333F59460BF1010B49
:1056E000F5D200FB03FCA2FB002301F1020B634493
:1056F000013F01211BF1020FE9DB09B1CDE90C23C8
:10570000BBF1000FDDE90C322EDCCBF10401A1F17D
:1057100020000BF11C0B02FA0BFB22FA00F0CA402E
:10572000CB40079208F0DF0243EA0B03472A43EA23
:1057300000037DD1F91C01DBBE422BDAA8F102087F
:10574000002E5FFA88F87CDD9DF84820920606F16D
:10575000FF3676D4B6F1000B18BF4FF0010B721C68
:1057600027E04FF0000B5EE6023342F100020CA886
:10577000CDE90C3229F0FEFEDDE90C320BF1FF3BE6
:105780000137DB185241002A0BF1FF3BF9DACDE972
:105790000C32B5E79DF848209006A6EB07064DD4DD
:1057A000B6F1000B18BF4FF0010BF2194FF066086D
:1057B0004AD4102AA8BF10229FED477B8DED0E7BA7
:1057C00010200B90DDE90E01002A3FD1079A1B182B
:1057D00042EB0101B1F1805F47D2CDE90C31069B6C
:1057E000B8F1660F03F0200240F0C180002F47DCC3
:1057F00030238DF85C30002A74D1002E40F3BA813A
:105800002E238DF85D3087B17B42B342A8BF33466B
:105810009DF84A201393002BA6EB0306D4BF002368
:10582000012363F345128DF84A200DF15E0340E039
:10583000B8F1660F4FF0000BB7D090E74FF0000BB8
:10584000B3E74FF0000B8AE70022B5E7400840EAD3
:10585000C1704908CDE90E010EA8CDE9082329F051
:1058600089FE089A099B013AACE75B0843EAC173D9
:105870000CA84908CDE90C31013729F07BFEAEE7D1
:1058800017AB0B9900290BDD0BA90CA8CDE906324B
:1058900029F088FE069B079A03F8010B013FF0D11F
:1058A0001397AAB9002E40F363812E2103F8011B40
:1058B0000027002E1FDD0B9A002A1CDD0BA90CA867
:1058C000069329F06FFE069B013E03F8010BF0E7FB
:1058D0002E2203F8012BEBE7000000000000000877
:1058E00046C503002E238DF85D30002F9DD0002E7D
:1058F0008ADC0DF15E03BBF1000F4CD114961E46FD
:1059000008F0DF03452B21D1002FBABF7F422D23A2
:105910002B23632FC8BF64227370C2BFB7FBF2F39F
:1059200003F1300102FB13774FF00A0286F8008082
:10593000CABFB17002360336B7FBF2F303F1300190
:1059400002FB13733033317073700236139B002BDC
:105950002BDC149B002BD4BF002301239DF84A208D
:1059600063F3861200238DF84A20337092E60BA968
:105970000CA8069229F016FE069A8DF85C003028D5
:1059800018BF07F1FF3712B9002E40F3F3802E2322
:105990008DF85D3049E71E46013B16F8012C302A90
:1059A000F9D02E2A08BF1E46AAE70123D6E7734E78
:1059B0008146771F05239DE5110748BF0133A1E507
:1059C000104609920399D0470028099A05DA1FB0BA
:1059D000BDE8F08F2022DDF810B0594600290BF108
:1059E000FF3BEDDC049BCDF810B02B445D1AB9F100
:1059F000000F05D003994846D0470028E7DB013562
:105A0000089B002B79D09DF94930002B29DBDFF86A
:105A100070913B46187819F8002052079B4603F115
:105A200001033FD49DF84A30EF1B98065F4407D42A
:105A30004246002A08F1FF383BDC079B3B449F1A93
:105A40009BF800002E280AD10399D0470028BEDB1E
:105A5000B8F1000F07F1010731DC0BF1010B5D46D6
:105A600038E0B94699F800007028C84609F10109E4
:105A700013D1EF1B149D47443D44EB1B002B34DC3A
:105A8000039933464246504629F0A3FD00289EDB89
:105A90003844049E0546064465E00399D047002833
:105AA000E0DA94E706930399D0470028069BB1DA21
:105AB0008DE703993020D0470028B9DA87E70399AA
:105AC0003020D04708F1FF38C0E70399D0470028BD
:105AD000FFF67DAF287819F800305907A84605F180
:105AE0000105F2D4A7EB0B07C4E703993020D04798
:105AF0000028FFF66CAF0137BFE79DF84A30DA06A1
:105B000001D41B0706D503993020D0470028FFF6A3
:105B10005EAF0135069B3BB103999DF84B00D04722
:105B20000028FFF654AF0135A84406E00399302061
:105B3000D0470028FFF64BAF0135A8EB0503002B3B
:105B4000F4DC039933463A46504629F042FD0028DA
:105B5000FFF63DAF28449CE703992020D04700285A
:105B6000FFF635AF0135731B002BF5DCFFF793B95A
:105B70001746C0E60DF15D03BDE600BF539A030072
:105B800047C503000000000038B52DED028B55EC31
:105B9000104B00F04DFA224BB0EE408AF0EE608AD6
:105BA00093F90030013312D045EC104B2BF0D1FFAC
:105BB00068B113A3D3E9002320462946FBF734F844
:105BC00060B12AF086FC9FED108B22230360B0EEBB
:105BD000480AF0EE680ABDEC028B38BD0CA3D3E98D
:105BE000002320462946FBF701F80028EFD02AF0D1
:105BF00070FC22239FED088B0360E8E7AFF3008081
:105C0000EF39FAFE422E8640000000000000F07FCF
:105C100051302DD5104987C0000000000000000061
:105C2000E10C0020000000002DE9F04F55EC104B76
:105C3000C74B87B025F000469E4201952DD906F14D
:105C4000404606F58016264316D1A7A3D3E90023C4
:105C500020462946FAF758FDA5A3D3E900230646B6
:105C60000F4620462946FAF74FFD02460B463046BE
:105C70003946FAF793FB09E022462B46204629468F
:105C8000FAF78AFB02460B46FAF768FE04460D4611
:105C900045EC104B07B0BDE8F08FAE4B9E4210D8DC
:105CA000B6F1795F80F0AD8093A3D3E9002320465D
:105CB0002946FAF773FBA84B0022FAF7B5FF002834
:105CC000E6D145EC104B2BF03CFFA34953EC102BD5
:105CD0000020FAF761FBA14B0022FAF715FD88A31B
:105CE000D3E9002304460D46FAF70EFD86A3D3E957
:105CF0000023FAF753FB22462B46FAF705FD84A34F
:105D0000D3E90023FAF748FB22462B46FAF7FCFCBE
:105D100081A3D3E90023FAF741FB22462B46FAF789
:105D2000F3FC7FA3D3E90023FAF736FB22462B4688
:105D3000FAF7EAFC7CA3D3E90023FAF72FFB22460B
:105D40002B46FAF7E1FC7AA3D3E90023CDE902015F
:105D500020462946FAF7D8FC77A3D3E90023FAF7BF
:105D60001BFB22462B46FAF7CFFC75A3D3E9002391
:105D7000FAF714FB22462B46FAF7C6FC72A3D3E9C6
:105D80000023FAF709FB22462B46FAF7BDFC724BBB
:105D90000022FAF703FB45EC104BCDE9040127F094
:105DA00005F96F4B9E425BEC10AB40F2DB80DDE906
:105DB0000423DDE90201FAF7D1FD52465B46FAF70A
:105DC000A3FC52465B46FAF7E9FA02460B46FAF79D
:105DD000E5FA47A3D3E90023FAF7DEFA02460B46B9
:105DE00041A1D1E90001FAF7D7FA019B002BDCBFF2
:105DF000024601F1004304460D46DCBF14461D4631
:105E000046E722462B4620462946FAF77DFC3CA36E
:105E1000D3E9002306460F46FAF776FC3AA3D3E906
:105E20000023FAF7BBFA32463B46FAF76DFC38A37B
:105E3000D3E90023FAF7B0FA32463B46FAF764FC9E
:105E400035A3D3E90023FAF7A9FA32463B46FAF71D
:105E50005BFC33A3D3E90023FAF79EFA32463B46B4
:105E6000FAF752FC30A3D3E90023FAF797FA324647
:105E70003B46FAF749FC2EA3D3E900238046894626
:105E800030463946FAF740FC2BA3D3E90023FAF752
:105E900083FA32463B46FAF737FC29A3D3E90023BD
:105EA000FAF77CFA32463B46FAF72EFC26A3D3E9F2
:105EB0000023FAF771FA32463B46FAF725FC264BE7
:105EC0000022FAF76BFA02460B4640464946FAF7BB
:105ED00045FD22462B46FAF717FC02460B462046A4
:105EE0002946C6E6AFF30080182D4454FB21F93F44
:105EF000075C143326A6913C9C7500883CE4377EF1
:105F000009F7FD0DE13D023F88B20175E0EF493F21
:105F10003B8F68B52882A43F5544880E55C1C93FC0
:105F20007D6FEB0312D6D43F555555555555C53F9A
:105F300082922EB1C5B8B33F59018D1B6C06E63F66
:105F4000C88A599CE52A00404B2D8A1C273A0340F9
:105F5000FFFFEF3FFFFFDF3F0000F03F0000E03FAB
:105F60003233EF3F52465B4650465946FAF716FA2F
:105F7000DDE9042306460F46DDE90201FAF7EEFCEF
:105F800002460B4630463946FAF7BEFB4FF0000892
:105F900006460F4642465B4640465946FAF7B4FB72
:105FA00002460B4620462946FAF7F6F942460446D1
:105FB0000D465B4650465946FAF7F0F902460B4645
:105FC00020462946FAF7CAFC02460B46FAF7E6F9DC
:105FD00002460B4612A1D1E90001FAF7DDF90246AB
:105FE0000B4630463946FAF7D7F9424604460D4685
:105FF0005B4640465946FAF7D1F902460B460AA1DC
:10600000D1E90001FAF7C8F902460B4620462946B5
:10601000FAF7C2F902460B4603A1D1E90001E2E614
:10602000075C143326A6913C182D4454FB21E93F0C
:106030002DE9FF4755EC104BAD4925F000428A424F
:106040004FEAD57633D9AB498A4214D892A3D3E923
:10605000002320462946FAF7E7FD00BB90A3D3E9C9
:10606000002320462946FAF7C1FD002800F0A08051
:10607000002400250EE0C5F313032343224607D076
:106080002B4620462946FAF789F904460D4601E0D9
:10609000002EEDD145EC104B04B0BDE8F08782A393
:1060A000D3E9002310461946FAF72EFBEDE7924B91
:1060B0009A4240F2A980914B9A4279D8904B03EBD7
:1060C000C603D3E9002320462946FAF765F98D4B2C
:1060D000F7003B4493ED007B8DED007BC6F1010A98
:1060E00080468946AAEB060ADDE900234046494678
:1060F000FAF752F904460D4622462B462046294619
:10610000FAF702FB6AA3D3E9002306460F46FAF723
:10611000FBFA69A3D3E90023FAF73EF932463B467E
:10612000FAF7F2FA66A3D3E90023FAF737F9324611
:106130003B46FAF7E9FA64A3D3E90023FAF72CF90E
:1061400032463B46FAF7E0FA61A3D3E90023FAF7B7
:1061500025F932463B46FAF7D7FA02460B46204667
:106160002946FAF719F902460B4606460F4620461D
:106170002946FAF7C9FACDE90201BAF1000F5CD15C
:1061800000224FF0804330463946FAF705F90246BF
:106190000B46DDE90201FAF7E1FB22462B46FAF74E
:1061A000FBF802460B4600205749FAF7F5F86CE772
:1061B000564B204603EBC606294647A3D3E90023E6
:1061C000FAF7A2FAD6E90023FAF7E8F8FAF74CFD55
:1061D0008246FAF72FFA42A3D3E9002306460F4678
:1061E000FAF792FA02460B4620462946FAF7D4F807
:1061F0003DA3D3E900238046894630463946FAF765
:1062000083FACDE900016FE7414B9A4210D826A3EB
:10621000D3E9002320462946FAF7C0F83A4B00227A
:10622000FAF702FD38B1384B0022204629462AE70A
:106230004FF0000A60E782465EE732463B460020A8
:106240004FF08041FAF7A8F802460B46DDE902015B
:10625000FAF784FB02460B46DDE90001FAF79CF8E9
:1062600042464B46FAF798F802460B46002026496C
:10627000FAF792F86FF47F72924502DB01EB0A5154
:1062800003E70AF57A7A01EB0A5100224FF0B8735E
:106290000AE700BFAFF30080EF39FAFE422E8640D6
:1062A00051302DD5104987C09C7500883CE4377E5D
:1062B000D0A4BE726937663EF16BD2C541BDBB3E0C
:1062C0002CDE25AF6A56113F93BDBE166CC1663FEA
:1062D0003E5555555555C53FFE822B654715F73F31
:1062E0000000E0FE422EE63F763C7935EF39EA3D8C
:1062F000412E8640FFFFEF7F422ED63FB1A2F03FF6
:1063000018280300082803000000F03F2828030095
:10631000FFFF2F3E000000009FED010B704700BF04
:10632000000000000000F87F2DE9F043DFF88CC08A
:106330001F4C204E204FDFF888E000230125206805
:1063400005FA03F802881FFA88F1114207D116F8FE
:1063500003904288B9F1000F23D00A43428022689B
:106360009088014207D117F80390D088B9F1000F47
:106370001AD00843D0801089014202BF02EB4300CB
:106380003CF81380A0F80A80508D014202BF02EB56
:1063900083025EF82310D1620133102BCFD1BDE808
:1063A000F08322EA0802D9E720EA0800E2E700BF0A
:1063B000340700203543030025430300083F030052
:1063C0003828030030B40E4A156801232C8803FADC
:1063D00000F083B21C432C80126861B151880B43DA
:1063E0005380084B1A6830BC802302F55F7200218D
:1063F0001E200FF005BB538823EA0003F0E700BF1F
:10640000340700203807002010B4012303FA00F0FD
:106410000B4B1A68938884B223439380D38861B16D
:106420002343D380074B5DF8044B1A680021802377
:1064300002F55F721E200FF0E3BA23EA0003F0E7D3
:10644000340700203807002010B40A4B1B680122D3
:106450001C89824022431A8103EB40031E2059818C
:10646000054B5DF8044B1A680021802302F55F722A
:106470000FF0C6BA340700203807002010B40A4BCA
:106480001B6801225C8D824022435A8503EB800306
:106490001E20D962054B5DF8044B1A680021802349
:1064A00002F55F720FF0ACBA340700203807002005
:1064B000012310B503FA01F1032809D8DFE800F041
:1064C00002151C23134B1A68138823EA0103138057
:1064D000FFF72AFF104B1A68BDE81040802302F531
:1064E0005F7200211E200FF08BBA0A4B1A68938846
:1064F00023EA01039380EBE7064B1A68138923EA2A
:1065000001031381E4E7034B1A68538D23EA010367
:106510005385DDE7340700203807002070B5194D9A
:106520002B782BB9184829F001F801232B7070BD86
:10653000164828F0FBFF164B1A68002414801B68CD
:106540009C801C815C85FFF7EFFE124B1A681E20B1
:10655000802302F55F7221460FF052FA06202C705C
:1065600013F0ECFA30B10C4B436102230374447412
:106570008474C474BDE87040084900234FF4865207
:1065800029F0F5BCDE59002046400300C640030058
:106590003407002038070020E140030034250300C1
:1065A000014825F0BBB800BF00150020014823F0CA
:1065B0001BBB00BF940D0020014B1870704700BF3B
:1065C000FE590020112898BF0A4B0B4A94BF1B5C50
:1065D0000023002913700ADB084B1B68DB8813F0CB
:1065E000080F14BF02230123054A137070470023CC
:1065F000FAE700BF5B430300FA590020340700208C
:10660000F959002070B59FED140A0D461349044650
:1066100028F0F8FA124B18702346104C03F11006BC
:1066200018685968224603C20833B3421446F7D1AA
:10663000286869680B4B03C3A868186027F041FC01
:10664000094BC3E90001094B1B781BB1BDE8704041
:10665000FFF7A6BF70BD00BF0AD7A33BA833002039
:10666000E05900209C330020F8140020FF5900203E
:1066700008B50246094B0068516803C3906818606A
:1066800027F01FFC064BC3E90001064B1B781BB12A
:10669000BDE80840FFF784BF08BD00BF903300206D
:1066A000F0140020FF590020DFED137AB4EEE70A62
:1066B000F1EE10FA82B01AD4DFED107AB4EEE70AE8
:1066C000F1EE10FA15DCF3EE097A30EE670ADFED31
:1066D0000C7A30EE000A30EE270AFCEEC07ACDEDDF
:1066E000017A9DF80430074A137002B07047012305
:1066F000F9E7FF23F7E700BF00001AC20000B1422C
:1067000000800043FB590020014BC3E900017047A2
:106710004805002030B5039C124D20B92870002395
:10672000114A137030BDAAB96422B3FBF2F363F0CF
:106730007F03DBB22B700A2271B141F2D603A34270
:10674000B8BF2346B3FBF2F3F53BFF2BD4BFDBB25C
:10675000FF23E5E7FF23EDE794FBF2F3F53BDED4FF
:10676000F3E700BFFD590020FC590020044B10F056
:10677000050F1870034B0CBF012203221A707047DB
:10678000F8590020700C002008B5044B187027F051
:1067900098FB034BC3E9000108BD00BFF759002077
:1067A000E0140020014B01221A707047DF590020CD
:1067B0007FB52F4B00241B780394CDE900448DF85E
:1067C00001302C4B1B788DF802302B4B1B788DF849
:1067D00003302A4B1B788DF8043018238DF80530D0
:1067E00009238DF80630264B1B788DF80830254B91
:1067F0001B788DF8093040F62E53ADF80A30224848
:1068000040F6CD42002323F039F9A0B1082013F05F
:1068100095F940B11D4B43611D4B83610323037404
:1068200044748474C4741B4900234FF4C25229F089
:106830009EFB04B070BD6C46174A04AE2546234645
:1068400003CBB342106051601C4602F10802F6D13E
:1068500027F037FB114BC3E90001114B1B780BB13B
:10686000FFF79EFEFFF7A2FE284602F001F8E0E7E0
:10687000FE590020FD590020FC590020FB59002042
:10688000FA590020F9590020940D002045430300D7
:10689000234403003C250300E2590020E0150020BA
:1068A000FF5900207FB58E4ADFED8E6AD2ED017A66
:1068B0009FED8D7A012367EEA67A8DF800308B4B21
:1068C000F4EEC77A1B788DF80130F1EE10FA00F380
:1068D000C0809FED876AF4EEC67AF1EE10FA00F1FF
:1068E000BB80FDEEE77A17EE903A9BB2D2ED027ACA
:1068F000ADF8023067EEA67AF4EEC77AF1EE10FA40
:1069000000F3AD809FED7A6AF4EEC67AF1EE10FAEC
:1069100000F1A880FDEEE77A17EE903A9BB2D2ED37
:10692000037AADF8043067EEA67AF4EEC77AF1EE9A
:1069300010FA00F39A809FED6E6AF4EEC67AF1EEDB
:1069400010FA00F19580FDEEE77A17EE903A9BB2CF
:10695000D2ED007AADF8063067EEA67AF4EEC77A8B
:10696000F1EE10FA00F38780DFED616AF4EEE67A6B
:10697000F1EE10FA00F18280FDEEE77A17EE903A20
:106980009BB25C4ADFED5C6AD2ED007AADF808306C
:1069900067EEA67AF4EEC77AF1EE10FA71DC9FED9D
:1069A000546AF4EEC67AF1EE10FA6DD4FDEEE77A91
:1069B00017EE903A9BB2D2ED017AADF80A3067EE4D
:1069C000A67AF4EEC77AF1EE10FA60DC9FED486A21
:1069D000F4EEC67AF1EE10FA5CD4FDEEE77A17EE2B
:1069E000903A9BB2D2ED027AADF80C3067EEA67AFF
:1069F000F4EEC77AF1EE10FA4FDC9FED3D7AF4EE3B
:106A0000C77AF1EE10FA4BD4FDEEE77A17EE903A22
:106A10009BB2ADF80E30394840F6CD42002323F04A
:106A20002DF800283FD0082013F088F848B1344BE7
:106A30004361344B836103230374002343748374E1
:106A4000C374314900234FF4C25229F090FA04B0C4
:106A500070BD47F6FF7349E74FF4004346E747F63A
:106A6000FF735CE74FF4004359E747F6FF736FE7A6
:106A70004FF400436CE747F6FF7382E74FF400439F
:106A80007FE747F6FF7396E74FF4004393E747F637
:106A9000FF73A7E74FF40043A4E747F6FF73B8E797
:106AA0004FF40043B5E76C46184A04AE254623462A
:106AB00003CBB342106051601C4602F10802F6D1CC
:106AC00027F0FFF9124BC3E90001124B1B780BB101
:106AD000FFF766FDFFF76AFD284601F0C9FEB6E73D
:106AE000A83300200000004700FEFF46FE590020AA
:106AF000000000C79C33002000000043940D0020DC
:106B000045430300094403003C250300E2590020EB
:106B1000E0150020FF59002070B588B002238DF8E1
:106B20001030904B90481B788DF811308F4B1B78AC
:106B30008DF812308E4B1B788DF813308D4B00245E
:106B40001B78079401A9CDE90544CDE901448DF8EE
:106B5000143003940FF026FBDDED016A9DED027AFF
:106B6000DDED037AF7EE005A76EEA56A37EE257A68
:106B700077EEA57AB6EE006A66EE866A27EE067AAA
:106B800067EE867A9FED7C6ACDED016A66EE866AD5
:106B90009FED7A6A8DED027AF4EEC66AF1EE10FA94
:106BA000CDED037A00F3A280F5EEC06AF1EE10FAA3
:106BB00004D4FCEEE66A16EE903A9CB29FED706A41
:106BC000DFED706A27EE067AB4EEE67AF1EE10FA9F
:106BD00000F38F80B5EEC07AF1EE10FA00F18C80F0
:106BE000BCEEC77A17EE103A9AB267EE867AF4EEE8
:106BF000E67AF1EE10FA00F38180F5EEC07AF1EE5C
:106C000010FA7ED4FCEEE77A17EE903A9BB244EA93
:106C100082245D4ADFED5D6AD2ED007A9FED5C7AF9
:106C200067EEA67A44EA4354F4EEC77AF1EE10FA1E
:106C3000CDF8154067DC9FED576AF4EEC67AF1EEA9
:106C400010FA63D4FDEEE77A17EE903A9BB2D2EDDC
:106C5000017AADF8193067EEA67AF4EEC77AF1EE54
:106C600010FA56DC9FED4B6AF4EEC67AF1EE10FA9C
:106C700052D4FDEEE77A17EE903A9BB2D2ED027A4B
:106C8000ADF81B3067EEA67AF4EEC77AF1EE10FA93
:106C900045DC9FED407AF4EEC77AF1EE10FA41D46C
:106CA000FDEEE77A17EE903A9BB20024ADF81D3066
:106CB0008DF81F40384840F6CD42002322F0DEFE1A
:106CC00098B3082012F03AFF40B1344B4361344B83
:106CD00083610323037444748474C47431490023AE
:106CE0004FF4C25229F043F908B070BD40F2FF34AE
:106CF00064E740F2FF7278E7002276E740F2FF7324
:106D000085E7002383E747F6FF73A0E74FF40043CE
:106D10009DE747F6FF73B1E74FF40043AEE747F650
:106D2000FF73C2E74FF40043BFE704AC1E4A08AE4E
:106D30002546234603CBB342106051601C4602F146
:106D40000802F6D127F0BDF8184BC3E90001184B33
:106D50001B780BB1FFF724FCFFF728FC284601F055
:106D600087FDC1E7FE590020A8330020FD5900200F
:106D7000FC590020FB5900200000804400C07F44E3
:106D80000000004500E0FF449C3300200000004369
:106D900000FEFF46000000C7940D0020454303009D
:106DA000EF4303003C250300E2590020E0150020DA
:106DB000FF5900207FB5254B1B788DF80130244BFF
:106DC0001B788DF80230234B00241B780394032595
:106DD000CDE901448DF800508DF803301E4840F68F
:106DE000CD42002322F04AFE98B1082012F0A6FE00
:106DF00038B11A4B43611A4B83610574447484742F
:106E0000C474184900234FF4C25229F0B0F804B0FA
:106E100070BD6C46144A04AE2546234603CBB342EC
:106E2000106051601C4602F10802F6D127F049F8C3
:106E30000E4BC3E900010E4B1B780BB1FFF7B0FB03
:106E4000FFF7B4FB284601F013FDE0E7FE590020F0
:106E5000700C0020F8590020940D002045430300D9
:106E6000D54303003C250300E2590020E015002033
:106E7000FF5900207FB58E4ADFED8E6AD2ED017A90
:106E80009FED8D7A042367EEA67A8DF800308B4B48
:106E9000F4EEC77A1B788DF80130F1EE10FA00F3AA
:106EA000C0809FED876AF4EEC67AF1EE10FA00F129
:106EB000BB80FDEEE77A17EE903A9BB2D2ED027AF4
:106EC000ADF8023067EEA67AF4EEC77AF1EE10FA6A
:106ED00000F3AD809FED7A6AF4EEC67AF1EE10FA17
:106EE00000F1A880FDEEE77A17EE903A9BB2D2ED62
:106EF000037AADF8043067EEA67AF4EEC77AF1EEC5
:106F000010FA00F39A809FED6E6AF4EEC67AF1EE05
:106F100010FA00F19580FDEEE77A17EE903A9BB2F9
:106F2000D2ED007AADF8063067EEA67AF4EEC77AB5
:106F3000F1EE10FA00F38780DFED616AF4EEE67A95
:106F4000F1EE10FA00F18280FDEEE77A17EE903A4A
:106F50009BB25C4ADFED5C6AD2ED007AADF8083096
:106F600067EEA67AF4EEC77AF1EE10FA71DC9FEDC7
:106F7000546AF4EEC67AF1EE10FA6DD4FDEEE77ABB
:106F800017EE903A9BB2D2ED017AADF80A3067EE77
:106F9000A67AF4EEC77AF1EE10FA60DC9FED486A4B
:106FA000F4EEC67AF1EE10FA5CD4FDEEE77A17EE55
:106FB000903A9BB2D2ED027AADF80C3067EEA67A29
:106FC000F4EEC77AF1EE10FA4FDC9FED3D7AF4EE65
:106FD000C77AF1EE10FA4BD4FDEEE77A17EE903A4D
:106FE0009BB2ADF80E30394840F6CD42002322F076
:106FF00045FD00283FD0082012F0A0FD48B1344BD9
:107000004361344B8361032303740023437483740B
:10701000C374314900234FF4C25228F0A8FF04B0D2
:1070200070BD47F6FF7349E74FF4004346E747F664
:10703000FF735CE74FF4004359E747F6FF736FE7D0
:107040004FF400436CE747F6FF7382E74FF40043C9
:107050007FE747F6FF7396E74FF4004393E747F661
:10706000FF73A7E74FF40043A4E747F6FF73B8E7C1
:107070004FF40043B5E76C46184A04AE2546234654
:1070800003CBB342106051601C4602F10802F6D1F6
:1070900026F017FF124BC3E90001124B1B780BB10E
:1070A000FFF77EFAFFF782FA284601F0E1FBB6E728
:1070B000A83300200000004700FEFF46FE590020D4
:1070C000000000C79033002000008044940D002091
:1070D00045430300BB4303003C250300E259002065
:1070E000E0150020FF59002030B5002385B0CDE920
:1070F0000033CDE9023305238DF80030294B1B788E
:107100008DF801300CF084FE00282BDB0CF078FFAA
:10711000254AA0FB020302FB0131C30B43EA4143B2
:10712000C90BCDF80230CDF80610204840F6CD420C
:10713000002322F0A3FCC8B1082012F0FFFC48B1E4
:107140001B4B43611B4B8361032303740023437474
:107150008374C374184900234FF4C25228F007FF08
:1071600005B030BD4FF0FF331946DAE7134A6C46DD
:1071700004AD234603CBAB42106051601C4602F1C4
:107180000802F6D126F09DFE0D4BC3E900010D4B20
:107190001B780BB1FFF704FAFFF708FA684601F015
:1071A00067FBDDE7FE59002040420F00940D0020F0
:1071B00045430300A14303003C250300E25900209E
:1071C000E0150020FF5900207FB50023CDE90133F1
:1071D000039306238DF80030414B424C1B788DF809
:1071E000013023788DF802303F4B1B78002B58D1AB
:1071F0003E4AD2E90032012B72F10002B8BF0123EE
:107200009BB2ADF803300CF0FBFE4FF47A72A0FB9A
:10721000020302FB0133364A82424FF000029A41D8
:107220000CD3324AD2E90031A3F57F43FF3B0B4335
:1072300002BF4FF6FE700021C2E90001237800264C
:107240008DF80F6083B12B4D26F03BFED5E900325F
:1072500013F57A7342F1000283428A41BFBF0022D4
:107260000023C5E900232670234840F6CD420023C1
:1072700022F004FCB8B1082012F060FC48B11F4BAA
:1072800043611F4B8361032303740023437483749E
:10729000C3741C4900234FF4C25228F068FE04B0A6
:1072A00070BD0123ADE76C46174A04AE2546234660
:1072B00003CBB342106051601C4602F10802F6D1C4
:1072C00026F0FFFD114BC3E90001114B1B780BB1F8
:1072D000FFF766F9FFF76AF9284601F0C9FADEE719
:1072E000FE590020F7590020DF59002048050020F2
:1072F000FFFF2F75E0140020940D0020454303008C
:10730000874303003C250300E2590020E0150020DC
:10731000FF59002070B588B00023CDE905330793ED
:1073200007238DF81030AC4BAC4D1B788DF8113025
:107330002B788DF81230AA4B1B78002B40F00D8172
:10734000A84AD2E90032012B72F10002B8BF012332
:107350009BB2ADF813300CF053FE4FF47A72A0FBE1
:10736000020302FB0133A04A82424FF000029A411D
:107370000CD39C4AD2E90031A3F57F43FF3B0B437A
:1073800002BF4FF6FE700021C2E9000100249748B9
:10739000039401A9CDE901440EF004FFDDED016A7B
:1073A0009DED027ADDED037AF7EE005A76EEA56ADE
:1073B00037EE257A77EEA57AB6EE006A66EE866A33
:1073C00027EE067A67EE867A9FED896ACDED016A2F
:1073D00066EE866A9FED876A8DED027AF4EEC66AE4
:1073E000F1EE10FACDED037A00F3B980F5EEC06A44
:1073F000F1EE10FA04D4FCEEE66A16EE903A9CB276
:107400009FED7D6ADFED7D6A27EE067AB4EEE67ABF
:10741000F1EE10FA00F3A680B5EEC07AF1EE10FAA4
:1074200000F1A380BCEEC77A17EE103A9AB267EE6D
:10743000867AF4EEE67AF1EE10FA00F39880F5EE33
:10744000C07AF1EE10FA00F19580FCEEE77A17EEC3
:10745000903A9BB244EA8224694ADFED6A6AD2ED2F
:10746000007A9FED697A67EEA67A44EA4354F4EE17
:10747000C77AF1EE10FACDF815407DDC9FED636A16
:10748000F4EEC67AF1EE10FA79D4FDEEE77A17EE53
:10749000903A9BB2D2ED017AADF8193067EEA67A38
:1074A000F4EEC77AF1EE10FA6CDC9FED586AF4EE58
:1074B000C67AF1EE10FA68D4FDEEE77A17EE903A4C
:1074C0009BB2D2ED027AADF81B3067EEA67AF4EEED
:1074D000C77AF1EE10FA5BDC9FED4C7AF4EEC77AD6
:1074E000F1EE10FA57D4FDEEE77A17EE903A9BB220
:1074F000ADF81D302B7800268DF81F6083B1444C09
:1075000026F0DFFCD4E9003213F57A7342F1000271
:1075100083428A41BFBF00220023C4E900232E70AA
:107520003C4840F6CD42002322F0A8FAB0B3082030
:1075300012F004FB48B1384B4361384B836103239D
:107540000374002343748374C374354900234FF4D8
:10755000C25228F00CFD08B070BD0123F9E640F2DC
:10756000FF344DE740F2FF7261E700225FE740F22F
:10757000FF736FE700236DE747F6FF738AE74FF469
:10758000004387E747F6FF739BE74FF4004398E714
:1075900047F6FF73ACE74FF40043A9E704AC214A78
:1075A00008AE2546234603CBB342106051601C460B
:1075B00002F10802F6D126F084FC1B4BC3E900015E
:1075C0001A4B1B780BB1FEF7EBFFFEF7EFFF2846D7
:1075D00001F04EF9BFE700BFFE590020F759002027
:1075E000DF59002048050020FFFF2F75A833002039
:1075F0000000804400C07F440000004500E0FF44DC
:107600009C3300200000004300FEFF46000000C73E
:10761000E0140020940D0020454303006D43030057
:107620003C250300E2590020E0150020FF5900200E
:107630002DE9F04FAB4DAC4E87B0AC4CD4E90032E5
:10764000134300F08380AA4840F6CD42002322F085
:1076500015FAA0B1082012F071FA48B1A54B4361A8
:10766000A54B836103230374002343748374C374A1
:10767000A24900234FF4C25228F079FCDDE7002232
:107680000023C4E900239E4B6A4603F1100C174601
:1076900018685968144603C4083363452246F7D175
:1076A000186820601B792371FEF780FF954A1378D4
:1076B0008DF81430591C11703046102239460FF0E5
:1076C00077FF0490384600F033FE01238E492B707B
:1076D0008E4BD3E900C7D1E900308D49D1E900A92B
:1076E0008C4940F2E732D1E900411CEB020847F136
:1076F00000079A1840F1000EA24579EB010B80F2C9
:10770000E3801AF1640449F10001A2427EEB010E0C
:10771000C0F2DE80A04577EB0101B8BF0CF57A74AA
:1077200026F0CFFB0027241A4FF4004C24EAE4741F
:10773000394640F2E7304FF47A720023C4FB0C0163
:10774000F9F75AFB23F090FF2F7076E7724FD7E9D5
:107750000032134316D0714C26F0B3FBD4E900235A
:10776000801A61EB0301C92871F100010ADB0022D4
:107770000023C7E9002326F0A4FBC4E90001FFF7BA
:1077800079FB5AE7664CD4E9003213432DD0DFF879
:10779000948198F80030DBB95D4F26F092FBD7E971
:1077A0000032C01A61EB0201652871F1000118DB9B
:1077B00000220023C4E9002326F083FB26F081FB8E
:1077C000C7E90001FFF7A8F937E798F80030FBB1E7
:1077D00000220023C4E9002326F073FBFFF762F8C0
:1077E0002BE7D4E900321343EFD1494C26F069FB73
:1077F000D4E90032C01A61EB0201652871F1000181
:1078000024DB26F05EFBC4E90001FEF7D1FF14E79C
:10781000404F26F056FBD7E90023801A61EB0301A5
:10782000652871F100010CDB00220023C4E900236C
:1078300026F047FB26F045FBC7E90001FFF76AFD8C
:10784000FBE6D4E900321343CFD0C1E7314C26F038
:1078500038FBD4E90032C01A61EB0201652871F1EE
:10786000000106DB26F02DFBC4E90001FFF7ACFCAC
:10787000E3E6254F26F025FBD7E9003240F2E93454
:10788000C01A61EB0201A04271F1000106DB26F093
:1078900018FBC7E90001FFF78DFACEE61B4F26F073
:1078A00010FBD7E90023801A61EB0301A04271F1BC
:1078B000000106DB26F005FBC7E90001FFF714FC19
:1078C000BBE600F05FF800E7643441F100011CE71B
:1078D00013F57A7240F10000904577EB00001446F2
:1078E0001BE700BFFF590020EB09A493E01500201F
:1078F000940D0020454303003D4403003C25030054
:10790000E2590020E1590020C8140020C0140020D2
:10791000D8140020D0140020F0140020E814002017
:10792000F8140020E059002008B5082012F006F9EC
:1079300048B1094B4361094B83610323037400235E
:1079400043748374C374064900234FF4C25228F071
:107950000EFB6FF0850008BD6F4403004D46030029
:107960005425030008B5002018F052FD044B1860A0
:1079700018B9BDE80840FFF7D7BF002008BD00BF19
:10798000B8330020044B1A782AB100221A70034B36
:10799000186811F07FB97047115A0020B8330020E1
:1079A00070B50578012D2ED0022D44D0002D58D170
:1079B000364B1B783BB9364AD2E90031013341F1ED
:1079C0000001C2E90031334C23681E3B092B0DD85E
:1079D000314DD5E90032134308D1304B002000214E
:1079E000C3E9000126F07BFAC5E9000123680A2BF0
:1079F00038BF0A230A3B2360294B1B788BB3BDE8B1
:107A00007040FFF7BFBF234A1368632B9CBF01334D
:107A1000136013681E2BEFD1204CD4E900321343BE
:107A2000EAD11D4B00200021C3E9000126F057FADE
:107A3000C4E90001E0E71B4E30461CF08BFE044613
:107A400078B9124B3278197861B9082A09D1164AE7
:107A50009279012A05D1D6F805201A60D6F80920B6
:107A60005A6070BD042AFCD1062012F067F828B1D4
:107A70000E4B4361057444748474C474BDE8704053
:107A80000B4900234FF4845228F071BA145A002095
:107A9000E8150020BC330020D0160020D8160020A6
:107AA000125A00201C5A0020710C0020934403003D
:107AB000542503007FB52C4E3578002D52D101237B
:107AC00002932A4B019518680395694611F05EF8F8
:107AD000041E16DA082012F031F848B1244B436135
:107AE000244B4574C0E90634042303748574C574BB
:107AF000214900234FF4015228F039FA204604B0FE
:107B000070BD0B24642026F0F8F9029D15F00305E2
:107B10001DD0013CF6D1194D2B78ABB9082012F0DD
:107B20000DF848B1164B43616FF00A0383610323DC
:107B3000037444748474C47400230F494FF4C45212
:107B400028F015FA01232B706FF00A04D6E7039C86
:107B500034B1082011F0F2FF0028C9D0094BBEE76C
:107B6000012333700024C9E7115A0020B8330020E4
:107B7000A94403004046030054250300005A002096
:107B8000E9440300C644030070B5234D06460FCDFB
:107B900086B001AC0FC42B682360204B1B6893F99F
:107BA0001C3016B901228DF805201D4A02920125CC
:107BB00001A88DF80E308DF816501CF0BBFB044662
:107BC00070B1082011F0BAFFC8B9164900234FF46C
:107BD000015228F0CCF9012102200DF0A9FC0BE0A4
:107BE00011481CF035FE11481CF04CFE10480821CD
:107BF0001CF062FE0F4B1D70204606B070BD0E4B90
:107C000043610E4BC0E9063404230374002343741C
:107C10008374C374D9E700BFE02603003407002053
:107C2000A1790000542503000D5A0020095A0020B4
:107C3000015A0020135A0020124503003146030068
:107C400010B5064C237833B100230A20237026F0A8
:107C500056F91CF01DFB0023237010BD135A0020A1
:107C600010B5FFF7EDFF0C4B00241C700B4B0620EA
:107C70001C605C6011F062FF30B1094B436102236C
:107C8000037444748474C474BDE81040054900232F
:107C90004FF4865228F06BB9125A0020145A002073
:107CA0003445030054250300074B08491A68084B64
:107CB0001A60084B1A68084B1A60084A0B68136070
:107CC0004B685360704700BF464503004B450300B7
:107CD0000D5A002054450300095A0020015A002083
:107CE0001F4A84B0D2F8020091790090907808443D
:107CF0008DF80400D07808448DF805001079084408
:107D000000238DF806005079CDE9023301448DF847
:107D10000710D0790DF10702C1180133082B02F8C2
:107D2000011FF9D16946002211F8013B1BB1552B07
:107D300001D0AA2B02D1083301F8013C0132102AEC
:107D4000F2D1084B019A1A60074A084B1268084999
:107D50001A60084A0B6813604B68536004B07047A0
:107D6000145A0020095A0020464503000D5A0020ED
:107D70004B450300015A00202DE9F84F02200DF079
:107D800097FC18B1002102200DF0D2FBB44DB54B89
:107D90002C7800221A60002C40F08880062011F018
:107DA000CDFE30B1B04B436102230374447484743C
:107DB000C47400234FF48652AC49AD4E28F0D7F876
:107DC0000120FFF771FF0024FFF7DEFE4FF0805324
:107DD0007470F470D3F8A400A64AC6F8070092881D
:107DE000A6F80B200820D3F8A480D3F8A87011F0CF
:107DF000A5FE48B1BFB2A04B4361C0E9068704238A
:107E0000037444748474C474984900234FF4035277
:107E100028F0ADF89949062207200FF001FC071E53
:107E20004FF0080008BF082711F088FE40B1944BBE
:107E3000C0E9053703230374002343748374C374B8
:107E40008A49DFF85CA2DFF85C9200234FF4C65247
:107E500028F08DF80421032077710CF0B7FA2B7805
:107E6000BB4261D10A2004210CF0B0FA062011F0C7
:107E700065FE38B1834B43610223037400234374CE
:107E80008374C374794900234FF4865228F06FF845
:107E90007D4B734A19680220082365310DF0B0FD4F
:107EA000FFF7CEFE4FF4C86026F029F808206C7862
:107EB00011F044FE40B1754BC0E90534032303744F
:107EC000002343748374C374002368494FF4C6527B
:107ED00028F04DF86C4B1B680820D3F86540D3F8A8
:107EE000696011F02BFE68B1240C694B436144EAD0
:107EF0000644360C0423C0E9064603740023437489
:107F00008374C37400234FF40352584928F02FF8A8
:107F10006878FEF751FBFFF7E3FE5E4B01221A7013
:107F2000BDE8F84FFFF72EBD25F0D9FF9AF80030D5
:107F30000446884623B90120FFF7B6FEFFF724FE6A
:107F400099F800300BB9FFF7B5FD95F800B0BBF11B
:107F5000000F14D0082011F0F1FD40B14E4BC0E9E4
:107F6000053B03230374002343748374C374002309
:107F70003E494FF4C65227F0FAFF00232B70DFF87A
:107F800028B13B4800220023CBE900230023B37132
:107F90001CF026FB642025F0B0FF1CF019FB002824
:107FA00042D00123B371DBE90032013B13430BD113
:107FB00025F095FF14F1090248F1000382428B413C
:107FC00002DB2B481CF00CFB642025F096FF1CF014
:107FD000FFFAA0B3DBE90032023B134311D10620C4
:107FE00011F0ACFD38B12D4B436102230374002323
:107FF00043748374C3741D4900234FF4865227F0E1
:10800000B6FF99F800300BB1FFF7BCFC25F067FF15
:1080100040F2E933001B61EB0801984271F1000165
:1080200018DB23F03BFA1AE725F059FF14F1090297
:1080300048F1000382428B41B3DB0120ABE725F01E
:108040004EFF14F1090248F1000382428B41C1DB6B
:108050000120BAE7C0F57A7025F051FFFFE600BFB6
:10806000145A0020BC330020594503005425030056
:10807000710C0020A400001061450300780C002062
:1080800079450300BA45030038070020C1450300C5
:10809000D0450300125A002088450300A145030083
:1080A000135A0020115A0020E81500202DE9F84F3E
:1080B000DFF84C814B4DD8F80030DFF848915C88F0
:1080C00025F00DFF484B1A68D2F865302B60D2F8C6
:1080D00069306B6004F02007824604F004040E4609
:1080E00099F8003033B9002F52D1FFF745FE012037
:1080F000FFF74AFDDFF810B1DBF800301D2B4FF021
:10810000020058D90DF0D4FA20B99FBB01210220FA
:108110000DF00EFA54B325F0E2FED8F80030334AE1
:10812000D3F82CB0D2E90032C01A61EB02014FEA59
:10813000EB7383458B4119DA082011F0FFFC60B125
:108140002B4B43614EF660239BFBF3F383610323C8
:108150000374002343748374C374264900234FF4CB
:10816000C45227F004FF002026F009FC642025F00B
:10817000C6FEB5E708200DF09BFA0028C6D0002CFB
:10818000C9D1642025F0BBFE99F80030002BB3D193
:108190002B78002BA9D108200DF08AFA0028A9D14C
:1081A00025F09DFE144BC01861F10001824576EB6D
:1081B00001019ADB9EE70DF07BFA0028D6D025F06E
:1081C0008EFE0E4AD2E90032C01A40F6B93361EB96
:1081D0000201984271F10001C8DB002102200DF07C
:1081E000A7F9C3E7145A002038070020D81600204A
:1081F000EA4503005425030012FDFFFFD0160020BE
:1082000034070020125A0020BC330020044B1B7896
:1082100013B9044B1B780BB1FFF722BD704700BFA9
:10822000145A0020125A00207FB5274B05460E46EF
:1082300093E8030006220290ADF80C10072002A973
:108240000FF0EEF9031E4FF0000408BF082305F0FD
:10825000FF02A44208BF9A4212D0062011F06EFC21
:1082600030B11A4B43610223037444748474C474A0
:10827000174900234FF4865227F079FE04B070BDF1
:10828000FFF7C4FFCDE900566B4603CB114A1060DF
:108290000620516011F052FC30B10F4B43610223B4
:1082A000037444748474C474094900234FF48652DF
:1082B00027F05DFE094B074A196802200823653143
:1082C0000DF09EFBDAE700BFA40000100B46030090
:1082D00054250300145A0020BA4503003807002033
:1082E00010B5FFF793FF0E4B0E4A196802200823C2
:1082F00065310DF085FB062011F020FC38B10A4BEA
:10830000436102230374002343748374C374BDE880
:108310001040064900234FF4865227F028BE00BFC4
:1083200038070020145A00201E460300542503007D
:1083300070B50F4B1B780546CBB10E4B1B78B3B114
:108340000D4B1B780BB9FFF7B5FB0C4C20460023F7
:1083500010F8052BE37029460126667029F089FB89
:108360001CF048FA20461CF03BF9054B1E7070BD0E
:10837000135A0020125A0020115A0020960C002097
:10838000415A0020034B187808B1034B187800F0CD
:1083900001007047135A0020125A00200649013884
:1083A00010F8013F03B97047CA5C02F00302012ACA
:1083B00008BF20330370F3E747C5030008B51C4826
:1083C00027F0B4F81B4827F0B1F81B4827F0AEF8A7
:1083D0001A4827F0ABF81A4827F0A8F8194827F0F0
:1083E000A5F8194827F0A2F8184827F09FF8184870
:1083F00027F09CF8174827F099F8174827F096F8C7
:10840000164827F093F8164827F090F8154827F0FB
:108410008DF8154827F08AF8144827F087F8144893
:1084200027F084F8BDE80840124827F07FB800BF65
:1084300071460300A7460300DD4603000D47030015
:108440004147030077470300AA470300DD470300C5
:108450001A480300574803008C480300BD48030036
:10846000EE48030013490300364903007049030036
:10847000A9490300DD49030030B50A2185B005464E
:1084800025F05FFD084A034604460C2101A827F0A9
:108490005AF8294601A8F8F709FD00280CBF204624
:1084A0004FF0FF3005B030BD867C030000B589B0C9
:1084B00000220023CDE9062300230622CDE9032371
:1084C000CDE9013300930549054B06484FF480621E
:1084D00022F014FA09B05DF804FB00BF0068002028
:1084E000C1120000E0160020014814F0DFBB00BFFD
:1084F000E016002010B5062011F020FB38B1084B23
:10850000436102230374002343748374C374BDE87E
:108510001040044900234FF4845227F028BD00BFC7
:10852000A55103008425030080B50C4A0C4B00AF15
:1085300088B0002908BF13466A460A49C2E90513F4
:108540004FF400739383084B42F8103F0748002311
:108550004FF4E65111F0D2FCBD4680BDB993030043
:1085600052520300D9510300030000018425030087
:1085700038B52F482F4D20F02BFF044628600820E7
:10858000A4B911F0DBFA40B12B4B43612B4B836153
:108590000323037444748474C474294900234FF47E
:1085A000C25227F0E4FC6FF0120038BD11F0C6FA99
:1085B00040B1244BC0E90534032303740023437402
:1085C0008374C3741E4900234FF4C65227F0CFFCB6
:1085D0001D4B1E4928680F2215F072F9BFF35B8FFF
:1085E0001B4B53E8001F41F0010143E80012002A31
:1085F000F7D1BFF35B8F0021286827F0CFFF88B148
:10860000062011F09BFA38B1124B43610223037428
:10861000002343748374C374094900234FF48452C4
:1086200027F0A5FC2868BDE8384027F0BCBF00BF94
:10863000EA510300C8330020F051030077520300D1
:10864000842503000E5203001429030096520300F0
:10865000C433002021520300084BBFF35B8F53E863
:10866000002F22F0010143E800100028F7D1BFF3EA
:108670005B8FD30701D4FFF73DBF7047C4330020A1
:108680002DE9F347564C574D2378D3B925F04BFCD1
:10869000D5E90023633861F1000182428B4110DB90
:1086A00025F041FC504E514BC018D6E9002361F132
:1086B000000182428B416ADB0021212022F0D4FF9D
:1086C000E2E725F030FCC5E90001494BBFF35B8FC1
:1086D00053E8002F42F0010143E800100028F7D1D1
:1086E000BFF35B8F12F00102DAD12778414EDFF839
:1086F00024C1DFF824E14FF0FF08032F317834DD87
:108700003D484022006801AB0CEB011115F0F0F878
:10871000327827780432D2B2042F327009D937491F
:108720000B68043B3B440B6035490F88BB4288BF54
:108730000B80072A84BF0023337000262670002890
:10874000AED0082011F0FAF940B12E4B43612E4B08
:1087500083610323037446748674C6742B49002313
:108760004FF4C25227F003FC9AE7CB1919010CEB26
:1087700003130CF801805A70DEF80000C3F8020001
:10878000BEF80410D9809A60DA600137B5E7DFF8E7
:108790006C801B4FD8F80090B9F1000F16D008205C
:1087A000B7F800A011F0CAF950B1194BC0F81CA0DD
:1087B000C0E9053904230374002343748374C3742C
:1087C000124900234FF4035227F0D1FB0023C8F8CD
:1087D00000303B8025F0A7FBC6E900016CE700BF35
:1087E000435A0020C8170020C017002078ECFFFF74
:1087F000C4330020425A0020C8330020C033002078
:10880000A85900203D5203008A520300842503002A
:1088100059520300445A0020A400001000B589B04A
:1088200000220023CDE9062300230622CDE90323FD
:10883000CDE9013300930549054B06484FF480729A
:1088400022F05CF809B05DF804FB00BF806C0020EA
:1088500081860000D0170020014814F027BA00BF1D
:10886000D0170020014B1868FFF7F6BEC833002070
:1088700030B5174B1B685B889B0628D5154A034605
:1088800000F11004114653F8045B42F8045BA34264
:10889000F9D10378012B03D0042B1CBF0023CB7329
:1088A0000D4C0E4A002310784B70237818440B2887
:1088B0000DDC084A0A4901EB001102F1100052F8E0
:1088C000045B41F8045B8242F9D10133237030BD6F
:1088D00034070020045B0020435A0020425A002045
:1088E000445A00202DE9F84F4FF08043DFF81892EA
:1088F000D3F80074D3F80024C3F80024D9F800306A
:108900005C8814F002042ED0022106200BF05EFDDC
:108910000DF040F80546002840F0E0800DF0DCF94D
:108920000446002866D126F079F864200DF04CF852
:10893000FF25D9F800305B885B070ED526F070F86C
:10894000074626F06FF806460CF0A4FD2DB924B9B1
:108950001FB916B908B90DF011FA28460DF062FAE0
:108960000020BDE8F88F022106200BF02FFD0DF04E
:1089700011F807F001070546002840F0A780002FF6
:10898000CCD0022107200BF021FD0DF0A5F9044603
:1089900090BB26F043F8012480466423A3F16405CC
:1089A000EDB2002F00F0A280B8F1000F1ED101330C
:1089B000DEB230460DF008F8082011F0BFF850B1D3
:1089C0004E4B80F81180C0E905360323037480F80C
:1089D000128080F813804A4900234FF4C65227F0D2
:1089E000C6FA4FF40040002122F03EFE64200CF055
:1089F000EBFF9EE70027C4E7012140200CF098FD23
:108A000028F0EBFF4FF47A78A0FB080608FB01661C
:108A1000C50B45EA46454FF0000AF60B40F2E93B2C
:108A20000DF05AF948B328F0D8FF4FF47A73A0FB41
:108A3000030308FB0131C30B43EA41435B1B4FEACD
:108A4000D13161EB06015B4571F1000139DB062094
:108A500011F074F848B12B4B43610223037480F882
:108A600011A080F812A080F813A0254900234FF42C
:108A7000865227F07CFAFFF7C9FBD9F800305B88F3
:108A80005A0716D528F0A9FF4FF47A72A0FB02030B
:108A900002FB0131C30B43EA41435B1B4FEAD13177
:108AA00061EB0601322B71F1000102DA002025F0A2
:108AB00079FF002140200CF03BFD25F0AFFF804600
:108AC0006BE70021212022F0CFFDA9E725F0A6FFCA
:108AD000C82D28BFC8258046EBB25FE725F09EFF72
:108AE000C82D28BFC825643DEDB2002464200CF0D9
:108AF0006BFF002D08BFFF251BE700BFAF5203002F
:108B0000BC2503003445030034070020F8B5037882
:108B10000D4616462BB303461A78202A184603F151
:108B20000103F9D0EAB1286001240027202128F0B0
:108B3000D0FF034638B103F8017B184613F8012B28
:108B4000202AFAD022B9002345F824302046F8BD67
:108B500045F824000134A642E8D10348314626F006
:108B6000E5FC0024F2E700BFC452030008B528F07A
:108B700034FF024BC3E90001002008BDB0180020FB
:108B80002DE97043114D124B2868124C124E4FF4D0
:108B90008061D3E9008926F084FA2B681968B14214
:108BA00008BFA0420CBF0124002406D04FF480620D
:108BB0002146184628F085FF06602B68C3E9028924
:108BC000C3E908892046BDE8708300BF380700204C
:108BD000B01800201CDF4421B850010DF8B528F072
:108BE000FCFE0C4D02462868D0E90434D0E9027638
:108BF000DB1B64EB06049B1844EB0104C0E904345E
:108C0000C0E902214FF47F7126F04BFA2B68C3F8BC
:108C1000FC03F8BD38070020D0ED007ADFED3B6A99
:108C2000F4EEE67AF1EE10FA63DD9FED397AF4EEB8
:108C3000C77AF1EE10FA4CBF012300239FED357A7D
:108C4000F4EEC77AF1EE10FA55D59FED336AF4EEE3
:108C5000C67AF1EE10FACCBF012200225200D0ED0C
:108C6000017AF4EEE67AF1EE10FA43EA020344DD0B
:108C70009FED276AF4EEC67AF1EE10FA4CBF01229E
:108C800000229200F4EEC77AF1EE10FA43EA0203F2
:108C900035D59FED216AF4EEC67AF1EE10FACCBF1D
:108CA00001220022D200D0ED027AF4EEE67AF1EE53
:108CB00010FA43EA020324DDDFED156AF4EEE67AEA
:108CC000F1EE10FA4CBF012200221201F4EEC77A35
:108CD000F1EE10FA43EA020315D59FED0F7AF4EE98
:108CE000C77AF1EE10FACCBF0120002040011843F2
:108CF00070470023A2E70022B1E70022C2E700226A
:108D0000D1E70022E2E70020F1E700BF9A9999BF7E
:108D1000CDCC4CBF9A99993FCDCC4C3F38B50C4B3C
:108D20000C48002119700C4B19700C4B4FF4487211
:108D300000240025C3E9004528F0C3FE08490022AD
:108D40000023C1E900230749C1E9002338BD00BF62
:108D5000165B0020D8190020155B0020F81C0020AD
:108D6000D0190020C819002008B5082010F0E6FE30
:108D700048B1094B4361094B83610323037400230A
:108D800043748374C374064900234FF4C25227F01E
:108D9000EEF84FF0FF3008BDE25203002B580300FD
:108DA0001C25030010B5D1ED007AD0ED006A91EDDD
:108DB000017A91ED026A76EEE76AD0ED017A77EEFC
:108DC000C77A90ED027A67EEA77A46EEA67A144645
:108DD00037EE467A47EE077A17EE900AF7F73CFC33
:108DE00041EC100B24F056F851EC100BF7F764FF30
:108DF000DFED097A07EE100AB4EEE77AF1EE10FA29
:108E000096BF2068002064302060B0F5FA6FD4BFB0
:108E10000020012010BD00BFCDCC4C3D2DE9F0411C
:108E2000054625F0AFF8012871F1000135DB25F08A
:108E3000A9F810F5004441F10006DFF89880204FB2
:108E4000D8E90023C7E90023D8E90013D7E90002D5
:108E5000884272EB030324D200220023C7E90023D7
:108E600025F090F8A042B14123DB082010F066FE07
:108E700048B1144B4361144B8361032303740023F3
:108E800043748374C374114900234FF4C25227F012
:108E90006EF84FF0FF30BDE8F0814FF4004400263B
:108EA000CBE725F06FF8A042B141D5DA25F07AF88A
:108EB000CAE7074B93E8070085E807000020EAE7C8
:108EC000D81800200C530300575803001C2503003A
:108ED000E8330020E018002010B504461B4B006862
:108EE00061681B4A03C3A0681860D2E900310133EE
:108EF00041F10001C2E90031164AD2E900321343C0
:108F000001D025F04FF8144B1B782BB120461349A4
:108F1000BDE8104025F0E6BE114BD4ED007A93ED8C
:108F2000007A77EEC77AC4ED007A93ED017AD4ED3A
:108F3000017A77EEC77AC4ED017A93ED027AD4ED27
:108F4000027A77EEC77AC4ED027A10BDE8330020CA
:108F5000E0180020D8180020145B002024340020E2
:108F60006C34002010B50446174B00686168174A3E
:108F700003C3A0681860D2E90031013341F1000158
:108F8000C2E90031124AD2E90032134301D025F080
:108F900009F8104BD4ED007A93ED007A77EEC77A9A
:108FA000C4ED007A93ED017AD4ED017A77EEC77AB9
:108FB000C4ED017A93ED027AD4ED027A77EEC77AA6
:108FC000C4ED027A10BD00BFDC330020D0180020B1
:108FD000C81800206034002010B504460D4B00680E
:108FE00061680D4A03C3A0681860D2E900310133FB
:108FF00041F10001C2E90031084AD2E900321343CD
:1090000001D024F0CFFF20460549BDE8104025F0EF
:1090100069BE00BFD0330020C0180020B81800205F
:10902000F4330020014B1870704700BF975B00209D
:1090300000487047175B002070B51E4B1E481C6827
:109040001E4D04F16D01802228F013FDD4F8F000CC
:10905000D4F8F4101A4B03C3D4F8F8001860D4F80D
:109060000011D4F8FC00174B03C3D4F804011860B6
:10907000D4F80C11D4F80801134B03C3D4F8100131
:10908000186004F5A27604F58A73186859682A46B0
:1090900003C20833B3421546F7D10C4D04F5BA7438
:1090A000186859682A4603C20833A3421546F7D107
:1090B00070BD00BF38070020175B0020F43300208C
:1090C0006C3400206034002054340020243400200C
:1090D0001B4B70B5002814BF06461E46194B0029CD
:1090E00014BF0D461D46002434607460B4602C60CB
:1090F0006C60AC60FAB1062010F020FD30B1124B6C
:1091000043610223037444748474C4740F4C104983
:1091100000234FF4865226F02AFF21680C233246A2
:10912000F03103200CF06CFC21680C232A46FC3142
:1091300004200CF065FCBDE870400AF085BB00BF60
:109140006C340020603400202D53030038070020C9
:109150001C250300F0B5274B002814BF06461E4609
:10916000254B85B00024002914BF0F461F46B6EEDC
:10917000000A01A93046CDE901441546039425F0C3
:1091800079FD20BB30462A463946FFF7A1FF06206D
:1091900010F0D4FC28BB194900234FF4845226F068
:1091A000E6FE062010F0CAFC38B1154B43610223DD
:1091B0000374002343748374C374104900234FF471
:1091C000845226F0D4FE4FF0FF3005B0F0BD9FED85
:1091D0000D0A01A9384625F04DFD0028D2D02046C1
:1091E000F3E7094B43610223037400234374837440
:1091F000C374D0E76C340020603400201C250300C9
:1092000066530300000048424E530300174B70B5ED
:10921000002814BF04461C460D463022002120467B
:1092200028F04FFC4FF07E53E360E361E362E5B169
:10923000062010F083FC38B10D4B43610223037408
:10924000002343748374C3740A4900234FF4865285
:1092500026F08DFE084B196822463023BDE8704089
:1092600001F5A27107200CF0CBBB70BD24340020A7
:109270002D5303001C2503003807002070B5304B28
:109280002DED028B002814BF05461D468AB0EB6801
:109290000493EB6905930024EB6A039404A80E463B
:1092A000CDE90144069325F00EFD01A9B0EE408AF8
:1092B0008DED070A8DED080A8DED090A2846B6EEF8
:1092C000000A25F0D7FC28BB28463146FFF79EFF51
:1092D000062010F033FC48BB1A4900234FF4845297
:1092E00026F045FE062010F029FC38B1164B4361EC
:1092F00002230374002343748374C374114900234D
:109300004FF4845226F033FE4FF0FF300AB0BDEC2C
:10931000028B70BD9FED0D0A07A928EE000A04A874
:1093200025F0A8FC0028CFD02046EFE7084B43618A
:1093300002230374002343748374C374CCE700BF17
:10934000243400201C25030066530300CDCCCC3D03
:109350004E530300154B70B5002814BF05461D463B
:109360000C4630220021284628F0ABFBE4B1062051
:1093700010F0E4FB38B10E4B436102230374002369
:1093800043748374C3740B4900234FF4865226F050
:10939000EEFD094B19682A463023BDE8704001F5FF
:1093A0008A7105200CF02CBB70BD00BFF433002087
:1093B0002D5303001C2503003807002070B5344BE3
:1093C0002DED028B002814BF05461D468AB0EB68C0
:1093D0000493EB6905930024EB6A039404A80E46FA
:1093E000CDE90144069325F06EFC01A9B0EE408A58
:1093F0008DED070A8DED080A8DED090A2846B7EEB6
:10940000000A25F037FC28BB28463146FFF7A2FFAB
:10941000062010F093FB90BB1E4900234FF48452AA
:1094200026F0A5FD062010F089FB38B11A4B4361E8
:1094300002230374002343748374C3741549002307
:109440004FF4845226F093FD4FF0FF300AB0BDEC8C
:10945000028B70BDDFED117A9FED110A28EE278A8D
:1094600007A9B4EEC08AF1EE10FAC8BFB0EE480A00
:1094700004A825F0FFFB0028C6D02046E6E7094BEC
:10948000436102230374002343748374C374C3E7EA
:10949000F43300201C250300A7530300CDCC4C3E21
:1094A000CDCCCC3D4E5303002DE9F04F2DED068B76
:1094B0009BB000AFFFF7C0FD002101220846FFF777
:1094C00049FE01210020FFF7D9FE01210020FFF70E
:1094D00075FFA44BDFF8C0A21B68DB88C3F3401301
:1094E0008AF80030A04B1C68012C54D0022C00F0EC
:1094F00097849E4E96F90030002B81F2168100244D
:10950000C7E90B449A487C6307F12C0125F060FB06
:10951000B5EE400AF1EE10FA40F0A28324F032FDDD
:10952000012871F10001C0F2F38624F02BFD10F543
:10953000004541F10004DFF86492DFF86482D9E964
:109540000023C8E90023D9E90013D8E900028842C2
:1095500072EB030380F0E08600220023C8E90023B9
:1095600024F010FDA842A141C0F2F886082010F0B6
:10957000E5FA48B17F4B43617F4B8361032303745A
:10958000002343748374C3747C4900234FF4C25294
:1095900026F0EDFC64E3202021460BF0C9FF0620F5
:1095A00010F0CCFA38B1764B4361022303740023E8
:1095B00043748374C374714900234FF4865226F0B8
:1095C000D6FC062010F0BAFA38B16E4B4361022384
:1095D0000374002343748374C37400234FF48652CE
:1095E000664926F0C4FC032104200AF0EFFE4FF484
:1095F0000042002307F13800FFF710FC0646002860
:1096000040F0A9800C20D7F83890D7F83C803D6C0A
:1096100010F094FA0446A8B15B4B43614846F7F753
:109620001BF8C4E906014046F7F716F8C4E908013B
:109630002846F7F711F8C4E90A0108232374667471
:10964000A674E6744D49DFF834B19FED508A0023CB
:1096500044F2C002204626F08AFC4FF000084FF486
:10966000FA7007F12C0524F0A0FC4FF4004200230F
:109670002846FFF7D3FB814600286CD1D7ED0B7A43
:10968000C7ED037AD7ED0C7AC7ED027AD7ED0D7AE4
:109690000C20C7ED017A10F051FA0446C0B13A4BE4
:1096A0004361F868F6F7D8FFC4E90601B868F6F731
:1096B000D3FFC4E908017868F6F7CEFFC4E90A01D0
:1096C0000822227484F8119084F8129084F8139080
:1096D00059462046002344F2C00226F048FCB0EE72
:1096E000480A07F13801284625F0C4FAC0B306201D
:1096F00010F024FA38B1264B43610223037400238F
:1097000043748374C37400234FF48652594626F081
:109710002EFCB8F1000F45D14FF0010895E8070085
:1097200007F1380383E80700013608F106039E427B
:1097300095DB062010F002FA38B1164B4361022384
:109740000374002343748374C37400234FF486525C
:109750000A4926F00CFC032101200AF037FE79E2C9
:109760008046DBE734070020CC330020165B002066
:10977000F4330020825703001B5803001C2503000C
:10978000065403004454030068540300CDCCCC3D80
:109790008654030099540300145B0020C018002075
:1097A000B8180020032102200AF010FE4FF4FA70CE
:1097B00024F0FBFBA54B1B78012B6CD1062010F08D
:1097C000BDF938B1A24B43610223037400234374F3
:1097D0008374C3749F4900234FF4865226F0C7FB5D
:1097E00009F0D2FE062010F0A9F938B19A4B436176
:1097F00002230374002343748374C37495490023C4
:109800004FF4865226F0B3FB944801F0A1FE0446C3
:10981000062010F093F938B1914B43610223037491
:10982000002343748374C3748A4900234FF486521F
:1098300026F09DFB09F0C8FF062074B110F07EF9F8
:1098400038B1884B4361022303740023437483744B
:10985000C37400234FF484527AE710F06FF930B1EB
:10986000814B43610223037444748474C474794942
:1098700000234FF4865226F07AFB7C4B774A196816
:109880001F2080236D310CF0BBF809F0DDFF4FF491
:10989000FA7024F08AFB062010F050F938B1744BAE
:1098A000436102230374002343748374C37400234D
:1098B00068494FF4865207F1200B26F058FB00222E
:1098C000594607F11400FFF703FC4FF40042002350
:1098D00007F13800FFF7A2FA0446002840F03F8164
:1098E00024F052FBC7E902109FED628A24F04CFB82
:1098F000FB68C01ABB6861EB030140F6B8339842BD
:1099000071F10001C0F2C080082010F017F940B1D9
:10991000594BC0E905340323037400234374837453
:10992000C3744C4900234FF4C65226F020FB07EEC7
:10993000904A9AF80090F8EEE77AB9F1000F1FD13B
:1099400097ED057AD7ED075A9FED4C5A87EE276AB7
:1099500097ED067A87ED056AC7EE276A85EEA77A46
:10996000B4EEC56AF1EE10FAC7ED066A87ED077A24
:1099700040F3A781B7EE007A36EE476A87ED056AB5
:10998000D7ED086A86EEA77AD7ED096A87ED087ADF
:1099900086EEA77AD7ED0A6A87ED097A86EEA77A6E
:1099A00087ED0A7AB9F1000F28D10C20D7F814807E
:1099B000BE69FD6910F0C2F80446C0B1304B436186
:1099C0004046F6F749FEC4E906013046F6F744FE84
:1099D000C4E908012846F6F73FFEC4E90A01082356
:1099E000237484F8119084F8129084F81390194924
:1099F000002344F2C002204626F0B9FA0C20D7F822
:109A000020807E6ABD6A10F099F80446B0B11D4B03
:109A100043614046F6F720FEC4E906013046F6F7FA
:109A20001BFEC4E908012846F6F716FE0823C4E920
:109A30000A01237400236374A374E37405490023AB
:109A400044F2C002204626F092FA8AE0975B00209A
:109A5000A95403001C250300C2540300175B002017
:109A6000E6540300FD54030031550300380700207D
:109A700053550300CDCCCC3D7D5503006666663F53
:109A800089550300AC5503004FF4004200232846DB
:109A9000FFF7C4F9002862D1B0EE480A07F1380197
:109AA000284625F0E7F8002800F03E819AF80030BB
:109AB000BBB9D7ED057A97ED0B7A77EE877A97EDFC
:109AC0000C7AC7ED057AD7ED067A77EE877A97EDAF
:109AD0000D7AC7ED067AD7ED077A77EE877AC7ED6C
:109AE000077A24F04FFA012871F10001C0F2BB801F
:109AF00024F048FA10F5004641F10008DFF81C9305
:109B0000B549D9E90023C1E90023B34AD9E90013D3
:109B1000D2E90002884272EB030380F0A980AE49CB
:109B200000220023C1E9002324F02CFAB04271EB9B
:109B30000801C0F2A780082010F000F848B1A74B38
:109B40004361A74B8361032303740023437483742D
:109B5000C37400234FF4C252A24926F008FAA24B64
:109B60007B610022594607F11400FFF7F3FA9F4D7D
:109B70000446002800F0EE80012003210AF026FCB4
:109B800006200FF0DBFF38B1994B436102230374C9
:109B9000002343748374C374924900234FF48652A4
:109BA00026F0E5F99AF8006046BB924B0C20D3F8FA
:109BB0000090D3F80480D3F808A00FF0BFFF04464C
:109BC000A8B18D4B43614846F6F746FDC4E906014E
:109BD0004046F6F741FDC4E908015046F6F73CFD62
:109BE000C4E90A01082323746674A674E6747D49E7
:109BF000002344F2C002204626F0B9F90C20D5F823
:109C000000806E68AD680FF099FF0446B0B17B4BE1
:109C100043614046F6F720FDC4E906013046F6F7F9
:109C20001BFDC4E908012846F6F716FD0823C4E920
:109C30000A01237400236374A374E374694944F232
:109C4000C0022046002326F092F900210122084696
:109C5000FFF780FA6A4B0021202019600BF068FCA6
:109C6000052000F068BD4FF400464FF0000845E7BE
:109C700024F088F9B04271EB0801BFF650AF24F030
:109C800091F942E75F4BD7ED087A93E8070085E842
:109C9000070097ED0B7A77EE877A97ED0C7AC7ED90
:109CA000087AD7ED097A77EE877A97ED0D7AC7EDC6
:109CB000097AD7ED0A7A77EE877A0134C7ED0A7A06
:109CC00014E6DFED515AB4EEE56AF1EE10FA04D570
:109CD000B7EE007A36EE076A50E6F4EEC56AF1EEAA
:109CE00010FA06DDB7EE007A76EEC76AC7ED066AAF
:109CF00046E6F4EEE56AF1EE10FA04D5B7EE007A26
:109D000076EE876AF2E7B4EEC57AF1EE10FA06DD78
:109D1000F7EE006A37EE667A87ED077A30E6B4EE42
:109D2000E57AF1EE10FA07D406200FF007FF40B9EC
:109D300000234FF486520FE7F7EE006A37EE267ADB
:109D4000EAE7324B436102230374002343748374B4
:109D5000C374EDE706200FF0F1FE30B12C4B4361E8
:109D60000223037444748474C4741E49214C002378
:109D70004FF4865226F0FBF807F1140393E807002E
:109D800084E807009BE8070085E80700214D09F0FB
:109D90005BFD29680C232246F03103200BF030FED6
:109DA0002968124A0C23FC3104200BF029FE0620FE
:109DB0000FF0C4FE38B1184B436102230374002333
:109DC00043748374C374074900234FF4865226F00A
:109DD000CEF803210A20C0E4C81800206055030013
:109DE000465803001C2503000000C07F603400209B
:109DF000CB5503006C34002089550300AC5503009B
:109E0000CC330020DC330020666666BF9954030023
:109E1000EA55030038070020FF550300D018002042
:109E2000202001210BF084FB9AF800500620002D21
:109E300000F05E820FF082FE30B1C24B436100231E
:109E4000047443748374C374BF4900234FF486526F
:109E500026F08DF806200FF071FE38B1BB4B436140
:109E600002230374002343748374C37400234FF4E8
:109E70008652B549DFF81CA326F079F800240021AA
:109E800007F13800FFF7C2F9C7E90B447C637C6136
:109E9000FEF744FFAE4825F049FB032104200AF0F9
:109EA00095FAAC48DFF8F092AB4E25F03FFB4FF44B
:109EB0000042002307F12000FEF7B0FF054600280E
:109EC00073D0FEF72BFFA54BBB63002107F13800D1
:109ED000FFF7D4F90446002800F0E38101200321B4
:109EE0000AF074FA06200FF029FE38B19C4B43614A
:109EF00002230374002343748374C37492490023C0
:109F00004FF4865226F033F806200FF017FE38B1D2
:109F1000944B436102230374002343748374C3741A
:109F20008949914D00234FF4865226F020F80326EC
:109F30004FF0000855F804BBD5ED087AD5F808A015
:109F4000D5F81490C7ED037A0E200FF0F7FD044604
:109F5000E8B1864B43615846F6F77EFBC4E906013B
:109F60005046F6F779FBC4E908014846F6F774FB5A
:109F7000C4E90A01F868F6F76FFBC4E90C010A238B
:109F8000237484F8118084F8128084F813806E4959
:109F9000002345F2C002204625F0E9FF013EC9D169
:109FA00001213046FFF76AF954E607F1140207F180
:109FB0002C0107F12000FEF7F5FE3B6AFB627B6A8D
:109FC0003B63BB6A7B63804607F12000FEF724FEFB
:109FD0009AF8001041EA000B5FFA8BFB594580F0BC
:109FE000A28099F800305B4540F09D80FB6023F033
:109FF000CBFFD6E9003298429141C0F29E80B8F181
:10A00000010FFB6840F0998059488AF800302146DA
:10A0100025F08CFA032102200AF0D8F9642023F0FD
:10A02000C4FF23F0B1FF9FED53AA064688465FFAAE
:10A0300085F9642303FB09F923F0A6FF801B61EB7C
:10A040000801B0F57A7F71F10001C0F2A780032109
:10A0500009200AF0BBF9484825F068FA214647482C
:10A06000013425F063FA062C40F0D880444825F0EE
:10A070005DFA09F07FFA434B434993ED001B434BD4
:10A0800007F1380093ED000B07F044FAFEF746FEA7
:10A090003F4825F04BFA20460FF050FD002840F0D5
:10A0A000F780294900234FF4865225F060FF07F11D
:10A0B000380503264FF0000855F804BBD5ED087AA3
:10A0C000D5F808A0D5F81490C7ED037A0E200FF04C
:10A0D00035FD0446E8B1254B43615846F6F7BCFA16
:10A0E000C4E906015046F6F7B7FAC4E90801484644
:10A0F000F6F7B2FAC4E90A01F868F6F7ADFAC4E96E
:10A100000C010A23237484F8118084F8128084F8E7
:10A1100013800D49002345F2C002204625F027FF99
:10A12000013EC9D1D1E623F02FFF10F57A7041F13D
:10A130000001C6E9000189F800B0642023F035FF72
:10A14000B5E600BF145603001C2503004454030069
:10A150004156030066560300F81C00200000C07F33
:10A16000CB55030039570300243400204F57030018
:10A1700086560300CDCCCC3DC3560300D556030014
:10A1800005570300C8190020D8190020D019002055
:10A190001F570300165B0020155B00204FF40042A0
:10A1A000002307F12000FEF739FE00287FF489AE76
:10A1B000B0EE4A0A07F12C0107F1200024F05AFD05
:10A1C000834600284DD0B86AF6F746FA41EC190BE1
:10A1D000786AF6F741FA41EC180B386AF6F73CFA60
:10A1E000B0EE492AF0EE692AB0EE481AF0EE681A8D
:10A1F00041EC100B4D4A4E494E4807F0FFF823F052
:10A20000C3FE801B61EB0801484571F10001FFF6B8
:10A2100013AF494825F08AF9013508E74748214638
:10A2200025F084F9642023F0C0FE4FF4004200239F
:10A2300007F12000FEF7F2FD00287FF442AE07F19F
:10A24000140207F12C0107F12000FEF7ABFD3B6A79
:10A25000FB627B6A3B63BB6A7B630028E2D1786167
:10A260001BE6FEF75BFD06200FF068FC48B1344AA0
:10A2700042610222027480F811B080F812B080F8B6
:10A2800013B0304900234FF4865225F070FE1AE6D1
:10A290002D4B436102230374002343748374C374FE
:10A2A000FFE606200FF04AFC30B1284B4361022341
:10A2B000037444748474C4742249254D00234FF4FC
:10A2C000865207F1380425F052FE0FCC0FC50FCC93
:10A2D0000FC594E80F0085E80F0009F0B5FA1D4B93
:10A2E0001968A5F12002302301F5A27107205CE571
:10A2F0000FF024FC28B1184B436104744574857435
:10A30000C574104900234FF4845225F030FEA1E4B7
:10A310004FF40045FFF70FB923F034FEA842A141E6
:10A32000BFF61AA923F03EFEFFF70DB9C8190020A9
:10A33000D0190020D8190020C1560300E3560300AD
:10A34000995403001C25030039570300EA55030004
:10A35000243400203807002063570300BB4CDFF88B
:10A360004093A068DFF83C83F6F776F941EC190BCF
:10A370006068F6F771F941EC180B2068F6F76CF994
:10A38000B0EE492AF0EE692AB0EE481AF0EE681AEB
:10A3900041EC100BAE4AAF49AF4807F02FF8AF4879
:10A3A0003178FEF739FC41EA0005EDB2A94280F0B0
:10A3B000428199F80040AC4240F03D8123F0E4FD39
:10A3C000D8E9002382428B414DDAA54AA54BA64825
:10A3D000A649347014F0010F18BF9046A44A08BF74
:10A3E000984614F0020F18BF9646A24A08BF9E4630
:10A3F00014F0040F14BF94469C4614F0080F08BFD5
:10A40000184614F0100F08BF19466D4614F0200FBF
:10A4100090B0994A08BF1A466B46C3E909019749AB
:10A42000B96301F10231F96301F10231DA62396491
:10A4300007F1380207CA924CC3E9054803F130041A
:10A44000C3E907EC84E807001A468E4B42F8103F38
:10A450008D4845F6C00100230FF050FD0321AD46A5
:10A46000092009F0B3FF3378BF2B03D10321052066
:10A4700009F0ACFF3378FF2B40F05C8106200FF031
:10A480005DFB38B1814B43610223037400234374A5
:10A490008374C3744FF486527B49002325F067FD13
:10A4A00009F068F86A4B6C4993ED001B694B07F1A2
:10A4B000380093ED000B07F02DF8FEF72FFC062077
:10A4C0000FF03CFB38B1724B43610223037400234D
:10A4D00043748374C3746C4900234FF4865225F08F
:10A4E00046FD07F1380603254FF0000856F804BB77
:10A4F000D6ED087AD6F808A0D6F81490C7ED037AFE
:10A500000E200FF01BFB0446E8B1624B4361584636
:10A51000F6F7A2F8C4E906015046F6F79DF8C4E93B
:10A5200008014846F6F798F8C4E90A01F868F6F712
:10A5300093F8C4E90C010A23237484F8118084F889
:10A54000128084F813805049002345F2C00220464F
:10A5500025F00DFD013DC9D1294607F13800FEF770
:10A560002DFF002800F0A0800120032109F02EFF1C
:10A5700006200FF0E3FA30B1474B43610223037426
:10A5800045748574C574404900234FF4865225F004
:10A59000EEFC06200FF0D2FA38B13D4B43610223A6
:10A5A0000374002343748374C37437493B4D002301
:10A5B0004FF4865225F0DBFC03264FF0000855F8D7
:10A5C00004BBD5ED087AD5F808A0D5F81490C7EDEE
:10A5D000037A0E200FF0B2FA0446E8B12D4B436126
:10A5E0005846F6F739F8C4E906015046F6F734F84C
:10A5F000C4E908014846F6F72FF8C4E90A01F868EB
:10A60000F6F72AF8C4E90C010A23237484F81180B0
:10A6100084F8128084F813801B49002345F2C0029D
:10A62000204625F0A4FC013EC9D101213046FEF7A9
:10A63000C5FEFFF715BB23F0A7FC10F57A7041F1BA
:10A640000001C8E9000189F800500CE7D033002070
:10A65000C8190020D0190020D8190020E8330020A4
:10A66000F1530300F4530300FD53030000540300AF
:10A67000F7530300FA5303000354030000020103DD
:10A68000A2570300080000061C250300D75703004B
:10A69000065803004F570300CB550300F433002046
:10A6A000155B0020F81C002006200FF047FA30B19F
:10A6B000234B43610223037445748574C574214997
:10A6C000214D00234FF4865207F1380425F04FFC4A
:10A6D0000FCC0FC50FCC0FC594E80F0085E80F0015
:10A6E0001A4B196805203023A5F1200201F58A7163
:10A6F0000BF086F906200FF021FA38B1144B4361B4
:10A7000002230374002343748374C3740D4900232C
:10A710004FF4865225F02BFC03210A2009F056FE47
:10A720000C4820F0B5FAFEF7D4BE002CF8D0032C6C
:10A730007FF496AA642023F038FCFEF7CABE00BF5F
:10A74000EA5503001C250300F433002038070020DD
:10A75000FF550300E818002008B5074B1A683AB106
:10A76000FEF702FB38B90548BDE8084020F07CBD83
:10A7700001221A60F7E708BDCC330020E81800205A
:10A7800008B5074B1A683AB1FEF7EEFA38B9054832
:10A79000BDE8084020F068BD02221A60F7E708BD56
:10A7A000CC330020E8180020054A117841F08003DE
:10A7B000BF2B08BF41F0C0031370024820F054BD06
:10A7C000165B0020E818002010B5104C20460BF056
:10A7D000F5FD0F4B63610F4B23610F4BE3600F4B94
:10A7E000A3610F4B23620F4BE3610F4BA3620F4B2F
:10A7F00063620F4B23630F4BE3620F4B23600F4BDE
:10A80000636040F20113238110BD00BF6836002051
:10A810000000A04050940843850B4E40B96EB23EF4
:10A820001B49823D0536E73BFCA88E3FEF8F254054
:10A830009F94B53FA018B33FC2D08A40000020418A
:10A8400008B52DED048BB0EE408AF0EE608AB0EED4
:10A85000419AFFF7B9FFB0EE491AF0EE680AB0EE80
:10A86000480ABDEC048B034A03490448BDE808408C
:10A870000CF082BE84340020FC34002068360020B6
:10A8800010B50446FFF7A0FF21464FF4B672054805
:10A8900027F0EFF804F5B6710348BDE810407822C0
:10A8A00027F0E7B8FC3400208434002010B50749B5
:10A8B00004464FF4B67227F0DCF804F5B67004498C
:10A8C000BDE81040782227F0D4B800BFFC34002047
:10A8D000843400201FB59FED0E7AD0ED007A0D4A2A
:10A8E0000D4967EE877A01ABCDED017AD0ED017AA3
:10A8F00067EE877ACDED027AD0ED027A074867EEEF
:10A90000877ACDED037A0BF09DFD05B05DF804FB71
:10A9100035FA8E3C84340020FC3400206836002058
:10A920001FB59FED186AD0ED006A90ED017AD0ED69
:10A93000027A66EE866A27EE067A67EE867AF5EE8A
:10A94000406AF1EE10FACDED016A8DED027ACDED9F
:10A95000037A01AB09D1B5EE407AF1EE10FA04D1D9
:10A96000F5EE407AF1EE10FA04D093E80700064CB9
:10A9700084E80700054A064906480BF021FE04B0AA
:10A9800010BD00BF0AE81C41783400208434002048
:10A99000FC340020683600200346024A024903487E
:10A9A0000CF012BA84340020FC34002068360020F9
:10A9B0000246024902480CF01DBC00BF843400204E
:10A9C000FC3400200146BFEE000A01480CF074BCC4
:10A9D000FC340020014601480CF0D2BBFC340020BE
:10A9E00010B5102288B0044600210DEB020027F0BC
:10A9F00068F804A8FFF7EEFF9DED046ADDED065A46
:10AA0000DDED076ADDED057A164A26EE257A17EEAA
:10AA1000A67A01AB204667EE867A46EEA57A04F167
:10AA20000C0137EE077A77EEA77A8DED017ACDED3E
:10AA3000027AF6EE007A56EE067A46EEA67A9FED98
:10AA40000A7A77EEA77ACDED037AF2EC017AF3EC8D
:10AA5000016A46EEC77AE0EC017A8842F5D108B087
:10AA600010BD00BF783400200AE81C41B5EEC00AD2
:10AA7000F1EE10FA30B5F5EEC00A64D4F2EE007AC9
:10AA8000F1EE10FAB4EEE70A48BFDFED320AF1EE5C
:10AA900010FA41D8F1EE007AB4EEE70AF1EE10FABE
:10AAA0003CD8F0EE007AB4EEE70AF1EE10FA37D8AF
:10AAB000B5EEC00AF1EE10FA0CD90423264A013B88
:10AAC000D45C264A1470264A32F8133000EE103A4D
:10AAD000B8EE400A234A0123144632F8025F07EE1B
:10AAE000905AF8EEE77AF4EEE07AF1EE10FA1EDB17
:10AAF0000133062BF1D1DFED1C7A1C4B80ED000AEF
:10AB000020EE277A60EEA77A83ED007A184BC1ED2C
:10AB1000000AC3ED007A30BD0123CFE70223CDE761
:10AB20000323CBE7DFED0B0AB0EE600AD2E7114A50
:10AB3000013BD55C34F813300F4A00EE903A1570A3
:10AB4000F8EE600AD7E7F1EE10FAEBD49FED010AB8
:10AB5000C0E700BF00000000675A0300BD0C0020E2
:10AB6000683F03005C3F03000000003840070020FE
:10AB70003C070020625A0300985B00202DE9F04159
:10AB8000B5EEC00AF1EE10FA2DED028B8046F0EE24
:10AB9000408AB0EE608A0F467CD9DFED567AB4EE7B
:10ABA000670AF1EE10FA75D09FED537A534A60EEC2
:10ABB000077A0123FDEEE77A104632F8021F0029DA
:10ABC0005CD017EE904AA14258DC01330D2BF4D132
:10ABD0000025B5EEC08AF1EE10FA6BD9DFED457AAB
:10ABE000B4EE678AF1EE10FA64D09FED457A454ADB
:10ABF00068EE077A0123FDEEE77A104632F8021F6D
:10AC000000294BD017EE904AA14247DC0133092BB3
:10AC1000F4D100243C4A1378AB423C4B02D1197862
:10AC2000A14265D015701C70002D47D1002C5BD15E
:10AC30002646082222437D21002023F0F9FA3043E2
:10AC400013D008200EF07AFF48B1314B4361314BED
:10AC5000836103230374002343748374C3742E49F4
:10AC600000234FF4C25225F082F9C8ED008A00207B
:10AC700087ED008ABDEC028BBDE8F081013B274ADD
:10AC8000D55C30F8133007EE903AF8EEE77AC7EE6D
:10AC9000878A9EE7DFED228A00259AE7013B214A59
:10ACA000D45C30F8133007EE903AF8EEE77A87EE8E
:10ACB000878AAFE79FED1A8A0024ABE745F0A00230
:10ACC0004021002023F0B4FA06467CB144F0E002B3
:10ACD0004221002023F0ACFA002D46EA00060CBF0A
:10ACE00008220C220224A5E72E46EFE70C22A1E75A
:10ACF0000120BFE70000807F0000C844423F0300FE
:10AD000000004845303F0300BC0C0020BB0C002075
:10AD10008B580300E85903009C240300565A030093
:10AD2000000000004E5A030013B500EB4000800005
:10AD300080B28DF80400C0F3042002238DF80500D2
:10AD400001AA4621002004F037F8002204465621CB
:10AD5000104623F06DFA0C2204435321002023F007
:10AD600067FA022204435821002023F061FA0443C9
:10AD700013D008200EF0E2FE48B1094B4361094BA5
:10AD8000836103230374002343748374C3740649EB
:10AD900000234FF4C25225F0EAF8332002B010BD70
:10ADA0008B580300A05903009C24030030B587B0E2
:10ADB0000446062301AA0C21002003F0E7FF98B106
:10ADC00008200EF0BBFE48B1194B4361194B83615B
:10ADD00003230374002343748374C374164900234C
:10ADE0004FF4C25225F0C3F8144B93ED007A01AA38
:10ADF00003A80021557812F8023B43EA05231BB251
:10AE000007EE903AF8EEE77A013167EE877A032988
:10AE1000E0EC017AEED1039BDDED047A6360059BE3
:10AE2000A360F1EE677AC4ED007A07B030BD00BFD1
:10AE30008B580300CB5903009C24030040070020DB
:10AE400030B587B00446062301AA1221002003F082
:10AE50009DFF98B108200EF071FE48B11D4B436173
:10AE60001D4B836103230374002343748374C374F1
:10AE70001A4900234FF4C25225F079F8184B93ED8C
:10AE8000007A01AA03A80021557812F8023B43EA90
:10AE900005231BB207EE903AF8EEE77A013167EE30
:10AEA000877A0329E0EC017AEED10E4BDDED056ADD
:10AEB00093ED007ADDED037AC4ED026A46EEC77ABF
:10AEC0009DED047AC4ED017AB1EE477A84ED007A03
:10AED00007B030BD8B580300BD5903009C2403000C
:10AEE0003C070020C43600202DE9FF470025894695
:10AEF0000223074603AA24212846ADF80C5003F08C
:10AF000045FF9DF80D309DF80C401B0203F47C5367
:10AF100044EA030A4FF00C08B9FBF8F8C2450646AC
:10AF2000544614D908200EF009FE48B11A4B43616B
:10AF3000AAEB080383610323037445748574C57405
:10AF4000164900234FF4C45225F011F8444604EB8F
:10AF500044030C229B0000929BB23A46262100201B
:10AF600003F0ACFF304313D008200EF0E7FD48B1EA
:10AF70000B4B43610B4B8361032303740023437426
:10AF80008374C374054900234FF4C25224F0EFFFC9
:10AF9000204604B0BDE8F087A35803009C240300BA
:10AFA0008B580300DA5903002DE9F04F00EB400005
:10AFB0008400A4B201EB040989B0884617463649DB
:10AFC000022248461E4626F044FD002862D0334B3C
:10AFD000D3ED006A324B611C93ED007A01914A4631
:10AFE0000DF1080E0DF1140C0023A01D04F1070B48
:10AFF000111B013311F80BA00D5C45EA0A252DB297
:10B0000007EE905A019DF8EEE77A4D5D12F8021BAB
:10B0100067EEA67A41EA052109B2EEEC017A07EE65
:10B02000901AF8EEE77A032B67EE877AECEC017A58
:10B03000DED11C490622404426F00BFD044650B1E7
:10B04000DDED037A029B7B60F1EE677A049BC7ED2E
:10B05000007ABB60012414490622484626F0F9FC18
:10B06000A0B1124BDDED076A93ED007ADDED057AB4
:10B07000C6ED026A46EEC77A44F002049DED067AF8
:10B08000C6ED017AB1EE477A86ED007A204609B026
:10B09000BDE8F08F1024F9E7455A0300400700206F
:10B0A0003C0700203F5A0300395A0300C4360020F1
:10B0B00008B508200EF042FD48B1094B4361094B29
:10B0C000836103230374002343748374C3740649A8
:10B0D00000234FF4C25224F04AFF4FF0FF3008BD66
:10B0E0008B580300AF5903009C24030013B50022C2
:10B0F0002B4B01937C21104623F09AF804464FF421
:10B10000E17022F0C2FF09224021002023F090F8D4
:10B11000042204437D21002023F08AF80122044305
:10B120002F21002023F084F804230DEB03020443B5
:10B130003C21002003F040FE002204435821104629
:10B1400023F076F80C2253210443002023F070F8FA
:10B150000443372022F09BFF40225621002023F099
:10B1600067F8012204437C21002023F061F80443A6
:10B1700013D008200EF0E2FC48B10A4B43610A4BA1
:10B18000836103230374002343748374C3740749E6
:10B1900000234FF4C25224F0EAFE332002B010BD67
:10B1A00000E040B88B580300925903009C24030030
:10B1B000154AFF2310B51370144A137000227D2125
:10B1C000104623F035F8012204467C21002023F0AC
:10B1D0002FF8044313D008200EF0B0FC48B10C4BFC
:10B1E00043610C4B83610323037400234374837412
:10B1F000C374094900234FF4C25224F0B8FEBDE8DD
:10B200001040012022F043BFBC0C0020BB0C0020EA
:10B210008B580300F75903009C2403002DE9F743E2
:10B2200021210DF10302002003F00AFE9DF80330F6
:10B2300003F00703012B054600F0848008200EF080
:10B240007DFC48B15E4B43615E4B83610323037415
:10B25000002343748374C37400235B49DFF87C913B
:10B260004FF4C85224F083FEB6227E21002022F043
:10B27000DFFF0446022022F00AFF00227C21104654
:10B2800022F0D6FF044325434FF4E170002422F05E
:10B29000FCFE224659212046ADF8044022F0C8FFAA
:10B2A0002746804663118DF8053001AA02235B21F1
:10B2B00000208DF8047003F07FFD09EB04020646C0
:10B2C00040235E21002003F077FD40340643B4F5AF
:10B2D000005F48EA0608E5D101225921002022F04A
:10B2E000A7FF58EA000012D008200EF027FC40B15A
:10B2F000364B4361364B8361032303744774877471
:10B30000C774314900234FF4C25224F030FE662442
:10B310009DF8033003F00703012B16D108200EF02F
:10B320000DFC48B12B4B4361264B8361032303740F
:10B33000002343748374C374234900234FF4C85219
:10B3400024F015FE35BB002016E0013C17D1082083
:10B350000EF0F4FB40B1204B43611A4B8361032391
:10B36000037444748474C474174900234FF4C252A4
:10B3700024F0FDFD4FF0FF3003B0BDE8F083012065
:10B3800022F085FE0DF103022121002003F058FD7B
:10B390000543BDE708200EF0D1FB48B10B4B4361DC
:10B3A000084B836103230374002343748374C374C1
:10B3B000054900234FF4C25224F0D9FDC3E700BF72
:10B3C000D6580300265A03009C2403008B58030020
:10B3D000135A030024590300065903006B5A030053
:10B3E0002DE9F0432DED048B012283B005460E4676
:10B3F00000204C49F0EE608AB0EE419A03F0A4FCC4
:10B4000000227C21104622F013FF07464FF4E17022
:10B4100022F03BFEFFF702FF044600287FD10246E0
:10B420002F2122F005FF0DF1070281463C21204625
:10B4300003F006FD9DF807305B00DBB2804643F366
:10B4400046008DF80730F5F7F5F8374B0022F5F791
:10B450005BF9F5F731FC59EA080808EE100A12D03A
:10B4600008200EF06BFB40B1304B4361304B8361E1
:10B470000323037444748474C4742E4900234FF46A
:10B48000C25224F074FDBDEEC88A2B4B2B4AB8EE95
:10B49000C88A412183ED008AFF231370284A137064
:10B4A000284B00201A7822F0C3FE274B04461A7856
:10B4B0004321002022F0BCFEF0EE490AB0EE680AFB
:10B4C000044331462846FFF759FB3C43002204431E
:10B4D0004821104622F0ACFEC0220443492100203E
:10B4E00022F0A6FE044313D008200EF027FB48B13B
:10B4F0000E4B4361154B8361032303740023437494
:10B500008374C3740B4900234FF4C25224F02FFDFF
:10B5100004EAE47003B0BDEC048BBDE8F0834FF0A7
:10B52000FF30F7E7809698000000603F8B580300DB
:10B53000045A03009C240300C4360020BC0C0020E5
:10B54000BB0C0020BD0C0020985B0020305A03008B
:10B550002DE9F04FDFF87CB2DFF87CA29BF8008089
:10B560009AF8007085B04FF48073B6227E210446AD
:10B570000020ADF80C3022F05BFE8146022022F064
:10B5800086FD00210DF10B02084603F059FC06462A
:10B59000C82022F07AFD00227C21104622F048FECD
:10B5A00000904FF4E17022F070FDFFF737FE054682
:10B5B000002840F0FE808022772122F039FE009B97
:10B5C00046EA09061E4304227D210643284622F04E
:10B5D0002FFE0643022022F05AFD0422692128464C
:10B5E00022F026FE012206432F21284622F020FECB
:10B5F0000223064303AA3221284603F0DDFB022280
:10B6000006437E21284622F013FE0643C82022F07E
:10B610003EFD0DF10A026921002003F011FC9DF8A6
:10B620000A30042B46EA0006F0D000222F211046F3
:10B6300022F0FEFD0DF10A0205463821002003F03C
:10B64000FFFB054335439DF80A60002E4ED00820CD
:10B650000EF074FA40B1584BC0E905360323037469
:10B66000002343748374C374002354494FF4C652B7
:10B6700024F07DFC9DF80A30032B11D106200EF03A
:10B680005DFA38B14E4B43610223037400234374C7
:10B690008374C374494900234FF4865224F067FC35
:10B6A00000232370B6227E21002022F0C1FD054335
:10B6B000022022F0ECFC002108460DF10B0203F001
:10B6C000BFFB0543C82022F0E0FC9FED3E1A00219D
:10B6D0000846F0EE410AB0EE410AFFF781FEB8F1EC
:10B6E000000F28D17FBB08233A463AE00323621CAF
:10B6F0007821304603F04AFB6278A37894F80390EF
:10B70000019205430A2000930EF018FA58B1009BED
:10B710002D49019A4161C0E907390523826103740B
:10B7200046748674C674002324494FF4235224F0CF
:10B730001EFC0123B5E748F0A0024021002022F0C2
:10B7400077FD05439FB347F0E0024221002022F03D
:10B750006FFDB8F1000F45EA00050CBF08230C236C
:10B7600002221A437D21002022F062FD28438BF83B
:10B7700000808AF8007013D008200EF0DFF948B17D
:10B78000124B4361124B8361032303740023437400
:10B790008374C374094900234FF4C25224F0E7FBB9
:10B7A0002078B0FA80F0400905B0BDE8F08F0C2396
:10B7B0009AE74FF0FF30F7E7395903009C24030064
:10B7C00052590300000000006D5903008B5803001C
:10B7D0008A590300BC0C0020BB0C00204FF08343AF
:10B7E0000360014B0B6070470000FA4413B5062359
:10B7F00004466A461F21002003F0C8FA98B10820C9
:10B800000EF09CF948B1144B4361144B8361032340
:10B810000374002343748374C374114900234FF4E9
:10B82000C25224F0A4FB9FED0F7A6A46204604F131
:10B830000C011478537843EA04231BB207EE903AC4
:10B84000F8EEE77A023267EE877AE0EC017A81421D
:10B85000EFD102B010BD00BF8B580300A47A0300E3
:10B86000B42403000000003A13B5062304466A46D8
:10B870002521002003F08AFA98B108200EF05EF925
:10B8800048B1144B4361144B8361032303740023B9
:10B8900043748374C374114900234FF4C25224F0DB
:10B8A00066FB9FED0F7A6A46204604F10C0114787E
:10B8B000537843EA04231BB207EE903AF8EEE77A96
:10B8C000023267EE877AE0EC017A8142EFD102B072
:10B8D00010BD00BF8B580300967A0300B424030008
:10B8E00000007A3D2DE9FF410025884602230746E6
:10B8F00003AA2E212846ADF80C5003F047FABDF8F4
:10B900000C305BBA9BB207EE903A264BF8EEE77A22
:10B9100093ED007A47EE877A0646FCEEE77A17EE5B
:10B92000903A9CB21423B8FBF3F8444514D908208C
:10B930000EF004F948B11C4B4361A4EB0804032347
:10B940008461037445748574C574184900234FF4E9
:10B95000C45224F00CFB444604EB840314229B00E5
:10B9600000929BB23A463021002003F0A7FA304300
:10B9700013D008200EF0E2F848B10D4B43610D4B97
:10B98000836103230374002343748374C3740749DE
:10B9900000234FF4C25224F0EAFA204604B0BDE876
:10B9A000F08100BFC8360020A3580300B424030070
:10B9B0008B580300B37A03002DE9F04700EB8000B9
:10B9C0008400A4B21F460B5D7E2B884616466BD8BA
:10B9D00004F10109894406223449484626F039F821
:10B9E0000546E0B104F1110049464044354606F1F0
:10B9F0000C0C4B7810F8012B91F800E01B0412029C
:10BA000043EA0E6302F47042134307EE903AF8EEF5
:10BA1000E77A0231E5EC017AAC45EAD10125E01D77
:10BA200008EB000A21490622504626F012F8A0B37E
:10BA3000113408EB040150463C4607F10C0C4378E6
:10BA400011F8012B90F800E01B04120343EA0E6387
:10BA500092B2134307EE903AF8EEE77A0230E4EC44
:10BA6000017AA445EBD145F00205DFED116A9FEDA7
:10BA7000117A324606F10C03D2ED007A67EEA67A0F
:10BA8000E2EC017AD7ED007A67EE877A9342E7EC31
:10BA9000017AF1D12846BDE8F087044906224846DC
:10BAA00025F0D7FF0028E0D11025F3E7E67A030060
:10BAB0000000003200007A3508B508200EF03EF88C
:10BAC00048B1094B4361094B83610323037400238D
:10BAD00043748374C374064900234FF4C25224F0A4
:10BAE00046FA4FF0FF3008BD8B580300887A0300F8
:10BAF000B424030013B50223044601AA1D2100202B
:10BB000003F044F918B1FFF7D7FF02B010BDBDF83C
:10BB10000430DFED086ADBBA07EE903AF8EEE77A18
:10BB200087EEA67AF3EE097A77EE277AC4ED007AEB
:10BB3000EBE700BFE17A044310B508200DF0FEFFEB
:10BB400048B1094B4361094B83610323037400230C
:10BB500043748374C374BDE81040054900234FF457
:10BB6000C25224F004BA00BF8B580300797A030054
:10BB7000B42403002DE9F0472DED028B824BB5EE86
:10BB8000C00AF1EE10FA93ED007A07460E4640F235
:10BB9000C380DFED7E7AB4EE670AF1EE10FA00F0B2
:10BBA000BB8060EE077ADFED7A6A7A4A67EEA67AA2
:10BBB0000123FDEEE77A104632F8021F002900F05B
:10BBC0009E8017EE904AA14200F3998001330D2B1D
:10BBD000F2D14FF000080322F5EEC00AF1EE10FAA0
:10BBE000C0EE078A40F2AA80DFED687AF4EE670AB9
:10BBF000F1EE10FA00F0A78060EE877ADFED646A5C
:10BC0000644967EEA67A0123FDEEE77A0D4631F826
:10BC1000020F002800F0868017EE904AA04200F341
:10BC2000818001330D2BF2D100240321DFF884A1A0
:10BC3000DFF884919AF80030434580EE878A04D17A
:10BC400099F80000A04200F09C80FF2B14D099F8D6
:10BC50000000FF2810D0003B18BF0123B8F10005F9
:10BC600018BF0125AB4207D1003818BF0120231EA1
:10BC700018BF0123984269D042EA810200204E2178
:10BC800022F0D6FA0546FA2025F08BFD42465021D7
:10BC900000208AF8008089F8004022F0C9FA224684
:10BCA00005434F21002022F0C3FA054313D008209A
:10BCB0000DF044FF48B1384B4361384B8361032397
:10BCC0000374002343748374C374354900234FF411
:10BCD000C25224F04CF9F5EE408AF1EE10FAC7EDAD
:10BCE000008AB5EE408A86ED008A31D1F1EE10FA75
:10BCF00037D02C4B93ED007AC7EE087A39E0013B40
:10BD0000294A12F8038030F8133007EE903AF8EE23
:10BD1000E77A87EEA60A5EE79FED240A4FF0000857
:10BD2000012259E7013B2049CC5C35F8133007EE7E
:10BD3000903AF8EEE77AC7EEA68A76E70024214625
:10BD4000DFED1A0A72E700240121F9E700259DE7DB
:10BD5000F1EE10FA05D1134B93ED007AC7EE287A75
:10BD600007E0F4EEC88AF1EE10FAF4D4C1DCDFED9E
:10BD70000F7A0F4B0020C3ED007ABDEC028BBDE8BB
:10BD8000F0870120F9E700BF480700200000807F0E
:10BD90000000FA46723F03008B580300C17A03008B
:10BDA000B424030044070020F57A030000000000DB
:10BDB000C8360020BF0C0020BE0C002013B52D217A
:10BDC0000DF10702002003F03BF800220446652134
:10BDD000104622F02DFA272204435021002022F0A1
:10BDE00027FA022204434E21002022F021FA0022E9
:10BDF0004D210443104622F01BFA0443012022F097
:10BE000083F904227621002022F012FA082204434A
:10BE10004A21002022F00CFA082204434B21002082
:10BE200022F006FA08224C210443002022F000FAF6
:10BE30000443012022F068F900227621104622F006
:10BE4000F7F9072266210443002022F0F1F90443A8
:10BE5000322022F059F901225721002022F0E8F97E
:10BE6000044313D008200DF069FE48B1094B43612B
:10BE7000094B836103230374002343748374C374E5
:10BE8000064900234FF4C25224F071F8332002B067
:10BE900010BD00BF8B5803006B7A0300B42403006D
:10BEA000F8B500222DED048B06460F4610463C499E
:10BEB000B0EE408AF0EE608AB0EE419A02F044FFA4
:10BEC0009FED387ADFED387A384B002808BFF0EE66
:10BED000477AC3ED007A40231A464C21002002F035
:10BEE000C5FFB5EEC08AF1EE10FA044621DD9FEDE4
:10BEF000307A304BC8EE077A012276210020C3ED5C
:10BF0000007A22F095F9042205467B21002022F0D8
:10BF10008FF9002205437621104622F089F9254346
:10BF2000042305431A464D21002002F09FFF45EAF5
:10BF30000004214AFF231370204AF0EE490AB0EEB4
:10BF4000680A394630461370FFF714FE0443012097
:10BF500022F0DAF810225F21002022F069F9402255
:10BF600004431621002022F063F9044313D0082073
:10BF70000DF0E4FD48B1124B4361124B8361032382
:10BF80000374002343748374C3740F4900234FF474
:10BF9000C25223F0ECFFBDEC048B04EAE470F8BD60
:10BFA00000366E0117B7D138A69B443A44070020EB
:10BFB0000000FA4648070020BF0C0020BE0C0020FD
:10BFC0008B580300DD7A0300B4240300124A08B53D
:10BFD000FF231370114A112113700020012222F057
:10BFE00027F998B108200DF0A9FD48B10C4B436129
:10BFF0000C4B836103230374002343748374C37461
:10C00000094900234FF4C25223F0B1FFBDE80840B4
:10C01000012022F079B800BFBF0C0020BE0C002028
:10C020008B580300D07A0300B42403004FF08443FC
:10C030000360014B0B60704700007A457FB5192102
:10C040000DF10702002002F0FBFE0022044616213B
:10C05000104622F0EDF8282204431B21002022F094
:10C06000E7F8022204431021002022F0E1F8002525
:10C0700048F2A5130443ADF8083002AA03237C213B
:10C0800028468DF80A5002F097FE0826174B0293B7
:10C09000044305230DEB06027C2128468DF80C6035
:10C0A00002F08AFE142204432321284622F0C0F81D
:10C0B0000E2204431721284622F0BAF8044312D076
:10C0C00030460DF03BFD40B1094B4361094B8361A4
:10C0D0000323037445748574C574074900234FF422
:10C0E000C25223F044FF332004B070BDA27E080882
:10C0F0008B5803000B7D0300BC24030013B5002103
:10C10000044606236A46084602F040FE98B108201D
:10C110000DF014FD48B1144B4361144B83610323AC
:10C120000374002343748374C374114900234FF4D0
:10C13000C25223F01CFF9FED0F7A6A46204604F19D
:10C140000C011478537843EA04231BB207EE903AAB
:10C15000F8EEE77A023267EE877AE0EC017A814204
:10C16000EFD102B010BD00BF8B5803004C7D03001F
:10C17000BC2403000000003A13B5062304466A46B7
:10C180001946002002F002FE98B108200DF0D6FCFE
:10C1900048B1144B4361144B8361032303740023A0
:10C1A00043748374C374114900234FF4C25223F0C3
:10C1B000DEFE9FED0F7A6A46204604F10C011478EA
:10C1C000537843EA04231BB207EE903AF8EEE77A7D
:10C1D000023267EE877AE0EC017A8142EFD102B059
:10C1E00010BD00BF8B5803003C7D0300BC2403003E
:10C1F00000007A3D2DE9F04700EB80008400A4B2F6
:10C200001F460B5D702B884616460CD13E4B1B68B3
:10C21000002B77D0601CDB690899404498470C25B7
:10C220002846BDE8F087782B01D01025F8E704F107
:10C230000109894406223549484625F00AFC05468D
:10C24000E0B104F1110049464044354606F10C0CBA
:10C250004B7810F8012B91F800E01B04120243EA1E
:10C260000E6302F47042134307EE903AF8EEE77A59
:10C270000231E5EC017AAC45EAD10125E01D08EB7D
:10C28000000A22490622504625F0E3FB90B3113400
:10C2900008EB040150463C4607F10C0C437811F8BA
:10C2A000012B90F800E01B04120343EA0E6392B2E4
:10C2B000134307EE903AF8EEE77A0230E4EC017AA5
:10C2C000A445EBD145F00205DFED116A9FED117A2F
:10C2D000324606F10C03D2ED007A67EEA67AE2EC64
:10C2E000017AD7ED007A67EE877A9342E7EC017A1C
:10C2F000F1D195E705490622484625F0AAFB00281A
:10C30000E2D192E708258BE7CC360020887D030038
:10C31000000080320000FA3510B508200DF00EFC48
:10C3200048B1094B4361094B836103230374002324
:10C3300043748374C374BDE81040054900234FF46F
:10C34000C25223F014BE00BF8B5803001B7D0300B4
:10C35000BC24030008B508200DF0F0FB48B1094BE0
:10C360004361094B83610323037400234374837483
:10C37000C374064900234FF4C25223F0F8FD4FF076
:10C38000FF3008BD8B5803002C7D0300BC24030044
:10C390002DE9F0472DED028B834BB5EEC00AF1EE8F
:10C3A00010FA93ED007A07460E4640F2C580DFEDA5
:10C3B0007F7AB4EE670AF1EE10FA00F0BD8060EE0D
:10C3C000077ADFED7B6A7B4A67EEA67A0123FDEEF2
:10C3D000E77A104632F8021F002900F0A08017EE1D
:10C3E000904AA14200F39B8001330B2BF2D14FF016
:10C3F00000080322F5EEC00AF1EE10FAC0EE078A3B
:10C4000040F2AC80DFED697AF4EE670AF1EE10FAE3
:10C4100000F0A98060EE877ADFED656A654967EE16
:10C42000A67A0123FDEEE77A0D4631F8020F0028C7
:10C4300000F0888017EE904AA04200F38380013319
:10C440000B2BF2D100240321DFF888A1DFF88891BB
:10C450009AF80030434580EE878A04D199F80000AD
:10C46000A04200F09E80FF2B14D099F80000FF2816
:10C4700010D0003B18BF0123B8F1000518BF0125FB
:10C48000AB4207D1003818BF0120231E18BF01237B
:10C4900098426BD042EA81020020102121F0C8FEB0
:10C4A0000546FA2025F07DF948F010021B210020F6
:10C4B0008AF8008089F8004021F0BAFE44F01002AA
:10C4C00005431C21002021F0B3FE054313D00820B2
:10C4D0000DF034FB48B1384B4361384B8361032383
:10C4E0000374002343748374C374354900234FF4E9
:10C4F000C25223F03CFDF5EE408AF1EE10FAC7ED92
:10C50000008AB5EE408A86ED008A31D1F1EE10FA4C
:10C5100037D02C4B93ED007AC7EE087A39E0013B17
:10C52000294A12F8038030F8133007EE903AF8EEFB
:10C53000E77A87EEA60A5CE79FED240A4FF0000831
:10C54000012257E7013B2049CC5C35F8133007EE58
:10C55000903AF8EEE77AC7EEA60A74E7002421467F
:10C56000DFED1A0A70E700240121F9E700259BE7B7
:10C57000F1EE10FA05D1134B93ED007AC7EE287A4D
:10C5800007E0F4EEC88AF1EE10FAF4D4C1DCDFED76
:10C590000F7A0F4B0020C3ED007ABDEC028BBDE893
:10C5A000F0870120F9E700BF500700200000807FDE
:10C5B0000000C8458C3F03008B5803005D7D0300DD
:10C5C000BC2403004C070020977D030000000000FE
:10C5D000D0360020C10C0020C00C0020F0B52DED9D
:10C5E000048B002283B005460E4610464E49B0EE3D
:10C5F000408AF0EE608AB0EE419A02F0A5FBDFEDD2
:10C600004B7A9FED4B7A4B4B0028B5EEC08A08BFA2
:10C61000F0EE477AF1EE10FAC3ED007A40F3818034
:10C620009FED457A454BC8EE077A0622312100205E
:10C63000C3ED007A21F0FCFD202304461A46262192
:10C64000002002F013FC044343F6A023ADF80430AD
:10C65000912301AA7C218DF806300020032302F0EB
:10C66000ABFB0443042021F090FD3B238DF8053003
:10C67000242301AA7C218DF806300020032302F038
:10C680009BFB0443042021F080FD46F2A27301AA23
:10C690007C21ADF804300227032300208DF80670BA
:10C6A00002F08AFB0443042021F06FFD244AFF239B
:10C6B0001370244AF0EE490AB0EE680A3146284663
:10C6C0001370FFF765FE872204431D21002021F02F
:10C6D000AFFD0F2204432121002021F0A9FD3A469D
:10C6E00004431821002021F0A3FD044313D00820A7
:10C6F0000DF024FA48B1144B4361144B83610323BA
:10C700000374002343748374C374114900234FF4EA
:10C71000C25223F02CFC04EAE47003B0BDEC048B9D
:10C72000F0BD002490E700BF00366E01A69B443A9E
:10C7300017B7D1384C0700200000FA4650070020F8
:10C74000C10C0020C00C00208B5803007D7D03002D
:10C75000BC240300334AFF232DE9F3411370324A0E
:10C76000324E13707F210222002021F061FD304AF9
:10C77000304F314D00231370304A1370304A044655
:10C7800013700DF107021921002002F059FB044338
:10C7900020D008200DF0D2F948B12A4B4361254B37
:10C7A000836103230374002343748374C374224995
:10C7B00000234FF4C25223F0DAFB08200DF0BEF93B
:10C7C00028BB1D4900234FF4C25223F0D0FB02B016
:10C7D000BDE8F0819DF90730002BF8DB0A2021F03D
:10C7E000D4FC08209DF807800DF0A8F940B1C0E9FD
:10C7F00005670423C0F81C80037444748474C474F3
:10C8000000234FF40452294623F0B1FBB9E70E4B45
:10C810004361084B836103230374002343748374CF
:10C82000C374CEE7C10C0020C00C0020327B030093
:10C830009B5B00206E7D0300BC2403009A5B0020FC
:10C84000995B0020017B03008B580300F7B5164667
:10C850001C46BBB908200DF071F940B11A4B436179
:10C860001A4B83610323037444748474C474184999
:10C8700000234FF4C25223F07AFB4FF0FF352846D5
:10C8800003B0F0BD17468DF8040017F8013B8DF892
:10C8900005108DF8063001AA03237C21002002F048
:10C8A0008BFA0546042021F070FC2644B742E6D0FE
:10C8B00017F8012B7E21002021F0BAFC054304204B
:10C8C00021F063FCF2E700BF607B0300FA7C030009
:10C8D000BC24030073B515461C46BBB908200DF0F7
:10C8E0002DF940B1174B4361174B83610323037448
:10C8F00044748474C474154900234FF4C25223F065
:10C9000036FB4FF0FF36304602B070BD8DF80400A4
:10C910008DF80510022301AA7C21002002F04CFAB8
:10C920000646042021F031FC2C442A467E210020BA
:10C9300002F086FA01350643042021F026FCA542C8
:10C94000F3D1E0E77C7B0300EA7C0300BC24030016
:10C950002DE9F043002485B0022307460D4602AAC4
:10C9600019212046ADF8084002F010FA4C4B196826
:10C97000064619B19DF809309A0665D44FF00009B2
:10C980009DF808309B075BD54FF00008022303AAEF
:10C9900012214046ADF80C8002F0F8F9BDF80C30D9
:10C9A0005BBA9BB207EE903A3E4BF8EEE77A93ED16
:10C9B000007A47EE877A0643FCEEE77A17EE903A64
:10C9C0009CB21423B5FBF3F5AC4216D908200DF048
:10C9D000B5F858B1344B4361641B0323846103747D
:10C9E00080F8118080F8128080F813802F4900238E
:10C9F0004FF4C45223F0BBFA2C4604EB84031421F9
:10CA00009B009BB200913A46002002F057FA304357
:10CA100013D008200DF092F848B1254B4361254B07
:10CA2000836103230374002343748374C3741F4915
:10CA300000234FF4C25223F09AFA4C441FFA84F9AF
:10CA4000484605B0BDE8F083132D15D93A4670234A
:10CA500002F8013B91F8223091F8210003F11B010B
:10CA6000C9B20344A220FFF735FF143D0643143733
:10CA7000ADB24FF0010983E708200DF05FF838B13F
:10CA80000D4B4474C0E90535032303748474C474E6
:10CA9000064900234FF4C45223F069FA6EE700BF41
:10CAA000CC360020D0360020A3580300BC2403005D
:10CAB0008B580300A57C0300977B030073B5124ECF
:10CAC0003378834205460C460FD08DF804108DF85C
:10CAD0000500022301AA0E21A220FFF7B7FE10B91C
:10CAE0000A4B35701C7002B070BD084D2B788B421C
:10CAF00007D00A46A2200E2121F049FB0028F2D1DE
:10CB00002C700020EFE700BF9A5B0020995B0020AB
:10CB1000F7B5414B1F78022F04460E46154614D038
:10CB200008200DF00BF850B13C4B43613C4BC0E981
:10CB3000063704230374002343748374C374394990
:10CB400000234FF4015223F012FA062D17D90820C2
:10CB50000CF0F4FF48B1344B4361314B8361032344
:10CB60000374002343748374C37400234FF4C252CC
:10CB70002C4923F0FCF94FF0FF3003B0F0BD2B4BF4
:10CB800020461978FFF79AFF2B4604463246332198
:10CB9000A220FFF75BFEA5F180020443D2B206217A
:10CBA000A22021F0F4FA012204431621A22021F050
:10CBB000EEFA002304438DF806300DF10602182129
:10CBC000A22021F0EFFA9DF8065015F0010644EA84
:10CBD0000004F2D1022D11D008200CF0AFFF48B1B3
:10CBE000134B43610E4B4674C0E9063504230374AE
:10CBF0008674C67400234FF40152B9E70DF10702A1
:10CC00001A21A22021F0CEFA9DF80730DB0740EA76
:10CC10000400B0D4B1E700BF9B5B0020CE7B0300D3
:10CC2000DA7C0300BC240300067C0300995B00202F
:10CC30001C7C03002DE9F341012A089E04460F469F
:10CC40001D4602D1731E0E2B18D908200CF076FF5A
:10CC500048B13F4B43613F4B83610323037400237F
:10CC600043748374C37400234FF4C2523A4923F0CF
:10CC70007EF94FF0FF3002B0BDE8F081374B93F8FA
:10CC80000080B8F1020F14D008200CF057FF50B10B
:10CC9000334B43612F4BC0E9063804230374002350
:10CCA00043748374C3742C4900234FF4015223F05E
:10CCB0005EF939782046FFF701FFA6F170020446BD
:10CCC000D2B20621A22021F062FA012204431621E9
:10CCD000A22021F05CFA002304438DF806300DF108
:10CCE00006021821A22021F05DFA9DF8067017F0C7
:10CCF000010844EA0004F2D1022F14D008200CF0FD
:10CD00001DFF60B1174B4361124B80F81180C0E9E1
:10CD100006370423037480F8128080F81380002300
:10CD20004FF40152A2E70DF107021A21A22021F0CF
:10CD300039FA9DF80730DB0744EA000499D43346FA
:10CD40002A461B21A220FFF7C5FD204393E700BF21
:10CD5000317C0300C57C0300BC2403009B5B0020E6
:10CD60004C7C03001C7C03002DE9F041504B17461E
:10CD700000228AB0054688461A6004282ED8DFE8CB
:10CD800000F00320222D310001223021002021F06B
:10CD90004FFA044614B308200CF0D0FE50B1454BB6
:10CDA0004361454BC0E906340423037400234374F4
:10CDB0008374C374414900234FF4015223F0D7F820
:10CDC0001BE01B22E1E717223021002021F030FA7E
:10CDD00004460028DFD13A4801F0CCFF394B00244B
:10CDE0001D700AE091F82140196091F822301C442E
:10CDF000E4B20F2C05D94FF0FF3420460AB0BDE84D
:10CE0000F08117223021002021F012FA98F8231027
:10CE100006463846FFF752FE44F0900206430621CC
:10CE2000A22021F0B4F9402206431621A22021F0CD
:10CE3000AEF9DFF894C0674640EA06040FCF02AEB1
:10CE40000FC697E80F0086E80F00DCF82000DCF83A
:10CE500024106B4603C3D8F80C309847002602AB69
:10CE6000F3EC017AF4EEC07AF1EE10FA02D9013651
:10CE7000082EF5D102227421A22021F088F906F1B2
:10CE800028030DEB0306044316F8282CD20042F0C9
:10CE9000400202F0F8022721002021F0C9F92022E7
:10CEA00004431721002021F0C3F9044372E700BFB7
:10CEB000CC360020897C0300B57C0300BC24030031
:10CEC000F42903009B5B0020F426030030B5C0EB7F
:10CED000C00080B20C5CE408012C1CD0022C35D1BF
:10CEE00001301B4C014402F10C004D7811F8023B5B
:10CEF00043EA05231BB207EE903AF8EEE77A60EDBD
:10CF0000017A94ED007A67EE277A8242C0ED007ACA
:10CF1000EBD1012030BD01300E4C014403F10C0077
:10CF20004D7811F8022B42EA052212B207EE902A40
:10CF3000F8EEE77AC3ED007A94ED007A67EE277A8F
:10CF4000E3EC017A9842EBD10220E3E71020E1E71D
:10CF5000600700205C07002037B5062304466A46B8
:10CF60002821002001F012FF98B108200CF0E6FD06
:10CF700048B1154B4361154B8361032303740023B0
:10CF800043748374C374124900234FF4C25222F0D5
:10CF9000EEFF10486A4604F10C01557812F8023B86
:10CFA00043EA05231BB207EE903AF8EEE77A61ED0B
:10CFB000017A90ED007A67EE277A8C42C1ED007A13
:10CFC000EBD103B030BD00BF8B580300A17D03003F
:10CFD000C424030060070020B5EEC00AF1EE10FA89
:10CFE00010B5F5EEC00A75D4F2EE007AF1EE10FA43
:10CFF000B4EEE70A48BFDFED3B0AF1EE10FA5DD868
:10D00000F1EE007AB4EEE70AF1EE10FA58D8F0EE3D
:10D01000007AB4EEE70AF1EE10FA53D8B5EEC00A82
:10D02000F1EE10FA0CD904232F4A013BD45C2F4AAD
:10D0300014702F4A32F8133000EE103AB8EE400A5E
:10D04000DFED2C7AF4EEE70AF1EE10FA3CD8DFEDD2
:10D050002A7AF4EEE70AF1EE10FA37D8DFED277AF4
:10D06000F4EEE70AF1EE10FA32D8F5EEC00AF1EE6E
:10D0700010FA0CD90423224A013BD45C214A1470D3
:10D08000214A32F8133000EE903AF8EE600ADFEDF4
:10D090001F7A1F4BDFED1F6A60EE277AC3ED007A1F
:10D0A000DFED1D7A1D4B60EEA77A87EEA67A83ED41
:10D0B000007A80ED000AC1ED000A10BD0123B3E73C
:10D0C0000223B1E70323AFE70123D4E70223D2E72A
:10D0D0000323D0E7F1EE10FA9FED020AB0D5F0EE8F
:10D0E000400AD4E7000000002E7E0300C30C00209D
:10D0F000C23F030000007A440000FA4300007A4374
:10D100002A7E0300C20C0020B83F03000000003854
:10D11000600700200024744900000C425C070020D6
:10D1200030B5C0EBC00080B20C5C013004BB1E4CBB
:10D130002478012C02D11D4C2478DCB11C4C014414
:10D1400003F10C004D7811F8022B42EA052212B2CD
:10D1500007EE902AF8EEE77AC3ED007A94ED007AB4
:10D1600067EE277AE3EC017A9842EBD1022030BDDA
:10D17000012CE0D10F4C014402F10C004D7811F864
:10D18000023B43EA05231BB207EE903AF8EEE77A3A
:10D19000C2ED007A94ED007A67EE277AE2EC017A2C
:10D1A0009042EBD10120E2E79D5B00209C5B0020D8
:10D1B0005C070020600700202DE9F04F2DED028B69
:10D1C000B5EEC00A85B0F1EE10FACDE90101F0EE3E
:10D1D000408AB0EE608A3CD9DFED9E7AB4EE670AF1
:10D1E000F1EE10FA35D09FED9C7A9C4A60EE077AFA
:10D1F0000123FDEEE77A104632F8021FE9B117EE7F
:10D20000904AA14219DC01330B2BF5D10023B5EE76
:10D21000C08AF1EE10FA40F2FB80DFED8E7AB4EEB8
:10D22000678AF1EE10FA18D18D4A92F800804027F3
:10D230004FF080099FED8B8A28E05A1E8A4B9B5C39
:10D2400030F8122007EE902AF8EEE77AC7EE878AC8
:10D25000DDE7DFED848A0023D9E79FED7F7A7F4900
:10D2600068EE077A0122FDEEE77A0C4631F8020FEC
:10D27000002800F0BF8017EE905AA84200F3BA8051
:10D2800001320B2AF2D10027B846B946DFF8F8B1CF
:10D2900073489BF80020DFF8F4E1DFF8F4C15AB9D5
:10D2A0009EF800204A4507D19CF800209A4203D1FD
:10D2B0000278424500F0CB8043459A4638BFC246CB
:10D2C000AAEB0805C5F30715052D00F2A580012D71
:10D2D0008CBF02350135EDB2AAEB0304C4F3071489
:10D2E000052C00F29B80012C8CBF02340134E4B287
:10D2F000F4EEC88AF1EE10FA40F19280F5EE408A21
:10D30000F1EE10FA14BFC8EE287A01214FF00002A6
:10D310001FBFB6EE007A77EE877AFCEEE77ACDEDA6
:10D32000037A18BF9DF80C1080F800804F488CF8E5
:10D33000003002704E4A8EF8009011704D4A1278FB
:10D3400000261A43102130468BF8006020F070FF51
:10D35000324683461521304620F06AFF464B1A7844
:10D360004BEA000B48EA02021121304620F060FF30
:10D370004A464BEA00081621304620F059FF3A464B
:10D3800048EA00081321304620F052FF44EAC50263
:10D3900048EA0008D2B20821304620F049FF4FEA9F
:10D3A0005A0248EA000442F006020A21304620F000
:10D3B0003FFF044312D008200CF0C0FB40B12F4BBC
:10D3C00043612F4B83610323037446748674C674D0
:10D3D0002C4900234FF4C25222F0C9FD019BC3ED3A
:10D3E000008A029B002083ED008A05B0BDEC028B11
:10D3F000BDE8F08F013A1C4911F8028034F8122080
:10D4000007EE902AF8EEE77A002787EE878A3CE756
:10D410000027B846B9460DE700255DE7002467E719
:10D42000B5EE408AF1EE10FA14BFC8EE887A0121F9
:10D430004FF001021FBFB6EE007A77EE877AFCEE5E
:10D44000E77ACDED037A18BF9DF80C106CE7012048
:10D45000CBE700BF0000807F00409C46A23F030056
:10D46000C60C002000000000207E03009C5B002012
:10D470009D5B0020C30C0020C20C00208B580300D1
:10D48000F87D0300EC240300C90C0020C80C002028
:10D49000C70C002070B500222DED028B05460E460C
:10D4A00010462549B0EE608AF0EE418A01F04CFC4E
:10D4B00074221221002020F0BBFE044698B10820FF
:10D4C0000CF03CFB48B11D4B43611D4B83610323B2
:10D4D0000374002343748374C3741A4900234FF404
:10D4E000C25222F044FD184AFF231370174A3146F6
:10D4F0002846F0EE680AB0EE480A1370FFF75CFEAB
:10D50000044313D008200CF019FB48B10B4B4361C6
:10D510000B4B836103230374002343748374C3742C
:10D52000084900234FF4C25222F021FDBDEC028BCA
:10D5300004EAE47070BD00BF809698008B58030029
:10D540000B7E0300EC240300C70C0020C60C002057
:10D550002DE9F74F002689460223804601AA3A2189
:10D560003046019601F012FC9DF805309DF804400C
:10D570001B0203F4E0631C434FF0030A0727B4FBCC
:10D58000FAF4B9FBF7F7BC42054613D908200CF0B2
:10D59000D5FA40B13B4B4361E41B846180F810A095
:10D5A00046748674C674384900234FF4C45222F07E
:10D5B000DEFC3C46DFF8DCB008F101064FF0000964
:10D5C0004FF0020A4C4518DC9DB108200CF0B6FA69
:10D5D00048B12E4B43612E4B836103230374002318
:10D5E00043748374C374284900234FF4C25222F059
:10D5F000BEFC204603B0BDE8F08F022301AA3C2107
:10D60000002001F0C3FB9DF805309DF804701B025B
:10D6100003F440731F4345EA00080325B7FBF5F503
:10D6200005EB45057D1BADB2DDB106200CF086FA99
:10D6300038B10023C0F814B080F810A0437483748C
:10D64000C374114900234FF4845222F090FC6B0004
:10D6500001AA3E21002001F099FB013C48EA0008A4
:10D66000A4B203233246B7FBF3F73E2106F8017C50
:10D670000623002001F08AFB09F1010948EA0005B0
:10D6800007369FE7A3580300EC2403008B580300E0
:10D69000E67D0300B07D030013B51A4B1A7883189A
:10D6A000013B93FBF2F3034403EB43039BB28DF87E
:10D6B0000430C3F302238DF8053001AA02230621AA
:10D6C000002001F079FB082204460D21002020F003
:10D6D000AFFD044313D008200CF030FA48B10A4BD8
:10D6E00043610A4B836103230374002343748374EF
:10D6F000C374074900234FF4C25222F038FC332090
:10D7000002B010BD9D5B00208B580300D37D030049
:10D71000EC24030010B55C221021002020F088FDCD
:10D72000102204461521002020F082FD74220443BB
:10D730001721002020F07CFD1022044358210020F6
:10D7400020F076FD012204435B21002020F070FDD3
:10D75000044300214FF4C5701DF086FF902258212C
:10D76000002020F065FD202204435E21002020F0EF
:10D770005FFD302204431221002020F059FD0443B4
:10D7800013D008200CF0DAF948B1094B4361094B7A
:10D79000836103230374002343748374C3740649B1
:10D7A00000234FF4C25222F0E2FB332010BD00BF31
:10D7B0008B580300C17D0300EC240300B5EEC00AC2
:10D7C000F1EE10FA10B5F5EEC00A75D4F2EE007A5B
:10D7D000F1EE10FAB4EEE70A48BFDFED3B0AF1EED6
:10D7E00010FA5DD8F1EE007AB4EEE70AF1EE10FA25
:10D7F00058D8F0EE007AB4EEE70AF1EE10FA53D8FA
:10D80000B5EEC00AF1EE10FA0CD904232F4A013B01
:10D81000D45C2F4A14702F4A32F8133000EE103ABD
:10D82000B8EE400ADFED2C7AF4EEE70AF1EE10FADA
:10D830003CD8DFED2A7AF4EEE70AF1EE10FA37D899
:10D84000DFED277AF4EEE70AF1EE10FA32D8F5EEC2
:10D85000C00AF1EE10FA0CD90423224A013BD45C31
:10D86000214A1470214A32F8133000EE903AF8EE53
:10D87000600ADFED1F7A1F4BDFED1F6A60EE277A2B
:10D88000C3ED007ADFED1D7A1D4B60EEA77A87EEBF
:10D89000A67A83ED007A80ED000AC1ED000A10BD82
:10D8A0000123B3E70223B1E70323AFE70123D4E762
:10D8B0000223D2E70323D0E7F1EE10FA9FED020A2C
:10D8C000B0D5F0EE400AD4E7000000009E7E0300D1
:10D8D000C50C0020EC3F030000007A440000FA432E
:10D8E00000007A439A7E0300C40C0020E23F03004C
:10D8F00000000038600700200024744900000C423A
:10D900005C0700202DE9F84F2DED028B714BB5EE31
:10D91000C00AF1EE10FA93ED007A07460E4643D99D
:10D92000DFED6D7AB4EE670AF1EE10FA3CD060EEEE
:10D93000077ADFED6A6A6A4A67EEA67A0123FDEE8E
:10D94000E77A104632F8021F09B317EE904AA14257
:10D950001DDC01330B2BF5D14FF00009F5EEC00AA9
:10D96000F1EE10FAC0EE078A40F2AD80DFED5A7A90
:10D97000F4EE670AF1EE10FA1BD15A4B93F80080CF
:10D980004FF0400A4FF0800BDFED570A2BE0013BD0
:10D99000564A12F8039030F8133007EE903AF8EE3A
:10D9A000E77A87EEA60AD9E79FED4F0A4FF0000904
:10D9B000D4E760EE877ADFED496A494A67EEA67AD6
:10D9C0000123FDEEE77A104632F8021F00296BD0E2
:10D9D00017EE904AA14267DC01330B2BF4D14FF0D4
:10D9E000000AD046D34642483E4B04784149424A59
:10D9F00080EE878A44B90C785C4505D114784C4593
:10DA000002D11C78444563D083F800803B4B82F8F8
:10DA100000901A7881F800B00025057049EA0202EA
:10DA20001021284620F004FC2A46044615212846E9
:10DA300020F0FEFB324B1A78044348EA020211211F
:10DA4000284620F0F5FB5A4604431621284620F0CC
:10DA5000EFFB524604431321284620F0E9FB48EA35
:10DA6000191204430921284620F0E2FB044312D096
:10DA700008200CF063F840B1224B4361224B8361D4
:10DA80000323037445748574C574204900234FF43F
:10DA9000C25222F06CFAC7ED008A002086ED008A9F
:10DAA000BDEC028BBDE8F88F013B104A12F80380F1
:10DAB00030F8133007EE903AF8EEE77A4FF0000AAC
:10DAC000C7EEA60A8EE74FF0000AD046D3465BE7C2
:10DAD0000120E5E7540700200000807F00409C46BD
:10DAE000CC3F0300C60C002000000000907E030025
:10DAF000C90C0020C80C0020C70C0020C50C002059
:10DB0000C40C00208B580300687E0300F42403003B
:10DB1000F0B52DED028B002283B006460F4610466D
:10DB20003349B0EE608AF0EE418A01F00DF97422BB
:10DB30001221002020F07CFB054698B108200BF054
:10DB4000FDFF48B12B4B43612B4B836103230374CF
:10DB5000002343748374C374284900234FF4C252D2
:10DB600022F005FA264AFF231370264A6321137018
:10DB700000200DF1070201F063F99DF90730DFED98
:10DB8000226A07EE103AB8EEC77AF7EE007A47EE4F
:10DB9000267A1E4B04463946F0EE680AB0EE480A73
:10DBA0003046C3ED007AFFF7ADFE062204430A219A
:10DBB000002020F03DFB2C43044313D008200BF041
:10DBC000BDFF48B10B4B43610B4B836103230374CF
:10DBD000002343748374C374084900234FF4C25272
:10DBE00022F0C5F904EAE47003B0BDEC028BF0BD8D
:10DBF000809698008B5803007B7E0300F42403007A
:10DC0000C70C0020C60C0020A69BC43A5407002075
:10DC10002DE9FF4100260C460223804603AA3A2143
:10DC20003046ADF80C6001F0B1F89DF80D309DF86C
:10DC30000C501B0203F440731D430723B4FBF3F4A1
:10DC4000A542074623DCACB2072300934246C4EB4F
:10DC5000C4037821002001F031F9384313D00820A3
:10DC60000BF06CFF48B1144B4361144B83610323E9
:10DC70000374002343748374C374114900234FF465
:10DC8000C25222F074F9204604B0BDE8F0810820A9
:10DC90000BF054FF40B10B4B43612D1B03238561F7
:10DCA000037446748674C674054900234FF4C45245
:10DCB00022F05DF9C8E700BF8B580300567E0300D1
:10DCC000F4240300A358030010B5042838D8DFE873
:10DCD00000F0032C34373A0040220121002020F0CC
:10DCE000A7FA082204461421002020F0A1FA0022FD
:10DCF00004430121104620F09BFA044304B308209A
:10DD00000BF01CFF50B1114B4361114BC0E90634BD
:10DD100004230374002343748374C3740D490023E4
:10DD20004FF4015222F023F90BE0402201210020A0
:10DD300020F07EFA10220446D5E7074801F01AF8D1
:10DD40000024204610BD4FF0FF34FAE7897C030021
:10DD5000327E0300F4240300C02A030010B55C22C5
:10DD60001021002020F064FA102204461521002022
:10DD700020F05EFA802204431421002020F058FA9B
:10DD8000F42204431721002020F052FA1022044309
:10DD90005621002020F04CFA012204435B21002090
:10DDA00020F046FA044300214FF4C5701DF05CFCDE
:10DDB00080225821002020F03BFA202204435E21DB
:10DDC000002020F035FA302204431221002020F0F8
:10DDD0002FFA044313D008200BF0B0FE48B1094BD2
:10DDE0004361094B836103230374002343748374E9
:10DDF000C374064900234FF4C25222F0B8F833200E
:10DE000010BD00BF8B580300447E0300F4240300C0
:10DE1000B5EEC00AF1EE10FA30B5F5EEC00A6AD4DC
:10DE2000F2EE007AF1EE10FAB4EEE70A48BFDFED49
:10DE3000350AF1EE10FA47D8F1EE007AB4EEE70AAF
:10DE4000F1EE10FA42D8F0EE007AB4EEE70AF1EE05
:10DE500010FA3DD8B5EEC00AF1EE10FA0CD9042341
:10DE6000294A013BD45C294A1470294A32F81330FC
:10DE700000EE103AB8EE400A264A0123144632F862
:10DE8000025F07EE905AF8EEE77AF4EEE07AF1EEF0
:10DE900010FA24DB0133072BF1D1DFED1F7A1F4B82
:10DEA000DFED1F6A60EE277AC3ED007ADFED1D7AA1
:10DEB0001D4B60EEA77A87EEA67A83ED007A80ED9F
:10DEC000000AC1ED000A30BD0123C9E70223C7E7FC
:10DED0000323C5E7DFED0B0AB0EE600ACCE7134A77
:10DEE000013BD55C34F81330114A00EE903A1570BE
:10DEF000F8EE600AD1E7F1EE10FAEBD49FED010ADB
:10DF0000BAE700BF000000002C800300CB0C00200B
:10DF10001E4003001040030000000038600700208E
:10DF20000024744900000C425C0700202680030096
:10DF3000CA0C002030B5C0EBC00080B20C5CE40815
:10DF4000012C1CD0022C35D101301B4C014402F1B4
:10DF50000C004D7811F8023B43EA05231BB207EE93
:10DF6000903AF8EEE77AC2ED007A94ED007A67EE27
:10DF7000277AE2EC017A9042EBD1012030BD0130EA
:10DF80000E4C014403F10C004D7811F8022B42EACB
:10DF9000052212B207EE902AF8EEE77AC3ED007A76
:10DFA00094ED007A67EE277AE3EC017A9842EBD1A0
:10DFB0000220E3E71020E1E7600700205C07002073
:10DFC0002DE9F0472DED028B604BB5EEC00AF1EE66
:10DFD00010FA93ED007A80460F463ED9DFED5C7A69
:10DFE000B4EE670AF1EE10FA37D060EE077ADFED93
:10DFF000596A594A67EEA67A0123FDEEE77A104680
:10E0000032F8021FE9B117EE904AA14219DC013340
:10E010000D2BF5D10024F5EEC00AF1EE10FAC0EE9A
:10E02000078A40F28E80DFED4A7AF4EE670AF1EE5D
:10E0300010FA16D1494B1D784FF0040ADFED480A5B
:10E0400028E0013B474AD45C30F8133007EE903AA1
:10E05000F8EEE77A87EEA60ADDE79FED410A002495
:10E06000D9E760EE877ADFED3B6A3B4A67EEA67A36
:10E070000123FDEEE77A104632F8021F002954D042
:10E0800017EE905AA94250DC01330D2BF4D1002534
:10E090004FF0000A3448314B06783449344A80EE58
:10E0A000878A46B90E78564505D11678A64202D120
:10E0B0001E78AE4248D00026067081F800A0147089
:10E0C0001021224630461D7020F0B2F845EA0A12AF
:10E0D00081461121304620F0ABF844EA051249EAA6
:10E0E0000009D2B20921304620F0A2F859EA00090D
:10E0F00012D008200BF022FD40B11E4B43611E4B95
:10E1000083610323037446748674C6741B49002319
:10E110004FF4C25221F02BFFC8ED008A002087ED9A
:10E12000008ABDEC028BBDE8F087013B0D4AD55C4F
:10E1300030F8133007EE903AF8EEE77AC7EEA60A09
:10E14000A6E70025AA4679E70120EAE7580700205C
:10E150000000807F0000F045F63F0300C60C002061
:10E16000000000001A800300C90C0020C80C002029
:10E17000C70C00208B580300ED7F0300FC24030034
:10E180002DE9F04F2DED028B002289B004460E469A
:10E1900010467849B0EE608AF0EE418A00F0D4FD76
:10E1A000754B15211A78002020F042F8734B074672
:10E1B0001A781721002020F03BF8074313D00820DD
:10E1C0000BF0BCFC48B16E4B43616E4B8361032383
:10E1D0000374002343748374C3746B4900234FF4A6
:10E1E000C25221F0C4FE694AFF231370684A03211A
:10E1F00013700020182220F01BF80DF116020546BE
:10E200004F21002000F01CFE9DF91630DFED616A01
:10E2100007EE103AB8EEC77AF7EE007A47EE267AA4
:10E220005D4B05433146F0EE680AB0EE480A2046E1
:10E23000C3ED007AFFF7C4FE3D43054306220A21E1
:10E2400000201FF0F5FF054313D008200BF076FCEB
:10E2500048B14B4B43614B4B836103230374002351
:10E2600043748374C374484900234FF4C25221F0AD
:10E270007EFE00240DF117020F2120468DF8174075
:10E280008DF818408DF819408DF81A408DF81B4014
:10E290008DF81C408DF81D408DF81E408DF81F40F4
:10E2A00000F0CEFD06AA1021204600F0C9FD0DF1B8
:10E2B00019021121204600F0C3FD0DF11A021221AE
:10E2C000204600F0BDFD0DF11B021521204600F097
:10E2D000B7FD07AA1721204600F0B2FD0DF11D027F
:10E2E0000921204600F0ACFD0DF11E020A21204656
:10E2F00000F0A6FD0DF11F020321204600F0A0FD55
:10E300009DF817209DF818309DF81F109DF819B042
:10E310009DF81AA09DF81B909DF81C809DF81D701B
:10E320009DF81E6003921020019302910BF006FCF1
:10E3300090B11A4B4361019B039A02998261C0E933
:10E3400009A9C0E90B87C0E9073B0B23466381633A
:10E35000037444748474C4740B4900234FF4B142B1
:10E3600021F005FE05EAE57009B0BDEC028BBDE8C1
:10E37000F08F00BF80969800CA0C0020CB0C0020C4
:10E380008B58030009800300FC240300C70C002005
:10E39000C60C0020C364AA3A58070020A27E0300DE
:10E3A00037B5062304466A462821002000F0EEFC1B
:10E3B00098B108200BF0C2FB48B1154B4361154BD7
:10E3C000836103230374002343748374C374124969
:10E3D00000234FF4C25221F0CAFD204604F10C0183
:10E3E0000E4C6A46557812F8023B43EA05231BB2ED
:10E3F00007EE903AF8EEE77AC0ED007A94ED007AF5
:10E4000067EE277AE0EC017A8142EBD103B030BDB0
:10E410008B580300D07F0300FC240300600700201A
:10E4200037B5062304466A462221002000F0AEFCE0
:10E4300098B108200BF082FB48B1154B4361154B96
:10E44000836103230374002343748374C3741249E8
:10E4500000234FF4C25221F08AFD204604F10C0142
:10E460000E4C6A46557812F8023B43EA05231BB26C
:10E4700007EE903AF8EEE77AC0ED007A94ED007A74
:10E4800067EE277AE0EC017A8142EBD103B030BD30
:10E490008B580300C27F0300FC2403005C070020AC
:10E4A0002DE9F04F002789B00D460223814607AAC7
:10E4B0001B213846ADF81C7000F068FC9DF91D600A
:10E4C0009DF81C80360206F4407448EA040B0723CA
:10E4D000B5FBF3F5AB4582465C4614D908200BF03A
:10E4E0002DFB48B1494B4361ABEB0503836103232B
:10E4F000037447748774C774454900234FF4C452AA
:10E5000021F035FD2C460723C4EBC40700934A468F
:10E510003B467821002000F0D1FC50EA0A0013D0DD
:10E5200008200BF00BFB48B13A4B43613A4B836137
:10E5300003230374002343748374C3743449002396
:10E540004FF4C25221F013FD344B1D686A1C15F0C4
:10E550003F051A6047D10DF11B020F2128468DF8A7
:10E560001B5000F06DFC602FA8BF60274B4607EBE7
:10E5700009029A423BD1002C3FD0012C99F800B0FF
:10E5800040D0022C99F807A039D099F80E909DF848
:10E590001D209DF81C309DF81B1005921020039340
:10E5A00004910BF0CBFAC0B11D4B04994361039B5E
:10E5B000059A8261C0E9073406F480760C23C0E92D
:10E5C0000A1BC0E90CA9C0E90E5748EA0606037405
:10E5D0000023466243748374C3740D4900234FF4CF
:10E5E000C14221F0C4FC204609B0BDE8F08F13F809
:10E5F000011BFF2908BF0135BBE7A246A3464FF028
:10E600000009C4E74FF0000AF9E700BFA358030070
:10E61000FC2403008B580300DF7F0300D436002066
:10E62000077F030013B51A4B8DF805001A78194BB4
:10E630001B789A4294BF00220122C0F3012343EACF
:10E6400042138DF8043001AA02230B21002000F0B0
:10E65000B3FB402204460D2100201FF0E9FD0443D6
:10E6600013D008200BF06AFA48B10B4B43610B4BF7
:10E67000836103230374002343748374C3740849C0
:10E6800000234FF4C25221F072FC332002B010BDBF
:10E69000C60C0020C70C00208B580300A57F030088
:10E6A000FC24030010B5042817D8DFE800F0031994
:10E6B000211641004022012100201FF0B9FD002257
:10E6C0000446142100201FF0B3FD00220443012161
:10E6D00010461FF0ADFD0443A4B90024204610BD30
:10E6E0004022012100201FF0A3FD10220446E8E78C
:10E6F0005822032100201FF09BFD04460E4800F025
:10E7000039FBE9E708200BF019FA50B10B4B4361D4
:10E710000B4BC0E906340423037400234374837451
:10E72000C374084900234FF4015221F020FCD5E7BF
:10E730004FF0FF34D2E700BFC02A0300897C0300FA
:10E74000897F0300FC24030008B508200BF0F6F9CC
:10E7500048B1094B4361094B8361032303740023D0
:10E7600043748374C374064900234FF4C25221F0EA
:10E77000FEFB4FF0FF3008BD8B580300B47F030051
:10E78000FC2403002DE9F743012A0A9E0746894627
:10E7900090461D4602D1731E072B18D908200BF096
:10E7A000CDF948B14B4B43614B4B83610323037459
:10E7B000002343748374C374484900234FF4C25246
:10E7C00021F0D5FB4FF0FF3003B0BDE8F0834146A8
:10E7D000402200201FF02CFD99F800308DF8053004
:10E7E0007F0066F03F03044647F001078DF80630CE
:10E7F00001AA0323152100208DF8047000F0DCFA33
:10E8000044220443142100201FF012FD002241463F
:10E81000044310461FF00CFD0DF1020204432921B0
:10E82000002000F00DFB002304438DF803301FF09F
:10E83000BCFC10F10A0841F100079DF80330DA072B
:10E840002CD400238DF803301FF0AFFC10F10A0721
:10E8500041F100089DF80330DB072CD44022012150
:10E8600000201FF0E5FC00220746142110461FF08F
:10E87000DFFC274340EA07044FF496701CF030FF9A
:10E8800033462A460221002000F080FA0022044389
:10E89000012110461FF0CCFC204395E71FF085FCBA
:10E8A0004045B941CDDA0DF103021E21002000F0F0
:10E8B000C7FA0443C1E71FF078FCB84271EB0801C6
:10E8C000CCDA0DF103024821002000F0B9FA04432C
:10E8D000C0E700BF317C0300687F0300FC24030015
:10E8E00010B5E222172100201FF0A2FC47220446A7
:10E8F000102100201FF09CFC50220443182100200E
:10E900001FF096FC10220443562100201FF090FCBB
:10E91000042204435B2100201FF08AFC04430021F1
:10E9200040F269101CF0A0FE8022502100201FF050
:10E930007FFC202204435E2100201FF079FC182276
:10E940000443032100201FF073FC044313D008206C
:10E950000BF0F4F848B1094B4361094B8361032381
:10E960000374002343748374C374064900234FF473
:10E97000C25221F0FCFA332010BD00BF8B580300B7
:10E98000977F0300FC240300124A08B5FF2313708D
:10E99000114A12211370002001221FF049FC98B186
:10E9A00008200BF0CBF848B10C4B43610C4B836152
:10E9B00003230374002343748374C374094900233D
:10E9C0004FF4C25221F0D3FA2120BDE808400021C3
:10E9D0001CF04ABEC70C0020C60C00208B58030058
:10E9E000FC7F0300FC240300022A73B505460E4693
:10E9F00017D008200BF0A2F848B1364B4361364BD4
:10EA0000836103230374002343748374C374334901
:10EA100000234FF4C25221F0AAFA4FF0FF3002B0A7
:10EA200070BD4022012100201FF002FC33788DF8D8
:10EA30000530C02304466D008DF8063001AA03237B
:10EA4000152100208DF8045000F0B6F972780443C7
:10EA5000212100201FF0ECFB44220443142100205C
:10EA60001FF0E6FB002304438DF803301FF09DFBED
:10EA700010F10A0641F100059DF90330002B1CDB63
:10EA80000022142110461FF0D3FB05464FF4967068
:10EA90001CF026FE0022012110461FF0C9FB9DF943
:10EAA00003302543002B40EA0500B8DB08200BF0BB
:10EAB00045F80028ABD00A4BA0E71FF076FBB04228
:10EAC000A941DDDA0DF103022221002000F0B8F99E
:10EAD0000443D1E7067C03007B7F0300FC24030092
:10EAE000567F03007FB5194B1C5C012C11D0022C02
:10EAF0001FD044BB164BC3E90012164901234B60DB
:10EB0000154B53F82000224604B0BDE870401FF0BA
:10EB100074BB124B53F8203018689B88CDE9011262
:10EB200002228DF80C2001A922461FF072FB04B0CE
:10EB300070BD0B4B1B6833B10A481B68007804B0EA
:10EB4000BDE8704018474FF0FF30F0E7A85B0020A9
:10EB5000E83600206C0700200C3700200437002026
:10EB6000F8360020A75B002030B51C46254B1D5C05
:10EB7000012D89B01ED0022D31D0002D3FD1224D64
:10EB80002960224901236B604B60214B214D1D60A0
:10EB9000214DDC6055F820500135C3E901521F4A70
:10EBA000022353601E4B53F8200009B0BDE83040EB
:10EBB0001FF023BB1B4B53F8203018689B88CDE90E
:10EBC0000215CDE90524002107228DF810108DF8DB
:10EBD0001C2002A902221FF01CFB09B030BD124B01
:10EBE0001B6863B1187A844284BF104804781048C7
:10EBF00000945C68007813460122A047EDE74FF0CF
:10EC0000FF30EAE7A85B0020E83600206C07002010
:10EC1000D83600209E5B0020FC36002064070020D0
:10EC20000C37002004370020F8360020A65B0020B7
:10EC3000A75B0020024B1860024B00221A7070473D
:10EC40000C370020A85B00202DE9F041DFF8F480AC
:10EC500098F8004007460E463CB1012C4ED00820E3
:10EC60000AF06CFFB8B12D4B4EE02D4B1D68002D06
:10EC700035D02B7A934228D28B4215D208200AF045
:10EC80005DFF40B1274B4361274B8361032303742E
:10EC900044748474C474254900234FF4C25221F093
:10ECA00066F94FF0FF3018E006200AF047FF30B158
:10ECB0001F4B43610223037444748474C4741B495E
:10ECC00000234FF4845221F052F91A4B1E701A4B54
:10ECD0001F70022388F801300020BDE8F081082071
:10ECE0000AF02CFF0028D6D0144B43610E4B8361F1
:10ECF0000323037445748574C574CCE708200AF0B7
:10ED00001DFF0028C7D00E4B4361074B83610323CF
:10ED10000374002343748374C374BCE7DB80030073
:10ED2000F83600203080030016810300142603000B
:10ED30004D800300A65B0020A75B002068800300D5
:10ED4000B2800300A85B002010B503460648C05CF3
:10ED500038B9064C54F823406160054941F8232036
:10ED600010BD4FF0FF30FBE7A85B00200C37002000
:10ED7000FC360020014B1860704700BFF8360020B9
:10ED8000014B1868704700BFF836002007B58DF8B2
:10ED900007100849095C29B99DF8071061F07F0147
:10EDA0008DF807100DF10701FFF7DEFE03B05DF8E7
:10EDB00004FB00BFA85B002030B51C461B4B8BB08A
:10EDC00015461A5C8DF807102AB1012A14D04FF0AD
:10EDD000FF300BB030BD164B0DF10701196001215A
:10EDE000C3E901151349DC6002234B60124B53F851
:10EDF00020001FF002FAECE7104B9DF8071053F8C3
:10EE000020308DF80F100DF10F0118689B88CDE9A7
:10EE1000041200228DF8182004A90222CDE907541B
:10EE20008DF824201FF0F5F9D3E700BFA85B002080
:10EE3000E83600206C0700200C3700200437002043
:10EE400007B5094B8DF807101B5C23B9CBB263F0F3
:10EE50007F038DF8073001230DF10701FFF784FED2
:10EE600003B05DF804FB00BFA85B00202DE9F3416F
:10EE7000114F98463B5C05460C4616460BB941F0CF
:10EE800080040DF1070221462846FFF7D9FF80B91B
:10EE90009DF8073023EA060206EA08063243934249
:10EEA00007D07B5D0BB904F07F04214628461FF094
:10EEB000BFF902B0BDE8F081A85B00202DE9F8435E
:10EEC0001646124A89461D46115C089B40F2FF34E3
:10EED00043F6FF72002908BF14460746B4FBF3F45B
:10EEE0004FF000085C4315B94046BDE8F883AC42DA
:10EEF00028BF2C463246234649463846FFF746FF90
:10EF0000264448EA00082D1BEDE700BFA85B00205F
:10EF1000014B93ED000A704714370020DFED0F6AB4
:10EF200010B5B2EE046A00F10904437882781B043C
:10EF300043EA0263027853EA022348BFFF331B12FD
:10EF400007EE903AF8EEE77A033067EE867A84426D
:10EF500087EEA67AA1EC017AE7D110BD0050C34735
:10EF600070B53449B5EEC00AF1EE10FA0C780646D9
:10EF700059D9DFED317AB4EE670AF1EE10FA26D0F6
:10EF8000B7EE007AC7EE007AFDEEE77A17EE903A18
:10EF9000642B05DD0A2C4AD0284D0A231A461BE0B3
:10EFA000322B04DD082C42D0254D0823F6E7142B24
:10EFB00004DD062C3BD0234D0623EFE70A2B04DDAE
:10EFC000042C34D0204D0423E8E7002B26DC012C50
:10EFD00022D00123002500220B7042F06002322172
:10EFE00001201FF025F9044698B108200AF0A6FD7B
:10EFF00048B1164B4361164B83610323037400230E
:10F0000043748374C374134900234FF4C25220F035
:10F01000AEFF114B35601D60204670BD022C06D03E
:10F020000E4D0223BAE714B100230025B6E70124F0
:10F03000F2E700BFCC0C00200000807F0AD7A33B82
:10F040000AD7233C0AD7A33CCDCC4C3D8B580300B8
:10F05000898103009424030014370020CDCCCC3DDB
:10F0600008B5044BFF221A70FFF77AFF00EAE07040
:10F0700008BD00BFCC0C00202DE9FF41DFF8F8806F
:10F08000D8E9007457EA04020CBF012200220237BB
:10F0900044F100048DF8032005461FF0D5F8B8426E
:10F0A000A141A2BF00220023C8E9002300269DF849
:10F0B0000330DB074BD5D8E90032134318D01FF0DB
:10F0C000C3F8B842A14113DB08200AF037FD48B16C
:10F0D000254B4361254B8361032303740023437451
:10F0E0008374C374224900234FF4C25220F03FFFBF
:10F0F00000220023C8E900231121092301AA0120CD
:10F10000FFF744FE0DF1030204461B210120FFF727
:10F1100097FE0443344313D008200AF00FFD48B192
:10F12000144B4361114B8361032303740023437425
:10F130008374C3740E4900234FF4C25220F017FFAA
:10F14000294601A8FFF7EAFE04B0BDE8F0811FF0F0
:10F150007BF8B842A141AEDA0DF103020F21012084
:10F16000FFF76EFE0643A2E7508103006E810300A5
:10F17000942403008B580300001D002010B50820C4
:10F180000AF0DCFC48B1094B4361094B836103235E
:10F190000374002343748374C374BDE810400549AD
:10F1A00000234FF4C25220F0E2BE00BF8B58030090
:10F1B000978103009424030008B5074BFF221A70BF
:10F1C0000122332110461FF033F818B1BDE8084082
:10F1D000FFF7D4BF08BD00BFCC0C002010B508203D
:10F1E0000AF0ACFC48B1094B4361094B836103232E
:10F1F0000374002343748374C374BDE8104005494D
:10F2000000234FF4C25220F0B2BE00BF8B5803005F
:10F210007A8103009424030010B561223221012079
:10F220001FF006F804461FF00FF8044BC3E9000175
:10F230001CB1BDE81040FFF7D1BF10BD001D00207C
:10F2400010B508200AF07AFC48B1094B4361094B1C
:10F25000836103230374002343748374C374BDE880
:10F260001040054900234FF4C25220F080BE00BF79
:10F270008B580300618103009424030000B52DED39
:10F28000028B83B00DF107021A210120FFF7D8FD90
:10F290009DF907309FED0B7A07EE903AF8EEE77A8A
:10F2A000002887EE878AF3EE0E7A38EE278A01DA95
:10F2B000FFF7C6FFB0EE480A03B0BDEC028B5DF865
:10F2C00004FB00BF9A99D9BF014B93ED000A704728
:10F2D0001837002073B5002200926C46451C10F8C8
:10F2E000123015F8126003F0FE0343EA0623022AE7
:10F2F0001BB219D15B10BDF90040ADF80430837921
:10F30000C279DFEDA26A9B0814F5805F43EA82139D
:10F3100012D100220A60BDF9022012F5805F0FD0E1
:10F32000002B40F0D2800BE0002BB8BF0733DB107E
:10F3300024F8023B0132D2E7002B62D100220A609E
:10F34000DFED937ABDF9045087EEA67A15F5804F6C
:10F3500081ED017A00F017818E4AB2F90000002891
:10F3600000F011818C4A1488002C00F00C818B4A2B
:10F370001288002A00F00781002B00F0048107EEBC
:10F38000903A874BB8EE677AB3F9003007EE905A9F
:10F39000B8EEE76A07EE903A824BF8EEE77AB3F9F7
:10F3A000003036EE676A07EE902A05EE903AF8EEE6
:10F3B000677AF8EEE55A77EE677A67EEA57ADFEDC1
:10F3C0007A5A56EE257A06EE104AB8EE466ADFED16
:10F3D000775A26EE077A06EE100AB8EEC66A07EEEE
:10F3E000256AB1EE007A26EE076A87EE867ADFEDAF
:10F3F000707A67EE277A87EEA67A81ED027A02B0FC
:10F4000070BD664A1088BDF90220002800F0B8805F
:10F4100007EE900A9FED676A674807EE103AF8EE2C
:10F42000677AF8EEC75A67EE867A90F9000087EEA1
:10F43000A57A05EE900A37EE467A6048DFED607AED
:10F44000007827EE076AF8EEE55A26EE276A07EEFF
:10F45000900AF8EE677A5B4867EE877A9FED5A7AF2
:10F4600090F9000067EE877A45EE867A9FED577A2D
:10F470009FED576A77EE877A07EE100AB8EEC77AE3
:10F48000544837EE067A90F9000067EE877A07EE67
:10F49000104AB8EEC77AB2EE006A67EE877A07EED6
:10F4A000100AB8EEC77A27EE067A9FED4B6A07EE90
:10F4B000867ADFED3F7A67EE277A87EEA67A81EDCE
:10F4C000007A12F5805F3FF43BAF34480088002893
:10F4D0003FF436AF07EE900A9FED366A364807EEE6
:10F4E000103AF8EE677AF8EEC75A67EE867A90F926
:10F4F000000087EEA57A05EE900A37EE467A2F488F
:10F50000DFED2F7A007827EE076AF8EEE55A26EE4F
:10F51000276A07EE900AF8EE677A304867EE877A36
:10F520009FED297A90F9000067EE877A45EE867A9A
:10F530009FED267A9FED266A77EE877A07EE100A0E
:10F54000B8EEC77A37EE067AB2EE006A67EE877ACF
:10F5500007EE102A224AB8EEC77A92F9002067EE29
:10F56000877A07EE102AB8EEC77A27EE067A9FED63
:10F570001A6A07EE867ADFED0E7A67EE277AE1E601
:10F58000002008609DE7DFED027A34E70000C84202
:10F5900000000000B0590020B2590020AA590020F4
:10F5A000AC590020AE59002000000048000000388F
:10F5B0000000803D00008046AA5B0020AB5B00207D
:10F5C00000008031AD5B00200000803800008043E7
:10F5D00000002043AF5B002000000039AC5B00203E
:10F5E000AE5B0020F8B5B5EEC00AF1EE10FA2DEDD5
:10F5F000028B0646B0EE408A63D99FED4E7AB4EE98
:10F60000470AF1EE10FA63D0F7EE006AC6EE807A90
:10F610000022FDEEE77A17EE903A192B5DDC142BF1
:10F6200061DC0F2B65DC0A2B69DC082B6DDC062BFB
:10F6300071DC022B75DC9342B6EE008AD5BF042440
:10F640000E2401250425D4BF07230123D8BFB0EE23
:10F65000478A42EA8302384B1978914267D01A7080
:10F660004C21520001201EF0E3FD2A46074651219D
:10F6700001201EF0DDFD224647EA0005522101204F
:10F680001EF0D6FD054313D008200AF057FA48B102
:10F690002A4B43612A4B8361032303740023437481
:10F6A0008374C374274900234FF4C25220F05FFCD7
:10F6B000254B86ED008A83ED008ABDEC028B28463F
:10F6C000F8BD00249FED218A032225462346C0E78A
:10F6D0000322042401250723BBE79FED1D8A0E2486
:10F6E00004250723B5E79FED1B8A0E240425062376
:10F6F000AFE79FED198A0E2404250523A9E7042509
:10F700009FED168A0E242B46A3E79FED158A0E2443
:10F71000042513469DE70E2404250323B4EE008A36
:10F7200097E79FED108A0E240425022391E7012517
:10F73000C3E700BF0000807FCD0C00208B58030082
:10F74000CA810300A4240300183700200000000031
:10F750008988083D0AD7233DCDCC4C3D8988883D1A
:10F76000CDCCCC3DABAA2A3E30B5054685B00024B1
:10F770009DF8073003F00603022B22D008230DEB7F
:10F78000030242210120FFF701FB044313D00820AC
:10F790000AF0D4F948B10F4B43610F4B8361032347
:10F7A0000374002343748374C3740C4900234FF41F
:10F7B000C25220F0DCFB294602A8FFF78BFD05B002
:10F7C00030BD0DF107024C210120FFF739FB044346
:10F7D000CEE700BF8B580300AB810300A4240300D5
:10F7E00010B508200AF0AAF948B1094B4361094B4A
:10F7F000836103230374002343748374C374BDE8DB
:10F800001040054900234FF4C25220F0B0BB00BFA6
:10F810008B580300DA810300A424030008B5074BCA
:10F82000FF221A704B21002201201EF001FD18B1A9
:10F83000BDE80840FFF7D4BF08BD00BFCD0C0020D5
:10F8400010B508200AF07AF948B1094B4361094B19
:10F85000836103230374002343748374C374BDE87A
:10F860001040054900234FF4C25220F080BB00BF76
:10F870008B580300B9810300A4240300F0B52DEDDB
:10F88000028B012287B005464B211046B0EE408A1C
:10F890001EF0CEFC0746002142201BF0E5FE0026AC
:10F8A000022301AA5D210120CDE90266ADF80460C2
:10F8B0000496ADF81460FFF769FA0423044602AA1F
:10F8C00062210120FFF762FA0A23044303AA682198
:10F8D0000120FFF75BFA044312D008200AF02EF94A
:10F8E00040B1334B4361334B83610323037446744C
:10F8F0008674C674304900234FF4C25220F037FB9F
:10F900002E4B9DF804201A702D4B9DF805201A707F
:10F910002C4B9DF80A201A702B4B9DF80B201A7067
:10F920002A4BBDF80E201A80294BBDF80C201A80F6
:10F93000284BBDF812201A80274BBDF808201A80EA
:10F94000264B9DF815201A70254B9DF814201A702F
:10F950009DF811309DF810201B0203F4FE43134361
:10F96000204A3C43138013D008200AF0E7F848B13E
:10F970000F4B43611C4B83610323037400234374C7
:10F980008374C3740C4900234FF4C25220F0EFFA81
:10F99000164BFF222846B0EE480A1A70FFF722FEE7
:10F9A000204300EAE07007B0BDEC028BF0BD00BF61
:10F9B0008B580300E8810300A4240300AF5B002000
:10F9C000AE5B0020AD5B0020AC5B0020B259002094
:10F9D000B0590020AE590020AC590020AB5B00208C
:10F9E000AA5B0020AA590020FC810300CD0C002056
:10F9F000014B93ED000A70471C3700209FED157AEC
:10FA00009FED156A30B5851D00F1090443788278B1
:10FA10001B0443EA0263027853EA022348BFFF3320
:10FA20001B1207EE903A8542F8EEE77A08D1DFED37
:10FA30000B6A67EEA67AC7EE876AC1ED006A30BD31
:10FA400067EE867A0330C7EE876A8442E1EC016A8A
:10FA5000DCD1F4E70000C84247ABE73BF61BEB3BC9
:10FA600070B5B5EEC00AF1EE10FA2DED028B054629
:10FA7000B0EE408A5BD9DFED487AB4EE670AF1EE6A
:10FA800010FA5AD0B7EE007AC7EE007A0124FDEEE4
:10FA9000E77A17EE903AC82B53DC642B56DC322BF6
:10FAA00059DC192B5CDC0C2B5FDC062B62DC032B96
:10FAB00065DC012B68DC9FED388ADFED387A15BFF5
:10FAC0000023032303220A2208BFB0EE678A42EA1A
:10FAD0000312334B197891425BD0042101201A7034
:10FAE0001EF0A6FB22460646062101201EF0A0FBC2
:10FAF000064313D008200AF021F848B1294B43618E
:10FB0000294B836103230374002343748374C374F8
:10FB1000264900234FF4C25220F029FA244B85EDE8
:10FB2000008A83ED008ABDEC028B304670BD002454
:10FB30009FED208A23462246C9E70024234603225C
:10FB4000C5E79FED1D8A00230222C0E79FED1B8AB7
:10FB500023460322BBE79FED1A8A02230422B6E75D
:10FB60009FED188A03230522B1E79FED178A03232F
:10FB70000622ACE79FED158A03230722A7E79FED36
:10FB8000148A03230822A2E79FED128A0323092285
:10FB90009DE70126C7E700BF0000807F0AD7233F0B
:10FBA000CE0C00208B58030034820300AC240300E9
:10FBB0001C370020000000000AD7233B0AD7A33BD4
:10FBC0000AD7233C0AD7A33C0AD7233D0AD7A33D33
:10FBD0000AD7233E0AD7A33E08B5044BFF221A706A
:10FBE000FFF73EFF00EAE07008BD00BFCE0C00202A
:10FBF0007FB5064600259DF8034014F0010421D18D
:10FC00000B2301AA31210120FFF7C0F8054312D0D0
:10FC1000082009F093FF40B10E4B43610E4B836106
:10FC20000323037444748474C4740C4900234FF494
:10FC3000C25220F09CF931460DF10600FFF7DEFEBE
:10FC400004B070BD0DF1030207210120FFF7F8F8A1
:10FC50000543D0E78B58030015820300AC24030052
:10FC600007B505236A463A210120FFF78FF898B1BE
:10FC7000082009F063FF48B11B4B43611B4B8361B4
:10FC800003230374002343748374C374184900234B
:10FC90004FF4C25220F06BF99DF803309DF8042018
:10FCA000DFED147A1B0443EA02639DF8022053EA55
:10FCB000022348BFFF331B1200EE103AB8EEC00A11
:10FCC00020EE270AB5EEC00AF1EE10FA06DDDFEDF0
:10FCD0000A7A30EE670A03B05DF804FB44BFDFED3B
:10FCE000067A30EE270AF6E78B58030006820300F7
:10FCF000AC2403005B9E803A85EBCB4110B5082015
:10FD000009F01CFF48B1094B4361094B8361032390
:10FD10000374002343748374C374BDE81040054921
:10FD200000234FF4C25220F022B900BF8B580300C9
:10FD300044820300AC2403000A4BFF2210B550217B
:10FD40001A70012080221EF073FA00220446062158
:10FD500001201EF06DFA044303D0BDE81040FFF708
:10FD6000CDBF10BDCE0C002010B5082009F0E6FE76
:10FD700048B1094B4361094B83610323037400239A
:10FD800043748374C374BDE81040054900234FF4E5
:10FD9000C25220F0ECB800BF8B580300238203004E
:10FDA000AC240300014B93ED000A7047203700207C
:10FDB0009FED0D6ADFED0D6A30B50022451C15F888
:10FDC000124010F8123043EA04231BB207EE903AB7
:10FDD000F8EEE77A013267EE867A032A87EEA67A92
:10FDE000A1EC017AEBD130BD9A99993E0000C8424E
:10FDF0002DE9F0414049B5EEC00AF1EE10FA0C7859
:10FE0000074672D9DFED3D7AB4EE670AF1EE10FADB
:10FE10002CD0B7EE007AC7EE007AFDEEE77A17EE47
:10FE2000903A642B07DD0A2C63D0354D0A2301225A
:10FE30004FF01B0808E0322B08DD082C59D0314D5B
:10FE4000082301224FF024081E4618E0142B04DD7D
:10FE5000062C4ED02C4D0623F3E70A2B04DD042C90
:10FE600047D02A4D0423ECE7002B36DC012C31D09F
:10FE700001234FF0FF451A464FF01B0800260B7078
:10FE80005201302101201EF0D3F9324604463121BF
:10FE900001201EF0CDF942460443412101201EF00D
:10FEA000C7F9044313D0082009F048FE48B1184BA5
:10FEB0004361184B836103230374002343748374E9
:10FEC000C374154900234FF4C25220F050F8134B6D
:10FED0003D601D602046BDE8F081022C09D0022360
:10FEE0000F4D1A464FF02D08AEE714B10023002540
:10FEF0009DE70124EEE700BFCF0C00200000807FCB
:10FF00000AD7A33B0AD7233C0AD7A33CCDCC4C3D10
:10FF10008B5803007E820300CC240300203700208E
:10FF2000CDCCCC3D08B5044BFF221A70FFF760FF23
:10FF300000EAE07008BD00BFCF0C00202DE9FF41B2
:10FF4000374FD7E9005455EA04020CBF01220022C2
:10FF5000053544F100048DF8072006461EF09BF994
:10FF6000A842A141A2BF00220023C7E900234FF00D
:10FF700000089DF80730DB0744D5D7E9003213436A
:10FF800018D01EF088F9A842A14113DB082009F01F
:10FF9000D5FD48B1234B4361234B83610323037495
:10FFA000002343748374C374204900234FF4C25266
:10FFB0001FF0DDFF00220023C7E9002311210623E3
:10FFC00002AA0120FEF7E2FE58EA000013D0082042
:10FFD00009F0B4FD48B1164B4361134B8361032311
:10FFE0000374002343748374C374104900234FF4D3
:10FFF000C2521FF0BCFF314602A8FFF7D9FE04B081
:020000021000EC
:10000000BDE8F0811EF047F9A842A141B5DA0DF133
:10001000070210210120FEF713FF48EA0008A8E7B5
:10002000081D00205081030059820300CC240300E6
:100030008B58030010B5082009F080FD48B1094B2A
:100040004361094B83610323037400234374837466
:10005000C374BDE81040054900234FF4C2521FF09D
:1000600086BF00BF8B58030091820300CC2403009D
:1000700008B5074BFF221A700122322110461EF0EC
:10008000D7F818B1BDE80840FFF7D4BF08BD00BFDE
:10009000CF0C002010B5082009F050FD48B1094BE5
:1000A0004361094B83610323037400234374837406
:1000B000C374BDE81040054900234FF4C2521FF03D
:1000C00056BF00BF8B5803006A820300CC24030094
:1000D000012210B5312110461EF0AAF804461EF088
:1000E000DAF8044BC3E900011CB1BDE81040FFF78A
:1000F000D1BF10BD081D0020014B93ED000A7047D1
:10010000243700209FED0D6ADFED0D6A30B5002227
:10011000451C15F8124010F8123043EA04231BB2B4
:1001200007EE903AF8EEE77A013267EE867A032A14
:1001300087EEA67AA1EC017AEBD130BD9A99993D70
:100140000000C8422DE9F0414049B5EEC00AF1EE89
:1001500010FA0C78074672D9DFED3D7AB4EE670AE3
:10016000F1EE10FA2CD0B7EE007AC7EE007AFDEE71
:10017000E77A17EE903A642B07DD0A2C63D0354DF1
:100180000A2301224FF01B0808E0322B08DD082C5F
:1001900059D0314D082301224FF024081E4618E0A3
:1001A000142B04DD062C4ED02C4D0623F3E70A2B2E
:1001B00004DD042C47D02A4D0423ECE7002B36DC69
:1001C000012C31D001234FF0FF451A464FF01B0898
:1001D00000260B705201302101201EF029F8324612
:1001E0000446312101201EF023F8424604434121F8
:1001F00001201EF01DF8044313D0082009F09EFCD6
:1002000048B1184B4361184B8361032303740023E7
:1002100043748374C374154900234FF4C2521FF012
:10022000A6FE134B3D601D602046BDE8F081022C08
:1002300009D002230F4D1A464FF02D08AEE714B136
:10024000002300259DE70124EEE700BFD00C00202D
:100250000000807F0AD7A33B0AD7233C0AD7A33CE0
:10026000CDCC4C3D8B580300CF820300D424030037
:1002700024370020CDCCCC3D38B50C4BFF222DEDE2
:10028000028B1A700122054633211046B0EE408AD7
:100290001DF0CEFFB0EE480A04462846FFF752FF95
:1002A000BDEC028B204300EAE07038BDD00C00208A
:1002B0002DE9FF41374FD7E9005455EA04020CBF3E
:1002C00001220022053544F100048DF8072006467E
:1002D0001DF0EFFFA842A141A2BF00220023C7E901
:1002E00000234FF000089DF80730DB0744D5D7E91D
:1002F0000032134318D01DF0DCFFA842A14113DBEC
:10030000082009F01BFC48B1234B4361234B836158
:1003100003230374002343748374C37420490023AC
:100320004FF4C2521FF023FE00220023C7E900232E
:100330001121062302AA0120FEF728FD58EA000039
:1003400013D0082009F0FAFB48B1164B4361134B58
:10035000836103230374002343748374C3741049BB
:1003600000234FF4C2521FF002FE314602A8FFF7ED
:10037000C9FE04B0BDE8F0811DF09BFFA842A14179
:10038000B5DA0DF1070210210120FEF759FD48EA08
:100390000008A8E7101D002050810300AA82030076
:1003A000D42403008B58030010B5082009F0C6FBC5
:1003B00048B1094B4361094B836103230374002354
:1003C00043748374C374BDE81040054900234FF49F
:1003D000C2521FF0CCBD00BF8B580300E282030065
:1003E000D424030008B5074BFF221A7001223221E2
:1003F00010461DF01DFF18B1BDE80840FFF7D4BF3F
:1004000008BD00BFD00C002010B5082009F096FBF5
:1004100048B1094B4361094B8361032303740023F3
:1004200043748374C374BDE81040054900234FF43E
:10043000C2521FF09CBD00BF8B580300BB8203005B
:10044000D4240300012210B5312110461DF0F0FE26
:1004500004461DF02EFF044BC3E900011CB1BDE8AA
:100460001040FFF7D1BF10BD101D0020014B93EDD0
:10047000000A7047283700209FED0B7A30B5002224
:10048000451C15F8124010F8123043EA04231BB241
:1004900007EE903AF8EEE77A013267EE877A032AA0
:1004A000E1EC017AEDD130BDA69BC43A38B5B5EE8A
:1004B000C00AF1EE10FA2DED028B054645D99FEDED
:1004C0002E8AB4EE480AF1EE10FA3ED0B7EE007A6A
:1004D000C7EE007AFDEEE77A17EE903A322B39DC60
:1004E000142B3CDC0A2B3FDC002B4FF000031A4698
:1004F00001DD9FED228A22490878904239D00A70A6
:10050000012043EA820260211DF092FE044698B168
:10051000082009F013FB48B11A4B43611A4B836161
:1005200003230374002343748374C37417490023A3
:100530004FF4C2521FF01BFD154B85ED008A83ED71
:10054000008ABDEC028B204638BD9FED128A032342
:100550000022D0E79FED108A00230322CBE79FED16
:100560000F8A00230222C6E79FED0D8A0023012295
:10057000C1E70124E5E700BF0000807FCDCCCC3D82
:10058000D10C00208B58030029830300DC240300D6
:1005900028370020000000000AD7233C0AD7A33CDC
:1005A000CDCC4C3D08B5044BFF221A70FFF77EFFFF
:1005B00000EAE07008BD00BFD10C002030B5054650
:1005C00085B000249DF8073003F00300012821D0F6
:1005D000062302AA68210120FEF7D8FB044313D0AA
:1005E000082009F0ABFA48B10E4B43610E4B836112
:1005F00003230374002343748374C3740B490023DF
:100600004FF4C2521FF0B3FC294602A8FFF734FF93
:1006100005B030BD0DF107026021FEF711FC044367
:10062000D0E700BF8B5803000A830300DC240300DB
:1006300010B5082009F082FA48B1094B4361094B13
:10064000836103230374002343748374C374BDE87C
:100650001040054900234FF4C2521FF088BC00BF70
:100660008B58030039830300DC24030008B5074BD3
:10067000FF221A706021202201201DF0D9FD18B13F
:10068000BDE80840FFF7D4BF08BD00BFD10C002073
:1006900010B5082009F052FA48B1094B4361094BE3
:1006A000836103230374002343748374C374BDE81C
:1006B0001040054900234FF4C2521FF058BC00BF40
:1006C0008B58030018830300DC24030008B5084B93
:1006D0001A78920042F0010202F0FD02602101202E
:1006E0001DF0A6FD18B1BDE80840FFF7D1BF08BD59
:1006F000D10C002010B5082009F020FA48B1094BB0
:100700004361094B8361032303740023437483749F
:10071000C374BDE81040054900234FF4C2521FF0D6
:1007200026BC00BF8B580300FB820300DC240300BF
:10073000014B93ED000A70472C3700209FED0B7A98
:1007400030B50022451C15F8124010F8123043EA6B
:1007500004231BB207EE903AF8EEE77A013267EE17
:10076000877A032AE1EC017AEDD130BD7A419939DB
:10077000B5EEC00AF1EE10FA2DE9F041074661D955
:10078000DFED4A7AB4EE670AF1EE10FA5AD0B7EE0E
:10079000007AC7EE007A0024FDEEE77A17EE902A81
:1007A000B2F50C7F53DCB2F5967F54DC9B2A56DC05
:1007B000502A58DC282A5ADC142A5CDC0A2A5EDC1F
:1007C000052A60DC022A62DC65D0012A66D1384D38
:1007D0000326384B9200187842EA461242F0020192
:1007E000884260D0197042F08202202101201DF061
:1007F0001FFD22468046222101201DF019FDB20076
:1008000048EA0004232101201DF012FD044313D007
:10081000082009F093F948B1274B4361274B8361C6
:1008200003230374002343748374C3742449002393
:100830004FF4C2521FF09BFB224B3D601D602046CF
:10084000BDE8F0810324002226460025C1E71E4DA5
:1008500022462646BDE71D4D22460126B9E71C4D1E
:1008600022460226B5E71B4D22460326B1E71A4D64
:1008700007220326ADE7194D06220326A9E7184DE6
:1008800005220326A5E7174D04220326A1E703222C
:10089000154D16469DE7154D03269AE72246032679
:1008A0004FF0FF4595E70124C9E700BF0000807FB6
:1008B000CDCC4C3FD20C00208B5803007583030035
:1008C000E42403002C3700206F12833AA10EEA3A89
:1008D0000E745A3B0D68D33BCDCC4C3CCDCCCC3CBC
:1008E000CDCC4C3DCDCCCC3DCDCC4C3ECDCCCC3E7E
:1008F00038B580222DED028B202105460120B0EE77
:10090000408A1DF095FC20220446212101201DF083
:100910008FFC044313D0082009F010F948B10F4BA5
:1009200043610F4B83610323037400234374837477
:10093000C3740C4900234FF4C2521FF018FB0A4B3A
:10094000FF22B0EE480A28461A70FFF711FFBDECEF
:10095000028B204300EAE07038BD00BF8B580300D3
:1009600093830300E4240300D20C002030B5054635
:1009700085B000249DF8073003F00300012821D042
:10098000062302AA28210120FEF700FA044313D00F
:10099000082009F0D3F848B10E4B43610E4B836138
:1009A00003230374002343748374C3740B4900232B
:1009B0004FF4C2521FF0DBFA294602A8FFF7BEFE31
:1009C00005B030BD0DF107022221FEF739FA0443CC
:1009D000D0E700BF8B58030056830300E4240300D4
:1009E00010B5082009F0AAF848B1094B4361094B3A
:1009F000836103230374002343748374C374BDE8C9
:100A00001040054900234FF4C2521FF0B0BA00BF96
:100A10008B58030085830300E424030008B5074BCB
:100A2000FF221A702121042201201DF001FC18B1BF
:100A3000BDE80840FFF7D4BF08BD00BFD20C0020BE
:100A400010B5082009F07AF848B1094B4361094B09
:100A5000836103230374002343748374C374BDE868
:100A60001040054900234FF4C2521FF080BA00BF66
:100A70008B58030064830300E424030010B50820AE
:100A800009F05CF848B1094B4361094B83610323CA
:100A90000374002343748374C374BDE81040054994
:100AA00000234FF4C2521FF062BA00BF8B580300FC
:100AB00047830300E4240300014B93ED000A7047D1
:100AC000303700201FB5437804788279DFED166A4D
:100AD0009FED167A9B0043EA842343EA9213019325
:100AE000C37884789B0043EA8423C2F30114234330
:100AF0000293437904799B00C2F3810243EA842381
:100B00001343039301F10C0201ABF3EC017AF8EE0D
:100B1000677A77EEE67A67EE877AE1EC017A9142BE
:100B2000F3D104B010BD00BF0000004800008038C1
:100B300070B5444B9FED447AB5EEC00AF1EE10FA61
:100B40002DED028B0546B0EE408A83ED000A71D987
:100B5000B4EE470AF1EE10FA4BD0F7EE006AC6EE9B
:100B6000807AFDEEE77A17EE904AC82C44DC642CBC
:100B700047DC322C4ADC142C4DDC0A2C50DC012CD6
:100B800053DC57D10022B0EE668A304B1978A1426F
:100B900055D00A2101201C701DF04AFB231E18BFEE
:100BA000012344EAC302064642F0F0020B21012071
:100BB0001DF03EFB064313D0082008F0BFFF48B1EC
:100BC000234B4361234B836103230374002343744A
:100BD0008374C374204900234FF4C2521FF0C7F935
:100BE0001E4B85ED008A83ED008ABDEC028B3046FA
:100BF00070BD03220024C8E79FED198A0322072451
:100C0000C3E79FED188A03220624BEE79FED168AEC
:100C100002220524B9E79FED158A01220424B4E7D6
:100C20009FED138A00220324AFE79FED128A002272
:100C30000224AAE703220024B0EE478AA5E7012692
:100C4000D3E700BF343700200000807FD50C0020A0
:100C50008B580300DA83030004250300303700209B
:100C60006F12833A0AD7A33B0AD7233C0AD7A33C87
:100C7000CDCC4C3DCDCCCC3D2DE9FF41374FD7E914
:100C8000005455EA04020CBF01220022023544F14F
:100C900000048DF8072006461DF059FBA842A1412B
:100CA000A2BF00220023C7E900234FF000089DF8EF
:100CB0000730DB0744D5D7E90032134318D01DF0C5
:100CC00046FBA842A14113DB082008F037FF48B1DA
:100CD000234B4361234B8361032303740023437439
:100CE0008374C374204900234FF4C2521FF03FF9AC
:100CF00000220023C7E900230021072302AA0120C4
:100D0000FEF744F858EA000013D0082008F016FF58
:100D100048B1164B4361134B8361032303740023D3
:100D200043748374C374104900234FF4C2521FF0FC
:100D30001EF9314602A8FFF7C5FE04B0BDE8F081F8
:100D40001DF005FBA842A141B5DA0DF1070208210B
:100D50000120FEF775F848EA0008A8E7181D0020F2
:100D600050810300BD830300042503008B5803005A
:100D700010B5082008F0E2FE48B1094B4361094B69
:100D8000836103230374002343748374C374BDE835
:100D90001040054900234FF4C2521FF0E8B800BFCD
:100DA0008B580300E98303000425030008B5074BB3
:100DB000FF221A700A21802201201DF039FA18B191
:100DC000BDE80840FFF7D4BF08BD00BFD50C002028
:100DD00010B5082008F0B2FE48B1094B4361094B39
:100DE000836103230374002343748374C374BDE8D5
:100DF0001040054900234FF4C2521FF0B8B800BF9D
:100E00008B580300CA8303000425030010B50B4B65
:100E10001B78002B0CBF01222122092101201DF08B
:100E200007FA04461DF093FA054BC3E900011CB113
:100E3000BDE81040FFF7CCBF10BD00BFD30C0020B1
:100E4000181D002008B50822092101201DF0F0F925
:100E500098B1082008F072FE48B10A4B43610A4B72
:100E6000836103230374002343748374C3740749A9
:100E700000234FF4C2521FF07AF80120BDE8084069
:100E800020F08FBC8B580300F68303000425030079
:100E900038B52DED028B0546B0EE408AFFF7D2FF44
:100EA0002022092101201DF0C3F9044698B1082031
:100EB00008F044FE48B10F4B43610F4B836103239D
:100EC0000374002343748374C3740C4900234FF4E8
:100ED000C2521FF04CF80A4BFF22B0EE480A2846D7
:100EE0001A70FFF725FEBDEC028B204300EAE0708C
:100EF00038BD00BF8B580300FE83030004250300A8
:100F0000D50C00202DE9F0412DED028B88B00DF1BC
:100F10000302072104460120FDF792FF9DF80330EC
:100F2000474A9FED488A117807EE903AB8EE677A03
:100F3000DFED457A994217EE278A05465ED0434E8B
:100F4000DFED437A96ED007AB4EEE77AF1EE10FA2F
:100F500054DD137000239FED3F0A23606360A3609C
:100F600001A8FFF7E5FD3C4F05434FF000081022B4
:100F70000921012087F800801DF05AF9A8B1082046
:100F800008F0DCFD58B1354B4361354B83610323D9
:100F9000037480F8118080F8128080F81380314942
:100FA00000234FF4C2521EF0E2FF012020F0F9FBB3
:100FB000FFF72CFF05A8FFF75FFEFFF743FFFFF7E2
:100FC00025FF02A8FFF758FE02AA05AB04F10C01A9
:100FD000B6EE007AF2EC017AF3EC016A77EEA67ACB
:100FE00067EE877AE4EC017AA142F3D1012396ED12
:100FF000000A3B7001A8FFF79BFD0543222209214F
:1010000001201DF015F9054313D5082008F096FDC1
:1010100048B1124B4361144B8361032303740023D3
:1010200043748374C3740F4900234FF4C2521EF0FB
:101030009EFFB0EE480A08B0BDEC028BBDE8F0811F
:10104000D40C002000009642CDCC4C3F3437002019
:101050000AD7A33C0000807FD30C00208B580300EC
:10106000A583030004250300AF830300014B93ED28
:10107000000A704738370020B0F900309FED0F7A32
:1010800007EE903AF8EEE77A67EE877AC1ED007ADC
:10109000B0F9023007EE903AF8EEE77A67EE877A19
:1010A000C1ED017AB0F9043007EE903AF8EEE77A34
:1010B00067EE877AC1ED027A704700BF6F128339FD
:1010C00070B5B5EEC00AF1EE10FA2DED028B0546B3
:1010D00053D9DFED347AB4EE670AF1EE10FA4CD052
:1010E000B7EE008AC8EE007A0124FDEEE77A17EE2B
:1010F000903A642B46DC322B48DC192B4ADC052B5A
:101100004CDD9FED298A2346284908781A0144EAD4
:101110000313984244D00B7042F008020B210120C7
:101120001DF086F844F0200206460A2101201DF039
:101130007FF8064313D0082008F000FD48B11C4B8F
:1011400043611C4B83610323037400234374837442
:10115000C374194900234FF4C2521EF008FF174B05
:1011600085ED008A00200021C3E90001144B83EDC6
:10117000008ABDEC028B304670BD9FED128A0024C0
:101180000423C1E79FED108A0423BDE79FED0F8A7A
:101190000323B9E79FED0E8A0223B5E70023B3E7E7
:1011A0000126E6E70000807FCDCCCC3DD60C0020A8
:1011B0008B580300538403000C250300201D0020DE
:1011C00038370020000000000AD7A33B0AD7233C91
:1011D0000AD7A33C38B5084BFF221A70074B0022F0
:1011E0001A70074B00240025C3E90045FFF768FF8C
:1011F00000EAE07038BD00BFD60C0020B05B0020D4
:10120000201D002010B5082008F098FC48B1094BBB
:101210004361094B83610323037400234374837484
:10122000C374BDE81040054900234FF4C2521EF0BC
:101230009EBE00BF8B580300628403000C25030090
:1012400010B5082008F07AFC48B1094B4361094BFE
:10125000836103230374002343748374C374BDE860
:101260001040054900234FF4C2521EF080BE00BF5B
:101270008B580300438403000C25030070B5222221
:101280000A2101201CF0D4FF044620F0A6FB4FF4F5
:101290007A75A0FB053205FB0121064EDB0B43EA04
:1012A0004143C90BC6E900311CB1BDE87040FFF7EE
:1012B000C7BF70BD201D0020F0B5494FD7E90054CD
:1012C00085B0002355EA040206468DF807304BD15D
:1012D00020F083FB4FF47A72A0FB023402FB01443E
:1012E000DB0B43EA44439D1C4FEAD4344FF0000229
:1012F0004FF00003C7E9002344F1000400270DF17B
:10130000070209210120FDF79BFD9DF80730DB074F
:1013100047EA000710D420F060FB4FF47A72A0FB7C
:10132000020302FB0131C30B43EA41439D424FEAF2
:10133000D13174EB0101E2DA9DF8073013F00104BA
:1013400014D1062008F0FAFB30B1264B436102238A
:10135000037444748474C474234900234FF4845286
:101360001EF005FE05B0F0BD0235BFE713F0020325
:101370001E4D13D02C7894B9062008F0DFFB30B155
:101380001B4B43610223037444748474C4740023AC
:1013900015494FF486521EF0EAFD01232B700121FE
:1013A000062302AA0846FDF7F1FC384313D00820B3
:1013B00008F0C4FB48B10F4B43610F4B836103231B
:1013C0000374002343748374C374074900234FF4E8
:1013D000C2521EF0CCFD314602A8FFF74DFEC1E718
:1013E000201D0020118403000C250300B05B0020A9
:1013F000208403008B580300368403002DE9F04F4E
:101400009DB017460E460790414BD7E900010022D8
:1014100055EC124B5BEC11AB8DED000BEEF7BEFF04
:10142000DDE90023C7E9000110461946EFF76CF922
:101430005246CDE902015B4650465946EFF764F942
:101440002246CDE904012B4620462946EFF75CF9F8
:10145000DDE9042380468946DDE90201EEF79EFFBF
:1014600042464B46EEF79AFF41EC100B1BF012FD83
:10147000D6E9000153EC102BEEF790FF9DED027BB7
:101480008DED087B9DED047BC6E9000152465B466D
:10149000504659468DED0A7BCDE90C89EEF77EFF6B
:1014A00022462B4680468946EFF72EF9DDE90023D8
:1014B000CDE90E0110461946EEF770FF22462B4685
:1014C00006460F46EFF720F95246CDE910015B467C
:1014D00030463946EFF718F92246CDE912012B467E
:1014E00020462946CDE91467CDE91689EEF756FF67
:1014F000074B0022CDE91801CDE91A2307980123F3
:101500000A2208A91CF047FF1DB0BDE8F08F00BFFC
:101510000000F03F2DE9F04F95B08DED060B0590E2
:101520004FF490708DED081B0D461AF0B9FFDFF8EF
:1015300030A3DFF83083CAF800000A27002606220D
:101540002B461146CDE9016600971CF076FFC020BE
:101550001AF0A6FF0624C8F800002B462146CDE964
:101560000164042200971CF068FFC0201AF098FF65
:10157000DFF8F4922B46C9F800002246CDE9014677
:10158000042100971CF059FF80201AF089FFA84E13
:10159000042230602B461146CDE9014400971CF02F
:1015A0004CFFDDE90823DDE90601EFF7D7F9CDE9C6
:1015B000100130689F4D042100F0C6FC0421306802
:1015C000F1F792FFC0201AF06BFF28600194D9F860
:1015D00000300093042331681A46F0F7D9FD3068D3
:1015E000954E20F024FAD9F8000020F020FA4FF4AC
:1015F00090701AF055FF306001942B680093D8F872
:1016000000108E4D22460423F0F7C2FDD8F80000EA
:1016100020F00DFA4FF490701AF042FFDAF80070E3
:10162000D6F8009028600446B84607F5907AF8E8A6
:101630000201F9E80223EEF7AFFED045E4E802012B
:10164000F5D1384620F0F3F930687D4F7D4C20F01D
:10165000EEF94FF490701AF023FF0026C0E90267FC
:10166000C0E90467C0E90C67C0E91067C0E9186702
:10167000C0E91A67744F2060002200230026C0E9E9
:101680000023C0E90623C0E90823C0E90A23C0E912
:101690000E23C0E91223C0E91423C0E91623C0E9D0
:1016A0001C23C0E91E23C0E92023C0E92223C0E98E
:1016B0002423C0E92623C0E92823C0E92C23C0E95C
:1016C0002E23C0E93023C0E93223C0E93423C0E926
:1016D0003623C0E93A23C0E93C23C0E92A67C0E9C0
:1016E0003867C0E93E23C0E94023C0E94223C0E98E
:1016F0004423C0E946674FF490701AF0D1FE534F6F
:101700000626386001962B680093216833463246DE
:10171000F0F73EFD20684E4C20F089F928684D4DC9
:1017200020F085F94FF490701AF0BAFE3246014667
:1017300028603868F1F728FF30201AF0B1FE2060E9
:1017400030201AF0ADFE444A10606422CDE90062F8
:10175000034622682968386800F0B4FE386820F033
:1017600066F9D4F800B0DA46FAE8026701250024E9
:10177000FAE8028932463B4640464946EFF754FABA
:1017800010B146464F462C460135062DF0D158463D
:1017900020F04DF9304B314D186820F048F93020D9
:1017A0001AF07EFE2B4A28600346106800EBC40442
:1017B000D4E90067C3E90067D4E90C67C3E90267AD
:1017C000D4E91867C3E90467D4E92467C3E9066765
:1017D000D4E93067C3E90867D4E93C67C3E90A671D
:1017E00020F025F92C6894ED047B8DED067B94EDBB
:1017F000067B8DED087B94ED087BD4E900898DEDA7
:101800000A7B94ED0A7B42464B46404649468DEDA5
:101810000C7BD4E902ABEEF777FF524606460F4643
:101820005B4650465946EEF76FFF02460B461DE0F9
:1018300094370020903700208C3700208837002014
:101840000000E03FA43700200000D0BF8437002014
:10185000783700207C370020743700207037002054
:10186000A03700209C3700209837002030463946AA
:10187000EEF794FDDDE9062306460F4610461946AD
:10188000EEF742FF02460B4630463946EEF786FD3C
:10189000DDE9082306460F4610461946EEF734FFE9
:1018A00002460B4630463946EEF778FDDDE90A235D
:1018B00006460F4610461946EEF726FF02460B462F
:1018C00030463946EEF76AFDDDE90C2306460F4641
:1018D00010461946EEF718FF02460B4630463946C9
:1018E000EEF75CFD41EC100B1BF0D4FA57EC106BDB
:1018F000404632463B464946EFF730F88046894637
:1019000032463B4650465946C4E90089EFF726F86F
:1019100032463B46CDE90E01C4E90201DDE906018C
:10192000EFF71CF832463B46CDE90601C4E9040155
:10193000DDE90801EFF712F882468B4632463B4656
:10194000C4E906ABDDE90A01EFF708F832463B4689
:10195000CDE90801C4E90801DDE90C01EEF7FEFF5D
:1019600006460F46C4E90A6700220023404649465E
:10197000EFF73CF9F8B109F1004363600E9BA360F7
:101980000F9BC4F8008003F10043E360069B2361D2
:10199000079BC4F818A003F1004363610BF10043F7
:1019A000E361089B2362099BA66203F10043636223
:1019B00007F10043E36220201AF072FDB14EB24FEE
:1019C0003060012301933B68B04C00932168DFF83D
:1019D000D082AF4D04220623F0F7DAFB2068AD4C2D
:1019E00020F025F818201AF05BFDC8F80000482008
:1019F0001AF056FD206050201AF052FD0346286070
:101A00003868D0E900ABC3E900ABD0E902ABC3E969
:101A100002ABD0E904ABC3E904ABD0E906ABC3E940
:101A200006ABD0E908ABC3E908ABD0E90AABC3E920
:101A30000AAB1FF0FCFF30682B68D0E9006202F1AE
:101A40000047C3E90C67D0E9026202F10047C3E92D
:101A50000E67D0E9046202F10047C3E91067D0E9DC
:101A6000066202F10047C3E912671FF0E0FF286831
:101A70002368894DD0E90067C3E90067D0E90A67A8
:101A8000C3E90267D0E90867C3E90467D0E90A67D8
:101A9000C3E90667D0E90267C3E90867D0E90667CA
:101AA000C3E90A67D0E90867C3E90C67D0E90667AC
:101AB000C3E90E67D0E90467C3E91067D0E90C6792
:101AC000D8F80030C3E90067D0E90E67C3E90267C0
:101AD000D0E91067C3E9046790ED127B8DED0A7BB6
:101AE0001FF0A5FF18201AF0DBFC286048201AF030
:101AF000D7FC6A4F23683860024603F14801F3E8D7
:101B000002898B42E2E80289F9D1032100F01CFA34
:101B10000126634C3868DFF89881DFF8989103213B
:101B2000F1F7E2FC019623680093032339682868E3
:101B30001A46F0F72DFB2068564C1FF078FF3868E6
:101B4000584F1FF074FF2B68D3E9000202F10041E7
:101B5000C3E90001D3E9020202F10041C3E9020135
:101B6000D3E9040202F10041C3E9040118201AF08C
:101B700097FC386001962B680093032321681A466E
:101B8000F0F706FB01963B6800932968464D032356
:101B9000324612A8F0F7FCFA3868444F1FF047FFAE
:101BA00048201AF07DFC0322014628602068F1F7E6
:101BB000EBFC48201AF074FC4822002138601FF02A
:101BC00080FF18201AF06CFCC8F8000018201AF0EA
:101BD00067FC03266422C9F80000CDE900620346D1
:101BE000D8F800202968206800F06CFC20681FF0FD
:101BF0001EFFD8F80040D7F8008094ED000B1BF0D2
:101C000049F988ED000B94ED020B1BF043F988EDC8
:101C1000080B94ED040B1BF03DF9204688ED100BEA
:101C20001FF005FFD9F800001FF001FF2C6894EDAC
:101C3000067BD4E900AB8DED067B94ED0C7B524620
:101C40005B46504659468DED087BEEF75DFDDDE9BC
:101C500006238046894610461946EEF755FD024692
:101C60000B4640464946EEF799FBDDE908238046DE
:101C7000894610461946EEF747FD02460B46404698
:101C8000494619E06C37002070370020903700205B
:101C900068370020643700205C3700206037002060
:101CA0008037002058370020543700204837002064
:101CB000503700204C370020EEF770FB41EC100B42
:101CC0001BF0E8F859EC108B504642464B465946FB
:101CD000EEF744FE4246C4E900014B46DDE9060149
:101CE000EEF73CFE4246C4E906014B46DDE9080139
:101CF000EEF734FE94ED087BD4E902AB8DED067B64
:101D000094ED0E7BC4E90C0152465B4650465946A1
:101D10008DED087BEEF7F8FCDDE906238046894669
:101D200010461946EEF7F0FC02460B46404649467F
:101D3000EEF734FBDDE90823804689461046194654
:101D4000EEF7E2FC02460B4640464946EEF726FB1C
:101D500041EC100B1BF09EF859EC108B504642469C
:101D60004B465946EEF7FAFD4246C4E902014B469E
:101D7000DDE90601EEF7F2FD4246C4E908014B46F3
:101D8000DDE90801EEF7EAFD94ED0A7BD4E904AB46
:101D90008DED067B94ED107BC4E90E0152465B4647
:101DA000504659468DED087BEEF7AEFCDDE9062383
:101DB0008046894610461946EEF7A6FC02460B46B9
:101DC00040464946EEF7EAFADDE9082380468946AF
:101DD00010461946EEF798FC02460B464046494627
:101DE000EEF7DCFA41EC100B1BF054F859EC108BB9
:101DF000504642464B465946EEF7B0FD4246C4E9CE
:101E000004014B46DDE90601EEF7A8FD42464B46CC
:101E1000C4E90A01DDE90801EEF7A0FDC4E91001FB
:101E200048201AF03DFBDFF81C81434CC8F8000045
:101E300048201AF035FB206001963B68009332463B
:101E400033462968F0F7A4F938681FF0F0FD2868D8
:101E500031461CF09CFC01962B6800932168D8F851
:101E6000000033463246F0F793F92868334D1FF0EF
:101E7000DEFD20681FF0DBFD48201AF011FBDDE9D4
:101E80000A2328600446DDE91201EEF785FA41ECE9
:101E9000100B1AF0FFFFD8F8008057EC106BC1460A
:101EA00008F1480ADDE91023F9E80201EEF72CFCFD
:101EB00032463B46EEF752FDCA45E4E80201F1D155
:101EC0001F4C40461FF0B3FD2368D3E90001EEF735
:101ED000F3FE059B18602468D4E90201EEF7ECFEDE
:101EE000059B5860D4E90401EEF7E6FE059B986077
:101EF00020461FF09CFD059C08262B68334453E9BF
:101F00000201EEF7D9FEE0602F6807EB0608D8E97A
:101F10000001EEF7D1FE2061D8E90201EEF7CCFE18
:101F20001836502E606104F10C04E6D138461FF0DB
:101F30007EFD15B0BDE8F08F443700203C3700200F
:101F40005C370020403700202DE9F04F8BB0CB00EC
:101F50000193083305910446089305460027059B25
:101F60009F42A04603DB00200BB0BDE8F08FFB00D2
:101F700009930026B742D5E900AB24D10022002303
:101F800050465946EEF73CFE002851D14BEC10ABC1
:101F90001AF080FF2E4653EC102BA6EC020B2649BC
:101FA0000020EEF7DBFC019BCDE9060123440493FE
:101FB00098460137049B9E4236D0099BA246C346F1
:101FC00008EB03091DE0F8E8022310461946EEF776
:101FD0009BFB02460B4650465946EEF7DDF90136AB
:101FE000C5E90001C6E7FAE80223FBE80201EEF7C3
:101FF0008BFB02460B46DDE90201EEF7CDF9C9E99C
:10200000000199ED007BAA458DED027BEBD153ECED
:10201000172BDDE90601EEF777FB019BC9E900010B
:102020009844E6E80201C5E7089B34461D4496E75C
:102030004FF0FF3098E700BF0000F03F2DE9F84F68
:102040004D1CED00DFF844B004460E4600F10803D5
:10205000A5F108094FF000084F1E4FF0000A474550
:1020600008DC002ED8BF002705FB0744C4E900ABFD
:10207000BDE8F88F43E902AB18464A4600211FF03D
:1020800020FD034608F101082B44E8E70000F03F7B
:102090002DE9F04F85B01546109F02930A2301FBEE
:1020A00002F497FBF3F203FB12776B1E0393DB0042
:1020B00000EBC40403F1080B04EB0B0AE21806461C
:1020C00088464FEAC1090192DAE90001002F43D1A5
:1020D0000B4602990246D1E90001EEF75FF9029B37
:1020E000C3E9000109F10809AF422ADDA5EB0805A3
:1020F00005F10055023D04EBC50354F83500039D7E
:102100005B6854F83520019C646823F0004124F09A
:102110000043EEF743F90E9C02460B46C4E9002348
:10212000EEF7F2FA0F9BC3E9000100221C4BD4E941
:102130000001EEF7E9FA2346C3E9000105B0BDE866
:10214000F08FD6E90001DAE90023EEF725F901372F
:10215000C6E900014E44C7E7A4EB0904E5180246AE
:102160000B46D5E90001EEF719F90E9BC3E9000112
:10217000DAE90023D5E90001EEF7C6FA019B5C44D9
:10218000D3E9002306460F46D4E90001EEF7BCFA76
:102190000B46024639463046EEF7FEF80F9BCBE77A
:1021A0000000F83F2DE9F04F1D46A9B09346941E5C
:1021B000EA0025926FF00702A2EBC5026343039287
:1021C000ABF1030200EBC303521B03EBC2060BEBA4
:1021D000050203EBC2070BEB4502013A8DED0E0B36
:1021E0008DED261B03EBCB0A03EBC2030990249170
:1021F0000893249B9C4221DAA11C01FB05F225983F
:10220000099FD30003EBC4030830E6003B444FF0C2
:1022100000084FF00009594540F3DA802A4406EBE4
:10222000C203099A1A44E11C1346002600275945A7
:1022300040F3D380204629B0BDE8F08F1AED047B2F
:10224000DDE90E2351EC170B8DED007BEEF7A4F8C2
:10225000DDE90023EEF758FADDE92623EEF79EF8D4
:1022600057E90423EEF77AFB5AE90223EEF796F8D2
:1022700017ED027BCDE90A0153EC172BDDE90001D4
:102280008DED047BEEF78AF8DDE90E23EEF784F896
:10229000089B93ED007B0A9B10930B9B23F000435C
:1022A000CDE9113021F000431393DDE9122380467C
:1022B0008946DDE910018DED067BEEF76FF8069B90
:1022C0001493079B23F000431593DDE91423EEF7E5
:1022D00065F802460B46CDE90C01DDE90A01EEF78F
:1022E0003DFBDDE90C23CDE90A0140464946EEF706
:1022F00035FBDDE90C2380468946DDE90601EEF772
:102300002DFB249B9C423FF477AF5AF8183C169360
:102310005AF8143C23F00043CDE9173829F0004364
:10232000CDE9193021F000431B93DDE91A23DDE9E3
:102330001801EEF733F802460B46DDE91601EEF719
:10234000E3F933681C93736823F000431D93009BEB
:102350001E93019B23F000431F93DDE91E23CDE96B
:102360000601DDE91C01EEF719F8049B2093059B9B
:1023700023F000432193DDE92023EEF70FF80A9BB9
:1023800022930B9B23F000432393CDE90001154BCF
:102390000022DDE92201EEF7B7F902460B46DDE93E
:1023A0000001EEF7B1F90B46039902468A440398FF
:1023B0000E440F44089901440891DDE9060104F137
:1023C000FF38EEF71DFC00287FF416AF444610E7F7
:1023D000C3E90089013103441DE7C3E90067013106
:1023E000034424E70000B03C2DE9F04F2DED028BB3
:1023F0001C468246D0E9000389B0E50006910AEB4D
:10240000C40623F0004105F1080303920793B04688
:102410000127A74213DB2A4B0022EEF775F9039B35
:1024200041EC180B04F1FF3B1D4400260027BBF1D3
:10243000000F19DA09B0BDEC028BBDE8F08F06EB96
:10244000050BC146D94504D1079B2E44013798445A
:10245000DFE7F9E8022323F0004304920593DDE966
:102460000423EDF79BFFEDE775E9028932463B4611
:1024700040464946EEF7B0FB68B1B0EE480AF0EED0
:10248000680A039A069900945B465046F0F7F0FA02
:102490000BF1FF3BCBE732463B4640464946EEF761
:1024A000A5FB0028F4D0B0EE480AF0EE680A039AC3
:1024B000069900945B465046F0F7C2FCE8E700BF7F
:1024C0000000B03C2DE9F04F93B0934698460022AF
:1024D0000023CDE910231C9B05914FEAC3095C1E24
:1024E000C9F1000305460D93002C70DB04FB095372
:1024F0000C930C9A04F10053013B02EBC3030E93BF
:102500006FF00703A3EB09034FF0010A0F933FE0BD
:102510003B6806937B6823F000430793A7EB09030E
:102520001A685B68089223F000430993BB680A931A
:10253000FB6823F000430B93DDE90A23DDE9080182
:10254000EDF72CFF2C4B0022EEF7DEF80B460F992F
:1025500002460F44DDE90601EEF752FB30B9049B59
:102560000D9A1344013E0493002ED1D1A31B17D022
:10257000012B1FD010AB01931C9BCDF808A000933A
:1025800005992346324628461CF06AF80AF1010AEA
:102590001D9B9A452DDC0C9B0E9F04932646E3E77A
:1025A0009DED100B04983346424659461BF060FFE0
:1025B000013C99E71C9B0093013C9DED100B059994
:1025C000019443465A462846EFF796FEF0E71C9BD7
:1025D000424659462846FFF707FF1C9B00932846B2
:1025E000059943465A46F0F787FB002013B0BDE833
:1025F000F08F4FF0FF30F9E70000B03C2DE9F04FCD
:1026000095B081460D46059210932B887E2B00F2E3
:102610005B810026B2463346B0460396109AB2421A
:1026200022DC2C88A4F108036F2B04D9059B1B78AE
:10263000FF2B00F04881082007F080FA40B1A44B3E
:10264000C0E9053403230374002343748374C37403
:1026500000234FF4C4529F491DF089FC0023059AC2
:102660002B80FF231370D0E703991E9A525C0B92C4
:102670001F9A42440D921F9A12F808200692209A3F
:10268000D25C099201330C931E9B0B9A0B4404936A
:1026900013440F932A880F990498A2F108038142EA
:1026A0009BB213D1039B0B9A01331A44069B0392EE
:1026B00008F10108099A98440C9B924413440122A2
:1026C00006998A42C0F2F8800136A7E704996F2B79
:1026D00011F8014F049101D89442DBD1082007F092
:1026E0002DFA50B17C4B43617C4BC0E90634042386
:1026F0000374002343748374C37400234FF404529F
:1027000074491DF034FC0D9B0A931F9B069ADDF85B
:1027100024B0CDF820A0434413440E930C9B0793A0
:102720000A9B0E9A9342B5D00A9B13F8017F0A9335
:10273000059B8DF84A701B78FF2B02D09F4240F01A
:102740008680082007F0FAF950B1654B4361634B6E
:10275000C0E9063704230374002343748374C374ED
:1027600000235C494FF404521DF001FC9DF84A30EF
:10277000402B34D1A4F11003032B24D840F24B1288
:10278000ADF84C20D9F80030022213A92046984712
:10279000074600287FF47EAF082007F0CFF940B14C
:1027A000504B43614D4B836103230374477487741B
:1027B000C774484900234FF4C8521DF0D8FB42208B
:1027C000002118F051FF01220092D9F804700DF198
:1027D0004B030DF14A012046B847074614E0D9F8EB
:1027E0000470002BEFD1A4F11403032BEBD80323C7
:1027F0000093012213AB0DF14A012046B8479DF822
:102800004E308DF84B3007469DF84B301193082021
:1028100007F094F958B1344B4361304B8361119BFD
:10282000C36104230374002343748374C37429496C
:1028300000234FF404521DF09AFB002F7FF42AAFBF
:10284000209B07999DF84B200B445F450AD1089ABD
:10285000079B5A445B440892209A12F803B0013354
:1028600007935DE713F8011B914223D1059B2C8050
:102870009DF84A501D700A20039207F05FF958B185
:102880001A4B039AC561C0E905340523037400237C
:10289000026243748374C37400230E494FF42352BD
:1028A0001DF065FB089B1F44219B53F8270015B0C2
:1028B000BDE8F08F0137C8E72099C95C01330B44AC
:1028C0008A440132FCE62B804FF0FF30EFE700BF77
:1028D000318503002C260300838403005485030004
:1028E000A0840300BE840300D2840300E9840300B3
:1028F0002DE9F04F99B000240693894B09921B886B
:10290000ADF83C3010AA0123CDE912230FAA14928E
:102910000322159214AACDE91623119308900E46AE
:102920008DF83E401094A04623462746099AA242BD
:1029300023DC3478FF2C00F0F080082007F0FEF84C
:1029400040B1784BC0E9053403230374002343747A
:102950008374C374744900234FF4C4521DF007FB01
:10296000FF233370239B0193229B0093099A069BBC
:1029700008983146FFF7BCFFC3E0069ACDF81080F7
:1029800012F807B0229AD25C059201330793069B96
:1029900003EB070909EB0B030A93079B039392468A
:1029A0000A9B4B450BD1059A079B01371344904472
:1029B0005F4401225A45C0F2A9800134B6E732785B
:1029C00019F8013F8DF83B30FF2A0CD093420AD012
:1029D000049A039B524453440492229A12F803A08F
:1029E00001330393DCE70DF13B0243F0800508203F
:1029F00010928DF83B5007F0A1F850B14B4B43615A
:102A00004B4BC0E9063504230374002343748374DD
:102A1000C374454900234FF404521DF0A8FA0899E5
:102A200051F8040B836812AA1D6816ABA847054627
:102A3000082007F083F850B13E4B43613C4BC0E99E
:102A4000063504230374002343748374C374364926
:102A500000234FF404521DF08AFA9DF83D309DF892
:102A60003E20002B14BF1946114602910C209DF800
:102A70003C100B91CDE90C2307F060F888B12E4B88
:102A800043612B4B83610D9B0362029B836207238F
:102A90000B990C9A03740023C161426243748374DE
:102AA000C374214900234FF464521DF060FA002DD5
:102AB0007FF476AF229B039A1344554588D013F8D0
:102AC000012B02998A421FD19DF83B4034700820A7
:102AD00007F034F850B1194BC0E90534029BC361CB
:102AE00004230374002343748374C37400230E49C6
:102AF0004FF403521DF03BFA049B1D44239B53F8F3
:102B0000250019B0BDE8F08F0135D6E72299C95CE0
:102B100001330B44884401324CE74FF0FF30F0E7BB
:102B2000F0270300EA85030034260300A084030095
:102B3000118603007485030080850300B0850300BF
:102B400007EE900AB8EEE77ADFED0C7A0C4B0D4AEF
:102B5000C7EE276A10B5044693ED007AC6EE877A71
:102B6000FDEEE77A17EE903A18B21080064A126826
:102B700080B2526A9047054B1C6010BD00007A4439
:102B8000C8370020B45900207C07002074070020BB
:102B900070B5114C2378C3B9104D2C78C4B91048C6
:102BA00018F076F8062006F0C9FF30B10D4B4361EE
:102BB0000223037444748474C474BDE870400A49E9
:102BC00000234FF486521DF0D2B91BF02CFEE1E732
:102BD0001BF029FEE1E700BFBB5B0020B65B0020D5
:102BE000181E0020318603000C26030010B5094C86
:102BF00023785BB11EF0F1FE074BC3E9000100230F
:102C000023700648BDE8104018F088BD01232370EA
:102C100010BD00BFB55B0020F81E0020181E00206C
:102C20002DE9F04F85B000AF00247860A14625461D
:102C3000A3462646A046A2460F2107F10F02002018
:102C400087F80FA0FCF7FCF8F97B002D08BF0E46B3
:102C5000702920D101340135C82DEDD18EB06A46DE
:102C6000114B53617B68C2F830B0C2E906344FF4AF
:102C7000007393860D4BC2E90898C2E90A6142F8D5
:102C8000103F0B4800234FF4994107F037F91437F0
:102C9000BD46BDE8F08FFF290EBF09F1010908F11B
:102CA00001088B46D7E700BF4986030009000001F1
:102CB0000C26030007B5054B0193054B0093022238
:102CC000044BFFF715FE03B05DF804FBB02C0300C6
:102CD000BE8E0300D58E03001FB5074B0393074B31
:102CE0000293074B0193074B00930B23FFF786FCDE
:102CF00005B05DF804FB00BF402C0300528E0300BA
:102D0000828E0300A18E0300044B1B68002BA6BF1C
:102D1000034A52F823000348704700BF840700208D
:102D2000BC080020A6860300044B1B68002BA6BF2E
:102D3000034A52F823000348704700BF8007002071
:102D400024080020BC860300044B1B68032B9ABF99
:102D5000034A52F823000348704700BFC4370020DD
:102D600014090020BC86030010B5124B1A68124BE0
:102D70009A4204460BD1114B2360012002F098FCCB
:102D800000280CBF4FF0FF306FF0010010BD1BF0AA
:102D90004DFD0B4AD2E90032C01A40F2E93361EB33
:102DA0000201984271F10001E5DA064B1B682360CD
:102DB0000020EBE77C070020202D03000000C84125
:102DC00050050020D83700202DE9F041204B214943
:102DD0001B68214AB3F8760318B1888093F87A0308
:102DE0001070B3F878031D4D1D4C18B193F87B3368
:102DF000A880237008208F88167806F09FFE48B1BF
:102E0000184BC661C0E905370423037400234374DB
:102E10008374C374144900234FF403521DF0A7F8C0
:102E20000820AD88247806F089FE48B10F4BC461B4
:102E3000C0E9053504230374002343748374C37409
:102E4000BDE8F041084900234FF403521DF08FB84C
:102E500038070020FC370020D80C0020F437002071
:102E6000D70C0020C18603000C260300E786030070
:102E7000094B0A4A1B689288A3F87623084A92886D
:102E8000A3F87823074A127883F87A23064A12783F
:102E900083F87B23F5F7A2BE38070020FC3700201B
:102EA000F4370020D80C0020D70C0020054B1B68FD
:102EB0000022A3F87623A2F58032C3F87823F5F731
:102EC0008DBE00BF380700202DE9F84FB44E00AF8B
:102ED0003378002B59D1B34B1C78002C40F05E8125
:102EE00001233370FFF770FFAF4BB04A5A600620E2
:102EF00006F024FE30B1AE4B4361022303744474E8
:102F00008474C474DFF8F892AA49AB4CDFF8F482F9
:102F100000234FF486521DF02AF8A3484946FFF7D4
:102F2000C9FE051EC0F2D7809F48FBF783FE112D16
:102F30002EDD062006F002FE38B1A04B43610223CD
:102F40000374002343748374C3749A4900234FF4B9
:102F500084521DF00CF8FFF7A9FFC4F80080082088
:102F60000024347006F0EAFD40B1954B4361954B67
:102F700083610323037444748474C4748D490023EF
:102F80004FF4C2521CF0F3FFBFE01BF04CFC9FE774
:102F90008D4BEA4688B053F825306A468B49C2E922
:102FA00005134FF400739383894B42F8103F0023BD
:102FB00080484FF4E65106F0A1FF864B53F82530C8
:102FC000D546002BC7D04345C5D099F90020DFF87E
:102FD0003882DFF838A2DFF838922360002A60DAFE
:102FE0000022DB6A1146022098470446002858D187
:102FF000062006F0A3FD30B1774B43610223037432
:1030000044748474C474DFF80CB26A4900234FF42A
:1030100086521CF0ACFFBBF80420802A9DBF002222
:10302000ABF804206D4A02F07F029ABFFF211170B5
:10303000ABF80420FBF7A4FE684A6949FFF74CFE91
:10304000132804466AD8674B53F82010002900F073
:10305000E380414500F0E08091F821209BF80400D6
:1030600091F82010FBF7F0FDBBF8042042F080023D
:10307000ABF80420002800F0CF80082006F05EFDA9
:1030800048B1594B43614F4B8361032303740023C1
:1030900043748374C374474900234FF4C2521CF035
:1030A00066FF4FF0FF34062006F048FD38B14F4B65
:1030B000436102230374002343748374C3740023A5
:1030C0003C494FF484521CF052FFCAF800800023A0
:1030D00089F8003051E0082006F030FD48B1444B3B
:1030E0004361384B83610323037400234374837467
:1030F000C37400232F494FF4C2521CF038FFFFF76E
:10310000D5FE0023C4F8008033700121084602F088
:103110000FFA4FF0FF30BD46BDE8F88FC3DD062043
:1031200006F00CFD38B1254B4361022303740023E4
:1031300043748374C3741F4900234FF484521CF0FA
:1031400016FFCAF8008008204FF0000889F80080B8
:1031500006F0F4FC58B1274B43611A4B83610323FB
:10316000037480F8118080F8128080F81380114970
:1031700000234FF4C2521CF0FAFEFFF779FE2146FD
:103180002846F3F71FFA1C4B1D601C4B1C60054BB7
:10319000012000211870317002F0CAF90020BAE74E
:1031A000BB5B0020BC5B0020BC0700208096980021
:1031B000168703000C2603007C0700202F870300DE
:1031C00061870300CC8C0300BC0800204487030007
:1031D000030000017408002077870300D70C00204B
:1031E000F8370020D4070020A6870300DD870300FE
:1031F0004D870300F6870300840700208007002026
:10320000D80C0020202D0300FC2C030078070020A0
:10321000B95B0020F4370020114BEB4688B053F81F
:1032200024306A460F49C2E905134FF400739383B3
:103230000D4B42F8103F00230C484FF4E65106F0C6
:103240005DFE0B4B53F82430DD46002B3FF479AF85
:1032500043453FF476AFCAF80030012338E700BF9A
:103260002408002044870300030000010C2603000B
:10327000D407002008B502F0F9F8FFF725FED0B119
:10328000A420002118F0F0F9062006F057FC38B110
:103290000B4B436102230374002343748374C37490
:1032A00000234FF4865207491CF061FE064B0022B2
:1032B0009A80FFF709FEBDE8084002F0C3B800BFDE
:1032C000158803000C260300FC3700202DE9F14F80
:1032D000894B8A4D1B68DE8816F0200600F0DE80E0
:1032E000062006F02BFC38B1854B436102230374A2
:1032F000002343748374C374824900234FF48652BD
:103300001CF035FE002637462B6803EB86030E20A3
:10331000D3F844B1D3F850A1D3F85C91D3F86881C5
:1033200006F00CFC0446D0B1774B43615846EDF7EC
:1033300093F9C4E906015046EDF78EF9C4E9080196
:103340004846EDF789F9C4E90A014046EDF784F9EA
:10335000C4E90C010A2323746774A774E7746949EC
:10336000002345F2C002204601361CF000FE032E69
:10337000CAD12B680C20D3F8FC80D3F80071D3F8A5
:10338000046106F0DBFB0446B0B1604B436140468C
:10339000EDF762F9C4E906013846EDF75DF9C4E9D5
:1033A00008013046EDF758F90823C4E90A012374EF
:1033B00000236374A374E3740023524944F2C002EF
:1033C00020461CF0D4FD524B1B78002B4CD0514BA7
:1033D0001B78002B48D0062006F0B0FB38B14E4BCE
:1033E000436102230374002343748374C374454907
:1033F00000234FF486521CF0BAFD002637462B6896
:1034000003EB86030E20D3F814B1D3F820A1D3F830
:103410002C91D3F8388106F091FB0446D0B13A4B99
:1034200043615846EDF718F9C4E906015046EDF737
:1034300013F9C4E908014846EDF70EF9C4E90A0199
:103440004046EDF709F9C4E90C010A2323746774B7
:10345000A774E7742B49002345F2C00220460136C9
:103460001CF085FD032ECAD12B6893F87431002B14
:103470003ED0062006F062FB38B1284B43610223A0
:103480000374002343748374C3741E4900234FF4F0
:10349000865201B0BDE8F04F1CF069BD2B680C20CE
:1034A000D3F8F090D3F8F480D3F8F87006F046FB28
:1034B0000446A8B11A4B43614846EDF7CDF8C4E97C
:1034C00006014046EDF7C8F8C4E908013846EDF7B3
:1034D000C3F8C4E90A01082323746674A674E67469
:1034E0000849002344F2C00220461CF040FD40E79A
:1034F00001B0BDE8F08F00BF34070020380700207E
:10350000395703000C2603004F570300AC55030046
:10351000B95B0020B85B0020065803002F88030029
:103520008955030010B50A4B1B7883B1094C0A4B2F
:1035300020681B6800F275109B689847074A23684B
:10354000126883F87421BDE81040F5F747BB10BD41
:10355000BD5B00203807002088070020C43700200A
:1035600008B5034B1B780BB1F0F716F908BD00BF87
:10357000BC5B002010B5034C237803B910BD1BF0D1
:1035800052F9F9E7B65B0020044B01221A70044B94
:103590001B780BB1FFF7FCBA704700BFBA5B002085
:1035A000B65B00202DE9F0433F4E337889B00446E6
:1035B0000BB1002875D0FFF7E7FF3C4809F076FB18
:1035C000062006F0BBFA38B1394B4361022303747D
:1035D000002343748374C374002336494FF4865226
:1035E0001CF0C5FC344B00251D703570CCB1334B3D
:1035F000334A9D80334B9D80FF231370324A06204F
:10360000137006F09BFA30B1304B43610223037410
:1036100045748574C574274900234FF486521CF005
:10362000A6FC4FF000084FF0000900250727CDE960
:103630000689CDE90375CDE90155254B254900954E
:103640004FF48062194817F059F94FF0FF331748CB
:103650004FF0FF3218F0AAF93378FBB1F4B102242D
:10366000CDE90689CDE90374CDE901551A4B194915
:103670000E4800954FF4806217F040F9062006F0DE
:103680005DFA28B1154B4361047445748574C574A3
:10369000084900234FF486521CF069FC307880F012
:1036A000010009B0BDE8F083BC5B0020181E0020BB
:1036B000068C03000C260300BA5B0020FC370020B8
:1036C000D80C0020F4370020D70C00201C8C0300FD
:1036D000753201000074002061350100328C030056
:1036E00070B500201B4EFFF75DFF347805468CB99E
:1036F000D8B901F0BBFE33783BB9174B1B685B6848
:103700009847BDE8704001F09DBE144B1B685B6894
:103710009847F2E701F0AAFE33781BB10F4B1B6804
:103720005B689847002DECD1E7E7082006F006FA21
:1037300040B10B4B43610B4B83610323037444740F
:103740008474C474BDE87040074900234FF4C2522A
:103750001CF00DBCB95B00207C070020780700201E
:10376000468C0300B08C03000C26030010B500202B
:10377000FFF718FF50B901F079FE0F4B1B689B6AE9
:103780009847044601F05EFE204610BD082006F072
:10379000D5F948B1094B4361094B83610323037495
:1037A000002343748374C374064900234FF4C25248
:1037B0001CF0DDFB0024E7E77C070020658C03009C
:1037C0009F8C03000C26030010B50D4B1B78B3B182
:1037D0000C4817F049FD062006F0B0F938B10A4B45
:1037E000436102230374002343748374C374BDE8EC
:1037F0001040064900234FF486521CF0B8BB10BDA0
:10380000BA5B0020181E0020898C03000C260300E0
:10381000084B1B7863B1084A084B92ED001A084A1E
:103820001B68D2ED000A074A1B6892ED000A184790
:10383000704700BFB15B0020CC3700208807002014
:10384000D4370020D03700201FB5FFF7E1FF0D4B24
:103850001B786BB10023CDE9013303930A4B1B683E
:1038600001A81B6A9847FFF75DFE05B05DF804FBF1
:10387000064A126882F8743105B05DF804EBF5F77A
:10388000ADB900BFBD5B00208807002038070020CD
:103890009FED010A704700BF000000009FED010A84
:1038A000704700BF0000000038B5264C20681DF0AE
:1038B0007CFF38B96FF00100234AB0FA80F35B094E
:1038C000137038BD214D28461DF06FFF0028F1D040
:1038D0006B68A9681B682A6998040AD41C491D48AA
:1038E0004FF47F721BF095FE19484FF47F711BF067
:1038F00087FE136823F4005313600B684FF4C02253
:103900000D21284698470028D6D10146142204F1FB
:103910000C001EF0D6F804F1200262610222A261BE
:1039200040F20E720123A28321460B4A2361A37742
:103930004FF40073C4E9012351F8040B83681B683A
:103940009847B9E724090020BE5B0020DC1C030077
:10395000EE8903001F8A03000404034010B5144BD2
:103960001B780BB3134B59681A69096889040AD488
:103970001149124840F28D621BF04BFE0E4840F296
:103980008D611BF03DFE1268920448BF80F001007B
:1039900038B19B68DB680748BDE810404FF4005120
:1039A00018479B681B69F6E76FF0010010BD00BF68
:1039B000BE5B0020DC1C0300EE8903001F8A0300AD
:1039C00073B5144B1B7813B3134D294651F80C0BE8
:1039D00083685B6898470023AB77B0B92B68B5F96B
:1039E00020409B6828791B892E7F634301A901939E
:1039F0000CF0B2F808B9019C344108484CF2387216
:103A0000002384FB0001EDF7F7F902B070BD6FF001
:103A10000100FAE7BE5B002024090020D84D020017
:103A200070B506460120FFF799FF044670B9FFF70D
:103A3000C7FF05462046FFF791FF002D08DB3560E4
:103A400028460449BDE870401AF020BF4FF0FF340B
:103A5000204670BD2840030070B51DF0BEFF084B26
:103A60001B68D3E90A24D3E90856521B64EB060409
:103A7000121844EB0104C3E90A24C3E9080170BD2C
:103A80003807002010B50446FFF7E6FF0B4B1B6814
:103A9000002000214FF4FA721C835C8304F2F314BB
:103AA00094FBF2F4C4EB441204EB8204C3E90A0170
:103AB000C3E90E01A4001C8610BD00BF380700201A
:103AC0001FB50D4B1B68B3F91810B3F91A20881AEB
:103AD000B0F57A7F0DDBADF80220D3E90A23ADF80B
:103AE0000010CDE90223002110236A46082001F0CE
:103AF00087FF05B05DF804FB380700202DE9F04F83
:103B000098208FB018F0CCFC00254FF0FF3A81468A
:103B1000A0F108062F46AB46A846544605F1090019
:103B2000202206A980B201F0A7FFBDF81820B2B389
:103B30000023DDE90801EDF75FF94FFA85FAC719AF
:103B400008F101084BEB010B02460B46B4F1FF3FB5
:103B500008BF54465FFA88F846F8082F0135132D40
:103B60007360DBD1B8F1010F01D9631C19D10620B4
:103B700005F0E4FF38B1414B436102230374002395
:103B800043748374C3743E4900234FF484521CF081
:103B9000EEF948460FB0BDE8F04F1DF048BF1346A0
:103BA000DAE7242018F07CFC2422002100901DF08C
:103BB00088FFC4EB441304EB83039B009BB2424693
:103BC00002933846002359460AF10105EDF714F92E
:103BD0002D1BC5EB451605EB8606A5EB0805EA1778
:103BE00005FB01F302FB0033B600A5FB00521344B2
:103BF00036B2EA194FF0000543EB0B030190039135
:103C000009EBC407A8464FEAE67B544515DB484656
:103C10001DF00DFF1B4B009A19681D202423403115
:103C200001F0EEFE00981DF002FF174A137823F012
:103C3000080313700FB0BDE8F08FD7E9001051EA08
:103C4000000C04BF01990398491940EB08080D4680
:103C500006FB08F1A6FB050C05FB0B116144CDE941
:103C60000432EDF7C9F8029B1844009B083723F88B
:103C70001400DDE904320134C7E700BFE78E03001A
:103C80001425030038070020C15B002008B5054B50
:103C9000186031B9044B18601DF09FFE034BC3E957
:103CA000000108BD4C09002048090020481F0020E1
:103CB00070B5474B474CB3F900208242054603D10B
:103CC000B4F90050284670BD18804FF4FA7390FB89
:103CD000F3F3D9B24A1E112A36D83F4A10685A1E49
:103CE00012B2203230F912204AB1122935D191B2E4
:103CF00042F2107399423BD842F21C5314E0C3EBDA
:103D0000431203EB82029200122912B2F4D0203344
:103D100030F91330002B54D14B1CDBB2C3EB4311F1
:103D200003EB81039B001BB29A4221DC4FF4FA7033
:103D300095FBF0F100FB115109B29B1A4B4393FB29
:103D4000F0F313441DB227E0C1EB411201EB8202F4
:103D50009200112990B212B220D81F482033006877
:103D600030F9133096B242F2107043BB8642D3D979
:103D7000082005F0E3FE48B1184B4361184B8361FE
:103D800003230374002343748374C374154900230D
:103D90004FF4C2521CF0EBF8258093E70131C1EBE0
:103DA000411301EB830189008BB242F2107188420A
:103DB000DED842F604118B42DAD81BB2B6E786424F
:103DC000D6D898B242F604118842D1D8ACE700BFE9
:103DD0003A0C0020380C0020380700209790030090
:103DE0004491030014250300014B1868704700BF7D
:103DF0004C090020054B1B6841F29312A3F2DD50E1
:103E0000904294BF18464FF0FF3070474809002099
:103E1000014BB3F9000070473E0C0020014BD3E981
:103E200000017047481F00202DE9F041244F254D27
:103E30003C7814F0010488B004D0D5E9000108B042
:103E4000BDE8F08100220023C5E9002309262022D5
:103E50006946304601F010FEBDF800206AB100232B
:103E6000DDE90201ECF7C8FFD5E90023801843EB38
:103E70000103C5E900030134E4B20136B6B21C2ED9
:103E8000E5D1D4B1D5E90086C4F11400C31700FB15
:103E900006F108FB0311A0FB080C00232246614435
:103EA000ECF7AAFF3B7810EB080046EB010143F06A
:103EB0000103C5E900013B70C1E720462146BEE78A
:103EC000C15B0020301F00202DE9F041234F244D1D
:103ED0003C7814F0020488B004D0D5E9000108B0A1
:103EE000BDE8F08100220023C5E900230926202235
:103EF0006946304601F0C0FDBDF8003053B1D5E948
:103F00000021049B9B18059A42EB0102C5E900328F
:103F10000134E4B20136B6B21C2EE8D1D4B1D5E9F1
:103F20000086C4F11400C31700FB06F108FB03115F
:103F3000A0FB080C002322466144ECF75DFF3B78B0
:103F400010EB080046EB010143F00203C5E9000154
:103F50003B70C4E720462146C1E700BFC15B00209B
:103F6000281F00202DE9F041234F244D3C7814F008
:103F7000040488B004D0D5E9000108B0BDE8F081A0
:103F800000220023C5E90023092620226946304685
:103F900001F072FDBDF8003053B1D5E90021069B58
:103FA0009B18079A42EB0102C5E900320134E4B2E2
:103FB0000136B6B21C2EE8D1D4B1D5E90086C4F1E1
:103FC0001400C31700FB06F108FB0311A0FB080C4B
:103FD000002322466144ECF70FFF3B7810EB08000A
:103FE00046EB010143F00403C5E900013B70C4E75F
:103FF00020462146C1E700BFC15B0020201F0020F2
:1040000070B51B4E33781B0703D51A4BD3E900015B
:1040100070BD194B194AD3E90013914273F10003A3
:1040200002D200200146F3E7FFF7FEFE50EA01034B
:1040300004460D46F5D0124BB3F900000028F0DB22
:10404000FFF736FE031EECDBDA175D43A3FB04012A
:1040500004FB0255002342F210722944ECF7CCFE17
:10406000044BC3E90001337843F008033370CFE712
:10407000C15B0020181F0020401F002001001E000F
:104080003E0C002070B50F4E0F4D337813F0100327
:1040900088B002D0286808B070BD2B600924204683
:1040A0002022694601F0E8FC01342B68BDF80000CD
:1040B000A4B218441C2C2860F1D1337843F01003CB
:1040C0003370E8E7C15B00200438002070B5104E63
:1040D000104D337813F0200388B002D0287808B050
:1040E00070BD2B70092420226946204601F0C4FCD3
:1040F000BDF8003013B12B7801332B700134A4B21A
:104100001C2CF0D1337843F020033370E6E700BF76
:10411000C15B0020C05B00200A4B1A6800233E32BE
:1041200032F9021F002907DDDBB2C3EB431203EBB8
:104130008203980000B270470133122BF0D14FF088
:10414000FF30704738070020094B1A68112303F12C
:10415000200132F91110002902DC013BDBB2F6E745
:104160000233C3EB431203EB8203980000B27047A3
:104170003807002030B52B4D2B788DB033B92A4845
:104180001BF0D4F901232B700DB030BD27481BF074
:10419000CDF94FF0FF30FFF775FC10220021684683
:1041A0001DF08FFC10236A460021082001F028FC36
:1041B00009242022002104A81DF083FC204601349C
:1041C000202304AA0021A4B201F01AFC1C2CF0D177
:1041D000242018F065F92422002104461DF071FC0A
:1041E000134B19682246242340311D2001F008FC9E
:1041F00020461DF01CFC0F4B002406201C702C7068
:1042000005F09CFC30B10C4B4361022303744474F1
:104210008474C474094900234FF486521BF0A7FE2E
:10422000B2E700BFBF5B0020A99003001391030019
:1042300038070020C15B00202E91030014250300E5
:104240000F4B53F8203022EAE272002B01FB02F2FE
:1042500042F21071B2FBF1F20BDA0A4B1B68B3F9B0
:104260000A304FF4FA60534393FBF1F35843F0F7ED
:10427000ABBD4FF4FA605A43B2FBF1F25043F6E79C
:10428000502D03003407002010B5034600681B7949
:1042900002690121994043681B6819420AD10A4901
:1042A0000A4840F28D621BF0B4F9074840F28D6174
:1042B0001BF0A6F9136819428368BDE810400CBFD3
:1042C0001B69DB68184700BFEE8903001F8A0300E3
:1042D00070B503460C46DA8800681979224302F06B
:1042E0003004302CD0E9013605690AD11849194843
:1042F00040F2E2321BF08DF940F2E23114481BF03B
:104300007FF902F00604042C08D11149114840F24B
:10431000E9321BF07EF940F2E931EFE71B68012436
:104320008C401C4208D10A490A484FF47F721BF0A6
:1043300070F94FF47F71E1E72B6812F0010F14BFA1
:104340002343A3432B603368BDE87040184700BF88
:10435000EE8903001F8A030010B5174C4FF400319B
:104360002046FFF7B5FF2046144CFFF78DFF4FF4B2
:1043700000312046FFF7ACFF2046114CFFF784FFC9
:104380004FF400312046FFF7A3FF20460D4CFFF706
:104390007BFF4FF400312046FFF79AFF20460A4C7E
:1043A000FFF772FF4FF400312046FFF791FF2046E0
:1043B000FFF76AFF002010BD842D03007C2D030051
:1043C000742D03006C2D0300642D0300012870B5CB
:1043D000354E04460D4639D817F0E6F9334B834283
:1043E00034D1334B1B68F4542F49002211F8013BA0
:1043F000012B03D10132082AF8D123462D49087830
:10440000984225D1012B4DD8294B1A602A4B002206
:104410001A600021294806F095F929480021FFF784
:1044200057FF28480021FFF753FF27480021FFF7D7
:104430004FFF26480021FFF74BFF25480021FFF7DB
:1044400047FF1A48BDE8704016F022BC7455CBE710
:104450000B7017490A60184A0021012B1160D8D946
:1044600017F0A2F9114DA842044610D0284616F0C4
:104470000FFC0121114806F065F9FFF76DFF284692
:1044800016F0F2FE2846BDE8704017F047B901214A
:104490000A4806F057F9FFF75FFF204616F0E4FEE2
:1044A0002046F0E770BD00BFD90C0020501F00204F
:1044B0000C380020C25B002008380020B01E03002A
:1044C000842D03007C2D0300742D03006C2D03004C
:1044D000642D030038B5AD4DAD4C2B78023B122B4B
:1044E0001AD8DFE813F013001D0033004300520018
:1044F000680078008C009D00AD00B300C100F100A1
:104500000B011D01270131013901440142F21072F2
:1045100011460020FFF794FE9E4816F0B9FBDCE739
:104520002268013202F0010248BF524242F2107189
:10453000042022604A43FFF783FE2368012B14BF47
:104540004FF4617064201AF0E2F9C6E72268013284
:1045500002F0010248BF524242F210712260002074
:104560004A43FFF76DFE4FF4FA70ECE72268013220
:1045700002F0010248BF524242F210712260002054
:104580004A43FFF75DFEC820DDE72368013313F0DF
:10459000010F42F210710CBF0A4600220120236075
:1045A000FFF74EFE2368032B40F0EE800021012030
:1045B000FFF70CFF91E72368013313F0010F42F27C
:1045C00010710CBF0A46002201202360FFF738FE5D
:1045D0002368052BE8E72368013313F0010F42F24B
:1045E00010710CBF0A46002203202360FFF728FE4B
:1045F0002368072B40F0C88000210846D8E72368CD
:10460000013313F0010F42F210710CBF0A46002271
:1046100001202360FFF714FE2368052BB3D1C5E703
:104620002368013313F0010F42F210710CBF0A46E8
:10463000002201202360FFF703FE2368092BEDE72A
:1046400042F210724FF4FA61012063E722680132EE
:1046500002F0010248BF524242F2107322604FF44E
:10466000FA615A4303207CE722684FF47A730132DF
:1046700092FBF3F103FB1122B2F5FA7F2260C8BF6F
:104680009A1AC72A08DC1E235A43032042F21071EB
:10469000FFF7D6FD052056E7B2F5967F06DAC83A51
:1046A000142141F2707301FB0232EEE7B2F5C87FCC
:1046B000ABBF02EB8202C2EB021202F5EA5202F633
:1046C000AC52A8BF0C32E0E72368013303F00103CA
:1046D0001A4642F2107148BF5A42002B22604FF036
:1046E00000000CBF0A460022FFF7AAFD2368002B3A
:1046F00042F2E45008BF4FF4967024E722680A2380
:10470000013292FBF3F103FB11222260032AD4BF92
:1047100002F00102002242F210714A43022020E717
:1047200022680A23013292FBF3F103FB112222607B
:10473000052AECE722680A23013292FBF3F103FB1E
:1047400011222260072AE2E72268013202F0010208
:1047500048BF52422260DEE72268013202F00102C5
:1047600048BF524242F2107122604A437AE72268FF
:10477000013202F0010248BF524242F2107122603F
:1047800002204A43FFF75CFD6420DCE6C25B0020A8
:1047900008380020501F002007B5012000F088FFD6
:1047A00088B1062005F0CAF938B11B4B43610223DA
:1047B0000374002343748374C374184900234FF4B3
:1047C00084521BF0D4FB042000F072FF88B1062055
:1047D00005F0B4F938B1124B43610223037400238E
:1047E00043748374C3740D4900234FF484521BF047
:1047F000BEFBFEF7C9FEFEF773FF00210846FFF778
:10480000E5FD9FED080A01A900201AF0FAF801F071
:1048100087F803B05DF804FB99910300E4250300D9
:10482000CF9103000000000008B503685909024653
:1048300013D0012906D103F01F034FF6FF71D940B1
:10484000C80712D40A490B4840F2CA321AF0E1FEF6
:10485000074840F2CA311AF0D3FE4FF0FF31D94079
:10486000C907EFD54FF0A04000E00348136008BD32
:10487000059203001F8A03000003005010B50820B2
:1048800005F05CF948B1094B4361094B836103238F
:104890000374002343748374C374BDE81040054956
:1048A00000234FF4C2521BF062BB00BF38920300DA
:1048B0000B950300E4250300034B1A680AB1FFF7C8
:1048C000DDBF1860704700BF1038002008B5062013
:1048D00005F034F938B1094B436102230374002316
:1048E00043748374C374002305494FF486521BF04C
:1048F0003EFBBDE80840C8201AF028B869920300C2
:10490000E425030008B5064805F0BEFA30B1436857
:104910005B791BB1BDE80840FFF7D8BF08BD00BFF9
:104920008292030037B50446062005F007F938B136
:104930006C4B436102230374002343748374C37478
:10494000002369494FF486521BF011FB674B1B682B
:104950005B88DB0633D594BBF3F714FD58BB644C7E
:10496000D4E90032134308D119F0E2FF47F2305383
:10497000C01841F10001C4E9000119F0D9FFD4E9E0
:104980000023904299414FF0060080F2988005F094
:10499000D5F838B1574B43610223037400234374A5
:1049A0008374C374504900234FF4865203B0BDE8AA
:1049B00030401BF0DCBA00F081FE0028CFD0FFF7BA
:1049C000EBFEFEF7AFFDFEF7D1FE0446062005F034
:1049D000B5F838B1484B4361022303740023437494
:1049E0008374C374404900234FF486521BF0BFFA0E
:1049F000082005F0A3F850B1404B43612B23C0E9D8
:104A0000063404230374002343748374C374364947
:104A100000234FF403521BF0AAFA2B2501A801959D
:104A2000FFF702FF019B019500EB8300344BD0F8A8
:104A300000271340C4F3071243EA8203C0F800378B
:104A400001A8FFF7F1FE019B00EB830004F00F04C7
:104A5000D0F8003723F4403343EA0444C0F8004759
:104A6000062005F06BF838B1264B4361022303742E
:104A7000002343748374C3741B4900234FF486528C
:104A80001BF075FA062005F059F838B11E4B43614A
:104A900002230374002343748374C3744FF4865257
:104AA000114900231BF063FA184B1978184BB3F91E
:104AB0000000EFF709FFFFF725FF1AF0B9FE05F038
:104AC0003DF838B1134B4361022303740023437450
:104AD0008374C374044900234FF486521BF047FAD1
:104AE0006DE700BF93920300E42503003407002024
:104AF00030200020A9920300FB92030012930300D0
:104B0000F0F8FCFF339303004F930300C75B0020D2
:104B10006E0C0020E092030008B5062005F00EF8A8
:104B200038B1174B43610223037400234374837429
:104B3000C374144900234FF486521BF018FAFFF790
:104B40002BFE062004F0FAFF38B10F4B436102231D
:104B50000374002343748374C3744FF48652094969
:104B600000231BF004FA094B1978094BB3F9000034
:104B7000EFF7AAFEFFF7C6FE012003F00DFD00BF10
:104B800060930300E425030078930300C75B0020D3
:104B90006E0C002073B50446062004F0CFFF38B138
:104BA000654B436102230374002343748374C3740D
:104BB000624900234FF486521BF0D9F9FFF7ECFD50
:104BC00019F0B6FE05460E461CB921460820FFF72F
:104BD000FDFBFEF76BF9062004F0B0FF38B1584B2F
:104BE000436102230374002343748374C3745349E1
:104BF00000234FF486521BF0BAF9082004F09EFF00
:104C000048B1504B43612B2383610323037400237A
:104C100043748374C3744FF4C652484900231BF095
:104C2000A6F92B2301A80193FFF7FEFD019B00EBE2
:104C30008300454BD0F80027134043F00603C0F82B
:104C40000037062004F07AFF38B1404B436102235D
:104C50000374002343748374C374384900234FF4EE
:104C600086521BF084F9082004F068FF48B1384BE5
:104C700043611F23836103230374002343748374FC
:104C8000C3744FF4C6522D4900231BF070F91F2343
:104C900001A80193FFF7C8FD019B00EB83002A4B9D
:104CA000D0F80027134043F00203C0F80037062075
:104CB00004F044FF38B1274B4361022303740023FF
:104CC00043748374C3741D4900234FF486521BF050
:104CD0004EF9062004F032FF38B11F4B4361022326
:104CE0000374002343748374C374144900234FF482
:104CF00086521BF03CF9194B1978194BB3F9000097
:104D0000EFF7E2FDA4B940F28A2419F011FE401B2E
:104D100061EB0601A04271F1000105DB00210846AC
:104D2000FFF754FB1AF084FD012019F00FFEECE7A9
:104D3000FFF7E8FDF6E700BF86930300E4250300D4
:104D40009B930300BE930300F0F8FCFFD393030092
:104D5000F1930300059403004F930300C75B002009
:104D60006E0C00202DE9F04F2DED028B082197B03D
:104D70000E20FFF72BFB8748002105F0E3FC864B54
:104D80001B68013B042B09D8DFE813F00500440041
:104D9000A001460048000020FFF7C4FD7E4A7F4C7A
:104DA0000023136019F03AFE804619F039FE83465D
:104DB00019F038FE029007A800F07EFD054608A80D
:104DC000FDF7D2FFDDED077A9DED088AF4EEC87A93
:104DD000F1EE10FAF4EE487A54BFF0EE488AF0EEA5
:104DE000678AF1EE10FAC8BFB0EE678A002D00F0B6
:104DF0009180471C15D0002800F08C8002302AD109
:104E0000674B4FF0FF304FF0FF31C3E90001012342
:104E1000237020E00120BFE7FFF77EFE0120FFF7AF
:104E2000B9FE5F4DD5E90023B3F1FF3F08BFB2F1F2
:104E3000FF3F03D119F07CFDC5E9000119F078FDB1
:104E4000D5E90032C01A40F2E93361EB0201984221
:104E500071F10001DBDA2478524D002C00F08380E0
:104E6000514B1C78002C7ED02E7896B9082004F087
:104E700065FE40B14D4B43614D4B83610323037489
:104E800046748674C6744B4900234FF4C2521BF01B
:104E90006EF84FF0FF3909A82C70FEF7C1FD05B27E
:104EA000002D14DA082004F049FE50B1424B436152
:104EB000424BC0E906350423037400234374837412
:104EC000C3743C4900234FF401521BF050F83C4A94
:104ED0001378172B9CBF01331370099A40F2DC53EF
:104EE0009A42A2F1640A374B47DD41F20C718A45C0
:104EF00000F2F98034491C780968002935DAADB32D
:104F0000002C40F0E58041F2CC018A42264661DC6B
:104F1000012761E019F00CFD214BC3E90001237862
:104F200083B9F1EE047AF4EEE78AF1EE10FA3FF578
:104F30006EAFDFED267AB4EEE78AF1EE10FA3FF7B6
:104F400066AF88E7F2EE047AF4EEE78AF1EE10FA43
:104F500081DDDFED1F7AB4EEE78AF1EE10FA7FF51E
:104F60007AAF002354E7A14695E7C9D1002C40F061
:104F7000B88041F2CC010124C7E71C78002C40F036
:104F8000B28041F20C7292452746264624D900226F
:104F90001A7021E0481D030010380020C55B002076
:104FA00060050020C35B0020C75B00201E94030047
:104FB000F8940300E42503003994030023950300CB
:104FC000CB5B0020C95B0020500900200000344268
:104FD0000000204201271F704FF08042D2F8382491
:104FE00002F001020392524A117800297FD1BBF1ED
:104FF000000F05D1029919B91B780BB9039B23B196
:1050000001211170102000F093FA4A4B029A1A7095
:10501000494B1B780593002B39D1099B0493082039
:10502000002F74D004F08AFD68B1444A049B4261A9
:10503000C3616422059B95FBF2F282610422027433
:1050400043748374C37400234FF403523C491AF031
:105050008EFF41F20C739A4516D9082004F06EFDBC
:1050600048B1384B4361384B8361032303740023F9
:1050700043748374C37400234FF4C25230491AF04E
:1050800076FF324B01221A702B4B01221A7016B197
:10509000274B1B7813B1B8F1000F5DD0B4B10620D7
:1050A00004F04CFD38B12A4B436102230374002302
:1050B00043748374C374224900234FF484521AF05A
:1050C00056FF1B4B00201978EFF7FEFB0020A6E6E9
:1050D0000026344641F29A018A423FF719AF012770
:1050E00055E70126F6E70026374634464FE7BBF181
:1050F000000F8AD10299002987D11B78002B84D117
:10510000039B002B81D182F800B059467AE704F066
:1051100015FD40B10F4B4361049B8361032303746E
:1051200047748774C77400234FF4C6528EE700BFDC
:10513000C75B0020C65B0020C85B002060940300B2
:10514000E42503009394030023950300C45B00202F
:10515000BB94030075940300AA4B1E68002E37DB36
:10516000AB1B002BB8BF5B42B3F57A7F30DD0A2062
:1051700004F0E4FC0446D8B1A34B43613046EBF79E
:1051800059FAA24B0022EBF7E9FBC4E906012846D5
:10519000EBF750FA9D4B0022EBF7E0FBC4E9080166
:1051A0000623237484F8118084F8128084F8138015
:1051B000002397494FF4435220461AF0D8FE2E227E
:1051C00094484FF0FF311CF07CFC934B01221A7085
:1051D000904B0AAA03F1280C1E4618685968144619
:1051E00003C4083363452246F7D1186820609B88C2
:1051F0008A4AA3801368ADF85650172126F8135039
:10520000013393FBF1F001FB103313600AA9002274
:10521000B1F9020053B20C4634F90269B04204DA23
:10522000013B5BB2A6805E1CF6D101335BB216ACCB
:1052300004EB43030132172A23F8300C01F1020179
:10524000E6D1704B744C00221A602378D908C3EB66
:10525000D3031833DBB21046C1F118018B426ADB6D
:10526000684BB8F1000F00D01A6010B11D6895FBB3
:10527000F0F51D606A4B1A6805F1640191426ADA23
:1052800019601B68674D6422643B5343632293FBA0
:10529000F2F32B80FEF7B4FE634BB5F900E01B6818
:1052A000D3F844C0002F67D0DFF88C814FF47A76B2
:1052B000A0FB062398F800A006FB0133D20B42EABC
:1052C00043424FEAEC76DB0BBAF1000F4ED10143BB
:1052D00045D0624573EB060644D3544E09983178A5
:1052E000FEF7D4FC2378182B01D0337823B1317822
:1052F000B5F90000EFF7E8FAB5F900004C4CFEF7FD
:10530000D7FC099A00924B4A317812780346384606
:10531000F1F700FA2378002B36D1B9F1000F33D121
:10532000042000F0C5F918B10021042000F000F9B4
:10533000002101203CE016AE06EB4306013336F9AE
:10534000306CB6F1FF3F1FBF01309219C0B24FF071
:105350000108DBB282E79542C8BF1D6091E7BEF548
:105360007A7FBADA012388F80030B6E7014307D024
:10537000624573EB0606B0D32F4B00221A70ACE7E0
:10538000BEF57A7FA9DBF7E7042000F091F938B980
:105390000121042000F0CCF8B9F1000F06D1C7E7D5
:1053A0002378002BF8D1B9F1000FB9D000211420D7
:1053B000FFF70CF8214B1A78214B4AB11A783AB111
:1053C00006211320FFF702F8642019F0BFFAD2E497
:1053D000BBF1000F02D006210D20F3E7029A12B1B3
:1053E00006210B20EEE71B78002BF4D1039B002B4A
:1053F000F1D1114B1B7806210BB10C20E2E7012003
:10540000E0E700BF50090020CE940300000059409F
:10541000E4250300400C0020CB5B00201438002062
:10542000540900206E0C002034070020C75B0020C8
:10543000C45B0020C65B0020CA5B0020C55B002067
:10544000C95B002010B5074C0748002105F07AF928
:105450000021204605F076F920460021BDE81040E5
:1054600005F070B98C1E0300D41E030010B5074C64
:105470000748012105F066F90121204605F062F98F
:1054800020460121BDE8104005F05CB98C1E0300E8
:10549000D41E030010B5054C237813B1044B1878C3
:1054A00010BD012016F01CF9F6E700BFC85B002014
:1054B000C95B002038B50A4C0A4D23689B074FF0A2
:1054C000070106D40120FEF781FF284615F0E0FB16
:1054D000F3E71020FEF77AFF19F06EFAEDE700BF50
:1054E00018380020F8210020F8B50F4E0F4D346811
:1054F000E20704F0050705D505210F20FEF766FF3A
:1055000019F05AFA630705D505211120FEF75EFF51
:1055100019F052FA002FEAD105210120FEF756FFBB
:10552000284615F0B5FBE2E718380020D822002005
:1055300070B5514D04462B680E46002900F0888056
:10554000034308282B6009D870B1441E072C0BD8E0
:10555000DFE804F023390A4F0A0A0A56202869D0E6
:1055600040286ED010285ED02868F1F7FFF8082098
:105570002C6804F0E3FA40B1404BC0E90534032342
:105580000374002343748374C374BDE870403C49C2
:1055900000234FF4C6521AF0EABC082004F0CEFAF9
:1055A00048B1384B4361384B8361032303740023B4
:1055B00043748374C374324900234FF4C2521AF007
:1055C000D6FC324812E0062004F0B8FA38B1304B6D
:1055D000436102230374002343748374C374284912
:1055E00000234FF484521AF0C2FC2A4815F03CFE06
:1055F000BAE7082004F0A2FA0028DCD0264BD1E755
:10560000062004F09BFA38B1244B43610223037453
:10561000002343748374C37400234FF486521849E3
:105620001AF0A5FCA0E7062004F088FA0028F3D0C1
:105630001B4BEAE7062004F081FA0028ECD0194B56
:10564000E3E7062004F07AFA0028E5D0164BDCE701
:1056500023EA000308202B6004F070FA38B1134BE2
:105660004674C0E90534032303748674C6740023AA
:105670004FF4C652D3E700BF18380020EC95030062
:105680005426030056950300F7950300D822002006
:1056900075950300F8210020869503009895030076
:1056A000A6950300B6950300CA950300D99503009B
:1056B000014B1B681840704718380020034B1B68CB
:1056C00033F002030CBF012000207047183800207F
:1056D00008B503685909024613D0012906D103F021
:1056E0001F034FF6FF71D940C80712D40A490B486F
:1056F00040F2CA3219F08DFF074840F2CA3119F062
:105700007FFF4FF0FF31D940C907EFD54FF0A040E0
:1057100000E00348136008BD059203001F8A0300E0
:1057200000030050F0B51F4F3E7885B0EEB91E4D16
:105730001E48A8624FF47A21296001AA1BF029F8BB
:105740000446A0B1082004F0F9F940B1184B4361B8
:10575000184B83610323037446748674C674164918
:1057600000234FF4C2521AF002FC05B0F0BD029BB8
:10577000AB8128460423EB8103F040FC70B1082084
:1057800004F0DCF90028EAD00C4B4361094B83613B
:105790000323037444748474C474E0E701233B70EE
:1057A000E3E700BFCE5B002028380020681E03001E
:1057B0002F960300E99803005C2603004B96030034
:1057C000F8B51E4C6768A5683B68226999050AD43C
:1057D0001B491C484FF47F7219F01BFF4FF47F7177
:1057E000174819F00DFF136843F4007313602B681A
:1057F000154A092120469847AE6996B13B689B053A
:1058000008D40F490F4840F2933219F002FF40F2DA
:105810009331E5E74FF0C0634FF0A07209212046B5
:10582000B0470A490A4B4B604FF400738B60EB6939
:1058300013B10248012298470020F8BDDC1C030088
:10584000EE8903001F8A0300110001001C380020AC
:10585000295D010038B5134B134D9C681148E3686E
:1058600040219847C0B1082004F068F948B10F4BB7
:1058700043610F4B836103230374002343748374D8
:10588000C3740C4900234FF4C2521AF070FB4FF45A
:10589000FA7019F0A6F8E1E719F095F8C5E90001EA
:1058A000F5E700BFF81E03006805002063960300BB
:1058B000F69803005C26030038B5044619F083F817
:1058C000134AD2E90032C31A61EB020140F2E93215
:1058D000934271F1000118DA0E480F4D83682A4691
:1058E0001B690C219847D5ED017ADFED0C6AB8EE03
:1058F000E77A0020C7EE267A95ED007AB8EEC77AEF
:1059000077EE877AC4ED007A38BD4FF0FF30FBE7C1
:1059100068050020F81E0300583A0020002474494E
:1059200013B5292468460094FFF7D2FE009B01942A
:1059300000EB8300144BD0F80027134043F00C0316
:10594000C0F8003701A8FFF7C3FE019B00EB8300FE
:10595000D0F8003743F44033C0F80037062004F095
:10596000EDF838B1094B43610223037400234374FB
:105970008374C374064900234FF4865202B0BDE815
:1059800010401AF0F4BA00BFF0F8FCFF9B96030039
:105990005C26030010B5094B094C1B7853B9FFF77F
:1059A000C1FE226807480123643219461AF085FABD
:1059B000F3F714F9236893F8640010BDCD5B002061
:1059C000380700202838002010B50A4C236883F8D7
:1059D0006400094B1B7843B9FFF7A4FE226807480F
:1059E00001236432194603F007FDBDE81040F3F7C8
:1059F000F5B800BF38070020CD5B00202838002014
:105A00002DE9F0410C46074615461E46FFF78AFE73
:105A100024B13246294620461CF02BF82A4612486B
:105A20003346394603F0E8FC051E16DA082004F078
:105A300085F850B10D4B43610D4BC0E90635042389
:105A40000374002343748374C374BDE8F0410949AF
:105A500000234FF401521AF08ABA1CB1BDE8F0419C
:105A6000F3F7BCB8BDE8F08128380020B0960300F9
:105A7000DF9803005C26030070B504460D46164609
:105A8000FFF750FE21461C4833462A461AF015FA05
:105A9000041E2FDAA31C26D0082004F04FF850B1C2
:105AA000164B4361164BC0E90634042303740023EC
:105AB00043748374C374134900234FF401521AF0E2
:105AC00056FA062004F03AF838B10F4B436102232E
:105AD0000374002343748374C3740A4900234FF48E
:105AE00084521AF044FA324628460021BDE870403C
:105AF0001BF0E7BF70BD00BF28380020D69603001A
:105B0000D69803005C260300FD96030010B54FF005
:105B10008043D3F80034DB075EBF354B01221A7097
:105B2000F3F72EF804460620002C4BD104F006F8BB
:105B300030B1304B43610223037444748474C474E1
:105B40002D4C2E4900234FF484521AF010FAFFF71F
:105B5000E9FD2168082265310220FFF78DFF2168E9
:105B600080226D311F20FFF787FF21680C22F03162
:105B70000320FFF781FF21680C22FC310420FFF78E
:105B80007BFF2168302201F58A710520FFF774FF41
:105B90002168302201F5A2710720FFF76DFF21680F
:105BA000242240311D20FFF767FF2168802201F584
:105BB0005F711E20FFF760FFF0F7B6FBF3F70EF8FA
:105BC000002010BD03F0BAFF38B10D4B4361022332
:105BD0000374002343748374C37400234FF4865208
:105BE00006491AF0C4F9024B01221A70E8E700BF17
:105BF000CD5B002013970300380700205C260300CC
:105C00002397030070B5194D2B782BB9184819F05C
:105C10008DFC01232B7070BD164819F087FCFFF72F
:105C200081FD154B4FF48062186800211BF049FF7D
:105C3000124803F0B3F9F0F777FBF2F7CFFF104B00
:105C4000002406201C702C7003F078FF30B10D4B3F
:105C500043610223037444748474C474BDE87040C7
:105C6000094900234FF486521AF081B9CC5B002019
:105C700031970300C297030038070020283800201E
:105C8000CE5B0020DE9703005C26030038B50E4C87
:105C9000FFF748FD0D484FF4C04119F047FCA189BA
:105CA000E2890B4802FB01F319F040FC204603F0A7
:105CB0001FFD0546204603F083FD29460246BDE848
:105CC0003840044819F032BC28380020F59703000A
:105CD000129803003598030013B5104843681B68F9
:105CE0009B050AD40E490F4840F2346219F091FC2A
:105CF0000B4840F2346119F083FC0469836801A900
:105D00005B68984720B9236801985840C0F3402049
:105D1000003818BF012002B010BD00BFDC1C03001A
:105D2000EE8903001F8A030070B5FFF7D5FF044614
:105D300018F049FE0E4BD3E9002552EA050613D0B0
:105D4000ACB9801A61EB0501332871F10002A4BFE0
:105D5000084AC2E9000100200146C3E900010648E3
:105D6000BDE8704015F080BA002CF6D1F3E770BDA5
:105D7000C0230020B8230020C8230020F8B518F065
:105D800022FE254B1B685B885B0705460E4641D506
:105D9000F0F708FD01210820FEF718FBFFF79CFF34
:105DA000044608BB062003F0C9FE30B11B4B43611B
:105DB0000223037444748474C474194900234FF497
:105DC00086521AF0D4F80020FFF7FEFD40F28B2730
:105DD000FFF782FF044658B101210020FEF7F6FAD2
:105DE000002018F0D6FD0FE0012018F0FAFDD5E7ED
:105DF00018F0E9FD401B61EB0601B84271F10001AA
:105E000004DB204618F0CEFD0020F8BD012018F07C
:105E1000E8FDDDE70120F8E734070020589803008B
:105E20005C260300012810B5044602D002281BD0CE
:105E300010BD184B1B685B88DB07F9D5062003F003
:105E40007DFE38B1144B4361022303740023437475
:105E50008374C374114900234FF486521AF087F8F3
:105E6000BDE81040F4F778BC062003F067FE30B1BF
:105E70000B4B43610023047443748374C374074958
:105E800000234FF486521AF072F8BDE81040F2F782
:105E9000BDB900BF34070020709803005C260300E2
:105EA0008A9803002DE9F04100256D4C6D4FA846FE
:105EB0002E46D4E90032134312D018F084FDD4E901
:105EC0000023801A61EB0301332871F1000107DB25
:105ED0004020FFF7EDFB18B901214020FFF728FB18
:105EE000D7E90023332A73F100032CDB4020FFF7AE
:105EF000DFFB18B901214020FFF71AFB5A4B1B6842
:105F00005B88DA0706F1010602D43046F0F73CFC64
:105F1000082003F013FE40B1544BC0E905360323BB
:105F20000374002343748374C374514900234FF4F2
:105F3000C6521AF01CF800220023C7E9002318F00B
:105F400042FD0546884655EA08033BD1D4E90032B4
:105F5000134367D018F037FDD4E90023801A61EBB2
:105F6000030140F2E933984271F1000122DBFFF7AF
:105F7000B3FEF8B1FFF702FF00286CD0062003F053
:105F8000DDFD38B13B4B43610223037400234374AE
:105F90008374C374364900234FF4865219F0E7FF27
:105FA000F2F734F90022002300214020C4E9002345
:105FB000FFF7BEFAD4E90032134344D155EA08038F
:105FC00030D040E018F0FFFC40F29113401B61EB31
:105FD0000801984271F1000131DB082003F0AEFDA9
:105FE00040B1254BC0E905360323037400234374F5
:105FF0008374C37400231E494FF4C65219F0B7FFCF
:10600000194B1B685B88DB0712D5701EC0B2FFF707
:1060100009FF00214020FFF78BFAD4E90032134337
:1060200015D100261548002514F032FEA84640E799
:10603000022E3046A8BF0220F0F7A6FBE9E7D4E91C
:106040000032134386D1142018F0CBFC31E7002531
:10605000A8462E467EE7094806F028FEAAE700BFBC
:10606000C0230020B823002034070020A29803009A
:106070005C26030034450300BA980300C8230020BF
:10608000014805F057B800BF8D600100F8B504461F
:1060900024480F4603F0F8FE234B1B685E88631EFE
:1060A000054606F02006032B06D8DFE803F00206BB
:1060B0001C281E4B00221A70F8BD01210820FFF792
:1060C00037FA01211A4804F03DFB6B680422196875
:1060D000284619F02DFFF2F7E9F9002EECD0BDE8C3
:1060E000F840F2F79BBB3B78104C0BB92370E3E709
:1060F0002378002BE0D1F2F7B5FB0123F6E700216E
:106100000820FFF715FA0EB1F2F7A6FBF2F7ECF94B
:10611000284603F0DDFEBDE8F8400548002104F004
:1061200011BB00BF8292030034070020CF5B002028
:10613000241D030090ED006AD0ED025AD0ED036AF1
:10614000D0ED017A26EE257A17EEA67A84B001AB5F
:1061500067EE867A46EEA57A01F10C0037EE077AF3
:1061600077EEA77A8DED017ACDED027AF6EE007A20
:1061700056EE067A46EEA67A9FED097A77EEA77A72
:10618000CDED037AF1EC017AF3EC016A77EEE67A71
:10619000814267EE877AE2EC017AF3D104B070476E
:1061A0000AE81C4138B52DED048B90ED009A9FED67
:1061B000210AF7EE008AF0EE689A49EE499A044601
:1061C0000D4639EE800A16F0CBFE88EE808AB0EEDE
:1061D000C90A69EE889A89EE800A16F021FDDFED82
:1061E000167AB5EE409AF1EE10FA20EE270A07D0A3
:1061F00019EE103AFFEE007A002BB8BFF0EE678A76
:1062000068EE007A94ED017A67EEA87A27EE277A95
:1062100085ED007A94ED027A27EE277A85ED017AF2
:1062200094ED037A67EE277AC5ED027ABDEC048B14
:1062300038BD00BFBD37863583F9223F9FED0A0A7E
:1062400000EB8101884207D1B5EEC00AF1EE10FAE9
:1062500007DBB1EEC00A7047F0EC017A07EEA70A3F
:10626000F0E79FED010A70470000000008B50A46FC
:106270000346FFF7E3FFDFED097AB4EEE70AF1EE3C
:1062800010FA09D4F7EE007A1946184687EE800A0C
:10629000BDE808400EF0F0BD08BD00BF00000034AE
:1062A00038B5F6EE007A60EEA77A2DED028BF4EEAB
:1062B000C07AF1EE10FA04460D46B7EE008A36DCDD
:1062C0009FED1F7AC7EE007A9FED1E7A27EE870AB0
:1062D00020EE200A16F078FDF0EE007A20EE006A3B
:1062E000F1EEE77A20EE270A76EE485A70EE066A5B
:1062F00075EEA55A76EE886A38EE408AC6EE267AA2
:1063000085EEA65A38EE068A37EEA77A88EE266A18
:10631000B0EE678A84ED008A84ED017AC4ED027ADA
:1063200085ED005A85ED016ABDEC028B38BD9FED0D
:10633000067AF0EE477AB0EE475AB0EE476AE9E7E0
:10634000217B663EDB0F494000000000B5EEC00A2D
:10635000F1EE10FA08B51BD4B5EE400AF1EE10FAD2
:1063600019D0F1EE600AC0EE807A17EE900AEAF7D3
:1063700073F941EC100BEFF707FC084953EC102BB5
:106380000020EAF709F8EAF797FC00EE100A08BDCA
:106390009FED030AFBE7B7EE000AF8E70000F03FC5
:1063A00000000000044B00EB8101884200D17047DF
:1063B00040F8043BF9E700BF0000C07F164B1749C7
:1063C000036010B5164B4360C16140F201131549DB
:1063D000154C0381016201234FF07F51134A8372F0
:1063E00084614FF07C534162C4631149114CC36016
:1063F000026183624FF080420363416304640E498B
:106400000E4C03650E4B4261C26281634164846439
:10641000C1644365826510BD0000404017B7D138A4
:10642000000010418FC2F53CCDCCCC3D0000C842ED
:10643000CDCC4C3D000020410000A0410000A04018
:1064400000007042F0B52DED048B1D468368D2ED3F
:10645000000A23F07F4323F0FF038DB007460C466C
:106460001646002B54D001F1F003019301F1FC0317
:10647000009390ED0A0A02F14403032138322846C2
:1064800018F007FDD5ED017AD4ED3D5AD5ED006A3F
:1064900094ED3C5A95ED027A94ED3E6ADFED454A63
:1064A00077EEE57A76EEC56A67EEA77A46EEA67ACB
:1064B00037EE467A47EE077AC4ED397A97ED0B7AD4
:1064C000D7ED056A27EE247A27EE077AF4EEC77A2D
:1064D000F1EE10FA16DA66EEA47AB0EEC55AB4EE12
:1064E000E75AF1EE10FA0DDCF0EEE55AF4EEE75A59
:1064F000F1EE10FA06DCB0EEC66AB4EEE76AF1EE31
:1065000010FA05DD0023C4F8EC30002384F82430B1
:10651000D4ED177A95ED009AD5ED018A95ED028AB2
:1065200039EE679AD4ED187A8DED059A78EEE78A00
:10653000D4ED197ACDED068A38EE678A032105A8D5
:106540008DED078AFFF77AFEDFED1B7AB4EEE70ADE
:10655000F1EE10FAF0EE409A27DDD6ED007A60EE0B
:10656000277A9FED160A04A927EE800A03A80EF0E9
:106570008DFC9DED037A049B0893C7EE297A08A948
:106580002246204629EE279A68EEA78A28EE278A17
:10659000CDED037A8DED099ACDED0A8A8DED0B8A4A
:1065A00018F0DDFB0421FFF761FE0DB0BDEC048B9C
:1065B000F0BD00BF35FA8E3C00000034E02EE5410E
:1065C0002DE9F04F2DED0C8BD3ED007AF5EE407AEE
:1065D000F1EE10FAA9B007460C4615461E460ED13C
:1065E000D3ED017AF5EE407AF1EE10FA07D1D3ED52
:1065F000027AF5EE407AF1EE10FA00F0B5837B7A7C
:106600004FF00008D3B304F58A73019304F5907337
:106610000093D5ED010A97ED0A0A05F1580305F13B
:106620004C020321304618F034FCD6ED006AD4ED5C
:10663000457A94ED467A94ED476A76EEE76AD6EDB0
:10664000017A77EEC77A96ED027A67EEA77A46EE80
:10665000A67A37EE467A47EE077AC4ED3A7A97ED96
:106660000C7A27EE077AF4EEC77AF1EE10FAC0F250
:106670003781C4F8EC80002384F82430314605AA21
:10668000204604F1280A04F1340318F0A1FB05F1B7
:106690000C090093CDF804A005F1180BD5ED010A03
:1066A00097ED000A5B464A46032105A804F110064F
:1066B00018F0EFFB05AA5146304618F089FB03217C
:1066C0001046FFF7D3FDDDED077AF7EE008A77EE8F
:1066D000A87AF6EE006A67EEA67AF5EEC07AF1EED9
:1066E00010FAC0F20F81F1EEE77A9FED8A7AF4EEAC
:1066F000C77AF1EE10FA40F305819DED067ACDEDF3
:106700000E7A27EE267AC7EE276A9DED057ACDED43
:106710000F6AFEEE006A27EE267AC7EE276A324637
:1067200031460EA8CDF84480CDED106A18F017FB65
:1067300004213046FFF79AFD9DED070A16F0DEFBB7
:1067400095ED017AC0EE077AC4ED137A3B89002BF0
:1067500000F00A8312A9204697ED058A18F09CFCE8
:106760009DED154A9DED147ADDED135A9DED122A2B
:1067700067EE254A24EE026A67EE073A74EEC66AAF
:1067800074EE864A25EEA56A73EEA33A64EE047AA7
:1067900036EE066A78EEE32A77EEA77A38EEC66A16
:1067A00067EE021A24EE255A27EE047A65EE825A25
:1067B00072EEE72A76EE677A36EE636A37EE654A5E
:1067C00076EEA66A37EE257AD4ED185A8DED1E6A5C
:1067D00074EEA44A94ED176ACDED176A31EE853A4E
:1067E00066EEA56A37EE077ACDED1A7A67EEA57ADE
:1067F00042EE866A16AE04F18C0A44EE867A5B4657
:106800004A4633EE033A34EE044A8DED1D7A94ED98
:10681000197A019643EE076ACDF800A0092144EEEB
:10682000077A304635EE615AD5ED010A97ED000A38
:10683000CDED162A35EE055A8DED183ACDED194AF3
:106840008DED1B4A8DED1C5ACDED036ACDED047A1A
:1068500018F01FFB03A804F1D403009301905B46DA
:10686000D5ED010A97ED000A4A46022118F011FB06
:1068700094F82430002B57D07B7A002B54D094ED21
:10688000177AD4ED3C7A95ED0D0ACDED168A77EEA8
:10689000C77A94ED187ACDED0B7AD4ED3D7ACDF828
:1068A0005C8077EEC77A94ED197ACDED0C7AD4ED51
:1068B0003E7ACDF8608077EEC77ACDF86480CDED72
:1068C0000D7ACDED1A8ACDF86C80CDF87080CDF8B8
:1068D0007480CDED1E8A032108A80EF0D3FC70E071
:1068E00095ED017AD4ED3B7A77EE877AC4ED3B7A69
:1068F00097ED097AF4EEC77AF1EE10FAFFF6BEAE24
:106900000123B9E6DFED076ACDF83880CDED0F8AB7
:1069100005E700BFBD37863535FA8E3C000000B470
:1069200000000034000000003B7A002B00F02182C0
:10693000DDED065A95ED015A94ED176AD4ED187AFB
:10694000D4ED196AEB6A0893F1EE655A85EE857A03
:1069500009932B6B0A93DDED035A37EE257ADDEDB3
:10696000165A06EE657ADDED175A07EEE57ADDED8B
:10697000185A06EEE57ADDED055A8DED0B7A85EEB7
:10698000857ADDED045A37EE257ADDED195A06EEEB
:10699000657ADDED1A5A07EEE57ADDED1B5A06EE53
:1069A000E57A8DED0C7A9DED1D7A67EE877A9DED87
:1069B0001C7A57EE467A9DED1E7A46EEC77ACDEDEB
:1069C0000D7AD5ED097A94ED1A7AB4EEE77AF1EE04
:1069D00010FA44BFD5ED0A7A77EE877A94ED1E7AE5
:1069E00048BFC4ED1A7AD5ED097AB4EEE77AF1EE34
:1069F00010FA44BFD5ED0A7A77EE877A94ED227AC1
:106A000048BFC4ED1E7AD5ED097AB4EEE77AF1EE0F
:106A100010FA42BFD5ED0A7A77EE877AC4ED227A72
:106A2000DDED087AF5EEC07AF1EE10FAC0F29C8145
:106A30005FED477A28EE278A0BA9F1EE488AF0EE3F
:106A4000480A08460322B0EE680A0EF0FBF9D4EDBE
:106A50001B6A9DED17CA94ED1A3A9DED16DAD4ED36
:106A60001C3ADDED18AA9DED1A9ADDED1DBADDED9B
:106A70001CCA9DED1EAA94ED1E7A94ED1D4AD4ED1C
:106A80001F4AD4ED217AD4ED205A94ED226ADDED2F
:106A9000199A9DED1BBA26EE8C5A03EE0D5A1FAAC9
:106AA000114603EEAA5A304604F168058DED1F5ACF
:106AB00026EE895A66EEAB6A43EE2C6A43EE8A6A8A
:106AC00003EE295ACDED216A6CEE076A4DEE046A99
:106AD0004AEEA46A03EE8B5ACDED226A69EE076A8C
:106AE0002BEE877A0CEE847A0AEE247A49EE846AD9
:106AF0008DED247A2CEE277A0DEE257A0AEE867A31
:106B00004BEE246A8DED257A29EE277A6BEEA77A73
:106B100009EEA57A4CEEA57A0BEE067A4AEE067AD5
:106B20008DED205ACDED236A8DED267ACDED277AB5
:106B300018F041FA9DED1F5ADDED087ADDED231ABC
:106B40009DED0A7ADDED245A9DED266ADDED250ADC
:106B5000DDED214ADDED206A35EE275ADDED097ABB
:106B60008DED1F5A71EEA71ADDED277ACDED231AB0
:106B700077EE877A9DED227ACDED277A27EE874A48
:106B800065EE863A15EEA04A51EEA73A24EEA03AF9
:106B900021EEA01A16EE071A27EEA62A15EE273ABE
:106BA00066EE847A45EE237A61EEA42A44EE817A79
:106BB00055EEA62A16EE242A65EE255A25EE066A1B
:106BC00054EE875A16EEA06A26EE877A5FEDAD6A1C
:106BD000F4EEE67AF1EE10FA15EE217AC0F2CE80EC
:106BE0005FEDB16AF4EEE67AF1EE10FA00F2C680DB
:106BF0001FEDB40A092110460EF044FBDDED226AB8
:106C0000DDED1F2A9DED253ADDED235ADDED203A1D
:106C10009DED264A9DED246ADDED214A9DED275A22
:106C200066EEA97A42EE8D7A1FAA114643EE2C7ABF
:106C3000284626EE297ACDED1F7A65EEA97A43EE35
:106C40008D7A44EE2C7A04EE8D7ACDED207A66EEC4
:106C5000897A42EE8C7A43EE2B7A05EE2C7ACDEDD2
:106C6000227A65EE897A43EE8C7A44EE2B7A8DEDAA
:106C7000217ACDED237A66EE097A44EE8C7A45EEE0
:106C80002B7A25EE8B7ACDED247A66EE8B6A66EE52
:106C90000B7A42EEAA6A03EEAA7A44EEAA7A43EE8F
:106CA0000A6A04EE0A7A45EE0A7ACDED256A8DED80
:106CB000267ACDED277A18F07EF9DDED0C7A9DED80
:106CC000207A9DED0B6ADDED1F5ADDED0D6A27EE92
:106CD000877A06EE257A31461046DDED215A06EE1A
:106CE000A57AD4ED175A35EE877ADDED225A84ED78
:106CF000177A9DED237A27EE877A06EE257ADDED69
:106D0000245A06EEA57AD4ED185A35EE877A84ED2A
:106D1000187A9DED267A67EE877A9DED257A46EE04
:106D2000077A9DED277A46EE877A94ED197A77EE09
:106D3000277AC4ED197A18F03EF9294618F03BF984
:106D4000D1ED007AB2EC017A77EEC77AE1EC017A04
:106D50005145F5D104F15C010322F0EE480AB0EE92
:106D6000680A08460EF06EF829B0BDEC0C8BBDE841
:106D7000F08F032108A8BFEE000AAEE5C3EEA76AB4
:106D8000CDED1F6AC2EE276ACDED206AC2EEA76A7A
:106D9000CDED216AC4EE276ACDED226AC3EE276AE3
:106DA000CDED236AC5EEA76ACDED246AC1EE276A50
:106DB000CDED256AC6EE276ACDED266AC7EE276AB5
:106DC000CDED276A1AE700BF70B52DED048BD3ED2A
:106DD000007AF5EE407AF1EE10FA8AB005460C46DC
:106DE00016460ED1D3ED017AF5EE407AF1EE10FAA7
:106DF00007D1D3ED027AF5EE407AF1EE10FA00F009
:106E0000798106A9204618F047F9194603AA06A871
:106E100017F0DEFFAB7ADFEDD48A9FEDD48A002B2A
:106E200000F0E28010460321FFF708FADDED057A55
:106E300084ED550AC7EE807A17EE900AE9F70CFC4C
:106E400041EC100B15F0ECFF51EC100BE9F734FF9F
:106E500007EE900AF1EE677AC4ED567A95ED0D0AC9
:106E6000B4EEE80AF1EE10FA0EDD04F5AE7304F5A7
:106E7000AA7000930190D6ED020A06F1700306F1A4
:106E80006402022118F005F8D4ED4E7AD4ED555A7B
:106E900095ED0F7A94ED566A75EEE74A27EE877AFC
:106EA000F0EEE46AF4EEC76AF1EE10FA40F12681E2
:106EB00094ED4F7AD5ED106ADFEDAD3A36EE475AD4
:106EC00066EEA36AB0EEC54AB4EEE64AF1EE10FAF9
:106ED00040F1148196ED024AD4ED506A76EE846A50
:106EE000C4ED506A95ED144AF4EEC46AF1EE10FA5E
:106EF0000EDB002384F82530D6ED186A44EEA67A1E
:106F0000C4ED4E7AD6ED187A05EE277A84ED4F7AE5
:106F100094ED527AD5ED0F7A75EEC74A67EE277A6F
:106F2000F0EEE46AF4EEE76AF1EE10FA40F1EC807C
:106F3000D4ED536AD5ED107ADFED8D3A36EE665A10
:106F400067EEA37AB0EEC54AB4EEE74AF1EE10FA66
:106F500040F1DA80032104F1F000FFF76FF9D5ED7D
:106F6000137ADFED845A94F8253067EE887A87EE3D
:106F7000A56AB4EEC60AF1EE10FAA1BF96ED026A58
:106F8000D4ED547A77EE867AC4ED547AD6ED187A39
:106F900004EEA77A84ED527AD6ED187A45EE276A88
:106FA000C4ED536A03B3D4ED547A95ED116AF4EE4F
:106FB000C67AF1EE10FA0DDA94ED4E6AB5EE406A3B
:106FC000F1EE10FA10D195ED126AF4EEC67AF1EEF8
:106FD00010FA09DB002384ED4E7AC4ED4F6A84F881
:106FE00025302B6DC4F840319DED039ADDED049AF8
:106FF000B0EE490AF0EE690A1AF09EFDD4ED087A67
:10700000CDED028A30EE670A02A884ED150AF0EE93
:10701000690AB0EE490A0DF0B7FFD4ED087A9DED8C
:10702000027A37EE677AB4EEC87AF1EE10FA72DDC2
:10703000DFED516A37EE667A84ED157AAB7A96ED1C
:10704000087ACBB194F82530D4ED516A002B6ED07C
:1070500095ED156AF4EEC66AF1EE10FA8BBFD5ED28
:10706000166A96ED027A87EE267A37EE267A9CBF6C
:1070700084ED517A9FED3C7A94ED146AB5EE406A46
:10708000F1EE10FA1DD0F7EE005A76EE255AB4EE66
:10709000476AC6EE256AF1EE10FAC4ED146AC8BF5D
:1070A000B0EE467A95ED016AD6ED025A26EE866A72
:1070B000B4EE656AF1EE10FA48BFF0EE686AC4ED0E
:1070C000146AD4ED156A27EE267A77EE877AC4ED36
:1070D000087A96ED026AC7EE066AF4EEC87AF1EE17
:1070E00010FAC4ED166A32DD9FED237A77EEC77A87
:1070F000C4ED087A0AB0BDEC048B70BD0123C4ED69
:10710000508A84F8253003E7C4ED548AC4ED525AFE
:1071100084ED536A68E7DFED196AB4EEE67AF1EEC2
:1071200010FA44BFDFED146A37EE267A84E7D5ED16
:10713000165A96ED026A45EEC66AF5EEC06AF1EEA1
:1071400010FAD8BFDFED086AC4ED516A94E79FEDED
:107150000B7AF4EEC77AF1EE10FACBD59FED067AF2
:1071600077EE877AC4E700BF00000000DB0F4940DC
:1071700035FA8E3C00003443DB0FC940DB0F49C0B9
:1071800013B50A460C460146103017F0E8FD91EDA4
:10719000080ADFED177A01A920EE270A68460DF0EC
:1071A00075FE9DED006A94ED035ADDED016AD4EDA4
:1071B000007AD4ED024A94ED017A65EE065A57EE54
:1071C000A65A67EE867AC4ED005A66EE245A56EE49
:1071D000875A26EE077A06EEA47A46EE857AC4ED43
:1071E000015A84ED027AC4ED037A02B010BD00BFEB
:1071F000E02EE5412AB1C36D1360036E5360436E08
:107200009360D0ED1A6AD0ED1B7A90ED1D7A90ED67
:10721000216A91ED090AF0EEE77AF0EEE66A76EE81
:10722000A76AD0ED1C7AF0EEE77A76EEA76AD0ED89
:107230001E7AB0EEC77AF0EEE77A37EE277AD0ED15
:107240001F7AF0EEE77A37EE277AD0ED207AB0EEAB
:10725000C66AF0EEE77A77EE867A90ED226AF4EE6F
:10726000476AB0EEC66AF1EE10FA77EE867AC8BFCA
:10727000B0EE667AF4EE477AF1EE10FA48BFF0EE1F
:10728000477AB4EE670AF1EE10FAC8BFB0EE670AAB
:10729000B5EEC00AF1EE10FA06DBB1EEC00ADFED82
:1072A000047A20EE270A70479FED020AF7E700BF35
:1072B000D4023739000000000B68C3654B680366D1
:1072C000B5EEC00A8B684366F1EE10FA4FF000038A
:1072D00013DDDFED0A7AC36620EE270A036720EE8E
:1072E000000A436780ED1A0A80ED1E0AC367C0F8E2
:1072F0008030C0F8843080ED220A70479F0CB3457F
:10730000F8B52DED028B9FED4B8A0C464FF4807340
:107310004FF07E578B8405460F6081ED018A81ED29
:10732000028A81ED038A0F6181ED058A81ED068A6B
:1073300081ED078A81ED088A04F12800B0EE480A41
:10734000032116460DF09EFF04F134000621FFF7DD
:1073500029F8B0EE480A84ED138A84ED158A84ED8D
:10736000168A04F15C00276503210DF08BFF736A18
:10737000A366A367C4F888302F4BC4F8F030C4F874
:10738000F430C4F8F83084ED1B8A84ED1C8A84ED57
:107390001D8A84ED1F8A84ED208A84ED218A04F100
:1073A0008C001221FEF7FEFF04F1D4000421FEF749
:1073B000F9FFB0EE480A04F1E40002210DF062FF8B
:1073C00084ED3B8A04F1F000B0EE480A03210DF091
:1073D00059FF04F1FC000621FEF7E4FFB0EE480A75
:1073E00004F58A7003210DF04DFF04F5907006211D
:1073F000FEF7D8FF84ED4E8A84ED4F8A84ED508AE3
:107400006B6DC4F844310D4B84ED538A84ED548A7E
:1074100004F5AA70C4F848310221B0EE480A0DF014
:1074200031FFBDEC028B04F5AE700421BDE8F840DD
:10743000FEF7B8BF000000000000C07F000080BF62
:10744000F8B52DED028BD2ED018A0546144602F106
:107450000C0095ED000AF0EE680A0E4602F11801E4
:10746000FEF71EFF94ED028A95ED010AF0EE480A40
:10747000FEF76CFF84ED080AD5ED037A9FED3C7AA8
:10748000D4ED000A67EE877A68EE876A67EEA77A1E
:107490002746C4ED097AD5ED047A86EEA76A04F191
:1074A000440104F13800583784ED0A6AD5ED067AB4
:1074B00067EE877A67EEA77A67EEA75AC5EE866A07
:1074C000DFED2C5A76EEA76AC4ED0B6AD5ED077A8C
:1074D000F4EEE57AF1EE10FAD8BFF0EE657AC6EE7A
:1074E000A75AC4ED0C5AD5ED087A67EE877A67EE95
:1074F000A77A67EEA76A86EE867A77EE277AC4EDDA
:107500000D7A95ED0A0AFEF7CBFE04F14C0095EDDD
:107510000A0A3946F0EE680AFEF7C2FE95ED0E0A39
:10752000F0EE480AFEF712FF84ED180A95ED0D0AF9
:10753000B5EEC00AF1EE10FA04F1640004F1700235
:107540000DDD1146F0EE480AFEF7AAFEBDEC028BF7
:10755000224631462846BDE8F840FFF7D1BE032158
:10756000FEF720FF02211046FEF71CFFEEE700BFEA
:107570000000C842FFE6DB2E9FED0C7A82ED000A88
:10758000F4EEC70AF1EE10FAB4EE471AD8BFF0EEE7
:10759000400AF1EE10FACCBFF0EE417AF0EE407AFC
:1075A000C2ED010AC2ED027AFFF74ABF00000000F7
:1075B00030B50B4D0A44914200D130BD11F8013B6A
:1075C0001C0984EA107455F8244084EA001083EA08
:1075D000107303F00F0355F8233083EA0010EAE735
:1075E0008C2D030030B50D4DC0430A44914201D1AA
:1075F000C04330BD11F8013B83EA000404F00F04DE
:1076000055F8244084EA101080EA131303F00F03A6
:1076100055F8233083EA1010E8E700BFCC2D0300B3
:1076200010B5094C0A44914200D110BD11F8013B3C
:10763000584003090001E35CC0B2434018091B0134
:10764000205CDBB25840EEE73999030070B589B38E
:107650000668304617F062FD0122014604463046B6
:1076600017F024FDC30708D413491448AF2217F0BC
:10767000D0FFAF21104817F0C3FF2146304617F066
:107680002BFD251829460022304617F00FFD2D1A34
:10769000AC4206D008490948B72217F0BAFFB72113
:1076A000E8E72146304617F01DFD2146BDE8704051
:1076B00017F059BE70BD00BF499903001F8A03002F
:1076C000B2F5802F2DE9F0410CD2042A20D83D4993
:1076D0003D484FF4077217F09CFF4FF4077139488B
:1076E00017F08EFF0823D21ACC1D114424F0070492
:1076F00021F00701091B17294FEAD1060AD83149A1
:10770000314840F2252217F084FF40F22521E6E7B8
:107710000423E8E7002704603146A660E7603046AE
:1077200017F00FFD0121421D8046304617F000FD85
:107730009200D51DED082844B0423AD8B8F1FF3F79
:10774000A2F110023946B8BF3A4604F110001AF00F
:10775000B8F92A463946204617F0DCFC3B463A4643
:107760003946204617F0ADFCA6EB05082046394601
:10777000012217F0B7FC4246294617F0CBFC2B46F6
:107780003A462946204617F09CFC3146204617F021
:10779000C1FC43463A463146204617F092FC31463A
:1077A0002046012217F09EFC2946BDE8F04117F063
:1077B00098BD0449044840F23A2217F02AFF40F2EB
:1077C0003A218CE7499903001F8A03002DE9F04F05
:1077D00091B08407009302F004030293C2F3C20342
:1077E00003F10103DDF86880039205460E46059318
:1077F00040F0E181041D30B1072909D86FF01B006A
:1078000011B0BDE8F08F01F007063444C6F1080658
:10781000009B4FF00009591E4FF0040A4FF0FF3350
:107820000193CDF810904F46CB4653460DB10098CA
:1078300020600598002800F3D7809C48009A824277
:1078400003D39B488242C0F0CF80039AA4EB050E7D
:1078500092074FEA9E0040F1DE804FF0000CCCE032
:107860007A285DD84B280ED8472859D829282DD8F2
:10787000252852D054D820287AD02338D0F1000BB4
:107880004BEB000B74E04C382E2849D8DFE800F0B1
:107890007048484848484848484848484B4848483D
:1078A000484848484859484B4B595959704B6D48BE
:1078B0007048184B18484883804B48484B48800014
:1078C00000204FF0000B4FF0040A38E02A38C0B215
:1078D000012202FA00F010EA0E0F49D110F0625CAA
:1078E0002FD110EA020B43D06046013C5444B4FB54
:1078F000FAF40AFB04F4002D60D0A3EB050CA444B9
:10790000B4453FF67BAF002867D1042B48D158F827
:10791000043B2360043404232AE0019A013A0192D3
:107920004FF0000B24E011F8010C6C2835D111F850
:10793000023C00206C2B8346C5D14FF0080A534609
:10794000D3E708F1070828F007080734F8E802AB86
:1079500024F0070435B106982044B0423FF64EAFFC
:10796000C4E900AB08344FF0000B4FF0080A53464F
:1079700011F8010F002800F0AA80BBF1000F7FF47E
:107980006FAF2528F4D1019B013301934FF0010B18
:107990004FF0040AEBE7584693E700208346A4E73C
:1079A000082B40F08B8008F1070828F00708B8EC96
:1079B000027B84ED007B08340823D9E768B9042BE7
:1079C00002D108F10408A5E7082B77D108F10708D0
:1079D00028F0070808F10808EDE705980138059038
:1079E00058F8040B009021E7039A900744D5A4EBC4
:1079F000050E4FEA9E004FF0010CBEF5007F1BD331
:107A00002C492D484FF41F7217F003FE4FF41F71DD
:107A1000284817F0F5FD0F2F10D8002D38D007F1AA
:107A200040020DEB020C019A0CF8200C0CF8102C03
:107A30000498013004901EE00F2F08D91D491E48FC
:107A400040F2812217F0E5FD40F28121E0E7D5B157
:107A500007F140020DEB020EC0B2019A0EF8200CA5
:107A60000EF8102CBCF1000FE2D060F07F000EF891
:107A7000200C09F101090137C5F10802043406920E
:107A80004FF6DA7E74E7BCF1000F01D00136F2E761
:107A9000029A0236002AEED10098CDE90631E9F7C4
:107AA0000FFADDE906310644E5E700BF701B03006D
:107AB00048C603006C9903001F8A03003F494048F1
:107AC00040F2C62217F0A5FD40F2C621A0E7631BD5
:107AD000B3F5806F08D33949394840F2D22217F004
:107AE00098FD40F2D22193E71DB9A6F10804E018F1
:107AF00086E6029A28609B082B709DF81030C2B170
:107B0000EB7085F80290B9F1000F05D008A80022AB
:107B1000C5F1010C97420ED1C5F101030DF120080A
:107B20004FF0000A01930DF1300B574512D1601B45
:107B300066E66B70E5E710F8013B190608D50CEB1B
:107B4000040EB64503F07F033FF658AE04F8013B40
:107B50000132DFE7B9F1000F03D098F90020002AC5
:107B600017DB029BD3B11AF80B2004F8012B00227B
:107B7000019B18191044B0423FF640AE98F800003F
:107B800004F8010B00990392204619F072FF039A42
:107B900014440AF1010A08F10108C6E798F8002028
:107BA00055F822300093029B45F822300098E9F7FF
:107BB00087F9421CDCE76FF00D0021E66C990300A9
:107BC0001F8A03002DE9F04F97B000AF8946D7F820
:107BD00080B0FA623B62044650B9A849A84840F216
:107BE000993217F016FD40F29931A44817F008FDBC
:107BF000CBF3C00390F802A07B6141B945780078CF
:107C00000AEB800020444D4517D8A0EB0409E37827
:107C1000FB61BAF1000F02D01BF0010F16D1FB6916
:107C200053BBFB6A1BB13A6A4946204698474D460A
:107C300028465C37BD46BDE8F08F461C3046E9F764
:107C40003FF90130304409F10109DCE7237862682B
:107C50007A62FA6A9900B96104EB8301002A40F064
:107C600001814D460E4601EB0A094FF000084E45D2
:107C70004CD101EB0A0610E01BF0020FD1D02378A3
:107C80009A00BA6162687A62FA6A04EB8301002A98
:107C900077D14D4601EB0A0690461BF0050F0CBF4D
:107CA00002230123FB62FB6906EB430A0BF002038C
:107CB000BB625645BCD016F8021B16F8013C54F8BE
:107CC0002390704B994502D36F4B994536D37B690E
:107CD000002B40D0786A17F0EEFB00283BD0E94635
:107CE0008AB06A46694B53617B6AC2E906314FF438
:107CF00000731384664B42F8103F664800234FF42C
:107D0000125102F0FBF8023DCD46D2E716F8013BD6
:107D1000F96254F82300E9F7D3F8D7F88430F96A08
:107D200001304BB1D7F8883098453EBFD7F8843042
:107D300023F8180008F10108054498E77B6923B18E
:107D4000786A17F0B8FB0028C9D11BF0010F05D1E4
:107D5000FB6AED1AADE7BB6A002BAAD04846E9F7EB
:107D6000AFF8D7F8843053B1D7F8883098453FBF83
:107D7000D7F88420431C22F8183008F10108054484
:107D800097E7BAF1000F73D01BF0040873D0D04608
:107D900007F14800002652463B61B96219F069FEBE
:107DA000B96A3B6901EB0A02BA62FA69F9695200E1
:107DB000FA60BA6A02EB41023A610BF00202BA6061
:107DC000BA6A39698A4267D162787A621BF0020F17
:107DD00032440CBF4FEA580100211BF0010FD2B210
:107DE00040F0DF801BF0040F14BF404600207B6191
:107DF0006270A070E1703A6AB969FB6A20469847E0
:107E0000051EFFF615AF7B6923707B6A6370FB6903
:107E1000E37041463A6AFB6A84F802A007F1480021
:107E20009847B0F10008C0F2F080BB693A6AA9EB4C
:107E30000A01C91AFB68C91AD7E90A03984700283A
:107E4000C0F2E580A84408EB00054FF0000B07F1F5
:107E5000380AB345C0F0A78000213A6AFB6A084699
:107E60009847E5E6564607F138004FF0000892E7DC
:107E7000D046564696E7464694E700BF6C99030005
:107E80001F8A0300701B030048C603009A99030071
:107E90000400000124250300BA6A12F8021BBA622A
:107EA00012F8015C5B4A54F82500904202D35A4A0A
:107EB000904217D37A693AB1786A7B6017F0FBFA7F
:107EC0007B6800287FF47CAFBA68002A49D00F2E67
:107ED0003DD95249524840F24D4217F09AFB40F2C8
:107EE0004D4182E67A693AB1786A7B6017F0E3FA2D
:107EF0007B6800287FF464AF1BF0010F0AD00F2EBF
:107F000025D94649464840F2434217F082FB40F2E9
:107F100043416AE61BF0040F3FF452AFB8F10F0F74
:107F200008D93E493E4840F2464217F072FB40F203
:107F300046415AE608F1280207F1300008F1010134
:107F400002EB000808F8105C5FFA81F838E706F1E8
:107F5000280207F13000711C161806F8205CCEB21A
:107F60002EE7B8F10F0F08D92C492D484FF48A623B
:107F700017F04FFB4FF48A6137E608F1280207F14A
:107F8000300C08F10100944407F1580252FA80F0D5
:107F900008F102080CF8101C5FFA88F800F8105C71
:107FA0000EE7002023E71BF80A3087F8373054F833
:107FB0002390D7F884302BB3D7F888309B4521D253
:107FC000D7F8843033F81B803A6AFB6A012107F145
:107FD0003700984700281ADB0544B8F1000F06D196
:107FE0004846E8F76DFF00F101081FFA88F83A6A81
:107FF000FB6A414648469847002808DB05440BF1D8
:10800000010B26E74FF00008DEE7454610E605467F
:108010000EE600BF701B030048C603006C99030006
:108020001F8A0300014B1860704700BF58090020E9
:1080300030B587B00025CDE903010446009503A9BA
:1080400005480595ECF710FFDDE904309842B8BF0C
:10805000255407B030BD00BF05F50200F0B5094E4C
:10806000016802460A2700200B4601311C78355D65
:108070006D0701D41360F0BD07FB0043A3F130008E
:10808000F2E700BF47C503002DE9F84F15469A46B1
:10809000D378234A12F803B06F2B81460F460BF0BA
:1080A000030B2BD026D8582B0CBF10260A26DDF840
:1080B00028803246002348463946E8F79DFE092AC3
:1080C00008F1FF38D4B21ED83034B145E4B277F1AC
:1080D000000788F8004001D3D04511D82B789B06C3
:1080E00005D5082E15D1AB7843F00803AB70404698
:1080F000BDE8F88F03F0F703702BD5E70826D6E725
:1081000081460F46D5E7BBF1010F0CBF373457341A
:10811000DBE7102EEBD1AB7843F01003E6E700BFAE
:1081200047C5030038B50D4604462022002119F04A
:10813000C8FCEB68E361AB68A3612B6823626B68E2
:1081400063620022A2622A6923B1591E194208BF44
:1081500042F0010222610122002104F12C0019F0F9
:1081600099FB40B1044905482F2217F052FA024802
:108170002F2117F045FA38BD549A03001F8A0300D7
:108180002DE9F04F89B0CDE90123436A00268B42E7
:108190000446884605960796B24652D300F1140766
:1081A0004FF0400BEFF3118300938BF31288BFF372
:1081B0006F8F3846DDF8009013F09EFD40B94649B8
:1081C0004648882217F025FA8821434817F018FA04
:1081D000384613F0B5FD079A2AB13146204617F00C
:1081E000FFFA0023079306A9204617F01FFA069905
:1081F000414505462ED32268236A13F8221021F048
:10820000030103F8221003EB820A2168424620464C
:1082100017F030FAE3682060984216D000253846FF
:1082200013F078FD50B389F31188BFF36F8F059970
:1082300029B1A3690BB12046984700230593002D6F
:10824000B0D1504609B0BDE8F08F236943F0080370
:108250002361E3E718B1204617F026FADFE7DDE9EE
:108260000132134330D0039119F042FB039958BBFC
:10827000009B4BBB384613F04DFD40B916491748DB
:1082800040F2311217F0C5F940F231119DE785F344
:108290001188BFF36F8FDDE9012304F12C0011F089
:1082A000E5FE0546EFF311898BF31288BFF36F8F5C
:1082B000384613F021FD002881D03846B5FA85F5FF
:1082C00013F03EFD6D09AAE707AB05AA2046266814
:1082D00017F007FA0546A2E77A9A03001F8A0300FF
:1082E0002DE9F0410446C36908460D46984704F15C
:1082F00014060746EFF31188402383F31288BFF377
:108300006F8F304613F0F8FC40B9164916488822A2
:1083100017F07FF98821134817F072F9304613F0EF
:108320000FFD2B7843F001032B7061683A4620461D
:1083300017F0A0F96060204617F06DFA304613F090
:10834000E9FC40B90749084840F2311217F061F9D9
:1083500040F23111DFE788F31188BFF36F8FBDE87A
:10836000F08100BF7A9A03001F8A03002DE9F843C9
:10837000044600F11407EFF31188402383F31288B9
:10838000BFF36F8F384613F0B7FC054640B930494C
:108390003048882217F03DF988212D4817F030F930
:1083A000384613F0CDFC2369A26813F0080F02D100
:1083B00063689A4200D9636A9B1A002B3AD0216AFB
:1083C00011F8223013F0030001EB820935D00228A6
:1083D00003D151F82260B60805D1D8071AD4E36951
:1083E000484698470646A1683246204617F042F9AB
:1083F0003146A060204617F04BF9384613F08AFC4E
:10840000E8B91349134840F2311217F002F940F26B
:108410003111C2E743F0020301F822304846E36914
:10842000A568984729460246204617F023F90025FB
:10843000A060E2E71D46A946DFE70546FBE788F3B3
:108440001188BFF36F8F002D95D14846BDE8F883A2
:108450007A9A03001F8A03002DE9F0410446C3699C
:1084600008460D46984704F114070646EFF31188B5
:10847000402383F31288BFF36F8F384613F03CFC20
:1084800040B923492348882217F0C3F8882120489F
:1084900017F0B6F8384613F053FC2B786FF300034F
:1084A0002B7023699B0705D5E268236A03EB8203DF
:1084B0009D421DD12B786FF341032B70D4E902311B
:1084C000994204D13246204617F0D4F8A0603146D4
:1084D000204617F0DDF8384613F01CFC68B90C494B
:1084E0000C4840F2311217F094F840F23111CEE707
:1084F0002B6866F39F032B60EDE788F31188BFF3C9
:108500006F8F04F12C00BDE8F04111F04BBD00BFAE
:108510007A9A03001F8A030070B5044600F114051F
:10852000EFF31186402383F31288BFF36F8F284641
:1085300013F0E2FB40B916491648882217F069F893
:108540008821134817F05CF8284613F0F9FB2369DB
:10855000A06813F0080F02D1636898420ED9646ACC
:10856000241A284613F0D6FB50B90949094840F2AD
:10857000311217F04EF840F23111E2E71C1AF0E721
:1085800086F31188BFF36F8F201E18BF012070BDC6
:108590007A9A03001F8A030008B50446EFF311839B
:1085A000402383F31288BFF36F8F0BF02DF9204621
:1085B00004F094FF024816F0B9FF17F05BFFFCE7E8
:1085C000A79A03002DE9F043079D15B91560002017
:1085D00012E00324B5FBF4F404EB4407BD4218BFDA
:1085E0000134B4F1804F09D2A40001348C4200D888
:1085F00038B914606FF00B00BDE8F0834FF0FF3422
:10860000F7E7DFF8BCE004460021B94203F1030CB0
:1086100004F104062CD3A942274624D21F7801F185
:10862000010CAC45264938BF5B784FEAA70E28BF3E
:10863000002311F80EE084F800E0AC4501EB131EB6
:108640003CBF9B0003F03C034FEA071707F03007DD
:1086500038BFCB5C1EF80770677028BF3D23A3703E
:108660003D23E3703746381A002310603B70AEE7B5
:108670001CF8034C1CF8023C1CF8018C4FEAA409BE
:1086800024011EF8099006F8049C04F030040EEB57
:1086900013199B0019F8044006F8034C03F03C033F
:1086A0000EEB981408F03F08E35C06F8023C1EF855
:1086B000083006F8013C033134466346A5E700BFA5
:1086C000509B03002DE9F043DDF81CE0DFF82C811E
:1086D00000273C463D4675451FD3E4BB146000208F
:1086E000BDE8F0830136764533D013F806C0BCF1FF
:1086F000200FF7D0AEEB0609B9F1010FA6EB050587
:108700000DD0BCF10D0F0AD103EB060999F80190C9
:10871000B9F10A0F6ED1751CDDE72E46E3E7BCF117
:108720000A0FF8D02DB9BCF13D0F05D10137022F4A
:108730000DD96FF01500D3E71CF0800FF9D118F8B0
:108740000C507F2DF5D03F2D01D8002FF1D10134F1
:10875000E1E73546C1E704F007064FF0060CE408F0
:108760000CFB06F60CFB04F40736E41B04EBD60402
:1087700070B18C420CD80027DFF880E0DFF88080F1
:108780001D44014603263C469D4205D10C1AA5E72F
:1087900014606FF00B00A3E713F8019BA9F10A0C1A
:1087A0005FFA8CFCBCF1160F04D848FA0CFC1CF0E4
:1087B000010FE9D01EF809C00134BCF1400F08BF19
:1087C000013E0CF03F0C042C4CEA8717DCD17EB143
:1087D0003C0C012E0C7002D101310024D4E7022E92
:1087E0004FEA17244C7016BF8F7002310331F4E743
:1087F0003446C9E7002DA2D09BE700BFD09A030002
:10880000F6FFBFFF2DE9F84F04460846A38B190772
:10881000164612D4022803F0070162D1204617F051
:108820002CF888B10138042800F22581DFE810F027
:10883000590023017E00C800F50001280CBF43F059
:10884000100143F02001A18304F1140013F062FA37
:10885000002800F0AB8086F31188BFF36F8FBDE86E
:10886000F88F03F00702501F01281ED80020062AA7
:108870002768C4E9000014D13A4603E0E08B0130D8
:10888000E0831268002AF9D123F0070343F00202C3
:10889000A283204616F0F1FF90B342F02002A2839B
:1088A0002EE023F007039AB2F2E7042A33D123F033
:1088B00007039AB2A283204616F0DFFF10B142F000
:1088C0002002A283A38B03F00709894540F0DC80D6
:1088D000A18BCA0640F1218121F01003A38301F08E
:1088E0000701D4F81880A38BB8F1000FB9DA002281
:1088F000276823F00703C4E9002243F00103A383A0
:10890000A38B03F00709894540F0BF80002FDFD01B
:108910000025AA4640E08549854840F21B1216F022
:1089200078FE40F21B11814816F06AFE41B17F4982
:108930007F484FF4AB7216F06CFE4FF4AB71F2E768
:10894000236843B979497A4840F2571216F061FE1C
:1089500040F25711E7E723691D6845B97349744828
:108960004FF4AD7216F055FE4FF4AD71DBE7A38BFB
:1089700023F0070343F006039BB2A3830F46884608
:108980004FF00609A268002A40F08180002F40F0D5
:108990008180002D9CD0BA4643F0080304F1140BEB
:1089A000A383584613F0B6F9002875D16149604891
:1089B00040F2311216F02DFE40F231115D48B3E75E
:1089C000022908D059495A4840F25D1216F021FE9A
:1089D00040F25D11A7E7E78B47B1544954484FF483
:1089E000AF7216F016FE4FF4AF719CE723695D6815
:1089F00045B94E494E4840F2611216F00AFE40F267
:108A0000611190E7A38B23F0070343F004039BB2AB
:108A1000A383B8464FF00409B4E7012908D04349BD
:108A200043484FF4B27216F0F4FD4FF4B2717AE796
:108A3000236843B93D493E4840F2651216F0E9FD0E
:108A400040F265116FE723699D6845B93749384899
:108A50004FF4B47216F0DDFD4FF4B47163E7A38BED
:108A600023F0070343F005039BB20027A383B84616
:108A70004FF0050986E72D492D4840F26B1216F09C
:108A8000C8FD40F26B114EE7002700257AE74FF052
:108A9000010A81E792467FE786F31188BFF36F8F63
:108AA000BAF1000F16D147BB15B123492046A8479C
:108AB000EFF31186402383F31288BFF36F8F58467C
:108AC00013F01AF908BB1B491948882216F0A1FDBA
:108AD000882173E7A1680029E5D00E680029E2D05B
:108AE000D1F804A043464A462046D0471EB1336819
:108AF00031461E46F2E73346FAE7394643464A46D0
:108B000020463F6816F0E5FECDE7584613F018F909
:108B1000A38B23F00803A383DAE68B067FF594AEDC
:108B200021F02003A38301F0070177E6909B030067
:108B30001F8A03007A9A03003D8B0100F8B50446B2
:108B40000D4600F11406EFF31187402383F31288DA
:108B5000BFF36F8F304613F0CFF840B909490A4888
:108B6000882216F056FD0748882116F049FD304648
:108B700013F0E6F8A5613A4620460121BDE8F84029
:108B8000FFF740BE7A9A03001F8A03002DE9F047E1
:108B900004460F4616F08DFE051E5DDB04F1140938
:108BA000EFF3118A402383F31288BFF36F8F484697
:108BB00013F0A2F8804638B933493448882216F0B9
:108BC00028FD882130483CE0484613F0B9F8E38B93
:108BD000A68B4FF6FF72934206F007063FD0022E97
:108BE00010D10133E3833546484613F093F800284B
:108BF0003BD12549254840F2311216F00AFD40F2DA
:108C00003111DFE7062E13D8DFE806F0092C121227
:108C1000090409006FF085054FF00008E4E7002320
:108C20003B6063687BB9C4E900777EB13546F3E702
:108C3000174916484FF4E47216F0EBFC14484FF451
:108C4000E47116F0DDFC1F606760EEE7524602211A
:108C50002046FFF7D7FD35462846BDE8F0876FF080
:108C60000A05D9E76FF00405D6E78AF31188BFF348
:108C70006F8FB8F1000FEFD00023324639462046FF
:108C800016F027FEE8E700BF7A9A03001F8A030068
:108C9000909B0300F8B5054600F11406EFF3118729
:108CA000402383F31288BFF36F8F304613F024F80C
:108CB00038B920492048882216F0ABFC88211D488D
:108CC00025E0304613F03CF8AC8B04F00704022C8E
:108CD00012D0012C0CBF6FF004046FF085043046F5
:108CE00013F018F808BB1349134840F2311216F07C
:108CF00090FC40F23111E2E7EB8B53B90F490E487B
:108D000040F2EF1216F085FC0C4840F2EF1116F01D
:108D100077FC013B9BB2EB83002BE0D13A46214626
:108D20002846FFF76FFD2046F8BD87F31188BFF393
:108D30006F8FF8E77A9A03001F8A0300909B030065
:108D40002DE9F0410E460546002845D0002943D0C4
:108D500000F11407EFF31188402383F31288BFF367
:108D60006F8F384612F0C8FF38B91D491D48882258
:108D700016F04FFC88211A4816E0384612F0E0FF42
:108D800031462846AC8B16F05DFD78B104F007043F
:108D9000231F022B0CD91449124840F22D2216F041
:108DA00038FC114840F22D2116F02AFC6FF07704B0
:108DB000384612F0AFFF40B909490A4840F2311273
:108DC00016F027FC40F23111D5E788F31188BFF384
:108DD0006F8F2046BDE8F0816FF01504F9E700BF02
:108DE0007A9A03001F8A0300909B030008B542682B
:108DF000816002F00302032A034602D02AB1002058
:108E000000E0006800225A6008BD04490448452279
:108E100016F0FFFB0148452116F0F2FBB59B03005D
:108E20001F8A03002DE9F34106460F4615464FF011
:108E300000082A4601A9304616F09DFD044640B1BF
:108E400002463946019818F014FE2D1BA044274411
:108E5000EFD14246311D304616F0ABFD40B1064918
:108E60000648482216F0D5FB0348482116F0C8FBF7
:108E7000404602B0BDE8F081DB9B03001F8A03007F
:108E80002DE9F34107460E4615464FF000082A46E5
:108E900001A9384616F07EFD044648B12EB10246BF
:108EA0000199304618F0E5FD26442D1BA044EED173
:108EB000424607F10A01384616F07BFD40B10649EB
:108EC0000648632216F0A5FB0348632116F098FBC1
:108ED000404602B0BDE8F081DB9B03001F8A03001F
:108EE0002DE9F7430F4606460821C06ADFF8509087
:108EF00016F0E5FD3C68241A80463C6004EA09054A
:108F0000AC4203D8002003B0BDE8F08308236A46D2
:108F10002146304616F084FD0028F4D169463046DB
:108F200016F0D7FD40B1BDF80230BDF804203C601A
:108F300005EA090513441D44A4EB0804E0E700BF5B
:108F40000000FFFF73B504460821C06A124E16F0F8
:108F5000B6FD4FF6FF726368ADF800208DF806206D
:108F6000A289191833401344181A00256060684616
:108F7000ADF80210ADF8045016F098FD6946204691
:108F800016F08FFE2046211D16F083FD63682846EB
:108F90003340A36002B070BD0000FFFF38B5057C10
:108FA00004461DBB082000F0C9FD40B1104B4361D1
:108FB000104B83610323037445748574C5740E4993
:108FC00000234FF4C25216F0D2FF6FF00C0038BDF0
:108FD0002904204616F0BAFD01350028F7D1E289B0
:108FE000ABB29A42F4D800202074F0E70025F6E7EF
:108FF000069C03003A9D0300742503002DE9F04709
:1090000004468AB000F11407384618F025FCA06A1F
:109010008368DB6898470546E06268B9082000F07D
:109020008DFDF8B1A54B4361A54B83610323037408
:1090300045748574C57415E0A06A8368DB68984739
:109040000368013B1F2B19D9082000F077FD48B1B8
:109050009C4B43619A4B8361032303740023437445
:109060008374C374984900234FF4C25216F07FFFF3
:109070006FF0150528460AB0BDE8F087A06A2168A0
:1090800007AA17F086FB30B1082000F057FD002832
:10909000E8D08E4BDDE7A5892DB1089BB5FBF3F237
:1090A00003FB125535B1082000F048FD0028D9D047
:1090B000874BCEE7E389012B06D8082000F03EFD60
:1090C0000028CFD0834BAEE7E36A019593F8058083
:1090D0004FF0FF334FF0FF32384610F0CFFCE06A1C
:1090E000082116F0ECFCA9460646E3891FFA85FA2A
:1090F000534521D8E3894B4551D1062000F01EFD90
:1091000038B1754B436102230374002343748374A5
:10911000C3746D4900234FF4845216F028FFA289CE
:10912000E389A06A21685A4317F076F9054608B327
:10913000384610F059FD9DE7A1892B04891B13FACD
:1091400081F1424608232046019116F077FC78B160
:1091500001A9204616F09DFC09F101090199082397
:10916000424620461FFA89F916F068FC0028C1D053
:109170000135BAE7A389E2899B1B013A9BB203EB55
:1091800002430193019908234246891B204616F0A9
:1091900055FC30B901A9204616F07BFC01E053458F
:1091A000F0D001A92046FFF79BFE05460028BFD15D
:1091B000019B63604FEA13494FEA0949C4F80890DC
:1091C000D4E9011399420FD3082303AA204616F0CD
:1091D00027FC05460028ABD103AB13F8012B9045C3
:1091E00035D10135082DF8D163681B0C1B0401A98A
:1091F0002046019316F04DFCA38901994246204672
:1092000016F01CFC051E93DB636800F0928006EBF1
:1092100003084FF6FF79A389CDF804801FFA88F27E
:109220009B1B9A422FD300236168002B56D0090C58
:1092300009040191204601A916F02BFC0199204652
:1092400016F084FC0546002D00F0918070E703A91C
:10925000204616F03EFC626810B9921B6260AFE7D0
:10926000BDF81050BDF80E10E06AC4F8089029440B
:1092700016F025FC48449042A060EED1002DECD0C1
:109280006FF01C05A9E0082305AA4146204616F008
:10929000C7FB054600287FF44BAF05A9204616F012
:1092A00018FC30B1BDF814304B4502D1BDF8183070
:1092B0000BB1B044AFE70123B6E700BF1E9C03002B
:1092C000309D0300449C030074250300659C03004B
:1092D000819C0300999C0300C09C0300204616F06B
:1092E00035FC054600287FF423AF6368414AA18915
:1092F00013400B44A3EB46031A40A260636004F1E1
:109300002C0204F50B7142F8043F9142FBD1204638
:1093100016F0FBFC96E75B1A4246204616F08EFBE1
:10932000051EFFF605AF08D0E26AA3681268134471
:10933000A360D4E901318B42EDD86168A38901EBC8
:1093400046029A427FF47FAFDFF8A880A26801EA64
:1093500008039A423FF477AF204616F0F7FB054624
:1093600000287FF4E5AE636803EA0803A3604FF4C6
:109370000072FF2104F1300018F0A3FB6368029330
:109380004FF6FF7805AA02A92046DDF8089016F0EE
:1093900005FC054600287FF4CBAEBDF8140040451F
:1093A0000DD016F020FB04EB80052B6B013306D1AA
:1093B00005A9204616F08DFB08B1C5F8309063680A
:1093C000029A9342DED1A2899BB2A2EB460293425B
:1093D00008D1204616F082FC0546384610F004FC01
:1093E0001DB147E6384610F0FFFB0123237400252A
:1093F00040E600BF0000FFFF2DE9F04F91B0067C72
:10940000019204460F461D46C6B9082000F096FB9F
:1094100040B1744B4361744B8361032303744674FE
:109420008674C6744FF4C2527049002316F09FFD33
:109430006FF00C02104611B0BDE8F08FC26A08212F
:10944000104616F03CFB29460290104616F037FBFA
:10945000A389029AA3EB8203AB420646C0F0BF8009
:1094600055B9384616F0BFFA0C3054F82030059341
:1094700001334DD10022DDE7019B002B00F0AF80CE
:10948000384616F0B0FA0C3054F82030059301330A
:109490003ED1002E40F08D8004F1140A4FF0FF32CF
:1094A0004FF0FF33504610F0E9FA4FF00009E3891E
:1094B000994500F09180A168626873189A427CD344
:1094C000FF23019A8DF8263020462B46ADF8221056
:1094D000ADF82070ADF8245016F0AAFB29460246DC
:1094E000E06A16F0ECFAA3680344A36052B908A836
:1094F00016F0DCFA08A9204616F0D3FB002814BFAA
:1095000002462A460192504610F06EFB019A91E7FE
:1095100006AA05A92046DDF814A016F03FFB024676
:10952000002887D1BDF81830BB4206D06268059B81
:109530009A42EDD1002DACD19CE706A9204616F049
:10954000C8FA0028F2D0BDF81A90BDF81C304DB30F
:109550009D429ED1E36ADDF804B01B684FEA1A4AC7
:109560005B424FEA0A4A03F02003D1440393AA4620
:10957000039B534528BF534608AA494620469846B0
:1095800016F04EFA021E11D1424608A9584618F0AC
:1095900060FA00287FF47DAFBAEB080AC144C344E7
:1095A000E6D167E7002B7FF474AF63E73FF771AF55
:1095B00040E7029B1E44B6B26EE72046FFF7C2FCAE
:1095C000024600289ED1204616F09FFB0246002846
:1095D00098D109F101096AE76FF01B0292E76FF079
:1095E000150227E7069C0300269D0300742503004F
:1095F0002DE9FF47057CBDF8309004460E469046A5
:109600001F46BDB9082000F099FA40B1354B4361BF
:10961000354B83610323037445748574C5743349E2
:1096200000234FF4C25216F0A2FC6FF00C0004B0FD
:10963000BDE8F087C06A082116F041FAA389A3EBC0
:109640004003BB424AD3304616F0CDF90C3054F8F3
:1096500020A0CDF804A0BAF1FF3F1AD16FF00100AD
:10966000E5E702AA01A9204616F098FA0028DED103
:10967000BDF80830B34206D102A9204616F029FAF7
:1096800008B10135ADB26268019B9A4202D15146E0
:1096900008E000254D455146DDF804A0E1D9636896
:1096A000534503D1BDF80830B342D7D1BDF80C30D3
:1096B000002BD3D0A945D1D8BDF80A00090CBB4274
:1096C0004FEA014128BF3B4601444246204616F07E
:1096D000A7F90028ABD1BDF80C00A8E76FF0150082
:1096E000A5E700BF069C0300189D03007425030036
:1096F00070B5057C86B00446B5B9082000F01EFAA6
:1097000040B12C4B43612C4B83610323037445749C
:109710008574C574294900234FF4C25216F027FC02
:109720006FF00C0006B070BDC06A082116F0C7F9D2
:10973000A589E389A5EB4005013B5D436368009380
:10974000064602AA6946204616F028FA0028E9D102
:109750006368019304AA01A9204616F01FFA0028A5
:10976000E0D1BDF81020BDF808309A4203D06268FD
:10977000019B9A42EED102A9204616F0AAF9009A5E
:1097800048B1BDF80C1059B9BDF808104FF6FF7379
:10979000994200D1AD1B63689342D2D12846C1E7FC
:1097A000019B9342F7D1E06A16F089F9AD1B2D1A9F
:1097B000F1E700BF069C0300049D0300742503002D
:1097C00010B5047C0246ACB9082000F0B7F940B1EE
:1097D0000D4B43610D4B8361032303744474847404
:1097E000C4740B4900234FF4C25216F0C0FB6FF053
:1097F0000C0010BDC06A082116F061F9D2E90132EF
:109800009B1A181AF5E700BF069C0300EB9C0300A7
:109810007425030030B51049104889B0002218F0B3
:10982000DEF80F4D0F4900220023CDE90623002466
:109830000E23CDE90334CDE901440B4B00944FF4E2
:109840008062284611F05AF80849284610F0DEFFD9
:10985000204609B030BD00BFA5990100502D002061
:109860006826002000890020B99C01004B9D030060
:109870002DE9F047DFF85880044607464FF001090C
:1098800014B93846BDE8F08794FAA4F5B5FA85F521
:1098900009FA05F32E0108EB05156FEA030A24EA1D
:1098A00003042B7B002BEBD058F806301B694BB917
:1098B0004644042273682846196807EA0A0716F026
:1098C00037FBDDE7284698470028D9D1F0E700BFED
:1098D000B42603002DE9F047DFF8C4902C4CA9EB27
:1098E00004038F2B80460F460AD92A492A484FF491
:1098F000A77215F08EFE4FF4A771264815F080FE72
:10990000264816F0F5FA064658B300252846BDE865
:10991000F087237B83B12368DB680BB1204698472F
:10992000636883F806A023681B6993B963680422FF
:109930001968204616F0FCFA013610344C4514D94B
:10994000144915484FF4AD7215F063FE4FF4AD7134
:10995000D3E7204698470028E8D00AFA06F31D43CB
:10996000EAE705464FF0010AE8E7D2D3B8F1000F65
:10997000CCD0002DC9D02846FFF77AFF0546002F2E
:10998000F7D000214FF4A47011F06EFEF1E700BF94
:10999000B4260300539D03001F8A0300743A00207D
:1099A000D4260300014810F0FDBA00BF080E0020C5
:1099B000014B53F820007047202E030008B50346E2
:1099C00008462BB1044A136000F0B4FD002008BD26
:1099D0006FF01500FBE700BF5C09002010B5044CD8
:1099E000237813B9034810F0DDFA0123237010BD6A
:1099F000D05B0020080E002010B504460B4816F07E
:109A000077FA5CB1BFF35B8F094B53E8001F013954
:109A100043E80012002AF8D1BFF35B8F054817F026
:109A2000EAFF0548BDE8104010F0BCBA6C3A0020CF
:109A3000703A0020502D0020080E00200020064B18
:109A4000BFF35B8F014653E8000F43E80012002A82
:109A5000F9D1BFF35B8F70476C3A002070B5FFF708
:109A6000EDFF0E4C0E4E0546B44215D90D490E4879
:109A700040F20E2215F0CDFD0A4840F20E2115F0FD
:109A8000BFFD63685B792BB123685B6813B129461E
:109A9000204698471034E7E7F3D370BDB42603009F
:109AA000D4260300539D03001F8A030010B5044C05
:109AB00004492046FEF736FB034B1C6010BD00BF77
:109AC000080D00200C2E0300603A0020134A1448B1
:109AD000002310B51370134A1360134A4FF400416A
:109AE0001360FFF76BFFFFF7E1FF104B10491846BB
:109AF0008B4211D90F49104840F2291215F089FD07
:109B00000C4840F2291115F07BFD1A1A5C681211FD
:109B1000013222711033EBE7F7D310BDD15B002087
:109B2000EDFE02006C3A0020703A0020B4260300DB
:109B3000D4260300539D03001F8A03000146002220
:109B400001480023FEF71CBB080D00200148FEF76A
:109B50000DBC00BF080D0020024B01461868FEF73F
:109B60007BBC00BF603A00200148FEF7D5BC00BFB7
:109B7000080D002070B52F4B1878002859D0FFF73A
:109B8000E5FF0546002840D12B4B2C4C1B68002BD1
:109B900019DD17F022FF4FF47A72A0FB020302FBDB
:109BA0000131C30BD4E9002043EA41439B1A4FEA39
:109BB000D13140F2E93261EB0001934271F10001D1
:109BC00001D3FFF74BFFD4E9003213F57A7342F16A
:109BD0000002C4E90032BDE87040FFF7C5BF63680A
:109BE0005B7923B1236829461B68204698471034C7
:109BF000B4420DD91249134840F2022215F009FD72
:109C00000F4840F2022115F0FBFC0F4C0F4EEFE71E
:109C1000E5D32846FFF7A0FFBFF35B8F0C4B53E85B
:109C2000001F013943E80012002AF8D1BFF35B8F0F
:109C3000AAE770BDD05B00206C3A0020482D0020C0
:109C4000539D03001F8A0300B4260300D42603009B
:109C5000703A002070B5134D297809BB0120FFF739
:109C600039FE114C114EB44213D91149114840F23A
:109C7000C71215F0CEFC0E4840F2C71115F0C0FC1B
:109C800063685B791BB1236820469B689847103452
:109C9000E9E7F5D3FFF76EFF0028FBD101232B7016
:109CA00070BD00BFD15B0020B4260300D4260300A2
:109CB000539D03001F8A03002DE9F0472C4B2D4FC5
:109CC000FB1A1B090AD12C492C4840F2AB3215F083
:109CD000A0FC40F2AB31284815F092FC0021084668
:109CE000FFF7F8FD044640B340F267684FF0000903
:109CF00011F05AFD224B186030B1224B1B68092B22
:109D000002DD214810F04EF9DFF87CA0002544B1B7
:109D10002046FFF7ADFD044618B94FF0FF384FF06D
:109D2000FF39FFF727FF064628B95DB942464B4683
:109D3000504610F09BF93546E9E74FF0FF384FF0F9
:109D4000FF39D5E70A4D08E0F0D22B689B691BB1BB
:109D500000221146284698471035BD42F4D90649DD
:109D6000064840F29F3215F054FC40F29F31B2E7B2
:109D7000B4260300D4260300539D03001F8A03006A
:109D8000683A0020703A0020080E002013B52648DB
:109D900016F0AEF8254B1B785BB3EFF3118440232C
:109DA00083F31288BFF36F8F214811F0A5FF40B9EC
:109DB00020492148882215F02CFC88211D4815F0E7
:109DC0001FFC1B4811F0BCFFFFF7D4FE184811F030
:109DD000A1FF40B91749184840F2311215F019FC9B
:109DE00040F23111EAE784F31188BFF36F8F02B0BC
:109DF00010BD124B1B68002BF9D050B90022002374
:109E0000CDE900230E4840F26762002312F074FA95
:109E1000EDE70928EBD10A4817F0EDFD094802B03B
:109E2000BDE8104010F0BEB8703A0020D15B0020B1
:109E3000643A00207A9A03001F8A0300683A0020DF
:109E4000502D0020080E002010B5064B1B6804465C
:109E500098472146A0600448FEF742FABDE810404A
:109E6000FFF794BF5C090020080D0020044A054B51
:109E70009B1AB1EBD30F34BF52F83100002070476A
:109E800094240300B426030070B50D4C0D4E054616
:109E9000B44211D90C490D4840F2262215F0B9FB05
:109EA000094840F2262115F0ABFBA1682846E6F7E9
:109EB000FDFF18B11034EBE7F7D30024204670BD46
:109EC000B4260300D4260300849D03001F8A0300E8
:109ED00008B550B90749084840F2351215F099FB0A
:109EE000044840F2351115F08BFB436800225A718B
:109EF00008BD00BFB19D03001F8A03002DE9F04F8C
:109F00008FB004AFC1F34A28B8600D4691467B601C
:109F10000C0DB8F1000F67D0002607F114034FF0C5
:109F2000040B4FF00A0AC7F80C80C7E907667E6287
:109F30000193CDF808B0CDF800A007F11C03F96833
:109F400032464846FDF73EFEB0F5006F03461CD38F
:109F50006C468AB0D9F8041004AB2C48C3E905015B
:109F600040F2FF71D9611A464FF400711984284BF1
:109F700042F8103F274833464FF41251FFF7BEFF17
:109F8000A5462C37BD46BDE8F08FC0F30A0804F1A2
:109F90001700184420F0070080083B60FFF7CEFD53
:109FA00068F35325044638B33B681B4AC7E90836B3
:109FB00000F1100107F11403F961CDE900A3CDF818
:109FC00008B0F96807F11C034846FDF7FBFD0028BF
:109FD00012DA124912484FF4A37215F01AFB0F4817
:109FE0004FF4A37115F00CFB04F1170020F00700EB
:109FF0008008FFF7A3FD044668F353257B68B96822
:10A000002A46204615F0B3FFBBE700BFF29D0300D0
:10A0100004000001A425030043FF0200319E030059
:10A020001F8A03002DE9F04F87B0DDE91279DDE9E1
:10A03000106A04460391934698468FB3CDF800907A
:10A040003B46524610210020CDF81490FDF7BEFB90
:10A05000051E0ADA2A492B4840F2651215F0D9FA92
:10A0600040F26511264815F0CBFAB5F5006F18DB04
:10A070000820FFF763FD50B1234B436140F2FF73AB
:10A08000836103230374002343748374C3741F49DF
:10A0900000234FF4C45207B0BDE8F04F15F067BF7E
:10A0A0003D4606F11700284420F0070004F007049D
:10A0B0008008FFF743FD0BF0070BE40044EA8B1424
:10A0C00044EA452444EA0654064698B197B1CDF8CF
:10A0D00000903B46524629461030FDF777FB00289A
:10A0E00008DA074907484FF4C47215F092FA4FF4A2
:10A0F000C471B7E70399434622463046CBE700BF19
:10A10000319E03001F8A03005D9E0300A425030007
:10A11000406820B1034BC01A40F3CF0070474FF0A6
:10A12000FF307047942403000EB403B503AB01461F
:10A1300053F8042B0448019315F04DFF02B05DF86D
:10A1400004EB03B0704700BF69A10100CA0605D443
:10A150008B064CBF02490349FFF7E6BF704700BFBB
:10A16000969E0300959E030038B54B681A68CB682D
:10A170009A4205460C4602D1084615F01FFF636857
:10A18000BFF35B8F53E8002F511C43E800100028F9
:10A19000F8D1BFF35B8FA3689D5463681A68E368C6
:10A1A0009A4208D905490648722215F032FA034846
:10A1B000722115F025FA002038BD00BF989E0300DB
:10A1C0001F8A03002DE9F04F8BB09A46169B069329
:10A1D0009DF854B0179B0593189B199E0493044651
:10A1E0000D469046BBF1000F00F0AC80BBF1040FB0
:10A1F0000AD9A349A34840F2462215F00AFA40F2D0
:10A2000046219F4815F0FCF906F00103089306F07B
:10A210000803079306F48073099315F087FE06F090
:10A220000209024600283BD097492046FFF77CFFF1
:10A230000746B9F1000F08D016F0440F32D1934908
:10A240002A462046FFF770FF0744089B53B1904B06
:10A25000904953F82B20904B2046002A08BF1A46FD
:10A26000FFF762FF099B002B48D0079B002B62D1B0
:10A27000B8F1000F64D0894942462046FFF754FFE9
:10A280000546069B3D44002B6BD1049B002B7FD1E0
:10A29000F30700F1EE8031462046FFF757FFE2E07A
:10A2A0000746C6E77E4B18680028CDD07D4B4FF49B
:10A2B0007A791B68B5FBF3F54FF46163B5FBF0F1F8
:10A2C00000FB115509FB05F54FF03C0CB1FBF3F217
:10A2D00003FB1211B5FBF0FEB1FBFCF300FB1E55B6
:10A2E0000CFB131109FB05F50091B5FBF0F56E4968
:10A2F000CDE901E52046FFF717FFA5E7079BEBB186
:10A300006A4B6B4953F82B202046FFF70DFF05469B
:10A31000B8F1000F05D0614942462046FFF704FF1F
:10A320000544BAF1000FACD0624952462046FFF70F
:10A33000FBFE0544A5E74FF0000AE1E7079DE7E7CC
:10A3400045469EE7BAF1010F069B06D1D3B9049B9F
:10A35000002B00F0888000251AE0002BF7D056482B
:10A3600011E05648069B5649224615F073F800281E
:10A370000BDA434943484FF4287215F04AF94FF479
:10A3800028713EE74D485D46ECE7049B002B66D004
:10A39000DFF84081DFF84091049F3146102F2046BE
:10A3A00028BF1027FFF7D2FE4FF0000A554543DCC7
:10A3B000059B49461A782046FFF7B6FE4FF0010A82
:10A3C0001AF0070F03D141462046FFF7ADFE57456F
:10A3D00039D9059B494613F80A202046FFF7A4FE09
:10A3E0000AF1010ABAF1100FEAD1364920464FF0BE
:10A3F000000AFFF799FE5246059B9A5C324B995C26
:10A4000011F0970F08BF2E2230492046FFF78CFE2F
:10A410000AF1010ABAF1100F1AD01AF0070F03D18E
:10A4200041462046FFF780FE57455246E4D8414654
:10A430002046FFF779FEEBE741462046FFF774FE22
:10A440000AF1010AB2E722492046FFF76DFEC7E78D
:10A45000059B3B440593049BDB1B04939CD1BBF100
:10A46000000F7FF415AF20460BB0BDE8F04F15F09C
:10A47000A5BD094A07492046FFF756FE0BE700BF76
:10A48000989E03001F8A0300C79E0300CB9E030013
:10A49000302E030041B60300B7860300F09E030090
:10A4A0007C3A0020783A0020D49E0300442E03001A
:10A4B000F49E0300FA9E0300E5FF020069A101007B
:10A4C000D7FF0200099F030047C503000B9F03004D
:10A4D000059F0300079F0300FF9E030073B542F230
:10A4E0000F738B4228BF0B4605680F4A04460521AF
:10A4F000684615F028F863680C495B6806460B222D
:10A50000284615F04DFD63683246694628465B686B
:10A5100015F046FD636806495B681B22284615F066
:10A520003FFD02B070BD00BF867C03002A9F030080
:10A530000E9F0300074A00210123904206D8064AD5
:10A5400001B901231360054B1860704740085B0098
:10A550000121F2E740420F00783A00207C3A0020C7
:10A56000014B01221A707047D25B0020014B002082
:10A5700019607047943A00200148FFF7AFBF00BF51
:10A58000742E030010B5064B18680C46FFF710FA3E
:10A5900021460346BDE8104002480F22184700BF7D
:10A5A000943A0020742E0300F8B5094D094B0A4E69
:10A5B000D5E9004701221A700CB92C60F8BD21467C
:10A5C00030463A4600F01EF8241A0644F4E700BF6D
:10A5D000883A0020D35B0020D45B002010B9074BE1
:10A5E00018707047064B1B781BB141F2883017F08A
:10A5F000D8B8A420002111F037B800BFD25B0020EA
:10A60000D35B00202DE9F047DFF87C901D4F80469A
:10A610000E46042499F80050A5B917F0B5F8324653
:10A620008246414628460EF00DFE0546504617F07C
:10A63000B3F8E5B101233B7099F8003073B93046A7
:10A64000BDE8F0873246414600200EF0FBFD05468E
:10A65000EFE72046FFF7C2FF651E2C4600200EF0F4
:10A660007BFE0028EBD03B78002BF2D1E7E73B786C
:10A67000002BE4D0013C2046FFF7B0FF3B78002BD5
:10A68000C8D1DCE7D25B0020D35B00202DE9F34189
:10A69000436812481C680DF10701656815F0FFFC5E
:10A6A00030B99DF80710012902D10C4800F04AF892
:10A6B00001232B752568D5E90136D3E900482F68B9
:10A6C00024B96B681C6002B0BDE8F08121463046B9
:10A6D0004246B847241A0644F2E700BF241D03008F
:10A6E000F8B5074F0D4604464618B44201D1284636
:10A6F000F8BD14F8011BBB6801485B689847F4E794
:10A70000241D030010B543681C68084817F04DF875
:10A7100040B907490748992214F07BFF0448992162
:10A7200014F06EFF23685B685C6010BD241D03009D
:10A73000669F03001F8A0300014B036000207047DF
:10A74000B82E030070B5046A0D46002C3FD0244A91
:10A750002379565CB3423DD0224A525C9A423CD1A6
:10A76000A3689847002814DA022D10D0032D0FD1CA
:10A7700010F1860F0BD0BFF35B8F54E8003F43F01E
:10A78000020344E80032002AF7D1BFF35B8F267141
:10A7900070BD022D267101D00020F9E7BFF35B8F59
:10A7A00054E8003F23F0040344E80032002AF7D1C4
:10A7B000BFF35B8FBFF35B8F54E8003F23F00203CE
:10A7C00044E80032002AF7D1BFF35B8FE4E76FF073
:10A7D0005700DDE76FF07700DAE76FF08500D7E725
:10A7E000C99F0300C59F03002DE9F0471A4CDFF80D
:10A7F0007480DFF8749005460E461746444525D907
:10A80000164917484FF4BB6214F003FF13484FF486
:10A81000BB6114F0F5FE6268D9F824309A4213D374
:10A82000A3698BB1A9889078C9B2884205D13A460C
:10A8300031462846BDE8F04718475279012A03D12E
:10A840003A463146284698472434D7E7E3D36FF099
:10A850008500BDE8F08700BF580F0020CD9F0300A2
:10A860001F8A0300A00F0020BC3A00202DE9F04110
:10A87000134B144F5E6A144BBB421BD91349144847
:10A8800040F2BB5214F0C5FE104840F2BB5114F028
:10A89000B7FE5C68B4420BD31D694DB194F802C099
:10A8A0008488E4B2A44503D12B46BDE8F0411847A3
:10A8B0002433E1E7EDD36FF08500BDE8F08100BF00
:10A8C000BC3A0020A00F0020580F0020CD9F0300AD
:10A8D0001F8A0300024B00221A605A60704700BFB3
:10A8E000773B00202DE9F041114CDFF85080054600
:10A8F0000E461746444516D90E490F484FF4C1621B
:10A9000014F087FE0B484FF4C16114F079FE6369BF
:10A910000BB92434EEE73A463146284698470028DA
:10A92000F7D1BDE8F081F2D36FF08500F9E700BF01
:10A93000580F0020CD9F03001F8A0300A00F0020A6
:10A94000430670B51CD0114B114CA3421AD91149C2
:10A9500011484FF47D7214F05CFE0E484FF47D7187
:10A9600014F04EFE196A1E7F00220439D5B2AE42A1
:10A9700001D82433E9E7013211F832508542F5D18C
:10A98000012001E0EED3002070BD00BF580F002071
:10A99000A00F0020CD9F03001F8A0300F7B5848815
:10A9A000E4B220460F468DF80740FFF7C9FF054681
:10A9B00080B114F07F0F0E4E02D096F8BA30ABB1D2
:10A9C000204657B103F0F2FDF3691BB10DF1070109
:10A9D00008209847284603B0F0BD03F02BFEF3692A
:10A9E000002BF7D00DF107010920F2E71D46F1E732
:10A9F000BC3A002010B504460820FFF79FF850B17C
:10AA0000094B4361094BC0E9063404230374002356
:10AA100043748374C374064900234FF4015215F044
:10AA2000A6FA002010BD00BFFF9F03003EA1030057
:10AA30008C26030038B5054615F0D6FD10F1780FC9
:10AA4000044617D0B0B10820FFF778F850B10F4B8B
:10AA500043610F4BC0E9063504230374002343749C
:10AA60008374C3740B4900234FF4015215F07FFA2D
:10AA7000204638BD284615F06FFB074AD2F8C4308F
:10AA800023EA0003C2F8C4300024F1E71EA003004B
:10AA900052A103008C260300BC3A002008B50948E7
:10AAA0000378C3F341130A3350F823303BB100F16C
:10AAB000080200F110019847C043C00F08BD1846B6
:10AAC000FCE700BFBC3A002004282DE9F74FDFF86F
:10AAD000D89004460F4616D0012830D1DFF8C48044
:10AAE00098F8B9305BB300F09DFF2B4D4D4532D93E
:10AAF0002A492B4840F2C24214F08BFD40F2C24179
:10AB0000264814F07DFDFFF7E5FEE7E702EBC606F9
:10AB10000192307915F068FD8346307915F01CFB01
:10AB2000D8F8C430019A23EA0003BBF1000FC8F83B
:10AB3000C4300AF1010A12DA002388F8B930164D40
:10AB40004D451BD91549164840F2EE4214F061FDFF
:10AB500040F2EE41D4E7EFD22A6A4FF0000A2B7F91
:10AB60005FFA8AF6B342D1D82435BFE7EB681BB150
:10AB70003A462146284698472435E1E7F6D3094B63
:10AB80001B6A2BB13946204603B0BDE8F04F184789
:10AB900003B0BDE8F08F00BF580F0020CD9F030029
:10ABA0001F8A0300BC3A0020A00F002073B50446A2
:10ABB00080788DF80000237962792C4D43EA0223D6
:10ABC000ADF80230E37803F003038DF8043015F09C
:10ABD000C3FAD5F8C430184206460CD0A4782046F3
:10ABE00000F002FF2046FFF725FF16F081FE10B9A6
:10ABF000962010F075FD684603F09AFC10F1780F6E
:10AC00009DF8004018D0B8B10820FEF797FF50B16A
:10AC1000174B4361174BC0E9063404230374002328
:10AC200043748374C374144900234FF4015215F024
:10AC30009EF9002002B070BD204603F037FD10F1F0
:10AC4000780F09D040B108209DF80040FEF776FF4C
:10AC50000028E8D0094BDCE7D5F8C43001203343A5
:10AC600085F8B900C5F8C430E4E700BFBC3A00205D
:10AC700044A0030031A103008C2603006CA0030054
:10AC80002DE9F047A84EB36904460F461546FBB9B7
:10AC9000237803F01F03012B00F09E80022B00F0AD
:10ACA000068133BB94F900002A686178002834DA01
:10ACB000062912D008292BD0D9B90123137051705D
:10ACC00096F8C3305B0043F001031370022328E1C0
:10ACD00098470028DCD100200DE06288100A011F8F
:10ACE0000129844605D9072803D8716AD2B20C78A5
:10ACF0001CB96FF01500BDE8F0874E78664503D1AA
:10AD00009A4200F0098101332144F0E70B7808E111
:10AD100096F8BA301370012303E101390829E8D805
:10AD200001A353F821F000BFC3AD0100F3AC010053
:10AD3000D1AD0100F3AC01004DAD0100F3AC010059
:10AD4000F3AC0100F3AC01005BAD01006088C0B260
:10AD500003F086FB0028BED0CBE76388756A63BB2F
:10AD6000FFF7B8FD638886F8BA30F369002BB2D0DC
:10AD70006E4903209847AEE76B78042B10D0052B63
:10AD800011D0022B04D16F796388BB4208BF012028
:10AD90002B781D442B78002BEED10028A9D0DFE7BB
:10ADA00095F80380F4E76388BB42F1D1B8F1000F56
:10ADB000EED12846FFF7FAFEEAE7FF270020B84663
:10ADC000E8E76388012B94D1002386F8C33082E73B
:10ADD0006388012B8DD1F8E796F8BA30D5F800C01A
:10ADE000002B86D0A388756A5FFA83FE2A46107806
:10ADF00000283FF47EAF5178022904D192F80480F4
:10AE0000F04500F295800244F1E78CF800208CF8C0
:10AE1000012039605FE7154496E00B2A7FF469AFA3
:10AE200000274FF0FF08C146BA4606E06B78042BB6
:10AE30000FD0052B21D02B781D442B78002BF5D17A
:10AE4000F36913B1514607209847002F7FF443AFB1
:10AE50004FE795F80280A38895F803909845EAD1CA
:10AE600063889945E7D1B8F1070F1DD806EB0803B1
:10AE7000AA4683F8BB900127DDE7A3884345DAD1D2
:10AE80006388DBB24B450AD0AF78384600F0ACFDA2
:10AE90003846FFF7CFFDB0FA80F77F09CBE72846A9
:10AEA000FFF784FE0746C6E7AA460027C3E794F9E2
:10AEB00000206378002A19DA002B7FF41AAFA488E7
:10AEC0002D68E4B22046FFF73BFD00283FF411AFA8
:10AED000630604D096F8BA30002B3FF40AAF294637
:10AEE000204603F0C7FB00236B70EFE6012B08D070
:10AEF000032B7FF4FEAE6388002B7FF4FAAE0121B2
:10AF000003E0618800297FF4F4AE2046FFF746FD98
:10AF100000287FF4E0AEECE6022829607FF4F6AE6C
:10AF20004B883B60D7E600BFBC3A0020763B002050
:10AF300094F9000062780028BFF66FAF002A3FF452
:10AF400064AF0A2A7FF4D5AE2A78002A3FF4D1AE46
:10AF5000697804297FF45FAFA9788B427FF45BAFF7
:10AF6000072B96BF9B19002393F8BB308CF8003059
:10AF7000D1E600BF13B5164C237DF3B9E268A16892
:10AF8000019201AB802015F0F5F8019AA3681344F3
:10AF9000A360E3689B1AE3606BB962B12369E2883E
:10AFA0009A4208DD94F8C82093FBF2F102FB1133BA
:10AFB0000BB90123237502B010BD00231A461946B0
:10AFC0008020237502B0BDE8104003F099BB00BF9C
:10AFD000BC3A00207FB500230D46019306460028A9
:10AFE00070D1002948D108220B460DEB020115F063
:10AFF00014FB002803DA802003F0D8FA2DE03C4C43
:10B00000029A2260039A626004F13802A2609DF9FC
:10B010000820BDF80E302575002AC4E903551EDB53
:10B02000802B17D90820FEF789FD40B1314B4361D1
:10B03000314B83610323037445748574C5742F49B0
:10B0400000234FF4C25214F092FF802003F0AEFAB6
:10B050000020D1E71BB1C4E9033304B070BDFFF792
:10B060001DFD0028C7D0E28823699A42D4BFE26060
:10B07000E360FFF77FFFF0E71D4CD4E90212002ADE
:10B0800001AB05DC024615F0C8FA0028E5DAB2E7A4
:10B0900015F0C3FA002804DA802003F087FA30465E
:10B0A000AAE7019AA3681344A360E3689B1AE360CC
:10B0B000002BD2D104F13803A360FFF7EFFC002886
:10B0C000D7D198E7802807D1094BDA68002AD0D178
:10B0D0001B7D002BCDD1C0E709490A484FF4C5724A
:10B0E00014F097FA06484FF4C57114F089FA00BFBE
:10B0F000BC3A002091A003000AA103008C260300A3
:10B10000CD9F03001F8A0300054B064A9A62064A38
:10B11000DA62064A1A63064A58629A61002070474A
:10B12000BC3A002081AC01006DA80100E5A8010037
:10B13000E9A701002DE9F3410646604D60484FF054
:10B14000FF334FF0FF320EF099FC95F8B830002B2A
:10B1500040F0B0806B6A0BBB00F00CF9FFF7D4FF36
:10B160006C6ADCB90820FEF7E9FC40B1554B43613D
:10B17000554B83610323037444748474C47453492A
:10B1800000234FF4C25214F0F2FE4FF0FF344C484B
:10B190000EF02AFD204602B0BDE8F0814C48E8617F
:10B1A0006F6A2E6203F03CFC03F028F9041EEEDB0C
:10B1B00000F05AFC041EEADB7B78012B01D1FB79FD
:10B1C000B3B90820FEF7BAFC48B1424B43613E4B8D
:10B1D000836103230374002343748374C3743B4962
:10B1E00000234FF4C25214F0C2FE6FF01504CEE7F4
:10B1F0000026684685F8C830ADF802308DF8046046
:10B200008DF8006003F094F9041EC0DB80276846C7
:10B210008DF8007003F08CF9041EB8DB2E4930461F
:10B2200003F0EAFB041EB2DB2B49384603F0E4FBD3
:10B23000041EACDB294CDFF8B08044451DD92849F9
:10B2400028484FF4C36214F0E4F925484FF4C36171
:10B2500014F0D6F9276A0026227FF3B29A4201D869
:10B260002434EAE707EBC30257F83310107903F0F0
:10B27000C3FB01360028EFD087E7EBD3002003F0B3
:10B2800015FA041E83DBD5F8C430802043F0010397
:10B29000C5F8C43003F00AFA041EFFF678AFD5F8FB
:10B2A000C43043F48033C5F8C430012385F8B83086
:10B2B00000246CE76FF0770469E700BFBC3A002018
:10B2C000E40D0020AEA0030026A103008C2603009D
:10B2D000C9AA0100D7A00300D5AF0100580F002074
:10B2E000CD9F03001F8A0300A00F002030B51F4B25
:10B2F0008BB005AA03F1100518685968144603C4F9
:10B300000833AB422246F7D11B782370102200216C
:10B3100001A816F0D6FB12220021154816F0D1FB29
:10B32000102101A815F026FB00281BDD0828B8BF56
:10B330000820093801AB0E491A18002012F8013F05
:10B340000AAC04EB131403F00F0328336B440130F1
:10B3500014F8144C13F8143C0C7008284B7001F1CD
:10B360000201EBD102480BB030BD00BF6EA103005B
:10B37000E65B00202DE9F04FAC4B93F800B087B0AE
:10B38000BBF1000F03D0AA4807B0BDE8F08FA84C6E
:10B3900000264FF0011AB1463546374623783BB9AF
:10B3A000A44B02349C42F3D1A04A01231370EAE774
:10B3B0006378052B29D8DFE813F0F50006005F015C
:10B3C000F5002B007900402304A88DF810B0ADF8EB
:10B3D00012308DF814B003F069F898B1082304A86E
:10B3E000ADF8123003F062F860B193499348ADF8BC
:10B3F00012B040F28F1214F00CF940F28F118E4807
:10B4000014F0FEF8BDF81230E37123781C44C5E750
:10B41000E378002BF9D1A378002B42D1884D03E0CB
:10B420006B689C4238D02435864B9D4208D98249AE
:10B4300082484FF49B7214F0ECF84FF49B71DEE7F6
:10B44000EED30820FEF77AFB50B17F4B43617F4B70
:10B45000C0E9063404230374002343748374C37463
:10B4600000234FF401527A4914F081FD0820FEF7C1
:10B4700065FB48B1774B4361774B836103230374CA
:10B48000002343748374C374714900234FF4C25280
:10B4900014F06DFD002077E7AB6813B149462046F4
:10B4A000984709F101095FFA89F9AEE7002D77D1D4
:10B4B0000820FEF743FB40B1684B4361634B836157
:10B4C0000323037445748574C57400234FF4C2527A
:10B4D000C9E7296AA07801EBC2010B79984213D021
:10B4E00001322B7F9A42F4D30820FEF727FB002875
:10B4F000EBD05B4B4361554B836103230374002303
:10B5000043748374C374E0E74FF00108E07800F0FF
:10B5100003008DF81400207994F805C040EA0C204F
:10B52000ADF8120094F9020000285FFA88F329DAD6
:10B5300008F110004FF0010C0CFA00F010EA0A0FAD
:10B5400028D143F080008DF8100004A8CDE9021343
:10B55000019202F0ABFFDDE90121039BD0B99DF818
:10B560001020A27012F0800F18BF10330A7118BF9C
:10B57000DBB24FF0010214BF9A4002FA08F24AEA25
:10B58000020A42E7012000FA08F010EA0A0F01D18E
:10B590001846D8E708F10108B8F1100FB6D19FE7B7
:10B5A00000229EE7032E1AD1FFF7A0FE804650B17D
:10B5B000E5F786FC024630B11028A8BF10224146AC
:10B5C000A01C16F056FA23786FF00200E118001B59
:10B5D00004EB5303C84216D50136F6B215E7002E28
:10B5E000F1D1002F40D10820FEF7A8FA00283FF43F
:10B5F0006CAF1C4B4361154B836103230374477489
:10B600008774C77461E71A78203A5E2A06D90A4916
:10B610000A48CB2213F0FDFFCB21F0E601F801BC74
:10B6200013F8012901F8022DD4E700BFE55B0020E3
:10B63000540E0020560F00207FA103001F8A030034
:10B64000580F0020A00F0020B5A1030083A2030023
:10B650008426030060A2030096A20300D9A1030080
:10B660001EA203003FA20300E31BBB70C3F307232A
:10B67000FB7087F80490AFE72746C6E610B5094B84
:10B6800000211A461C78844204D15C6814B102EB94
:10B69000811010BD0131042903F14003F2D10020D3
:10B6A000F7E700BF883B00202DE9F34150F8283C24
:10B6B00010F82C6C103304460BD1036950F8202C81
:10B6C00013F002074DD0D2B9590715D5002344F81D
:10B6D000283C54F8283C10330BD054E9077554F833
:10B6E000148C16F005F9002878D04348214616F04E
:10B6F000EFF802B0BDE8F08143F00403036154F8B1
:10B70000241C01AB304614F035FD0546C0B10A20BB
:10B71000FEF714FA58B1394B4361394B0662C0E960
:10B72000063505230374002343748374C374002314
:10B7300034494FF4215214F01AFC6FF01503C6E798
:10B74000019A54F8243C134444F8243C54F8203C17
:10B750009B1A44F8203C54F81C3C134444F81C3C0D
:10B76000B7E750F8241C01AB304603F07BF80546E0
:10B7700080B10A20FEF7E2F90028D8D01F4B4361C0
:10B780001F4B0662C0E906350523037447748774AE
:10B79000C774CCE7019D54F8243C2B4444F8243C66
:10B7A00054F8203C5B1B44F8203C54F81C3C2B44D0
:10B7B00044F81C3C002D89D0304603F037F9B5FB26
:10B7C000F0F303FB1055002D80D154F8203C002BE2
:10B7D0003FF47CAF304603F0B1F87AE744F8180C38
:10B7E000A4F110000EF0DEFB002D82D04246394657
:10B7F0003046A8477DE700BF882D0020BFA2030088
:10B8000057A30300A42603004B1E012B73B5064665
:10B810000D4622D8FFF732FF044600BB012D1CD194
:10B8200001AB01220DF10301304603F01BF8019C2E
:10B83000002CF5D10820FEF781F940B1114B43618E
:10B84000114B83610323037444748474C4740F49DB
:10B8500000234FF4C25214F08AFB02B070BD16F000
:10B8600047F804F12C0108B1012D05D1084602B0BA
:10B87000BDE87040FFF718BF054802B0BDE8704052
:10B8800016F026B8E0A2030069A30300A426030073
:10B89000882D00202DE9F74F054601911646984660
:10B8A00014F0B0FC0446002840F08D80EFF31183C3
:10B8B0000093402383F31288BFF36F8FDFF820914A
:10B8C0000022002348460EF0D1FB18BBDFF814A17C
:10B8D0000AEB841BA701DBF8044014F1100F3DD1E3
:10B8E00001900820FEF72AF950B1384A4261384ADF
:10B8F000019B4374C0E90625042202748374C37457
:10B90000344900234FF4015214F031FB48460EF045
:10B9100049FB1AE00134042C09F14009D0D1082078
:10B92000FEF70CF948B12C4B4361294B836103238B
:10B930000374002343748374C374264900234FF4B3
:10B94000C25214F014FB6FF00B04009B83F31188B8
:10B95000BFF36F8F204603B0BDE8F08F0C9B019AB8
:10B96000CBF814300D9BCBF81000CBF818302846DC
:10B970006FF00F03CBE902260AF80750CBF83C80A2
:10B98000CBF8043003F052F868B1284603F04EF8C3
:10B99000B6FBF0F303FB10662EB1DBF83C3043F04E
:10B9A0000403CBF83C3018F0020F07D007F12C014C
:10B9B0000A48514415F08CFF0024C6E7284602F0DF
:10B9C000BDFF0446C1E76FF00F04C3E71DA30300EA
:10B9D0004AA30300A4260300FEA20300882D002032
:10B9E000A43B0020883B002010B5EFF311844023D6
:10B9F00083F31288BFF36F8FFFF740FE50B14368A7
:10BA0000103307D16FF08B03436000F12C01044821
:10BA100015F05EFF84F31188BFF36F8F10BD00BF78
:10BA2000882D0020F8B50E4C04254027EFF3118631
:10BA300087F31288BFF36F8F6368103307D16FF0FD
:10BA40008B030848636004F12C0115F041FF86F375
:10BA50001188BFF36F8F013D04F14004E6D1F8BDBA
:10BA6000883B0020882D002070B50A4C0A4E002526
:10BA7000314620460EF060FD0122A4F1100011466F
:10BA8000013515F007FF042D04F14004F0D100202A
:10BA900070BD00BFB43B0020A9B6010001690123BD
:10BAA00081F84B300B6833B191F849301BB1024833
:10BAB000083115F00DBF7047882D00200169012362
:10BAC00081F84A300B6833B191F848301BB1024815
:10BAD000083115F0FDBE7047882D002070B505694E
:10BAE000EFF31186402383F31288BFF36F8FD5F8ED
:10BAF0009000FDF797F9044686F31188BFF36F8F26
:10BB000030B104480022002305F118010EF012FEA6
:10BB1000204670BD882D002070B5012382F8483082
:10BB200013680D4614463BB192F84A3023B10E48D3
:10BB300002F1080115F0CCFED4F89030DA885B8968
:10BB40009A4205D17DB904F1180140F6CD4204E0D6
:10BB500004F11801002DF8D00022BDE87040024821
:10BB600000230EF0E7BD70BD882D002070B50E4695
:10BB700081880446C9B21548154614F01FFB10B35E
:10BB800094F900206378002A16DB202B04D0222BA6
:10BB90000ED06FF085000AE02B681A6840F8102C70
:10BBA0009A8820F80C2C9B7900F80A3C002070BD84
:10BBB000638800F8093CF9E7212BEAD11038072304
:10BBC00028603360F2E76FF01200F0E7883C002055
:10BBD00008B50146034814F0FFFA10B1012300F83C
:10BBE000073C08BD883C00200D4A03460021A0F810
:10BBF00048101068C3F8940090889279A3F89800D0
:10BC000083F89A2083F89C1083F89B10A3F89E1069
:10BC100083F8A010402203F14C0015F052BF00BF82
:10BC2000F327030010B504690023C4F8A8300C4BB7
:10BC3000C4F8A400596804F1A80269B9C3E9002254
:10BC400004F1080007490EF077FC04F118000649DA
:10BC50000EF04AFD002010BD0A605A60F0E700BFF8
:10BC6000883C00202F02030021BD010030B54FF4B5
:10BC70000033426805690D4C85B042F2A100CDE960
:10BC80000103002385F89D30106AADF80C1000798F
:10BC90000A2201A914F06EFA95F89D3023B901200B
:10BCA00015F07FFD013CF7D105B030BDA186010044
:10BCB00073B504698DF80710002384F848304025D7
:10BCC000EFF3118685F31288BFF36F8F0122D4F84A
:10BCD00090000DF10701FDF7A5F886F31188BFF379
:10BCE0006F8F01280AD015F003FE10B994F8A13027
:10BCF0006BB9094B1A780AB901221A702122002364
:10BD000004F1180105480EF015FD02B070BD0021C8
:10BD100021200FF0A9FCD3E7F85B0020882D00203C
:10BD2000F0B5D0F88C305B681B6A1F7D85B0054686
:10BD3000384614F067FA064650BB95F886303BB398
:10BD4000A86F0146C38831F80A2F9B1A9BB2B3F53E
:10BD5000806F28BF4FF4806303AA13F0F4FD0446FC
:10BD6000B0B18306A5F1180308BF00F1FF3485F8D0
:10BD700030600193074B0399009322460223384613
:10BD8000FFF788FDA86F224600F10A0113F011FEAB
:10BD900005B0F0BD19BB010037B514460A1E0546B3
:10BDA00021DDD4F88C0004F14C01FDF73BF80123B0
:10BDB00084F8493023683BB194F84B3023B11148E3
:10BDC00004F1080115F084FDD4F88C209388918942
:10BDD00012695B1A9BB2D31A3F2B04D8012384F853
:10BDE000A03003B030BD94F89E30002BF9D0064B44
:10BDF000009301940123402204F14C012846FFF7EF
:10BE000049FDEEE7882D002099BD0100F7B50D46EC
:10BE100001461D4814F0C6F9044610B30646691ED3
:10BE200056F8A4395F6805291BD8DFE801F01C1A11
:10BE3000031C222610F8061C99B9012300F8063CC1
:10BE40003B6A3246187BFFF7A7FF14F85C2C42B917
:10BE50003B6A187D0D4B0093019602231146FFF7B4
:10BE600019FD03B0F0BD304603B0BDE8F040FFF768
:10BE7000BBBE012304F8053CF3E710F8053C002B9A
:10BE8000EFD00023F6E700BF883C002019BB01007B
:10BE900037B5094D0949002400944FF0FF334FF4A2
:10BEA000007228460EF0BAFB054928460EF0AEFC9B
:10BEB000204603B030BD00BF882D0020808D0020BB
:10BEC0009DA3030010B5084C216811B1074815F077
:10BED000D6FC4FF0FF324FF0FF3305480DF0ECFF7A
:10BEE0002060053010BD00BF903C0020180E0020DF
:10BEF000400E002038B5094C094D2046294615F062
:10BF0000BEFC05F58471204615F0B9FC20460549B4
:10BF1000BDE83840002204F04FBD00BF180E0020DD
:10BF2000943C0020400E002008B5054813F0FEFAAE
:10BF3000044813F0FBFABDE80840034813F0F6BAD2
:10BF4000B5A30300FCA303002FA40300014810F0D5
:10BF500081BB00BFB82E030038B5044618B90F4B9B
:10BF60000F485B6898476168B1F5683F10D0B1F53C
:10BF7000680F0DD00B4DA9420AD011F468612068FA
:10BF800007D0014608480DF0C5FC0023236065601A
:10BF900038BD142215F095FDF9E700BF740B0020A1
:10BFA0005DA403002C5F5CA9A443002008B520B366
:10BFB0004368B3F5683F10D101220368BFF35B8F7C
:10BFC00053E8001F002903D143E800200028F7D1DF
:10BFD000BFF35B8F0DD1002008BD094A93420AD000
:10BFE00000684FF0FF324FF0FF330DF047FD00289F
:10BFF000F1D00448F0E70448EEE76FF4E040EBE7E7
:10C000002C5F5CA9E98FFFFFEA8FFFFF08B5D8B16D
:10C010004368B3F5683F10D100220368BFF35B8F1C
:10C0200053E8001F012903D143E800200028F7D17D
:10C03000BFF35B8F0BD1002008BD074A934208D0A5
:10C0400000680DF0D1FDF6E76FF4E040F4E7034837
:10C05000F2E70348F0E700BF2C5F5CA9E98FFFFF20
:10C06000EA8FFFFF10B5044618B91D4B1D485B68E9
:10C0700098476368B3F5683F2FD0B3F5680F2CD0AD
:10C08000194A934219D1236803BB18484FF0FF3275
:10C090004FF0FF3321460DF0CBFB08B923681BB9E5
:10C0A0000F4B13485B68984720681422002115F055
:10C0B00008FD4FF46863636008E0B3F5683F0DD88E
:10C0C0003A2B03D040F6BA629342DED1206815F0D5
:10C0D000C3FB636843F03A03636010BD054AF3E7AE
:10C0E000740B00205DA403002C5F5CA9A443002016
:10C0F00083A403003A00003A08B5064906484023E5
:10C10000142215F092FBBDE808400449044810F0E1
:10C1100013BB00BFA43E0020A4430020C02E030098
:10C12000D42E03002DE9F74F07460C46002900F0F6
:10C13000A8800A20D1E900868D68FDF7FFFC60B178
:10C14000604B4361604BC0E90865C0E906380623CF
:10C150000374002343748374C3745C4900234FF455
:10C16000415213F004FF0A20D4E903866569FDF704
:10C17000E5FC60B1564B4361534BC0E90865C0E92B
:10C18000063806230374002343748374C3744F4931
:10C1900000234FF4415213F0EAFE0820E569FDF751
:10C1A000CDFC50B14B4B4361474BC0E906350423EE
:10C1B0000374002343748374C3744449DFF8089103
:10C1C00000234FF4015213F0D2FE00252646A84664
:10C1D000326A736A01921020D6E90ABA0093FDF719
:10C1E000ADFCB8B13C4B019A0262C0E90539009B35
:10C1F0008362AB1CC0E90B3BEB1CC0E90D3A6A1C27
:10C200000B23C5614262037480F8118080F81280AC
:10C2100080F813802D49002345F64002043513F0C1
:10C22000A6FE102D06F11006D2D10820256EFDF7CE
:10C2300085FC50B1294B4361234BC0E906350423EB
:10C240000374002343748374C374204900234FF4A0
:10C25000015213F08CFE0820A569FDF76FFC50B168
:10C260001F4B4361184BC0E90635042303740023B8
:10C2700043748374C374154900234FF4015213F0BF
:10C2800076FE012F17D1EFF305850820FDF756FC48
:10C2900058B1144B4361144B83610423103D037464
:10C2A0000023C56143748374C374084900234FF4A9
:10C2B000015213F05CFE2146384603B0BDE8F04F52
:10C2C0000DF0BEB8B0A40300CCA50300D425030034
:10C2D000E3A4030016A5030029A5030070A503002D
:10C2E00083A50300B5A50300D5A5030030BFFFF764
:10C2F000FDBF00BF054B9A699B689A421FBF044A65
:10C30000536843F080535360704700BF805700204C
:10C3100000ED00E02DE9F041064608200F461546E5
:10C32000FDF70CFC48B1764B4361764B83610323E8
:10C330000374002343748374C374002372494FF45D
:10C34000C25213F014FE714B9B6AD8066AD50820BE
:10C35000FDF7F4FB48B16E4B43616A4B83610323E5
:10C360000374002343748374C374674900234FF438
:10C37000C25213F0FCFD4FF01108644B9B6A190781
:10C3800015D50820FDF7DAFB48B1624B43615D4BE0
:10C39000836103230374002343748374C3745A4971
:10C3A00000234FF4C25213F0E2FD4FF01208574B36
:10C3B0009B6A9A0739D50820FDF7C0FB48B1564B58
:10C3C0004361504B836103230374002343748374DC
:10C3D000C37400234C494FF4C25213F0C8FD4B4BB9
:10C3E0005C6B9B6A1B067AD50820FDF7A7FB50B152
:10C3F0004A4B4361434BC0E90634042303740023D2
:10C4000043748374C374404900234FF4015213F002
:10C41000AEFD27B13D4A936A23F0800393624FF04B
:10C42000130804E04FF01008A7E76FF01504374B2E
:10C430009B6AD80715D50820FDF780FB48B1384B1B
:10C440004361304B8361032303740023437483747B
:10C45000C3742D4900234FF4C25213F088FD4FF0EE
:10C4600014082A4B9B6A990615D50820FDF766FB30
:10C4700048B12C4B4361234B836103230374002396
:10C4800043748374C374204900234FF4C25213F0E1
:10C490006EFD4FF015081D4FBB6ADA0602D4BB6A69
:10C4A0009B070BD57B68180508D53146204600F060
:10C4B00047FDB8B180F309884FF00208134B9A6A20
:10C4C000920642BF5A6A22F400525A629A6A42F0B5
:10C4D000FF029A6200232B704046BDE8F0816FF0A6
:10C4E00015049CE7BB6AD906E8D50F490F484FF4FD
:10C4F000927213F08EF80C484FF4927113F080F89A
:10C50000E7A50300FEA90300D425030000ED00E029
:10C5100001A6030038A603004FA603006BA6030084
:10C5200085A60300A8A60300DBA603001F8A03005C
:10C5300008B50820FDF702FB48B1584B4361584B42
:10C54000836103230374002343748374C3745549C4
:10C5500000234FF4C25213F00AFD534B9B6A99011A
:10C5600040F19A800820FDF7E9FA48B14F4B43614A
:10C570004B4B836103230374002343748374C3749C
:10C58000484900234FF4C25213F0F1FC1E20464BE1
:10C590009B6ADA0114D50820FDF7D0FA48B1444B64
:10C5A00043613F4B8361032303740023437483740B
:10C5B000C3743C4900234FF4C25213F0D8FC1F202F
:10C5C000394B9B6A1B0314D50820FDF7B7FA48B115
:10C5D000384B4361324B836103230374002343745C
:10C5E0008374C3742F4900234FF4C25213F0BFFC6D
:10C5F00021202D4B9B6A590314D50820FDF79EFA84
:10C6000048B12D4B4361264B836103230374002300
:10C6100043748374C374234900234FF4C25213F04C
:10C62000A6FC2220204B9B6A9A0314D50820FDF714
:10C6300085FA48B1214B4361194B8361032303748D
:10C64000002343748374C374164900234FF4C25209
:10C6500013F08DFC2320144B9B6ADB0314D50820B8
:10C66000FDF76CFA48B1164B43610D4B8361032310
:10C670000374002343748374C3740A4900234FF482
:10C68000C25213F074FC2420074A936A6FEA0343F2
:10C690006FEA1343936208BD1D2078E70DA70300DE
:10C6A000E8A90300D425030000ED00E029A703005A
:10C6B00040A703005EA7030080A70300A9A703000B
:10C6C000C7A7030070B5054608200C46FDF736FAEB
:10C6D00048B1684B4361684B8361032303740023B3
:10C6E00043748374C37400234FF4C252634913F03C
:10C6F0003EFC634B9B6ADA0440F1A2800820FDF700
:10C700001DFA48B15F4B43615B4B836103230374A4
:10C71000002343748374C374584900234FF4C252F6
:10C7200013F025FC1720564B9B6A1B0514D50820D7
:10C73000FDF704FA48B1544B43614F4B8361032327
:10C740000374002343748374C3744C4900234FF46F
:10C75000C25213F00CFC1820494B9B6A9E0534D53D
:10C760000820FDF7EBF948B1484B4361424B836128
:10C7700003230374002343748374C3743F49002369
:10C780004FF4C25213F0F3FB3D4B9E6B9B6A1904AE
:10C790001AD50820FDF7D2F950B13D4B4361364B15
:10C7A000C0E9063604230374002343748374C374FE
:10C7B000324900234FF4015213F0D9FB25B1304A1E
:10C7C000936A23F40043936219202D4B9B6A5A0508
:10C7D00014D50820FDF7B2F948B12E4B4361264B22
:10C7E000836103230374002343748374C374234954
:10C7F00000234FF4C25213F0BAFB1A20204B9D6A5B
:10C8000015F480751ED00820FDF798F948B1224B29
:10C810004361194B836103230374002343748374BE
:10C82000C374164900234FF4C25213F0A0FB1B201F
:10C83000134A936A43F47F4393620023237070BDCD
:10C84000162070E79B6A9B04F2D50820FDF776F965
:10C8500040B1124B4361084B836103230374457459
:10C860008574C574054900234FF4C25213F07FFB51
:10C870001C20DDE7F6A70300F4A90300D42503007C
:10C8800000ED00E010A8030038A6030025A803006F
:10C8900042A803005BA803007AA80300A8A603002F
:10C8A0002DE9F041AC4B9CB05C6800AF0546C4F389
:10C8B0000803002686F31188BFF36F8F02F07F40D4
:10C8C000B0F17F4F15D102F00C0008281CD1FDF704
:10C8D00035F940B1A14B4361A14B8361032303743C
:10C8E00046748674C6749F4900234FF4C25213F0F5
:10C8F0003EFB9D499D4840F2114212F08AFE40F2F3
:10C900001141994812F07CFE12074CBF0D460126DA
:10C91000002DEED00022FA71DA1E092A00F2F98009
:10C92000DFE812F00A00E000E300CB00F700F700B8
:10C93000F700F700F700E6000820FDF7FFF848B120
:10C940008B4B43618B4B836103230374002343743C
:10C950008374C374002383494FF4C25213F007FB5E
:10C960004FF000087C4B87F80780DC6A14F0020463
:10C9700017D00820FDF7E2F858B17F4B43617D4B9B
:10C9800083610323037480F8118080F8128080F89B
:10C990001380744900234FF4C25213F0E8FA0024C4
:10C9A0004CE0DA6A002A0EDA0820FDF7C7F8002802
:10C9B000EFD0724B43616F4B836103230374447464
:10C9C0008474C474E5E7DB6A5B0040F18280082070
:10C9D000FDF7B4F840B16A4B4361664B83610323B2
:10C9E000037444748474C4745E4900234FF4C252C7
:10C9F00013F0BDFA584BA9695A6942F480725A6122
:10CA0000BFF34F8FBFF36F8F5A6931F8021C22F4C6
:10CA100080725A61BFF34F8FBFF36F8F4DF6027272
:10CA2000914227D108202C68FDF788F860BB4D495A
:10CA300000234FF4015213F09AFA2C68FB79ABB93A
:10CA40006822294607F1080015F013F87B6A002ECA
:10CA50007DD0C3F3080222B96FEA53236FEA432360
:10CA60007B6207F108012046FFF75CFB7037BD468B
:10CA7000BDE8F0819A6AD2B292B1FA1D012128462E
:10CA8000FFF748FC0446D9E73E4B4361394BC0E908
:10CA9000063404230374002343748374C374C6E709
:10CAA0009A6A12F47F4F04D0F91D0120FFF70AFEA5
:10CAB000E8E79B6AB3F5803F02D3FFF739FDE1E772
:10CAC00029492A4840F2EA2212F0A3FD40F2EA2165
:10CAD00017E72549254840F2ED2212F09AFD40F271
:10CAE000ED210EE7FA1D0021C9E7F91D0020DDE761
:10CAF0000820FDF723F800283FF44BAF224B436199
:10CB0000224B836103230374002343748374C3742F
:10CB10003FE71F4A1F4914F4F87F6C468AB018BFDC
:10CB200011466A461C485061103B13621B4840F294
:10CB3000013393841A4BC2E9060142F8103F0948B9
:10CB400000234FF43151FDF7D9F9A54627E723F427
:10CB5000FF7323F0010383E700ED00E0C4A80300A6
:10CB60001AAA0300D4250300DBA603001F8A0300D2
:10CB7000F3A803000FAA03000EA9030033A90300C2
:10CB800045A9030068A9030088A90300DAA90300E6
:10CB9000ABA8030096A80300B0A90300C7A903002F
:10CBA00005000001044B5A6942F010025A615A69AB
:10CBB00022F008025A61704700ED00E0EFF30880B0
:10CBC000EFF3098101B57246FFF76AFE01BD00BFB0
:10CBD000002080F31488BFF36F8F0F4880F308881C
:10CBE00008F070FB00200D490860BFF34F8F00F084
:10CBF0002BF8402080F3118809484FF490614018C9
:10CC000080F30988EFF314800221084380F314882D
:10CC1000BFF36F8F00F024F9009D002094ED00E039
:10CC2000809400200749D1F890200023C2F3072206
:10CC30001846934200DB7047C1F89830C1F8A00055
:10CC40000133F6E700ED00E008B572B6002383F388
:10CC50001388FFF7E7FF144B4FF0FF32C3F8802033
:10CC6000C3F88420C3F88820C3F88C20C3F8902030
:10CC7000C3F89420C3F89820C3F89C20C3F88021FF
:10CC8000C3F88421C3F88821C3F88C21C3F890210C
:10CC9000C3F89421C3F89821C3F89C2162B6BFF36E
:10CCA0004F8FBFF36F8F08BD00E100E0084B9B681A
:10CCB00083420BD1EFF3058343B1064B5A6842F030
:10CCC00080525A605A6A22F400425A620EF072BDD3
:10CCD0008057002000ED00E022498A6882F8DDE0FC
:10CCE0004FF030001044EFF3098C80E8F01F1EF085
:10CCF000100F03D102F19C0080EC108A402080F3D9
:10CD00001288BFF36F8F184F4FF000668A698A60F0
:10CD10003E6092F9DDE0D2F894000023C2F894302E
:10CD200080F311881EF0100F03D00023E1EE103ABB
:10CD300003E002F19C0090EC108AEFF3148323F0DF
:10CD4000040383F31488BFF36F8F04B5104600F01B
:10CD500089F9BDE8044002F1300090E8F01F8CF33F
:10CD6000098870478057002004ED00E01EF0040F92
:10CD70000CBFEFF30880EFF30980816911F8021C02
:10CD80000229FFD001B5724613F05EFB01BD00BF62
:10CD900040B2002807DB044A4109012300F01F00CC
:10CDA000834042F82130704700E100E040B20028A3
:10CDB0000CDB4309064900F01F00203301228240AA
:10CDC00041F82320BFF34F8FBFF36F8F704700BF31
:10CDD00000E100E0054B420900F01F0053F822205B
:10CDE000012303FA00F01040704700BF00E100E0AB
:10CDF00008B5D3070BD40231072909D90E490F48CA
:10CE00006B2212F006FC0C486B2112F0F9FB00219A
:10CE100040B20028ACBF00F16040094B4FEA41111D
:10CE2000B8BF00F00F00C9B2AABF00F561401954A5
:10CE300080F8001308BD00BF22AA03001F8A030068
:10CE400014ED00E0044B054A23F07F039360BFF329
:10CE50004F8FBFF36F8F70470000000000ED00E0C0
:10CE600008B5FFF7EFFF104BD3F8882022F47002CB
:10CE7000C3F88820D3F8882042F4A002C3F88820A1
:10CE80004FF04042C3F83422BFF34F8FBFF36F8F90
:10CE90000023E1EE103A0CF0F9FB0EF059FF00F020
:10CEA000B7F80CF039FC00BF00ED00E042F8203C80
:10CEB000009B42F81C3C019B42F8183C0A49029B2B
:10CEC00042F8143C4FF0807342F8043C21F0010119
:10CED000002342F8081C203AC0F894304FF47D43F8
:10CEE0000265C0F8DC30704761F50200037B13F087
:10CEF000020F124B03D190F8DD20D20611D45A6BE9
:10CF000042F080425A63D0F8DC3019075CBF43F02E
:10CF10000803C0F8DC30037B43F002030373802076
:10CF200070475A6B22F080425A63D0F8DC301A07FF
:10CF300044BF23F00803C0F8DC30F0E700EF00E066
:10CF40000A4A0346906878B113F1160FD0F88400AE
:10CF500005D0A0F180029A4205D8834203D28142D3
:10CF600028BF002070470020704700BF8057002076
:10CF7000104B9B6883421AD1EFF30580B8B9EFF3E9
:10CF80001181402282F31288BFF36F8F1A7B22F047
:10CF900002021A73EFF3148323F0040383F314885B
:10CFA000BFF36F8F81F31188BFF36F8F70476FF0FE
:10CFB000150070478057002008B515460E46002220
:10CFC000E1EE102AEFF3148222F0040282F31488B7
:10CFD000BFF36F8FBFF36F8F074A906000F042F886
:10CFE0002C4686F309880020044B984720460021F0
:10CFF00000220023024C20478057002067040300D2
:10D0000061F50200014B10221A61704700ED00E04B
:10D01000044800234021C2180133302B82F800134A
:10D02000F9D1704700E100E008B5EFF30583064A47
:10D03000103B02EBC30152F8330049688847BDE852
:10D040000840FFF757B900BF401F0300024B034AD7
:10D050000348012100F0BAB800F0032000000020CE
:10D06000E42E030010B50446FFF740FFD4F88420F7
:10D0700003460548D21AC0E90023044B8360BDE88B
:10D080001040012100F0BEB8C443002000000B1581
:10D0900010B504460820FCF751FD50B1094B43611F
:10D0A000094BC0E9063404230374002343748374DA
:10D0B000C374064900234FF4015212F058FF6FF079
:10D0C000150010BD5DAA0300DDAA0300C4250300FE
:10D0D00010B40F4CD4F89030C3F30723013B9842AF
:10D0E00003D95DF8044BFFF7D3BFC4F898000B6871
:10D0F00023F01F03034343F01003C4F89C308B68F4
:10D1000043F00103C4F8A0305DF8044B704700BF42
:10D1100000ED00E0F0B50E4685B01F460446002540
:10D12000B54211DA606830B3B7B1431E18420ED071
:10D130000820FCF703FD08BB164900234FF40152F9
:10D1400012F015FF6FF01502104605B0F0BD7F28F4
:10D15000EED921680B42EBD12368019313F0A6F9B5
:10D16000A36801A90343D0B20393FFF7B1FF10F105
:10D17000160FE7D0421C01350C34D1E7064B436152
:10D18000064BC0E9063504230374002343748374FB
:10D19000C374D1E7C425030087AA0300F6AA0300DD
:10D1A000044B0522C3F89420BFF34F8FBFF36F8F5A
:10D1B000704700BF00ED00E0BFF35F8F024B00221D
:10D1C000C3F89420704700BF00ED00E010B50A4C92
:10D1D00001232278FFF79EFF207016300AD10749FD
:10D1E00007484FF4BB7212F014FA04484FF4BB71B5
:10D1F00012F006FA10BD00BFF95B0020AEAA0300D2
:10D200001F8A030008B5114A00231278FFF782FF36
:10D2100010F1160F08D00E4A0021D2F89030C3F357
:10D22000072398420BDB08BD0A490B4840F29512D0
:10D2300012F0EFF9074840F2951112F0E1F9C2F847
:10D240009800C2F8A0100130E7E700BFF95B0020AA
:10D2500000ED00E0AEAA03001F8A03002DE9F04FA5
:10D2600070487149D0F890300D68C3F307239D4290
:10D2700085B00AD96D496E4840F2AD1212F0C9F975
:10D2800040F2AD11694812F0BBF9FFF795FF49680C
:10D290000022954201F10C0129D1664C664F2570A0
:10D2A0006846FDF749FADFF89481DFF89491064665
:10D2B0000025AE422ED123785A490020D1F8902083
:10D2C000C2F307229342C0F2A380FFF769FFD1F8AF
:10D2D0009030C3F30723082B00F0A0805349544833
:10D2E00040F21F2212F095F940F21F21CAE7C0F860
:10D2F000982051F80C3C23F01F03134343F0100314
:10D30000C0F89C3051F8043C43F00103C0F8A03051
:10D310000132BEE7009A02EB05132901D3F80CA0F5
:10D320000AEA0700B0F5000F58D00AD8B0F5001F80
:10D3300034D0B0F5800F46D0B0F5801F12D0013543
:10D34000B7E7B0F1807F54D0B0F1007FF7D1986893
:10D35000D3F804A0525813F0A9F8CDE901A240F483
:10D3600080200BE09868D3F804A0525813F09EF880
:10D37000CDE901A240F0885040F43020039020789D
:10D3800001A9FFF7A5FE00283EDA2849284840F207
:10D39000D71212F03EF940F2D71173E79868D3F82C
:10D3A00004B0525813F082F81AF0010F40EA080056
:10D3B000CDE901B20390E2D01C491D487B2212F056
:10D3C00028F97B215EE79868D3F804A0525813F03F
:10D3D0006DF8CDE901A240EA0900CFE79868D3F8DB
:10D3E00004A0525813F062F8CDE901A240F0827017
:10D3F000C4E79868D3F804A0525813F057F8CDE961
:10D4000001A240F08870B9E723780133237096E7D2
:10D41000C1F89830C1F8A00001334FE7002005B0F3
:10D42000BDE8F08F00ED00E0F02E0300AEAA03008F
:10D430001F8A0300F95B00200000F0FF00000811C4
:10D440000000020208B5094BC3F1005303F57C3319
:10D45000B3F5006F08D206490648922212F0D9F8B7
:10D460000348922112F0CCF8002008BD80B10020C2
:10D470001BAB03001F8A0300014B1860704700BFFD
:10D48000C80900200E4A0123C2F840354FF08042FF
:10D490004FF08051C2F87835D1F83001082808D112
:10D4A000D1F83411052904D80648415C09B1C2F805
:10D4B00038364FF080430122C3F8802500207047A2
:10D4C00000E001404BAB030020B1034B800143F06F
:10D4D00001031847704700BF00280300BFF34F8FB8
:10D4E0000549064BCA6802F4E0621343CB60BFF300
:10D4F0004F8F00BFFDE700BF00ED00E00400FA051C
:10D500002DE9F843914690F900200378002A05465A
:10D510000E4603DB6FF01500BDE8F88303F01F0330
:10D52000012BF7D14378062BF4D1B0F8048047885B
:10D530001D485FFA88F8414612F040FE3F0A044653
:10D5400090B90820FCF7FAFA38B1184B4474C0E9D6
:10D550000538032303748474C474154900234FF4FD
:10D56000C45212F004FDD5E7212F04D0222F10D091
:10D570006FF08500D0E70368E9885B685B6813F8A3
:10D58000092F914294BF31603260C9F80030002009
:10D59000C2E7A0F5A264EB8862689A4294BF326049
:10D5A00033602368F1E700BFE848002055AB030073
:10D5B0009426030010B504460820FCF7BFFA40B1DA
:10D5C000084BC0E9053403230374002343748374B8
:10D5D000C374BDE81040044900234FF4C45212F054
:10D5E000C6BC00BF7CAB03009426030070B50446A4
:10D5F0000D4601460A4812F0EFFD20B92046BDE86D
:10D600007040FFF7D7BF022D09D1A0F5A2639B6838
:10D610002BB11B691BB1BDE870400068184770BD95
:10D62000E848002010B504460820FCF787FA40B10E
:10D63000084BC0E905340323037400234374837447
:10D64000C374BDE81040044900234FF4C45212F0E3
:10D650008EBC00BFA2AB0300942603002DE9F0416D
:10D660000F4681880546C9B26548904612F0A6FD6E
:10D670000446B0B90820AD88FCF760FA38B1614BB8
:10D680004474C0E90535032303748474C4745E498B
:10D6900000234FF4C45212F06AFC6FF01200BDE890
:10D6A000F08195F9003000686E78002B54DA022E74
:10D6B00010D0032E20D0012E3BD1A4F5A264A36884
:10D6C0007BB31C686CB343463A462946A446BDE882
:10D6D000F04160476888C0B2012338B96FF48172A5
:10D6E0001444C8F800403B600020D8E7A0F58270E1
:10D6F0002044C8F80000F6E76B88ABB10820FCF7BF
:10D700001DFA40B1414B4361414B836100230674D4
:10D7100043748374C37400234FF4C2523A4912F025
:10D7200026FC6FF08500BAE7033CC8F800400123EF
:10D73000D9E70820FCF702FA50B1364B4361364B6B
:10D74000C0E9063604230374002343748374C3744E
:10D7500000234FF40152E1E70A2E0AD00B2E2DD000
:10D76000092EE6D1A4F5A264A368002BD9D05C6889
:10D77000A8E76E88310A16F0FF06A4F5A26714D157
:10D780006FF481734FF48072E01814F09AF94FF43B
:10D7900080623146A4F2045014F093F96B88003B88
:10D7A00018BF012387F80C349EE7BB19013607EB3D
:10D7B000860683F80C1400237360EFE76D88012D53
:10D7C0000AD90820FCF7BAF90028C1D0134B4361ED
:10D7D000134BC0E90635B5E714F8032CAA42A4F5AB
:10D7E000A26381D0E9B204F8031C9B68002B3FF4CC
:10D7F0007BAF9B68002B3FF477AF984774E700BF7F
:10D80000E848002055AB030094260300C3AB030097
:10D8100041AC0300DAAB030055AC0300F7AB0300E7
:10D820002DAC030038B504460D460146234812F0DE
:10D83000B9FC20B92046BDE83840FFF7F3BE691EA9
:10D84000A0F5A264092921D8DFE801F005201D21F7
:10D8500027292020202F002384F80E3584F80F3547
:10D8600094F80D35D4F8100501218B4284F80D157C
:10D8700004D0A36813B19B6803B198472046BDE864
:10D88000384012F03FBE012384F80E3538BD002326
:10D8900084F80E3584F80F35F8E70123FAE794F899
:10D8A0000F35002BF2D00023F4E794F80C34002B52
:10D8B000ECD02046BDE8384012F038BEE8480020E1
:10D8C00010B50469C4E90012A3600023C4F814353C
:10D8D000064BC4F81005596804F2145211B9C3E993
:10D8E000002210BD0A605A60FBE700BFE848002034
:10D8F00070B54468006990F80E5545B190F80F0571
:10D9000028B9206ABDE87040007912F033BC0620C7
:10D91000FCF714F938B1084B436102230374002368
:10D9200043748374C374054900234FF4845212F086
:10D930001EFB6FF00A0070BD14AC030094260300B8
:10D94000020600F07F0312D5082B05D1010700F075
:10D950000F0306D50E48704710F0780F12D100F073
:10D960000F034C2000EB43100A4B18447047082B60
:10D9700005D1020700F00F0306D50748704710F0E5
:10D98000780FF6D000207047044800EB4310704732
:10D990003C4A0020F04800205C4B00205C4A0020FC
:10D9A0000149024813F094BF18490020882E002036
:10D9B0000146014813F063BF2C0E002008B5082073
:10D9C000FCF7BCF848B10D4B43610D4B8361032359
:10D9D0000374002343748374C3740A4900234FF40F
:10D9E000C25212F0C4FA084908484FF4E37211F029
:10D9F00010FE05484FF4E37111F002FE72AC030013
:10DA0000D5AF03009C26030092AC03001F8A0300DD
:10DA100010B51049BFF35B8F002351E8002F012A96
:10DA200003D141E800300028F7D1BFF35B8F0CBF72
:10DA3000012018460DD151F8044C14392046FBF74B
:10DA40007FF910F1780F04D12046BDE81040FBF7B4
:10DA500021B910BD104900200248002200230CF01B
:10DA60002BBA00BF2C0E002013B5124801F022FA89
:10DA7000114B98421AD1114808F032FC002410488A
:10DA800008F082FC0F49104800944FF0FF334FF428
:10DA900080620CF0C3FD0D490B480CF0B7FE0C483A
:10DAA0000C490CF049FD204602B010BD6FF0040097
:10DAB000FAE700BF65DD01000000AD0B5CAF0300BD
:10DAC000142F030000900020882E0020C6AC030015
:10DAD0001849002021DF010038B5002464F07F00E0
:10DAE000C0B2FFF72DFF50B91B491C4840F27A2203
:10DAF00011F08FFD40F27A21174811F081FD0134B9
:10DB000012F05BFD082CE9D1154D0024E0B2FFF7BF
:10DB100017FF40B9104911484FF4207211F079FDF8
:10DB20004FF42071E8E7036903B90561013412F08D
:10DB300044FD082C05F14005E8D10A4812F03DFDEE
:10DB4000094BD3F87C2212B9084AC3F87C22084852
:10DB500012F033FD002038BD92AC03001F8A030091
:10DB6000804F00203C4A0020F0480020804B0020DD
:10DB70005C4B002010B5054CFFF76EFF20B14168EB
:10DB800020460BF0C7FEF7E710BD00BF480D002090
:10DB900013B500221948002301A90BF049FE50B328
:10DBA0000820FBF7CBFF48B1154B4361154B836150
:10DBB00003230374002343748374C3741249002342
:10DBC0004FF4C25212F0D3F9FFF7D4FF0B480022F2
:10DBD000002301A90BF02CFE044608B1FFF7EEFE6E
:10DBE0000198042340600374FFF7E2FEFFF7D8FEBC
:10DBF000204602B010BD01984060FAE7480D0020B1
:10DC0000D1AC0300D5AF03009C260300022810B559
:10DC1000044611D8144B1C5CFFF7BAFF18B300225E
:10DC200002740472FFF7C4FE104B93F82430D3B192
:10DC3000BDE81040FFF7B4BE0820FBF77FFF50B1EE
:10DC40000B4B43610B4BC0E90634042303740023E0
:10DC500043748374C374BDE81040074900234FF434
:10DC6000015212F084B910BDE1AE0300F04800206B
:10DC7000F3AC0300E4AF03009C2603002DE9F04160
:10DC8000877806463846FFF75BFE3B06F478054684
:10DC90002BD5CCB1032C5BD00A20FBF74FFF58B13A
:10DCA0002C4B43612C4B0762C0E9063405230374F7
:10DCB000002343748374C374BDE8F04127490023F3
:10DCC0004FF4215212F053B9FFF762FF03460028C8
:10DCD0003ED00122AC770274032202739D60FFF7ED
:10DCE00067FEBDE8F041FFF75BBE4CB1012CD3D11C
:10DCF000FFF74EFF034658B36C7704740473EDE7E7
:10DD0000FFF746FF20B3B278154B12F0800F02F0F8
:10DD1000080111D041B1D3F8A836EB600123037498
:10DD2000022303738560DAE702F00F02142101FB7E
:10DD30000233D3F80836F0E711B1D3F8A837ECE78F
:10DD400002F00F02142101FB0233D3F80837E4E795
:10DD5000BDE8F08112AD0300E4AE03009C26030091
:10DD6000007002402DE9F041804688B01422002165
:10DD700003A813F0A6FE98F80030062B26D8DFE89B
:10DD800003F0BD04121717AC19000224FFF700FFBF
:10DD90000346D8B1047400F10802DDE9050182E808
:10DDA000030018463FE003238DF814300024EDE70C
:10DDB0000423F9E798F802703846FFF7C1FD857A29
:10DDC000064635B1013D022D40F2818008B0BDE824
:10DDD000F0813B0698F803402CD5CCB1032CF5D04C
:10DDE0000A20FBF7ABFE50B1454B4361454B076240
:10DDF000C0E906340523037445748574C57442492B
:10DE000000234FF4215208B0BDE8F04112F0AFB842
:10DE1000FFF7BEFE03460028D8D00122B477027473
:10DE2000032202739E60FFF7C3FD08B0BDE8F04116
:10DE3000FFF7B6BD54B1012CD2D1FFF7A9FE0346BE
:10DE40000028C3D0747704740473EBE7FFF7A0FED7
:10DE500005460028BAD001230374022303738660A9
:10DE600098F8020006F10C0112F0E6FB0746F0B14B
:10DE70000820FBF763FE48B1244B4361214B4474F7
:10DE8000C0E90637042303748474C4741E49002354
:10DE90004FF4015212F06BF81D491E4840F29D32BA
:10DEA00011F0B7FB1A4840F29D3111F0A9FB1A4A54
:10DEB000F168B2F88C328B4206D95B1AA2F88C3228
:10DEC00001F032FC2846AEE7A2F88C02FAE74046A1
:10DED00008B0BDE8F041FFF7D1BE01A801F002FC97
:10DEE0009DF80530052B05D19DF8043013F0600F27
:10DEF0003FF46CAF094B0593012447E7032445E742
:10DF000012AD0300FDAE03009C26030042AD0300EA
:10DF100092AC03001F8A0300F04800205C4A0020F6
:10DF20002DE9F043A94DDFF8A88285B00746FFF739
:10DF300093FD064610B905B0BDE8F08395F825308D
:10DF4000347C3BB9002C00F0E1807168A0480BF0F4
:10DF5000E1FCECE7042C00F22582DFE814F0D700A6
:10DF60000500A001B601E90117F8044CB4B9B36883
:10DF7000082093F80990FBF7E1FD48B1954B436108
:10DF8000954B4474C0E90639042303748474C47443
:10DF9000924900234FF4015211F0E9FFB46854B9DB
:10DFA0008F4990484FF44B7211F033FB4FF44B7193
:10DFB0008B4811F025FB337B032B4DD8DFE803F0B2
:10DFC00002538E93A27A42B1854986484FF4397242
:10DFD00011F01FFB4FF43971EAE7D4F81490824B2B
:10DFE000C9F80020C9F80420D3F8801489F800107B
:10DFF000D3F8841489F80110D3F88814D3F88C046A
:10E0000041EA0021A9F80210D3F89014D3F894043F
:10E0100041EA0021A9F80410D3F89814D3F89C34ED
:10E0200041EA0323A9F806300823E360D9F8000089
:10E03000D9F804106D4B03C311462368607A9847E2
:10E0400099F90030002B0ADBB9F806309AB232B1E8
:10E05000A5F88C3201F068FB7168404677E7002331
:10E06000A5F88C32F8E7637F002BF5D0237F002BD7
:10E07000F2D04FF0000984F81D905D4884F81C90A0
:10E080004FF0FF324FF0FF3312F0AAFA63690193A9
:10E090006368CDE9023901A9607A00F083FF554B2E
:10E0A0009842044616D00820FBF748FD60B1524B59
:10E0B0004361524B80F81190C0E906340423037485
:10E0C00080F8129080F81390444900234FF40152D5
:10E0D00011F04DFF464812F085FABDE72368012193
:10E0E000607A9847B8E7A37A6BB9E37F5BB9404899
:10E0F0004FF0FF324FF0FF3312F072FA01F01AFBCB
:10E100003B4812F06FFA23680221E9E7327A042AC9
:10E11000A2D8DFE802F094032EADB90000F044FE6F
:10E120000446002898D100F04BFDBFF35B8F3449C3
:10E13000012351E8002F002A03D141E800300028D4
:10E14000F7D1BFF35B8F87D141F8084C41F8104CF1
:10E15000E8696B611439FAF719FD0028BFF67CAF46
:10E160001F49204840F2AA2211F053FA40F2AA2196
:10E170001EE7002464F07F00C0B2FFF7E1FB40B966
:10E180001749184840F2312211F043FA40F2312188
:10E190000EE7037A13B1407A01F084FC0134082CB5
:10E1A000E8D195F854311BB195F8550101F07AFC8E
:10E1B0000024E0B2FFF7C4FB20BB0949094840F244
:10E1C000432211F026FA40F24321F1E6F048002004
:10E1D000480D002066AD03004AAF03009C260300F3
:10E1E00092AC03001F8A030000700240F448002034
:10E1F000284900200000AD0B90AD030030AF0300B4
:10E2000010490020037A13B1407A01F04BFC01342D
:10E21000082CCED195F874321BB195F8750201F037
:10E2200041FC012000F090FD012385F825302B688A
:10E23000002B3FF411AF0021022098470CE7002487
:10E2400085F8254001F074FBFFF7E2FBA04208DAF5
:10E250005F49604840F2C22211F0DBF940F2C2216E
:10E26000A6E62B68002B3FF4F7AE21460420E4E736
:10E27000002B3FF4F1AE00F0A1FD2B68002B3FF422
:10E28000EBAE00210520D8E72A68002A3FF4E4AE6F
:10E29000002B3FF4E1AE002106209047DCE607F1B9
:10E2A00010044FF0FF334FF0FF32204612F098F980
:10E2B000FFF712FC204612F095F957F8283C002B86
:10E2C0003FF4CAAE00210120B7E795F87432E3B1FC
:10E2D0004FF0010985F8899285F88892FFF758FC7C
:10E2E0000446D0B90820FBF729FC40B13A4B436102
:10E2F0003A4B83610323037444748474C4743849AF
:10E3000000234FF4C25211F032FE57F8283C002B84
:10E310003FF4A2AE00210A208FE7324B80F8109024
:10E3200080F80C908360FFF743FBFFF739FBECE7C5
:10E330000820FBF703FC48B12B4B43612B4B836157
:10E3400003230374002343748374C3742449002398
:10E350004FF4C25211F00BFE13F048F801F0E8FA46
:10E3600000F010FCFFF706FCFFF7B6FB40B11849C0
:10E37000184840F2864211F04CF940F2864117E607
:10E3800013F02DF81A4800F095FD1A4B98423FF40F
:10E3900063AE0F490F4840F28D4211F03AF940F256
:10E3A0008D4105E60820FBF7C9FB50B1124B4361D4
:10E3B0000E4BC0E9063404230374002343748374B2
:10E3C000C374074900234FF4015211F0D0FD43E616
:10E3D00092AC03001F8A0300BAAD030016AF03001E
:10E3E0009C2603005C4B0020D2AD03004AAF030023
:10E3F00065DD01000000AD0BEDAD030038B5164D35
:10E4000095F824402CBB05F1380013F025FA20467E
:10E4100001F0FEFF22460121E8612720FEF7E8FC1B
:10E4200012F0DDFFFFF758FB044610B9012385F811
:10E4300024300A4B1B680BB1FFF7B2FA4FF0804350
:10E44000D3F83834DB0702D50020FFF7DFFB204686
:10E4500038BD0024FBE700BFF04800202C0E002050
:10E4600008B50E4B93F824209AB193F8253083B168
:10E470000B4BD3F87034DBB283420DD009490A4804
:10E4800040F2595211F0C5F8064840F2595111F0C6
:10E49000B7F86FF0120008BD0020FCE7F04800203C
:10E4A0000070024092AC03001F8A030010B503788D
:10E4B000047903F00F02B4B972B30820FBF73EFBF6
:10E4C00040B1174B4361174B8361032303744474BA
:10E4D0008474C474144900234FF4C25211F047FDF0
:10E4E0004FF0FF3010BD082A0FD90820FBF726FB9C
:10E4F0000028EFD00D4B43610A4B83610323037463
:10E50000002343748374C374E4E7012C04D183F0C3
:10E51000080040F3C000E5E743F3C000E2E700BFB6
:10E5200009AE0300C1AF03009C2603002CAE03001C
:10E5300038B51A4B93F8243004465BB30578284667
:10E54000FFF7FEF9F8B1457223798372638843605F
:10E550002078618810F0080518D14B1E0B4215D0A9
:10E560000820FBF7EBFA40B10D4B43610D4B836183
:10E570000323037445748574C5740B4900234FF459
:10E58000C25211F0F4FC6FF0150038BD00F04CFCE5
:10E590000020FAE76FF01200F7E700BFF048002014
:10E5A0004FAE0300ADAF03009C26030038B51D4BF2
:10E5B00093F8242005468AB393F8253073B3FFF708
:10E5C000BFF9044610B96FF0150038BD837A012BEE
:10E5D0000FD007D9023B012B07D96369A361002043
:10E5E000E060F2E701F0ACF8F7E7284601F02AF81E
:10E5F000F3E70820FBF7A2FA48B10B4B43610B4B42
:10E60000836103230374002343748374C374084930
:10E6100000234FF4C25211F0AAFCD4E76FF01200AD
:10E62000D3E700BFF04800207BAE030099AF0300A2
:10E630009C26030038B50E4B93F82420054682B182
:10E6400093F825306BB1FFF77BF968B115F008043A
:10E650000AD1284601F02AF8284601F05BFA204644
:10E6600038BD6FF01200FBE76FF01500F8E700BF50
:10E67000F048002038B50C4B93F8242005460C4692
:10E6800062B193F825304BB1FFF75AF948B144B164
:10E69000284600F0F1FF2070002038BD6FF0120016
:10E6A000FBE76FF01500F8E7F048002070B5134E57
:10E6B00096F824300446C3B1FFF742F90546B8B1D5
:10E6C000230705D4204600F0F1FF204601F022FA8E
:10E6D0002B7A83B901232B7296F825300BB90020D1
:10E6E00070BD204601F0DEF9F9E76FF01200F7E7A0
:10E6F0006FF01500F4E76FF07700F1E7F0480020C5
:10E700002DE9FF47DFF858811E4698F82430074668
:10E710008A461546002B00F0948098F82530002B8F
:10E7200000F08F8003061FD5FFF70AF90446D8B121
:10E7300090F80890B9F1000F1CD10820FBF7FEF902
:10E7400060B1414B4361414B80F81190C0E90637FD
:10E750000423037480F8129080F813903C4900233E
:10E760004FF4015211F003FC6FF01504204604B081
:10E77000BDE8F0874FF0FF334FF0FF3208F138006B
:10E7800011F02EFFA37F33B108F1380011F02AFFFA
:10E790006FF00A04EAE7A37A8DB3002B3FD0012380
:10E7A000A37738464FF0000801A9CDE901A5CDF8BF
:10E7B0000C8000F0F7FB274B984207463DD084F8C9
:10E7C0001E800EB1C6F800800820FBF7B7F950B1E3
:10E7D000214B43611D4BC0E906370423037400231A
:10E7E00043748374C3741A4900234FF4015211F027
:10E7F000BEFB6FF00404194811F0F4FEB6E7E27FA7
:10E8000002B1E577002BCAD100F0A0FF8742C6D045
:10E8100000F090FF114811F0E5FE0024A6E7B8F8DB
:10E820000A309D42F0D26268B5FBF2F302FB13534B
:10E83000002BE9D10123E377E6E706B13560002438
:10E84000D9E76FF0120491E7A1AE030089AF03008E
:10E850009C2603000000AD0BC4AE03002849002035
:10E86000F04800202DE9F8431D462F4B174693F83A
:10E87000242080460E46002A53D093F82530002BE2
:10E880004FD010F0800F22D101B907BB4046FFF7EF
:10E8900057F80446D8B190F80890B9F1000F19D193
:10E8A0000820FBF74BF960B1204B4361204B80F807
:10E8B0001190C0E906380423037480F8129080F8A0
:10E8C00013901C4900234FF4015211F050FB6FF0DC
:10E8D000150013E04FF0FF3317484FF0FF3211F0EF
:10E8E0007FFEE3689F42B84628BF984646B93FB9C5
:10E8F00005B12B60104811F075FE0020BDE8F883CB
:10E90000A1694246304613F0B4F8A3694344A361B9
:10E91000E368A3EB0803E360002DEBD0C5F80080AB
:10E92000E8E76FF01200E9E7F0480020A1AE03002D
:10E9300075AF03009C26030028490020F8B5294D37
:10E9400095F824300746002B48D095F82530002B49
:10E9500044D0030619D4FEF7F3FF0446A8B1067AA3
:10E96000B6B90820FBF7EAF848B11F4B43611F4BCB
:10E970004674C0E90637042303748674C6741C49C0
:10E9800000234FF4015211F0F2FA6FF01500F8BDB8
:10E990004FF0FF334FF0FF3205F1380011F020FE49
:10E9A000E368B3B9012663692677A361637F83B106
:10E9B000FFF7EEF830B905F1380011F013FE6FF0F3
:10E9C0000B00E4E7067484600673FEF7F1FFFEF7C0
:10E9D000E7FF084811F006FE0020D8E76FF01200AC
:10E9E000D5E700BFF0480020A1AE03005DAF0300F3
:10E9F0009C2603002849002010B5084B93F82430CA
:10EA00000C462BB1FEF79CFF28B10460002010BD1E
:10EA10006FF01200FBE76FF01500F8E7F0480020F8
:10EA2000014B1860704700BFF048002008B5074B45
:10EA300093F8243023B1FEF783FF20B1406808BD6E
:10EA40006FF01200FBE76FF01500F8E7F0480020C8
:10EA50004FF08053D3F83021082A06D1D3F834314F
:10EA6000052B04D8034AD05C704700207047012072
:10EA7000704700BF50B00300EFF31180402383F3D1
:10EA80001288BFF36F8F0A4BD3F8001C032261B9C1
:10EA900049F27531C3F8001CC3F8142DC3F8001CEB
:10EAA00080F31188BFF36F8F7047C3F8142DF7E719
:10EAB00000E00640EFF31180402383F31288BFF398
:10EAC0006F8F0A4BD3F8001C61B949F27532C3F855
:10EAD000002CC3F8141DC3F8002C80F31188BFF379
:10EAE0006F8F70470022C3F8142DF6E700E0064050
:10EAF00000F00F02082A08B50AD90B490B484FF459
:10EB0000D77210F086FD08484FF4D77110F078FDE9
:10EB1000074B10F0800F03F1D80118BF0B461820E7
:10EB200000FB023008BD00BF08B003001F8A0300CD
:10EB3000C051002008B500F00F03082B0AD908497E
:10EB4000084840F2C11210F064FD054840F2C111BE
:10EB500010F056FDC043C0F3C01003EB001008BD19
:10EB600008B003001F8A03004FF08053D3F8303100
:10EB7000082B02BF024B0022C3F81C2C704700BFB9
:10EB80000070024008B50A4B1A78012A0AD00949D8
:10EB9000094840F2744210F03CFD064840F27441CE
:10EBA00010F02EFD054900220A601A7008BD00BF52
:10EBB000FE5B002008B003001F8A0300785300208A
:10EBC00010B5574C2378012B0AD05649564840F2CD
:10EBD0007C4210F01EFD40F27C41524810F010FDC6
:10EBE000524B4FF40062C3F80024FFF731FF08B125
:10EBF000FFF742FF4FF08053D3F83031082B18D184
:10EC0000EFF31180402383F31288BFF36F8F484BDB
:10EC1000D3F8001CC02200296DD149F27531C3F828
:10EC2000001CC3F8142CC3F8001C80F31188BFF338
:10EC30006F8F3E4B0122C3F80025D3F80024120544
:10EC4000FBD54FF40062C3F800244FF08053D3F893
:10EC50003031082B17D1EFF31180402383F3128852
:10EC6000BFF36F8F324BD3F8001C002946D149F215
:10EC70007532C3F8002CC3F8141CC3F8002C80F3C1
:10EC80001188BFF36F8FFFF7E3FE30B1FFF712FF7C
:10EC9000FFF7DEFE08B1FFF7EFFE4FF08053D3F829
:10ECA0003031082B214B0AD140F2E372C3F800281F
:10ECB0004022C3F80428BFF36F8FBFF34F8F802229
:10ECC000C3F81C250122C3F830251A4B40F2FF126D
:10ECD0001A60194B00211960184B1970184B9B686A
:10ECE000012B0FD00F4910484FF4956210F091FCA2
:10ECF0004FF4956171E7C3F8142C96E70022C3F82E
:10ED0000142CBCE7FFF730FF0E4B19700223237061
:10ED1000FFF79EFE18B1BDE81040FFF7CBBE10BD57
:10ED2000FE5B002008B003001F8A03000070024051
:10ED300000E006407453002070530020FA5B00206E
:10ED4000F80D0020FC5B002010B5104B1B78022B47
:10ED50000AD00F490F4840F2DC4210F05AFC0C4830
:10ED600040F2DC4110F04CFC0B4B0C4C00221A70B2
:10ED70000B4A0C4B002808BF1346C4F80033272069
:10ED8000FEF706F80123C4F8043510BDFE5B002031
:10ED900008B003001F8A0300FD5B002000700240E2
:10EDA000FDFFDF01FDFFFF01034B1878012894BF31
:10EDB00000200120704700BFFE5B002010B54FF01F
:10EDC000FF324FF0FF3315480BF050F9EFF311818C
:10EDD000402383F31288BFF36F8F114B1B7803F02E
:10EDE000FF0483B10F4BD3F8002412F400720AD150
:10EDF0000120C3F82C05D3F82C05D3F800048005B6
:10EE000002D5C3F82C25002481F31188BFF36F8F3E
:10EE100002480BF0C7F8204610BD00BFF80D0020D7
:10EE2000FD5B0020007002404B1E0B4210B500F04D
:10EE300008030C460CD001071ED11B491B4840F2A9
:10EE4000695210F0E6FB40F26951174810F0D8FB08
:10EE500091B9020708D11449144840F26B5210F0DE
:10EE6000D8FB40F26B51F0E713B1114BD3F81C35CE
:10EE7000FFF73EFE848210BDA3B10D4BD3F81C15E5
:10EE800040F2FF3240F2FF13802918BF13469C4224
:10EE9000EED90549054840F26D5210F0BAFB40F238
:10EEA0006D51D2E7402CF3E708B003001F8A03003E
:10EEB00000700240F8B550B92149224840F24D4255
:10EEC00010F0A7FB1E4840F24D4110F099FB1E4B7D
:10EED0001C7894BB1D4A106001221A7040F2FF1783
:10EEE000264664F07F0514F0080FEDB214BF3946D2
:10EEF00040212846FFF798FF2846FFF7F9FD013427
:10EF0000092C867506730661EBD1002440F2FF17C9
:10EF1000254614F0080FE6B214BF394640213046AA
:10EF2000FFF782FF3046FFF7E3FD0134092C8575BA
:10EF300005730561EDD10648F8BD0648FCE700BF42
:10EF400008B003001F8A0300FE5B002078530020F6
:10EF50000000AD0B0500AD0B08B543B200F00F008B
:10EF600008280AD90C490D4840F2815210F051FB93
:10EF7000094840F2815110F043FB002B084BB4BF0D
:10EF8000D3F81025D3F8142501238340134214BF6E
:10EF90000120002008BD00BF08B003001F8A030045
:10EFA000007002402DE9F84381460C46FFF7C2FD90
:10EFB000EFF31188402383F31288BFF36F8F54B9A6
:10EFC0002649274840F2BC5210F023FB40F2BC51C6
:10EFD000224810F015FB19F00F0F03D1214B1B78BD
:10EFE0004B4537D1204B214F1B683D68DB43012641
:10EFF0009BB286402B4333422ED14846FFF778FD23
:10F0000019F0800F03460FD122686AB102F0604206
:10F01000B2F1005F08D0114911484FF4BA6210F004
:10F02000F8FA4FF4BA61D3E701221A7394E80700A3
:10F0300083E8070000221A619A750D4B0D4835438D
:10F0400080223D60C3F8042188F31188BFF36F8FDD
:10F05000BDE8F8830848F7E70848F5E708B003007B
:10F060001F8A0300FC5B00207453002070530020B3
:10F0700000E100E00000AD0B0A00AD0B0B00AD0B92
:10F0800010F0080F074B06D0D3F8C00410F4803FEF
:10F0900018BF0020704700F00F0000F5947053F87F
:10F0A00020007047007002402DE9F74FA04BA14DA2
:10F0B000D3F85421DAB10022C3F85421D3F8041351
:10F0C000890214D58DF80420D3F82025ADF8062048
:10F0D000D3F8C034002B2B6814BF4FF001224FF43B
:10F0E000807213432B60944B01A81B689847904B88
:10F0F000D3F8604134B10022C3F86021D3F86C44E6
:10F10000C3F86C44D3F828214AB10022C3F828215F
:10F110008A4B1878FFF70EFD012383401C43884F6C
:10F1200097F8008097F9009008F00F03082B0AD990
:10F13000844985484FF4917210F06BFA4FF4917145
:10F14000804810F05DFA18F00801804E42D1B9F104
:10F15000000F2FDA7E4A52F8230020B342F8231022
:10F160001422534303F1804303F51C33D3F80836CC
:10F17000784A117803F001034B401370FFF7F4FC59
:10F1800075480AF00FFF4046FFF7B2FC837D032B62
:10F1900038D14046FFF7CEFC012303FA00F0336874
:10F1A00023EA00033360DFF890A14FF001084FF02D
:10F1B00006095DE0694A52F823000028F3D042F8BE
:10F1C00023101422534303F1804303F51C33D3F877
:10F1D0000837CDE7B9F1000F554B09DBD3F85021C3
:10F1E000002AE0D00022C3F85021D3F8A837BFE7A7
:10F1F000D3F82C21002AD6D00022C3F82C21D3F832
:10F20000A836B5E7037BE3B94046FFF793FC01233B
:10F2100003FA00F03368B9F1000F23EA000333600A
:10F2200002DAB8F1880FBED106238DF8043000232E
:10F230008DF80730404B8DF806801B6801A8984771
:10F24000B1E7B8F1000FAED1394B0122DA64AAE779
:10F2500094FAA4F02A68B0FA80F008FA00F31A438E
:10F260000F282A6024EA0304326849DD134256D08D
:10F27000002CEDD12E4BD3F800215AB1C3F8004138
:10F28000374B1C702D4B1C70012301932A4B01A896
:10F290001B689847264BD3F85821002A6DD00022CE
:10F2A000C3F85821D3F80044C3F80044E20508D558
:10F2B0002B4B01221A70022301931F4B01A81B68DC
:10F2C0009847A30508D5264B00221A700323019303
:10F2D000194B01A81B68984760054ED5204A137842
:10F2E000002B4AD0124BD3F82C1500293AD01549DF
:10F2F000154840F2F52210F08CF940F2F5211FE795
:10F300001340B5D160F07F018DF804908DF80610A0
:10F310008DF80730DAF8003001A89847A8E7A0F187
:10F3200010018DF804908DF806108DF80780F1E734
:10F33000007002407453002078530020FC5B0020D2
:10F34000FB5B002008B003001F8A030070530020FD
:10F3500008710240FA5B0020F80D00203071024075
:10F36000FD5B002011700122C3F808259A65042373
:10F370000193AD4B01A81B689847AC4BD3F85C31A7
:10F38000FBB1AB4B9B6813B93B78590619D0A74B1F
:10F390000022C3F85C21D3F88034A64A23F07F030F
:10F3A0001370336823F0011333602B6823F4803328
:10F3B00043F001032B60052301939B4B01A81B68BD
:10F3C000984732682B681A4200F01C819848002246
:10F3D00000230AF04BFE002840F01481934BD3F831
:10F3E0002C35002B00F09A80914803B0BDE8F04F17
:10F3F0000AF0D8BD49F0800B5846FFF779FB037B34
:10F400000446002B00F0AA804368B0F8148001681D
:10F41000984528BF984601F06043B3F1005F23D1BF
:10F420002268636842442260A268A3EB0803D20703
:10F430004FFA8BF0636040F1A680B8F1000F40F006
:10F44000A58000232373A1E05846FFF719FEB4F806
:10F4500014C060451AD97849784840F2631210F018
:10F46000D8F840F263116BE6B8F1400F08D9724941
:10F4700072484FF4C17210F0CCF84FF4C1715FE6DE
:10F480006F48424612F0F5FA6D49C9E723686BB13F
:10F4900003F06043B3F1005F08D0674967484FF459
:10F4A000B27210F0B6F84FF4B27149E663682268A0
:10F4B00098429BBF1B1A02EB000E4FF000086360DE
:10F4C0009CBFC4F800E08046604511460FD1003B68
:10F4D00018BF01236AB9B8F1000F52D056495748F6
:10F4E0004FF45A7210F095F84FF45A7128E6002341
:10F4F000F0E740453BD9012303FA09F32AEA030365
:10F50000022233600623A2758DF80430464B8DF835
:10F5100006B01B688DF8072001A89847D6F800A010
:10F520002B681AEA03093FF45FAF19F0012314BFF7
:10F5300093FAA3F999FAA9F9B9FA89F9B9F10F0F70
:10F540007FF658AFA9F1100B5FFA8BFB5846FFF717
:10F55000CFFA037B0446002B7FF476AF3649374859
:10F5600040F2573210F055F840F25731E8E508D034
:10F570003149324840F2793210F04BF840F279319B
:10F58000DEE54FFA8BF0002B3FF45BAF4FF080537A
:10F590000126D3F83031082B02BF244B8222C3F856
:10F5A0001C2C2B6887F800B006FA09F923EA090336
:10F5B0002B602369434423610BF00F04082C08D906
:10F5C0001D491E484FF4A47210F023F84FF4A471A3
:10F5D000B6E51BF0080F154B17D100284FF01402A9
:10F5E00002FB0432A9BF0A3403EB8403C2F80017FC
:10F5F000C2F80487AFBF43F82460C2F80016C2F80F
:10F6000004865E6003B0BDE8F08F0028B5BFC3F884
:10F61000A016C3F8A017C3F8A486C3F8A487B4BF84
:10F620005E629E64EEE700BF7853002000700240E7
:10F63000F80D0020FC5B002008B003001F8A0300C7
:10F640008051002008B503070AD50849084840F250
:10F6500007620FF0DEFF054840F207610FF0D0FFB0
:10F66000044B40F48070C3F8180508BD08B00300CF
:10F670001F8A030000700240030713D400F00F0339
:10F6800010F0800F084A0BBF03F5887303F58473ED
:10F6900002EB830252F8230008BF5068003818BFFD
:10F6A00001207047002070470070024008B5030732
:10F6B0000AD50949094840F229620FF0AAFF064815
:10F6C00040F229610FF09CFF054BC3F80C0540F494
:10F6D0008070C3F80C0508BD08B003001F8A030042
:10F6E000007002400023036043600E4BD3F8802477
:10F6F0000270D3F884244270D3F88824D3F88C1491
:10F7000042EA01224280D3F89024D3F8941442EACA
:10F7100001228280D3F89824D3F89C3442EA032350
:10F72000C380704700700240014B0122DA647047C9
:10F7300000700240014B01221A65704700700240C0
:10F74000014B01225A65704700700240014B187846
:10F75000704700BFFC5B002038B50446EFF311850D
:10F76000402383F31288BFF36F8F03060AD5124933
:10F77000124840F253620FF04CFF0F4840F25361C1
:10F780000FF03EFFFFF7D6F90D4A012303FA00F010
:10F79000136823EA0003136014F0080201BF04F0A9
:10F7A0000F04084B04F5947443F8242085F3118862
:10F7B000BFF36F8F38BD00BF08B003001F8A03007E
:10F7C00074530020007002402DE9F04F044685B0CC
:10F7D000EFF31187402383F31288BFF36F8FFFF796
:10F7E00087F914F0800F414E05462BD12046FFF7D4
:10F7F000A1F9D6F800804FF0010909FA00F030EACB
:10F8000008000BD02046FFF7A7FF0323AB7587F353
:10F810001188BFF36F8F05B0BDE8F08F28732046C5
:10F82000FFF788F909FA00F028EA00003060204666
:10F83000FFF780F92E4A136809FA00F923EA090351
:10F840001360E2E7230715D4802C2A4B41D004F043
:10F850000F0202F2DA325200C3F80028D3F804286B
:10F86000D3F80418D2B242F002020A43C3F80428C3
:10F87000D3F80438DFF87890D6F800B0D9F800A0B3
:10F8800020466BEA0A030193FFF754F94FF0010891
:10F89000019B08FA00F00342B9D02BEA0000306067
:10F8A0002046FFF747F900232B73032308FA00F8DB
:10F8B000AB758DF80F30104B8DF80E4048EA0A00FA
:10F8C0000622C9F800001B688DF80C2003A8984791
:10F8D0009DE740F2B472C3F80028D3F80428D3F8A7
:10F8E0000418D2B242F00402BFE700BF70530020F8
:10F8F00074530020007002407853002038B504464D
:10F90000094D4FF0FF324FF0FF3328460AF0AEFBAF
:10F910002046FFF759FF28460AF044FB034B80229C
:10F92000C3F8042138BD00BFF80D002000E100E05D
:10F930002DE9F0413A4D2B7853B93A493A4840F213
:10F94000BA420FF066FE40F2BA4136480FF058FE58
:10F950004FF0FF3335484FF0FF320AF087FB2B782A
:10F96000022B08D02F49304840F2FC420FF051FEE4
:10F9700040F2FC41E9E72E4B8022C3F88421272086
:10F98000FDF728FAA0B12B4F2B4B3C681B68240CC9
:10F9900024041C434FF0010864BB284E40F2FF13BF
:10F9A0003B602720C6F80445FDF700FAC6F800437F
:10F9B000234A13788BB1214B0021C3F80811012190
:10F9C000C3F80026C3F804165960D3F808110029BB
:10F9D000FBD00021C3F808111170184B0022C3F8A6
:10F9E0000025FFF7C1F811480AF0DCFA01232B705B
:10F9F000BDE8F08194FAA4F6B6FA86F60F2E3046EA
:10FA0000C6BFA6F11000C0B240F08000030701D4C9
:10FA1000FFF7DAFE08FA06F624EA0604BCE700BFA0
:10FA2000FE5B002008B003001F8A0300F80D0020D1
:10FA300000E100E074530020705300200070024089
:10FA4000FA5B002010B504464FF0FF324FF0FF3351
:10FA500011480AF00BFB2046FFF7B6FE04F00F0238
:10FA6000012393400D4A14F0800F14BFD2F81015F3
:10FA7000D2F814156FEA030315BF0B400B40C2F810
:10FA80001035C2F8143504480AF08CFA044B802271
:10FA9000C3F8042110BD00BFF80D00200070024023
:10FAA00000E100E070B50446FFF756FA68B904F0CB
:10FAB0000F02012514F0800F144B05FA02F205D055
:10FAC000D3F810150A43C3F8102570BDD3F81415E8
:10FAD0000A43C3F81425631E062BF6D8EFF31186EC
:10FAE000402383F31288BFF36F8F2046FFF734FE65
:10FAF0002046FFF71FF8064A1368854023EA0503EE
:10FB0000136086F31188BFF36F8FDEE70070024049
:10FB100070530020020710B504460AD50B490C4863
:10FB200040F20F620FF075FD084840F20F610FF0D0
:10FB300067FD030605D4FFF79FFD10B12046FFF7D0
:10FB40000BFE044BC3F8184510BD00BF08B00300FE
:10FB50001F8A03000070024014280ED8084A12F8C9
:10FB6000103053B102EB4002527832B1086843437F
:10FB7000002093FBF2F30B6070476FF015007047A5
:10FB800066B003007FB50023CDE901330B7903F0A4
:10FB90001F02C3F30400072A8DF80D0003D96FF08C
:10FBA000150004B070BD13F0200418BF8B7948799C
:10FBB0008DF80B0008BF23468DF80C300B780C2B0A
:10FBC000EDD801A050F823F003FC0100FDFB01007B
:10FBD00027FC01009FFB01002BFC01009FFB0100A3
:10FBE0002FFC01009FFB01009FFB010033FC010083
:10FBF00037FC01009FFB01003BFC010001238DF855
:10FC000006304B78032B1AD0042BC8D14B8844F212
:10FC10000A00834238D843F6FE70834213D8002B83
:10FC2000BDD1022340E00223E9E70323E7E70423F1
:10FC3000E5E70523E3E70623E1E70723DFE7012301
:10FC40008DF80730E2E7A3F57F533F3B0B2BA6D897
:10FC500001A050F823F000BFE3FC01009FFB01006E
:10FC60009FFB01009FFB0100ADFC01009FFB010019
:10FC7000A7FC01009FFB01009FFB01009FFB01000F
:10FC80009FFB010023FC010044F21400834226D0B4
:10FC900044F22800834224D044F20F0083427FF4D0
:10FCA0007EAF032300E001238DF808300F4D0126BD
:10FCB00006FA02F395F85000DBB2A4B18A790AB1D2
:10FCC0008DF8096020EA030301A885F8503007F099
:10FCD00003FD074B98427FF462AF002061E70423E5
:10FCE000E2E70523E0E70343EEE700BF200600203C
:10FCF0000000AD0B08B50D490D48002211F06FFE54
:10FD0000002007F09FFC0B4B98420CD100220121F0
:10FD10000720FDF76DF80848C36813B9043010F0E8
:10FD2000A2FC002008BD6FF00400FBE7DDFE01002F
:10FD3000800600200000AD0B2006002010B50C4C02
:10FD400094F83A3023B1BDE810400A4807F0F4BEF9
:10FD500007F026FE084B984208D06FF00403636258
:10FD600004F11400BDE8104010F07DBC10BD00BFD0
:10FD7000200600207DFD01000000AD0B2DE9F041C3
:10FD80000778002F40F08C804D4CE26A94F850C008
:10FD90001CEA020F25460AD14A4B0022C3F800256F
:10FDA000A36A6BBB4848BDE8F04110F05CBCB0F8FA
:10FDB00008E0A66D4FEA4E0E0123D0B218420AD0D9
:10FDC00094F898200CEA030192B121B132460EEB6F
:10FDD0000601914204D15B009BB26345EED9DBE79B
:10FDE00032F9028BB8F1000FB8BF22F8027CF0E7BD
:10FDF00021B1B6F900100029B8BF32800236EAE717
:10FE0000236CB4F84C2033B130493148984701286D
:10FE100022D0022839D0B4F84C30B4F848209A42A5
:10FE200033D90133A4F84C3094F89830C3B9A36D9A
:10FE300094F8512003EB4203A36594F85110A06D90
:10FE400007F058FD234B98420AD06FF004031E4878
:10FE5000636210F008FC03E094F89830002BECD0BB
:10FE6000E36B1BB9BDE8F041FFF768BFBFF35B8FE1
:10FE700055E8003F5A1E45E800210029F8D1BFF39C
:10FE80005B8F012BEEDCBDE8F081E36B002B89D0AA
:10FE900094F89830002B85D10F4811F0ACFD81E724
:10FEA000022F0AD107F07CFD0A4B9842EBD00448A0
:10FEB0006FF004034362143075E7052FE3D171E757
:10FEC0002006002000700040340600204806002074
:10FED000441E03000000AD0B80060020094BBFF359
:10FEE0005B8F53E8002F511C43E800100028F8D125
:10FEF000BFF35B8F0AB9FFF721BF6FF00F025A62A1
:10FF0000704700BF200600202DE9F0430E4685B063
:10FF10004FF0FF337A484FF0FF320AF0A7F87768C6
:10FF20007B1EFE2B08D96FF01504754810F09BFB63
:10FF3000204605B0BDE8F08300252C4627FA05F3DE
:10FF4000DA0706D507F0F8FBE840C307EBD5013424
:10FF5000E4B20135082DF1D1002CE4D0337C083B0C
:10FF6000062BE0D801A252F823F000BFA7FF010042
:10FF700027FF0100ABFF010027FF010089FF0100FF
:10FF800027FF0100AFFF01000221012C727C10D07D
:10FF9000002AC8D15B4B002083F898005A4B3846A2
:10FFA00007F0E4FB38E00021EFE70121EDE7032152
:10FFB000EBE7082AB7D8DFE802F0050505050505D7
:10FFC000050505003368002BE4D0186801387F2848
:10FFD000E0D88DF8082000228DF809201B885A1ED1
:10FFE0007F2A0AD949494A4840F255220FF011FBAD
:10FFF000464840F255210FF003FB1B01414A013BEB
:020000022000DC
:10000000ADF80A30012382F898308DF80C3002AA3E
:100010003D4B384607F0EEFB3E4B984283D13268A9
:10002000630012B1928902FB0333F2689A4264D3EF
:10003000344D85F8514095F89830B068A865214650
:10004000A8462BB133689B89013313FB04F4A1B29A
:1000500007F050FC2F4B984281467FF464AF37463F
:100060000FCF2D4C0FC43B68236000276F623368AD
:10007000002B3FD00FCB261D86E80F00EB6BAE6246
:10008000A5F84C70B3B3BFF35B8F58E8003F48E866
:100090000072002AF9D1BFF35B8F95F89810E9B987
:1000A000E86B1E4E1E4A4FF40047E0FB0761002339
:1000B0003046E0F7A1FE0022CDE90001002304F163
:1000C00028000CF019F917484FF0FF324FF0FF33BA
:1000D00009F0CCFF00B168626C6A26E707F060FCAB
:1000E0004845F0D06FF00403A4F124006B6210F0D7
:1000F000BAFAE8E7FFF722FEE5E76FF00B0414E732
:1001000024060020200600207DFD010090B00300A1
:100110001F8A03000000AD0B480600203F420F007D
:1001200040420F003406002037B50C460A490B4AFE
:10013000411A40230093491105462346084810F010
:1001400094FA011E05DA2846234603B0BDE8304084
:10015000184703B030BD00BF90530020D306030002
:10016000B81C0300C9B2012908B508D908490948D3
:100170007F220FF04EFA06487F210FF041FA036903
:100180000C2201FB0233986C00F0070008BD00BF91
:10019000CDB003001F8A030070B5C9B201290369FD
:1001A0000AD91849184840F2D1120FF032FA15480E
:1001B00040F2D1110FF024FAEFF31185402484F3BB
:1001C0001288BFF36F8F0C2606FB0134A46C14F069
:1001D000C00408D0A24206D085F31188BFF36F8F08
:1001E0004FF0FF3070BD71430B4401229A6485F3D8
:1001F0001188BFF36F8F43680B445B6898470020FA
:10020000F0E700BFCDB003001F8A030070B50D46B4
:100210000649411A0446491105484022FFF7BCFF30
:100220002B4601462046BDE87040184790530020F9
:10023000B81C0300002270B5012104461046FCF7EB
:10024000D7FD0F4805F032FA0E4B984215D105F054
:100250003DFA26690C4930460FF051FB00280BDBB4
:100260000125B5642469084904F120000FF047FB1B
:10027000002801DB6565002070BD6FF00400FBE71E
:10028000410302000000AD0B182F03001FB5002230
:100290000123CDE90223094ACDF800D06B46CDF801
:1002A00004D010F00FFA002805DB4FF48042002341
:1002B000684609F0DBFE05B05DF804FBEB060300C1
:1002C00010B5EFF31184402383F31288BFF36F8FCF
:1002D000074A136823F00201DB07116002D40120F2
:1002E00005F086FA84F31188BFF36F8F10BD00BF4D
:1002F000E853002030B4104B0C2202FB00330146BF
:100300000020D3E910521864EFF31180402484F3E5
:100310001288BFF36F8F9C6C04F0C00444F0020499
:100320009C6480F31188BFF36F8F1DB12B46034887
:1003300030BC184730BC704790530020B81C0300F5
:10034000012808B506D0032808D090B90E4B9B6C45
:100350005B0717D1BDE80840FFF7CCBF0B490C483D
:100360004FF43D720FF055F94FF43D7107480FF00F
:1003700047F9064906484FF441720FF04AF94FF425
:100380004171F3E708BD00BF90530020CDB00300DA
:100390001F8A030010B4EFF31182402383F3128805
:1003A000BFF36F8F1848016841F002040460C8076A
:1003B00008D482F31188BFF36F8F01205DF8044BDE
:1003C00005F0ACB94FF08041D1F80C04D1F80C1411
:1003D000C907EED5EFF3118083F31288BFF36F8F57
:1003E0000A498B6C03F0C00343F002038B6480F373
:1003F0001188BFF36F8F82F31188BFF36F8F0020D6
:100400005DF8044BFFF776BFE853002090530020BF
:10041000024BC0B203EB4010704700BF9053002066
:10042000F8B53349BFF35B8F0646012251E8003F20
:1004300041E800200028F9D1BFF35B8F9BB92D491B
:100440002D484B60CB608A60F8F7A0FB00280ADAE1
:100450002A492B484FF429720FF0DBF84FF4297129
:1004600026480FF0CDF806B3731E012B37D811F0D4
:100470003FFA0446D0B9234B1B78BBB14FF0804301
:100480000222C3F8082305464FF08047D7F8182406
:10049000D7F81834D20312D59B0701D0012E0ED104
:1004A000BCB185F31188BFF36F8FF8BDEFF31185F1
:1004B000402383F31288BFF36F8F0124E4E71CB15C
:1004C00028460FF0E4FFE1E7002121200BF0CCF8F3
:1004D000DCE74FF080430222C3F80423E5E7074935
:1004E000074840F2B6220FF094F840F2B621B7E781
:1004F0008C5300207C530020B0530020CDB003006B
:100500001F8A0300DC62002010B5044C2046F7F778
:1005100089FD2046FCF7B0FF002010BD2105020038
:1005200073B5104E8DF807000446032501220DF126
:100530000701002008F0F6FE20B1012333702046A9
:1005400002B070BD3378002BF9D0013D08D011F016
:10055000CFF90028EAD1002142200BF085F8E5E729
:100560003570ECE7FF5B0020024883685B6A03B1EB
:1005700018477047241D03000146024883685B68E2
:10058000184700BF241D030008B5074811F00DF9F6
:1005900038B10648FCF770FF0448F7F743FD002028
:1005A00008BD6FF01200FBE7241D030015070300D0
:1005B00038B504460D460820FFF7DEFF3DB9202080
:1005C000FFF7DAFFBDE838400820FFF7D5BF0A483B
:1005D0000EF0ACFF2544EDB2607804F8010BFFF794
:1005E000CBFFE3B2AB42F7D12020FFF7C5FFBDE858
:1005F000384002480EF09ABF33B1030037B1030010
:100600002DE9F74F9C4F9D4ED7F80880D8F83C3025
:10061000BBB138469847002813DDD8F8383083B18D
:100620003846984700280CDDD8F82C304BB13846B6
:100630009847002805DBE9D0D8F8103023B9FFF738
:1006400093FF03B0BDE8F08F01220DF1070138469A
:1006500098470028F3DB336893B3BFF35B8F884C74
:100660002368BFF35B8F13F0020F234600F0D680A0
:100670009DF80750D6F80090BFF35B8F53E8002F2A
:1006800022F0040143E800100028F7D1BFF35B8F8C
:1006900050072AD57B4BDFF8F8A15B5D13F0040F00
:1006A00018D10123CAF80030482D5CD8422D5CD9FE
:1006B000433D052D59D8DFE805F0766558945885F7
:1006C000714B18680022002309F0F6FB3060002807
:1006D000C3D1B6E70821204610F00DF86B4B303D32
:1006E0000022CAF800501A6090E7BFF35B8F2368BE
:1006F000BFF35B8F1907D7D5624B5B5D5A0710D5E7
:10070000BFF35B8F2368BFF35B8F13F0100F14BF31
:100710005E4A5F4A13680A2101FB0353303B1360B2
:1007200074E73B2D18D0BFF35B8F54E8003F23F0F4
:10073000080344E80032002AF7D1BFF35B8FBFF310
:100740005B8F54E8003F23F0100344E80032002A96
:10075000F7D1BFF35B8FA7E7102120460FF0CBFF47
:10076000C306E0D452E77E2D44D0BFF35B8F54E83C
:10077000003F23F0020344E80032002AF7D1BFF320
:100780005B8F43E74348424A037811688B42ECD3BE
:10079000414D2A785B1A52FA81F203703F482A7061
:1007A0000EF0C4FEE1E73C48394B027819688A42F2
:1007B000DBD3CBB2D21A0270364A107803441370DE
:1007C0003748EDE7334D29780029CED033480EF075
:1007D000ADFE314A137829780B44137000232B7037
:1007E000C3E72D4D29780029BFD02D480EF09EFE7D
:1007F000284AEFE7284D2B78002BB6D02848012156
:100800000EF094FE234A2978107809F10509013980
:10081000C9B248442970FFF7CBFEA6E7BFF35B8F50
:1008200054E8003F23F0010244E800210029F7D1F9
:10083000BFF35B8F13F0010F9DF807500BD05B2DBA
:100840007FF4E4AE022120460FF055FF042120463C
:100850000FF051FFDAE60B4B5B5D13F0970F6CD195
:100860000D2D1FD8072D2ED9083D052D2BD8DFE8DB
:1008700005F01D53342A2A38241D0300EC530020B0
:10088000F853002047C5030004540020F053002013
:10089000F4530020025C0020015C00203BB1030007
:1008A00041B103001B2D13D07F2D0CD13B4A13788F
:1008B0004BB1013BDBB213703068394A0533117814
:1008C0001844FFF775FE374B9DF807201A709DE618
:1008D000012120460FF00FFFF5E7324B1B780D2B5F
:1008E000F1D0DFF8B8902E4D99F8001033682A78CF
:1008F0000B44134400245C710D20FFF73DFE0A20D9
:10090000FFF73AFE284B3168186889F800402C70D0
:1009100010F0B5FF3460D6E7244B1B68002BD2D013
:100920001F4A1278002ACED11C4C3068217805303D
:100930009847237818442070C5E7194A174B147854
:1009400093F800B004EB0B02FE2ABCDCD6F800A042
:100950000BF1010228461A70FFF70EFE0AEB0B039B
:100960000CB95D71AFE793F8059011485D710EF019
:10097000DDFD0BF1060B013CDA44E4B2013C4846D4
:10098000E4B2FFF7F9FD4B46FF2C9AF800900AF805
:10099000013BF3D107480EF0C9FD94E7025C00204B
:1009A000015C0020005C002000540020FC5300206B
:1009B00033B1030037B10300164B73B51860164B03
:1009C0001960164B1A60FFF7CFFD154DAC68A3698F
:1009D0000BB128469847236C1BB1124910480022DE
:1009E00098470F4EE36A23B9AB681B6A73B902B02C
:1009F00070BD304698470028F6DD2369002BF1D002
:100A000001220DF1070130469847EBE7044898476B
:100A1000EDE700BF0454002000540020FC530020E8
:100A2000241D03000106020000F1744000F5A60039
:100A30000A289ABF024B33F910006FF00F0070477D
:100A400030400300024B0B6001231360704700BF6E
:100A5000C82F0300004870473C2F030073B50D46B4
:100A6000416829B3D1E9001384681CB3D4E9002498
:100A70000CB303B39C4217D15C1C092C06781DD91A
:100A80000820F9F75BF848B1174BC461C0E9053697
:100A900004230374002343748374C3741349002331
:100AA0004FF402520FF063FA6FF0150002B070BD00
:100AB0000B46D9E7224601331C44DEE740F201131E
:100AC000ADF80230684600238DF800608DF80140D3
:100AD0008DF804308DF8055006F0FCF902B0BDE841
:100AE0007040FFF7A1BF00BF47B10300F42503002A
:100AF0000268154BFF2A08BF4FF0FF32C3F82425C8
:100B00004268FF2A08BF4FF0FF32C3F828258268E9
:100B1000FF2A08BF4FF0FF32C3F83025C268FF2A12
:100B200008BF4FF0FF32C3F834250269FF2A08BF1F
:100B30004FF0FF32C3F838254269FF2A08BF4FF053
:100B4000FF32C3F83C2570470090024030B5224D7B
:100B50000FCD91B00AAC0FC495E8030084E8030000
:100B60000024CDE90144AB238DF804301B4B0394E2
:100B7000D3F82425D2B20492D3F82825D2B2059214
:100B8000D3F83025D2B20692D3F83425D2B20792E8
:100B9000D3F83825D2B20892D3F83C350AA8DBB294
:100BA0000993FFF7A5FF012006F088FA014604A883
:100BB000FFF79EFF0A4B99420BD1214601A8FFF790
:100BC0004DFF002803DB232010F0EBFD204611B081
:100BD00030BD6FF00400FAE71C27030000900240CC
:100BE0000000AD0B054B994206D14FF0FF324FF09C
:100BF000FF33103009F03ABA704700BF0000AD0B68
:100C00002DE9F04F8BB0436800AF05460021586BCB
:100C10000FF000FE041E63DB002201212920FCF7F7
:100C2000E7F8D5F804902A696649484606F026F99F
:100C3000FFF7FAFE041E4EDBFFF788FF041E4ADBB7
:100C40004FF000089F2307F1100A4FF0030B07F144
:100C50001406C7E906B8C7F814A0C7F820803B7788
:100C60007E62414607F11C00FFF7F8FE041E32DBEE
:100C70005A46514609F1300010F0EBFE0446A0B38D
:100C80003B7C97F811B097F812A099F8306099F86A
:100C9000315099F832407B600E20F8F74FFF90B149
:100CA0007B68494A4261C0E909A6C0E90B54C0E922
:100CB000073B464A82610923037480F8118080F85B
:100CC000128080F813804249002344F640020FF05E
:100CD0004EF96FF0120406F035FA08B106F010FA7A
:100CE00020462C37BD46BDE8F08F6A68537F023B33
:100CF000012B25D992F81C80A8F10208B8F1020F47
:100D00008CBF4FF000084FF001080FF053FD051E97
:100D100019DA0820F8F712FF50B12E4B43612E4B21
:100D2000C0E9063504230374002343748374C37439
:100D3000274900234FF401520FF019F92C46CAE756
:100D40004FF00108E1E7EAB2C5F38015A845C2D02B
:100D5000002382F040020121BB813A7307F10C02AB
:100D6000C7E906137A617B6239773E6207F11C009E
:100D7000FFF774FE041E07D10FF01CFD041E04DBF8
:100D800014F00104F8D1A6E7A5DA144A144B6D4615
:100D90008AB0B8F1000F18BF13466A461149516175
:100DA0000D491462C2E9061340F2013393840E4BDD
:100DB00042F8103F064800234FF43151F9F79EF8EE
:100DC000AD4688E7A90703006AB1030026B3030014
:100DD000F4250300A0B1030017B303002D46030060
:100DE000A5500300B4B1030005000001F0B585B0C3
:100DF00005460C460FF05CF90646002842D12869EA
:100E00000FF017FD4CB1012C24D06FF08504286938
:100E100009F0C8F8204605B0F0BD6E6806F0CAF8C3
:100E20001A4B984228D1B923214601A8CDE90144A3
:100E300003948DF80430FFF711FE041EE7DB0A204F
:100E400010F0AFFC06F0ECF8706B01210FF0E2FC43
:100E50000446DCE76F683146786B0FF0DBFC041E5C
:100E6000D5DB2A690A49384606F008F8074B98424C
:100E700005D1FFF76BFEEBE76FF00F04C7E76FF0EC
:100E80000404C4E76FF00F04C4E700BF0000AD0B1B
:100E9000A90703002DE9F3470E46074641681D46A2
:100EA00090461AB313B3042B01D9AB071ED116F029
:100EB00003041BD1002E03DBCA6A731993421BD9AA
:100EC0000A20F8F73BFE58B13F4B43613F4B0562A8
:100ED000C0E9063605230374002343748374C37486
:100EE0003B4900234FF421520FF041F86FF01504F5
:100EF000204602B0BDE8F08738460FF0A0FC20463F
:100F00000FF073FC044630B101200FF06EFC384640
:100F10000FF0B0FCECE7032D1ED8042132460DEB98
:100F2000010010F0D6FA044601463869FFF75AFE70
:100F3000284B9C4235D12A46414601A810F099FD24
:100F4000042132460DEB010010F0C0FA04460146C0
:100F50003869FFF747FE24E008F06043B3F1005F13
:100F600002D118F0030F2BD0DFF868A0042DA9469A
:100F700028BF4FF004094A46414601A810F079FD08
:100F80003246494601A810F0A1FA044601463869E4
:100F9000FFF728FE544504D1B5EB0905C8444E447B
:100FA000E4D12046FFF740FD044601200FF01DFC70
:100FB000054638460FF05EFC002C08BF2C4697E72C
:100FC000324629464046BFE7C9B103003EB303009D
:100FD000F42503000000AD0B2DE9F04F824685B0EB
:100FE0000E461C469046FAB1002B00F0A180002965
:100FF000426803DBD26ACB1893421AD90A20F8F769
:101000009DFD58B14B4B43614B4B0462C0E9063622
:1010100005230374002343748374C3744749002376
:101020004FF421520EF0A3FF6FF0150005B0BDE89C
:10103000F08F754205F003050FF001FCA54228BFB3
:101040002546D8F1000303F0030308F0030758BF57
:101050005F427F4207F00307A74228BF2746631B72
:10106000E41B24F0030423F00309A145C8BFA146F3
:1010700003F0030BC8BFA3EB040BB9F1000F19D0A9
:1010800008EB0703721949461846019310F021FA3C
:1010900004460146DAF81000FFF7A4FD284A9442FE
:1010A0003BD1BD4206D0019B4A46194608EB0500DC
:1010B00010F0EDFCBDB1C5F10407F21B042102A83C
:1010C00010F007FA04460146DAF81000FFF78AFD2F
:1010D0001B4B9C4221D107F108032A460DEB03016B
:1010E000404610F0C6FCBBF1000F1FD0082172195A
:1010F0004A440DEB010010F0ECF904460146DAF821
:101100001000FFF76FFD0E4B9C4206D109EB050066
:101110005A4602A9404410F0ACFC50460FF0AAFB1E
:10112000204605B0BDE8F04FFFF77EBC044CF4E765
:1011300018467BE717B2030030B30300F425030021
:101140000000AD0B2DE9F0470C46074641682646E6
:10115000C4F30B03154622B96FF015042046BDE811
:10116000F087C2F30B0252EA0308F5D1002C03DB2F
:10117000CA6A6319934216D90A20F8F7DFFC58B1FE
:10118000594B4361594B0562C0E90634052303748A
:10119000002343748374C374554900234FF42152D0
:1011A0000EF0E5FED8E70FF04AFB4046D7F8049072
:1011B0000FF01BFB0446002840F08580DFF848A1B3
:1011C000D9F82C309D4221D106F024F8A8460446D7
:1011D00038692146FFF706FD54454CD14644A5EB3E
:1011E000080500214FF4A4700AF03EFA0FF0E2FA6D
:1011F000041E5BDB14F00104F3D1002DE0D10120CB
:101200000FF0F3FA002C08BF04465CE0B5F5803F10
:1012100009D3B3B253B93146012005F09DFF4FF415
:1012200080380446D4E7B5F5805F09D3C6F30B00D8
:1012300030B9314605F090FF4FF480580446C7E7B7
:101240000A20F8F77BFC58B12A4B43612A4B056210
:10125000C0E9063605230374002343748374C37402
:101260002349264C00234FF421520EF080FE2349DF
:101270003869FFF7B7FC0A20F8F760FC58B1204B3B
:1012800043611D4B0562C0E9063605230374002344
:1012900043748374C374002315494FF421520EF034
:1012A00066FE2046FFF7C0FB0446A8E70A20F8F7D1
:1012B00045FC60B90E4900234FF421520EF057FE51
:1012C00001200FF092FA38460FF0D4FA46E70D4BA2
:1012D0004361094B0562C0E9063605230374002308
:1012E00043748374C374E5E764B2030058B3030026
:1012F000F4250300B2B203004DB303000400AD0BAC
:10130000F5B20300D4B203000000AD0B024B0B603A
:1013100001231360704700BF085400200048704745
:10132000D02F030038B505460A200C46F8F706FC16
:1013300058B10A4B43610A4B0462C0E906350523E4
:101340000374002343748374C374064900234FF469
:1013500021520EF00CFE6FF0150038BD7DB3030076
:10136000E3B303006C25030010B5012211460648C3
:10137000064C10F08FFA10F022F8206010F01BF8E5
:101380006060002010BD00BF1054002008540020F1
:101390004FF08042D2F81015D2F8103501F01E013E
:1013A00023F01F030B4343F00103C2F81035024B37
:1013B00000221A70704700BF035C00204FF080537A
:1013C000D3F83031082B20D14FF08042D2F81015DD
:1013D000CB071AD5D2F8103501F01E0123F01F03F8
:1013E0000B43C2F81035D2F808315BB1D2F8103592
:1013F00023F01F030B4343F00103C2F810356FF0D5
:101400008B007047024B01221A700020704700BF0A
:10141000035C00202DE9F0410E4615460FF0CBFF8E
:101420002946074630460FF04BFAB04604460028DE
:1014300046D0B6FBF7F307FB136323B9B5FBF7F40C
:1014400007FB1454C4B10A20F8F778FB58B1254BB8
:101450004361254B0562C0E906360523037400236A
:1014600043748374C374214900234FF421520EF056
:101470007EFD6FF015041DE0AF421BD84FF0FF3228
:101480004FF0FF331A481B4F08F0F0FD0FF093FFA9
:101490000646FFF793FF044678B9404604F0BCFEC9
:1014A0003B780BB1FFF774FFAD1BB044F1D110488E
:1014B00008F078FD2046BDE8F0816FF08B04F6E778
:1014C0000A20F8F73BFB0028CDD00B4B4361064BBD
:1014D0000562C0E906360523037444748474C47439
:1014E000C1E700BF9EB3030002B403006C250300F4
:1014F00010540020035C00207DB303002DE9F84365
:101500000E463046194617461C460FF0D9F90546D7
:10151000C8B90A20F8F712FB50B12C4B43612C4B91
:101520000462C0E906360523037445748574C574E6
:10153000284900234FF421520EF019FD6FF01504D5
:101540002046BDE8F88346EA040515F0030511D0EE
:101550000A20F8F7F3FA0028EAD01F4B43611C4B2E
:101560000462C0E9063605230374002343748374C0
:10157000C374DDE7002CE3D01848DFF868904FF023
:10158000FF324FF0FF3308F071FD24F00304A54251
:1015900005EB060809D1124AD2F80034DB07FBD567
:1015A00000240E4808F0FEFCCAE7FFF707FF50B919
:1015B0007959404604F064FE99F800300BB1FFF70A
:1015C000E7FE0435E3E76FF08B04EAE77DB3030041
:1015D000F2B303006C250300C1B3030010540020D4
:1015E00000E00140035C002010B5036941B91C49CB
:1015F0001C483F220EF00DF83F2119480EF000F86C
:10160000486830B91649174840220EF002F84021C8
:10161000F3E75868F8B1884219D19C6808685860A7
:10162000A14200D19860002008602AB15A680A607F
:101630009A68596002B99960002010E0814206D191
:101640000868206098688142EDD19C60EBE7044611
:1016500000680028F2D1002AE8D16FF0150010BD13
:1016600036B403001F8A030070B545682B6906462F
:10167000B3B11035284604F05DFC044680B901463C
:10168000284604F023FC0B4B98420FD10A4922460E
:10169000284604F0EBFB224605210620FBF7A8FBB9
:1016A00030460649BDE870400EF036BD6FF00400CC
:1016B00070BD00BF0000AD0BD11902006909030025
:1016C00008B503685909024613D0012906D103F071
:1016D0001F034FF6FF71D940C80712D40A490B48BF
:1016E00040F2CA320DF095FF074840F2CA310DF0C2
:1016F00087FF4FF0FF31D940C907EFD54FF0A04029
:1017000000E00348136008BD059203001F8A030030
:1017100000030050F0B54068057B01F01F0444EA67
:101720004514056987B0002D77D0B2F5001F00F190
:10173000100506D1214628460FF01EFE002007B0F6
:10174000F0BD01AE0027B2F5800F0197776034D16C
:10175000B3F1007F14BF052304238DF80430002368
:10176000CDE9046303938368CB40D9073AD4B2F13F
:10177000A07F37D168460094FFF7A2FF009B03F5D6
:10178000E07350F82330DB072CD46A462146284604
:1017900004F072FB244B98421AD0CDF808D003AA6B
:1017A0002146284604F02AFA204B984238D10122DB
:1017B0002146284604F0D8FBC0E7B3F1C06F05D03E
:1017C000B3F1007F14BF01230223C6E70323C4E75C
:1017D0006946284604F0C0FB144B9842DDD06FF0F8
:1017E0000B00ACE76A462146284604F045FB0F4B48
:1017F00098420646D3D19DF80010284604F0A4FB79
:10180000B042CCD00A490B4840F2E1120DF001FF82
:10181000074840F2E1110DF0F3FE6FF085008EE70E
:101820006FF015008BE700BF0400AD0B0000AD0B9F
:1018300072B403001F8A03002DE9F043466840F2AA
:101840000635337BD00687B001F01F0702EA050595
:1018500047EA431754BFC2F340130323B5F5837F10
:1018600014468DF8033044D00FD8062D18D007D871
:10187000B5B1022D3FD06FF0150007B0BDE8F08381
:10188000B5F5807FF7D101250AE040F202229542AA
:1018900033D0B5F5407F32D0B5F5007FEBD10225CE
:1018A00022032ED5726801238B40C2F808353369B4
:1018B0007BBB03A80397FFF703FF039B00EB8300A9
:1018C00084F48033C3F30043C4F34044D0F80027CA
:1018D00044EA43049DF8033022F4E16244EA8304BD
:1018E00022F0070244EA05231343C0F80037002022
:1018F000C3E70725D4E70425D2E70525D0E703256C
:10190000CEE7630341BF012372688B40C2F80C35F8
:10191000CDE710360DF102023946304604F0ACFA3C
:1019200014F4403F804616D1394630460FF022FD70
:10193000244B9845DBD19DF80210304604F004FB9F
:101940004045D4D020492148DE220DF062FE1E48D9
:10195000DE210DF055FE01AB4FF0000903AA394618
:101960003046CDE90439CDE90199CDF80C9004F069
:1019700045F9144B98427FF47EAF14F4003315D030
:101980009DF803308DF80E3084F48034C4F30044A5
:101990004B4603AA394630468DF80C508DF80D4061
:1019A00004F0E8F9074B9842C2D064E7CDE904336C
:1019B00003AA0DF1030339463046039304F01EF9E0
:1019C000F0E700BF0000AD0B72B403001F8A0300F4
:1019D000420970B5034602D0012A1AD070BD124EDA
:1019E000326951680029F9D003F01F0301250C6802
:1019F0009D400029F2D08A682A400ED04B6853B926
:101A00000A490B4864220DF004FE084864210DF0D9
:101A1000F7FD084EE4E7304698471CB1236821469D
:101A20001C46E6E72346FAE7001D030036B4030030
:101A30001F8A0300DC1C030002780B69012A08D00E
:101A4000022A08D04AB9064A1A6203F1100008F0C7
:101A5000A9BA044AF8E7044AF6E7044AF4E700BFE3
:101A60000000AD0B0100AE0B0200AE0B0100AD0B90
:101A70002DE9F04F89B002AF9346BB600369FB606C
:101A80004368D3F828A09B8B3B614FF0FF324FF0A7
:101A9000FF3305460C460EF09BFFFB6810337B615D
:101AA000002378690022002608F0E0FA33465E45FC
:101AB00001D3002342E0207A010700F1978001362C
:101AC0005E45D4F800E00BD2820709D4227D80EA7B
:101AD000020C0CF0010C02F004025CEA020C08D0CB
:101AE00023B90EF06042B2F1005F41D04FF0000820
:101AF00001E04FF001086268396903EB020C8C4584
:101B000026D96C468CB0286802A93A4E4E613A4EEE
:101B10000A62C1E906633B690A46C1E9093040F23D
:101B200004638B85354B42F8103F002334484FF453
:101B30007151F8F7E3F96FF01B03A54628467B6166
:101B40000EF049FF7B691C371846BD46BDE8F08F93
:101B5000C10706D40AEB030071467B600FF089FFD2
:101B60007B6862681A4493B2B8F1000F27D1D3B9E9
:101B7000D4F80090A3884FF00008BA68217A009248
:101B800028464A4600F09CF8031ED7DB4FF44D72FE
:101B90007869002308F06AFA40B1284600F034F86A
:101BA0006FF00403CAE79846D146E6E7FB68154A9A
:101BB0001B6A9342F4D1237ADB0702D400230C344E
:101BC00075E7CA45FAD123460AE0A8EB0201D868B6
:101BD0007B601FFA81F819FA81F10FF04AFF7B68E8
:101BE0005A689045A3F10C03EFD2E7E76FF0850345
:101BF000A4E700BFBEB403008DB5030007000001D9
:101C0000942503000000AD0B73B5446823680DF103
:101C10000701D3F80855D3F80C650EF040FA9DF88B
:101C2000073013B9204606F00DFF3146284607F06D
:101C30006BFA9DF80710054629B9606A0EF0CEFED2
:101C4000204606F0DBFE044B9D4214BF6FF00F00F0
:101C5000002002B070BD00BF0000AD0B10B511F048
:101C60000104436818D1C1F34201012917D00229A8
:101C70001CD00820F7F762FF40B10E4B43610E4BBA
:101C800083610323037444748474C4740B49002374
:101C90004FF4C2520EF06BF96FF0150005E01B68AF
:101CA0004FF0CC72C3F82425002010BD1B684FF004
:101CB000C862F7E7BFB50300A7B603009425030089
:101CC000F0B587B0476816460C46122200210DF188
:101CD00006001D460FF0F5FE0496BE8D029504F039
:101CE00001038DF80430AE42BDF830308DF8053078
:101CF00019D20A20F7F722FF58B1164B4361164B51
:101D00000662C0E906350523037400234374837417
:101D1000C374124900234FF421520EF028F96FF0DA
:101D20001B0007B0F0BD84F00202C2F34002520172
:101D300001A9384606F00CFF094B984207D00B3337
:101D4000984214BF6FF004006FF00F00E9E7002025
:101D5000E7E700BFD5B503008CB603009425030068
:101D60000000AD0BB0B5456800AF2B6A044698473C
:101D7000686A01210EF032FE2346AA6905F10801C6
:101D8000284606F0F9FD114B984219D023686C469D
:101D90008AB06A460E4951610E49C2E9061340F203
:101DA000013313840C4B42F8103F0C4800234FF4CE
:101DB0001151F8F7A3F86FF00400A546BD46B0BD79
:101DC000074920460EF0A8F9F8E700BF0000AD0B68
:101DD00020B6030072B6030004000001942503003E
:101DE000270A030013B50DF1070144680EF057F9F7
:101DF0009DF8073003F0FD03012B17D00820F7F7FB
:101E00009DFE48B10C4B43610C4B8361032303746B
:101E1000002343748374C374094900234FF4C252EE
:101E20000EF0A5F86FF00F0002B010BD204606F0CE
:101E30004FFE0020F8E700BF44B6030056B603008B
:101E40009425030008B503685909024613D00129F7
:101E500006D103F01F034FF6FF71D940C80712D413
:101E60000A490B4840F2CA320DF0D3FB074840F252
:101E7000CA310DF0C5FB4FF0FF31D940C907EFD58E
:101E80004FF0A04000E00348136008BD0592030036
:101E90001F8A0300000300502DE9F04FDFF894B1D2
:101EA00085B01546824600EB810840F2FF19D04507
:101EB00003D1002005B0BDE8F08FDAF800305804F7
:101EC000C3F3C321C3F3080400F1AC80584A1B0ECE
:101ED000575C4C4508BF4FF0FF34222B00F2A58021
:101EE000DFE803F012191F22252B22A3A3A3A33B93
:101EF00068A3A3A3A3A3A3A3A3A36B818487A3A382
:101F0000A38A9194979A9D00C5F80C45621C5ED1F6
:101F10000AF1040ACBE7C5F81445631CF8D0002683
:101F20005FE0C5F80845F1E7C5F81045F5E7661C20
:101F3000C5F80845ECD0002604E0601CC5F80C4547
:101F4000E6D0012603A80394FFF77CFF039B012141
:101F500001FA03F3C0F80C3508E0C5F80845002F76
:101F6000DBD1631CD4D0002631460627DAF80030D6
:101F7000019303F40040002818BF002103A800913A
:101F800018BF01260394FFF75DFF039C019B009996
:101F900000EB8400C3F3412CD0F800473B0243EA36
:101FA0008C030B4304EA0B04234343EA4603C0F8C3
:101FB0000037ADE7C5F80C45D1E7C5F86045611CB1
:101FC000DAF80030A4D0C3F30043002BB9D003A843
:101FD0000394FFF737FF039B012606FA03F3C0F8CB
:101FE00008353146C2E7C5F86445E8E7C5F86845F5
:101FF000E5E7C5F86C45E2E7C5F82445621C87D0E3
:1020000000210126B2E7C5F828457FE7C5F830452D
:10201000F4E7C5F83445F1E7C5F83845EEE7C5F80B
:102020003C4573E76FF0150044E76FF0850041E72A
:10203000BFB60300F0F8FCFF08B503685909024673
:1020400013D0012906D103F01F034FF6FF71D940C9
:10205000C80712D40A490B4840F2CA320DF0D9FA27
:10206000074840F2CA310DF0CBFA4FF0FF31D940AA
:10207000C907EFD54FF0A04000E00348136008BD4A
:10208000059203001F8A03000003005098B5044620
:1020900000AF002201211C20FAF7AAFE6068236924
:1020A000134A00F1080104F06DFB124B984219D05D
:1020B00023686C468AB06A460F4951610F49C2E9EC
:1020C000061340F2013313840D4B42F8103F0D48C4
:1020D00000234FF41151F7F711FF6FF00F00A546E1
:1020E000BD4698BD084920460EF016F8F8E700BF37
:1020F000690A03000000AD0B20B6030027B70300F8
:1021000004000001EC250300950A03002DE9F341CA
:10211000BDF820C046680469032907460D4690466D
:102120000CF0010C12D90820F7F708FD50B15F4BF5
:1021300043615F4BC0E906350423037400234374F5
:102140008374C37400234FF4015223E0B27F012A49
:102150004FF0010104BF5B084FEA5808A940002B6B
:102160007AD098457BD9226890452CD02079884335
:1021700018D00820F7F7E2FC48B14E4B43614E4BB4
:10218000836103230374002343748374C3740023A3
:102190004FF4C25249490DF0EAFE6FF0150002B04B
:1021A000BDE8F0814246B2F5004F45D2C4F8008048
:1021B0006071D6F800E096F81E80CEF80C05CEF8D7
:1021C0000485CEF80825627923FA02F292B24FF024
:1021D000010E78688CF00108806A42EAC83220F863
:1021E00015205FFA81F8BEF1000F47D1326805F57E
:1021F000AC7552F82520002A0FDBBCF1000F51D03E
:10220000B3FA83F35B097BBB01A80192FFF714FFCC
:10221000019A01239340C0F80C35217921EA080185
:10222000217181B3A379ABBB1023012206F12801F0
:10223000304604F0CDFA2BE0013008284FEA520274
:10224000B1D1F7F77BFC00283FF47CAF1C4B436116
:10225000194BC0E906386FE79E461A46B9E74FF0BA
:10226000000E47F6FF72B4E701A80192FFF7E4FE03
:10227000019A01239340C0F80835CEE7237948EA54
:1022800003032371CEE7786804F004FB0123A371F4
:10229000002084E70023A371304604F031FB0028BE
:1022A000FAD0C1E7003B18BF0123ACE7C7B6030073
:1022B0004EB70300E0B6030035B70300EC2503007A
:1022C000F9B6030008B5064801224FF4805103F027
:1022D00067F904480122042103F062F9002008BDD7
:1022E00000F003207C7F0020014B01221A60704720
:1022F00000C000400C2903690BD15B6A06490748FE
:102300004B4393FBF0F100FB11331160536000204D
:1023100070476FF08500704790D0030040420F0077
:10232000044B00690022C3F80021D3F8003107F004
:1023300039BE00BF00C000407FB50569AB6A002B05
:1023400040D0402901D00C293FD105F110064FF0B3
:10235000FF324FF0FF33304607F090FB1C4B0193E8
:1023600000240323A86A039469460293F6F70EFC3F
:10237000A04208DA174918483D220DF04AF93D21DC
:1023800014480DF03DF94FF0FF324FF0FF3328466F
:1023900007F06CFEA86AF6F77DFC002806DA0D4906
:1023A0000D4842220DF035F94221E9E70B4BD3F8F5
:1023B00008256A6201225A60304607F015FC204663
:1023C00004B070BD6FF00A00FAE76FF08500F7E720
:1023D000E9220200DCB703001F8A030000C00040AE
:1023E00010B504690020FEF713F8A06240B9104947
:1023F000104877220DF00DF90D4877210DF000F906
:102400004FF0FF32002120460FF044FA04F1100093
:102410000FF022FA002201210C20FAF7E9FC0C202F
:10242000FAF7B6FC044B0122C3F80423002010BDC8
:10243000DCB703001F8A030000C0004010B503464C
:102440000A46006819790469012303FA01F1436817
:102450001B6819420AD10C490C4840F28D620DF0FC
:10246000D8F8094840F28D610DF0CAF82368194286
:1024700018BF82F0010222B18368DB68BDE810401A
:10248000184783681B69F9E7EE8903001F8A030078
:10249000F7B515464668036942B9304930484322CA
:1024A0000DF0B7F82D4843210DF0AAF81F2952D19D
:1024B000B27A1B8C12F02001727918BF1BB22AB3BA
:1024C000F279377C042A09BF3268F289926812894E
:1024D00009B1013FFFB25A43B079019201A9FDF75A
:1024E0003BFB0446A0B9019941FA07F077693FBB6D
:1024F0004FF47A7303FB00F190FBF3F2194B2A605F
:1025000091FBF3F203FB1211696016E06FF0850492
:102510000820F7F713FB50B1134B4361134BC0E98D
:10252000063404230374002343748374C374104972
:1025300000234FF401520DF01AFD204603B0F0BD08
:102540004FEAE07CA0FB0701B269234607FB0C11B0
:10255000DEF702FCCCE76FF08504EEE72EB803004F
:102560001F8A030040420F006AB803008AB90300C3
:10257000AC26030070B51F294668056901D04029C3
:102580002ED1D5E9060109F06FF830460EF071FB47
:102590000446B0B10820F7F7D1FA50B1124B4361AD
:1025A000124BC0E90634042303740023437483747C
:1025B000C3740F4900234FF401520DF0D8FC20469C
:1025C00070BD3068836829465B68984704460028D8
:1025D000F5D00820F7F7B2FA0028EAD0054BDEE77D
:1025E0006FF08504EBE700BF7CB8030084B90300FB
:1025F000AC26030095B80300F8B5056946686FF08E
:1026000001024FF0FF33C5E90623074630680FF09B
:10261000CCF80446B0B90820F7F790FA40B1354B32
:102620004361354B83610323037444748474C4741D
:10263000324900234FF4C2520DF099FC6FF012049E
:102640002046F8BDF06950B10FF0AFF8044630B93C
:102650000820F7F773FA0028EAD0294BE0E7304664
:102660000EF007FB0446A8B10820F7F767FA50B14F
:10267000244B4361204BC0E9063404230374002338
:1026800043748374C3741D4900234FF401520DF049
:102690006EFCD5E7747964B90820F7F74FFAD8B91A
:1026A000164900234FF401520DF061FC6FF08504D0
:1026B000C6E732791449012393406B60337C2B7455
:1026C000737C6B7405F12003AB600223EB6038462A
:1026D000BDE8F8400DF020BD0C4B4361064B836113
:1026E0006FF08503C3610423037444748474C47459
:1026F000D6E700BFA6B803006DB90300AC260300FF
:10270000BBB80300D7B8030011270200E5B80300E7
:102710002DE9F84F46680769F06930B1032900F2E6
:10272000C880DFE801F0B65F020600242046BDE85D
:10273000F88F96F82010738C03F03002302AD0E91D
:10274000014706690AD15C495C4840F2E2320CF06C
:1027500060FF40F2E23158480CF052FF03F00602ED
:10276000042A08D15449554840F2E9320CF051FF8F
:1027700040F2E931EFE724680125DA0705FA01F5AF
:1027800054BF43F4B01383F4D013254223F48012D2
:1027900008D1494949484FF47F720CF03AFF4FF491
:1027A0007F71D8E73468DB074CBF2C43AC433460FF
:1027B0003B68984704460028B7D00820F7F7BEF9D1
:1027C00048B13F4B43613F4B8361032303740023B4
:1027D00043748374C3743C4900234FF4C2520DF018
:1027E000C6FBA3E7012106F11C00FFF727FE044604
:1027F00098B10820F7F7A2F948B1344B4361314B47
:10280000836103230374002343748374C3742E49C8
:1028100000234FF4C2520DF0AAFB0FF0DEF8DFF8F0
:10282000B8A02B4A80464FF00009706A0D464FF45D
:10283000004BD4464946E0FB0BC100236046DEF75F
:10284000DBFA10EB080045EB0105012875F10005E6
:102850001ADB0FF0C2F88046706A1D4A0D464946E1
:10286000E0FB0BA100235046DEF7C6FA6FF0010330
:1028700010EB080045EB01014FF0FF321B1A62EB31
:102880000101C7E9063151E76FF001034FF0FF3155
:10289000F7E7002106F11C00FFF7D0FD04460028F1
:1028A0003FF443AF0820F7F749F9002893D0094BCC
:1028B00088E76FF0850439E7EE8903001F8A03007B
:1028C000FBB803007AB90300AC26030022B9030069
:1028D00040420F0047B903003F420F002DE9F0418D
:1028E000044647680D460FF003F84FF0400888B9DA
:1028F0001F4B1B7873B1642660680EF085FAF0B93F
:1029000001200EF081FC013EF6D10021212008F0CB
:10291000ABFEF0E7EFF311810E4688F31288BFF3A8
:102920006F8F60680EF070FAA8B981F31188BFF359
:102930006F8FEFE781F31188BFF36F8FE5E7EFF358
:1029400011810E4688F31288BFF36F8F60680EF016
:102950005BFA0028EED0BB691D70B96901222046E0
:102960000EF036FA86F31188BFF36F8FBDE8F08161
:10297000DC620020F8B50022054601210220FAF7AA
:1029800037FA0220FAF704FA6C680121E0680EF0C9
:10299000CCFA6B681A682369C2F82435617D237DFF
:1029A0000B43A17D0B43C2F86C356E68D6E900433A
:1029B00013F0010342D02F6907F10C000EF03BFC2D
:1029C0002B4B984216D00820F7F7B8F848B1294B9E
:1029D0004361294B8361032303740023437483748D
:1029E000C374264900234FF4C2520DF0C0FA6FF0B1
:1029F0000400F8BD387B04F10C0204F590710EF070
:102A000010FC387B012707FA00F002F0CFFD082305
:102A1000C4F80035B369C4F844350023C4F8483518
:102A2000A760D4F85831002BFBD00023C4F8003540
:102A300028461349BDE8F8400DF06EBB0822C4F8E3
:102A40000025B269C4F84425C4F848350123A360C1
:102A5000D4F82031002BFBD00023C4F82031D4F867
:102A600020310123E3604FF48073C4F80433D8E7C6
:102A70000000AD0BA6B90300C9B90300742603001A
:102A8000490F030008B503685909024613D001290C
:102A900006D103F01F034FF6FF71D940C80712D4C7
:102AA0000A490B4840F2CA320CF0B3FD074840F225
:102AB000CA310CF0A5FD4FF0FF31D940C907EFD561
:102AC0004FF0A04000E00348136008BD05920300EA
:102AD0001F8A03000003005010B5012303FA01F11F
:102AE000436804691B6819420AD10C490C4840F23A
:102AF0008D620CF08EFD094840F28D610CF080FD76
:102B00002368194218BF82F0010222B18368DB6892
:102B1000BDE81040184783681B69F9E7EE89030098
:102B20001F8A03002DE9F84F4568D0F8108000AFE8
:102B300006460021E86B0EF0C4FA041E20DB296C67
:102B4000481C38D005F1440000F02AFC10F1130FA6
:102B5000044619D10820F6F7F1FF48B1564B4361FE
:102B6000564B836103230374002343748374C3743B
:102B7000534900234FF4C2520DF0F9F96FF01204DB
:102B80002046BD46BDE8F88F411D14D10820F6F758
:102B9000D5FF48B14B4B4361484B8361032303741A
:102BA000002343748374C374454900234FF4C25215
:102BB0000DF0DDF9E4E76B6B9847D8F808504FF05B
:102BC0000109D8E9023203EBC2039D4208D3404613
:102BD0000EF0C3FA3C4930460DF09EFA0446CFE7AA
:102BE00028680EF0E2FD0346C0B92A68297910680A
:102BF0006C468AB06A46354D55611162344D40F2DB
:102C0000013191843349C2E9065042F8101F2C4823
:102C10004FF43151F7F772F9A546AFE728682979E3
:102C2000EB8803F03002302AD0E901BAD0F810E086
:102C30000AD12949294840F2E2320CF0EAFC40F27C
:102C4000E23125480CF0DCFC03F00602042A08D12E
:102C50002149224840F2E9320CF0DBFC40F2E93134
:102C6000EFE7DA0754BF43F4B01483F4D014DBF871
:102C7000003009FA01FC1CEA030F24F4801208D189
:102C8000154916484FF47F720CF0C3FC4FF47F7166
:102C9000D7E7DEF80030E4074CBF43EA0C0323EA31
:102CA0000C03CEF80030DAF800309847041EFFF627
:102CB00067AF083585E700BFFDB9030002BC03001C
:102CC0004C2603002CBA0300E11003004DBA0300A8
:102CD000E5BB030005000001EE8903001F8A030025
:102CE0002DE9FF410569D0F80480AA6C2B6D0646DA
:102CF000002A35D1002B53D0B8F83840686CEF6CFF
:102D00009C4228BF1C46EB6C53B12A6D42B107F0C0
:102D10006042B2F1005F03D0082C6F6E28BF082418
:102D20006A6CAC651AB1AA6C002A18BF22460192DF
:102D30001BB12B6D002B18BF234600900022694663
:102D400040460393029705F0D9FA184B984229D0D0
:102D50006FF00401304604B0BDE8F0410EF01FBA38
:102D6000696CEF6CB8F838400846ABB1934228BFA5
:102D700013469C4228BF1C460029C4D001F0604382
:102D8000B3F1005FBFD0082C28BF0824286E22466C
:102D90000EF06FFE286EB6E7944228BF1446EBE7AC
:102DA0001946D7E704B0BDE8F08100BF0000AD0BC5
:102DB00010B502780346002A7DD10C69A26D32B9A4
:102DC000606D6FF07301BDE810400EF0E8B9E06C83
:102DD00040B1216D31B1DB6823B1834202D0616E15
:102DE0000EF047FEA36CA26DABB19A4231D9082018
:102DF000F6F7A4FE48B1304B4361304B83610323A7
:102E00000374002343748374C3742D4900234FF467
:102E1000C2520DF0ACF8236DA26DABB19A4231D91C
:102E20000820F6F78BFE48B1234B4361254B8361A5
:102E300003230374002343748374C3742049002361
:102E40004FF4C2520DF093F8606DBDE81040FFF7EB
:102E500047BF9B1AA3647BB9636B08336363A36B9F
:102E6000013BA36304F1480204F1380104F134008A
:102E70000EF014F96064CEE7636C002BCBD01344E2
:102E80006364C8E79B1A23657BB9E36B0833E3638C
:102E9000236C013B236404F1500204F1400104F16E
:102EA0003C000EF0FBF8E064CEE7E36C002BCBD0E7
:102EB0001344E364C8E710BD75BA030046BC0300C1
:102EC0004C26030030BC03002DE9F04F91B000AF59
:102ED000C7E9023243687B608B88046980469804A6
:102EE000894642D44FF0FF324FF0FF3304F1100017
:102EF00007F0BCF8C4F80490D8F804B0D8F810A0D3
:102F0000DBF808303B609AF85D3023B1DAF8003026
:102F1000994500F04A81B9F804C01CF400632BD035
:102F20000820F6F70BFE48B1834B4361834B836166
:102F300003230374002343748374C3748049002300
:102F40004FF4C2520DF013F86FF0850523689B888B
:102F500013F4005304D1636004F1100007F022F869
:102F600028464437BD46BDE8F08FA369002BB9D190
:102F700063689942B6D1BFE71CF0010618D06D46D0
:102F80008AB0D8F800106A466E4850616B48C2E9B2
:102F9000060140F2013111846B4942F8101F684864
:102FA0004FF41151F6F7AAFFAD466FF01505CDE7C6
:102FB0001CF0080513D00820F6F7C0FD40B1634BA4
:102FC00043615E4B83610323037446748674C67445
:102FD0005B4900234FF4C2520CF0C9FFE5E7CCF384
:102FE000451008280ED00820F6F7A8FD0028EFD0DD
:102FF000574B4361514B83610323037445748574BC
:10300000C574E5E7D9F800E0524B9E4505D8F6F7C0
:1030100095FD0028DCD0504BEBE70BF10C060FCEF2
:1030200007F118050FC50FCE0FC53B68734528BFC4
:1030300073469E4696E80300484B9E4585E803008C
:1030400017D2474B9E4514D2464B9E4511D2464B54
:103050009E455DD8454B9E455CD8454B9E455BD80B
:10306000444B9E455AD84449444B454A8E4588BFF7
:1030700013461CF0020FFB620CF0040350D0002B2F
:1030800014BF0323022387F83030CCF3001387F8F2
:103090003130DBF80030D3F80835591C0CD01CF067
:1030A000020F7B6107F114003ED1FFF7EBFC7A6958
:1030B00001239340C0F80C359AF85D302BB1584687
:1030C00005F0BCF800238AF85D3043462D4A07F12D
:1030D0001801584605F074F82B4B984205465FD00E
:1030E0000820F6F72BFD50B1284B4361134BC0E984
:1030F000063504230374002343748374C374104996
:1031000000234FF401520CF032FF6FF004051DE76D
:103110001F4BAEE71F4BACE71F4BAAE71F4BA8E7BF
:10312000003B18BF0123AEE7FFF7ACFC7A6901232F
:103130009340C0F80835BFE797BA03005CBC0300B2
:103140004C260300B5BA030004000001DBBA0300FB
:10315000FEBA030047E8010031BB03000048E80164
:103160000024F40000127A00FF083D007F841E0056
:103170003F420F001FA107008FD0030048E8010065
:1031800090D00300B12D02000000AD0B66BB030020
:1031900000093D0080841E0040420F0020A107006E
:1031A00001238AF85D30CAF80090012384F85C306E
:1031B0007B68196C4A1C17D003F1440000F020F919
:1031C000743011D10620F6F7B9FC38B15B4B43617E
:1031D00002230374002343748374C3745849002387
:1031E0004FF484520CF0C3FEFB68002B7AD163636A
:1031F0000023A36304F1480204F1380104F1340010
:103200000DF04CFFBB686064002B73D1E3630023B7
:10321000236404F1500204F1400104F13C000DF07C
:103220003DFF00252A46E0640121204625630DF07C
:1032300073FF4046FFF754FDA06B2A462B4683429E
:1032400060D10023256C1946A94262D19A422646D4
:1032500038BF1A464FF4FA5303FB02F556F8203BE9
:103260004FF000091B68B5FBF3F54FF4004CC8356F
:10327000494640F2E7304FF47A720023E5FB0C0137
:10328000DDF7BAFD02460B46304606F0EFFE024679
:10329000002845D00820F6F751FC58B1294B43616E
:1032A000294B83610323037480F8119080F81290F6
:1032B00080F81390224900234FF4C2520CF057FEBD
:1032C00000257868A56504F0B9FF84F85D506FF0BB
:1032D000730140460DF063FF304606F027FF6FF0A4
:1032E000730533E6FB681B686363002B80D0FB68C3
:1032F0005B687EE7BB681B68E363002B87D0BB6815
:103300005B6885E7616B01EBC301013349680A44DF
:1033100095E7E06B00EBC10001314068034493E79F
:10332000256B15F1740FCBD0002D3FF40FAE014685
:10333000D8F810000DF0F0FE08E600BF91BB0300C6
:103340004C260300BBBB030010BC030008B5036898
:103350005909024613D0012906D103F01F034FF685
:10336000FF71D940C80712D40A490B4840F2CA324B
:103370000CF04FF9074840F2CA310CF041F94FF018
:10338000FF31D940C907EFD54FF0A04000E0034816
:10339000136008BD059203001F8A0300000300505C
:1033A000F0B587B001238DF8023002238DF8043088
:1033B0006B4403930F4601AB0DF10301002404930A
:1033C00005460291059402F0C7FD0C4B9842064653
:1033D0000FD103AA3946284602F010FCB0420BD0A8
:1033E0009DF80310284602F0AFFD6FF0040007B00F
:1033F000F0BD6FF01200FAE72046F8E70000AD0BD1
:10340000F7B50C4605460DF0B9FF002221460646E9
:10341000284602F0A9FD01A80194FFF797FF019B40
:1034200000EB8302164BD2F800170B4043F00C035D
:10343000C2F800370DF0C4FE07462B689B59B3B1A4
:103440000026214628460DF097FF01A80194FFF7BA
:103450007DFF019B00EB8300094BD0F80027134050
:1034600043F00403C0F80037304603B0F0BD0DF060
:10347000A7FEC01B0628E0D96FF07306E1E700BF86
:10348000F0F8FCFF70B40E49D1E90034D01AC3182B
:1034900044F1000422F07F46C1E90034A6F5001390
:1034A000B3F5400F09D2074B1B681A0A1B069C197B
:1034B000054B42F10005C3E9004570BC08F0A8BD0A
:1034C000C02F0020E8540020C82F00200D4B1868A2
:1034D000010A0006BFF35F8F0B4BD3F804351818B1
:1034E00041F10001B3F5801F0AD2084BD3E9002354
:1034F000904271EB030303D210F1807041F100019F
:10350000704700BFE854002000100140C82F002081
:103510002DE9F7432B4CD4F8043399070BD5D4F895
:10352000043143B1284A0023C4F80431D4F80431EB
:10353000136801331360D4F80433DA0323D5BFF3DF
:103540005B8F224B53E8002F22F0010143E800106B
:103550000028F7D1BFF35B8FD30702D4D4F84031F2
:103560008BB10025C4F84051D4F84031FFF7AEFFCD
:10357000EFF3108272B6164BD3E90267B042B9413D
:1035800004D282F3108803B0BDE8F0834FF0FF3817
:103590004FF0FF39C3E90289D3E900101D604FF4F1
:1035A0008033C4F84833C4F84051D4F8403182F332
:1035B00010880029E7D0009032463B4628468847CD
:1035C000E1E700BF00100140E8540020E054002073
:1035D000B02F00202DE9F84F4B4DBFF35B8F06460F
:1035E0000F4655E8008F28F0010345E80032002A15
:1035F000F7D1BFF35B8F454C4FF48039C4F8089383
:10360000BFF35F8FBFF36F8FFFF760FFB04271EBC7
:10361000070308F0010840D23D4B301A67EB010167
:10362000984271F100014CD23A4BD3E902239F42F8
:1036300008BF96423ED04FF0000CC4F84893C4F83F
:1036400040C126F07F40D4F84031DFF8D8A083464F
:1036500003216FF0020E2BF07F43C4F84035C4F80D
:103660004493D4F80425AEEB02035B4423F07F437C
:1036700053451FD9D4F840315BB1D4F80425131A4F
:1036800023F07F43B3F5000F14D9C4F840C1D4F838
:10369000403101EB020B0131DDE71F4BBFF35B8FC4
:1036A00053E8001F41F0010143E80012002AF7D15E
:1036B000BFF35B8F174B194A1A60C3E902670022F8
:1036C0005A60B8F1000F1CD0BFF35B8F55E8003F84
:1036D00043F0010345E80032002AF7D1BFF35B8FC6
:1036E0004FF48033C4F804330B4BBFF35B8F1B687C
:1036F000BFF35B8FDB0742BF094B4FF40032C3F8C7
:103700000021BDE8F88F00BFE45400200010014004
:1037100001008000B02F0020E0540020853402001A
:1037200000E100E0FDFF7F0070B5194C194BC4F8B3
:103730000833C4F84833184B00254FF0FF304FF0E2
:10374000FF31C4F80855C3E902014FF48033C4F8CF
:103750000433124B02264FF40032C4F804630121F3
:10376000C3F8802111202A46F9F742FB1120F9F70E
:103770000FFB01230A4AA36000212360094813605C
:10378000FFF728FF3046FCF74BFE284670BD00BF10
:103790000010014003000F00B02F002000E100E006
:1037A000E4540020FFFF7F00431C10B50F4C05D0F0
:1037B0008442A8BF0446012CB8BF0124FFF786FE4F
:1037C0000B4AD2E90031C01AB0F5000F074A0AD2FD
:1037D0002044904228BF1046C018BDE8104041F177
:1037E0000001FFF7F7BE1046F6E700BFFFFF7F00BE
:1037F000C02F002008B5FFF769FE024B1B68C01AF6
:1038000008BD00BFC02F002010B5084C0123636025
:103810001120F9F7CBFA064BC4F80833C4F8483343
:10382000044B4FF40032C3F8802110BD001001405A
:1038300003000F0000E100E008B5F6F70BFA0820DE
:10384000F6F77CF948B1094B4361094B83610323C7
:103850000374002343748374C374064900234FF434
:10386000C2520CF084FB0020F9F738FE81BC030043
:1038700096BC03005C2503000B4B0C4A1B7AC2F874
:103880001035042B0DD8DFE803F008030C08030003
:10389000074BA0221A6001207047054B4FF4967227
:1038A000F8E70020704700BFE455002000100040FA
:1038B000F4540020044A0023C2E908339362034A07
:1038C000C2E9083393627047B05500208455002048
:1038D000054B1B68D3F80423920342BF0022C3F8B0
:1038E0004421D3F844317047540B002008B5084BED
:1038F0001B6801221A61DCF721FCDCF719FC01F0DE
:103900001FF80320DCF720FCBDE80840DCF7FEBB15
:10391000540B002038B500280E490F480F4D40F2D7
:10392000044408BF4FF48064DCF7F6FB38B9DCF7D9
:10393000E7FB00F0E9FF2B68C3F8004238BD084BF5
:10394000DB7C002B2B680CBF81222822C3F8482582
:10395000F1E700BF0C0B002008320300540B0020DD
:10396000E4550020EFF31181402383F31288BFF365
:103970006F8F074A936A013B9362536A0133082BA6
:1039800028BF0023536281F31188BFF36F8F704704
:10399000B05500202DE9F843224BDFF898801A78C3
:1039A000012A81460F4630D198F80030C3F3050252
:1039B00003F03F03202B33D81B4B196A53F82130F7
:1039C0001A70194D19492C6A55F824603046013493
:1039D00010F8052B0EF04DF8154B86F80190D3F832
:1039E0004835377103F07F03B37098F80130DB433B
:1039F00003F00103F370AB6A082C28BF00240133E5
:103A00002C62AB620120BDE8F883074A116A52F8C4
:103A10002120597809B91170D3E75B7C1370D0E786
:103A20000020F0E7E4550020845500208F6200203C
:103A3000001000408D6200201FB5174B93F90A005B
:103A40001B7A013BDBB2032B9CBF144AD25C144BA4
:103A5000DB7C4FF0000188BF0522009103F516635F
:103A600003A9DCF77DFB9DF80D00DCF773FB50B17B
:103A70000C490D4840F281320BF0CBFD094840F271
:103A800081310BF0BDFD9DF80C20084BC3F80C25CF
:103A900005B05DF804FB00BFE455002085BD0300C0
:103AA0003C0B0020BCBC03001F8A03000010004038
:103AB000837842781B0443EA022302781343C278D6
:103AC00043EA0253027943EA8253427943EA0263AA
:103AD000827943EA8263C27943EA4273094AC2F8AF
:103AE0001435837A417A1B0443EA0123017A0B439C
:103AF000C17A43EA0163017B43EA4163C2F81835A6
:103B0000704700BF001000401FB504460D22002181
:103B100068460DF0D6FF0A4B00930A4B5B7CE0B27F
:103B2000013B8DF808008DF809008DF80A306846D1
:103B300001238DF80B30FFF7BBFF04B010BD00BFB1
:103B4000000101003C0B00201FB50023CDF8093017
:103B5000CDF80130CDF8053003238DF8023006236F
:103B60008DF800300C4B5B7C013B8DF80A30202334
:103B70008DF80830094B1B7A012293428DF80B20F7
:103B800007D18DF805206846FFF792FF05B05DF874
:103B900004FB042BF5D0F6E73C0B0020E455002095
:103BA000F8B5634B634F644D3C78644E01221A6054
:103BB000634B5A6A53F8221029600CB3012C42D08F
:103BC00001242B685F4D5A78C5F82C255B785E4A36
:103BD000012707FA03F3DBB2C5F83035D37C40F692
:103BE000C41103F516638B426BD9584958484FF4FA
:103BF000E6620BF00EFD55484FF4E6610BF000FD58
:103C0000544B348008781B689847296833780A79C0
:103C1000304662F3010300F8023B11F8052B0DF06A
:103C200028FF484B40F21B12C3F800221022C3F8B1
:103C30000423494BFA891A60484B494A1A60494B98
:103C400002221A70BCE7CA780023338012B1BC7C10
:103C500084F001040B7991F800C030785B0003F028
:103C60000603002A08BF43F00103727822F007021E
:103C700013436CF305003070737011F8052B3A484C
:103C80000DF0F7FE2F4B3549364A74B140F21B1048
:103C9000C3F800023048FC89046031480860022102
:103CA00011701022C3F804238AE740F21310C3F8FE
:103CB00000022E480860012111701022C3F804236D
:103CC0007FE7A3F51663C5F8083502F11403BFF3C7
:103CD0005B8F53E8001F21F0010143E80012002A26
:103CE000F7D1BFF35B8FFFF7A7FE214BC5F8046543
:103CF0000222C3F880213846F9F74AF80020C5F8B7
:103D00000401D5F80431C5F80801D5F80831C5F823
:103D10001001D5F81031C5F80C012146D5F80C3149
:103D200000F024FE2046FFF7F5FD124B9F61F8BD21
:103D3000F8540020E4550020DC550020AF6200203C
:103D4000B0550020001000403C0B0020DDBC0300FB
:103D50001F8A0300EC540020FC540020F054002083
:103D6000E53F0200D1620020B1620020453F020021
:103D700000E100E000400140684620F007018D4668
:103D800019B5144BD3F80423D2060BD5D3F8102160
:103D900042B10022C3F81021D3F810310E4B1B683A
:103DA00003B198470B4CD4F804331B070BD5D4F858
:103DB0000C3143B1084B1B6803B198470023C4F88A
:103DC0000C31D4F80C31F8F795FABDE81940854666
:103DD000704700BF00100040F0540020684620F0FB
:103DE00007018D4631B5194B82B01B680193EFF383
:103DF0001181402383F31288BFF36F8F144B00228D
:103E00001D681A6081F31188BFF36F8F114C23680E
:103E1000ABB1E90703D58DF8002068469847AA079B
:103E200005D501238DF800306846236898476B0755
:103E300005D502238DF80030684623689847F8F7C7
:103E400059FA02B0BDE8314085467047F854002069
:103E500000550020E05500200146C80708B506D5EA
:103E600031480DF0B1F9314B00BAC3F81C058A078F
:103E700006D52F480DF0A8F92C4B00BAC3F8200541
:103E80004B070AD52B4829490DF09EF9C1F82405A6
:103E900029480DF099F9C1F828054FF08053D3F85F
:103EA0003021082A3ED1D3F83431052B3AD8234AA1
:103EB000D35CBBB31C4B224A5B7C052B1B4BD3F85A
:103EC0001C15D3F8200518BF4FF07F424140114226
:103ED00028D1D3F82415D3F82825C1F30720CBB275
:103EE000834214D0C1F30740834210D0B3EB116F6B
:103EF0000DD0D1B28B420AD0C2F307218B4206D03B
:103F0000C2F307418B4202D0B3EB126F0AD1074ACA
:103F1000D2F8743723F0807323F0010343F08073E9
:103F2000C2F8743708BD00BF3C0B002000100040F1
:103F3000400B0020440B0020480B002089BD0300EB
:103F40000000FFFF10B5DCF7F3F8154B154C1B68AC
:103F500001221A6100F0F4FCDCF7D8F800210846D1
:103F600000F070FD104A1148136843F0010313601C
:103F7000A36A3BB90E4B00221A704FF48013C0F8AD
:103F8000003110BDFFF7EEFCA36A002BF2D04FF416
:103F90008013C0F80031BDE81040FFF701BE00BF3C
:103FA000540B0020B05500200055002000E100E037
:103FB000D162002008B5DCF7BBF807490748DCF7F9
:103FC000B1F8074B1A68D2F8003223F4806323F06B
:103FD0000403C2F8003208BD0C0B0020203203009D
:103FE000540B0020F8B501210020244C244D254E0F
:103FF00000F028FD00F0A4FCFFF7DCFF40F21313F3
:10400000C4F800322B680127DF601F4B1A680023B9
:104010000D321946284604F0CDFBF37CB189002B04
:104020000CBF8122282228468A1A0023394604F030
:10403000C1FB2B6840F202220025C3F80022C3F81E
:104040004051D3F84021C3F84451D3F8443100F033
:10405000B7FD00F08FFDC4F80C513078D4F80C3166
:1040600010B90A4B1B689847094BC4F80435094B33
:10407000094A1A60094B03221A70F8BD001000406B
:10408000540B0020E4550020F4540020EC54002090
:104090008D620020F054002005410200D162002012
:1040A00038B50A4C0A4D2368D3F844358133EB60A8
:1040B00000F02AFC07492846DCF72EF820B92368CF
:1040C00040F20442C3F8002238BD00BF540B002068
:1040D000240B00200C0B002008B500F031FCDCF7AD
:1040E00027F80320DCF730F8054B1A68D2F80032C5
:1040F00023F4806323F00403C2F8003208BD00BF3C
:10410000540B002070B500F08DFDDCF717F8DBF7DD
:10411000FDFF4E4B4E4AD3F80C11002943D0D3F883
:104120000034D9073FD54B4C4B4D23684B4E43F0E1
:10413000010323601268EB899B1A494A013313601B
:10414000B36A0BB1FFF70EFC2B78B3B1454B1A786D
:10415000920612D05978444B3C4A9B6AD2F82C05FF
:10416000072BC1F3410108D800F00700FFF712FC4C
:1041700018B1236843F004032360B26A3B4B12B1C9
:104180002A7C012A07D13A4A002111704FF480128B
:10419000C3F8002170BD4FF48012C3F80021BDE8C0
:1041A0007040FFF7FDBC1368314E324D591E11604F
:1041B0007BB92A6801211161274AD2890A4428491A
:1041C0000A6024490A6842F002020A603370274BF1
:1041D000DCE71E4C0023C4F80031D4F8003140F273
:1041E0001B13C4F80032244B1A68244B10781B6848
:1041F0009847234BC4F80435224B234A1A60022304
:104200003370FFF719FCFFF74BFF00F079FC2B68C8
:10421000D3F84421BAB1D4F85035DBB2092BB9D068
:10422000D4F80041002CB5D1FFF756FF00F0A2FCF6
:104230000121204600F09AFB0120FFF76BFB134B96
:1042400001229A61A6E701221A60A3E7001000404C
:10425000FC54002000550020E4550020B0550020FB
:10426000F85400208D6200208455002000E100E019
:10427000D1620020540B0020DC550020EC540020BB
:10428000AF620020F0540020E53F020000400140F2
:1042900038B5214B214C002501201D60F8F786FD23
:1042A0001420F8F783FD0A20F8F780FDD4F80032D7
:1042B000C4F800524FF0FF33C4F80833C4F810516B
:1042C000D4F8103101232361D4F81031002BFBD036
:1042D0000025C4F81051D4F8103100F037FDFFF775
:1042E00005FB0F4804F036FA00F05AFDD4F85036BA
:1042F0000C4823F00103C4F850360B4B1D700B4BD8
:1043000029461D70FFF7D6FA20220DF0DAFB084B84
:104310001D605D6038BD00BFF054002000100040FB
:10432000540B0020BE590020D1620020D262002030
:10433000856200202DE9FF410446002800F0078136
:10434000844F3B780BB1FFF7A3FF834B62681A6081
:10435000824A234604F110059046186859681446AD
:1043600003C40833AB422246F7D1186820607C4B67
:104370007C480024202221461C600DF0A2FB7A4BD1
:104380007A491C605C60FFF777FA98F8003083B1D7
:10439000012B01D1764B0B6098F80920754B012A4F
:1043A00074D0022A07D07AB9C3F83C25C3F8342563
:1043B00008E0714BEFE74FF6FF70C3F83C05C3F818
:1043C00034256E4AC3F838250B6898F811009847D1
:1043D000684B6B484FF0E732C3F81C254FF043326F
:1043E000C3F82025674AC3F82425674AC3F828255F
:1043F000FFF760FA654A002311460133082B40F8A5
:10440000041B01F12501F8D1614962480023013301
:10441000082B40F8041B01F12501F8D100265E4B62
:1044200035460136082E1A601D719D6002F1250285
:1044300003F10C03F5D12022002158480DF041FB77
:10444000574B584A5848019301A9CDE9025504F049
:1044500015F9564B9842044620D100F009FC044659
:10446000002849D03046F5F769FB40B1504B436115
:10447000504B83610323037445748574C5744E499E
:1044800000234FF4C2520BF072FD31E0FF20C3F85D
:104490003C05C3F8342540F2071293E73046F5F7A0
:1044A0004DFB48B1454B4361454B4574C0E906346B
:1044B000042303748574C5743F4900234FF40152EB
:1044C0000BF055FD0820F5F739FB48B13D4B436132
:1044D000384B836103230374002343748374C374D0
:1044E000354900234FF4C2520BF041FD6FF00D042B
:1044F000204604B0BDE8F08100F024FC324B1D4999
:104500005860D1F8502698F8133022F00102134376
:10451000C1F85036012108462246F8F769FC2246C8
:1045200002211420F8F764FC224602210A20F8F741
:104530005FFC0120F8F72CFC1420F8F729FC0A2076
:10454000F8F726FC214B1C7001233B70D0E76FF07D
:104550001504CDE7D2620020E0550020E45500208C
:1045600000550020BE59002085620020EC54002038
:10457000493B020000100040093B020021100100ED
:10458000B0550020E743C323A363E3135D6100201C
:10459000356000208455002024550020045500205B
:1045A00040420F00D1380200540B00200000AD0B38
:1045B00068BD03009EBD03004C25030011BD030030
:1045C0008FBD03003EBD03000C0B0020D162002014
:1045D000024B1878B0FA80F040097047D162002091
:1045E0002DE9F041544B1B78002B00F099800028F6
:1045F00000F09F8003785A1E1F2A00F294804F49D2
:104600000A781AB94A7C9A42C0F08D804C4B9A6A5B
:10461000072A00F28B804278072A00F28A80EFF3A3
:104620001185402282F31288BFF36F8F4A7822BB34
:104630001C6A53F82440024600F1240652F8047B19
:1046400044F8047BB242F9D11278227046783D4C8E
:10465000A25D013202F00302A2551A6A407853F8B3
:104660002220205C10711A6A0132082A28BF002219
:104670001A629A6A01329A623AE0334C0022A446E6
:1046800094F804E0BEF1000F2DD10C2757430CEB3A
:10469000070601245CF807703471C6F808E0044688
:1046A00000F1240E54F8048B47F8048B7445F9D1BB
:1046B00024783C7090F801E0224F17F80E40013446
:1046C00004F0030407F80E400C24624344785CF8BD
:1046D00002203C5D147144781C4850F8242092B9A3
:1046E00040F82460C5E70132082A04F10C04C7D160
:1046F00085F31188BFF36F8F4B780A7C134308D082
:104700000020BDE8F08110469268002AFBD1866047
:10471000AFE70F4B1B78002BF2D1FFF741FAEFE721
:104720006FF00C00EDE76FF07900EAE76FF00B0037
:10473000E7E76FF01500E4E7D2620020E4550020BF
:10474000B05500208562002024550020045500202B
:10475000D162002038B5254B1B78002B3CD00028B7
:104760003DD0234CA36A002B3CD0EFF311854023AE
:1047700083F31288BFF36F8F636A54F823301A787B
:104780000270636A54F823305B784370636A54F8AC
:10479000233093F902308370636A54F823301B7915
:1047A0000371636A54F82330DB78C370636A54F88A
:1047B0002310053005310DF05CF9636A0133082BD5
:1047C00028BF00236362A36A013BA36285F31188BB
:1047D000BFF36F8F002038BD6FF00C00FBE76FF068
:1047E0001500F8E76FF03C00F5E700BFD26200204B
:1047F0008455002038B5124B1B78F3B1EFF31185C7
:10480000402383F31288BFF36F8F0E4A0023C2E95F
:10481000083393620C4A0824013C1371936002F13F
:104820000C02F9D12022214608480DF04AF985F3FF
:104830001188BFF36F8F204638BD6FF00C00FBE787
:10484000D2620020B05500202455002004550020DD
:1048500010B50A4B1B7803F0FF0443B950B1084B65
:1048600002681A600120FFF7F7FA204610BD6FF0CA
:104870000F00FBE76FF01500F8E700BFD1620020E2
:104880003C0B002010B50A4B1B7803F0FF0443B922
:1048900050B1084B02685A600220FFF7DDFA20464B
:1048A00010BD6FF00F00FBE76FF01500F8E700BFD9
:1048B000D16200203C0B002038B5104B1B780C4611
:1048C00003F0FF059BB9A8B1082913D80A46014691
:1048D0000B480DF0CEF80B4AFF231474C4F1080402
:1048E000234104209374FFF7B7FA284638BD6FF0D0
:1048F0000F00FBE76FF01500F8E700BFD162002062
:10490000440B00203C0B0020094B0A491A78D300C5
:1049100003F1804303F5F833C3F810150649C3F8D3
:10492000141501239340054AC2F80435704700BFAF
:10493000D56200201841014000A0004000F0014075
:10494000084B09491B7801229A40DB0003F18043A0
:1049500003F5F833C1F808250022C3F81025C3F881
:1049600014257047D562002000F00140F0B52B4BB4
:104970002B4C1B782B4FDA0014442B4A0025C2F82D
:104980001851D2F81821294A15788000EA00C0B2DF
:1049900002F1804202F5F83200F1804000F58050CB
:1049A000C2F81075C2F81405214A05F5117042F8D5
:1049B0002040204A20481678F20002F1804202F599
:1049C000F8320124C2F8100500F5973000F5847024
:1049D000C2F8140504FA06F604FA05F0304369B18A
:1049E000164A174E1178CA0002F1804202F5F832D9
:1049F0008C40C2F810752043C2F814659B0003F187
:104A0000804303F5F8330122D3F80018AA400A4383
:104A1000C3F80028064BC3F80405F0BDD36200209C
:104A200004F001401841014000400140D6620020DE
:104A300000F00140D462002010110040D562002037
:104A400000A00040F0B5294B294E1878294B1A7860
:104A5000012404FA02F304FA00F51D4300F511776E
:104A6000C3004FEAC20C19BB03F1804303F5F833CE
:104A7000C6F80855C3F81015C3F8141546F82710E2
:104A80000CF1804303F5F833C3F81015C3F814157F
:104A9000194B1B789B0003F1804303F5F833012188
:104AA000D3F80028814022EA0102C3F80028F0BDB3
:104AB000124A127803F1804303F5F8339440002141
:104AC0002C43C6F80845C3F81015C3F814150CF1AB
:104AD000804303F5F83346F82710C3F81015C3F8E0
:104AE0001415D30003F18043CCE700BFD662002049
:104AF00000F00140D4620020D3620020D562002083
:104B0000154B164916480022C3F81821D3F818315E
:104B1000144B1B78DA0002F1804202F5F832C2F839
:104B2000101501F5973101F58471C2F814150E4A7C
:104B30001178CA0002F1804202F5F832C2F810057D
:104B40000A48C2F81405012202FA03F38A4013430B
:104B5000074AC2F804357047004001401011004078
:104B600044A10040D4620020D76200200010004021
:104B700000F001400F4B1A780F4B1B78012101FA0E
:104B800002F09940D200DB00014302F180420B4861
:104B900003F1804302F5F83203F5F833C0F8081545
:104BA0000021C2F81015C2F81415C3F81015C3F887
:104BB00014157047D4620020D762002000F0014035
:104BC000134B14491B781448DA0002F1804202F5B5
:104BD000F832C2F8101501F50F410C31C2F8141566
:104BE0000E4A1178CA0002F1804202F5F832C2F88A
:104BF0001005A0F511403038C2F81405012202FA60
:104C000003F38A401343064AC2F80435704700BFD5
:104C1000D96200200411004040A10040D862002069
:104C200000F001400F4B1A780F4B1B78012101FA5D
:104C300002F09940D200DB00014302F180420B48B0
:104C400003F1804302F5F83203F5F833C0F8081594
:104C50000021C2F81015C2F81415C3F81015C3F8D6
:104C600014157047D9620020D862002000F001407E
:104C700038B52848284D01F033FCA84204463BD102
:104C8000264801F02DFCA842044635D1244801F005
:104C900027FCA84204462FD1224801F021FCA8425B
:104CA000044629D1204801F01BFCA842044623D128
:104CB0001E4801F015FCA84204461DD11C4801F015
:104CC00029FCA042054622D00820F4F737FF50B156
:104CD000184B4361184BC0E90635042303740023C5
:104CE00043748374C374154900234FF401520BF0CD
:104CF0003EF96FF0120038BD0820F4F71FFF0028BE
:104D0000F1D00F4B43610C4BC0E90634E5E70020BE
:104D1000F1E700BFD66200200000AD0BD462002096
:104D2000D5620020D9620020D8620020D76200201E
:104D3000D3620020ABBD03001EBE03004C25030060
:104D4000D1BD030000487047101100400E4B0F49C1
:104D50001B780978012202FA01F102FA03F30B43EE
:104D60000B49097802FA01F10B430A49097802FA62
:104D700001F10B43084909788A401343074A43F07D
:104D80000103C2F808357047D6620020D8620020BF
:104D9000D4620020D5620020D962002000F00140DA
:104DA00038B51E4B187801F0A1FB1D4B9842054603
:104DB0000AD01C491C4840F235120AF02AFC194856
:104DC00040F235110AF01CFC184B187801F08EFBEC
:104DD000A8420446EDD1164B187801F087FBA0429B
:104DE0000546E6D1134B187801F080FBA842044633
:104DF000DFD1114B187801F079FBA0420546D8D1DC
:104E00000E4B187801F072FBA8420446D1D10C4B2E
:104E1000187801F085FBA042CBD138BDD6620020C6
:104E20000000AD0BF9BD03001F8A0300D46200200F
:104E3000D5620020D9620020D8620020D76200200D
:104E4000D3620020BAB100EB8202F0EC017AF4EEFA
:104E5000E70AF1EE10FAB0EE607AB4EEE70A06D493
:104E6000F1EE10FAB4BFB0EE677AB0EE407A82424B
:104E7000A1EC017AE9D170473AB1F0EC017A67EE22
:104E8000807A013AE1EC017AF7D17047DFED3A7AA6
:104E90009FED3A6A3A4A9FED3B7A60EE277A00B579
:104EA000F0EEE77AFDEEE76AF0EE002AF8EEE66A49
:104EB000B0EE081A77EEE67AB5EEC00A67EE867AAB
:104EC000F1EE10FAFCEEE76A16EE903AC3F308032F
:104ED00006EE903A02EB830E03F1800C9EED016A20
:104EE000DEED004AF8EE666ACCF3080C02EB8C03A8
:104EF00077EEE67A93ED014AF1EE646AB0EE465A37
:104F000036EE642A76EEC63A96EEA25A26EE876A06
:104F1000D3ED006AF0EE445AE6EEA25A74EE661A39
:104F200032EE023A71EEA12A36EE844A67EE655AF5
:104F3000D3EE872A27EE455AF0EE433AD4EE073AED
:104F4000E2EE015AA1EE815AE7EEA35AA7EEA25A69
:104F500026EE877AA7EE856AA7EEA57AE7EE866A3F
:104F6000E7EE874AC1ED006A48BFF1EE644AC0ED42
:104F7000004A5DF804FB00BF610B363B00000044B3
:104F800038320300DB0F493CF5EEC00AF1EE10FAAF
:104F900014DC56D4F5EE400AF1EE10FA40F03181FF
:104FA000B5EEC00AF1EE10FA00F3948040F12981C9
:104FB000DFEDA87AC0ED007A00207047C0EE207ABD
:104FC000F7EE006AF5EEC07AF1EE10FA48BFF1EEA6
:104FD000677AF4EEE67A4CBF01230023F1EE10FA73
:104FE0007BDD86EEA77ADFED9C2A9FED9C3ADFED14
:104FF0009C3A9FED9C4ADFED9C4A9FED9C5ADFED69
:105000009C5A9FED9C6ADFED9C6ADFED9C7AA7EECF
:10501000223AE7EE033AA7EE234AE7EE044AA7EE68
:10502000245AE7EE055AA5EE876AE7EE066AE7EE30
:10503000667A002BBED0F1EE677AC0ED007A0020D0
:105040007047B5EEC00AF1EE10FA6BDDC0EE207AC3
:10505000F7EE006AF5EEC07AF1EE10FA48BFF1EE15
:10506000677AF4EEE67A4CBF01230023F1EE10FAE2
:1050700040F39F8086EEA77ADFED772A9FED773A9F
:10508000DFED773A9FED774ADFED774A9FED775A6C
:10509000DFED775A9FED776ADFED776ADFED777A9C
:1050A000A7EE223AE7EE033AA7EE234AE7EE044AD8
:1050B000A7EE245AE7EE055AA7EE256AE7EE066A40
:1050C000E7EE667A0BB1F1EE677A9FED6D7A77EED7
:1050D000877A6FE7DFED697A6CE7DFED5F6A9FED56
:1050E0005F7A9FED5F4ADFED5F4A9FED5F5ADFED2C
:1050F0005F5A9FED5F6AA7EEA67ADFED5E6AA7EEC4
:10510000874A9FED5D7AE7EE844AA7EEA45AE7EE60
:10511000855AA7EEA56AE7EE866AA7EEA67A67EE3D
:10512000877A86E702D4DFED567A43E7C0EE207A2D
:10513000F7EE006AF5EEC07AF1EE10FA48BFF1EE34
:10514000677AF4EEE67A4CBF01230023F1EE10FA01
:105150005ADD86EEA77ADFED402A9FED403ADFED7B
:10516000403A9FED404ADFED404A9FED405ADFED67
:10517000405A9FED406ADFED406ADFED407AA7EECE
:10518000223AE7EE033AA7EE234AE7EE044AA7EEF7
:10519000245AE7EE055AA7EE256AE7EE066AE7EE1F
:1051A000667A0BB1F1EE677A9FED357A77EEC77AC2
:1051B00000E7DFED296A9FED297A9FED294ADFEDAF
:1051C000294A9FED295ADFED295A9FED296AA7EE5A
:1051D000A67ADFED286AA7EE874A9FED277AE7EEE9
:1051E000844AA7EEA45AE7EE855AA7EEA56AE7EE31
:1051F000866AA7EEA67A67EE877A002B3FF465AF42
:1052000061E76FF003007047DFED136A9FED137ADB
:105210009FED134ADFED134A9FED135ADFED135A4A
:105220009FED136AA7EEA67ADFED126AA7EE874A12
:105230009FED117AE7EE844AA7EEA45AE7EE855A6D
:10524000A7EEA56AE7EE866AA7EEA67A67EE877AEA
:10525000A7E700BFDB0FC9BFA59204BDE745093E24
:1052600008B732BEEBFCA9BC3C695D3E435690BB1F
:10527000E565AABEC90CC0B70100803FDB0FC93F7E
:10528000DB0F494019B10139A0EC010AFBD170478D
:105290004FF08053D3F83021082A06D1D3F83431A7
:1052A000052B02D8024AD05C70470020704700BF2F
:1052B00031BE0300024AD2F80034002BFBD0704705
:1052C00000E0014010B54FF08053D3F83021082A98
:1052D0004ED14FF080420021C2F80C11C2F81011DB
:1052E000C2F8381502F54042D3F80414C2F820156C
:1052F000D3F80814C2F82415D3F80C14C2F82815F2
:10530000D3F81014C2F82C15D3F81414C2F83015C1
:10531000D3F81814C2F83415D3F81C14C2F8401589
:10532000D3F82014C2F84415D3F82414C2F8481551
:10533000D3F82814C2F84C15D3F82C14C2F8501521
:10534000D3F83014C2F85415D3F83414C2F86015E9
:10535000D3F83814C2F86415D3F83C14C2F86815B1
:10536000D3F84014C2F86C15D3F84434C2F8703541
:10537000FFF78EFF18B1414B414AC3F88C26FFF767
:1053800087FF18B13F4BFB22C3F81825FFF780FFBA
:1053900070B14FF080414FF08053D1F8E42ED3F834
:1053A000583222F00F0203F00F031343C1F8E43E1A
:1053B000FFF76EFF20B1344B4FF40072C3F8402664
:1053C0004FF08053D3F83031082B09D14FF0804390
:1053D000D3F80024D20744BF6FF00102C3F80024C1
:1053E0002A4AD2F8883043F47003C2F88830BFF3F9
:1053F0004F8FBFF36F8F4FF08053D3F83021082ABF
:105400000ED1D3F83431052B02D8214AD35C3BB1FD
:105410004FF01023D3F808224FF08043C3F85825EB
:105420004FF01023D3F80022002A03DBD3F8043214
:10543000002B22DA174901234FF01020C1F8043560
:105440001224FFF737FFC0F80042FFF733FFC0F820
:105450000442FFF72FFF0023C1F80435FFF72AFFAE
:10546000BFF34F8F09490C4BCA6802F4E062134343
:10547000CB60BFF34F8F00BFFDE710BD0050004071
:105480004881030000F000400090024000ED00E081
:105490002BBE030000E001400400FA0530B50468AB
:1054A000CCB1BFF35B8FB4FA84F3C3F11F03DBB25B
:1054B00001229A4024EA020250E8005FA54204D18A
:1054C00040E8002CBCF1000FF6D1BFF35B8FE6D1B2
:1054D00002480B7030BD0248FCE700BF0000AD0B76
:1054E0000200AD0B10B50368CB40DB0714D40123D9
:1054F0008B400268BFF35B8F43EA020150E8004F24
:10550000944204D140E8001CBCF1000FF6D1BFF377
:105510005B8FEED1014810BD0148FCE70000AD0BE8
:105520000400AD0B2DE9F0471F4600F06043B3F1D6
:10553000005F164608D017491748DC220AF069F8C0
:10554000DC2114480AF05CF831B912491248DD2216
:105550000AF05FF8DD21F4E700F160404C1E0444DE
:10556000DFF83880050B240BFF234FF0010AA5421A
:1055700001D9BDE8F08718F80510994201F00F0035
:10558000894604D0090932460AFA01F1B8470135C3
:105590004B46ECE737BE03001F8A030073BE0300CF
:1055A000014BFFF7BFBF00BF0D120300014BC3F853
:1055B0000405704700F00140F7B5044660B10128CA
:1055C00030D0364936484FF486720AF022F8334814
:1055D0004FF486710AF014F80C224FF48273022102
:1055E0004FF0804003440244C0F808130026012114
:1055F00011601E608C421B688DF8071008BF0DF10A
:10560000070642F210754FF080478CB3012C14D07E
:105610002449234840F2EE4209F0FBFF214840F2C2
:10562000EE41D7E704224FF480730146D8E783B1F7
:1056300001200BF0E9FD013D26D0D7F80C3403F42E
:105640008033002EF3D0D7F80C2402F00102327020
:10565000E3B9154B00225A7116E00BF0D5FD013D60
:10566000D3D111E083B101200BF0CEFD013D0BD071
:10567000D7F8183403F48033002EF3D0D7F8182469
:1056800002F0030232600BB903B0F0BD9DF80700D1
:105690000128E2D0012CF7D1DBE700BFB3BE030045
:1056A0001F8A0300F0BE0300F8550020044B1A794E
:1056B00022B9012218609A80024870470248704758
:1056C000F85500200000AD0B0C00AD0B08B50F4BDA
:1056D0001A7952B90E490F484FF4B67209F099FF82
:1056E0000B484FF4B67109F08BFF1B682BB10020FB
:1056F000F7F770FB08B9F7F74BFB4FF08043002238
:10570000C3F81825044B01221A7008BDF855002073
:10571000B3BE03001F8A0300DA62002038B5314CA3
:10572000237953B93049314840F2C11209F071FF71
:1057300040F2C1112C4809F063FF50B1012846D056
:1057400029492A4840F21D2209F063FF40F21D2139
:10575000F0E74FF08043D3F81814D3F81824CD03A2
:105760001DD5900702D00020FFF726FF4FF08043A1
:105770000022C3F81825022008224FF4827303F197
:1057800080430021196002F180421D6801251560E7
:10579000226802B34FF08043C3F804030CE0D3F84F
:1057A0001424D107E2D5D3F81C249207DBD1226858
:1057B0001AB10222C3F8042338BDD3F80421002A09
:1057C000FBD00022C3F80421D3F80431F4E700220F
:1057D0004FF48073D3E71A68002AFCD019601B6865
:1057E000EAE700BFF8550020B3BE03001F8A03009C
:1057F00008B5094B1B7953B90849094840F23722CB
:1058000009F007FF054840F2372109F0F9FEBDE82D
:105810000840FFF7D1BE00BFF8550020B3BE03001B
:105820001F8A0300F8B54FF080431B4DD3F80443A3
:105830000126002704B9F8BDB4FA84F0C0F11F00B6
:10584000830003F580739BB203F1804306FA00F2F4
:10585000196892B224EA02040029EBD01F601B6889
:105860004FF08043012AC3F808230CD0022A0ED03F
:105870000A490B484FF46F7209F0CBFE07484FF40A
:105880006F7109F0BDFE6B79002BD3D16A712B6863
:10589000C0B29847CEE700BFF8550020B3BE030062
:1058A0001F8A0300034A430900F01F00D35C184419
:1058B000C0B2704797BF030008B5026801461046A2
:1058C0000BF0BBFC50B91049104840F2CA3209F045
:1058D000A0FE40F2CA310C4809F092FE02F01F030C
:1058E00052090B600AD0012A0BD00749074840F241
:1058F000D33209F08EFE40F2D331ECE74FF0A040F6
:1059000008BD0348FCE700BF059203001F8A03009F
:1059100000030050072808B50AD90749074840F294
:10592000D13209F076FE044840F2D13109F068FE28
:10593000800000F5807008BD24BF03001F8A0300AB
:1059400070B50546FFF7AEFF0C4C08300E4634F834
:105950001030DA0508D5C3F3432304EBC30228460D
:1059600054F8333052689847A3682BB1E268314647
:105970002846BDE87040184770BD00BF00560020A3
:1059800008B5FFF78FFF034B083033F81000400BCA
:1059900008BD00BF0056002008B5FFF783FF034B8A
:1059A000083033F81000C0F3400008BD0056002056
:1059B00008B5FFF777FF044B083033F8100010F0FC
:1059C0001C0018BF012008BD0056002008B5FFF7D5
:1059D00069FF034B083033F81000C0F3401008BDD6
:1059E00000560020034611F0010010B5CCB20DD1D5
:1059F000A207C4F3400012D5094AD2F82005586026
:105A0000C2F82005003818BF012008E04FF0A0417F
:105A1000D1F820251A60C1F82025002AE8D010BD51
:105A20000003005010B5FFF73DFF184A083032F868
:105A30001030D9051DD5C3F3432123F4F85322F8C0
:105A4000103002F10E04002034F8023F13F4807F7E
:105A500003D0C3F3432399420BD001303028F3D154
:105A600000230B4842F83130FFF73CFD094B9842C8
:105A700000D110BD0849094840F2EB1209F0C9FDF8
:105A8000054840F2EB1109F0BBFD00BF00560020B5
:105A9000785600200000AD0B59BF03001F8A030099
:105AA00008B501460BF0C9FB50B91949194840F235
:105AB0001E2209F0AEFD40F21E21154809F0A0FD9E
:105AC0000846FFF769FF40B11149124840F21F2212
:105AD00009F09FFD40F21F21EFE70846FFF768FF3E
:105AE00040B90B490B484FF4087209F092FD4FF48E
:105AF0000871E2E70846FFF769FF30B10846FFF793
:105B00003FFFBDE80840FFF705BF4FF4BE7008BD7A
:105B100059BF03001F8A03002DE9F84300240746FC
:105B2000CEB225464FF00108A146B4420DD1124B2A
:105B3000D3F87C2132B10022C3F87C21D3F87C3128
:105B400045F000452846BDE8F8832046FFF7E2FE11
:105B5000A0F58072920808FA02F2174209D000F10B
:105B6000804303F5C043196819B1C3F800901B685E
:105B700015430134E4B2D8E700600040F7B50646AB
:105B80000846FFF78FFE194F00F108050C4637F85D
:105B90001530DB0727D530460BF0C8FB2046FFF752
:105BA00015FF40B12046FFF7EBFE316800F5A2700B
:105BB000002341F820302046FFF734FF002301A8DE
:105BC00027F815300194FFF777FE019B00EB830067
:105BD000074BD0F80027134043F00203C0F800370A
:105BE000044803B0F0BD0448FBE700BF00560020A6
:105BF000F0F8FCFF0000AD0B0400AD0B2DE9FF41F8
:105C0000164607460846FFF74DFED6F800800D46BB
:105C10000446B8F1000F1CD008460BF07CFB10BB0B
:105C2000CDE900008DF80E008DF80F0043460DF110
:105C30000F020DF10E0128460BF011FB494A04F149
:105C4000080132F8113023F0020343F0010322F877
:105C50001130736873B3284693F800805968FFF7D2
:105C60009BFE10B1D9B1404827E03E4A04F1080C30
:105C700032F81C3023F02003DB04DB0C22F81C304C
:105C800069B1B8F1030FEED87168386849680978CE
:105C9000B8F1000F14D101F5A27140F82180314A0A
:105CA00004F1080132F8113023F01C0343EA8803A1
:105CB00022F81130B36863BB2C4804B0BDE8F08112
:105CC00000EB810043EA4133D0F810E52EF0030EDB
:105CD000C0F810E53F6807EB810743F02003D7F8D1
:105CE000100522F81C3020F44F3020F44070C7F823
:105CF00010052802D7F810E500F47C5040EA08406F
:105D000040EA0E00C7F8100502EB4100A0F87C50F5
:105D1000C5E7D3E900672846FFF784FE002ECBD005
:105D2000104DD5E90023964203D19F4201D10022B4
:105D300009E00F480DF10F01FFF7B0FB0B4B984244
:105D4000BBD19DF80F2045F8326005EBC203083443
:105D50005F6035F8143043EA422343F4807325F83A
:105D60001430A9E7005600200400AD0B0000AD0B75
:105D7000785600202DE9FF410C468046204611460A
:105D80001E46FFF78FFD054621B32046FFF704FEB0
:105D900018B92046FFF71AFE10BB2046FFF708FE91
:105DA00010B14B78012B1BD001238DF80F3000234D
:105DB000CDE900134A1C8B1C20460DF10F010BF09E
:105DC0004EFA274A05F1080132F8113043F0030377
:105DD00022F81130002E41D02046FFF7DDFD18B922
:105DE000204804B0BDE8F08196F800C0D8F8003033
:105DF0001B4F0CF5A272002143F8221005F1080296
:105E000037F8121021F02001C904C90C27F812102C
:105E100075781DB3D8F80000B67800EB8C002D041F
:105E2000D0F8103523F4991323F4F853C0F8103543
:105E3000230203F47C5305F440353605D0F810E511
:105E40002B4306F4801641EA4C31334341F02001E4
:105E500043EA0E0327F81210C0F810350248C0E7D5
:105E6000005600200400AD0B0000AD0B014BC3E950
:105E7000021270470056002010B5144652B90E4960
:105E80000E4840F24D3209F0C4FB0B4840F24D3150
:105E900009F0B6FB0846FFF799FD50B10846FFF739
:105EA00001FD074B083033F8103006485B0B2370B8
:105EB00010BD0548FCE700BF59BF03001F8A03005F
:105EC000005600200000AD0B0400AD0BF8B5164ED7
:105ED00096F88C4005462CBB6022214606F1100046
:105EE0000BF0EFFD2D682746E0B2FFF713FDA0F59C
:105EF00080739B081F2B08BF2F5004F1010408BFBB
:105F00002B58082CF0D10023C5F87C3145F307301D
:105F1000D5F87C31F6F73CFF0123044886F88C3035
:105F2000B367F8BD0248FCE7005600200000AD0B47
:105F30000C00AD0B034B93F88C00003818BF012008
:105F4000704700BF005600200079024B03EB800031
:105F5000FFF7C8BA5C0B00200079024B03EB80000E
:105F6000FFF79CBA5C0B00202DE9F341054608467B
:105F70000C461646FFF71CFD50B93249324840F234
:105F8000534209F046FB40F253412E4809F038FBDA
:105F90000846FFF71BFD2F6800B30846FFF7FCFC1F
:105FA0008046D8B90846FFF7EBFC0446FFF7B2FC81
:105FB00047F800803B582B6822B203EB8203D3F8EA
:105FC000102542F00102C3F8102526B12A680123EA
:105FD000A340C2F8043302B0BDE8F081D7F804331F
:105FE000002BA4BF4FF00043C7F8043346B915494E
:105FF000154840F26D4209F00CFB40F26D41C4E7D8
:106000002046FFF74FFC114B083033F81030C3F334
:106010008203042B12D0052B12D001A80194FFF7A4
:106020004BFC019BD0F81015D94001F00101023161
:10603000204602B0BDE8F0410BF05EB90321F7E75E
:106040000221F5E759BF03001F8A03000056002014
:106050002DE9F04F654BD3F80403C0B287B0082197
:1060600040F00040FFF758FD051E2BDA0023032106
:1060700004A8CDE90433FFF7B5FCDFF880A10DF1EA
:1060800010084FF000094FF0010B1AF8013B584976
:10609000DA0803F007038A5C22FA03F3DA071CD458
:1060A00008F10408B9F1000F14D000214FF00040AE
:1060B000FFF732FD032104A8FFF794FC0028DCD190
:1060C00025F00045494E4B4F0124002D78D107B0F3
:1060D000BDE8F08F4FF00109D7E7474B4B440093E1
:1060E000D8F800100029DBD0009B91FAA1F11C78B0
:1060F000B1FA81F141EA44142046FFF7D3FB3D4B4E
:106100000394083033F81070C80801F0070118F83C
:1061100000200BFA01F122EA0102BB0808F8002076
:1061200003A80193FFF7C8FB039A019B02F5E072F5
:10613000C7F3820650F822205B073746C2F30142BC
:1061400023D539462046D6B2FFF7FAFB03A80394BD
:10615000FFF7B2FB039B03F5E07350F82330C3F362
:1061600001439E4207D1002120460BF0C5F831467D
:1061700020460BF0C1F803A80394FFF79DFB039B97
:106180000BFA03F3C0F82035AAE7022A0CD1032149
:1061900020460BF0B1F806F00503012BEBD1394690
:1061A0002046FFF7CDFBE6E70221204601920BF0E7
:1061B000A3F8032EF3D0019A032ADCD1022EEDE7D7
:1061C00095FAA5F3B3FA83F304FA03F225EA02057C
:1061D00003F5A27207EB430356F82210B3F87C00D4
:1061E000C1F30141FFF7ACFB6FE700BF0060004067
:1061F000403A030000560020A7BF0300A7BF0300DA
:10620000044AD2F80034DB07FBD50160BFF35F8F8F
:10621000704700BF00E0014008B54FF080531A6995
:1062200059694A43904207D21A69B0FBF2F302FB64
:10623000130363B10D4818E00D490E4840F20712F0
:1062400009F0E7F90A4840F2071109F0D9F90A4BB9
:106250000222C3F80425C3F80805D3F80024D207A6
:10626000FBD500220548C3F8042508BD0A00AD0B84
:10627000A9BF03001F8A030000E001400000AD0B2E
:10628000F8B50D46012104460BF07BF850B91149D1
:10629000114840F2951209F0BCF940F295110D48F1
:1062A00009F0AEF914F0030708D00A490A484FF480
:1062B000CB7209F0AEF94FF4CB71F0E7074E012332
:1062C000C6F8043529462046FFF79AFFC6F804753C
:1062D000F8BD00BFA9BF03001F8A030000E0014012
:1062E00010B540B91C491D48752209F092F91A48A9
:1062F000752109F085F91A4C237853BB0278C2F353
:106300004003920712D54FF08053D3F83021082A6A
:106310000BD1D3F83431052B07D8124AD35C23B103
:106320004FF080430122C3F8382601234FF080420A
:10633000C2F88035037803F00103C2F878350020F5
:10634000F6F748FD08B9F6F723FD01230648237048
:1063500010BD0648FCE700BFE5BF03001F8A03002D
:10636000DB62002022C003000000AD0B0C00AD0B6F
:106370004FF080434FF46072C3F80823014B0022B2
:106380001A6070479056002008B550B9084909486E
:106390004FF4A47209F03DF905484FF4A47109F0D7
:1063A0002FF9FFF7E5FF03680BB1034A136008BD3F
:1063B000E5BF03001F8A03009056002010B54FF080
:1063C0008043D3F80443620713D54FF484700AF076
:1063D000FAFF70B13D4B1B6853B93D493D484FF43E
:1063E000BA7209F016F94FF4BA71394809F008F990
:1063F0009847A30612D54FF48A700AF0E4FF68B1FB
:10640000354B1B6843B93249324840F27D1209F0DE
:1064100000F940F27D11E8E700209847600612D5A8
:106420004FF48C700AF0CFFF68B12B4B1B6843B957
:10643000274928484FF4C27209F0EBF84FF4C271B3
:10644000D3E701209847210612D54FF48E700AF049
:10645000BAFF68B1214B1B6843B91D491D4840F282
:106460008D1209F0D6F840F28D11BEE70020984752
:10647000E20512D54FF490700AF0A5FF68B1174BF2
:106480001B6843B9124913484FF4CA7209F0C1F8A6
:106490004FF4CA71A9E701209847A30514D54FF41A
:1064A00092700AF090FF78B10C4B1B6843B9084911
:1064B000084840F29B1209F0ACF840F29B1194E7B7
:1064C000BDE810400220184710BD00BF98560020BC
:1064D000E5BF03001F8A0300945600209056002059
:1064E00001460148FEF7DABF640B00200123834018
:1064F000C3F3120201462AB1034A0448C2F8083520
:10650000FEF7F0BF0248704700F00140640B002026
:106510000400AD0B01460148FEF7C0BF600B002030
:10652000C30003F1804303F5F833012201465A60AA
:106530000148FEF7D7BF00BF600B002010B552B96D
:1065400029492A4840F2513209F063F840F25131AA
:10655000254809F055F8136843B92349234840F208
:106560005E3209F056F840F25E31F1E700EB41147B
:10657000C4F82035938843B91B491C4840F26B325C
:1065800009F047F840F26B31E2E713F4004F08D00E
:10659000154916484FF45C7209F03BF84FF45C71F2
:1065A000D6E7C4F824359368B3F1807F08D30E4949
:1065B0000E4840F27A3209F02CF840F27A31C7E7FF
:1065C00000EB4110C0F82835D368B3F1807F08D3C1
:1065D0000549064840F2833209F01BF840F2833146
:1065E000B6E7C0F82C3510BD28C003001F8A030091
:1065F00008B503685909024613D0012906D103F0F2
:106600001F034FF6FF71D940C80712D40A490B483F
:1066100040F2CA3208F0FDFF074840F2CA3108F0E4
:10662000EFFF4FF0FF31D940C907EFD54FF0A04041
:1066300000E00348136008BD059203001F8A0300B1
:106640000003005070B505790A4C14236B43E6181B
:10665000E35833B9006802210AF0E7FE08B10123CC
:106660003372142303FB0544207A023818BF01203B
:1066700070BD00BF9C5600202DE9F74F0B7F0546EB
:106680000C4673BBDFF8F8A00E1F01F1100701F1F3
:106690000C094FF0010856F804BFBBF1FF3F1CD0B6
:1066A0003B78CDF804B001A8002B3ED0FFF7A0FF47
:1066B000019B08FA03F3C0F8083501A8CDF804B02F
:1066C000FFF796FF019B00EB8300D0F8003703EA49
:1066D0000A0343F00303C0F80037B14507F101078F
:1066E000D9D194F81DC0218B677DA67DA27EE07E66
:1066F0002B68BCF1000F0BD1D4E9008ED4E902C4A1
:10670000C3F86085C3F864E5C3F868C5C3F86C4591
:106710000C0412D51849194840F2463208F079FFA6
:10672000154840F2463108F06BFFFFF761FF019B0F
:1067300008FA03F3C0F80C35BFE742EA0022C3F8B9
:106740000C75C3F80465C3F80815C3F8102528684C
:106750000023C0F81031D0F81021C0F80831D0F86B
:106760000821C0F80C31D0F80C3140F3073003B0E9
:10677000BDE8F04FF6F70CBB28C003001F8A0300EA
:10678000F0F8FCFF2DE9F04190F804800D4C142640
:1067900006FB08F6A71997F808C0BCF1000F0ED148
:1067A000A2517B6019B10B7F3B74FFF765FF142387
:1067B00003FB0844044801232372BDE8F081034829
:1067C000FBE700BF9C5600200000AD0B0C00AD0B9A
:1067D0002DE9F0411F46037904462B4803EB83065D
:1067E0001546142200EB860602FB03008846037A56
:1067F00053B92649264840F2671208F00AFF40F2D2
:106800006711224808F0FCFE45B9204920484FF4A2
:10681000B47208F0FEFE4FF4B471F2E70B6803F0B7
:106820006043B3F1005F08D01849194840F269127B
:1068300008F0EFFE40F26911E3E70A462068002104
:10684000FFF77CFE424620680121FFF777FE2268B1
:1068500005F0010303EB5505C2F81455FA0710D4EF
:1068600017F0020203D0002B14BF08220422216873
:10687000C1F8002220463A463146BDE8F0410AF010
:10688000FEBD1022F3E700BF9C5600205AC0030053
:106890001F8A030070B5174D0679142303FB0653B6
:1068A00004461B7A53B91449144840F2BF1208F049
:1068B000B0FE114840F2BF1108F0A2FE03680022AA
:1068C000C3F80022036801225A6069B12046FFF72D
:1068D000B9FE0028FAD023680022C3F8002514234B
:1068E00003FB065501232B722046BDE87040FFF7DD
:1068F000A9BE00BF9C5600205AC003001F8A030097
:1069000008B50B4B0279142101FB02331B7A53B9F2
:106910000849094840F2DD1208F07BFE054840F2C4
:10692000DD1108F06DFEBDE80840FFF78BBE00BF2B
:106930009C5600205AC003001F8A030010B5B221E4
:106940001A480AF072FDC106044608D5184BDA68E9
:10695000520704D51A6812B1596801209047A00661
:1069600008D5134BDA68110704D51A6812B15968B3
:1069700002209047220608D50D4BD86810F0100071
:1069800003D11A680AB159689047A3070DD5074B80
:106990000022C3F80025064B01221A721A6822B1A0
:1069A000BDE8104059680320104710BD00C00140E9
:1069B0009C56002070B5104D6C6B9CB14FF47A73EF
:1069C0005C430A23B4FBF3F40C4ED6F8003163B9F0
:1069D00095F839304BB90A200AF016FC013CF4D185
:1069E000074870BD4CF25034EEE795F83930002B73
:1069F000F6D10448F5E700BFB056002000900240F1
:106A00000700AD0B0000AD0B094B10B500220124AF
:106A1000C3F80045C3F800211C6038B1FFF7CAFF76
:106A2000044B984203D1044B83F83840014810BD11
:106A3000009002400000AD0BB056002070B53C4CF9
:106A400094F8305045B93B493B487F2208F0E1FDBE
:106A50007F21384808F0D4FD30B9364936488022C5
:106A600008F0D7FD8021F4E700F06046B6F1005F42
:106A70005AD1860758D1012D05D09D4256D194F8A0
:106A80003850002D52D02D4D022B0BBFC5F81025CC
:106A9000C5F80425C5F81405C5F808050CBFC5F8E8
:106AA0001815C5F80C154FF0000684F839602668F3
:106AB0000CBF08250425BEB994F838306BB11F4BC4
:106AC00005F1804505F524350022C3F80021012396
:106AD0002B60BDE87040FFF76DBF0120FFF794FF0A
:106AE000174B9842EBD170BDA66826B1E06061619A
:106AF000E2611448F7E7A261104A84F830300123BC
:106B0000A0602161C2F80061C2F8043394F8382013
:106B100002F0FF0012B9FFF777FFEAE705F18045C1
:106B200005F524352B60E4E70748DCE70748DAE79A
:106B3000B056002095C003001F8A03000090024059
:106B40000700AD0B0000AD0B0A00AD0B0B00AD0B49
:106B5000084B9A685A621A699A629A69DA62DA6824
:106B60009A6032B15A691A61DA699A610022DA6070
:106B700070477047B056002008B543090CD0012B70
:106B80001ED01449144840F2CA3208F042FD1148A0
:106B900040F2CA3108F034FD4FF0FF33C340DA074A
:106BA000EFD54FF0A04202EB80020C4BD2F8000769
:106BB000034043EA012343F00203C2F8003708BD53
:106BC00000F01F004FF6FF73C340DB07D9D5044A1E
:106BD000E9E700BF059203001F8A0300F0F8FCFFFD
:106BE0000003005010B50E4B0238D3F83C26D3F802
:106BF0003836072813D8DFE800F0110F0D0B0A080C
:106C00000604100EC871100C8871100A48710A71C0
:106C10001A0ECA701A0C8A701A0A4A700B7010BDCC
:106C200000900240023807281FD8DFE800F029272B
:106C3000251123211F04CB791B068A7943EA0243DD
:106C40004A7943EA02230A7913430E4AC2F83C36D2
:106C5000CB781B068A7843EA02434A7843EA022348
:106C60000A781343074AC2F8383670470023E4E72E
:106C70000023E5E70023E6E70023EBE70023ECE74A
:106C80000023EDE7009002400268154BFF2A08BF81
:106C90004FF0FF32C3F824254268FF2A08BF4FF0A7
:106CA000FF32C3F828258268FF2A08BF4FF0FF3261
:106CB000C3F83025C268FF2A08BF4FF0FF32C3F87F
:106CC00034250269FF2A08BF4FF0FF32C3F8382588
:106CD0004269FF2A08BF4FF0FF32C3F83C257047D6
:106CE000009002400A4B002283F83820094B012112
:106CF0004FF08050C3F808131961D0F8300108280C
:106D000008BF5965C3F80025C3F80021704700BFCC
:106D1000B05600200090024030B5194D0FCD8DB017
:106D200006AC0FC495E8030084E803001549D1F8C8
:106D30002435DBB20093D1F82835DBB20193D1F8CA
:106D40003035DBB20293D1F83435DBB20393D1F89E
:106D50003835DBB20493D1F83C3506A8DBB2059395
:106D6000FFF792FF0023C1F8003101230B60D1F837
:106D70000031002BFBD06846FFF786FF0DB030BD19
:106D8000342703000090024070B590F82930044683
:106D900013B190F82A206ABB6068FF2864D0A2680B
:106DA000FF2A61D0E268FF2A5ED02269FF2A5BD009
:106DB000D3B90321FFF7E0FEA0680321FFF7DCFE53
:106DC000E0680321FFF7D8FE20690321FFF7D4FE16
:106DD0006069FF2802D00321FFF7CEFEA069FF28DB
:106DE00002D00321FFF7C8FE94F82A3013B9201D02
:106DF000FFF74AFF1D4E636A73631D4D94F82930F7
:106E000086F83A300123C5F80833FFF785FF236879
:106E1000C5F84035A37F617F227F9B0143EAC10310
:106E20001343E27F43EAC213C5F84435D5F8002680
:106E300094F8203022F07F4222F0FF02134394F8AE
:106E4000212043EA026394F8222043EA426394F843
:106E5000232043EA0273C5F80036336813B12920B2
:106E6000F5F796FF034870BD0348FCE7B0560020D5
:106E7000009002400000AD0B0400AD0B38B550B9D6
:106E80000F4910484FF4DB7208F0C3FB0C484FF475
:106E9000DB7108F0B5FB0C4C94F8305075B9C4E9BF
:106EA0000012FFF771FF094B984206D1C4E9025561
:106EB000012384F8303084F8385038BD0448FCE7AA
:106EC00095C003001F8A0300B05600200000AD0BE0
:106ED0000C00AD0B2DE9F843DFF8D490074699F884
:106EE00030008846144650B92B492C484FF40172A3
:106EF00008F08FFB4FF40171274808F081FB01284F
:106F000048D199F83830264E7BB3264D0123C5F879
:106F10000833FFF701FFB8F1000F2DD14FF0000843
:106F200089F83980C5F80081BB787A781B0343EA79
:106F300002233A781343FA7843EA42333A7943EA30
:106F400082337A7943EAC233C5F83436FFF732FD2B
:106F5000B04216D13B7963B90F49104840F236224E
:106F600008F057FB40F23621C6E7FFF74DFDB0426F
:106F7000CBD10B48BDE8F88378784146FFF752FE45
:106F8000CCE7C5F800811CB178782146FFF72AFECE
:106F90000548EFE70548EDE795C003001F8A0300A9
:106FA0000700AD0B009002400000AD0B0B00AD0BD5
:106FB000B05600201FB5144B93F8303053B9134925
:106FC00013484FF4337208F024FB10484FF4337128
:106FD00008F016FB0F4A02920DF10702002311463A
:106FE00002A88DF80730ADF80C30FFF773FF0A4B9D
:106FF000984206D19DF8073013F0010F074B18BFD8
:10700000184605B05DF804FBB056002095C003009B
:107010001F8A0300050200010000AD0B0B00AD0B41
:107020002DE9F843214E96F8303053B920492148D4
:107030004FF43B7208F0EDFA1D484FF43B7108F035
:10704000DFFA2920F5F7B2FEFFF74CFE96F83A304A
:1070500033BB194BD3F82405D3F82895D3F83085E2
:10706000D3F83475D3F83855D3F83C45C0B20AF09C
:107070002AFA5FFA89F00AF026FA5FFA88F00AF035
:1070800022FAEDB2F8B20AF01EFAFF2DE4B202D0F5
:1070900028460AF018FAFF2C02D020460AF013FA0C
:1070A000002386F83030BDE8F88300BFB0560020DA
:1070B00095C003001F8A03000090024008B50C4BE6
:1070C00093F8302052B90B490B484FF43F7208F047
:1070D000A0FA08484FF43F7108F092FA93F838305C
:1070E0001BB9BDE80840FFF78FBC044808BD00BFCE
:1070F000B056002095C003001F8A03000C00AD0BA2
:1071000008B50B4B93F8303053B90A490A484FF48D
:10711000427208F07EFA07484FF4427108F070FAA4
:10712000012B03D1FFF7DEFD044808BD0448FCE74E
:10713000B056002095C003001F8A03000000AD0B6D
:107140000B00AD0B034B93F83000003818BF012043
:10715000704700BFB056002038B5264B93F830403A
:1071600054B92549254840F2313208F052FA2248F4
:1071700040F2313108F044FA11F0030536D11A68B3
:10718000C2B1012C34D11E4AC2F81C150421C2F828
:10719000200583F8395083F83010C2F80051C2F846
:1071A000044393F8383003F0FF00EBB9FFF72CFCF1
:1071B000144818E0124CC4F81C15C4F8200583F8D4
:1071C000392093F8383043B10023C4F8003101234B
:1071D000E360BDE83840FFF7EDBB0120FFF714FC8A
:1071E000094B9842F0D138BDD460E1E70748FAE78F
:1071F0000748F8E7B056002095C003001F8A030037
:10720000009002400000AD0B0700AD0B0A00AD0B73
:107210000B00AD0B08B50A4B93F8303053B9094950
:1072200009484FF4597208F0F4F906484FF45971BF
:1072300008F0E6F9BDE8084000210220FFF78CBF06
:10724000B056002095C003001F8A030010B5224BE2
:10725000D3F8002192B1214C0022C3F8002194F808
:10726000381094F8302071B90121032A84F83810BD
:1072700005D0042A05D0022A00D1996010BD5960BA
:10728000FCE7D960FAE7032A19D0042A19D0022AA8
:1072900004D1012384F82030FFF75AFCA36813B906
:1072A000012384F8303094F8393003F0FF0013B92B
:1072B000D4E900319847002384F82030DEE7022328
:1072C000E8E7032284F82020D3F81C256262D3F873
:1072D000203584F82830E1E700900240B0560020C5
:1072E000054B93F82E00431E012B03D9043818BF19
:1072F0000120704700207047EC56002010B5164A58
:1073000016490020C2F8000591F82F40D2F8043346
:1073100081F82E400C6823F033030CB143F02303B3
:10732000C2F81C01D2F81C41C2F81801D2F8184169
:10733000C2F80801D2F8082191F83320D00791F85B
:10734000342048BF43F08003D207034A48BF43F0CC
:107350004003C2F8003310BD00700040EC5600201E
:1073600070B50D4A002392F8301001251E4618B959
:107370000BB182F8301070BD90FAA0F3B3FA83F32A
:1073800005FA03F40C3302EB430320EA0400DE8029
:1073900021EA04010123EAE7EC56002038B540B9A0
:1073A00013491448812208F034F98121104808F06B
:1073B00027F9FF2806D90E490E48822208F029F93C
:1073C0008221F3E70C4B082493F83050012200236C
:1073D000024203D02A4208D00133DBB2013C4FEA1B
:1073E0004202F5D105480B7038BD0548FCE700BFE7
:1073F000D1C003001F8A0300EC5600200000AD0B33
:107400000400AD0B73B50023044601AA0E464FF4E9
:10741000807101930AF060F84FF48A7120460AF0F7
:107420005BF84FF48271054620460AF055F820B10A
:107430001EB115B1144BD3F8343601AA4FF4847140
:1074400020460AF049F84FF4867120460AF044F8C5
:107450004FF4887120460AF03FF80C4B234083B16B
:107460004FF48E75294601AA20460AF035F8291FE7
:10747000083589B22046ADB20AF02EF8B5F5AE7FD8
:10748000F0D1019802B070BD00700040C0FF3F0015
:107490002DE9F04F93B09A460DF1080C0AAF1C9DF0
:1074A0003F4B3E46E046002403EB041E0134DEF869
:1074B000189548F8049B082CDEF81CE546F804EB08
:1074C000F2D1D3F8F065D3F8404601944FF0010EA5
:1074D0000024D3F84496D3F84886C3F8FC4FC3F889
:1074E000FCEF2F4B5CF804BB03EB041E0134CEF819
:1074F00018B557F804BBCEF81CB5082CF2D1019C86
:10750000C3F84046F6B2274CC3F84496C3F8488601
:10751000C3F8F065002684F8336084F83460A66010
:107520002661256084F83100A683C3F8F015C3F8FE
:10753000F4252DB32322C3F800231A4D184E002141
:10754000012707FA01F303404FEA01121BD102F1B0
:10755000804404F5E044C4F81035C4F814353244CE
:107560000131D2F8184524F0807444EA03630829F5
:10757000C2F8183505F10205E3D113B0BDE8F08F6C
:10758000C3F80053D9E702F1804303F5E043EC7FF1
:1075900095F81EC0C3F810C5C3F814455346DEE77E
:1075A00000700040EC56002010B5C37943B9224961
:1075B0002248982208F02DF81F48982108F020F85A
:1075C000C3788278417A1B03120202F4E06203F46A
:1075D00080531343027802F003021343027912042A
:1075E00002F4E02213434278120102F03002134306
:1075F0008279120602F0807213434279120502F476
:10760000801213430A0102F1804202F5E042C2F8FF
:1076100018350B4AC47901F10C0302EB43039C714A
:10762000007AD871012303FA01F192F830300B434C
:1076300082F8303010BD00BFD1C003001F8A0300A4
:10764000EC56002070B51F4D95F82E40002C37D118
:107650000126FF2085F82E60FFF782FE1A4B1B499A
:10766000C3F80041D3F80021C3F80441D3F8042142
:10767000C3F81041D3F81021C3F81441D3F81431E2
:107680001C239A0806FA02F212F0330F1FBF03F10F
:10769000804202F5E242146012681A1F920806FA4C
:1076A00002F212F0330F1CBF5C505A5808335C2BA7
:1076B000E7D10720F5F76CFB002305482B6070BD70
:1076C0000448FCE7EC56002000700040FC700040CD
:1076D0000000AD0B0C00AD0B08B5124B93F82E302B
:1076E000024653B9104911484FF4B37207F091FFA5
:1076F0004FF4B3710C4807F083FF40B90A490B48B7
:1077000040F2671207F085FF40F26711F2E7FFF7DA
:10771000E7FD20B91046FFF747FF054808BD0548BB
:10772000FCE700BFEC560020D1C003001F8A030015
:107730000000AD0B0B00AD0B08B5094B93F82E20E4
:1077400052B90849084840F2751207F062FF05482F
:1077500040F2751107F054FF93F8300008BD00BFE8
:10776000EC560020D1C003001F8A03002DE9F0432E
:107770001B4F994697F82E3085B005468846164629
:1077800053B91849184840F28D1207F042FF1548C6
:1077900040F28D1107F034FFFFF7A2FDE8B90DF1BB
:1077A0000F012846FFF7FAFD104B9842044610D10E
:1077B000331E18BF0123CDF80090324641462846BB
:1077C000FFF766FE9DF80F3087F83230022387F806
:1077D0002E30204605B0BDE8F083054CF9E700BF28
:1077E000EC560020D1C003001F8A03000000AD0B3F
:1077F0000B00AD0B2DE9FF47364E994696F82E301B
:1078000080468A46154653B93349344840F2B71288
:1078100007F0FFFE40F2B7112F4807F0F1FE42B922
:107820002D492E484FF4DC7207F0F3FE4FF4DC7163
:10783000F2E7FFF755FD0746002846D10DF10F018D
:107840004046FFF7ABFD264B9842044639D16B8882
:1078500033B19DF80F30012B39D8B9F1000F36D074
:107860002A786B782AB123B99DF80F1001292ED8F8
:107870000127CDF8009051464046FFF709FE6B887E
:10788000184A83B1A3F15001B1F5F66F09D3164937
:10789000124840F2255207F0BCFE134840F2255131
:1078A000BBE743F48053C2F8F8359DF80F3086F8F3
:1078B00032302B7986F83530042386F8367086F816
:1078C0002E30204604B0BDE8F087084CF9E7084C9C
:1078D000F7E700BFEC560020D1C003001F8A030069
:1078E0000000AD0B007000400EC103000B00AD0B9B
:1078F0000300AD0B38B5214B93F82E2052B9204927
:1079000020484FF4FA7207F084FE1D484FF4FA71D4
:1079100007F076FE1C695CBB00F06044B4F1005FC8
:1079200028D193F83240B1FBF4F504FB15151DBBCB
:107930000DB2002D20DD052A05D8032A0AD8022A17
:107940000DD0114838BD062AFBD1104AC2F82C06CA
:10795000C2F830169A6842B1C3E9040103E08C42D0
:107960000AD1C3E902040A48ECE7C3E90201FAE7D5
:107970000848E7E70848E5E70848E3E7EC56002051
:10798000D1C003001F8A03000500AD0B007000404A
:107990000000AD0B0C00AD0B0A00AD0B0600AD0BEB
:1079A0002DE9F3415B4C94F82E2052B95A495B48BB
:1079B00040F22D2207F02DFE40F22D21564807F00F
:1079C0001FFE012A08D15449544840F22E2207F0E4
:1079D00020FE40F22E21F1E7A368002B00F09780F3
:1079E000022A05D0042A30D04D4802B0BDE8F0810B
:1079F0004C4D0126C5F800652168E26849B10321B4
:107A000084F82E10C5F82C36C5F830262E6046486E
:107A1000EBE7C5F82C36C5F830262E6009F073FD6B
:107A200008346E6021460220FFF7ECFC0028F9D0F4
:107A30003C4B0022C3F80821D3F80811C3F80C21ED
:107A4000D3F80C11C3F80025E1E7364D4FF00108DB
:107A5000C5F80085276857B1052284F82E20E26812
:107A6000C5F82C36C5F83026C5F80080CFE7A18BC5
:107A700094F83220019203EB41030093C5F82C36B1
:107A8000C5F83026C5F8008009F03DFD94F8363081
:107A90005BBB244D01236B6069460220FFF7B2FCFB
:107AA0000028F9D00022C5F80821D5F80831C5F81A
:107AB0000C21D5F80C31A18B94F832300B44E168DD
:107AC0009BB28B42A38321BF184BA283D3E902014F
:107AD000C3E90001134B28BF22614FF000022CBF05
:107AE00011481348C3F800257FE7D5F8F465F6B2CE
:107AF00008FA06F6013EBE42CBD9C5F80480002143
:107B00000420FFF77FFC0028F9D00137F3E709488C
:107B10006BE700BFEC560020D1C003001F8A0300B2
:107B20000500AD0B007000400000AD0BF4560020C6
:107B30000B00AD0B0200AD0BF8B5324E96F82E10CF
:107B4000024651B93049314840F2D12207F061FD77
:107B50002D4840F2D12107F053FDFFF7C1FB00286B
:107B60004ED12B4C86F82F10072386F82E30012398
:107B70007260C4F80035D4F80453C4F80003E3601D
:107B80003AB125F0C00545F03305C4F8005321484B
:107B9000F8BD00211020FFF735FC0028F9D00023A4
:107BA000C4F80431D4F804311B4BC4F82C36012737
:107BB0000223C4F83036276009F0A5FCA760002135
:107BC0002020FFF71FFC0028F9D0114B0022C3F83A
:107BD0000421D3F80411C3F80821D3F80811C3F81D
:107BE000002596F82F1086F82E10C3F81C21D3F824
:107BF0001C11C3F81821D3F81821C3F80053C6E7A5
:107C00000648C5E7EC560020D1C003001F8A0300D8
:107C1000007000400000AD0B045700200B00AD0BBE
:107C20007FB56249614E3320FFF7ECFB10F0100F77
:107C300005460BD05E4B1022C3F80823B218C3F8D8
:107C40002C260222C3F8302601221A60594CAA06BB
:107C500094F82E300ED5072B554A05D0D2F834367D
:107C60009BB2E36000232361D2F80433DB0601D525
:107C7000FFF744FBA80718D594F82E30A1680291AD
:107C80000022E1688DF80420062BADF80C1018D006
:107C9000072B35D0032B08D1454BC3F80025022311
:107CA00084F82E30236801A89847E9074FD594F847
:107CB0002E30033B042B4AD8DFE803F05A49294110
:107CC0005E0094F8353023B1236913B1384B01229B
:107CD0001A60236801A89847374B93E8030086E8A9
:107CE000030000232361A368002BDED1304AC2F8D1
:107CF0000035042384F82E3005238DF80430D1E7B5
:107D0000FFF7FCFA02238DF804306368CBE7042305
:107D10008DF8043001A823689847254BD3F8F8253F
:107D2000D20444BF01225A602269062384F82E300F
:107D30002AB11F4B6169C3F82C26C3F8301623699A
:107D40002BB903238DF8043001A82368984794F8D1
:107D50002E30072B0AD0164B1848D3F804330021D5
:107D60001840FFF74FFB012685094DB904B070BDDF
:107D70000F4B01225A60EAE70D4B01229A60E6E7B9
:107D800095FAA5F3B3FA83F306FA03F225EA02059E
:107D90005A08DB4303F001038DF809308DF80460C5
:107DA00023688DF8082001A89847DEE7F4560020E4
:107DB00000700040EC560020FC560020C0FF3F0041
:107DC00070B54B7F04460D467BB1012343616426A9
:107DD00000220221204609F0B3FB20B9012009F05E
:107DE00013FA013EF4D100236B774FF08052D2E9B1
:107DF0004C23082A1BD1052B19D80F4AD35CB3B1E9
:107E00004FF0FF320023D4F80805D4F80C15C4F85D
:107E10000035C4F80825C4F80C250922C4F800254B
:107E2000C4F80035C4F80805C4F80C1570BD00236B
:107E3000C4F80035FAE700BF7EC1030008B5036847
:107E40005909024613D0012906D103F01F034FF64A
:107E5000FF71D940C80712D40A490B4840F2CA3210
:107E600007F0D7FB074840F2CA3107F0C9FB4FF0D3
:107E7000FF31D940C907EFD54FF0A04000E00348DB
:107E8000136008BD059203001F8A03000003005021
:107E90000F4B984219D00DD80E4B984215D007D8E9
:107EA0000D4B984211D00D4BC31A584258417047A0
:107EB0000B4BF9E70B4B984207D004D80A4B98427A
:107EC00003D00A4BF0E70A4BEEE70120704700BFF2
:107ED00080841E0020A1070048E8010090D0030024
:107EE00040420F000024F40000093D0000127A0017
:107EF0000048E801F7B51746421C1C460646089B99
:107F00000D4618D0012902D1BBB109F057FB01A8D9
:107F10000196FFF793FF019B00EB83002402D0F84A
:107F20000027074B44EA87042C4313401C4344EAD0
:107F30004504C0F8004703B0F0BD09F04CFBE6E78C
:107F4000F0F8FCFF2DE9F04F91F8213090F804A0F3
:107F500085B007460C460BB391F8223003934FF0DF
:107F6000010863697E4A934237D021D87D4A934203
:107F700000F0CB8016D87C4A934200F0C9807B4A3F
:107F8000934200F0C8807A497A484FF4BF7207F0F4
:107F900040FB77484FF4BF7107F032FB984602234D
:107FA0000393DEE7744A9342EDD14FF0805516E01B
:107FB000724A934200F0B28009D8714A934200F0AD
:107FC000B080704A9342DED14FF0004507E06E4A20
:107FD0009342D8D14FF0A05501E04FF00055DFF8A3
:107FE000AC9194F82300242202FB0A93997F60F35A
:107FF000000199773B79217C02FB03939A7F61F31F
:1080000041029A7794F82360002E32D162695E4B68
:108010009A420CBF4FF0030B4FF0000B237E012B55
:1080200094BF00230123009320685B463246012160
:10803000FFF760FF009660685B4632460121FFF75C
:1080400059FF0096A27EA0685B463146FFF752FFBB
:10805000237C83F001030093E0685B4632460121F4
:10806000FFF748FF01210091E0695B463246FFF7C8
:1080700041FF2423B8F1000F56D003FB0A934FF0C1
:10808000FF321A62A07C217E627EE66894F810803E
:1080900094F824E094F820C03B68BEF1000F13D19F
:1080A000D4E900BAD4F808E0E469C3F808B5C3F825
:1080B0000CA5C3F810E5C3F86C45039CC3F8146520
:1080C000C3F86885C3F86445003A18BF0122022945
:1080D000C3F8C005C3F8245538D0032939D0012985
:1080E00001D142F00202C3F85425C3F860C53B79C0
:1080F0002422534359F8033073B3386840F30730F0
:1081000005B0BDE8F04FF4F743BE4FF0006566E7F9
:108110004FF0007563E74FF0806560E74FF0206532
:108120005DE74FF080455AE703FB0A9AE268CAF818
:108130002020227C9AF81E3062F341038AF81E3018
:10814000A07C217E627E4FF0FF36A1E742F0040260
:10815000C9E742F00602C6E705B0BDE8F08F00BFF0
:1081600080841E0020A1070048E8010090D0030091
:1081700042C103001F8A030040420F000024F400A4
:1081800000093D0000127A000048E801285700204D
:10819000431C07B50ED0019001A8FFF74FFE019BCD
:1081A00000EB8300054BD0F80027134043F0020397
:1081B000C0F8003703B05DF804FB00BFF0F8FCFF27
:1081C0002DE9F84305461F4651B9164916484FF4A4
:1081D000167207F01EFA13484FF4167107F010FAE2
:1081E0002E79DFF8549024235E4309EB060494F8BB
:1081F0001C80B8F1000F10D14869FFF749FE70B13B
:10820000284649F806206760FFF79CFE01230748CF
:1082100084F81D802377BDE8F8830548FBE705480F
:10822000F9E700BF42C103001F8A03000000AD0B45
:108230000C00AD0B0400AD0B285700202DE9F843CE
:108240000679294D24277743EB1904461B7F53B940
:108250002649274840F2B92207F0DBF9234840F2CB
:10826000B92107F0CDF9006840F30730F4F79EFD1F
:10827000EB5953B123681F4AC3F8082306EBC60124
:10828000206805EB8101FFF79BFD2427236807FB8E
:108290000657D3F80805D3F80C85D3F81095BB7FA3
:1082A000DB0714D4FFF774FF4846FFF771FF404621
:1082B000FFF76EFF386AFFF76BFF2368D3F86C0592
:1082C000D3F81475FFF764FF3846FFF761FF2368A2
:1082D000094A934204BF01225A60242303FB065536
:1082E00000232B77BDE8F8832857002042C1030004
:1082F0001F8A03005201080000F002402DE9F04FF0
:10830000DFF864820679242303FB068385B01B7F94
:1083100083460D46174653B98A498B4840F2AD3221
:1083200007F077F940F2AD31864807F069F90B683C
:1083300053B94B6843B18349834840F2AE3207F0EA
:1083400068F940F2AE31EFE7D5E902234AB953B1FB
:108350007C497D4840F2AF3207F05BF940F2AF3123
:10836000E2E71B0C04D1B5F806A0BAF1000F08D063
:10837000744975484FF46C7207F04BF94FF46C7107
:10838000D2E717F008090ED0242303FB06831B6AEB
:10839000013308D06B496C4840F2B33207F039F929
:1083A00040F2B331C0E72423734308EB0302517F4B
:1083B000002940F0C58058F8033023B117F0140F9E
:1083C00004BF0123537795E80F00242404FB06849F
:1083D00004F10C0C8CE80F00206A431C04D0A37F2E
:1083E00099071AD509F0EAF82968DBF8004021B1AD
:1083F00001F06043B3F1005F06D1AB6883B103F0D5
:108400006043B3F1005F0BD0242303FB06830022FB
:108410004E485A7705B0BDE8F08F09F0DCF8E3E785
:108420004B4B9C4222D14FF080436A68D3F8000E38
:10843000484B1860D2B1484821F4FF5323F01F0382
:1084400083426DD8C3F34F30114401228240434828
:1084500003F5005399424AEA020A4FEA420201D95F
:108460008342F5D34FF08043C3F800AE17F0010309
:1084700018BF0123C4F8503517F0020318BF0123B9
:10848000C4F8403595E80F00EC468CE80F00039BDC
:10849000C4F84405C4F84815C4F83425C4F8383580
:1084A0000023C4F81831D4F818310723C4F8003574
:1084B000B9F1000F0FD12423734358F8032001238F
:1084C000236142B9D4F81831002BFBD06246402119
:1084D000204609F035F82423734358F803302BBBAA
:1084E0001B4B9C4201BF1B4B1A684FF08043C3F8E3
:1084F000002E242303FB0683186A421C04D09B7FB2
:108500009B0710D509F067F8B9F1000F06D106EB0B
:10851000C60608EB86012046FFF752FC104879E7B3
:108520004FF4807A9EE709F049F8EDE717F0040F61
:108530004FF0400314BFC4F80833C4F80433EDE728
:10854000084867E742C103001F8A03000A00AD0B19
:1085500000F0024024570020FFFF002000200120EF
:108560000000AD0B0B00AD0B2857002070B51B4D64
:108570001B482A46402108F0E3FF70B3194B1A68E4
:108580004FF08043A5F10C04C3F8002E55F80C3CC5
:1085900053B91549154840F2194207F03AF8124804
:1085A00040F2194107F02CF8206A421C04D0A37F46
:1085B0009B070FD509F00FF8637F1BB10C490848E2
:1085C000FFF7FEFB002323720A48D4E90031BDE81F
:1085D0007040184708F0F2FFEEE770BD34570020F6
:1085E00000F002402457002042C103001F8A03000C
:1085F000285700203057002070B51D4A0C68B2FB88
:10860000F4F304FB13258DBB94422FD85C1E1C4051
:108610002CD1B3F5007F29D802684D79D2F80465D2
:10862000097926F0030601F003013143C2F804156D
:10863000D2F8081593FAA3F321F0030105F003051E
:10864000B3FA83F32943C2F80815C2F8103500685D
:10865000402300F58072D450D1580433582BFAD1FE
:1086600040F30730F4F794FB024870BD0248FCE782
:108670000024F4000000AD0B0400AD0BF8B541B9C7
:108680001E491F487C2206F0C4FF7C211B4806F0CF
:10869000B7FF05791B4C0C236B43E618377A5FBB99
:1086A000E2508B68184A7360036893420FD002F55A
:1086B000805293420BD002F58052934207D002F5CC
:1086C0008032934203D002F58052934202D14B791B
:1086D000032B06D909490A48942206F09AFF9421EF
:1086E000D4E7FFF789FF0C2303FB0544074BC21AAD
:1086F000534253412372F8BD0548FCE784C103008F
:108700001F8A03004C570020008000400000AD0B82
:108710000C00AD0B10B50C4B02790C2101FB0232A1
:10872000127A42B909490A48DB2206F072FF07486B
:10873000DB2106F065FF046801222261007901FB5C
:1087400000331A7210BD00BF4C57002084C10300D3
:108750001F8A0300F8B5144D03790C2707FB035358
:1087600004461B7A43B911491148BC2206F051FF57
:108770000E48BC2106F044FF006840F30730F4F7D0
:1087800015FB23680026D3F80022C3F80062236893
:108790004FF0FF32C3F808232046FFF7BBFF2379D1
:1087A00007FB03552E72F8BD4C57002084C103000F
:1087B0001F8A030070B5144C05790C2606FB05448E
:1087C000247A54B9114912484FF4957206F021FFEA
:1087D0000E484FF4957106F013FF4FF4803405688E
:1087E0008C4073B18B0003F5A0730026EE50EB585C
:1087F0000368C3F80443036801F5A87143F8212016
:1088000070BDC5F80843F6E74C57002084C103004B
:108810001F8A03002DE9F04100254023294601204D
:1088200003F1804202F5214214682CB111601268F4
:108830009A0800FA02F215430433582BF0D10E4B7C
:108840000E4FD3F80463402406F47C164FF0010861
:10885000A30808FA03F31E4208D02B4206D03B6857
:1088600023B104F58070796880B298470434502CA5
:10887000EED1BDE8F08100BF00A000404C570020C1
:1088800038B544090CD0012C20D01549154840F2C8
:10889000CA3206F0BEFE124840F2CA3106F0B0FEFF
:1088A0004FF0FF34C440E507EFD54FF0A04404EB90
:1088B00080001B02D0F800570B4C43EA82022C4088
:1088C00042EA41012143C0F8001738BD00F01F0003
:1088D0004FF6FF74C440E407D7D5044CE7E700BF68
:1088E000059203001F8A0300F0F8FCFF000300500C
:1088F00038B5857B0446CDB9D0E9000398420AD14A
:108900000B490C4840F2071206F083FE084840F27B
:10891000071106F075FE062303222946FFF7B0FF74
:108920006068062303222946FFF7AAFF012038BD0D
:10893000C1C103001F8A030010B4CC7B8A6803689E
:108940002CB9D1E90041C3F80845C3F80C15C3F8A8
:108950002425037928225343064AD35833B10068AB
:108960005DF8044B40F30730F4F712BA5DF8044B9E
:10897000704700BF58570020F8B506460D4651B95C
:108980001849194840F21B1206F043FE154840F200
:108990001B1106F035FE0079144F282148433C187E
:1089A00094F82210C9B93A50A160636084F8251088
:1089B00084F82410AB7B84F827302846FFF798FF13
:1089C00068B16B7B84F8263030462946FFF7B4FF48
:1089D0000123074884F82230F8BD0648FCE7064822
:1089E000FAE700BFC1C103001F8A030058570020E7
:1089F0000000AD0B0C00AD0B0400AD0B08B50E4B29
:108A00000279282101FB023393F82220012A0AD09F
:108A10000A490B484FF4E17206F0FBFD07484FF49A
:108A2000E17106F0EDFD02680621C2F80015022290
:108A300083F8222008BD00BF58570020C1C10300A1
:108A40001F8A030010B51D4B0479282202FB043253
:108A500092F8221051B91A491A484FF4E77206F0F9
:108A6000D8FD17484FF4E77106F0CAFD0021916068
:108A700002681549C2F80813D2F8001221F4BC515B
:108A8000C2F800124FF08051D1F83001082809D106
:108A9000D1F83411052905D80C48415C11B10921E0
:108AA000C2F800150021C2F80015282202FB043389
:108AB000012283F8222083F8241010BD585700208B
:108AC000C1C103001F8A030002029C01FDC1030013
:108AD000F8B51C4E0779282505FB0765044695F86F
:108AE000223053B9184919484FF4D17206F091FD5C
:108AF00015484FF4D17106F083FD006840F307304C
:108B0000F4F754F92046FFF79DFF95F8273093B905
:108B100095F826507DB92368D3F80805D3F80C459D
:108B20002A462B460121FFF7ABFE2B462A460121A0
:108B30002046FFF7A5FE282303FB0766002386F8DF
:108B40002230F8BD58570020C1C103001F8A03001E
:108B50002DE9F84F03790E4617463BB94B68B3F53C
:108B6000803F03D28B68B3F5803F0AD3A649A7485C
:108B700040F2B62206F04DFD40F2B621A24806F0C2
:108B80003FFDA34D95F82230022B08D09E499F4807
:108B90004FF42F7206F03DFD4FF42F71EEE72B6876
:108BA000B3B90B78022B08D19749984840F2BF22FD
:108BB00006F02FFD40F2BF21E0E7032B08D19249D8
:108BC00092484FF4307206F024FD4FF43071D5E72F
:108BD0000023046885F82330736833B1F36803F029
:108BE0006043B3F1005F40F07F813378023B012B9B
:108BF00006D8336903F06043B3F1005F40F074813D
:108C0000844BC4F8083395F8243003F0FF013BB1DE
:108C1000AB68DFF80482C4F804334046BDE8F88F3F
:108C200017F0140F0CBF0123002385F8243033788C
:108C300085F82030737885F82130F268EA6073682F
:108C40002B61D6F810C0C5F814C0B068A861C7F38E
:108C5000001E85F825E0EF6196F801E0C4F888E58C
:108C6000C4F86011D4F860E1C4F84811D4F848E1C0
:108C7000C4F82411D4F824E1C4F80411D4F8041180
:108C800017F0010118BF0121C4F8501517F00201B7
:108C900018BF0121C4F84015317807F008090329ED
:108CA00000F2AC80DFE801F08DA37D02F80608D564
:108CB000554956484FF40B7206F0ABFC4FF40B715C
:108CC0005CE7B9F1000F08D04F49504840F22D221F
:108CD00006F09FFC40F22D2150E7790708D54A495C
:108CE0004A4840F22E2206F094FC40F22E2145E73D
:108CF0004FF48071C4F80012C4F84425C4F8483514
:108D00000123A3604FF48011204608F0B3FC002833
:108D1000F8D1D5E90523C4F84425C4F848354FF403
:108D20008023AB60DFF8F4802A68B9F1000F40F0CF
:108D3000B1803378032B00F0AD80012B76D1236016
:108D40009AB92A69002A5CD0DFF8D4A0DFF8D49061
:108D50004FF0010B5146204608F08CFC830548BFBC
:108D6000C4F814B010EA090FF4D072682B68002A16
:108D700040F09080002B00F091800123636179071F
:108D800044BF0023AB607A065EBFAB6843F00203CA
:108D9000AB60AB6843F40073AB60AB68C4F80433FA
:108DA0003BE7C4F84425C4F84835C4F834C54FF44B
:108DB0008453C4F83805C4F8003201232362022327
:108DC000AFE7C4F84425BA06C4F848354BBF4FF4A2
:108DD00080734FF40073C4F80032C4F800324CBF03
:108DE0004FF480230223AB60012323629AE7C4F887
:108DF0003425C4F838354FF48053DCE7DFF8288099
:108E000092E76361A0E700BFC1C103001F8A0300AE
:108E10005857002002029C010B00AD0B0000AD0B67
:108E200002020400020004000400AD0B0123A36051
:108E3000002A9AD12A692AB3DFF8C4A0DFF8C4B0A7
:108E400019EA0A0F91D15946204608F013FC10F494
:108E5000007F8146F4D04FF08071204608F00AFC74
:108E6000D4F8003280B113F4007103D101222262E0
:108E700089466261D805E3D54FF48021204608F089
:108E8000F9FB04E06361D7E70123236263614FF0DC
:108E90000009D5E72B68002B7FF471AFD4F8C434F8
:108EA000C4F8C434002285F824208BB1104A11493B
:108EB00013F0010F14BF90468846013213F0020FE1
:108EC00018BF904613F0040F0B4B18BF9846A4E64A
:108ED0007B063FF5A2AE0949204608F089FB054B09
:108EE000002808BF984698E6DFF81C8095E600BF8A
:108EF0000000AE0B0100AD0B0200AE0B5857002076
:108F000002000400020204000A00AD0B70B5634CBD
:108F1000236886B053B96249624840F2063206F0CF
:108F200078FB5F4840F2063106F06AFB5E4D022195
:108F3000284608F09FFB4FF400710646284608F0CB
:108F400099FBD8B1E6B9A368C5F808330223A3603A
:108F5000A368C5F804334FF08071284608F08AFBF7
:108F600018B1D5F800329B0503D44F4B01221A6289
:108F70005A61012384F8233006B070BD002E57D00B
:108F8000E5696E060AD494F823303BB94349464854
:108F900008F02EFB80F0010084F8230015F0040592
:108FA00024D1414B94F82520C3F86051D3F86011C7
:108FB000C3F85C51D3F85C1112B194F8232052B17C
:108FC0000022C3F80022A260384AC3F80823384BB5
:108FD0000822C3F88021238CADF80430E3680493A1
:108FE0002369029363690593A36903932E4AD2F818
:108FF000C434C2F8C434980749D4590749D4DA07AD
:1090000049D494F823309B00DBB28DF8003094F8FB
:1090100025300BB984F82430E3695B0703D594F855
:109020002330002BA8D0D4E9003168469847A3E745
:109030004FF48021284608F01DFB94F82030A3B996
:1090400094F825304BB9C5F80032A360174BC5F82A
:109050000833174B0822C3F8802100238DF8043011
:1090600094F821308DF80530B8E74FF40073C5F857
:10907000003240F20223A36003F1CE73C5F8083337
:10908000A368C5F804330123AB602B6274E70123A6
:10909000BBE70223B9E70323B7E700BF5857002017
:1090A000C1C103001F8A03000030004002029C017E
:1090B00000E100E008B503685909024613D0012910
:1090C00006D103F01F034FF6FF71D940C80712D431
:1090D0000A490B4840F2CA3206F09BFA074840F2B0
:1090E000CA3106F08DFA4FF0FF31D940C907EFD5EC
:1090F0004FF0A04000E00348136008BD0592030054
:109100001F8A030000030050F7B50C46064608F01E
:10911000DBFA204608F0D8FA01A80196FFF7CAFF4B
:10912000019B2E4F019400EB830040F20D65D0F8B7
:1091300000373B402B43C0F8003701A8FFF7BAFFC8
:10914000019B00EB8300D0F800373B402B43C0F875
:109150000037042008F058F80925012701A80194D8
:10916000FFF7A8FF019AD0F81035D340DB0715D4DC
:1091700001A80196FFF79EFF019B07FA03F3C0F8D1
:109180000C35042008F040F8304608F09DFA013D07
:10919000042008F039F815F0FF05DFD101A801948B
:1091A000FFF788FF019A01239340C0F80C35042093
:1091B00008F02AF8204608F087FA042008F024F87E
:1091C00001A80194FFF776FF019AD0F81035044802
:1091D000D34003F00103C01A03B0F0BDF0F8FCFF68
:1091E0000100AD0B08B5124BA8220021184608F06B
:1091F00068FC032202610F4942610F4A8161C2612A
:109200004FF480620262002282624262C2620166A0
:109210000A49416610218166094902670346C26610
:10922000426711F8010D98540132102AF9D108BD96
:109230001004002003C203001000002000000020E2
:109240001CC203002DE9F84FDFF87C80182606FBCE
:10925000008E00FB06664644DEF82440DEF828C097
:109260007368A44507468946154603EB040022D8D7
:10927000DEF820B0ABEB040A0AF1FF339A4203D8C0
:1092800008F0F7FB2C440FE063449A4219D8524689
:109290002C4408F0EEFBB4EB0B0405D070682246BA
:1092A00009EB0A0108F0E5FB182303FB0783012003
:1092B0005C62BDE8F88F0CF1FF3CACEB040C94450C
:1092C000DED20020F5E700BF10040020F8B5144BF3
:1092D000182700FB07751D4407FB00330E46DB6AA9
:1092E000012B14460AD0022B14D023B9284608F0CB
:1092F000F8F9844208D900242046F8BD284608F031
:10930000F0F9844228BF044622463146284608F038
:10931000F1F9F1E72846BDE8F84008F006BA00BFC9
:1093200010040020F8B50B4B1B78532B04460E4657
:10933000174601D0FFF756FF08F026FA3A460546D1
:1093400031462046FFF7C2FF0446284608F024FABB
:109350002046F8BD10040020034B182202FB003306
:109360009A6A586A801A70471004002010B4094A9B
:1093700009490023C85C12F8014D844205D101332C
:10938000102BF7D15DF8044B70475DF8044BFFF7E5
:1093900029BF00BF1CC203001004002008B5084A02
:1093A000084B93420AD908490848192206F031F9B6
:1093B0000548192106F024F92433F2E7FCD308BD4F
:1093C000401F0300B81C03001DC203001F8A0300D6
:1093D00070B50446C0B1037813B3124D124EB542B6
:1093E0001BD912491248282206F013F90F482821E8
:1093F00006F006F92968A14208D1284608F0D5F9F7
:10940000002814BF2C460024204670BD2046D7F704
:109410004DFD0028F1D02435E1E7EBD30024F3E73C
:109420001C46F1E7B81C0300401F03001DC20300E7
:109430001F8A0300014B98688030704780570020D6
:109440002DE9F047044600AF0D46EFF311894023A4
:1094500083F31288BFF36F8F0428374A98BF374BC6
:109460009668117C94BF53F82030354BEA468CB097
:109470006A46DFF8F48033485061C2E9083140F2AF
:1094800002431385304BC2E9068442F8103F2F484F
:1094900000234FF45151F0F731FDD546B5B1EB69DA
:1094A000C3F3080393B10820F0F748FB40B1284B01
:1094B000C0E9053803230374002343748374C37421
:1094C000224900234FF4C25206F051FD2EB130461E
:1094D00008F014FA08B1037803B91E48EA468AB0C6
:1094E0006A461D4BC2E9053840F2024393841B4B88
:1094F000C2E9076042F8103F144800234FF431518D
:10950000F0F7FCFC2946D5462046FAF795F9042CDD
:1095100008D113491348872206F07BF810488721A9
:1095200006F06EF889F31188BFF36F8F3046F3F7BA
:10953000BDFBBD46BDE8F08780570020443A0300DC
:1095400040C2030056C2030006000001D4250300F8
:1095500082C203004EC20300A7C20300050000013F
:10956000C3C203001F8A03002FC3030038B50A4B90
:1095700053F82040013053F82050A54200D838BDA0
:10958000606830B1037FDB0701D408F019F90834B3
:10959000F3E723689847FAE7583A030070B5344B6D
:1095A000344C354D012286B003201A70FFF7DEFFE0
:1095B000F2F7BAFC0420FFF7D9FFAC42264624D9C3
:1095C0002E492F48422206F024F842212B4806F06B
:1095D00017F854F80C3C059354F8103C049354F8D5
:1095E000143C039354F8183C029354F81C3C019328
:1095F00054F8203C009354E90A2354E90C0101F08B
:1096000015F954F8303C5E65D7E7AE4204F13004FA
:10961000DFD301F07DFE174C1A4EAC421BD917491F
:109620001748662205F0F5FF6621CFE7D4E90A2343
:10963000B3F1FF3F08BFB2F1FF3F05D052EA03018B
:10964000206803D102F06AF83034E6E7314618307A
:1096500002F0C8FBF8E7E9D301F0A8FEDFF742F912
:10966000094A137B23F00103137306B070BD00BFDA
:10967000DC620020C0200300002303003DC3030080
:109680001F8A030061190300B030002008B50348A9
:10969000034A0021121A08F0AAF808BDA00F002002
:1096A000E062002070B5164E164D174986B0E023D3
:1096B00003FB0066154B059301220F23CDE903320E
:1096C0000023CDE90133182303FB0055044601EBC9
:1096D00040210F4B00954FF4C072304601F0A6F8C0
:1096E000737B0C4AEE6023F0040373734FF49063B2
:1096F00004FB033313442C746B6006B070BD00BFD1
:10970000D02F002080570020009900205EC3030066
:109710003D9A020080940020BFB50020FFF726FF8D
:109720002B4B83F308882B4C2B4F636943F4007356
:109730006361E02384F8223000252023E377257637
:109740006576A57684F82050636A43F4E02363626B
:1097500084F82350F3F726FAF3F754FC4FF0FF3365
:10976000A362E362F3F77AFDF3F770FCF0F7AEF96A
:109770001A481B4C01F000F9FFF710FE0120FFF71B
:10978000F5FE0220FFF7F2FE01F080FE154B1649B0
:109790009C61164B05930123CDE903534FF40072EE
:1097A0003B46CDE901550095204601F03FF8627B2C
:1097B000064622F004022046627301F035FA28467C
:1097C000FFF770FF3A4631462046F3F7F5FB00BF3E
:1097D0000099002000ED00E09D95020090310020EE
:1097E000B030002080570020009B0020BF520300B3
:1097F00038B50B4C0B4D0020AC420FD90A490B4831
:10980000942205F006FF0848942105F0F9FE204651
:1098100007F0F1FF002802DB2034EDE7F7D338BD75
:10982000480D0020680D002066C303001F8A030056
:109830002DE9F74305460E4691461C4600F1080700
:10984000EFF31188402383F31288BFF36F8F3846FC
:1098500002F052FA38B92B492B48882205F0D9FE7C
:109860008821284822E0384602F06AFA2B69FBB1C9
:1098700033601C68EB692C610133EB6114B96A69D0
:1098800093421BD0EB68E41A09D4D5E905235A4367
:10989000A24204D9B4FBF3F203FB124474B11B4996
:1098A0001948E92205F0B5FE1848E92105F0A8FE9F
:1098B00059EA04020FD133606FF00B04384602F00E
:1098C00029FAC8B90F49104840F2311205F0A1FE3B
:1098D00040F23111C5E7CDE900942A4641463846A9
:1098E00001F026FB044618B9094B9B681B693360DD
:1098F000204603B0BDE8F08388F31188BFF36F8F73
:10990000F6E700BF7A9A03001F8A030066C30300CC
:10991000805700202DE9F843C368CB1A05460E4650
:109920001ED4D0E905125143994219D9B3FBF2F183
:1099300002FB1133A3B900F10808EFF311894024A9
:1099400084F31288BFF36F8F404602F0D5F990B9C7
:1099500036493748882205F05CFE8821334808E004
:109960003449334840F2111205F053FE314840F2B9
:10997000111105F045FE404602F0E2F92F69002F73
:109980003AD1EFF3118384F31288BFF36F8F83F31F
:109990001188BFF36F8F3BB927492548B02205F0E6
:1099A00038FEB0212448E4E72C68A54224D01CB33B
:1099B000A36833B920491E48992205F02AFE99214F
:1099C000F0E7D4E9003213605A60637BA76023F0AC
:1099D00002036373C4E9007704F1180002F0CCFAC3
:1099E0002046C4F89870266101F01EF949464046A9
:1099F000BDE8F84301F000BC2B693360EB692E61D0
:109A0000013BEB61404602F085F940B9074908483F
:109A100040F2311205F0FDFD40F231119EE789F36D
:109A20001188BFF36F8FBDE8F88300BF7A9A0300F7
:109A30001F8A030066C303008BC3030008B50C4BE9
:109A40009B6893F90E30002B09DB4024EFF3118360
:109A500084F31288BFF36F8F06F00CFDF6E705491B
:109A600005481C2205F0D5FD02481C2105F0C8FD63
:109A700080570020B6C303001F8A03002DE9F3417D
:109A8000044617461E46EFF3058545B15149524835
:109A90006F2205F0BEFD4F486F2105F0B1FDEFF3D9
:109AA0001188402383F31288BFF36F8F4B4802F075
:109AB00023F938B94A494848882205F0AAFD882187
:109AC0004748EAE7454802F03BF9E368454A9BB15D
:109AD000A0689168884224D057EA060329D13F48FC
:109AE00002F018F9A0B188F31188BFF36F8F6FF0FF
:109AF0000F0002B0BDE8F081916891F90E1037486F
:109B000021610133E3609368A36002F003F950B967
:109B10003349314840F2311205F07BFD40F23111FA
:109B2000CEE72169EBE788F31188BFF36F8F002040
:109B3000DFE791F90E1090F90E309942A8BF19464F
:109B40006FF07E029142B8BF11468B4202DD07F0F2
:109B50007BFE0546CDE9007620482246414601F0CD
:109B6000E7F90028E3D0EFF31186402383F312884E
:109B7000BFF36F8F194802F0BFF800289AD017483A
:109B800002F0DEF8A068C0B1236821699C420AD0C7
:109B90004BB193F90E309942A8BF19466FF07E037E
:109BA0009942B8BF194607F04FFE30B10B48314615
:109BB00001F022FB6FF00A009BE7002DF6D1074869
:109BC00002F0A8F80028A3D086F31188BFF36F8FA6
:109BD000F0E700BFD7C303001F8A0300A45700208B
:109BE0007A9A030080570020F8B50546EFF3058305
:109BF00043B14A494A48D72205F00BFDD7214748CF
:109C000005F0FEFC8368002B00F08180454A9268D5
:109C100093427FD1C36833B940494148EF2205F0F0
:109C2000F8FCEF21EBE7012B03D0013BC3600020E0
:109C3000F8BDEFF31187402484F31288BFF36F8FD0
:109C4000394802F059F838B938493548882205F0C2
:109C5000E0FC88213548D3E7334802F071F82969E0
:109C6000A86807F0F1FDEFF3118384F31288BFF3C6
:109C70006F8F83F31188BFF36F8F3BB92C4928484E
:109C8000B02205F0C6FCB0212948B9E72C68AC42E7
:109C90000FD10023C5E90233234802F03BF888BB0B
:109CA00022491F4840F2311205F0B3FC40F2311155
:109CB000D0E7002CEDD0A36833B91D49184899228C
:109CC00005F0A7FC9921DFE7D4E9003213605A6060
:109CD000637B002623F002036373C4E90066A66079
:109CE00004F1180002F048F9AC6094F90E302B61D1
:109CF0002046C4F8986000F097FF0B48394601F001
:109D00007BFA94E787F31188BFF36F8F8FE76FF0CB
:109D100015008DE74FF0FF308AE700BFD7C303007F
:109D20001F8A030080570020A45700207A9A03005E
:109D30008BC3030008B5836843B90B490B489922CC
:109D400005F067FC0848992105F05AFCD0E900327B
:109D500013605A60427B0023C0E9003322F0020204
:109D60004273836008BD00BF8BC303001F8A0300DA
:109D70002DE9F04704469DF820600D4691469A462D
:109D800000F10807EFF31188402383F31288BFF333
:109D90006F8F384601F0B0FF38B9444944488822F3
:109DA00005F037FC8821414817E0384601F0C8FF2C
:109DB00006B16568EFF31183402282F31288BFF386
:109DC0006F8F83F31188BFF36F8F43B939493848D8
:109DD000B02205F01EFC3748B02105F011FC2346E7
:109DE00053F80C6F9E4216D0AEB13046FFF7A2FF7B
:109DF000002406F1180002F0BFF83046C6F898407B
:109E0000C6F8109000F010FF4146384601F0F4F912
:109E10002046BDE8F087BAF1000F14D0082002F008
:109E20004FFB00283AD00122C0F80490026001687C
:109E300001F003015DB922680A4302606268206094
:109E40006AB960600BE0C9F800A04846EFE72A68ED
:109E5000032A18D80160616879B9C4E900000024B8
:109E6000384601F057FFE0B91049114840F231126D
:109E700005F0CFFB40F2311195E70A6802F00302CA
:109E800002430A60DDE722F003020A4302602A6807
:109E900002F0030240EA02032B60E0E76FF00B04DC
:109EA000DEE788F31188BFF36F8FB1E77A9A03007A
:109EB0001F8A03008BC303002DE9F7430546904634
:109EC0001F4600F10806EFF31189402383F312883F
:109ED000BFF36F8F304601F00FFF40B91F49204894
:109EE000882205F096FB88211C4805F089FB304646
:109EF00001F026FF2C68CCB123686A6823F00303C5
:109F0000944220462B6008BF6B60012107F0ABFC38
:109F10000446304601F0FEFEC0B91049104840F238
:109F2000311205F076FB40F23111DDE758EA070304
:109F3000EFD0CDE9008705F10C024946304600F02C
:109F4000F7FF38B9074B9B681C6903E089F3118858
:109F5000BFF36F8F204603B0BDE8F0837A9A030009
:109F60001F8A03008057002008B5836843B90B4956
:109F70000B48992205F04DFB0848992105F040FB5C
:109F8000D0E9003213605A60427B0023C0E90033FD
:109F900022F002024273836008BD00BF8BC303003E
:109FA0001F8A030070B50446EFF31186402585F340
:109FB0001288BFF36F8F294801F09EFE38B92849F7
:109FC0002848882205F025FB8821254814E02348ED
:109FD00001F0B6FEEFF3118385F31288BFF36F8FA4
:109FE00083F31188BFF36F8F43B91F491D48B02217
:109FF00005F00FFB1C48B02105F002FB2568AC42C0
:10A0000013D095B12846FFF7AFFF05F1180001F016
:10A01000B3FF00232846C5F8983000F005FE31460E
:10A020000E48BDE8704001F0E7B8D4E902329A4228
:10A0300018BF01330948A36001F06CFE40B908491C
:10A04000084840F2311205F0E4FA40F23111BCE761
:10A0500086F31188BFF36F8F70BD00BFA857002033
:10A060007A9A03001F8A03008BC30300F7B50446E6
:10A0700016461D46EFF305835BB152EA050308D08F
:10A0800026492748882205F0C4FA2448882105F08B
:10A09000B7FAEFF31187402383F31288BFF36F8F72
:10A0A000204801F029FE38B91F491D48882205F0D3
:10A0B000B0FA88211C48EAE71A4801F041FEA3687B
:10A0C000ABB1013B1748A36001F024FE40B916492B
:10A0D000134840F2311205F09CFA40F23111E9E7E1
:10A0E00087F31188BFF36F8F002003B0F0BD56EAED
:10A0F00005030BD10B4801F00DFE0028E7D087F3D4
:10A100001188BFF36F8F6FF00F00EEE7CDE90065A8
:10A1100022463946034800F00BFFE6E7F9C3030087
:10A120001F8A0300A85700207A9A03002DE9F843FC
:10A130000546EFF31188402787F31288BFF36F8F2E
:10A140002A4801F0D9FD064638B92949294888220C
:10A1500005F05FFA8821264817E0244801F0F0FD59
:10A160006FF00A090023EFF3118287F31288BFF31F
:10A170006F8F82F31188BFF36F8F42B91E491D485C
:10A18000B02205F046FA1C48B02105F039FA2C68D7
:10A19000A5420ED06CB12046FFF7E6FE04F1180090
:10A1A00001F0EAFEC4F89890204600F03DFD3346E9
:10A1B000D9E70022AA602BB141460C48BDE8F8431C
:10A1C00001F01AB8094801F0A5FD40B9084909484D
:10A1D00040F2311205F01DFA40F23111BBE788F36D
:10A1E0001188BFF36F8FBDE8F88300BFA857002028
:10A1F0007A9A03001F8A03008BC303002DE9F04302
:10A20000714E724F85B00446EFF31188402383F3FB
:10A210001288BFF36F8F304601F06EFD40B96C4974
:10A220006C48882205F0F5F98821694805F0E8F9BD
:10A23000304601F085FDD4F8E450F5B9022104F16F
:10A24000FC0007F033FB00283BD004F1F4050022AA
:10A250000121284601F030FC0028F8D100230293A8
:10A260004FF0FF324FF0FF33CDE90023414604F1B8
:10A27000EC02304601F06CFCC6E7D4F8E8202B680D
:10A28000C4F8E430954208BFC4F8E830D4F8FC3094
:10A2900043F00203C4F8FC30EB68D5F8049023F0D7
:10A2A000040343F00103EB60304601F033FDD0B905
:10A2B0004749484840F2311205F0ABF940F23111FC
:10A2C000B3E7D4F8FC30DD06C8D5C4F8FC003E483E
:10A2D00001F020FD0028EBD088F31188BFF36F8FC9
:10A2E00005B0BDE8F08388F31188BFF36F8FB9F133
:10A2F000000F09D13849374840F2AB2205F089F9FF
:10A30000354840F2AB2191E72846C847EFF3118862
:10A31000402383F31288BFF36F8F304601F0ECFCCB
:10A3200000283FF47CAF304601F00AFDEB68D90607
:10A3300023F0010231D4EA60EB689A0716D5386839
:10A3400023F00203EB6088B10368002170B142681A
:10A35000954230D1036841BB7A683B60824200D1AC
:10A360007B60002340F8083BFFF71CFED4F8FC306C
:10A3700023F00203C4F8FC303046C3F3002501F09B
:10A38000C9FC002894D088F31188BFF36F8F002D8B
:10A390007FF43AAF01F082F836E723F01103EB6067
:10A3A00005F11000FFF7FEFDC6E70B607B688342F6
:10A3B00008BF7960D5E723B11A68014618461346ED
:10A3C000C4E71A46F9E700BFB4570020AC57002095
:10A3D0007A9A03001F8A030019C40300F8B5C36802
:10A3E0009A0704460F46C3F340063AD45B0726D4C7
:10A3F0000B680BB983680B60E368DD0722D5A3689F
:10A4000053B9294929484FF4AA7205F002F92648A0
:10A410004FF4AA7105F0F4F83B6002263D68002D68
:10A420003ED0234B9A68D5F8E0309A420CD0D5F84C
:10A43000FC30D807C3F3800216D46FF01206002355
:10A440003B6027E00126E9E707F052FAD5F8FC3037
:10A450000028EED1D907C3F3C002EED552B15B0795
:10A4600008D46FF00F06EAE7002AFAD1C3F3C0035D
:10A47000002BF6D100232360D5F8E83063B9C5E995
:10A480003944284607F01DFAE36843F00403E3600B
:10A490003B68A3603046F8BD1C60C5F8E840F0E7B3
:10A4A0006FF01506CBE700BF19C403001F8A030035
:10A4B0008057002073B50446EFF31185402383F3E2
:10A4C0001288BFF36F8F194801F016FC40B9184984
:10A4D0001848882205F09DF88821154805F090F865
:10A4E000124801F02DFC00230321201F0193A4F149
:10A4F000100607F0DBF928B1A369019301A93046E2
:10A50000FFF76CFF094801F005FC40B9084909480C
:10A5100040F2311205F07DF840F23111DDE785F3AC
:10A520001188BFF36F8F02B070BD00BFB457002019
:10A530007A9A03001F8A030038B50D46044640B9D5
:10A540000B490C48992205F064F89921084805F058
:10A5500057F831B9064907489A2205F05AF89A2166
:10A56000F4E71022002107F0ACFA656038BD00BFA7
:10A5700019C403001F8A030037B50C46019051B976
:10A58000224923484FF4BD7205F043F84FF4BD71E2
:10A590001E4805F035F84B6843B91C491C4840F289
:10A5A0007B1205F036F840F27B11F1E7EFF31185ED
:10A5B000402383F31288BFF36F8F164801F09CFB92
:10A5C00038B915491248882205F023F88821124825
:10A5D000DFE7104801F0B4FB204601A9FFF7FEFEBB
:10A5E00004460C4801F096FB40B90B49084840F27C
:10A5F000311205F00EF840F23111E8E785F31188C9
:10A60000BFF36F8F204603B030BD00BF19C40300F5
:10A610001F8A0300B45700207A9A0300F0B589B06E
:10A6200004460E9D50B92D492D4840F2F12204F008
:10A63000F0FF40F2F121294804F0E2FF41B9274937
:10A64000274840F2F22204F0E4FF40F2F221F2E760
:10A65000D0F8FC0010F0010008D02049204840F25A
:10A66000F32204F0D6FF40F2F321E4E7C4E9390015
:10A6700004F1EC00C4E93B0004F1F400C4E93D003E
:10A6800055B32879002840F2011008BF0120C4F812
:10A69000FC0000204FF0FF364FF0FF37CDE90330CC
:10A6A000CDE90100CDE906670E4B0094204600F08D
:10A6B00025F955B1296811B1204600F0A7F86B794A
:10A6C0001BB1237B43F001032373204601F026F8DE
:10A6D000C4F8E04009B0F0BD0120D8E719C4030078
:10A6E0001F8A0300FDA1020038B50D46044650B98B
:10A6F0000E490F4840F2923204F08BFF40F2923143
:10A700000A4804F07DFF41B90849094840F29332F4
:10A7100004F07FFF40F29331F2E73022002107F08E
:10A72000D0F94FF480736560E36038BD19C403004D
:10A730001F8A0300F7B50C46019016461D4650B916
:10A740002D492E4840F20D4204F063FF40F20D41C6
:10A75000294804F055FF41B92749284840F20E42E4
:10A7600004F057FF40F20E41F2E7EFF31187402368
:10A7700083F31288BFF36F8F214801F0BDFA38B917
:10A7800020491E48882204F044FF88211D48E0E744
:10A790001B4801F0D5FAE36813F01E0F22D155EAE9
:10A7A000060211D1204601A9FFF718FE04461448FD
:10A7B00001F0B0FAC0B91349104840F2311204F068
:10A7C00028FF40F23111E1E743F00803E360019B09
:10A7D000A36204F110000C4932462B4601F002FB43
:10A7E0000124E4E70024E2E787F31188BFF36F8FC9
:10A7F000204603B0F0BD00BF19C403001F8A030048
:10A80000B45700207A9A0300B5A4020010B504469C
:10A8100008B9054B9C681F2204F1600007F066F937
:10A82000002084F87F0010BD80570020F0B585B06F
:10A8300004460D9D0F9E0F2D46D12C48834247D1D3
:10A84000073222F00702FF320E9F277304F15800EF
:10A8500022F07F02C4E91600042700207F2AC4E901
:10A860000600A0606773A573E07301F1800EA2F18A
:10A87000800C05D880F31188BFF36F8F384602DF54
:10A880008D1800270C9AC4F88C70C4E921EC029250
:10A890000B9A01920A9A009220462A46F2F706FB8A
:10A8A000676506B31F22314604F1600007F01EF908
:10A8B00084F87F700E4B9B680BB1D3F89030C4F8CE
:10A8C0009030284605B0F0BD05F110001E28B7D91C
:10A8D0000849094840F2052204F09BFE054840F271
:10A8E000052104F08DFE84F86060E3E73D9A0200E4
:10A8F000805700203AC403001F8A0300F0B587B0D8
:10A90000DDE912760446EFF3058555B1174918487D
:10A9100040F2922204F07DFE144840F2922104F0AD
:10A920006FFE0595109D04950F9D03950E9D029554
:10A930000D9D01950C9D0095FFF778FFB6F1FF3F47
:10A9400008BFB7F1FF3F05D056EA070305D12046FF
:10A9500000F0E4FE204607B0F0BD3A46334604F16D
:10A960001800044901F03EFAF4E700BF3AC40300BE
:10A970001F8A03006119030040F2011310B583819F
:10A980000023C0E92133044601F094FD014B9C6093
:10A9900010BD00BF805700200A4A93686FF00A017B
:10A9A000C3F898100849C3F894004B6843F08053EB
:10A9B0004B60002383F31188BFF36F8F9368D3F844
:10A9C000980070478057002000ED00E038B590F9FE
:10A9D0000D20437B002A014610DA03F07F03437306
:10A9E000184B984208D118491848562204F011FE15
:10A9F0001548562104F004FE06F082FF144D2A4645
:10AA0000AB6852F81C4F944200D004B9EC688B42FA
:10AA100010D03BB90F490D48D52204F0FAFD0D487E
:10AA2000D521E7E75A7BD20604D1DA897F2A01D9FA
:10AA3000A2692AB1A34202D0204601F0E3F82346DE
:10AA4000AB6138BDD02F00205DC403001F8A030016
:10AA5000805700207FC4030008B5836843B90949C3
:10AA60000948992204F0D5FD0648992104F0C8FD53
:10AA700006F046FF437B23F0020343730023836009
:10AA800008BD00BF8BC303001F8A030070B590F997
:10AA90000D20437B002A4BDBD90649D163F07F03AD
:10AAA0004373254B984208D1244925484F2204F08E
:10AAB000B0FD22484F2104F0A3FD224C2246216A1A
:10AAC00052F81C3F934207D1C0E900210860206280
:10AAD00011E09942F8D01B68002BF5D090F90E5088
:10AAE00093F90E60B542F4D0AE42F2DD5968C0E988
:10AAF000003108605860E569954200D005B9E56805
:10AB0000A3683BB910490E48D52204F082FD0E48D7
:10AB1000D521D0E75A7BD20604D1DA897F2A01D920
:10AB2000AA6932B1AB4202D0284601F06BF8A561A8
:10AB300070BDA361FCE700BFD02F00205DC40300FF
:10AB40001F8A0300805700207FC4030070B590F96E
:10AB50000D20437B2F4C002A01460FDA03F07F03C0
:10AB6000A042437308D12C492C48562204F051FDD1
:10AB70005621294804F044FD06F0C2FE4B7BA14259
:10AB800063F07F034B7306D1234924484F2204F01E
:10AB900040FD4F21EDE7224C2246206A52F81C3F2F
:10ABA000934207D1C1E900200160216211E098427F
:10ABB000F8D01B68002BF5D091F90E5093F90E6078
:10ABC000B542F4D0AE42F2DD5868C1E90030016010
:10ABD0005960E569A368954200D005B9E5688B42E4
:10ABE00010D03BB90F490D48D52204F012FD0D4895
:10ABF000D521BFE75A7BD20604D1DA897F2A01D951
:10AC0000AA692AB1AB4202D0284600F0FBFF2B46CE
:10AC1000A36170BDD02F00205DC403001F8A030014
:10AC2000805700207FC4030038B50446EFF3118538
:10AC3000402383F31288BFF36F8F124801F05CF852
:10AC400040B911491148882204F0E3FC88210E48DC
:10AC500004F0D6FC0B4801F073F82046FFF716FF0E
:10AC6000084801F057F840B90749084840F2311246
:10AC700004F0CFFC40F23111E9E785F31188BFF30E
:10AC80006F8F38BDB85700207A9A03001F8A0300DF
:10AC9000F8B5644DAE68864204464ED1EFF30583A5
:10ACA000002B4AD1EFF31187402383F31288BFF3BF
:10ACB0006F8F5D4801F020F838B95C495C48882204
:10ACC00004F0A7FC8821594812E0574801F038F8F1
:10ACD000737B03F07F0343F010037373554B9E4265
:10ACE00008D155495248562204F093FC5248562147
:10ACF00004F086FC304606F003FE2B4653F81C4F4A
:10AD00009C4200D004B9EC68AB689C4202D020465B
:10AD100000F078FF4448AC6100F0FCFF40B94349C3
:10AD2000434840F26B1204F074FC40F26B11CAE726
:10AD30003846BDE8F840FFF72FBEEFF311864023F9
:10AD400083F31288BFF36F8F374800F0D5FF0028D8
:10AD5000B3D0354800F0F4FF637BDA060DD53248F6
:10AD600000F0D8FF002858D13049314840F2311264
:10AD700004F04FFC40F23111A5E7D90943F010026D
:10AD80003ED16273EF692D4B9F4200D007B9EF6847
:10AD9000AB68BB4202D0384600F034FFAB68AF610D
:10ADA0009C42DCD1EFF30585002DD8D1237BDB0756
:10ADB0001FD51D4800F0AEFF0028D5D086F31188BE
:10ADC000BFF36F8F85F31188BFF36F8F042318468D
:10ADD00002DFEFF31186402383F31288BFF36F8FF6
:10ADE000114800F089FF00283FF467AF0E4800F0DB
:10ADF000A7FF0D4800F08EFF002890D0304698E75E
:10AE000003F07F0343F0100363730A4B9C423FF44B
:10AE100068AF204606F074FDB4E786F31188BFF3EF
:10AE20006F8FF8BD80570020B85700207A9A030032
:10AE30001F8A0300D02F00205DC403009C57002010
:10AE400038B50446EFF31185402383F31288BFF32E
:10AE50006F8F134800F050FF40B912491248882202
:10AE600004F0D7FB88210F4804F0CAFB0C4800F01F
:10AE700067FFA36813B12046FFF7EEFD084800F016
:10AE800049FF40B90749084840F2311204F0C1FBBC
:10AE900040F23111E7E785F31188BFF36F8F38BDBA
:10AEA000B85700207A9A03001F8A030038B5044679
:10AEB000EFF31185402383F31288BFF36F8F194896
:10AEC00000F01AFF40B918491848882204F0A1FB85
:10AED0008821154804F094FB124800F031FF637B91
:10AEE00013F0280F0BD1A36813B12046FFF7B4FD70
:10AEF000637B23F0040363732046FFF7C7FD094813
:10AF000000F008FF40B90849084840F2311204F047
:10AF100080FB40F23111DCE785F31188BFF36F8FBE
:10AF200038BD00BFB85700207A9A03001F8A03007B
:10AF30002DE9F047DFF8C8A02B4F2C4B1646B8423E
:10AF4000DAF808201A60DDE9089804460D460AD1AF
:10AF50002749284840F2722204F05BFB244840F263
:10AF6000722104F04DFBEFF31183402383F3128829
:10AF7000BFF36F8F384600F0BFFE38B91E491D4839
:10AF8000882204F046FB88211B48EAE7384600F097
:10AF9000D7FEDAF808703146384606F0B9FCB8F149
:10AFA000FF3F08BFB9F1FF3F06D014494A46434668
:10AFB00007F1180000F016FF204600F0ABFE40B984
:10AFC0000D490C4840F26B1204F023FB40F26B1168
:10AFD000DAE7054800F09EFE0028F1D02846BDE8DB
:10AFE000F047FFF7D9BC00BFB8570020BC5700207E
:10AFF0005DC403001F8A03007A9A030061190300ED
:10B000008057002070B50546EFF31186402383F387
:10B010001288BFF36F8F164800F06EFE40B91549D5
:10B020001548882204F0F5FA8821124804F0E8FA5D
:10B030000F4800F085FE2C68A54210D014B12046C0
:10B04000FFF70AFD0A4800F065FE50B909490A48B1
:10B0500040F2311204F0DDFA40F23111E5E700244C
:10B06000F0E786F31188BFF36F8F204670BD00BFF5
:10B07000B85700207A9A03001F8A03002DE9F04197
:10B0800004460D46EFF31187402383F31288BFF384
:10B090006F8F524800F030FE38B95149514888222C
:10B0A00004F0B7FA88214E4817E04C4800F048FEFB
:10B0B000637B03F01F02002A0CBF0126002657D134
:10B0C00003F07F036373484B9C4208D147494548CE
:10B0D000562204F09EFA4548562104F091FA204683
:10B0E00006F00EFCDFF80C81637B424663F07F03C1
:10B0F0006DB2A573637352F81C3F934235D1D8F8F3
:10B100002010C4E900210C60C8F820400FE09942EB
:10B11000F7D01B68002BF4D093F90E008542F6D0CF
:10B12000A842F4DD5968C4E900310C605C60D8F8CD
:10B130001C40944200D00CB9D8F80C40D8F8083024
:10B140009C4202D0204600F05DFDC8F8184023481C
:10B1500000F0E0FD002839D12149224840F23112A7
:10B1600004F057FA40F231119DE7D8F82010D1E7EA
:10B170009B0729D5A16839B91D491A48992204F0BD
:10B1800048FA1B489921A8E720466DB206F0B8FBA3
:10B19000A5730B68994209D14B68C4E900131C6080
:10B1A0004C60D4E74A689342F6D01B68002BF3D07A
:10B1B00093F90E209542F5D0AA42F3DD5A68C4E90E
:10B1C000003214605C60C2E7A573C0E787F31188A2
:10B1D000BFF36F8F3046BDE8F08100BFB857002045
:10B1E0007A9A03001F8A0300D02F00205DC4030059
:10B1F0008BC303008057002038B503460C46D1B9F5
:10B20000EFF30585BDB9154A91699268914212D054
:10B2100000F080FD50B91249124840F26B1204F060
:10B22000F8F940F26B110E4804F0EAF92846BDE83F
:10B230003840FFF7B1BB184600F06CFD40B9084933
:10B24000084840F2311204F0E4F940F23111EAE723
:10B2500084F31188BFF36F8F38BD00BF8057002083
:10B260007A9A03001F8A030038B50446EFF311856C
:10B27000402383F31288BFF36F8F184800F03CFD22
:10B2800040B917491748882204F0C3F988211448A7
:10B2900004F0B6F9114800F053FD637BDA0611D4CF
:10B2A0000E4800F037FD40B90D490E4840F231120A
:10B2B00004F0AFF940F23111E9E785F31188BFF3EB
:10B2C0006F8F38BD23F0100320466373FFF7DEFB5A
:10B2D00029460248BDE83840FFF78EBFB857002026
:10B2E0007A9A03001F8A0300034648B9EFF30582E8
:10B2F00032B9064A91699268914201D0FFF74CBB7E
:10B3000083F31188BFF36F8F704700BF8057002011
:10B3100010B5EFF31184402383F31288BFF36F8FCE
:10B320001D4800F0E9FC38B91C491D48882204F08A
:10B3300070F9882119480CE0174800F001FDEFF37F
:10B34000058343B1174916488F2204F062F98F2113
:10B35000144804F055F9144B9A68D37B012B06D19D
:10B3600010490F48902204F054F99021F0E7013B76
:10B37000D373094800F0CEFC40B90849084840F2B0
:10B38000311204F046F940F23111D3E784F3118809
:10B39000BFF36F8F10BD00BFB85700207A9A03002B
:10B3A0001F8A03008BC303008057002070B5EFF3A2
:10B3B0001186402383F31288BFF36F8F2E4800F06D
:10B3C0009BFC38B92D492E48882204F022F98821A7
:10B3D0002A480FE02B4D284800F0B2FCAB68DA7B1E
:10B3E00052B92949264840F20D3204F012F940F2D0
:10B3F0000D31254804F004F9EFF3058141B12249EC
:10B400001F4840F20E3204F004F940F20E31F0E72A
:10B410000132DA732A4652F81C4F944200D004B924
:10B42000EC685A7BD20604D1DA897F2A01D9A26955
:10B430002AB1A34202D0204600F0E4FB23460E4886
:10B44000AB6100F067FC40B90C490D4840F2311285
:10B4500004F0DFF840F23111BAE786F31188BFF348
:10B460006F8FEFF31180402383F31288BFF36F8F48
:10B47000BDE87040FFF738BFB85700207A9A030044
:10B480001F8A0300805700205DC40300024B03F1B4
:10B490001C02C3E9072270478057002070B5EFF304
:10B4A000058353B13249334840F2244204F0B1F8E5
:10B4B0002F4840F2244104F0A3F8EFF31186402313
:10B4C00083F31288BFF36F8F2B4800F015FC38B957
:10B4D0002A492848882204F09CF888212748EAE76E
:10B4E000274C254800F02CFCA168206A0B6881429B
:10B4F00014BF1A46002249680B605960A368216A8C
:10B500002AB9204AC3E900210B6023620CE093F9B9
:10B510000E0092F90E50A84220D085421EDD5168DF
:10B52000C3E900210B605360E569164B9D4200D0D2
:10B5300005B9E568A3689D4202D0284600F062FB89
:10B540000D48A56100F0E6FB60B90C49094840F2DE
:10B550006B1204F05EF840F26B11BFE78A42D0D064
:10B560001268CDE73046BDE87040FFF715BA00BF5E
:10B570005DC403001F8A0300B85700207A9A0300B5
:10B58000805700209C5700202DE9F04106460C46CC
:10B59000EFF3058757B12D492D4840F23C4204F0A6
:10B5A00038F82A4840F23C4104F02AF850EA0103F6
:10B5B00004D1FFF773FF0020BDE8F081EFF311889D
:10B5C000402383F31288BFF36F8F224800F094FB6F
:10B5D00038B921491E48882204F01BF888211E48EA
:10B5E000E2E71E4D1B4800F0ABFB1D4BA86818603E
:10B5F000FFF7ECF9A8681B4923463246183000F0E3
:10B60000F1FBAA68537B43F00403044653731148CB
:10B6100000F080FB40B910490D4840F26B1203F076
:10B62000F8FF40F26B11DAE74046FFF7B5F9AB6877
:10B63000D3E90A23B3F1004F08BFBA42BBD106F0E9
:10B64000C8F9201A20EAE070B6E700BF5DC4030025
:10B650001F8A0300B85700207A9A03008057002001
:10B66000BC5700206119030070B504460E46EFF385
:10B67000058555B11849194840F2664203F0C9FFE3
:10B68000154840F2664103F0BBFFFFF77DFFB6F1BE
:10B69000FF3F08BFB4F1FF3F0246204616D047F6F1
:10B6A000FF704FF47A7403462946C2FB0431B3F5A8
:10B6B000004F71F100020AD36FF400429A4243F640
:10B6C000FF728A4105D3D80B40EA414070BD28463D
:10B6D000FCE76FF00040F9E75DC403001F8A030038
:10B6E0000C490D4A38B500244FF400458C462146DC
:10B6F000C0FB05C100236046D5F77EFBC117FFF7ED
:10B7000043FF054A47F6FF73C0FB0234DB0B43EAF5
:10B71000444038BD3F420F0040420F0038B5044658
:10B72000EFF31185402383F31288BFF36F8F1B481B
:10B7300000F0E2FA40B91A491A48882203F069FF7A
:10B740008821174803F05CFF144800F0F9FA637B86
:10B750005B0710D504F1180000F00EFC637B23F0AA
:10B76000040320466373FFF791F929460B48BDE8AF
:10B770003840FFF741BD094800F0CCFA40B908490C
:10B78000084840F2311203F044FF40F23111D8E78B
:10B7900085F31188BFF36F8F38BD00BFB857002005
:10B7A0007A9A03001F8A0300014B9868704700BF14
:10B7B000805700202DE9F8430446077BEFF31185FD
:10B7C000402383F31288BFF36F8F704800F094FA20
:10B7D00040B96F496F48882203F01BFF88216C48ED
:10B7E00003F00EFF694800F0ABFA637B190712D52E
:10B7F000664800F08FFA40B96549664840F2311258
:10B8000003F007FF40F23111E9E785F31188BFF338
:10B810006F8FBDE8F883D90943F008027DD16273C8
:10B82000A36813B12046FFF717F904F1180000F0E0
:10B83000A3FBA66D04F15808B04511D04FF00009E4
:10B8400076B13046FFF708F906F1180000F094FBD6
:10B85000C6F898903046FFF719F9A66DB045EFD1BC
:10B86000DFF84481D8F808309C426AD1EFF30589AB
:10B87000B9F1000918BF4FF00109D8F81C60464A19
:10B88000964200D00EB9D8F80C60B34202D03046D0
:10B8900000F0B8F92046C8F81860F1F769FBB9F173
:10B8A000000F02D03D48FFF767F8D8F808309C42F7
:10B8B00056D1EFF30586002E52D1237BDA071FD530
:10B8C000324800F027FA002896D085F31188BFF39C
:10B8D0006F8F86F31188BFF36F8F0423184602DF42
:10B8E000EFF31185402383F31288BFF36F8F27484E
:10B8F00000F002FA00283FF46CAF244800F020FA70
:10B90000224800F007FAF8B92149224840F26B12A8
:10B9100003F07FFE40F26B1161E703F07F0343F019
:10B92000080363731E4B9C4207D11E4919485622D7
:10B9300003F06FFE56211B4852E7204605F0E0FF5A
:10B940006EE74FF0000998E72846FFF725F81549FC
:10B9500010484FF4DD7203F05CFE4FF4DD71EAE74E
:10B960000A4800F0D7F900283FF446AF85F3118864
:10B97000BFF36F8FFB077FF54CAF0A49054840F2D4
:10B980003D5203F046FE40F23D51D4E7B857002047
:10B990007A9A03001F8A03009C57002090310020F0
:10B9A000D02F00205DC40300805700202DE9F04116
:10B9B000044616461D46EFF31187402383F3128891
:10B9C000BFF36F8F364800F097F938B935493648DC
:10B9D000882203F01EFE882132481FE0304800F024
:10B9E000AFF9637B1B073FD455EA06034AD0DFF863
:10B9F000C480D8F80800A04247D0A26800F15803DC
:10BA00009A4242D0EFF3058353B12849264840F2C9
:10BA10005F5203F0FEFD254840F25F5103F0F0FD58
:10BA200004F1580105F074FFB5F1FF3F08BFB6F10E
:10BA3000FF3F07D0D8F808001D4932462B46183082
:10BA400000F0D0F9164800F065F940B915491648DC
:10BA500040F26B1203F0DDFD40F26B11BCE738469B
:10BA6000BDE8F041FEF798BF00240D4800F052F900
:10BA700070B90C490C4840F2311203F0CAFD40F293
:10BA80003111A9E76FF00F04EFE76FF02C04ECE73A
:10BA900087F31188BFF36F8F2046BDE8F08100BFA8
:10BAA000B85700207A9A03001F8A03005DC4030080
:10BAB00061190300805700202DE9F84306468846A7
:10BAC0001746EFF31189402383F31288BFF36F8F7A
:10BAD0001C4800F011F9054640B91B491B48882253
:10BAE00003F097FD8821184803F08AFD154800F0FF
:10BAF00027F93468A6421AD0DCB12046C4F89880F1
:10BB00002761FEF7A9FF04F1180000F035FA20467E
:10BB1000FEF7BCFF0B4800F0FDF860B90A490B487E
:10BB200040F2311203F075FD40F23111DBE70025E0
:10BB3000F0E72546EEE789F31188BFF36F8F2846BB
:10BB4000BDE8F883B85700207A9A03001F8A0300E3
:10BB5000D3B5DDE90667089CCDE90067FFF7E8F992
:10BB60001CB1034B9B681B69236002B0D0BD00BFB2
:10BB70008057002008B568B10E4B98420AD303F1F4
:10BB80001802904206D2C01A1822B0FBF2F302FB50
:10BB9000130343B108490948382203F03AFD064827
:10BBA000382103F02DFD064BC0105843054B0122F0
:10BBB0001A5408BD70320020ABC403001F8A030072
:10BBC000ABAAAAAADD620020C3897F2B12D80A4B38
:10BBD0001B6863B1094B90F90E201B689A4209DB80
:10BBE000437BDB0606D1064BC31A18BF012303F0C3
:10BBF000010070470023FAE7680B0020C0570020BF
:10BC0000D02F002070B50E4B0E4C1E7C06EB460369
:10BC100004EBC3040546204600F0AEF90A4B0022AF
:10BC200028469A55FFF7D0FF48B1084B08491A68D3
:10BC3000013A2046D317BDE8704000F0D3B870BD7C
:10BC40008057002070320020DD620020680B002049
:10BC500075BB020038B5EFF31185402383F31288DA
:10BC6000BFF36F8F1E4800F047F840B91D491E48CA
:10BC7000882203F0CEFC88211A4803F0C1FC184842
:10BC800000F05EF8194B1A4A9C681068A0420ED169
:10BC9000FFF7B8FF124800F03DF8E0B9114912482B
:10BCA00040F2311203F0B5FC40F23111E4E700211B
:10BCB0001B7C11600F4AD35C002BEBD02046FFF7B2
:10BCC00083FF0028E6D0637BDB0602D12046FEF727
:10BCD0003DFF2046DCE785F31188BFF36F8F38BD49
:10BCE000B85700207A9A03001F8A0300805700206B
:10BCF000BC570020DD620020006838B1044B1B7C7B
:10BD000000F00300C01A18BF0120704701207047DF
:10BD100080570020002302680360EFF30581074B82
:10BD200019B19968497BC90706D4197C98680843FA
:10BD3000831A5842584170470120704780570020AD
:10BD4000024B1A7C9B6813430360704780570020A6
:10BD50000748084A084908B5121A05F04AFD07487D
:10BD6000074A0849BDE80840121A05F042BD00BF65
:10BD700000050020A00F002090C60300B80400209A
:10BD80000005002048C60300024B1868984208BF0F
:10BD9000002070476C0B0020034B1B680BB9F7F7B2
:10BDA00029BD0020704700BFC457002030B570B1D6
:10BDB0000B4B5B6898420AD0036843B1D3E9042176
:10BDC000D0E90445121941EB0501C3E90421D0E98A
:10BDD000003213605A600023C0E9003330BD00BF59
:10BDE0006C0B0020B3F1FF3F08BFB2F1FF3F2DE91C
:10BDF000F74F044690469B4615461F4600F0AA8022
:10BE0000D0F80090B9F1000F08D05449544872227C
:10BE100003F0FFFB5148722103F0F2FB8160EFF366
:10BE200011830193402383F31288BFF36F8F4D4832
:10BE3000FFF762FF824638B94B494948882203F030
:10BE4000E8FB88214848E7E74648FFF779FFB8F163
:10BE5000FF3F7BF1FF33454A1FDBFFF79DFF434A5E
:10BE60000135D2E900174BF1000B2D184BEBE073B5
:10BE7000C4E904536D18064643EB0707FFF784FF38
:10BE8000DFF8F0E0DEF804900346F3B9C4E900E916
:10BE9000C9F80040CEF8044029E0D2E900126FF062
:10BEA00001035B1A4FF0FF3161EB0202B3EB0803B1
:10BEB00062EB0B02012B72F10001BCBF01234A4669
:10BEC000C4E904324FF0000AD8E7D3E9041CD4E9EE
:10BED00004208A4270EB0C0B29DA891A5A686CEB41
:10BEE0000000C3E90410C4E9003214605C60FFF78D
:10BEF0004BFF84420ED11E4B1B685BB9BAF1000F99
:10BF000002D1FFF749FF0646304605F04BFD002100
:10BF1000F7F74AFC1348FFF7FDFE88B912491048AD
:10BF200040F2311203F075FB40F231118AE7521AE8
:10BF300060EB0C009945C4E90420A7D01B68A4E776
:10BF4000019B83F31188BFF36F8F2846394603B0F6
:10BF5000BDE8F08F00252F46F7E700BFD3C40300EC
:10BF60001F8A0300C85700207A9A030088320020F5
:10BF7000C45700206C0B002070B50446EFF3118607
:10BF8000402383F31288BFF36F8F1E48FFF7B4FE80
:10BF900040B91D491D48882203F03BFB88211A48FF
:10BFA00003F02EFB1748FFF7CBFE23680BB3FFF718
:10BFB000EBFE05462046FFF7F9FE00224FF0004356
:10BFC000A542C4E9042306D1FFF7E6FE05F0EAFC2A
:10BFD0000021F7F7E9FB00240A48FFF79BFE58B958
:10BFE00009490A4840F2311203F013FB40F23111C3
:10BFF000D5E76FF01504EFE786F31188BFF36F8F75
:10C00000204670BDC85700207A9A03001F8A03009B
:10C010002DE9F04D0446EFF31186402383F3128897
:10C02000BFF36F8F3E48FFF767FE40B93D493E487A
:10C03000882203F0EEFA88213A4803F0E1FADFF8AB
:10C04000F0803748394FFFF77BFEC8F80040FFF714
:10C050009BFE4FF0000A04464FF0000BD8F800306A
:10C06000D7E9001CD81754B1D4E90452AB4270EBA5
:10C07000020E1EDAED1A62EB0002C4E904525B18EC
:10C080004CEB00000024C7E900302046C8F800400F
:10C0900005F088FC2146F7F787FB2148FFF73AFEB9
:10C0A000A8B186F31188BFF36F8FBDE8F04DFFF79D
:10C0B000D1BD69184CEBE5732046C4E904ABC7E970
:10C0C0000013FFF773FE1648FFF724FE40B9154929
:10C0D000154840F2311203F09CFA40F23111ABE7FF
:10C0E00086F31188BFF36F8FA36820469847EFF35C
:10C0F0001186402383F31288BFF36F8F0848FFF740
:10C10000FBFD002892D00648FFF71AFED8F8003051
:10C110005B1BC8F80030FFF737FE04469EE700BF00
:10C12000C85700207A9A03001F8A03008832002033
:10C13000C457002070B5EFF31186402383F31288B3
:10C14000BFF36F8F1548FFF7D7FD40B91449154865
:10C15000882203F05EFA8821114803F051FA0F4853
:10C16000FFF7EEFDFFF718FE0F4AD2E9004504196C
:10C1700045EBE0750948FFF7CDFD40B9084909488E
:10C1800040F2311203F045FA40F23111E4E786F350
:10C190001188BFF36F8F2046294670BDC857002015
:10C1A0007A9A03001F8A030088320020F8B50446FB
:10C1B000EFF31187402383F31288BFF36F8F4A4850
:10C1C000FFF79AFD40B949494948882203F021FA0E
:10C1D0008821464803F014FA4348FFF7B1FD22686E
:10C1E0006AB14148FFF796FD002878D13F494048A1
:10C1F00040F2311203F00DFA40F23111E9E7D4E9CF
:10C200000A36581C46F10001022871F1000127D3BB
:10C21000012B76F10001BCBF012316465D1E46F1DD
:10C22000FF3605F0DAFB013041F10001401946EB21
:10C230000101012871F100014CDB05F0CEFB01305A
:10C2400041F100016FF00102401946EB0103121A9F
:10C250004FF0FF3161EB030326492046FFF7C2FD93
:10C26000236B01332363236AD3B11F48FFF752FDC9
:10C270000028BBD087F31188BFF36F8F236A204655
:10C280009847EFF31187402383F31288BFF36F8F32
:10C290001548FFF731FD002895D01348FFF750FDF2
:10C2A00054F8185FA5429CD0002D9AD02846FEF77E
:10C2B000C7FD00230C48C5F89830FFF72BFD002878
:10C2C00094D087F31188BFF36F8F2846BDE8F840FC
:10C2D000FEF7AABC6FF001024FF0FF33BCE787F313
:10C2E0001188BFF36F8FF8BDCC5700207A9A0300F6
:10C2F0001F8A0300ADC102002DE9F843064614462B
:10C300001D4691469846EFF31187402383F3128828
:10C31000BFF36F8F2348FFF7EFFC40B92249234852
:10C32000882203F076F988211F4803F069F91D4837
:10C33000FFF706FDB5F1FF3F08BFB4F1FF3F0CD199
:10C340001848FFF7E7FC38BB1749184840F231128C
:10C3500003F05FF940F23111E6E7631C75F1FF333A
:10C360000ADB012C75F100032246BCBF0122002527
:10C3700012F1FF3945F1FF383046FFF7FDFDDDE9E9
:10C380000823C6E90A23002333634A46434630465E
:10C390000749FFF727FDD3E787F31188BFF36F8FB6
:10C3A000BDE8F883CC5700207A9A03001F8A030067
:10C3B000ADC102002DE9F84F4F1E0F4206460D4653
:10C3C0009A4607D025492648172203F022F917215B
:10C3D000224817E0141D3ED241F0040B00F114086E
:10C3E000EFF31189402383F31288BFF36F8F404628
:10C3F000FFF782FC40B91B491948882203F009F96C
:10C400008821184803F0FCF84046FFF799FC2246C3
:10C4100059463046D04704464046FFF77BFC40B9BA
:10C4200010490F4840F2311203F0F3F840F2311195
:10C43000E7E789F31188BFF36F8F64B1204640F8B6
:10C44000046B4DB1384207D004490548342203F04B
:10C45000E0F83421BCE70020BDE8F88FF7C4030002
:10C460001F8A03007A9A03002DE9F04105460E4623
:10C47000174605F03DFA30B9074B9B68D3F890405A
:10C4800014B9BDE8F081054C3B46324629462046AA
:10C49000BDE8F041FFF78EBF80570020680D0020F7
:10C4A0000246024B02480021FFF784BF4FF402000E
:10C4B000680D0020014BC0F890307047680D0020D7
:10C4C0000146024A0020FFF7CFBF00BF4FF4020031
:10C4D00038B50B4C0B4DAC420FD90B490B481A2207
:10C4E00003F097F808481A2103F08AF8D4E90112FA
:10C4F000204605F0A3FA1834EDE7F7D3002038BD45
:10C50000680D0020800D00201BC503001F8A03005A
:10C51000F8B504460E4600F11405EFF311874023E9
:10C5200083F31288BFF36F8F2846FFF7E5FB40B90E
:10C5300016491748882203F06CF88821134803F045
:10C540005FF82846FFF7FCFB20463146EBF77EF804
:10C5500004F10C0005F012FA28B139462846BDE86E
:10C56000F840FEF749BE2846FFF7D4FB40B907491B
:10C57000074840F2311203F04CF840F23111DDE788
:10C5800087F31188BFF36F8FF8BD00BF7A9A03005D
:10C590001F8A030007B5074B0093074907484FF070
:10C5A000FF334FF48072FEF739F8002003B05DF8D6
:10C5B00004FB00BF703A0300809D002090320020F1
:10C5C00010B50A4C23681BB101232360002010BD65
:10C5D00000F0E8F80028F7D00138062803D8044B0B
:10C5E00053F8200010BD034810BD00BFD0570020F5
:10C5F000783A0300FE8FFFFFBFF34F8F0549064BCC
:10C60000CA6802F4E0621343CB60BFF34F8F00BFF0
:10C61000FDE700BF00ED00E00400FA0510B40A4B8E
:10C620000A490B4C4FF0FE32C3F800244968C3F8A6
:10C630000424C3F80824C3F80C240023C4F80035EC
:10C640005DF8044B084700BF00B00250740B002097
:10C6500000A00250D0E90012014BC3E9001270475C
:10C66000740B002010B5044650B1636813F0685F86
:10C6700005D0064A934202D000232360626010BDB9
:10C68000034B04485B689847EFE700BF2C5F5CA949
:10C69000740B0020943A0300C8B143680D4A9342DA
:10C6A00013D013F0685F0ED0012350E8002F194615
:10C6B00040E8001C9CF0000FF7D1012AF5D0BFF331
:10C6C0005F8F0020704704487047044870476FF43C
:10C6D000E04070472C5F5CA9E98FFFFFEA8FFFFF06
:10C6E00080B14368094A93420AD013F0685F05D0CD
:10C6F000BFF35F8F002303601846704704487047FC
:10C70000044870476FF4E040704700BF2C5F5CA99D
:10C71000E98FFFFFEA8FFFFF10B5044620B1044BFD
:10C7200063600022226010BD0248FFF777FFF6E742
:10C730003A00003ABC3A030070B5D0E90023154C2A
:10C74000154D6360D0E90230C4E9023022604868C8
:10C750000E68124BC3E90060D5F818018E689E6020
:10C7600010F0685FCE680969DE60196110D00C496D
:10C77000C5F8BC110023C5E9453105F58A70C5F837
:10C78000B8319047236805F5DC70BDE87040184764
:10C7900070BD00BF900B0020E85700207C0B0020EC
:10C7A0002C5F5CA938B500F02FF820B1032400F00D
:10C7B00063F8204638BD00F031F898B900F0ACF8C5
:10C7C00098B90F4DD5F828391B0EF02B08D1D5F8A4
:10C7D000242A0C4B9A420AD0072400F017F8E6E707
:10C7E0000624FAE70424204638BD0024F5E701209A
:10C7F00000F092F804460028F7D1C5F80C0AD8E7F3
:10C8000000B002500000E020002070470020704778
:10C81000014BC3F8040A704700B0025010B511482C
:10C8200000F048F800B110BD0F4800F043F80028B0
:10C83000F9D10E4C204600F03DF80028F3D10C4B06
:10C840000C481C6000F036F801460028EBD100F0DF
:10C850002DF8044608B1204610BD00F03FF82046F0
:10C86000FAE700BFD00B0020CC0B0020C80B002043
:10C87000C00B0020C40B002008B5084800F024F8C5
:10C88000074800F021F8074800F01EF8064800F0BD
:10C890001BF8BDE8084000F00BB800BFD00B00202B
:10C8A000CC0B0020C80B0020C40B002000207047D8
:10C8B000704700BF08B5034B02681B6810689847B3
:10C8C000002008BD900B002008B5034B02685B6890
:10C8D00010689847002008BD900B002070B5094CE7
:10C8E000094D2069AB68984718B1084B08485B6848
:10C8F0009847084AEB68206900211160BDE8704044
:10C90000184700BF7C0B0020900B0020740B002008
:10C91000E03A0300E4570020F8B51A4D1A4E0446D9
:10C92000B26828699047E8B9184F3B684CB1A3B189
:10C93000012B19D0013B3B602869F3689847002020
:10C94000F8BD43B9124A0121C2F800151149D1F8C6
:10C950001029002AFBD101333B60F368286998470E
:10C960000020F8BD0C48F8BD0A4AD2F81039002B57
:10C97000FBD1074A6FF07E40C2F80035FFF748FF51
:10C980003B68D7E77C0B0020900B0020E457002089
:10C9900000A0025000B00250E98FFFFF2DE9F04FD8
:10C9A00085B09046464A029089461E460D462B4663
:10C9B00015F8014B175D17F00807F8D12D2C41D160
:10C9C0002C7801279D1C002E41D1302C4CD00A26FA
:10C9D00007F1004A07F1FF3B0AF1FF3AF31732462D
:10C9E000584651460393D4F707FA019200228E4627
:10C9F000844611461046A4F13003092B05D9A4F151
:10CA00004103192B37D8A4F137039E423DDD541C56
:10CA100015D084457EEB010234D38E4508BF844592
:10CA200002D1019A9A422DDB039A714300FB021155
:10CA3000A6FB00020A44181842EBE371012215F824
:10CA4000014BD8E72B2C04BF2C789D1CBBE7102E84
:10CA5000BED1302CBCD12B7803F0DF03582BB7D1DB
:10CA60006C7810260235B3E72B7803F0DF03582BE0
:10CA7000F6D00826ACE7A4F16103192B05D8A4F180
:10CA80005703C2E74FF0FF32D9E7531C0AD1029A8D
:10CA90002223136058465146B8F1000F0AD105B061
:10CAA000BDE8F08F17B1404261EB4101B8F1000FD2
:10CAB000F5D00AB105F1FF39C8F80090EFE700BFE3
:10CAC00047C5030013460A46014602480068FFF7BF
:10CAD00065BF00BFD40B00202DE9F74F91464A4AAD
:10CAE00001908A461E460D462B4615F8014B175DF0
:10CAF00017F00807F8D12D2C42D12C7801279D1C66
:10CB0000002E42D1302C4DD00A264FEAE67B324629
:10CB10005B464FF0FF304FF0FF31D4F76DF93246EE
:10CB2000009088465B464FF0FF304FF0FF31D4F75E
:10CB300063F9002318461946A4F1300CBCF1090F23
:10CB400037D86446A64245DDB3F1FF3F15D0009BC0
:10CB5000834278EB01033AD3009B884508BF8342A8
:10CB600001D1A24233DB714300FB0B11A6FB000392
:10CB70001944201841EBE471012315F8014BDBE760
:10CB80002B2C04BF2C789D1CBAE7102EBDD1302C65
:10CB9000BBD12B7803F0DF03582BB6D16C7810266D
:10CBA0000235B2E72B7803F0DF03582BF6D00826C6
:10CBB000ABE7A4F1410CBCF1190F01D8373CC1E738
:10CBC000A4F1610CBCF1190F04D8573CBAE74FF03F
:10CBD000FF33D2E75A1C0AD1019922220A60184673
:10CBE0001946B9F1000F0AD103B0BDE8F08F17B1B3
:10CBF000404261EB4101B9F1000FF5D00BB105F1F5
:10CC0000FF3AC9F800A0EFE747C5030013460A46FC
:10CC1000014602480068FFF75FBF00BFD40B002049
:10CC200038B510EE105A25F00044B4F1A14FF0EEE3
:10CC3000407A10D3B4F1FF4F04D970EE007AB0EE11
:10CC4000670A38BDDFED4D7A9FED4D7A002DC8BFE4
:10CC5000F0EE477AF3E74B4B9C4210D8B4F1445FB7
:10CC60000AD29FED497A30EE077AF7EE006AB4EE09
:10CC7000E67AF1EE10FAE2DC4FF0FF3313E004F055
:10CC800054FF424B9C424FD8A3F5D0039C4241D85D
:10CC9000F0EE007ABFEE007AA0EE277A002330EEA5
:10CCA000270AC7EE007A5A1C27EEA76A9FED387A4A
:10CCB000DFED385A9FED385A66EE066AE6EE875A7F
:10CCC0009FED367AA5EEA67ADFED355AE7EE265AC5
:10CCD0009FED347AA5EEA67ADFED335AE7EE265AB9
:10CCE0009FED327AA6EE875A9FED317AA5EE267A2D
:10CCF0009FED305AA7EE265A9FED2F7AA5EE267AA1
:10CD000027EE267AA5EE867A27EE877A21D177EE6E
:10CD1000C77A94E7F7EE007A30EE677A30EE270AAA
:10CD20000123C7EE007ABEE7244B9C420BD8F7EEF6
:10CD3000087AB7EE007AA0EE277A022370EE676ACF
:10CD4000C6EE877AAFE7BFEE007AC7EE007A03231C
:10CD5000A9E71B4A1B4902EB830201EB8303D3EDD6
:10CD6000006A37EE667A002D37EE677AD2ED007AE8
:10CD700077EEC77AB8BFF1EE677A60E7DB0FC9BF1D
:10CD8000DB0FC93FFFFFDF3ECAF24971FFFF973F4C
:10CD9000D769853C59DA4B3D6BF16EBD356B883DEB
:10CDA0006E2EBA3D2549123EABAAAA3E21A215BD60
:10CDB00095879DBD388EE3BDCDCC4CBEFFFF1B409B
:10CDC000103B0300003B030010EE103A07B5124A77
:10CDD00023F00043934207D8DFED100A012003B08F
:10CDE0005DF804EB00F0E0BEB3F1FF4F04D330EE8A
:10CDF000400A03B05DF804FB684600F027FB4000E2
:10CE000000F00200DDED010A9DED000AC0F1010015
:10CE100000F0CAFEEDE700BFDA0F493F0000000056
:10CE200038B52DED028B55EC104BD8F7FDFE164BA7
:10CE3000B0EE408AF0EE608A93F9003001331CD0E6
:10CE400022462B4620462946D3F7F8FEA8B945ECE2
:10CE5000104B04F076FE0D4B51EC100B0022D3F773
:10CE6000E3FE50B103F035FBBDEC028B21230360E0
:10CE7000BDE838400648D9F74FBAB0EE480AF0EEA0
:10CE8000680ABDEC028B38BDE10C00200000F03FC9
:10CE9000979E030038B52DED028B55EC104B00F03A
:10CEA00085F8154BB0EE408AF0EE608A93F90030B9
:10CEB000013319D022462B4620462946D3F7BEFE21
:10CEC00090B90022002320462946D3F78FFE58B19F
:10CED00003F0FFFA212303600022002310461946C5
:10CEE000D3F73CFD41EC180BB0EE480AF0EE680AAF
:10CEF000BDEC028B38BD00BFE10C002008B52DED64
:10CF0000028BB0EE408A00F009F9134B93F9003020
:10CF10000133F0EE408A1AD0B4EE488AF1EE10FAEE
:10CF200015D6B0EE480A04F000FEF7EE007AB4EE33
:10CF3000E70AF1EE10FA0ADD03F0CBFABDEC028B42
:10CF400021230360BDE80840044800F051BFB0EE63
:10CF5000680ABDEC028B08BDE10C0020979E03001F
:10CF600008B52DED028BB0EE408A04F0E7FD0D4BC5
:10CF700093F90030013311D0B4EE488AF1EE10FA83
:10CF80000CD6DFED098AB4EEE88AF1EE10FA05D589
:10CF900003F09FFA88EEA80A21230360BDEC028B00
:10CFA00008BD00BFE10C0020000000002DE9F041A9
:10CFB000594A55EC104BAA432B4620460FD1224626
:10CFC0002946D3F7A1FB02460B4620462946D3F754
:10CFD000E5F904460D4645EC104BBDE8F081002D07
:10CFE0000DDC25F000422243F5D095B122462946BA
:10CFF000D3F7D2F902460B46D3F7B0FCE9E72A157E
:10D0000015D1002109E0C30A153A4005002BFAD0DA
:10D01000F7E72A46FAE75B000131DD02FBD54C1E3B
:10D02000121BC1F1200420FA04F423438840C3F307
:10D030001303D40743F480135CBF5B0003EBD0738E
:10D04000A2F2FF3558BF40005B0000266D1003EBD5
:10D05000D07347004FF0160EB0464FF4001208EBA5
:10D0600002019942DEBF5B1A02EB0108B6185B00B1
:10D07000BEF1010E03EBD7734FEA52024FEA4707A6
:10D08000EDD1F44620204FF00041984501EB0E020F
:10D090002FDB0BD1BA4209D8002A01EB020E02DACB
:10D0A000BEF1000F2CDA0023BF1A8C445B0001385C
:10D0B00003EBD7734FEA51014FEA4707E5D13B43F2
:10D0C00008D0BCF1FF3F13BF0CF1010301368446C9
:10D0D00023F0010C72104FEA5C03F10702F17F525A
:10D0E00002F5001248BF43F0004302EB0551184619
:10D0F0006FE7002A01EB020E0BDABEF1000F08DB2E
:10D1000008F10104BA42A3EB080300D9013BA04691
:10D11000CAE74446F6E700BF0000F07F08B510EE0E
:10D12000103A23F00042B2F17E5F2DED0C8B0AD154
:10D130009FED650ADFED657A002BC8BFB0EE670A88
:10D14000BDEC0C8B08BD04D930EE408A88EE080A8D
:10D15000F6E7B2F17C5F3CD2B2F10C5F40F2B180F5
:10D1600060EE007ADFED5A6A9FED5A7A9FED5A6AB7
:10D17000A7EEA67ADFED596AE7EE276A9FED587AA7
:10D18000A6EEA77ADFED576AE7EE276A9FED567A9B
:10D19000A6EEA77ADFED556AA7EEA66ADFED546A20
:10D1A000E6EE276A9FED536AA6EEA76AF7EE006ADD
:10D1B000E6EE276A27EE277ADFED4F7A87EE266ABA
:10D1C000E0EE467A70EE677A9FED4C0A30EE670A21
:10D1D000B6E7002BDFED3EDADFED3ECA9FED3FCA3A
:10D1E000DFED3FBA9FED3FBADFED3F8A9FED3FDABB
:10D1F000DFED39AA9FED3EAADFED3E9AB7EE009A29
:10D20000F6EE007A28DA30EE098A28EE270AE0EEF8
:10D210002DCAE0EE0DAAACEE80CAAAEE80AAECEE12
:10D2200000BAEAEE009AABEE80BAA9EE809AEBEE75
:10D23000008A68EE808A04F081FC88EE897ADFED4E
:10D24000307AE0EE077AB0EE007A77EE807A9FEDE2
:10D250002D0AA7EEC70A73E739EE408A28EE278A1F
:10D26000B0EE480A04F06AFCE8EE2DCAE8EE0DAA1A
:10D27000ACEE88CAAAEE88AAECEE08BA10EE103A14
:10D28000ABEE88BA23F47F6323F00F03EAEE089A2B
:10D2900007EE903AEBEE088AB0EE486AA7EEE76A2E
:10D2A000A9EE889A70EE276A68EE888A86EE267A5A
:10D2B000C8EE896AA0EE267A37EE870A30EE000AB9
:10D2C0003EE79FED110A3BE7DB0F494000000000FD
:10D2D00008EF1138047F4F3A613330BF461124BD47
:10D2E000A80A4E3E90B0A6BEABAA2A3E2EC69D3DD1
:10D2F0002D57014039D119C06821A233DA0FC93F37
:10D300006821A2B3DA0F4940DB0FC93F10EE902A23
:10D3100022F00041B1F1FF4F10B5F0EE407A06D88F
:10D3200010EE100A20F00043B3F1FF4F04D977EE5E
:10D33000A07AB0EE670A10BDB2F17E5F03D1BDE8FE
:10D340001040FFF76DBC941704F0020444EAD07457
:10D3500043B9022C5ED09FED347A032C08BFF0EE67
:10D36000477AE6E741B9DFED317A9FED317A00285F
:10D37000B8BFF0EE477ADCE7B1F1FF4F10D1B3F15F
:10D38000FF4F04F1FF3407D1022C46D8294B03EBA1
:10D390008403D3ED007ACCE7022C41D8264BF6E784
:10D3A000B3F1FF4FDFD05B1AB3F1F45F4FEAE35103
:10D3B0001ADA002A01DA3C3119DB87EEA00A04F000
:10D3C000B4FBFFF72DFCF0EE407A012C12D0022CBA
:10D3D00017D0002CADD09FED197A77EE877A9FEDAC
:10D3E000187A77EEC77AA4E7DFED107AEDE7DFED84
:10D3F000157AEAE717EE903A03F1004307EE903A08
:10D4000097E79FED0E7A77EE877A9FED0D7A77EEAC
:10D41000677A8EE7DFED0A7A8BE7DFED0B7A88E734
:10D42000DFED087A85E700BFDB0F49C0DB0FC93F9E
:10D43000DB0FC9BF2C3B0300203B03002EBDBB33D9
:10D44000DB0F494000000000DB0F493FF0B510EE54
:10D45000106A884B26F000459D4287B0044605D8E7
:10D46000002380ED000A4360002022E0824B9D42B1
:10D470003AD826F00043002E9FED807A804A23F0B0
:10D480000F0318DD934270EE477A09BF9FED7D7A56
:10D49000DFED7D6ADFED7D6A77EEC77A37EEE67AFB
:10D4A00077EEC77A80ED007A77EEE67AC0ED017A02
:10D4B000012007B0F0BD934270EE077A09BF9FEDDF
:10D4C000717ADFED716ADFED716A77EE877A37EE98
:10D4D000A67A77EEC77A80ED007A77EEA67AC0ED6D
:10D4E000017A4FF0FF30E4E7694B9D4273D804F0B6
:10D4F0001CFB9FED687AF6EE007AE0EE077AFDEE0F
:10D50000E77AB8EEE77A17EE900ADFED5C7AA7EEDD
:10D51000670A1F28DFED5C7A67EE277AB1EE476A6B
:10D5200070EE676A16EE901A09DC5B4A471E26F019
:10D53000004352F8272023F0FF03934207D1C1F3A1
:10D54000C752C2EBD552082A4FEAE55314DC2160DA
:10D5500094ED007A30EE470A002E30EE670A84ED33
:10D56000010AA6DAB1EE477AB1EE400A84ED007AFC
:10D5700084ED010A40429CE7DFED425AF0EE406A3A
:10D58000E6EE256A70EE667AE6EE257ADFED3F5A22
:10D59000D7EE257A76EEE75A15EE902AC2F3C751F8
:10D5A0005B1A192B04DCC4ED005AB0EE660ACFE713
:10D5B000DFED3A5AB0EE660AA6EE250A76EEC07A9C
:10D5C000DFED376AE6EE257AD7EE267A30EE677A17
:10D5D00084ED007ABCE7B5F1FF4F06D370EE407AD8
:10D5E000C0ED017AC0ED007A3EE7EA15863AA5EB78
:10D5F000C25307EE903ABDEEE77ADFED2A6AB8EE45
:10D60000C77A77EEC77A8DED037A67EEA67ABDEE1C
:10D61000E77AB8EEC77A77EEC77A8DED047A67EECF
:10D62000A67AF5EE407AF1EE10FACDED057A1ED12C
:10D63000B5EE407AF1EE10FA0CBF012302231A492D
:10D6400001910221009103A8214600F02FF8002E3D
:10D65000BFF62FAFD4ED007AF1EE677AC4ED007A11
:10D66000D4ED017AF1EE677AC4ED017A82E7032303
:10D67000E5E700BFD80F493FE3CB1640800FC93F15
:10D68000D00FC93F004435374344353708A3852EB2
:10D69000800F494384F9223F383B030000A3852EC5
:10D6A00032318D2400008043B83B03002DE9F04F58
:10D6B0002DED048BD9B090469B46669ABE4BDDF8A3
:10D6C0009CC153F822A0019018F1040F0F460BF1F2
:10D6D000FF3325DBB8F1030248BF08F10402D21082
:10D6E000551CE900D41A9FEDB87A0291A8EBC50544
:10D6F0000AEB03060DF170090CEB840E0021B14218
:10D7000010DD1CA901EB8B010DF58879002656452B
:10D7100026DCDDF804E0DFEDAC7A0C46002016E0F4
:10D720000022DDE7CC425DBF5EF8210007EE900AE3
:10D73000F8EEE77AF0EE477AE9EC017A0131DEE7BC
:10D74000FEEC016A94ED007AE6EE877A01309842A9
:10D75000A4F10404F4DDE9EC017A01360431D6E7E2
:10D7600008A901EB8A010CEB8202DFED968A9FED9E
:10D77000949A049103925446A200059258AA02EB8F
:10D78000840212ED140A44A908AA01EB840116468A
:10D7900020460028A1F104014EDC2846CDE90632DE
:10D7A00000F02CFBB0EE408AB4EE000A28EE000A2E
:10D7B00000F0DAFAF2EE007AA0EE678A002DDDE9D9
:10D7C0000632FDEEC87A17EE909AF8EEE77A38EE58
:10D7D000678A43DD601E08A9C5F1080C51F8206076
:10D7E00046FA0CF1894401FA0CF1761A08A941F8BD
:10D7F0002060C5F107010E41002E3EDD4FF0000C08
:10D8000009F10109604664456ADC002D05DD012D42
:10D8100000F08380022D00F08B80022E2DD1B7EE18
:10D82000000A30EE488A40B32846069300F0E6FA34
:10D83000069B38EE408A20E060EE287A0138FDEE43
:10D84000E77AF8EEE77AA7EEC90ABDEEC00AA6ECC1
:10D85000010A91ED000A37EE800A9AE705D1611EB0
:10D8600008A850F821603612C6E7F6EE007AB4EE4A
:10D87000E78AF1EE10FA31DA0026B5EE408AF1EED1
:10D8800010FA40F0A380611E0020514557DA0028AD
:10D8900071D0013C08AB083D53F82430002BF8D080
:10D8A0002846B7EE000A00F0A9FA631C44AA9FEDCF
:10D8B000457A990002EB83022346002B80F2B48064
:10D8C0002346002BC0F2D28044AA02EB8305DFF886
:10D8D000ECC0DFED3D7A0020E21ABCE002268DE7C5
:10D8E00096465EF8041B60B981B10CF1010CC1F5DC
:10D8F000807164454EF8041C0DDDDEF8001002F165
:10D90000080EC1F1FF014EF8041C01210CF1010CBD
:10D910007246084677E7012077E7611E08AA52F8A9
:10D92000212002F07F020DF1200C4CF8212074E739
:10D93000611E08AA52F8212002F03F02F3E708AA6C
:10D9400052F82120013910439FE7013251F8040DAC
:10D950000028FAD0059901F5B071694404EB0B0079
:10D960000DF1700C661C4C390CEB80002244B24265
:10D9700004DA144600E704990122E7E7039CDDF886
:10D9800004C054F82640059407EE904AF8EEE77A72
:10D990000024E0EC017ADFED0C7A86469C4203DD40
:10D9A000E1EC017A0136E2E7FCEC016A3EED017A36
:10D9B0000134E6EE877AF1E7FC3E0300D03E030037
:10D9C000000080430000803B00000000029BB0EE9E
:10D9D000480AA3EB080000F011FA1FED077AB4EE35
:10D9E000C70AF1EE10FA19DB5FED0A7A60EE277ACA
:10D9F00008AAFDEEE77A0835F8EEE77AA7EEC70A3F
:10DA0000FDEEE77ABDEEC00A10EE103A42F824307F
:10DA100017EE903A013442F8243041E7BDEEC00AD7
:10DA200008AA10EE103AF6E708A850F82300019073
:10DA300007EE900AF8EEE77A013B67EE807A20EE77
:10DA4000070A62ED017A38E7FCEC016AB5EC017A6D
:10DA5000E6EE877A0130504501DC8242F4DA58A8BC
:10DA600000EB820242ED287A013B2AE7669B022BFB
:10DA700009DC002B2BDC44D009F0070059B0BDECC9
:10DA8000048BBDE8F08F669B032BF5D130AA0B1FEA
:10DA900013441A4620460028A2F1040252DC224612
:10DAA000012AA3F104035DDC30AB5FED397A0B444E
:10DAB000012C67DCDDED306A9DED317A002E67D1F7
:10DAC000C7ED006A87ED017AC7ED027AD4E730AB83
:10DAD0001FED437A0B442246002A24DA4EB3F1EEBE
:10DAE000477AC7ED007ADDED307A77EEC77A31AA52
:10DAF00001239C4220DA0EB1F1EE677AC7ED017A7C
:10DB0000BAE730AB5FED507A0B44002C05DA0EB16A
:10DB1000F1EE677AC7ED007AAEE733ED017A013CAA
:10DB200077EE877AF1E773ED017A013A37EE277ADB
:10DB3000D2E7F0EE477AD4E7B2EC017A013377EE20
:10DB4000877AD6E7D2ED007AD2ED016A37EEA67A6F
:10DB5000013877EEC77A82ED007A77EEA67AC2EDC9
:10DB6000017A98E7D3ED007AD3ED016A37EEA67A11
:10DB7000013A77EEC77A83ED007A77EEA67AC3EDA5
:10DB8000017A8DE733ED017A013C77EE877A8FE7F2
:10DB9000F1EE666AB1EE477AC7ED006A87ED017A69
:10DBA000F1EE677A90E700BF08B510EE103A23F067
:10DBB0000042B2F1465FF0EE407A17D2BDEEC07A75
:10DBC00017EE101A41BB431C134308D103F0ADFFFD
:10DBD000B7EE007AC7EE007AB0EE670A08BD0128FA
:10DBE000FAD0BFEE007AC7EE007AF5E74C498A42D8
:10DBF00012D3002B9FED4B7AB8BFF1EE407A37EE8F
:10DC0000677ADFED497AB8BFF1EE600A77EEE07A25
:10DC1000DFED460A77EE877A67EEA76ADFED445AB2
:10DC20009FED446A9FED445A3D4926EEA67A8A420A
:10DC3000A7EE256ADFED415AE6EE075A9FED406AEE
:10DC4000A5EE876ADFED3F5AE6EE075A9FED3E6A82
:10DC5000A5EE876ADFED3D5AE7EE055A9FED3C5A87
:10DC6000A5EE875ADFED3B5AE5EE075A9FED3A5A8B
:10DC7000A5EE875ADFED395AE5EE075AB0EE467A3F
:10DC8000A5EEA67A27EEA65AB0EE606AA7EE056A60
:10DC90009FED337AE6EE260AE5EE070A37EEA06A34
:10DCA0001DD307EE100AB8EEC77A26EE065A36EEF6
:10DCB000076A9B17C5EE065A03F00203C3F101037E
:10DCC00006EE903A35EEE06AF8EEE66A77EEC67A4E
:10DCD000B0EE006AA7EEC67A66EE877A7CE7012886
:10DCE0001BD0204B16EE102A1A4005EE902A75EE36
:10DCF000E77AB7EE007A70EEE70AFFEE007AC7EE39
:10DD0000866A16EE902A134007EE903AA5EEA77A9F
:10DD1000A0EEA77AE7EE267A5EE7F0EE467A5BE7BA
:10DD200040A12C3FDA0F493F682122330000000058
:10DD30005FAE9BB745F4A3388453D937C8261A3A47
:10DD400016696B3BA427B33C8988083E7AC0953896
:10DD5000B937813948DEBE3A1F37113CD10D5D3DE0
:10DD6000ABAAAA3E00F0FFFF10EE103AC3F3C75271
:10DD70007F3A162A23F000412BDC002A12DADFED6D
:10DD8000197A30EE270AB5EEC00AF1EE10FA06DD78
:10DD9000002B24DA0029144B08BF4FF0004300EE9B
:10DDA000103A7047114911410B42FAD0DFED0D7A5C
:10DDB00030EE270AB5EEC00AF1EE10FAEFDD002BC7
:10DDC000BEBF4FF4000040FA02F29B1823EA0103A1
:10DDD000E5E7B1F1FF4FE4D330EE000A70470023CE
:10DDE000DDE700BFCAF24971000080BFFFFF7F007E
:10DDF0009FED010A704700BF0000C07F10EE103A8F
:10DE000033F000422AD0B2F1FF4F02D330EE000AC5
:10DE1000704713F0FF4F22D1224BDFED237A984257
:10DE200020EE270A16DB10EE103AC3F3C752193A58
:10DE30001044FE2815DDDFED1D7ADFED1D6A10EEC2
:10DE4000103AB0EE677A002BB8BFF0EE667A27EE94
:10DE5000870A7047DFED177A27EE800A7047D20DE8
:10DE6000E6E7002806DD23F0FF4343EAC05300EE57
:10DE7000103A704710F1160F09DADFED0E7ADFED78
:10DE80000E6A10EE103AB0EE677A002BDCE719301C
:10DE900023F0FF4343EAC0539FED080A07EE903A90
:10DEA000DAE700BFB03CFFFF0000004CCAF2497146
:10DEB000CAF249F16042A20D6042A28D0000003317
:10DEC000704708B503F089FD4FF47A72A0FB020396
:10DED00002FB0131C00B40EA4140C90B08BD08B547
:10DEE00003F07BFD4FF47A72A0FB020302FB0131C9
:10DEF000C00B40EA4140C90B08BDFDF7F1BB38B586
:10DF0000002120EAE0744FF4004540F2E7304FF47E
:10DF10007A720023C4FB0501D2F76EFFBDE83840DA
:10DF2000FDF7A2BB704708B503F057FD4FF47A72B6
:10DF3000A0FB020302FB0131C00B40EA4140C90BC8
:10DF400008BD08B50A460021FEF7BCFDB0F1004F40
:10DF500071F1FF3306DA02F0BCFA222303604FF0BE
:10DF6000004008BDB0F1004F71F10001F9DB02F093
:10DF7000B0FA222303606FF00040F2E70A46002166
:10DF8000FEF744BE03F029BD08B5FFF7FBFF4FF4D1
:10DF90007A72A0FB020302FB0131C00B40EA414050
:10DFA000C90B08BD0120FDF79BBB014640F2E730DD
:10DFB00008B54FF47A72002300EBC1304914D2F750
:10DFC0001BFFBDE80840FDF74FBB70477047704727
:10DFD0007047704700207047704770477047704720
:10DFE00070477047704738B52DED028BD0ED007A41
:10DFF000F5EE407AF1EE10FA0D461446B0EE408A86
:10E000000DD1D0ED017AF5EE407AF1EE10FA06D19D
:10E01000D0ED027AF5EE407AF1EE10FA03D0B0EED0
:10E02000480ADCF757FCB0EE480A2846DCF778FCD3
:10E03000B0EE480ABDEC028B2046BDE83840DCF764
:10E04000ABBC704713B50223044601AA222100206D
:10E05000E0F79CFE18B1DDF72BF802B010BD9DF87B
:10E0600004209DF805300AB9802B0CD0BDF904308E
:10E0700007EE903AFAEEEB7AB3EE077A77EE877A0C
:10E08000C4ED007AE9E70120E7E7FDF729BB014687
:10E0900040F2E73008B54FF47A72002300EBC1304C
:10E0A0004914D2F7A9FEBDE80840FDF7DDBA10B566
:10E0B0000378012B04460CD180227721002000F048
:10E0C000B7F8621C0323BDE8104078210020E0F778
:10E0D00073BE10BD13B58DF80400C0F303208DF896
:10E0E0000500022301AA60210020E0F765FE04225A
:10E0F00004466521002000F09BF8044301D0DDF7C1
:10E100001BFD332002B010BD014640F2E73008B5D8
:10E110004FF47A72002300EBC1304914D2F76CFE41
:10E12000BDE80840FDF7A0BA13B50223ADF804001E
:10E1300001AA1E210020E0F73FFE0222044616211C
:10E14000002000F075F8044301D0DEF7E5F8332035
:10E1500002B010BD13B50223044601AA0C21002011
:10E16000E0F714FE18B1DEF7F5F802B010BDBDF807
:10E170000430DBBA07EE903AFAEEEC7AB3EE097AA5
:10E1800077EE877AC4ED007AEFE7FDF7A9BA07B515
:10E1900001238DF807200DF10702DEF757FB03B0CE
:10E1A0005DF804FB0123DEF795BB08B503F015FC11
:10E1B0004FF47A72A0FB020302FB0131C00B40EA6C
:10E1C0004140C90B08BD13B50223044601AA202112
:10E1D0000020E0F7DBFD18B1E0F7B6FA02B010BDA1
:10E1E000BDF9043007EE903AFAEECC7AB3EE097A34
:10E1F00077EE877AC4ED007AF0E730B40C4601463A
:10E20000134651F8040B826815682246AC4630BCB0
:10E210006047F0B40C2707FB0214866814F8045C0E
:10E2200045F0020504F8045CB468A446F0BC6047FD
:10E2300007B58DF804108DF8052001A90222E0F73A
:10E2400051FC03B05DF804FB08B503F0C6FB4FF4C6
:10E250007A72A0FB020302FB0131C00B40EA41408D
:10E26000C90B08BD08B5062202234C210120E0F7A6
:10E27000FDFD18B1BDE80840E1F7E2BA08BD08B5F8
:10E28000042206210120FFF7D3FF18B1BDE80840A2
:10E29000E1F76ABD08BD08B503F09FFB4FF47A7241
:10E2A000A0FB020302FB0131C00B40EA4140C90B55
:10E2B00008BD08B503F091FB4FF47A72A0FB02038E
:10E2C00002FB0131C00B40EA4140C90B08BD00B55B
:10E2D0002DED028B83B0022301AA6E210120E0F70D
:10E2E00055FDBDF9043008EE103ABAEEEE8A08B1D9
:10E2F000E2F700FAB0EE480A03B0BDEC028B5DF81D
:10E3000004FB012208B522211046FFF791FF18B146
:10E31000BDE80840E2F794BB08BD00B52DED028BC7
:10E3200083B0022301AA2E210120E0F72FFDBDF9C1
:10E33000043008EE103ABAEEEE8A08B1E2F79EFB1E
:10E34000B0EE480A03B0BDEC028B5DF804FB08B5E3
:10E3500003F043FB4FF47A72A0FB020302FB01318E
:10E36000C00B40EA4140C90B08BD10B580220B210B
:10E370000120FFF75DFF002204460B210120FFF77B
:10E3800057FF044303D0BDE81040E2F73BBF10BD88
:10E39000D20003F06EBB2DE9F04F8BB00C46079313
:10E3A00013460133DB000493083B0993079B00905D
:10E3B00023EAE373DB00019205934FF00008019B11
:10E3C000984537DA059BDDF800B00694E31808930A
:10E3D000D946C24626462AE0F6E80223F5E80201BD
:10E3E000D2F792F9DDE90223D1F7D8FFC9E900019C
:10E3F000013799ED007B079B9F428DED027BEBDBA4
:10E40000DDE905361E44099B8BED007B9B44019B97
:10E410000AF1010A534509F1080907D1009A049B42
:10E42000089C1A44009208F10108C8E706962546A0
:10E430000027DEE70BB0BDE8F08F2DE9F04106467E
:10E44000D700DDE907020C46069901FB002203EB29
:10E45000C2054FEAC108002C01DCBDE8F081294665
:10E4600030463A4603F005FB45443E44013CF2E7A2
:10E47000F8B500EBC306DF000D46144651EC100B57
:10E48000D6E90023D1F78AFF3D443C440022002313
:10E49000C6E90001C5E90001C4E90023F8BD2DE982
:10E4A000F04F87B08DED000B8DED021B8B180E46E3
:10E4B000154600EBC20700EBC304B54202DB07B010
:10E4C000BDE8F08FD7E900ABDDE90023504659469F
:10E4D000D2F71AF9D4E90089CDE90401DDE9022374
:10E4E00040464946D2F710F902460B46DDE90401E1
:10E4F000D1F754FFE7E80201DDE90001F4E8022367
:10E50000D2F702F9DDE90223804689465046594692
:10E51000D2F7FAF802460B4640464946D1F73CFF8F
:10E52000013544E90201C8E72DE9F04F89B0531CD9
:10E53000D4008DED020B8DED041B079304F108034D
:10E54000054606934FEAC10A0026079B9E4202DD5C
:10E5500009B0BDE8F08F04EB050B069B9BED007B3B
:10E560005F19D7E90023DDE904018DED007BD2F7C7
:10E57000CBF8DDE9022380468946DDE90001D2F7C8
:10E58000C3F802460B4640464946D1F707FFCBE9A0
:10E590000001D7E90023DDE90201D2F7B5F8DDE992
:10E5A000042380468946DDE90001D2F7ADF8024632
:10E5B0000B4640464946D1F7EFFE0136C7E9000158
:10E5C0005544C2E72DE9F04FD60089B006F10803A3
:10E5D0008DED020B8DED041B0693CB0004460D461A
:10E5E00007930027AF4202DB09B0BDE8F08F06EBCE
:10E5F000040B069B9BED007B03EB040ADAE9002386
:10E60000DDE904018DED007BD2F77EF8DDE9022320
:10E6100080468946DDE90001D2F776F802460B46CE
:10E6200040464946D1F7BAFECBE90001DDE90201D7
:10E63000DAE90023D2F768F8DDE904238046894649
:10E64000DDE90001D2F760F80B4602464946404634
:10E65000D1F7A2FE079BCAE9000101371C44C1E7BC
:10E660002DE9F0412DED048B88B01C46149BDDF89C
:10E670004880029306AB019304AB16460F46009305
:10E680002246139B41460546E3F702FD9DED048BB0
:10E690009DED069BB0EE480AF0EE680A434622461E
:10E6A0003146B0EE491AF0EE691A2846E3F77AFDD2
:10E6B000B0EE491AF0EE691AB0EE480AF0EE680AB8
:10E6C0000346224631462846CDE9127808B0BDEC13
:10E6D000048BBDE8F041D3F737BF2DE9F04F55EC7F
:10E6E000124B87B007460E4622462B462046294647
:10E6F0005BEC13AB8DED000B8DED021BD2F704F834
:10E700005246804689465B4650465946D1F7FCFF43
:10E7100002460B4640464946D1F740FEDDE900235C
:10E720008046894620462946D1F7EEFFDDE90223DF
:10E73000CDE9040150465946D1F7E6FF02460B46A3
:10E74000DDE90401D1F72AFE42464B46D2F706F92D
:10E75000DDE90223C7E9000120462946D1F7D4FFAD
:10E76000DDE9002304460D4650465946D1F7CCFF5B
:10E7700002460B4620462946D1F70EFE42464B463E
:10E78000D2F7ECF8C6E9000107B0BDE8F08F2DE93B
:10E79000F04FCC0004F1080700238B4201DBBDE8F9
:10E7A000F08F013300F1080622181D468D4201D179
:10E7B0003844F2E7D2E90089D6E900AB0135C2E975
:10E7C00000ABE6E802892244F0E72DE9D04300EBF4
:10E7D000C10100EBC200069A0024D2009C4201DB7A
:10E7E000BDE8D083D1E90067D0E900890134C1E9EF
:10E7F0000089C0E9006711441044EFE7F0B55A43BF
:10E80000594300EBC10100EBC20000229A4200DB39
:10E81000F0BDD1E90045D0E900670132E1E80267C7
:10E82000E0E80245F2E70120FCF75ABF08B503F023
:10E83000D4F84FF47A72A0FB020302FB0131C00B43
:10E8400040EA4140C90B08BD4FF0FF3070477047A8
:10E8500070474FF0FF30704700207047FF2070472F
:10E8600070474FF0FF30704700207047002070471E
:10E870004FF0FF3070474FF0FF30704770474FF058
:10E88000FF307047704770477047704710B54B882E
:10E89000834202D8088810BD04310B884C886BB1C4
:10E8A000A042F9D331F8042C31F8021C001BD21A13
:10E8B0004243091BB2FBF1F2D018ECE7A042F1D2BF
:10E8C0001846E8E71FB5102269460820E7F7D4F894
:10E8D000BDF9020040EAE07005B05DF804FB1FB529
:10E8E000102269460820E7F7C7F8BDF9000040EAA2
:10E8F000E07005B05DF804FB1FB5102269460820E2
:10E90000E7F7BAF8DDE9020105B05DF804FB01465E
:10E9100040F2E73008B54FF47A72002300EBC130C3
:10E920004914D2F769FABDE80840FCF79DBE70476C
:10E9300008B503F052F84FF47A72A0FB020302FB11
:10E940000131C00B40EA4140C90B08BD014640F20D
:10E95000E73008B54FF47A72002300EBC130491458
:10E96000D2F74AFABDE80840FCF77EBE09B1E5F7E8
:10E97000D9BF10B10220E5F79FBF0120FBE708B522
:10E9800010B10020E6F706F9BDE808400320E5F7DE
:10E9900093BF08B508B1E6F7BFF8BDE8084004200A
:10E9A000E5F78ABF08B510B10120E6F7F3F8BDE836
:10E9B00008400520E5F780BF4FF420300021FCF728
:10E9C00053BE0020704708B503F007F84FF47A7281
:10E9D000A0FB020302FB0131C00B40EA4140C90B1E
:10E9E00008BD014640F2E73008B54FF47A720023C3
:10E9F00000EBC1304914D2F7FFF9BDE80840FCF73D
:10EA000033BE08B500230B60002002F0CEFE10B12B
:10EA100000239B68FFDE4FF0FF3008BD00207047E9
:10EA2000002070470020704738B590ED010A90ED46
:10EA3000027AD0ED037A2DED028B90ED008A20EE64
:10EA4000000A08EE080A04460D4607EE070A07EE1C
:10EA5000A70AFEF785FAB5EE400AF1EE10FA15D0D6
:10EA6000C8EE007AC5ED007A94ED017AC7EE007A1F
:10EA7000C5ED017A94ED027AC7EE007AC5ED027A0F
:10EA800094ED037AC7EE007AC5ED037ABDEC028BF4
:10EA900038BD91ED016AD0ED017AD0ED006A91EDBB
:10EAA000007A67EE867A56EE877AD0ED026A91EDAB
:10EAB000027A46EEC77AD0ED036A91ED037A46EE0C
:10EAC000C77AC2ED007A91ED016AD0ED007AD0EDFF
:10EAD000016A91ED007A67EE867A46EE877AD0ED8C
:10EAE000036A91ED027A46EEC77AD0ED026A91EDA3
:10EAF000037A46EE877AC2ED017A91ED016AD0ED94
:10EB0000037AD0ED026A91ED007A67EE867A46EEDE
:10EB1000877AD0ED006A91ED027A46EE877AD0EDE1
:10EB2000016A91ED037A46EEC77AC2ED027AD0ED22
:10EB3000027A91ED016AD0ED036A91ED007A67EEF9
:10EB4000867A56EE877AD0ED016A91ED027A46EE2A
:10EB5000877AD0ED006A91ED037A46EE877AC2EDAE
:10EB6000037A704703680B60D0ED017AF1EE677AA3
:10EB7000C1ED017AD0ED027AF1EE677AC1ED027A49
:10EB8000D0ED037AF1EE677AC1ED037A704710B5E4
:10EB900003468CB01446002200921A68019208467F
:10EBA0005A689B68029204A9039308AAFFF7DAFF48
:10EBB0006946FFF76EFF0A4608A804A9FFF769FF38
:10EBC000019B2360029B6360039BA3600CB010BD9C
:10EBD000D1ED007A90ED007A90ED010AD1ED026A54
:10EBE00037EE677AD1ED017A30EE670AD0ED027A1E
:10EBF00020EE000A07EE070A77EEE67A07EEA70A8C
:10EC0000FEF7AEB908B52DED028BD1ED016A90ED9E
:10EC1000007AD1ED007AB0EE408A90ED010A20EE44
:10EC2000260A07EE270A90ED027AD1ED027AD0ED9E
:10EC3000036A07EE270A91ED037AF0EE407A46EE7A
:10EC4000877AB0EEE70AF7EE007AB4EEE70AF1EE63
:10EC500010FA0DDCFEF752F930EE000AB4EEC80AE5
:10EC6000F1EE10FA4CBF01200020BDEC028B08BD74
:10EC70000120FAE708B52DED028BD1ED007AD0ED39
:10EC8000006A91ED017A91ED026A76EEE76AD0EDC5
:10EC9000017A77EEC77AB0EE408A90ED027A27EEDD
:10ECA000A70A06EEA60A37EE467A07EE070AFEF72F
:10ECB00057F9B4EEC80ABDEC028BF1EE10FA4CBF66
:10ECC0000120002008BD90ED017AD0ED007A77EEAA
:10ECD000877A90ED027A77EE877AB0EE080A87EEAF
:10ECE000800A7047D1ED007A90ED006A91ED017ACB
:10ECF000D0ED026AD1ED035A36EE676AD0ED017AA3
:10ED000077EEC77A91ED027A76EEC76A91ED047AD2
:10ED100027EE877A06EE257AD1ED055A06EEA57A1A
:10ED200080ED007A91ED077AD1ED065A27EE877AC9
:10ED300006EE257AD1ED085A06EEA57A80ED017A25
:10ED4000D1ED0A5A91ED097A67EEA57A46EE077A77
:10ED500091ED0B7A46EE877AC0ED027A7047D0EDDE
:10ED6000017A91ED015A90ED004A91ED006AD0EDE3
:10ED7000025AD1ED023AD0ED036AD1ED034A27EEF3
:10ED8000857A14EE067A05EEE37A06EEE47A82EDF1
:10ED9000007A26EE277A04EE057A05EEA47A03EED1
:10EDA000E67A82ED017A27EEA47A67EEA37A14EE72
:10EDB000237A44EE247A06EE257A45EE657A05EE4E
:10EDC000267A46EE267A82ED027AC2ED037A704701
:10EDD000D0ED027AD0ED035AD0ED016AD0ED001AE1
:10EDE000D1ED012A91ED002A91ED023A77EEA74A82
:10EDF00035EEA57A64EEA74AB7EE006A2DED048BD6
:10EE000067EEA63A65EEA18A27EE257AB0EE465A5D
:10EE100036EE646A25EEA64A27EEA10A72EEA20A31
:10EE200067EEA57A76EE475A33EEE86A33EE038A48
:10EE300026EE206A05EE826A36EEA69A70EE045A35
:10EE400009EE665A05EE886A66EEA16A35EE477AE3
:10EE500082ED006A37EEE66A77EEA67A32EE021AA3
:10EE600073EEA83A34EE404A27EE227A67EEA07A93
:10EE700003EE817A44EE017A35EE645A06EE087AA2
:10EE8000BDEC048B45EE037A82ED017AC2ED027A85
:10EE900070472DE9F8432DED048BDDE90C4694ED28
:10EEA000007AD4ED017AB4EE477AF1EE10FA814699
:10EEB000B0EE409AB0EE608A174698464FEA810558
:10EEC00050D7F4EE677AF1EE10FA04F10803F7EE8A
:10EED000008A44D718462A46002102F0F2FDF0EEDF
:10EEE000687A0346C4ED017A4846324609EB050CC0
:10EEF0003146B0EC017AD3ED007A77EE877A84451B
:10EF0000E3EC017AD4ED016A87EEA67AA1EC017AEE
:10EF1000EFD1D4ED017A68EE270AF4EEC90AF1EEDA
:10EF200010FA18DB3544D7ED007AB2EC017A78EEAE
:10EF3000E77AAA4267EE877A04F1080444ED027A80
:10EF4000D7ED027AD8ED016A77EEE67A67EE877A36
:10EF500044ED017AE7D1BDEC048BBDE8F88377EE90
:10EF6000A87ABFE731460544F0EC016AD7ED007A94
:10EF700094ED007A97ED016A06EEA77A854204F1D6
:10EF80000804D8ED007A67EE277A56EE867A14EDFB
:10EF9000016A77EE867A44ED027AD8ED017A97ED30
:10EFA000026A67EE277A56EE867A44ED017AA1EC82
:10EFB000017AD9D1CFE7D0ED015AD1ED036AD1ED75
:10EFC000000A91ED061A91ED047AD1ED057A91EDE2
:10EFD000023AD1ED011A91ED072A91ED084A90ED20
:10EFE000046A90ED050AD0ED063AD0ED072AD0ED7F
:10EFF000084A2DED048B90ED009AD0ED028A90ED39
:10F00000038A25EEA65A09EE205A08EE815A82EDAF
:10F01000005A25EE875A65EEA75A49EE035A48EE84
:10F02000845A09EE215AC2ED025A66EE865A40EE23
:10F03000885A41EE005A66EEA26AC2ED035A67EEA4
:10F04000065A27EE866A27EE227A67EEA27A41EE0A
:10F05000885A03EE086A40EEA36A01EEA37A43EEF3
:10F06000237A08EE825ABDEC048B42EE005A04EE7D
:10F07000006A41EE246A02EE247A44EE247A82ED9C
:10F08000015AC2ED045A82ED056AC2ED066A82EDAC
:10F09000077AC2ED087A70470A4601461030FFF73A
:10F0A0005EBE0A4601460020E8F79CBA836800EB82
:10F0B000C101B3F5004F2CBF51F8220031F8120006
:10F0C000704700EBC1018068B0F5004F2CBF41F8DC
:10F0D000223021F81230704708B50122FFF7E6FF11
:10F0E000D04008BD8368B3F5004F00EBC10108D3E1
:10F0F0004B681AB143F001034B60704723F00103E2
:10F10000FAE74B881AB143F001034B80704723F0B4
:10F110000103FAE753000122FFF7D3BF8368B3F579
:10F12000004F34BF04230823C91A081AC0087047C7
:10F13000B0F5004F34BF042308230731C818C008B6
:10F14000704708B50A460121FFF7F2FF0132121A93
:10F15000B2FA82F0C0F11F0008BD2DE9F041174658
:10F1600003220E460446FFF7A1FF8642054607F13B
:10F1700004080AD1E3680122BA4023EA0203E360EB
:10F18000002344F82830BDE8F081314602222046B1
:10F19000FFF78CFF2B460646014644F828502046D0
:10F1A0000322FFF78EFF3346294620460222BDE8A0
:10F1B000F041FFF786BF70B50D4686680446FFF73D
:10F1C0008BFFB6F5004F014601D3012809D0304628
:10F1D000FFF7B7FF294602462046BDE87040FFF71B
:10F1E000BCBF70BD2DE9F047054680688846FFF733
:10F1F000A8FF05EB800A0646DAF81090B9F1000F77
:10F200001BD00327DAF8104028462146FFF764FF99
:10F21000404507D3324621462846FFF79EFF204649
:10F22000BDE8F087032221462846FFF73FFF013F54
:10F23000CAF8100001D08145E4D1EB6801364FF0E7
:10F24000FF34B4401C40EAD094FAA4F2B2FA82F23D
:10F25000131D55F82340DEE72DE9F041144605461D
:10F260000E46FFF739FFA4EB0608371B074442465A
:10F2700031462846FFF74EFF3A4621462846FFF71B
:10F2800049FF4346002221462846FFF71AFF214640
:10F290002846FFF721FF3B46211800222846BDE8FB
:10F2A000F041FFF70EBF2DE9F041164604460F4628
:10F2B000FFF712FF314605462046FFF70DFF0544D4
:10F2C0002A4639462046FFF725FF31462046FFF7FC
:10F2D00003FF2B46311800222046BDE8F041FFF71E
:10F2E000F0BE2DE9F0410D4686680446FFF7F4FEB6
:10F2F000B6F5004F014601D3012832D03046FFF762
:10F3000020FF04EB80010E6996B9E3680122824078
:10F310001343E36002220D612B4629462046FFF786
:10F32000D0FE032229462046BDE8F041FFF7C9BEC2
:10F33000022231462046FFF7B9FE2946034607461A
:10F340002046FFF7BEFE0322334629462046FFF73C
:10F35000B8FE39462B462046FFF7B3FE022231465F
:10F36000E1E7BDE8F081F8B50C460546FFF7B4FECD
:10F370002618012231462846FFF798FEC3070CD411
:10F3800031462846FFF717FF21462846FFF7A4FE1F
:10F39000214622182846FFF786FF002221462846EC
:10F3A000FFF784FE271A012239462846FFF77EFE22
:10F3B00010EA020613D139462846FFF7FCFE214623
:10F3C00032462846FFF772FE2246211A2846FFF7EA
:10F3D0006AFF214632462846FFF768FE241A214676
:10F3E0002846BDE8F840FFF77CBF70B5066809B94C
:10F3F000002070BDB068B0EBD10FF9D9FFF798FECF
:10F40000014605463046FFF7EDFE04460028EFD0E2
:10F4100001463046FFF760FEA84209D9254421463F
:10F4200030462A46FFF718FF29463046FFF759FFB6
:10F43000304601222146FFF755FEB368B3F5004F71
:10F4400034BF0423082303EBC4031844D1E7114657
:10F45000FFF7CBBF2DE9F04706460D461746984605
:10F460002BB398F8004093F80190DB78A40004EBEC
:10F47000430498F802301C4444444FF0000ACA4543
:10F4800009D3D8F8042008F1080339463046AC46C1
:10F49000BDE8F047604714F8013B48F82340204698
:10F4A000D1F70EFD013004440AF1010AE7E76FF0DD
:10F4B0001500BDE8F08770B50025024628461446C1
:10F4C00014F8013B0BB9184609E098B18D4207D1F9
:10F4D000702B04D0A3F140023A2A0BD8002070BD53
:10F4E000A3F140063A2E05D853780135941C002B21
:10F4F000E9D00020252B08BF80F001002246DEE77E
:10F500000020704730B50C688B6814B14A689A4285
:10F5100002DC01338B6030BD013A9A4214BF0546CC
:10F520000025E5548B68F4E700F0EFBC0FB407B595
:10F5300004A951F8040B019100F0E7FC03B05DF859
:10F5400004EB04B070470CB407B504AB53F8042BBC
:10F550000193E8F76DFD03B05DF804EB02B070476E
:10F56000044608B5084611461A46A047FCF71CF9A0
:10F57000EDF79CFBD0E9002130B54FF03333A2FB0F
:10F580000324D51843EB0405A1FB0313521844EBE5
:10F590000304521944F10002891843F10003C0E941
:10F5A000001330BD10B50A68002A03460FDD013A8A
:10F5B0000A601A6844680A20A2FB001200FB0422B9
:10F5C000100F22F07042C3E90012303010BD30201D
:10F5D000FCE72DE9F0410746884615461E461446CD
:10F5E000B44205D30EB1601B08E02378002BFAD09B
:10F5F00014F8010B4146B8470028F1DABDE8F08164
:10F60000002383F31188BFF36F8F0423184602DFB2
:10F6100070470FB407B504A951F8040B0191FFF727
:10F6200083FF03B05DF804EB04B0704710B50369C5
:10F63000024613F0080009D11368D4689C4297BFB2
:10F64000526AE31AD31A01200B6010BD002318463A
:10F65000FAE713B501A90446FFF7E8FF20B1019BC3
:10F66000E268013B13440193606A019BC01A0138B0
:10F6700002B010BD10B5044650182269636AD20763
:10F6800002D5013B184010BD984228BFC01AFAE7C6
:10F6900010B504460A46C168FFF7ECFF2369E06035
:10F6A00023F00803236110BD38B50D46026A8B00B4
:10F6B000016843F0020342F82130044601682A46FB
:10F6C000FFF7D8FFE36861682060984202BF2369B2
:10F6D00043F0080323612A462046FFF7CBFF606012
:10F6E00038BD2DE9F74FC768066A9B4606EB8703CE
:10F6F000009316F8273003F00303022B04468846D4
:10F7000091464FF000030BD01360CBF80030236913
:10F710009B0713D44FF0000A504603B0BDE8F08FAA
:10F7200056F8271013608908CBF80030EFD0FFF7A8
:10F73000AFFFE368A3604FF0010AEDE7E3690098CB
:10F74000984716F8272012F0010A0546E2D012F079
:10F7500002021FD0B8F1000F03D041462046FFF748
:10F76000A3FF61682A462046FFF784FFD4E90221FF
:10F770009142606006D12A462046FFF77BFF4FF09A
:10F78000000AA060A2682260E260226942F00802DA
:10F790002261C1E7014620460192FFF779FFE36845
:10F7A000A360B8F1000F04D02168236A019A43F8DE
:10F7B000212005EB0802CBF8002021682046FFF746
:10F7C00059FF2369206043F00803236116F82730AE
:10F7D0006FF3000306F82730009BC9F80030AAE752
:10F7E00070B504461546FFF745FF2368834205D1EF
:10F7F0002369216023F00803236170BD226AAB00F6
:10F8000043F0020342F82130204661682A46FFF7A0
:10F8100031FF6060F1E738B503695B07044606D540
:10F82000856AFFF716FF85422CBFA562A06238BD2E
:10F8300008B5EFF31183402383F31288BFF36F8F72
:10F8400000F049FE036800220BB9184670478B424E
:10F8500010D10B6842B942680360914200D1436005
:10F8600000230B600120704713604368994208BF72
:10F870004260F5E71A461B68E6E7838B13F007033F
:10F8800005D10368002B0CBF002003207047022B1A
:10F8900005D1C08BB0FA80F0400980007047012B81
:10F8A00005D10368002B0CBF002005207047002005
:10F8B000704710B50C4600B111B96FF0150010BDBE
:10F8C000081D00F02FF80028F9D1A368032BF6D902
:10F8D000F3E72DE9F0410D4607461946281D9046ED
:10F8E0001E46E9F783FA044638B1334642462946B4
:10F8F0003846A446BDE8F0416047BDE8F08138B520
:10F900000C46054658B151B10B6843B14B6833B151
:10F910002022002102F0D5F82C61002038BD6FF0C4
:10F920001500FBE7034658B1426802F00302012AC2
:10F9300003D0032A04D1026812B1002098607047F6
:10F940006FF01500704770B50C8806468888241A39
:10F950003069A4B2844285B224BF641BA4B22D1BBB
:10F96000A8B2984228BF18463368234413600B8816
:10F9700003440B8070BD70B4838985880669ED1AD5
:10F98000ADB2731B934228BF134670BC0A46011DDB
:10F99000FFF7D9BF70B40E460146C58831F80A3F5B
:10F9A000EC1AA3B2934228BF1346324670BCFFF74D
:10F9B000CABF10B54B880C88E41AA4B294420ED387
:10F9C0001A4492B28B884A800A800069D21A92B295
:10F9D000824201D2002010BD03448B80FAE76FF011
:10F9E0001500F8E7704780EA1020C0EBC01300EB69
:10F9F0008303C3EB0313A0EB830083B2C0F3C810EF
:10FA0000584000EB8013C0EB031303EBC30300EB80
:10FA10004300C0EB800080EA502000F07F00704778
:10FA200070B406688489806A0D0C16FA81F105FBB2
:10FA3000041184682468A44670BC60472DE9F04333
:10FA40001C46C36A1D686D4289B006468846174643
:10FA500005F020051CB9204609B0BDE8F083AC4292
:10FA6000A14628BFA9464B466A4641463046FFF7A5
:10FA7000D7FF0028F0D16B46484502D1241A8044B4
:10FA8000E8E713F8012BBA4201D10130F4E7012075
:10FA9000E2E70B6803F580330B60C0891A0CB0EB0A
:10FAA000134F04BFA3EB02430B60704710B5014630
:10FAB00004460722FF20E7F7B3FDE07110BD03689D
:10FAC000012B81BFC91801F1FF315B421940084683
:10FAD00070472DE9F0410C4605460821C06AFFF742
:10FAE000EEFF072207462146FF206688B4F804800F
:10FAF000E7F796FDE379834208D1A8894644C01B05
:10FB0000B04294BF00200120BDE8F0810020FBE757
:10FB100038B505460C46FFF7DCFFA0B1A08898B9C0
:10FB200022884FF6FF739A420DD1E86A0821FFF749
:10FB3000C6FF6288AB899B1AB3FBF0F202FB103060
:10FB4000B0FA80F0400938BD0020FCE7F8B5044663
:10FB5000234680890D0C0A0C53F8301B2D0402FB40
:10FB600000114FF0FF3604F50C70984210D1A06AD6
:10FB7000A28900F051FC50B9E26AA3895279294662
:10FB80002046FFF75BFF002818BF6FF00500F8BDA7
:10FB90005F88BA4208BF1E600433E6E7F7B5044643
:10FBA0000D46C06A0821FFF78AFF29680746082327
:10FBB0002046FFF735FF0646002836D12B683B4428
:10FBC0002B60A28999B2D21B91422ED11A0C03BF8D
:10FBD000E28902F1FF3203EB0241A3F58031296093
:10FBE00008236A462046FFF71BFFE8B9E36A5A7903
:10FBF0006B4613F8011B8A420CD101300828F8D15A
:10FC0000636805E02B68BDF802201B0C1B0413443D
:10FC10002B600AE069462046FFF77AFF0028F1D101
:10FC200029462046E9F75CF90646304603B0F0BDA8
:10FC30002DE9F043074689B090461E461BB90020C7
:10FC400009B0BDE8F0833C688389080C14FA81F19F
:10FC500000FB0314FB6A1D686D4235400CD0B86A86
:10FC600083682146D3F804902B46C8470028E7D183
:10FC7000761BE4D02C44A84432464146684601F045
:10FC8000F8FEFD6A2A686979921B0DEB060001F007
:10FC900018FFB86A2B688268214655686A46A847EB
:10FCA000CEE738B50A460D46082341680446FFF7FB
:10FCB000BFFF024628884FF6FF73984205D0FFF732
:10FCC00092FE0C30636844F82030E06A0821FFF7A8
:10FCD000F6FE63681B1A6360104638BD13B54FF615
:10FCE000FF7300220446ADF800308DF806308368BB
:10FCF000ADF804206846ADF80230FFF7D7FE69463C
:10FD00002046FFF7CEFF02B010BD2DE9F04F0446AC
:10FD100095B0C06A0821FFF7D2FE63681B0C1B0474
:10FD2000054603A920460393FFF7B3FEDDF80CB0A8
:10FD3000A6895E44761B06AA08233146204604960F
:10FD4000FFF76EFE021EC0F2B480E36A06AA59797C
:10FD5000002312F8010B814240F09A800133082BF6
:10FD6000F7D1A36862682B449A4280F08980594693
:10FD70002046FFF7EBFE02469BE0BDF81A30360C3A
:10FD800036041E44049608AA04A92046DDF810A0F3
:10FD9000FFF704FF0246002840F08B8008A92046A8
:10FDA000FFF797FE18B9019B9A45ECD1D9E7BDF84A
:10FDB0002000FFF718FE0C3054F820300593013373
:10FDC00004BF636805930AAA05A92046059EFFF7AC
:10FDD000E5FE024600286CD1BDF82820BDF8203091
:10FDE0009A4227D06268059B9A42ECD15645DAD1F7
:10FDF000BDF82430002BD6D0BDF822704FEA1A434C
:10FE00001B041F4408A8A368ADF82230FFF74EFE7C
:10FE1000E36ABDF824901E68764206F02006B9F128
:10FE2000000F0ED108A92046FFF73BFF024600282D
:10FE3000B9D03EE00AA92046FFF74BFE0028D1D0FA
:10FE4000D4E74E45B04628BFC8460CAA43463946BB
:10FE50002046FFF7E5FD024658BB4346A1680CAAC1
:10FE60002046FFF7E5FE41460246E06AFFF727FE1F
:10FE7000A3680344A360E2B9A9EB08094744CEE7AD
:10FE80002046FFF72BFF024600283FF470AF10E03A
:10FE9000731B06A920460193FFF73AFE00287FF462
:10FEA0006CAF04A92046E9F71BF8024600283FF48E
:10FEB0006AAF104615B0BDE8F08F13B5002400946A
:10FEC000E9F796FB02B010BD03785B075FBF0368DC
:10FED0004288C3F34A2303EB12105DBF173020F0B2
:10FEE00007008008002070470020704701F068B9C3
:10FEF0000346BFF35B8F53E8000F421C43E8002129
:10FF00000029F8D1BFF35B8F70471FB50023CDE9FF
:10FF10000201CDE900331A4619461846EAF782F87D
:10FF200005B05DF804FB0120E9F766BD00207047CD
:10FF30004368DA7143681960436801225A71E9F72E
:10FF40004DBD70B5D2E901369B1B8B420C46154660
:10FF50000AD313680A460146981901F08AFDAB6876
:10FF60002344AB60204670BD6FF01B00FBE770B50B
:10FF70000E4615461946044618B9BDE87040E9F723
:10FF80003BBD33B1C2F34A231030120D184401F0C7
:10FF900070FDC4E900562046BDE87040E9F754BF43
:10FFA000F8B506460D4614461F4604B9F8BD21466D
:10FFB00028463A46B047241A0544F6E710B5426889
:10FFC00081680446D2E900230068FFF7E9FF63680F
:10FFD00000221A6010BD13B500240094D4F744FF2A
:10FFE00002B010BD0A2838B504460D4602D10D20D6
:10FFF000EAF7BAF829462046EAF7B6F8002038BDF5
:020000023000CC
:100000002DE9F043054687B008460E8891F8009028
:10001000D1F808800C461746EAF77AF8011EC6F3B5
:100020008216C9F3C2091EDB4846E9F71FFF0346E3
:100030002146608851F8102B0196C2F34A22002A0B
:1000400001EB0204C0F30B1008BF00210022CDE930
:100050000407CDE90214009241462846EAF7B2F8B7
:1000600007B0BDE8F0830023E2E743681B685B68E4
:1000700000201961704743681B681868EAF72EBAB8
:1000800070B543681D686B6818690C46E9F790FC09
:10009000214603460F222868BDE870401847036ACE
:1000A0001BB11B790B70002070476FF05700704731
:1000B000006A30B1BFF35B8F0068BFF35B8F00F065
:1000C00001007047036A5BB1BFF35B8F53E8001F09
:1000D00041F0010143E80012002AF7D1BFF35B8F22
:1000E0007047036A5BB1BFF35B8F53E8001F21F0D9
:1000F000010143E80012002AF7D1BFF35B8F70477C
:10010000036A3BB1DB682BB11B6A1879B0FA80F047
:10011000400970470120704770B5056A04460E46D5
:100120000DB103232B712046FFF7EAFF98B103219D
:100130002046B047002802DA10F1860F0BD10121CA
:1001400025B920463346BDE870401847297120463E
:10015000B04700232B7170BD10F0700F00F07F02CC
:1001600001D0EAF747BC10F0800F18BF1032012011
:10017000904070472DE9F84306460F469046994651
:1001800004254B46424639463046EEF7B9FA10F19F
:100190000B0F044603D1FBF781F9013DF1D1204655
:1001A000BDE8F883006840B150F8043C5B688B42BE
:1001B000A0F1040001D04068F5E77047006850B135
:1001C00050F8043C5B685B689B788B42A0F10400AC
:1001D00001D04068F3E7704730B5006888B150F847
:1001E000043C5B681A6A1D7F04380023043ADCB2C1
:1001F000A54201D84068F1E7013312F833408C4240
:10020000F5D130BD08B5EBF739FA28B1406810F1E7
:10021000100F14BF0020012008BD4B1CDBB2817001
:10022000817680F82530C37600F8061C704750E9C7
:100230000231D0F89C0018470369002283F84A2055
:100240007047036993F84A0050B193F8480038B1F9
:10025000D3F890209388918910695B1A9BB2C01AD9
:1002600070470369002283F84B207047036993F8B5
:10027000490008B193F84B00704708B50246FFF7F4
:10028000F5FF30B91046FFF7DCFF003818BF01203A
:1002900008BD0120FCE70369C3E900127047022989
:1002A000036908D004290BD001290ED1D3F894306A
:1002B00013600020704793F89B30C3F34003F7E7C7
:1002C00093F89B3003F00103F2E76FF0850070476D
:1002D00008B5402903693FD013D8102932D006D879
:1002E00001291ED0082920D06FF0120008BD202956
:1002F000FAD193F89C1001F0FB0152B341F00401D4
:1003000027E0B1F5807F30D0B1F5007F36D080296D
:10031000EAD193F89C1001F0EF01D2B141F0100145
:1003200017E0C3F894200020E0E793F89C1001F058
:10033000FE010AB141F0010183F89C100121EBF7A5
:1003400095FCF0E793F89C1001F0FD010AB141F033
:10035000020183F89C10F2E793F89C1001F0F7017A
:10036000002AF6D041F00801F3E793F89C1001F061
:10037000DF01002AEDD041F02001EAE793F89C105C
:1003800001F0BF01002AE4D041F04001E1E770B57F
:1003900004690546D4F88C00E8F772FD94F8A030A3
:1003A0000646B3B1D4F88C209388918912695B1A00
:1003B0009BB2D31A3F2B0CD994F89E3033B16B68A3
:1003C0001B6A2246187B0021EBF7E6FC002384F829
:1003D000A030304670BD08B50122FFF7D8FF0138C4
:1003E00018BF4FF0FF3008BD0269D2F8901088891D
:1003F0008B8809691B1A9BB2994204BF002382F8BB
:100400004830D2F88C30D9885B89994204BF0023E8
:1004100082F84930012070472DE9F0418768FB6878
:1004200004460D4616469847BB682BB1324629460E
:100430002046BDE8F04118476FF05700BDE8F08155
:1004400008B50020E8F7A8F801460068EBF76ABE97
:1004500008B5EBF74BFFBDE80840EBF74BBF0021B9
:100460000120EBF75FBE61B662B680F31188BFF37F
:100470006F8F704772B6002383F31188BFF36F8FBD
:10048000BFF34F8F30BF62B6BFF36F8F704772B646
:10049000002383F31188BFF36F8FBFF34F8F20BF0B
:1004A00080F31188BFF36F8F62B67047202809D997
:1004B000B0F1004F08D80138B0FA80F0C0F11F0049
:1004C00040007047082070473E2070474FF0FF30D3
:1004D0007047F8F7AFBF08B500224FF480214FF006
:1004E0000050F5F75DF8F1F7EDFE4FF08043012283
:1004F000C3F80025BFF34F8F20BFFDE78170704721
:100500000020704738B50025044680F80C54294671
:100510004FF480620C3001F0D4FA294604F20D4009
:100520004FF48072BDE8384001F0CBBA2DE9F041BC
:100530008368054683B3DB6873B30024D0F8107575
:1005400000F20C4800F10C06224618F8013F013475
:10055000A4B2E3B13068411C4FEA830CC1EB8303C2
:10056000002BB8BF5B42012B31600CDC3AB9326022
:10057000AB682146DB6838469847012207E06145B1
:10058000FBD13060F9E7614501D1002AF9D1B4F51A
:10059000807F06F10406D8D1BDE8F08143685B682E
:1005A0000020D9717047036942685B685268137410
:1005B000C3F3072353740020704710B50369C0E9E3
:1005C00005330023C360837F044613B1407AEFF7FD
:1005D00095F90123237700236377E377A37710BD91
:1005E000F9F74CBAF9F700BB38B50446EDF7A8F9AE
:1005F000054660B1037A6BB120460024EFF722FA7A
:100600002846AC77FFF7D9FF2C72204638BD6FF033
:100610001500FBE76FF07700F8E770B504460E466B
:100620001546EEF71FF930B906B925B12046BDE8E9
:100630007040EEF783B970BD10B50C46EEF758FA6E
:10064000EFF31183402282F31288BFF36F8F0269A8
:100650002260027B2AB9807D83F31188BFF36F8FFC
:1006600010BD0420F8E7F9F79DBCF8B5069F0469B2
:10067000C9B2EFF31186402585F31288BFF36F8F5F
:100680000C2569430C44A56C05F0070CBCF1010F67
:100690000BD1A76486F31188BFF36F8FC4E91023D1
:1006A00043685B5898470020F8BD05F0C005AF428D
:1006B00086F31188BFF36F8F0CBF6FF077004FF098
:1006C000FF30F1E713B580240094FFF7CEFF02B0AE
:1006D00010BD0069CBB200EB431000211047002091
:1006E000F5F71CB80020F5F783B81046F9F75ABCA7
:1006F0008022EFF751BD10B50346BFF35B8F53E87F
:10070000000F40EA010243E80024002CF7D1BFF3B8
:100710005B8F10BD0A2810B5044602D10D20EFF7FB
:100720002BFFE0B2EFF728FF204610BD2DE9F34183
:100730001C469046002382682360A36053690D46DF
:1007400001AA69469847019B5A1E019223B96FF08E
:10075000150002B0BDE8F0810098A26847682168E2
:10076000676085B9A8EB02030668B34228BF334629
:100770001A4403FB07112160A26002689A4206D85E
:1007800008300090DFE76B1AB3FBF7F3ECE70020CB
:10079000DFE713460022FFF7C9BF4FF40002002332
:1007A000C1E900230020704718B901F11000F9F7E2
:1007B000F9BB70477FB5FF238DF803300DF10303BC
:1007C000002101930123CDE9023105238DF80C307E
:1007D00003A801AB04910593F0F740F90028A8BFE6
:1007E0009DF8030007B05DF804FB1FB500218842A7
:1007F0000CBF0623042301A8CDE9011103918DF854
:100800000430F0F72BF9002818BF6FF0040005B092
:100810005DF804FB13B501AA044600F012F90028A4
:1008200005DB019B226819791868F1F735FB02B0E6
:1008300010BD4FF0FF324FF0FF33F9F717BC38B55A
:100840000569BFF35B8F044605F1200353E8001FE1
:10085000013143E80012002AF8D1BFF35B8F206911
:10086000FFF7E7FF6B6A23B92046BDE83840FFF782
:1008700029BC38BD10B50269BFF35B8F044602F195
:10088000200353E8001F013943E800100028F8D185
:10089000BFF35B8F536A2BB909B9F6F731FC2046D9
:1008A000FFF71FFC2069BDE81040F9F77BBB10B5CE
:1008B0000C4600F07AFD0023C4E90003184610BD81
:1008C00038B505460C4600F070FD002D07DBA84248
:1008D00005D9401B84428CBF0020012038BD002078
:1008E000FCE770B50D462846194616461C46FFF72C
:1008F000E7FF28B921462846BDE87040F0F712BD51
:1009000024B122462946304601F0B3F8002070BDDC
:1009100043685B68D3F810350B600020704743686C
:100920005B6802EA010021EA0201C3F80805C3F886
:100930000C150020704743685B680020C3F8081559
:10094000704743685B680020C3F80C157047436824
:100950005A68D2F8043521EA03000B40C2F80805B2
:10096000C2F80C350020704701298CBF6FF085005C
:100970000020704713B54FF080520829136E526E55
:1009800028BF082112BA00921BBA0C460A466946D3
:10099000019301F06EF8204602B010BDF1F722BAC3
:1009A000002201210320ECF723BA38B5044605697B
:1009B00001221146284600F06DFF012205F11000CA
:1009C000002100F067FF2046BDE83840F1F7CAB9C2
:1009D0000069F9F74BBB0069F9F7E4BA13B501AA4E
:1009E000044600F02EF8002805DB019B22681979E7
:1009F0001868F1F751FA02B010BD10B54468002133
:100A0000606AFFF7EBFF2046BDE81040F7F7F6BF3E
:100A100010B544682046F8F715F8606A0121BDE872
:100A20001040FFF7DBBF08B529B1012906D1FFF758
:100A3000E4FF002008BDFFF7EBFFFAE76FF0850049
:100A4000F8E730B543681360057A446804EBC504E1
:100A5000A34202D36FF0010030BD5C798C4201D01B
:100A60000833F0E70020F7E770474368DB6B0020AE
:100A7000C2E90030704713B501AA0446FFF7E1FF51
:100A8000002805DB019B226819791868F1F704FA40
:100A900002B010BD0129F7B5044632D147680021E4
:100AA000B86BFFF7E8FF002635463B6805F5AC72EA
:100AB00053F82230002B0EDB01A80193F1F7BCFAAA
:100AC000019AD0F80435D34013F001031CBF012371
:100AD000AB403343DEB20135042DE6D100230120C3
:100AE0006268916A00FA03F232420CBF01220022CE
:100AF000D20321F813200133042BF1D1002003B0DD
:100B0000F0BD89B945682846F5F7C4FE2846F5F7D3
:100B1000F7FE0028FAD0236900221A605A60A86BF9
:100B20000121FFF7A8FFE9E76FF08500E7E74368D9
:100B3000586870474FF0FF324FF0FF33F8F79EBF11
:100B4000F9F752B82DE9F041D0F804800446006965
:100B50001F460E461546FFF7EDFFD8F800103A463F
:100B60003144284600F085FF2069FFF7E9FF0020A7
:100B7000BDE8F0812DE9F041D0F804800446006919
:100B80001F460D461646FFF7D5FFD8F800003A4637
:100B90003146284400F06DFF2069FFF7D1FF0020A7
:100BA000BDE8F08138B5456804460069FFF7C2FF2B
:100BB0006A682868002100F084FF2069FFF7C0FF01
:100BC000002038BD08B5006900F046FE002008BDD1
:100BD0004368586870474FF0FF324FF0FF33F8F723
:100BE0004DBFF9F701B82DE9F041D0F80480044673
:100BF00000691F460E461546FFF7EDFFD8F80010B6
:100C00003A463144284600F034FF2069FFF7E9FFF7
:100C10000020BDE8F0812DE9F041D0F804800446C1
:100C200000691F460D461646FFF7D5FFD8F80000AD
:100C30003A463146284400F01CFF2069FFF7D1FFF7
:100C40000020BDE8F08138B5456804460069FFF72B
:100C5000C2FF6A682868002100F033FF2069FFF7AF
:100C6000C0FF002038BD08B5006900F0F5FD002088
:100C700008BD4379014623B151F8060B83681B6810
:100C800018476FF08500704743681B68D3F88004ED
:100C9000C3F88004704742681368D3F8100150B15C
:100CA000D269002012780A70C3F81001D3F810211D
:100CB00001221A6070474FF0FF307047002A0FDDA5
:100CC00042681368D3F8100158B10020C3F810012E
:100CD000D269D3F8100112780A70012018607047A9
:100CE0000020704710B5436819680369EFF311825B
:100CF000402080F31288BFF36F8F1868002484733C
:100D00001B680120D8734FF48003C1F8043382F3C9
:100D10001188BFF36F8F10BD03691A6801219173A9
:100D20001B680022DA737047026911680346C87BAA
:100D300040B15B681B68D3F8580118B100234B61C0
:100D400013689889704743681B68D3F8100100380E
:100D500018BF0120704743681B681022C3F80423A2
:100D6000704743681B681022C3F808237047436824
:100D70001B684FF40072C3F80423704743681B6874
:100D80004FF40072C3F80823704738B543681D68F4
:100D9000D5F804335B02044605D4D5F8040310F0FB
:100DA000100006D138BDFFF7BFFF0028F5D00120A5
:100DB000F8E72046FFF7C7FF003818BF0120F1E72A
:100DC000012070470369186801601B685A6070470A
:100DD00073B543680E460DF107011C681546FFF711
:100DE0005EF99DF807306BB9C4F84465C4F84855FE
:100DF000C4F82031D4F82021C4F85831D4F858313F
:100E00000123A36002B070BD02680346D2F8580106
:100E100040B95B68DB0706D4D2F82001003818BF60
:100E20000120704701207047F8B5066933689C8936
:100E3000BFF35B8F9442A8BF1446054614330122CA
:100E400053E8000F002803D143E80027002FF7D113
:100E5000BFF35B8F0CBF134600231ED133682246BD
:100E6000986800F006FEEFF31187402383F31288A1
:100E7000BFF36F8F6868FFF7C7FF336838B95861F1
:100E8000044687F31188BFF36F8F2046F8BD996839
:100E900022462846FFF79CFFF3E71C46F5E710B40F
:100EA000436802691B68D3F80413C90517D5D3F842
:100EB0002011A1B1EFF31181402484F31288BFF314
:100EC0006F8FD3F8204134B10024C3F82041D3F808
:100ED00020410124DC6081F31188BFF36F8F11681A
:100EE000D3F8584171B184B100244C611168C97BB9
:100EF00019B94FF48001C3F8081311688C7B24B131
:100F000000238B735DF8044B7047D3F8241121B193
:100F10000021C3F82411D3F8243112681368002B80
:100F2000F0D051685DF8044B184713B501AA044688
:100F3000FFF787FD002805DB019B226819791868F7
:100F4000F0F7AAFF02B010BD01292DE9F8430546CC
:100F50000E4624D143680021D868FFF7E6FF6F688A
:100F60002D693C68F8680021FFF7DFFF0823C4F80B
:100F700000353B7A83B9FA69C4F83425C4F838657A
:100F8000C4F81031D4F8103126602B6823B11B7CD3
:100F900013B11023C4F804330020BDE8F8830029FE
:100FA00063D1D0F80480D8F80040D4F84C3123B392
:100FB0000269116851B1D4F80433C3F300130B7400
:100FC00013681B7C13B11023C4F80833012363603A
:100FD000D4F84431002BFBD00023C4F84C31D4F8B2
:100FE0004C21C4F84431D4F84421C4F81031D4F869
:100FF0001021C4F82431D4F824316A68D2E900639E
:1010000013F0010917D14FF48073C6F808334FF479
:101010007A776868FFF7F8FE20B9012000F0F4F84D
:10102000013FF6D1D6F858312BB9C6F82031D6F8A1
:1010300020310123F3604FF47A75D6F8583123B983
:10104000012000F0E1F8013DF7D1B9F1000F03D123
:101050004FF48073C6F80433D8F80C000121FFF771
:1010600064FF0023C4F8003596E76FF0850094E72D
:1010700007B50DF10701FFF712F89DF8073003F0EF
:10108000FD03012B14BF6FF00F00002003B05DF8CB
:1010900004FB002201212F20EBF7AABE10B50B683C
:1010A00013B91360184605E003685C681CB114604E
:1010B0000368186810BD083303600B68013B0B60C0
:1010C000EDE713B501AA0446FFF7BBFC002805DBDA
:1010D000019B226819791868F0F7DEFE02B010BD96
:1010E000012970B50C4606D14368D86B0021FFF783
:1010F000E8FF002070BD61B90669456896F85D306B
:1011000023B12846F7F79AF886F85D40E86B01218D
:10111000EDE76FF08500EDE710B503680446DBB13D
:101120009868C8B149B1197B0122F1F7D5FC236851
:101130001869BDE8104000F034BB12B99A88D20497
:101140000AD4186900F02DFB23680022BDE8104086
:10115000197B9868F1F7C0BC10BD10B501220021C1
:101160000446FFF7D9FFA36933B9636004F11000A7
:10117000BDE81040F8F716BF10BD10B50069036850
:101180008B4206D190F85C4034B9FFF7E6FF204669
:1011900010BD6FF01500FBE76FF00F00F8E738B5F2
:1011A00005690446296305F12000F8F7FBFE0022DB
:1011B00085F85C2020691146BDE83840FFF7ACBFD8
:1011C00008B5F2F783F908BD036893FAA3F318068C
:1011D0001A0A40EA136002F47F421B02104303F430
:1011E0007F031843704708B5CFF772FE002008BD93
:1011F000FBF7E6B908B5EAF7A9FEEAF77DFFBDE817
:101200000840FBF7DDB9004700F0CBBA0001090444
:1012100000F1804012B1C0F804197047C0F80819F5
:101220007047C00000F1804000F5F830C0F810159C
:10123000C0F814257047F5F753B943090AD0012BBC
:101240000BD14FF6FF7300F01F0023FA00F000F0FF
:10125000010070474FF0FF33F5E7002070472DE99C
:10126000F341019001A8DDE908580C4617461E46D7
:10127000F4F722FB019B391E18BF012100EB83000C
:10128000231E18BF0123002E43EA410314BF0C2183
:101290000021002D43EA010314BF4FF4E061002157
:1012A000B8F1000F43EA0103D0F8002714BF4FF450
:1012B000403100210B4322EA030304B124780FB12B
:1012C0003F787F001C430EB13678B6003C438DB1A9
:1012D000297809023443B8F1000F03D098F8008050
:1012E0004FEA0848214341EA0801C0F8001702B05C
:1012F000BDE8F0812946EDE71FB50DF10F0301931D
:1013000000238DF80F1000931A461946FFF7A7FF28
:1013100005B05DF804FB08B50146F4F73DFB10B1DC
:101320000846F4F753FB00F0010008BD38B5054648
:1013300008460C46F4F74AFBB0B10846F4F72CFB1C
:1013400090B90846F4F71CFB2A6801238340C2F8D1
:1013500008332A6803B202EB8303D3F8102522F086
:101360000302C3F8102538BD20460021BDE83840EF
:10137000FFF7C2BFF4F702BCFFF7D8BF0846F4F787
:101380008FBB034608464FF080510A6949694A43BA
:10139000934208D340B1A3F11023B3F5427F2CBF91
:1013A000002001207047012070474FF080531A69D8
:1013B0005869504370474FF08053186970474FF099
:1013C00080535869704700F180431A68002A1FBF94
:1013D00000221A601B68012008BF002070474FF0F0
:1013E00080434FF46072C3F8042370474FF080438A
:1013F0004FF46072C3F80823704708B5F4F7DEFFB6
:10140000BDE80840F4F70EBA30B5A2F58075AD0816
:101410000124AC400C4207D0815829B100218150F1
:1014200082581A6822431A6030BD13B500230C4657
:1014300001934FF4887201ABFFF7E6FF21464FF4AA
:101440008A72FFF7E1FF21464FF48E72FFF7DCFF4F
:1014500021464FF48272FFF7D7FF21464FF4847282
:10146000FFF7D2FF21464FF48672FFF7CDFF4FF40E
:101470008C722146FFF7C8FF019802B010BD30B54D
:1014800002240C72CA6004680125C4F8005509687A
:1014900079B112F0040F0CBF82219221150748BFC9
:1014A00041F02001D406046848BF21F08001C4F84F
:1014B00000139B000168083312F0800006BF012270
:1014C000CA50C81830BD0021F5F756BB0223F5F706
:1014D000B5BA0323F5F7B2BAA1F5807310B59B082E
:1014E000012404FA03F318400CD001F1804101F506
:1014F000E041086830B100200860096811681943AC
:101500001160204610BD08B500210120F5F77AFFD3
:101510000028F9D008BD70B5A2F58074A408012692
:1015200006FA04F4054614EA010008D0A85830B1C0
:101530000021A950AA581A6822431A60304670BD8B
:101540002DE9F341002304460D460193904601AB7B
:101550004FF4A672FFF7DFFF4FF482722946204650
:10156000FFF7D9FF4FF48C72074629462046FFF754
:10157000D2FF064630B1B8F1000F1DD017B1D4F834
:101580003C353E4601AB4FF4887229462046FFF7B2
:10159000C2FF30B1B8F1000F03D016B90FB1D4F8C3
:1015A0003C3501AB4FF4907229462046FFF7B3FF5C
:1015B000019802B0BDE8F0814646E3E707B5019027
:1015C00001A8F6F73BFC019A01239340C0F80835C7
:1015D00003B05DF804FB07B5019001A8F6F72EFCF7
:1015E000019A01239340C0F80C3503B05DF804FB69
:1015F00091F820200346032A29D8DFE802F02125AC
:1016000019028A68500304D5D3F84C250869904222
:1016100007D18A6852031AD4D3F84C2589699142BC
:1016200015D000200622C3F80005C3F80025704736
:10163000D3F84C2508699042F3D1D3F83C25EDE767
:10164000D3F84C250969EAE7D3F83C25FAE70120ED
:10165000704730B5A2F58075AD080124AC400C424E
:1016600007D0815829B10021815082581A6822433D
:101670001A6030BD13B500230C4601934FF4A472D9
:1016800001ABFFF7E6FF21464FF48272FFF7E1FF5F
:1016900021464FF49272FFF7DCFF21464FF4A87207
:1016A000FFF7D7FF21464FF4A672FFF7D2FF21467E
:1016B0004FF4B072FFF7CDFF4FF4AE722146FFF743
:1016C000C8FF019802B010BD07B5019001A8F7F757
:1016D000F1FC019A01239340C0F8083503B05DF88E
:1016E00004FB0369C26893429CBF81685B18013B9D
:1016F000981A70472DE9F041D0E902840546A8EB1D
:1017000004064068964220440F46144404D900F071
:10171000B0F9EC60BDE8F0813246A4EB080400F0BB
:10172000A8F968682246B919F1E72DE9F843C568B8
:101730000646894617464FF000083369B46870685A
:101740009D4228BF1B19641BBC4203F1FF3328BF15
:101750003C465B1B9C4228BF1C4649462844224607
:1017600000F087F9B3682544AB4208BF00253F1B52
:10177000A044A144F560E0D14046BDE8F88308B537
:10178000F7F7F4FD002008BDEFF31180402383F349
:101790001288BFF36F8F704780F31188BFF36F8F8C
:1017A000704708B1EBF790BE704740B1C3685878F6
:1017B00010F001001EBF1878B0FA80F040097047A1
:1017C00010B54369044633B90020E268537843F00A
:1017D0000103537010BD98470028F5D00028B8BF0A
:1017E0004042E368FF28A8BFFF201870EDE700F033
:1017F00068B900F03EB98169C36843EA010212F09A
:1018000003020FD102614269013A01FB0233C2684F
:101810009A4201D90020704702691A608269036107
:101820009B1AF4E76FF01500704710B5C0E9053258
:101830000023C160C36183600446FFF7DCFF00281A
:10184000A8BFC4E9004410BD90F90E308B4201D00E
:10185000F9F714BC0020704703460020C3E90200DA
:10186000C3E90033704710B5044630B102689307EE
:1018700003D0446809B100F0DAF8204610BD07B57E
:101880000123009300230A461946F8F771FA03B0C2
:101890005DF804FB3AB18A4205D3C0E90212C0E9FF
:1018A0000000002070476FF01500704702680123A8
:1018B0008B4022EA0303036022FA01F000F00100EA
:1018C000704720B100221146EC30FAF7F5B87047A6
:1018D00010B5F8F751FE041E08DDEFF31180402328
:1018E00083F31288BFF36F8FF9F7FEFC204610BD1B
:1018F000EFF30580003818BF012070476030704753
:10190000D0E9003213605A600023C0E90033704709
:1019100038B504460D46F9F759F8637B43F00203E6
:101920006373E5B1A5602B689D4209D16B68C4E97A
:1019300000531C606C6012E06A689A42F6D01B6823
:10194000002BF3D094F90E2093F90E108A42F3D0B5
:101950009142F1DD5A68C4E9003214605C6038BD20
:1019600001211838F9F7A2BA10B50446F9F768FA58
:1019700004F11800BDE81040FAF7FEBA38B5046863
:101980000546AC424FF0000000D138BD002CFCD021
:101990002046FFF7E9FF2046F9F746F92C680120B9
:1019A000A542F1E708B50246FAF7EEF970B1D0E9C1
:1019B00004319B1A61EBE272B3F1004F72F1000146
:1019C00004DA002AACBF1846002008BD6FF00040C2
:1019D000FBE708B5FAF7AEFB08BDFAF7ABBB00238F
:1019E000C0E9081200F11802C0E90622C0E900337C
:1019F00003634363704710B50446FAF7BDFAA8B90C
:101A0000636A0BB12046984704F11800F9F7FAFA17
:101A100060B1F9F709F9EFF31180402383F31288DD
:101A2000BFF36F8FBDE81040F9F75EBC10BD20B169
:101A3000011F50F8040CFAF76BBD704710B400F1A9
:101A40000C04C0E90344002444615DF8044BE5F74D
:101A500037BE10B501390244904201D1002005E0A3
:101A6000037811F8014FA34201D0181B10BD0130BB
:101A7000F2E70A44914200F1FF3300D1704710B5FC
:101A800011F8014B03F8014F9142F9D110BD884282
:101A900010B501EB020402D98442234607D8431E45
:101AA000A14208D011F8012B03F8012FF8E70244F6
:101AB00001468A4200D110BD13F8014D02F8014DD4
:101AC000F7E702440346934200D1704703F8011B35
:101AD000F9E7C9B20346184613F8012B12B18A423E
:101AE000F9D17047002918BF0020704710B501399F
:101AF000034632B111F8014F03F8014B013A002CB3
:101B0000F7D11A440021934200D110BD03F8011B04
:101B1000F9E710B5024601448A42134603D01C7807
:101B20000132002CF8D1181A10BD10EE103A23F033
:101B3000004300EE103A7047FBF7E8BBB1EEC00A75
:101B4000704751EC100B024621F0004343EC102B80
:101B5000704782B08DED000B019840F0004000F519
:081B60008010C00F02B07047B5
:081B680032F4FC7F01000000D3
:101B700085D401000000000000000000B81C030034
:101B80007F17030000000000F19702000000000032
:101B9000D1C402000000000000000000DC1C0300B3
:101BA00000000000001D0300E7110300000000001A
:101BB000F11103000000000000000000481D0300B8
:101BC00000000000241D03000905020000000000C1
:101BD0008905020000000000293702000000000013
:101BE000159801000000000045D40100000000002D
:101BF00000000000901D030000000000B41D030061
:101C000000000000D81D030000000000FC1D0300C0
:101C100091BE010000000000000000006C1D0300E8
:101C2000F51103000000000095C50200000000004F
:101C300000000000201E030000000000441E0300FE
:101C400000000000B01E030000000000681E03003A
:101C5000000000008C1E030000000000D41E0300E2
:101C600069DA010000000000000000001C1F0300F2
:101C700000000000F81E0300718500000000000055
:101C800065790000000000006D8B0000000000007E
:101C9000A9380100000000005943010000000000C5
:101CA000C3E9020000000000C1570100000000006D
:081CB0000D5B010000000000C3
:101CB8000AB10300242F0300E0230300EA0C0020EC
:101CC80090530020350202000000000000000000D0
:101CD800000000009EB40300D82F03003C2303003B
:101CE800F00C0020205400206916020000000000BB
:101CF800000000000C0A0020ACB40300F02F030021
:101D08003C230300F20C00202C540020691602002A
:101D180000000000000000001C0A00208FA3030040
:101D2800580F0020FC230300E40C0020700500205D
:101D380025BC0100000000000000000000000000B9
:101D4800DFB903002031030048240300040D0020FC
:101D58006C0A002075290200000000000000000045
:101D68005C0A0020EA5103007C0F0020102F0300BA
:101D7800E60C0020D043002001050300000000000D
:101D8800000000000000000078B70300D83003000E
:101D980080230300F80C002064540020C50B0300C6
:101DA8000000000000000000000000008BB70300E6
:101DB800E030030080230300FA0C00207854002050
:101DC800C50B030000000000000000000000000038
:101DD800B8B70300E830030090230300FC0C002090
:101DE8008C540020670C0300000000000000000075
:101DF80000000000B8B70300F03003009023030090
:101E0800FE0C0020A0540020670C03000000000016
:101E1800000000000000000067B30300442F030027
:101E280024230300EC0C0020E4090020010C02002C
:101E38000000000000000000D4090020C0B003002A
:101E48000000000000230300E80C00200000000050
:101E5800F5FC010000000000000000000000000088
:101E680012B40300000000000C230300EE0C002055
:101E780000000000691302000000000000000000DC
:101E880000000000A4B5030008300300602303002D
:101E9800F40C002038540020AB0903009D0903000E
:101EA800000000002C0A002062B703006430030021
:101EB80078230300F60C00205C5400208D200200DB
:101EC80000000000000000003C0A002066BC03007F
:101ED8007C310300D8230300060D0020A40A00204B
:101EE800252B02007110030000000000940A002056
:101EF80016B8030000000000A0230300000D002016
:101F0800B4540020E123020000000000000000009B
:101F1800000000008EB90300F8300300BC23030062
:101F2800020D0020882F0020F92502000000000083
:081F3800000000004C0A00202B
:101F4000FB13030007120300000000005F040300FE
:101F5000481D03009F0E03000D8F020007120300AF
:101F6000000000005F040300000000005F040300A5
:101F70005160020007120300217C020007120300D7
:101F8000000000005F040300000000005F04030085
:101F9000000000005F040300000000005F04030075
:101FA000F81E030021230200000000005F0403006C
:101FB000000000005F040300000000005F04030055
:101FC000000000005F040300000000001135020063
:101FD000000000005F040300000000005F04030035
:101FE000000000005F040300000000005F04030025
:101FF000000000005F040300000000005F04030015
:10200000000000005F040300000000005F04030004
:10201000000000005F040300000000005F040300F4
:102020003D69020007120300000000005F04030086
:10203000000000005F040300000000005F040300D4
:10204000000000005F040300000000005F040300C4
:10205000000000005F040300000000005F040300B4
:10206000000000005F040300000000005F040300A4
:10207000000000005F040300A9F001000712030044
:10208000000000005F0403004D720200071203000D
:10209000000000005F040300000000005F04030074
:1020A000000000005F040300000000005F04030064
:1020B000000000005F0403006D85020007120300AA
:1020C000C82300208083002000010000A55E0100DD
:1020D00000000000000000000000000006000000FA
:1020E0000000000002990300000000000000000052
:1020F000E8180020006E002000040000A9940000F1
:1021000000000000000000000000000006000000C9
:1021100002000000695803000000000000000000F9
:10212000001500200063002000020000317600004E
:102130000000000000000000000000000800000097
:10214000020000004F4403000000000000000000F7
:1021500018210020807F0020800000002FE902006D
:102160000000000000000000000000000600000069
:102170000000000040950300004000000000000047
:10218000F01500208065002000020000AD800000F6
:102190000000000000000000000000000600000039
:1021A000000000005946030000000000000000008D
:1021B000501F00208078002000020000D54401005C
:1021C0000000000000000000000000000600000009
:1021D000000000008B9103000000000000000000E0
:1021E00038200020007B002000040000654D010025
:1021F00000000000000000000000000006000000D9
:102200000000000030950300000000000000000006
:10221000381D00208072002000010000A53501005B
:1022200001000000000000000000000007000000A6
:1022300000000000D88C0300000000000000000037
:10224000D82200200082002000010000E954010093
:102250000000000000000000000000000600000078
:1022600000000000189603000000000000000000BD
:10227000F82100208080002000010000B5540100FA
:102280000000000000000000000000000600000048
:1022900000000000029603000000000000000000A3
:1022A000A8240020008500200001000055580100EE
:1022B0000000000000000000000000000600000018
:1022C000000000001399030000000000000000005F
:1022D0008825002080860020000200008160010027
:1022E00000000000000000000000000006000000E8
:1022F00000000000229903000040000000000000E0
:0C23000085FB010009FF010058020000ED
:10230C00E3080300FD140200151402001D13020063
:10231C00AF0803000D130200D90F0200950E020046
:10232C0045110200550A02009B070300450A0200F2
:10233C0039180200110903001F09030037090300B3
:10234C00430903004F09030015170200E9150200A9
:04235C00000000007D
:102360005D1C020000000000711A02000000000065
:0823700000000000091C02003E
:082378000D2102006B0A0300B5
:102380002F0B0300450B0300750B0300A50B030087
:10239000D10B0300E70B0300170C0300470C0300ED
:1023A00000000000000000000000000039230200CF
:1023B000F522020000000000000000000000000004
:1023C00000000000000000007525020091240200BA
:0823D000000000000000000005
:0823D800C92E02007B11030075
:1023E0008D020200F1060300C50603000000000094
:0C23F00065010200000000000000000079
:1023FC00D7030300B1BC010000000000DDBA0100EE
:10240C008F030300BDBA010039020300430203002D
:10241C009DBA010063020300000000006D0203007E
:10242C0000000000000000007B020300E903030031
:10243C0097020300D10203009F020300970C0300D4
:10244C00DD280200890C0300290E0300BD0C0300DB
:10245C00E50C0300190D0300290D0300570D0300B3
:10246C00630D0300290D0300470D03006F0D0300DE
:10247C007D0D03008B0D0300C10D0300C50D030082
:08248C00000000000000000048
:10249400A381030004000000475A03000400000065
:1024A400CB840300040000005282030004000000F7
:1024B400EC7A0300040000008E7D03000400000099
:1024C400458E030004000000A28203000400000003
:1024D400F382030004000000368D030004000000B2
:1024E4009D83030004000000187E03000400000024
:1024F400887E030004000000128003000400000032
:1025040007840300040000006F840300030000003C
:102514007B91030003000000475503000300000003
:102524003D9A03000300000025B1030003000000EE
:10253400D4500300030000006444030003000000BF
:102544009D51030003000000A7BD03000300000029
:102554006746030003000000B0BC03000300000052
:10256400AFA30300030000002CB403000300000029
:10257400449D0300020000007F5803000300000094
:10258400A552030003000000BAB4030003000000D6
:10259400B1B5030003000000C0AE03000300000057
:1025A400809D030003000000E99D03000300000078
:1025B400A49F030003000000BF52030003000000B7
:1025C40059AA03000300000056B0030003000000F2
:1025D40063C3030003000000BB9F0300030000006B
:1025E400B98A0300030000006FB703000300000072
:1025F40074B30300030000009EB70300030000004F
:10260400C4B7030003000000EE8C030003000000C5
:102614003F81030003000000DB8E03000300000081
:1026240077840300030000006485030004000000B5
:102634002186030004000000A6A303000300000099
:1026440051AB03000300000073BC0300030000004F
:1026540044410300030000008FBC0300030000009A
:1026640024B803000300000062BD0300040000005E
:10267400EDB90300030000003599030003000000D6
:10268400B0A203000100000063A1030001000000E8
:102694006AAC030002000000FFAF03000100000069
:1026A40082A30300010000009EB9030003000000A0
:1026B400582E0300803A0020569F030001000000BA
:1026C4009C2E030060090020829203000000000099
:1026E0000100000000000000010200005802030089
:1026F000002000000AD7A33E0AD7233E0AD7A33DF5
:102700000AD7233D0AD7A33C0AD7233C0AD7A33BC9
:102710000AD7233B0001020304050607FF0000005F
:10272000FF000000FF000000FF000000FF000000AD
:10273000FF000000FF000000FF000000FF0000009D
:10274000FF000000FF000000FF000000D8ECF0F4E4
:10275000F8FC000203040506070800000000000062
:102760000000000000000000000000000000010167
:102770000101020202020303030304040404050529
:10278000050506060608090000000000000000001C
:102790000000000000000000000000010101010233
:1027A00002020203030303040404040505050506ED
:1027B000060708090A0B0C0D06080801020600109E
:1027C0000200FA000000FCDE41EBA2D1422400B579
:1027D000F8579FAC9D9EAAC9B43400004F0F00006B
:1027E0005B0F00005F0F0000670F00006B0F000021
:1027F00000000000C201000000080000000000000E
:102800000338FDD870470000763C7935EF39EA3D52
:10281000763C7935EF39EABD0000E0FE422EE63F16
:102820000000E0FE422EE6BF000000000000E03F96
:10283000000000000000E0BFE0930400F40100008D
:1028400088130000983A0000983A0000A0BB0D00E1
:1028500080CBA40000000000000000000000000089
:102860000000000000000000000000000000000068
:102870000000000000000000F2500300F6500300CA
:10288000FB500300FF5003000451030008510300F4
:102890000D51030011510300165103001B51030099
:1028A0002151030026510300979E03005E7B030025
:1028B0001CA20300F1AC0300F55303002C510300EC
:1028C000979E03002E51030032510300375103003D
:1028D0003C510300465103004C5103005151030089
:1028E000575103005E510300635103006851030018
:1028F0006C51030041510300715103007B510300EF
:1029000081510300865103008C5103009351030051
:10291000985103000000000000000000298500001D
:1029200025DF02005986000000000000CBDF020016
:10293000CDDF0200DFDF0200CFDF0200D9DF0200BF
:10294000DDDF0200D1DF0200E1DF0200E3DF020091
:10295000D3DF0200D5DF0200E5DF0200DBDF02008B
:1029600041A8000081A80000ADA80000D5A8000083
:1029700021A9000099A90000E7DF0200B1A9000029
:10298000C5A90000D3DF0200D5DF0200E1A90000E5
:10299000D5A90000E1B30000B1B100006DAA0000AC
:1029A0007DAB0000E9AE0000A9AF0000ADAD0000B6
:1029B00041AE000045E0020029AD0000EDB000008E
:1029C00071E80200A1BE0000CDBF0000DDB700002D
:1029D00075BB0000E5B80000B9B90000EDB7000014
:1029E00069B80000F5BA0000D5E00200BDBD0000E6
:1029F00071E8020011CB000035CC00000F00000090
:102A0000DDC5000055C700002DC0000091C30000C7
:102A100051C90000F5C10000FDC0000079C10000EF
:102A200055E1020029E102003DC0000069CD00002F
:102A300081E1000089E9000011DE0000C1DF000033
:102A4000A1E40000CDCE000059CF000021E4000039
:102A5000C7E1020025E60000E1E80000A5E600006D
:102A600095D4000089E90000D9CF0000B9D1000059
:102A700051D5000021D10000A1E3000021E40000B5
:102A8000C7E1020099D6000015D70000A5E60000B6
:102A900011DB000089E90000BDD7000005D9000066
:102AA00011DC000035DF0000A1E3000021E400009C
:102AB000C7E1020025E600005DDD0000C9DC000082
:102AC000E9E9000085E700000800000081E100005E
:102AD00089E9000011DE0000C1DF0000A1E4000070
:102AE00035DF0000A1E3000021E40000C7E102009F
:102AF00025E60000E1E80000A5E6000061F0000026
:102B0000B9F1000061EF000011EF000019F20000C0
:102B100079F000007DF200001DEF000009090011AE
:102B20007DF800001DF80000E5F50000C9F2000086
:102B300065E2020069F700009D380100D5F200004F
:102B400006080042D9FB000039FD000061FA0000D0
:102B5000F1F900007FE20200F1FB000061FC0000DF
:102B6000FDF900000909023125FF00007100010094
:102B7000F1FD0000A5FD0000D10001003DFF0000B7
:102B80009D380100B1FD0000060600117902010028
:102B9000E503010045010100F900010045040100C1
:102BA000B10201009D380100050101000606001177
:102BB000A50501006D060100AD0401006D040100D2
:102BC000CD060100BD050100CFE20200790401003D
:102BD00006060068F10801001D0A010071070100E6
:102BE0003107010003E302006D0901001BE302004D
:102BF0003D07010006060028910E0100AD0D010001
:102C0000310B0100B90A01000D0E0100790C010021
:102C1000050F0100C50A010006070000D5110100DB
:102C20006BE30200C11001006D1001007D12010074
:102C3000B91201009D38010079100100060600015B
:102C400005000000060000000A000000040000006B
:102C5000060000000A00000004000000010000005F
:102C6000060000000A000000040000000700000049
:102C700008000000090000000B0000000C0000002C
:102C8000030000000E000000000000000E00000025
:102C90000D0000000F0000001000000013000000F5
:102CA00011000000120000000300000002000000FC
:102CB000060000000000000001000000020000000B
:102CC00008000000090000000300000004000000EC
:102CD0000500000007000000070000000A000000D7
:102CE0000B0000000C0000000D0000000E000000B2
:102CF0000F000000100000001100000077E8020043
:102D00008BE802007FE802009138010089E80200A8
:102D100085E802009D3801007DE80200FFFF000009
:102D200049E802004FE8020051E8020053E80200BF
:102D300059E802005DE8020061E8020087E802004D
:102D400063E8020069E802006DE8020071E8020031
:102D50001027000010270000102700001027000097
:102D600010270000001D030010000100001D0300DB
:102D70000F000100001D03000E000100001D0300F4
:102D80000D000100001D03001E00070000000000F0
:102D9000EB09A4933D1AECB4D6134827913D7CFA75
:102DA0007A34D869AC27904E472E34DDC9725C67FF
:102DB000227BF8F4F468B0D31F611440584F209D73
:102DC000B346840E6555CC298E5C68BA00000000BD
:102DD0006410B71DC8206E3BAC30D9269041DC761C
:102DE000F4516B6B5861B24D3C7105502083B8EDC6
:102DF00044930FF0E8A3D6D68CB361CBB0C2649BEA
:102E0000D4D2D38678E20AA01CF2BDBD48270020A8
:102E10008001000027FF0200C9FE0200020000003E
:102E2000010003000000000000000000000000009E
:102E300000000000369F03003E9F030000000000DA
:102E40000000000000000000469F03004A9F0300AE
:102E50004E9F0300529F030085A5010079A5010044
:102E6000A9A5010061A50100000000006DA50100F9
:102E70000000000005A60100883A0020D45B002075
:102E8000100000008C2E0300983A0020E1A60100FB
:102E9000B03A0020E45B0020010000008100030044
:102EA000770003008DA6010005A7010000000000C7
:102EB0006B0003000000000000000000410403005C
:102EC000C0090020B8090020B0090020000000005F
:102ED000A809002065C0010059BF0100ADBF010075
:102EE0000DC00100000500200000000000000B06DE
:102EF00002000000F82E0300000000000CAB0300ED
:102F0000260002020000002014AB030022000B1177
:102F1000000000000DDC0100290102000D0202008A
:102F20000000000095030200C102020019B1030075
:102F3000DF060300E50603001FB1030004000000E4
:102F400000FF000000000000000000000000000082
:102F50000000000000000000000000000000000071
:102F60000403000000000003F40100000001010060
:102F700000008000C22817007C2F03000090024050
:102F8000882F030002000000B02F0300060000009D
:102F9000982F0300060100001380001D1480001FFD
:102FA0001580002016800021178000221186001E47
:102FB0001318001D1418001F1518002016180021E2
:102FC000171800221118001E000800000010000051
:102FD0000400000000FF0000FFFF0000000300509D
:102FE0000000000001000000006000400000000040
:102FF000BCF801FF000000500000000000000000CD
:1030000000600040000000000030004000000000B0
:103010000000000000000000000040060000010168
:10302000391A0200FF030000A10903003830030031
:10303000045C0020FFFF000000300040443003002B
:10304000020000005C300300020000005430030066
:10305000020100001A80000C1B80000B1A00000CFB
:103060001B00000B00C00140000000000000000039
:103070000000000000000000000000000000000050
:1030800000040000E803020101010000B65900201D
:10309000040000000000000000000000A430030055
:1030A0000024F40000C00140B03003000200000022
:1030B000CC30030003000000C03003000301000017
:1030C0000D8000160E8000170F8000180D200116CD
:1030D0000E2001170F2001182005004001000000FC
:1030E0001C050040010000007C7F0020040000005F
:1030F00000F0032000100000441E03000100000047
:10310000000000000000000000000000D84D020098
:1031100038C70000DC1C03000D0000006400000044
:1031200000200040010000000000000040310300CA
:103130000000D601000000000460002003600020B1
:10314000002000404C310300020000006C310300FD
:10315000040000005C310300040100000680000050
:1031600008800001058000020780000306000000BF
:1031700005000002080600010706000300F00240F7
:10318000000000000048E80100000000000000000E
:1031900000000000FFFFFFFF0000FF000000000034
:1031A00000000000FFFFFFFF02000001010000001F
:1031B00093100300FFFF0000CC310300FFFFFFFF6F
:1031C00000000000000000000000000000F00240CD
:1031D000D831030002000000F431030003000000B6
:1031E000E8310300030100001C8000052A8000066E
:1031F0001D8000041C0000052A0000061D000004BC
:10320000001D03001F0001000000000000A000409E
:1032100000000000810000000C0000000000000021
:103220000000000000A00040000000007C00000042
:103230000C0000000000000000000000920E493C5D
:10324000B10AC93C2BC3163D2EFB483D752B7B3D77
:1032500004A9963D80B6AF3D36BDC83D2FBCE13DCB
:1032600073B2FA3D87CF093E8340163EB5AB223E8E
:10327000A2102F3ECF6E3B3EC2C5473E0115543EC5
:10328000135C603E7F9A6C3ECCCF783EC07D823E20
:10329000938E883E229A8E3E32A0943E86A09A3E1D
:1032A000E59AA03E128FA63ED47CAC3EEF63B23EC0
:1032B0002A44B83E491DBE3E15EFC33E53B9C93E30
:1032C000CA7BCF3E4136D53E80E8DA3E4F92E03EA3
:1032D0007533E63EBBCBEB3EEA5AF13ECBE0F63E21
:1032E000275DFC3EE4E7003F3D9C033F824B063FE9
:1032F0009BF5083F6B9A0B3FDA390E3FCDD3103F59
:103300002A68133FD9F6153FC07F183FC6021B3FFE
:10331000D17F1D3FCBF61F3F9967223F25D2243F27
:103320005636273F1594293F4AEB2B3FDE3B2E3F75
:10333000BB85303FC9C8323FF304353F233A373F9E
:103340004268393F3B8F3B3FF9AE3D3F67C73F3F48
:1033500070D8413F01E2433F03E4453F65DE473F0C
:1033600012D1493FF8BB4B3F029F4D3F207A4F3F60
:103370003D4D513F4918533F31DB543FE595563F92
:103380005348583F6AF2593F1A945B3F532D5D3FB3
:1033900005BE5E3F2146603F97C5613F5A3C633F93
:1033A00059AA643F880F663FD86B673F3CBF683FB0
:1033B000A7096A3F0C4B6B3F5E836C3F93B26D3F36
:1033C0009ED86E3F73F56F3F0809713F5213723FED
:1033D0004714733FDD0B743F0BFA743FC6DE753F35
:1033E00007BA763FC58B773FF853783F9812793FFD
:1033F0009DC7793F02737A3FBE147B3FCDAC7B3FC4
:10340000283B7C3FC9BF7C3FAC3A7D3FCCAB7D3F86
:1034100023137E3FB0707E3F6DC47E3F580E7F3FCA
:103420006D4E7F3FAB847F3F0FB17F3F97D37F3F90
:1034300043EC7F3F11FB7F3F0000803F11FB7F3F4C
:1034400043EC7F3F97D37F3F0FB17F3FAB847F3FFC
:103450006D4E7F3F580E7F3F6DC47E3FB0707E3F04
:1034600023137E3FCCAB7D3FAC3A7D3FC9BF7C3F51
:10347000283B7C3FCDAC7B3FBE147B3F02737A3F41
:103480009DC7793F9812793FF853783FC58B773FB6
:1034900007BA763FC6DE753F0BFA743FDD0B743F0B
:1034A0004714733F5213723F0809713F73F56F3F22
:1034B0009ED86E3F93B26D3F5E836C3F0C4B6B3F6B
:1034C000A7096A3F3CBF683FD86B673F880F663FDC
:1034D00059AA643F5A3C633F97C5613F2146603F0C
:1034E00005BE5E3F532D5D3F1A945B3F6AF2593F24
:1034F0005348583FE595563F31DB543F4918533FF9
:103500003D4D513F207A4F3F029F4D3FF8BB4B3F0F
:1035100012D1493F65DE473F03E4453F01E2433FA7
:1035200070D8413F67C73F3FF9AE3D3F3B8F3B3FC0
:103530004268393F233A373FF304353FC9C8323F29
:10354000BB85303FDE3B2E3F4AEB2B3F1594293F96
:103550005636273F25D2243F9967223FCBF61F3F9F
:10356000D17F1D3FC6021B3FC07F183FD9F6153FD4
:103570002A68133FCDD3103FDA390E3F6B9A0B3FC9
:103580009BF5083F824B063F3D9C033FE4E7003F2D
:10359000275DFC3ECBE0F63EEA5AF13EBBCBEB3E6C
:1035A0007533E63E4F92E03E80E8DA3E4136D53E46
:1035B000CA7BCF3E53B9C93E15EFC33E491DBE3E3F
:1035C0002A44B83EEF63B23ED47CAC3E128FA63E96
:1035D000E59AA03E86A09A3E32A0943E229A8E3E64
:1035E000938E883EC07D823ECCCF783E7F9A6C3EE3
:1035F000135C603E0115543EC2C5473ECF6E3B3E54
:10360000A2102F3EB5AB223E8340163E87CF093E27
:1036100073B2FA3D2FBCE13D36BDC83D80B6AF3D2B
:1036200004A9963D752B7B3D2EFB483D2BC3163DD3
:10363000B10AC93C920E493C00000000920E49BC00
:10364000B10AC9BC2BC316BD2EFB48BD752B7BBD73
:1036500004A996BD80B6AFBD36BDC8BD2FBCE1BDC7
:1036600073B2FABD87CF09BE834016BEB5AB22BE8A
:10367000A2102FBECF6E3BBEC2C547BE011554BEC1
:10368000135C60BE7F9A6CBECCCF78BEC07D82BE1C
:10369000938E88BE229A8EBE32A094BE86A09ABE19
:1036A000E59AA0BE128FA6BED47CACBEEF63B2BEBC
:1036B0002A44B8BE491DBEBE15EFC3BE53B9C9BE2C
:1036C000CA7BCFBE4136D5BE80E8DABE4F92E0BE9F
:1036D0007533E6BEBBCBEBBEEA5AF1BECBE0F6BE1D
:1036E000275DFCBEE4E700BF3D9C03BF824B06BFE5
:1036F0009BF508BF6B9A0BBFDA390EBFCDD310BF55
:103700002A6813BFD9F615BFC07F18BFC6021BBFFA
:10371000D17F1DBFCBF61FBF996722BF25D224BF23
:10372000563627BF159429BF4AEB2BBFDE3B2EBF71
:10373000BB8530BFC9C832BFF30435BF233A37BF9A
:10374000426839BF3B8F3BBFF9AE3DBF67C73FBF44
:1037500070D841BF01E243BF03E445BF65DE47BF08
:1037600012D149BFF8BB4BBF029F4DBF207A4FBF5C
:103770003D4D51BF491853BF31DB54BFE59556BF8E
:10378000534858BF6AF259BF1A945BBF532D5DBFAF
:1037900005BE5EBF214660BF97C561BF5A3C63BF8F
:1037A00059AA64BF880F66BFD86B67BF3CBF68BFAC
:1037B000A7096ABF0C4B6BBF5E836CBF93B26DBF32
:1037C0009ED86EBF73F56FBF080971BF521372BFE9
:1037D000471473BFDD0B74BF0BFA74BFC6DE75BF31
:1037E00007BA76BFC58B77BFF85378BF981279BFF9
:1037F0009DC779BF02737ABFBE147BBFCDAC7BBFC0
:10380000283B7CBFC9BF7CBFAC3A7DBFCCAB7DBF82
:1038100023137EBFB0707EBF6DC47EBF580E7FBFC6
:103820006D4E7FBFAB847FBF0FB17FBF97D37FBF8C
:1038300043EC7FBF11FB7FBF000080BF11FB7FBF48
:1038400043EC7FBF97D37FBF0FB17FBFAB847FBFF8
:103850006D4E7FBF580E7FBF6DC47EBFB0707EBF00
:1038600023137EBFCCAB7DBFAC3A7DBFC9BF7CBF4D
:10387000283B7CBFCDAC7BBFBE147BBF02737ABF3D
:103880009DC779BF981279BFF85378BFC58B77BFB2
:1038900007BA76BFC6DE75BF0BFA74BFDD0B74BF07
:1038A000471473BF521372BF080971BF73F56FBF1E
:1038B0009ED86EBF93B26DBF5E836CBF0C4B6BBF67
:1038C000A7096ABF3CBF68BFD86B67BF880F66BFD8
:1038D00059AA64BF5A3C63BF97C561BF214660BF08
:1038E00005BE5EBF532D5DBF1A945BBF6AF259BF20
:1038F000534858BFE59556BF31DB54BF491853BFF5
:103900003D4D51BF207A4FBF029F4DBFF8BB4BBF0B
:1039100012D149BF65DE47BF03E445BF01E243BFA3
:1039200070D841BF67C73FBFF9AE3DBF3B8F3BBFBC
:10393000426839BF233A37BFF30435BFC9C832BF25
:10394000BB8530BFDE3B2EBF4AEB2BBF159429BF92
:10395000563627BF25D224BF996722BFCBF61FBF9B
:10396000D17F1DBFC6021BBFC07F18BFD9F615BFD0
:103970002A6813BFCDD310BFDA390EBF6B9A0BBFC5
:103980009BF508BF824B06BF3D9C03BFE4E700BF29
:10399000275DFCBECBE0F6BEEA5AF1BEBBCBEBBE68
:1039A0007533E6BE4F92E0BE80E8DABE4136D5BE42
:1039B000CA7BCFBE53B9C9BE15EFC3BE491DBEBE3B
:1039C0002A44B8BEEF63B2BED47CACBE128FA6BE92
:1039D000E59AA0BE86A09ABE32A094BE229A8EBE60
:1039E000938E88BEC07D82BECCCF78BE7F9A6CBEDF
:1039F000135C60BE011554BEC2C547BECF6E3BBE50
:103A0000A2102FBEB5AB22BE834016BE87CF09BE23
:103A100073B2FABD2FBCE1BD36BDC8BD80B6AFBD27
:103A200004A996BD752B7BBD2EFB48BD2BC316BDCF
:103A3000B10AC9BC920E49BC000000800800000019
:103A400003000000E5C20300F3C2030007C3030044
:103A500016C3030022C30300701B0300701B030086
:103A6000D81B0300E01B0300781C0300B81C0300F4
:103A70003DC5030000010000FF8FFFFFFF8FFFFF28
:103A8000FE8FFFFFFE8FFFFFFD8FFFFFFC8FFFFF0D
:103A9000FC8FFFFF6D757465785F667265652063E6
:103AA000616C6C65642077697468204E554C4C20BD
:103AB000706172616D6574657200000043616E270C
:103AC0007420696E697469616C697A65206D7574BA
:103AD00065782C20776173204E554C4C0D0A000000
:103AE000436F756C64206E6F74206C6F636B207015
:103AF0006F7765722073617665206D7574657800E7
:103B00006937AC3168212233B40F14336821A233F2
:103B10003863ED3EDA0F493F5E987B3FDA0FC93FCD
:103B200000000080DB0F4940DB0F49C0DB0F49BFBD
:103B3000E4CB1640E4CB16C0000FC93F000F49404C
:103B400000CB9640000FC9400053FB4000CB16410C
:103B500000ED2F41000F49410031624100537B418C
:103B6000003A8A4100CB9641005CA34100EDAF4191
:103B7000007EBC41000FC94100A0D5410031E241A7
:103B800000C2EE410053FB4100F20342003A0A42F8
:103B90000083104200CB164200141D42005C2342F9
:103BA00000A5294200ED2F4200363642007E3C42FD
:103BB00000C74242000F4942A2000000F900000085
:103BC000830000006E0000004E0000004400000072
:103BD0001500000029000000FC0000002700000084
:103BE00057000000D1000000F50000003400000084
:103BF000DD000000C0000000DB00000062000000EB
:103C000095000000990000003C0000004300000007
:103C10009000000041000000FE0000005100000084
:103C200063000000AB000000DE000000BB000000ED
:103C3000C500000061000000B70000002400000083
:103C40006E0000003A000000420000004D0000003D
:103C5000D2000000E0000000060000004900000063
:103C60002E000000EA00000009000000D100000062
:103C7000920000001C000000FE0000001D0000007B
:103C8000EB0000001C000000B10000002900000053
:103C9000A70000003E000000E800000082000000D5
:103CA00035000000F50000002E000000BB00000001
:103CB0004400000084000000E90000009C000000B7
:103CC0007000000026000000B40000005F0000004B
:103CD0007E0000004100000039000000910000005B
:103CE000D6000000390000008300000053000000EF
:103CF00039000000F40000009C0000008400000077
:103D00005F0000008B000000BD000000F900000013
:103D1000280000003B0000001F000000F800000029
:103D200097000000FF000000DE000000050000001A
:103D3000980000000F000000EF0000002F000000BE
:103D4000110000008B0000005A0000000A00000073
:103D50006D0000001F0000006D0000003600000034
:103D60007E000000CF00000027000000CB00000014
:103D700009000000B70000004F00000046000000EE
:103D80003F000000660000009E0000005F00000091
:103D9000EA0000002D000000750000002700000070
:103DA000BA000000C7000000EB000000E5000000C2
:103DB000F10000007B0000003D0000000700000053
:103DC00039000000F70000008A00000052000000E7
:103DD00092000000EA0000006B000000FB00000001
:103DE0005F000000B10000001F0000008D00000017
:103DF0005D00000008000000560000000300000005
:103E00003000000046000000FC0000007B000000C5
:103E10006B000000AB000000F0000000CF000000CD
:103E2000BC000000200000009A000000F400000028
:103E3000360000001D000000A9000000E3000000A3
:103E400091000000610000005E000000E60000003C
:103E50001B00000008000000650000009900000041
:103E6000850000005F00000014000000A0000000BA
:103E700068000000400000008D000000FF0000000E
:103E8000D8000000800000004D000000730000001A
:103E900027000000310000000600000006000000BE
:103EA0001500000056000000CA000000730000006A
:103EB000A8000000C900000060000000E20000004F
:103EC0007B000000C00000008C0000006B000000C0
:103ED0000000C93F0000F0390000DA370000A233CB
:103EE0000000842E0000502B0000C2270000D022CA
:103EF0000000C41F0000C61B00004417040000009F
:103F00000700000009000000A00F7017000000006B
:103F10006400C8000400E80303000800000000007B
:103F20000000000000000000060006000A00070074
:103F30000100020004000800100020004000800082
:103F400000000100020004000800100020004000F2
:103F5000800000010002000400080000D007E80310
:103F6000F401FA007D0000001000080004000200C7
:103F700000000100020004000800100020004000C2
:103F8000A000400180020005000A000001000200BC
:103F90000400080010002000400080000001000222
:103FA0000000030006000C00180030006000C00094
:103FB0008001000300060000D007E803F401FA00C6
:103FC00000001000080004000200000003000600CA
:103FD0000C00180030006000C000800100030006E3
:103FE0000000D007E803F401FA0000001000080008
:103FF000040002000000010002000400080010009C
:1040000020004000800000010002000400100000B9
:10401000A00FD007E803F401FA007D0000001000B3
:10402000080004000200000010270000000000004B
:104030000000F0FFF0FFF0FFEAFF74FFF0FFF0FF79
:10404000F0FFF0FFEAFF526573657474696E6720D4
:104050006465766963652073657474696E6773203F
:1040600077696C6C20636C65617220616C6C207583
:104070007365722D646566696E656420736574741A
:10408000696E677320746F20746865206669726D4D
:10409000776172652064656661756C74732E20505B
:1040A0006C6561736520726573656E642074686504
:1040B00020636F6D6D616E6420746F20636F6E6638
:1040C00069726D2E0A00526573657474696E67209B
:1040D0006465766963652073657474696E67730AD5
:1040E000004465766963652073657474696E6773EF
:1040F00020726573657400757365725F657874729C
:10410000615F616374696F6E730069676E6F72657A
:104110005F726573657400757365725F736875743B
:10412000646F776E007573655F696D755F77616B3E
:10413000655F75700064656C61795F736C6565704F
:104140005F6F6E5F73746174757300636F6E6E651D
:104150006374696F6E5F6F7665725F686964007320
:10416000656E736F725F7573655F6C6F775F706F8D
:104170007765725F32007573655F696D755F74692D
:104180006D656F7574007573655F616374697665DD
:104190005F74696D656F75740073656E736F725FC0
:1041A0007573655F6D6167007573655F73656E73C9
:1041B0006F725F636C6F636B0073656E736F725FBA
:1041C0007573655F365F736964655F63616C6962AF
:1041D000726174696F6E006C65645F6465666175B9
:1041E0006C745F636F6C6F725F72006C65645F64A8
:1041F000656661756C745F636F6C6F725F67006C8E
:1042000065645F64656661756C745F636F6C6F7223
:104210005F62006163746976655F74696D656F756F
:10422000745F6D6F64650073656E736F725F616359
:1042300063656C5F6F64720073656E736F725F6746
:1042400079726F5F6F64720073656E736F725F6116
:104250006363656C5F66730073656E736F725F672F
:1042600079726F5F66730073656E736F725F6675E8
:1042700073696F6E00726164696F5F74785F706FED
:1042800077657200636F6E6E656374696F6E5F74DD
:10429000696D656F75745F64656C61790073656ED7
:1042A000736F725F6C705F74696D656F75740069B0
:1042B0006D755F74696D656F75745F72616D705F48
:1042C0006D696E00696D755F74696D656F75745F9A
:1042D00072616D705F6D6178006163746976655FAE
:1042E00074696D656F75745F7468726573686F6CFF
:1042F00064006163746976655F74696D656F757478
:104300005F64656C617900626174746572795F6C79
:104310006F775F72756E74696D655F7468726573CF
:10432000686F6C64000001010101010000000000E1
:104330000000000000000101010100000000000079
:10434000000000000025733A204661696C65642016
:104350006D75746578206C6F636B00080B00060246
:1043600001090A101000000C0F0E000D0D636F6E96
:104370006E656374696F6E5F77726974655F706193
:10438000636B65745F3700636F6E6E656374696F2E
:104390006E5F77726974655F7061636B65745F36B9
:1043A00000636F6E6E656374696F6E5F77726974B8
:1043B000655F7061636B65745F3500636F6E6E651A
:1043C0006374696F6E5F77726974655F7061636B48
:1043D00065745F3400636F6E6E656374696F6E5FE2
:1043E00077726974655F7061636B65745F330063D6
:1043F0006F6E6E656374696F6E5F77726974655F07
:104400007061636B65745F3200636F6E6E656374B9
:10441000696F6E5F77726974655F7061636B6574F5
:104420005F3100636F6E6E656374696F6E5F777284
:104430006974655F7061636B65745F3000636F6E94
:104440006E656374696F6E5F746872656164006342
:104450006F6E6E656374696F6E5F746872656164B8
:104460005F696400636F6E6E656374696F6E0025CB
:10447000733A20556E61626C6520746F20676574B5
:104480002074686520436C6F636B206D616E61679B
:1044900065720054696D6572206E6F7420696E6973
:1044A0007469616C697A65640025733A20436C6FA6
:1044B000636B2072657175657374206661696C65E4
:1044C000643A2025640025733A20436C6F636B20A7
:1044D000636F756C64206E6F742062652073746105
:1044E000727465643A20256400556E61626C6520C3
:1044F000746F20666574636820436C6F636B207211
:1045000065717565737420726573756C743A2025D6
:10451000640025733A2045534220696E69746961CD
:104520006C697A6174696F6E206661696C65643A62
:104530002025640050616972696E6720726571752B
:1045400065737465640062398AF200FEFF292709E9
:1045500002B2D60028FF50B80050616972696E67D8
:104560000044657669636520616464726573733ABB
:1045700020253031326C6C5800436865636B73756D
:104580006D3A202530325800496E636F7272656350
:104590007420636865636B73756D3A2025303258FB
:1045A0000050616972696E67207265717565737418
:1045B000207265636569766564005061697265643F
:1045C00000547261636B65722049443A202575007E
:1045D00052656365697665722061646472657373A0
:1045E0003A20253031326C6C58004E6F2072657362
:1045F000706F6E73652066726F6D2072656365699A
:1046000076657220696E2025646D00496E636F7255
:104610007265637420636865636B73756D005061C8
:104620006972696E67206461746120726573657474
:10463000006573625F696E697469616C697A6500AF
:10464000636C6F636B735F737461727400636C6F20
:10465000636B735F696E6974006573625F7468721F
:104660006561645F6964006573625F6576656E7439
:10467000000A68656C702020202020202020202047
:104680002020202020202020202020202020204406
:104690006973706C617920746869732068656C70E7
:1046A00020746578740A000A696E666F20202020E5
:1046B00020202020202020202020202020202020FA
:1046C000202020202047657420646576696365207A
:1046D000696E666F726D6174696F6E0A00757074D1
:1046E000696D6520202020202020202020202020EF
:1046F0002020202020202020202047657420646571
:104700007669636520757074696D650A007265620B
:104710006F6F7420202020202020202020202020A7
:1047200020202020202020202020536F667420721B
:104730006573657420746865206465766963650ACD
:10474000006261747465727920202020202020206E
:1047500020202020202020202020202020204765ED
:1047600074206261747465727920696E666F726D0F
:104770006174696F6E0A000A7363616E20202020E5
:104780002020202020202020202020202020202029
:104790002020202020526573746172742073656E2E
:1047A000736F72207363616E0A0063616C69627279
:1047B000617465202020202020202020202020201F
:1047C0002020202020202043616C69627261746582
:1047D0002073656E736F72205A524F0A00362D7324
:1047E00069646520202020202020202020202020F7
:1047F0002020202020202020202043616C6962722C
:1048000061746520362D7369646520616363656C2E
:1048100065726F6D657465720A006D616720202096
:104820002020202020202020202020202020202088
:1048300020202020202020436C656172206D61675C
:104840006E65746F6D657465722063616C69627208
:104850006174696F6E0A000A736574203C61646458
:10486000726573733E2020202020202020202020ED
:1048700020202020204D616E75616C6C792073655D
:10488000742072656365697665720A007061697289
:104890002020202020202020202020202020202018
:1048A000202020202020202020456E74657220705A
:1048B000616972696E67206D6F64650A00636C657B
:1048C0006172202020202020202020202020202055
:1048D00020202020202020202020436C6561722091
:1048E00070616972696E6720646174610A000A6DA3
:1048F000656F7720202020202020202020202020CD
:104900002020202020202020202020204D656F778F
:10491000210A000A72657365745F646174612028FE
:104920007A726F7C6163637C6D61677C6261747CA9
:10493000616C6C290A000A6C6973745F636F6E6640
:1049400069672020202020202020202020202020D7
:1049500020202020446973706C6179206176616940
:104960006C61626C652073657474696E67730A00AC
:1049700077726974655F636F6E666967202862612C
:10498000736536347C3C636F6E666967206E616D5B
:10499000653E7C3C636F6E6669672069643E2920D2
:1049A0003C76616C75653E0A00726561645F636F99
:1049B0006E6669672028616C6C7C62617365363451
:1049C0007C3C636F6E666967206E616D653E7C3C02
:1049D000636F6E6669672069643E290A00726573B9
:1049E00065745F636F6E6669672028616C6C7C3CE0
:1049F000636F6E666967206E616D653E7C3C636FB8
:104A00006E6669672069643E290A0025733A20258D
:104A10003032753A253032753A253032752E2530D0
:104A200033752C253033750A004E6F742073656121
:104A3000726368696E6700535049002C2065787472
:104A400065726E616C00547261636B6572204944DB
:104A50003A2025750A00547261636B6572204944DF
:104A60003A204E6F6E650A0052656365697665721D
:104A700020616464726573733A20253031326C6C46
:104A8000580A0052656365697665722061646472D4
:104A90006573733A204E6F6E650A002A2A2A204EEB
:104AA0006F726469632053656D69636F6E647563CB
:104AB000746F7220536C696D654E5246205472615A
:104AC000636B6572206E5246353238343020444B69
:104AD000202A2A2A0A00536C696D6556522D547299
:104AE00061636B65722D6E524620302E302E302D54
:104AF000646961672D6669666F2B300A004E6F72BC
:104B00006469632053656D69636F6E647563746F68
:104B10007220536C696D654E524620547261636B0E
:104B20006572206E5246353238343020444B0A00CC
:104B3000436F6D6D69743A203261383432663630B5
:104B4000613730370A004275696C643A2025642D5C
:104B5000253032642D2530326420253032643A25E8
:104B60003032643A253032640A000A426F6172645E
:104B70003A206E72663532383430646B0A00534F17
:104B8000433A206E726635323834300A005461720E
:104B90006765743A206E72663532383430646B2F34
:104BA0006E726635323834300A00494D553A202548
:104BB000730A00496E746572666163653A202573F5
:104BC0000A00416464726573733A2030782530328C
:104BD00058253032580A000A4D61676E65746F6D52
:104BE000657465723A2025730A00496E74657266B1
:104BF0006163653A20257325730A000A4163636582
:104C00006C65726F6D65746572206D617472697820
:104C10003A0A00252E356620252E356620252E35AC
:104C20006620252E35660A000A416363656C65724D
:104C30006F6D6574657220626961733A20252E3547
:104C40006620252E356620252E35660A00477972A6
:104C50006F73636F706520626961733A20252E352A
:104C60006620252E356620252E35660A004D6167A3
:104C70006E65746F6D65746572206D6174726978AC
:104C80003A0A000A467573696F6E3A2025730A0066
:104C900044657669636520616464726573733A2064
:104CA000253031326C6C580A004261747465727937
:104CB0003A20252E3066252520285265616420255E
:104CC00075682025756D696E2061676F290A00423D
:104CD0006174746572793A20252E306625250A00A4
:104CE000426174746572793A2057616974696E67BC
:104CF00020666F722076616C6964207265616469F8
:104D00006E670A0052656D61696E696E6720727523
:104D10006E74696D653A202575682025756D696E1C
:104D20000A0052656D61696E696E672072756E74F6
:104D3000696D653A204E6F7420617661696C6162BD
:104D40006C650A0046756C6C7920636861726765F2
:104D5000642072756E74696D653A2025756820252A
:104D6000756D696E0A0046756C6C792063686172B6
:104D70006765642072756E74696D653A204E6F7454
:104D800020617661696C61626C650A0055707469B6
:104D90006D6500416363756D756C61746564004198
:104DA00044433A202564206D560A000A4261747417
:104DB0006572793A20252E326625252028526177A2
:104DC00020252E326625252C202564206D56290AA3
:104DD000000A426174746572793A204E6F6E650AFA
:104DE000004C6173742075706461746564004C617B
:104DF000737420757064617465643A204E657665DD
:104E0000720A000A52656D61696E696E672072757B
:104E10006E74696D650046756C6C792063686172AB
:104E20006765642072756E74696D65004D696E69A1
:104E30006D756D2072756E74696D65004D696E6972
:104E40006D756D2072756E74696D653A204E6F7464
:104E500020617661696C61626C650A004D617869F8
:104E60006D756D2072756E74696D65004D61786940
:104E70006D756D2072756E74696D653A204E6F7434
:104E800020617661696C61626C650A000A4C61732D
:104E90007420646973636861726765206379636C09
:104EA000653A20252E32662525202D3E20252E32DE
:104EB000662525202852617720252E32662525205B
:104EC0002D3E20252E32662525290A004C6173745B
:104ED000206379636C652072756E74696D65000A74
:104EE0004C617374206379636C653A204E6F742053
:104EF000617661696C61626C650A000A43616C6984
:104F000062726174696F6E3A20252E306625252005
:104F10002D20252E306625252028252E3066252596
:104F200020636F766572616765290A000A43616CC8
:104F30006962726174696F6E3A204E6F6E650A0025
:104F40004379636C6520636F756E743A207E252EFD
:104F500032660A00496E76616C6964206E756D6216
:104F60006572206F6620617267756D656E74730A75
:104F700000253031366C6C7800496E76616C69645E
:104F800020616464726573730A001B5B33383B35C0
:104F90003B25643B316D257325731B5B303B3338F8
:104FA0003B323B3235353B3235353B3235356D257D
:104FB000731B5B306D0A00496E76616C6964206119
:104FC0007267756D656E740A00436F6E666967205F
:104FD00025643A0A0025753A2025730A00556E614A
:104FE000626C6520746F206465636F646520696E10
:104FF000707574005570646174656420636F6E66CB
:1050000069670A005570646174656420636F6E6639
:1050100069673A2025733D25640A00496E76616C04
:1050200069642076616C75650A00496E76616C6909
:105030006420636F6E666967206E616D65206F72B4
:105040002069640A005265616420636F6E66696757
:105050003A2025733D25640A005265736574206308
:105060006F6E6669673A2025730A00556E6B6E6F26
:10507000776E20636F6D6D616E640A0068656C7099
:1050800000757074696D65007265626F6F7400639E
:10509000616C69627261746500362D7369646500C4
:1050A0007061697200636C6561720072657365742A
:1050B0005F64617461006C6973745F636F6E6669CD
:1050C000670077726974655F636F6E666967007207
:1050D0006561645F636F6E666967007265736574AE
:1050E0005F636F6E6669670062617365363400D412
:1050F000B0B1203A3300203A336300203B33002024
:105100003B3363002078330020783363002058332A
:10511000002058336300203E3A3300203E3A336388
:1051200000203E3B3300203E3B3363007E004D6554
:1051300077004D657777004D656F77004D656F7728
:10514000206D656F77004D72727270004D727266DD
:10515000004D72656F77004D7272726F77004D72FD
:1051600072720050757272006D6577006D657777A9
:10517000006D656F77206D656F77006D727272706C
:10518000006D727266006D72656F77006D7272727B
:105190006F77006D727272007075727200636F6E5D
:1051A000736F6C6500494E20656E64706F696E7434
:1051B0002063616C6C6261636B20776974686F75E2
:1051C0007420707265636564696E672062756666D7
:1051D0006572207772697465004E65772070726F12
:1051E000746F636F6C3A202573004849445F300048
:1051F00025733A2043616E6E6F7420676574205585
:105200005342204849442044657669636500484913
:1052100044204465766963653A206465762025708C
:10522000004661696C656420746F2073657420505A
:10523000726F746F636F6C20436F64650025733AFF
:10524000204661696C656420746F207375626D69B6
:1052500074207265706F72740044726F7070656450
:10526000207265706F7274733A20257520286D6105
:10527000783A2025752900636F6D706F73697465C6
:105280005F7072655F696E69740073656E645F72EA
:1052900065706F72740005010900A10109007508AD
:1052A00095408102C06869645F6576656E740052DE
:1052B0006573657420636F756E743A202575006D93
:1052C00061696E00546F6F206D616E79207061723C
:1052D000616D657465727320286D6178202575296C
:1052E0000A0025733A2053656E736F722063616CF8
:1052F0006962726174696F6E20697320616C726596
:105300006164792072756E6E696E670025733A204C
:10531000416363656C65726F6D657465722077615A
:1053200069742074696D6564206F757400436C65E1
:105330006172696E672073746F7265642063616C5B
:105340006962726174696F6E206461746100496E94
:1053500076616C6964617465642063616C69627212
:105360006174696F6E0054686520494D55206D6108
:10537000792062652064616D61676564206F7220C9
:1053800063616C6962726174696F6E20776173200A
:105390006E6F7420636F6D706C65746564207072DD
:1053A0006F7065726C7900546865206D61676E6519
:1053B000746F6D65746572206D617920626520641B
:1053C000616D61676564206F722063616C696272F0
:1053D0006174696F6E20776173206E6F7420636FE4
:1053E0006D706C657465642070726F7065726C7935
:1053F000002D58002D2D002B58002D59002B590041
:105400002D5A002B5A0043616C6962726174696E97
:1054100067206D61696E20616363656C65726F6D95
:105420006574657220616E64206779726F73636F53
:105430007065207A65726F2072617465206F666690
:1054400073657400526573742074686520646576B2
:10545000696365206F6E206120737461626C6520E2
:105460007375726661636500416363656C65726F35
:105470006D657465723A20252E356620252E3566B9
:1054800020252E3566004E6F206D6F74696F6E207B
:105490006465746563746564004D6F74696F6E2034
:1054A00064657465637465640053757370656E64D8
:1054B000696E672073656E736F72207468726561C0
:1054C000640052756E6E696E6720424D4932373006
:1054D00020636F6D706F6E656E7420726574726993
:1054E0006D6D696E6700526573756D696E672073C7
:1054F000656E736F722074687265616400494D5502
:105500002073706563696669632063616C696272A8
:105510006174696F6E20776173206E6F7420636FA2
:105520006D706C657465642070726F7065726C79F3
:105530000046696E697368656420494D5520737033
:105540006563696669632063616C6962726174692D
:105550006F6E0052656164696E67206461746100FA
:1055600025733A204779726F73636F706520776196
:1055700069742074696D6564206F75740053616D82
:10558000706C65733A20256400416363656C6572D5
:105590006F6D6574657220626961733A20252E35DE
:1055A0006620252E356620252E3566004779726FD8
:1055B00073636F706520626961733A20252E3566CA
:1055C00020252E356620252E356600526573746FB2
:1055D00072696E672070726576696F75732063619A
:1055E0006C6962726174696F6E004170706C796988
:1055F0006E672063616C6962726174696F6E0046E8
:10560000696E69736865642063616C696272617454
:10561000696F6E0043616C6962726174696E6720C4
:105620006D61696E20616363656C65726F6D657431
:10563000657220362D73696465206F6666736574C4
:10564000005374617274696E6720616363656C6591
:10565000726F6D657465722063616C6962726174EA
:10566000696F6E2E0A0057616974696E6720666FF4
:105670007220612072657374696E6720737461743F
:10568000652E2E2E0A00526573742064657465635E
:105690007465642C207374617274696E672072651E
:1056A000636F7264696E672E20506C65617365204C
:1056B000646F206E6F74206D6F76652E2025640AEE
:1056C0000023005265636F726465642076616C75B7
:1056D0006573210A002564207369646520646F6E18
:1056E000650A0057616974696E6720666F7220747D
:1056F0006865206E65787420736964652E2E2E208F
:105700002564200A0043616C63756C6174696E677F
:105710002074686520646174612E2E2E2E0A004369
:10572000616C6962726174696F6E20697320636F66
:105730006D706C6574652E0A00416363656C6572FB
:105740006F6D65746572206D61747269783A0025B9
:105750002E356620252E356620252E356620252EF1
:105760003566003620736964652063616C69627216
:105770006174696F6E2069732064697361626C651E
:10578000640025733A204D61676E65746F6D6574B2
:10579000657220776169742074696D6564206F7526
:1057A00074004D61676E65746F6D6574657220631A
:1057B000616C6962726174696F6E2070726F67727A
:1057C0006573733A20257320257320257320257374
:1057D0002025732025730043616C696272617469CE
:1057E0006E67206D61676E65746F6D65746572209C
:1057F000686172642F736F66742069726F6E206FB8
:105800006666736574004D61676E65746F6D65746F
:105810006572206D61747269783A0073656E736F9A
:10582000725F776169745F6D61670073656E736F36
:10583000725F63616C6962726174696F6E5F7265D9
:1058400071756573740073656E736F725F776169EC
:10585000745F6779726F0073656E736F725F7761E3
:1058600069745F616363656C0063616C6962726136
:1058700074696F6E5F7468726561645F6964006605
:105880007573696F6E5F6E6F6E650025733A2043A6
:105890006F6D6D756E69636174696F6E206572728C
:1058A0006F72004649464F207265616420627566DA
:1058B000666572206C696D697420726561636865E4
:1058C000642C202564207061636B6574732064729E
:1058D0006F707065640025733A2041534943206E10
:1058E0006F7420696E697469616C697A65642C20D3
:1058F00075706C6F6164696E6720636F6E6669674F
:105900002066696C650025733A204661696C6564A0
:1059100020746F20696E697469616C697A652041D1
:105920005349430025733A204153494320696E6926
:105930007469616C697A656400457865637574693A
:105940006F6E207374617475733A2030782530322D
:1059500058004D6F74696F6E20646574656374657B
:105960006420647572696E67204352540047616910
:105970006E3A203078253032582C2030782530325D
:10598000582C2030782530325800626D695F637280
:105990007400626D695F73657475705F574F4D0079
:1059A000626D695F73657475705F4452445900623B
:1059B0006D695F74656D705F7265616400626D69C9
:1059C0005F6779726F5F7265616400626D695F61C4
:1059D0006363656C5F7265616400626D695F6461D9
:1059E00074615F7265616400626D695F75706461A6
:1059F00074655F6F647200626D695F73687574646B
:105A00006F776E00666163746F725F7A785F72653C
:105A100061640075706C6F61645F636F6E66696767
:105A20005F66696C6500617369635F696E697400C4
:105A3000626D695F696E697400027F008000800199
:105A40007F008000800080424D49323730000D0CCD
:105A50000B0A090807060C0B0A09080706050403C8
:105A60000201000102030403020100C82E002E807F
:105A70002E3DB1C82E002E802E9103802EBCB0800A
:105A80002EA303C82E002E802E00B05030212E5998
:105A9000F51030212E6AF5802E3B0300000000082F
:105AA0001901002200750000100010D100B34380DE
:105AB0002E00C1802E00C1802E00C1802E00C1802A
:105AC0002E00C1802E00C1802E00C1802E00C1801A
:105AD0002E00C1802E00C1802E00C1802E00C1800A
:105AE0002E00C1802E00C1802E00C1802E00C180FA
:105AF0002E00C1802E00C1802E00C1802E00C180EA
:105B00002E00C1802E00C1802E00C1802E00C180D9
:105B10002E00C1802E00C1802E00C1802E00C180C9
:105B20002E00C1802E00C1802E00C1802E00C180B9
:105B30002E00C1802E00C1802E00C1802E00C180A9
:105B40002E00C1802E00C1802E00C1802E00C18099
:105B50002E00C1802E00C1E05F00000000010000A7
:105B600000000000000000000092000000000000A3
:105B7000000000000000000000000008190000887C
:105B80000000000000000005E0AA3805E09030FAAF
:105B90000096004B091100110002002D01D47B3B3F
:105BA00001DB7A04003F7BCD6CC3048509C304ECA0
:105BB000E60C460100270019009600A00001000C29
:105BC00000F03C00010100030001000E0000003263
:105BD000000500EE060400C80000000400A805EE61
:105BE000060004BC02B300850700000000000000AE
:105BF00000000000000000000000000000B40001F0
:105C000000B9000100980000000000000000000141
:105C10000080000400000000000000000000000000
:105C20000000000000000000000000000000000074
:105C30000000000000000000000000000000000064
:105C40000000000000000000000000000000000054
:105C50000000000000000000000000000000000044
:105C60000000000000802E00C1FD2DDE00EB00DAF8
:105C700000000CFF0F0004C0005BF5C9011EF2809C
:105C8000003FFF19F458F566F564F5C0F1F000E047
:105C900000CD01D301DB01FF7FFF01E40074F7F3C6
:105CA00000FA00FF3FCA036C3856FE44FDBC02F9FF
:105CB0000600FC1202AE0158FA9AFD7705BB029667
:105CC0000195017F0182018901870188018A018C88
:105CD000018F018D0192019101DD009F017E01DBA9
:105CE00000B601706926D39C071F059D000008BC03
:105CF0000537FAA201AA01A101A801A001A805B4D3
:105D000001B401CE00D000FC00C501FFFBB10000D2
:105D1000380030FDF5FCF5CD01A0005FFF0040FF2D
:105D20000000806D0FEB007FFFC2F568F7B3F167ED
:105D30000F5B0F610F800F58F75BF7830F860072C0
:105D40000F850FC6F17F0F6CF700E000FFD1F587DC
:105D50000F8A0FFF03F03F8B008E009000B9002DDB
:105D6000F5CAF5CB0120F2000000000000000000A1
:105D70000000000000000000000000000000000023
:105D80000000000000000000000000000000000013
:105D90000000000000000000000000000000000003
:105DA00000000000000000000000000000000000F3
:105DB00000000000000000000000000000000000E3
:105DC00000000000000000000000000000000000D3
:105DD00000000000000000000000000000000000C3
:105DE00000000000000000000000000000000000B3
:105DF00000000000000000000000000000000000A3
:105E00000000000000000000000000000000000092
:105E10000000000000000000000000000000000082
:105E20000000000000000000000000000000000072
:105E30000000000000000000000000000000000062
:105E40000000003050982ED70E5032982EFA0300E2
:105E500030F07F002E002ED02E002E018008A2FBF5
:105E60002F982EBA03212E1900012EEE0000B20742
:105E70002F012E190000B2032F01500352982E0754
:105E8000CC012EDD0000B2272F052E8A0005529886
:105E90002EC7C1032EE90040B2F07F082F012E1952
:105EA0000000B2042F0030212EE900982EB4B10179
:105EB0002E180000B2102F0550982E4DC305509893
:105EC0002E5AC7982EF9B4982E54B2982E67B698C9
:105ED0002E17B21030212E7700012EEF0000B204F1
:105EE0002F982E7AB70030212EEF00012ED4000417
:105EF000AE0B2F012EDD0000B2072F0552982E8E1B
:105F00000E00B2022F1030212E7D00012E7D0000E8
:105F100090902EF102012ED70000B2042F982E2F60
:105F20000E0030212E7B00012E7B0000B2122F01CB
:105F30002ED4000090022F982E1F0E092D982E812E
:105F40000D012ED4000490022F5032982EFA030037
:105F500030212E7B00012E7C0000B2902E0903011F
:105F60002E7C000131010800B2042F982E47CB107F
:105F700030212E77008130012E7C00010800B261B3
:105F80002F032E8900012ED40098BC98B805B20FBB
:105F900058232F079009540030372F15410441DC56
:105FA000BE44BEDCBA2C0161000F564A0F0C2FD143
:105FB0004294B8C1421130052E6AF72CBD2FB9802A
:105FC000B20822982EC3B7212D6130232ED4009819
:105FD0002EC3B70030212E5AF5182DE17F5030988E
:105FE0002EFA030F520750504270300D5442427E39
:105FF00082E26F80B24242052F212ED400103098E9
:106000002EC3B7032D6030212ED400012ED40006FC
:1060100090182F012E76000B540752E07F982E7AAD
:10602000C1E16F081A4030082F212ED4002030988B
:106030002EAFB75032982EFA03052D982E380E0049
:1060400030212ED4000030212E7C00182D012ED4BA
:106050000003AA012F982E450E012ED4003F800385
:10606000A2012F002E022D982E5B0E3030982ECEDE
:10607000B70030212E7D005032982EFA03012E7782
:106080000000B2242F982EF5CB032ED50011540119
:106090000ABC848386212EC901E0401352C4408289
:1060A00040A8B9524243BE5342040A5042E17FF035
:1060B000314140F26F25BD0808020AD07F982EA812
:1060C000CF06BCD16FE26F080A8042982E58B70005
:1060D00030212EEE00212E7700212EDD00802EF4BF
:1060E000011A242200802EEC011050FB7F982EF321
:1060F000035750FB6F013071541142420EFC2FC008
:106100002E0142F05F802E00C1FD2D010000000035
:10611000000000000000009A0134030000000000AD
:10612000000000000000000000000000000000006F
:10613000000000000000000000000000000000005F
:10614000000000000000000000000000000000004F
:10615000000000000000000000000000000000003F
:10616000000000000000000000000000000000002F
:10617000000000000000000000000000000000001F
:10618000000000000000000000000000002050E7B8
:106190007FF67F06320F2E61F5FE09C0B3042F177C
:1061A000302F2EEF002D2E61F5F66FE76FE05FC800
:1061B0002E2050E77FF67F46300F2EA4F1BE0980D7
:1061C000B3062F0D2ED40084AF022F16302D2E7B58
:1061D0000086302D2E60F5F66FE76FE05FC82E0168
:1061E0002E77F709BC0FB800B21050FB7F10300BB0
:1061F0002F032E8A0096BC9FB840B2052F032E684D
:10620000F79EBC9FB840B2072F032E7E004190013D
:106210002F982EDC03032C0030212E7E00FB6FF024
:106220005FB82E2050E07FFB7F002E2750982E3B3A
:10623000C82950982EA7C80150982E55CCE16F2B35
:1062400050982EE0C9FB6F0030E05F212E7E00B831
:106250002E7350013057541142420EFC2FB82E219C
:106260002E59F51030C02E212E4AF19050F77FE6BE
:106270007FD57FC47FB37FA17F907F827F7B7F9814
:106280002E35B700B2902E97B0032E8F00072E91B7
:1062900000052EB1003FBA9FB8012EB100A3BD4C3E
:1062A0000A052EB10004BEBFB9CB0A4FBA22BD0108
:1062B0002EB300DC0A2FB9032EB8000ABE9A0ACF0B
:1062C000B99BBC012E97009FB8930A0FBC910A0F8F
:1062D000B8900A252E1800052EC1F52EBD2EB90145
:1062E0002E190031308A040090072F012ED40004AB
:1062F000A2032F012E180000B20C2F19500552983E
:106300002E4DB7052E780080901030012F212E7869
:1063100000252EDD00982E3EB700B2023001300479
:106320002F012E190000B2002F2130012EEA0008A3
:106330001A0E2F232EEA0033301B500B0901401791
:106340005646BE4B084C0A01420A801552014200D3
:106350002E012E180000B21F2F032EC0F5F030487A
:106360000847AA7430072E7A0061224B1A052F07BE
:106370002E66F5BFBDBFB9C0900B2F1D562B30D276
:1063800042DB420104C24204BDFE808184232E7A96
:106390000002420232252E62F5052ED600818425A8
:1063A0002ED6000231252E60F5052E8A000B509066
:1063B0000880B20B2F052ECAF5F03E9008252ECA94
:1063C000F5052E59F5E03F9008252E59F5906FA15F
:1063D0006FB36FC46FD56FE66FF76F7B6F826F70AF
:1063E0005FC82EC050907FE57FD47FC37FB17FA26E
:1063F0007F877FF67F7B7F002E012E60F5607F9880
:106400002E35B70230636F1552507F627F5A2C02CF
:10641000321A0900B3142F00B2032F092E180000FE
:10642000910C2F437F982E97B71F50028A02320497
:1064300030252E64F51552506F436F4443252E606E
:10644000F5D908C0B2362F982E3EB700B2062F01FC
:106450002E190000B2022F506F00900A2F012E79E2
:10646000000090192F1030212E79000030982EDC7A
:1064700003132D012EC3F50CBC0FB812301004030A
:10648000B0262521500352982E4DB71030212EEE04
:10649000000230607F252E7900606F0090052F008C
:1064A00030212EEA001550212E64F51552232E605E
:1064B000F50232506F0090022F0330272E7800072C
:1064C0002E60F51A090091A32F19090091A02F90B1
:1064D0006FA26FB16FC36FD46FE56F7B6FF66F877D
:1064E0006F405FC82EC050E77FF67F26300F2E61C9
:1064F000F52F2E7C000F2E7C00BE09A27F807F80AE
:10650000B3D57FC47FB37F917F7B7F0B2F23501A3E
:10651000251240427F74821240527F002E0040605C
:106520007F982E6AD68130012E7C00010800B2428D
:106530002F032E8900012E890097BC06BC9FB80F3F
:10654000B80090232ED800103001302A2F032ED40B
:106550000044B2052F47B200302D2F212E7C002B96
:106560002D032EFDF59EBC9FB84090142F032EFCEA
:10657000F599BC9FB840900E2F032E49F125544A3F
:10658000084090082F982E35B700B21030032F50D6
:1065900030212ED400102D982EAFB70030212E7C44
:1065A000000A2D052E69F72DBD2FB980B2012F21CC
:1065B0002E7D00232E7C00E031212E61F5F66FE761
:1065C0006F806FA26FB36FC46FD56F7B6F916F4099
:1065D0005FC82E60510A253688F47FEB7F00323188
:1065E0005232301330982E15CB0A253384D27F4394
:1065F0003005502D52982E95C1D26F2752982ED724
:10660000C72A25B086C07FD37FAF842950F16F9809
:106610002E4DC82A25AE8AAA88F26E2B50C16FD3A0
:106620006FF47F982EB6C8E06E00B2322F335483D9
:1066300086F16FC37F04303030F47FD07FB27FE3C8
:1066400030C56F56404541280803140EB408BC827B
:1066500040100A2F542605917F4428A37F982ED9F5
:10666000C008B933305309C16FD36FF46F83174734
:10667000406C15B26FBE09750B90424542510E3207
:10668000BC0289A16F7E86F47FD07FB27F043091F7
:106690006FD62FEB6FA05EB82E032E97001BBC6049
:1066A000509FBC0CB8F07F40B2EB7F2B2F032E7FA6
:1066B000004140012EC800011A112F3758232EC85F
:1066C000001041A07F38810141D07FB17F982E64B6
:1066D000CFD06F0780A16F1142002EB16F01421120
:1066E00030012EFC0000A80330CB224A25012E7F6A
:1066F000003C8935520554982EC4CEC16FF06F9876
:106700002E95CF042D0130F06F982E95CFEB6FA012
:106710005FB82E032EB3000232F030033130508ABE
:10672000080808CB08E07F80B2F37FDB7F252F03CA
:106730002ECA004190042F0130232ECA00982E3F0C
:1067400003C0B2052F032EDA0000304104232EDAF5
:1067500000982E92B21025F06F00B2052F012EDAAC
:106760000002301004212EDA0040B2012F232EC87F
:1067700001DB6FE06FD05F802E95CF0130E06F9826
:106780002E95CF1130232ECA00DB6FD05FB82ED0EC
:10679000500A2533845550D27FE27F038CC07FBBE3
:1067A0007F0030055A39545141A57F967F807F98EC
:1067B0002ED9C00530F57F2025916F3B583D5C3BBD
:1067C00056982E67CCC16FD56F52405043C17FD5CC
:1067D0007F1025982EFEC91025982E74C0866F3024
:1067E00028926F828CA56F6F52690E3954DB2F1976
:1067F000A01530032F0030212E81010A2D012E819A
:106800000105284236212E8101020E012F982EF318
:1068100003575012300140982EFEC9516F0B5C8E09
:106820000E3B6F57580230212E9501456F2A8DD2AD
:106830007FCB7F132F02303F50D27FA80E0E2FC088
:106840006F535402005154420E103059520230011D
:106850002F002E032D504242421230D27F80B203CD
:106860002F0030212E8001122D012EC9000280053B
:106870002E8001113091280040252E8001100E0538
:106880002F012E7F010190012F982EF303002EA0DF
:10689000410190A67F902EE3B4012E950100A890AF
:1068A0002EE3B45B549580824080B202402D8C3F31
:1068B00052967F902EC2B3290E762F012EC900006A
:1068C0004081284552B330982E0FCA5D54807F0016
:1068D0002EA140727F82808240607F982EFEC91078
:1068E00025982E74C0626F05308740C09104300532
:1068F0002F052E830180B21430002F0430052EC9DD
:1069000000736F8140E2406904110FE1401630FED0
:1069100029CB40022F836F830F222F4756130F126C
:1069200030772F4954420E1230732F00910A2F01F5
:106930002E8B0119A802306C2F6350002E174205D0
:1069400042682C12300B25080F5030022F212E8365
:1069500001032D4030212E83012B2E85015A2C124C
:106960003000912B25042F635002301742172C0260
:1069700042982EFEC91025982E74C0052EC900819C
:10698000845B308240372E8301020E072F5F524016
:106990003062404140910E012F212E830105302BA2
:1069A0002E85011230362C16301525817F982EFE4B
:1069B000C91025982E74C019A21630152F052E97D0
:1069C00001806F820E052F012E86010628212E865A
:1069D000010B2D032E87015F544E289142002E8219
:1069E00040900E012F212E88010230132C0530C05B
:1069F0006F081CA80F163005305B50092F02802D40
:106A00002E820105420580002E02423E80002E06A5
:106A1000420230906F3E88014004414C28014207F9
:106A20008010252440004000A8F522232944427A02
:106A3000827E884340044100ABF523DF284342D9DE
:106A4000A0142F0090022FD26F81B2052F6354063D
:106A50002890428542092C02305B500380292E7E0B
:106A6000012B2E8201054212302B2E83014582001C
:106A70002E40407A8202A0082F63503B3015420519
:106A8000423780372E7E0105421230012EC90002A6
:106A90008C404084417A8C040F032F012E8B011906
:106AA000A4042F2B2E8201982EF3031230819061C3
:106AB00052082F65426542438039848288054245E9
:106AC0004285420543002E80410090902EE1B4653E
:106AD00054C16F804000B243586950442F555CB791
:106AE000878C0F0D2E9601C440362F41568B0E2AEF
:106AF0002F0B52A10E0A2F052E8F011425982EFE62
:106B0000C94B54020F695005306554152F032E8E62
:106B1000014D5C8E0F3A2F052E8F01982EFEC94F26
:106B200054820F053069506554302F6D5215304234
:106B30008C454204302B2C84436B52428C002E85B2
:106B4000431530242C45428E0F202F0D2E8E01B17F
:106B50000E1C2F232E8E011A2D0E0E172FA10F158E
:106B60002F232E8D01132D982E74C04354C20E0A6C
:106B70002F655004800B3006820B42798041401211
:106B800030252E8C010142053069506554848243C2
:106B900084BE8C8440864126299442BE8ED57F19BE
:106BA000A143400B2E8C018440C7415D2927294514
:106BB000428442C27F012FC0B31D2F052E9401993C
:106BC000A0012F80B3132F80B3182FC0B3162F123C
:106BD000400140927F982E74C0926F100F203003B6
:106BE0002F1030212E7E010A2D212E7E01072D200F
:106BF00030212E7E01032D1030212E7E01C26F0127
:106C00002EC900BC84028082400040900ED56F02E5
:106C10002F1530982EF30341910530072F67503D13
:106C2000802B2E8F0105420480002E0542022C008D
:106C3000300030A26F988A864080A7052F982EF3E7
:106C400003C030212E950106251A25E26F76829623
:106C5000405643510EFB2FBB6F305FB82E012EB84C
:106C6000000131410840B22050F2300208FB7F01A0
:106C700030102F052ECC008190E07F032F232ECCE7
:106C800000982E55B6982E1DB51025FB6FE06FE0CD
:106C90005F802E95CF982E95CF1030212ECC00FB03
:106CA0006FE05FB82E00510558EB7F2A2589526F9F
:106CB0005A895013410640B3011642CB160640F3E1
:106CC000021342650EF52F054014302C29044208AA
:106CD000A10030902E52B6B388B08AB684A47FC487
:106CE0007FB57FD57F927F73300430554042408A14
:106CF00017F3086B01900253B84B82ADBE717F450C
:106D00000A0954847F982ED9C0A36F7B54D042A324
:106D10007FF27F607F2025716F755A7758795C7597
:106D200056982E67CCB16F626F5042B17FB330106E
:106D300025982E0FCA846F2029716F926FA56F76E8
:106D4000826A0E73300030D02FD26FD17FB47F981B
:106D50002E2BB715BD0BB8020AC26FC07F982E2B21
:106D6000B715BD0BB8420AC06F081741188916E164
:106D700018D018A17F27251625982E79C08B5490FE
:106D80007FB330824080900D2F7D52926F982E0FEE
:106D9000CAB26F900E062F8B501430426F516F1491
:106DA0004212420142002E316F982E74C0416F8012
:106DB0007F982E74C0826F10044352010F052ECBB2
:106DC0000000300430212F516F43588C0E04301CCA
:106DD0002F8588416F04418C0F0430162F84880062
:106DE0002E044104058C0E04300F2F8288316F046D
:106DF0004104058C0E0430082F8388002E04418C3A
:106E00000F0430022F212EAD0114300091142F03F6
:106E10002EA10141900E2F032EAD0114304C2823DA
:106E20002EAD0146A0062F81848D524882824021DA
:106E30002EA10142425C2C0230052EAA0180B20232
:106E400030552F032EA901926FB330982E0FCAB27E
:106E50006F900F003002304A2FA26F875291008549
:106E600052510E022F002E432C0230C26F7F5291DE
:106E70000E02303C2F516F8154982EFEC91025B35D
:106E8000302125982E0FCA326FC07FB3301225985B
:106E90002E0FCA426FB07FB3301225982E0FCAB2A0
:106EA0006F90288352982EFEC9C26F900F00300257
:106EB000301D2F052EA10180B212300F2F426F031B
:106EC0002EAB01910E0230122F526F032EAC0191A6
:106ED0000F02300C2F212EAA010A2C1230032ECBC8
:106EE000008D580889414011430043252EA101D44B
:106EF0006F8F5200433A89002E10431043610EFBFE
:106F00002F032EA001111A022F0225212EA001EB22
:106F10006F005FB82E915210300230955652424B9E
:106F20000EFC2F8D54888293568042534240424239
:106F3000868354C02EC242002EA3520051524047B5
:106F4000401A25012E97008FBE7286FB7F0B307C86
:106F5000BFA5501008DFBA7088F8BFCB42D37F6C52
:106F6000BBFCBBC50A907F1B7F0B43C0B2E57FB75C
:106F70007FA67FC47F902E1CB7072ED200C0B20B15
:106F80002F9752012ECD00827F982EBBCC0B30372D
:106F90002ED200826F906F1A2500B28B7F142FA61D
:106FA000BD25BDB6B92FB980B2D4B00C2F99549B72
:106FB000560B300B2EB100A1589B42DB426C092BC3
:106FC0002EB1008B42CB42867F7384A756C308390B
:106FD000520550727F637F982EC2C0E16F626FD1FD
:106FE0000A012ECD00D56FC46F726F97529D5C98C9
:106FF0002E06CD236F906F9952C0B204BD5440AF9E
:10700000B94540E17F0230062FC0B20230032F9B0A
:107010005C12309443854303BF6FBB80B3202F06BF
:107020006F2601166F6E034542C090292ECE009B3D
:1070300052142F9B5C002E93418641E304AE0780DF
:10704000AB042F80910A2F866F730F072F836FC0B9
:10705000B2042F544245421230042C1130022C113C
:1070600030113002BC0FB8D27F00B20A2F012EFCC3
:1070700000052EC701101A022F212EC701032D0271
:107080002C01300130B06F982E95CFD16FA06F9842
:107090002E95CFE26F9F52012ECE00824050420CBF
:1070A0002C42421130232ED2000130B06F982E9521
:1070B000CFA06F0130982E95CF002EFB6F005FB8E8
:1070C0002E838601300030944024180600530E4F62
:1070D00002F92FB82EA952002E604041400DBC98F5
:1070E000BCC02E010A0FB8AB52533C524040404B3B
:1070F00000821626B901B84140100897B80108C0AF
:107100002E11300108438625400440D8BE2C0B22A6
:1071100011544203804B0EF62FB82E9F501050ADE5
:1071200052052ED300FB7F002E13409342410EFBED
:107130002F982EA5B7982E87CF012ED90000B2FB2D
:107140006F0B2F012E69F7B13F01080130F05F236B
:107150002ED900212E69F7802E7AB7F05FB82E0164
:107160002EC0F8032EFCF51554AF5682080B2E697D
:10717000F7CB0AB1588090DDBE4C085FB959228028
:1071800090072F0334C308F23A0A080235C0904A28
:107190000A4822C02E232EFCF51050FB7F982E5655
:1071A000C7982E49C31030FB6FF05F212ECC002111
:1071B0002ECA00B82E032ED30016B802344A0C2172
:1071C0002E2DF5C02E232ED30003BC212ED5000377
:1071D0002ED50040B21030212E77000130052F054A
:1071E0002ED8008090012F232E6FF5C02E212ED98E
:1071F0000011308108012E6AF7713F23BD0108029A
:107200000AC02E212E6AF730250030212E5AF510A3
:1072100050212E7B00212E7C00FB7F982EC3B7408F
:1072200030212ED400FB6FF05F0325802EAFB78096
:107230002E00C1802E00C1802E00C1802E00C18092
:107240002E00C1802E00C1802E00C1802E00C18082
:107250002E00C1802E00C1802E00C1802E00C18072
:107260002E00C1802E00C1802E00C1012E5DF708C6
:10727000BC80AC0EBB022F003041048206C0A400CB
:1072800030112F40A9032F40910D2F00A70B2F8005
:10729000B3B358022F90A126132023809010300101
:1072A0002FCC0E002F0030B82EB550180808BC881F
:1072B000B60D17C6BD56BCB758DABA04011D0A1080
:1072C00050053032254503FB7FF6302125982E37B7
:1072D000CA16B59ABC06B880A8410A0E2F80900243
:1072E0002F2D50480F092FBFA0042FBF90062FB796
:1072F00054CA0F032F002E022CB7522D52F233988E
:107300002ED9C0FB6FF137C02E0108F05FBF56B910
:1073100054D040C4400B2EFDF3BF5290429442958E
:10732000420530C1500F88064004419642C542488C
:10733000BE73300D2ED8004FBA8442034281B3028F
:107340002F2B2E6FF5062D052E77F7BD56930825AA
:107350002E77F7BB54252EC2F5072EFDF34230B42D
:1073600033DA0A4C00272EFDF34340D43FDC0843B8
:1073700042002E002E43402430DC0A4342048003A6
:107380002EFDF34A0A232EFDF36134C02E01420084
:107390002E60501A257A86E07FF37F0325C3524181
:1073A00084DB7F3330982E16C21A257D82F06FE27F
:1073B0006F322516409440260185408E17C4426ED8
:1073C000039542410EF42FDB6FA05FB82EB051FB46
:1073D0007F982EE80D5A25982E0F0ECB583287C471
:1073E0007F65896B8DC55A657FE17F837FA67F743A
:1073F0007FD07FB67F947F1730C752C954517F002A
:107400002E856F427F002E51414581424113403B02
:107410008A00404B04D006C0AC857F022F02305159
:1074200004D306418405305D02C916DF08D3008D00
:1074300002AFBCB1B9590A656F1143A1B4524153AF
:10744000410143347F657F2631E56FD46F982E3735
:10745000CA326F756F83404241237F127FF63040FE
:10746000255125982E37CA146F2005706F256F6936
:1074700007A26F316F0B3004429B428B4255423260
:107480007F40A9C36F717F0230D040C37F032F407C
:1074900091152F00A7132F00A4112F84BD982E79CA
:1074A000CA556FB75454418200F33F4541CB02F6B1
:1074B00030982E37CA356FA46F4143032C0043A484
:1074C0006F356F1730426F516F934042820041C356
:1074D000000343517F002E944041414C02C46FD1C0
:1074E00056630E746F5143A57F8A2F092ED8000171
:1074F000B3212FCB58906F1341B66FE47F002E91CC
:1075000041144092411540172E6FF5B67FD07FCBC6
:107510007F982E000C0715C26F140B292E6FF5C330
:10752000A3C18FE46FD06FE62F1430052E6FF514D2
:107530000B292E6FF5182DCD560432B56F1C015155
:10754000415241C340B57FE47F982E1F0CE46F2168
:107550008700430432CF545A0EEF2F1554092E776B
:10756000F7220B292E77F7FB6F505EB82E105001D3
:107570002ED40000B2FB7F512F01B2482F02B2423D
:107580002F0390562FD75279804240818400404289
:1075900042982E930CD954D750A14098BD82403EBA
:1075A00082DA0A44408B16E3005342002E43409A8D
:1075B000025242002E414015544A0E3A2F3A8200A0
:1075C000304140212E850F40B20A2F982EB10C98E1
:1075D0002E450E982E5B0EFB6FF05F0030802ECE96
:1075E000B7DD52D35442424F847330DB5283421B87
:1075F000306B422330272ED700372ED400212ED6D1
:10760000007A84172C42423030212ED400122D21D2
:10761000300030232ED400212E7BF70B2D1730980D
:107620002E510CD5500C8272302F2ED400252E7B7B
:10763000F74042002EFB6FF05FB82E70500A2539DC
:1076400086FB7FE1326230982EC2C4B556A56FAB7F
:1076500008916F4B08DF56C46F23094DBA93BC8C59
:107660000BD16F0B09CB52E15E5642AF094DBA23E5
:10767000BD940AE56F68BBEB08BDB963BEFB6F52F2
:1076800042E30AC02E4342905FD150032E25F313EC
:107690004000409BBC9BB408BDB8B998BCDA0A084E
:1076A000B68916C02E190062021050FB7F982E81F9
:1076B0000D012ED40031300804FB6F0130F05F2340
:1076C0002ED600212ED700B82E012ED700032ED69D
:1076D00000480E012F802E1F0EB82EE350213401DA
:1076E000428230C132252E62F50100223001404A2B
:1076F0000A0142B82EE354F03B8340D808E5528398
:1077000042003083305042C432272E64F59400503A
:10771000424042D33F84407D82E30840428342B8E6
:107720002EDD52003040427C86B952092E700FBFC8
:1077300054C442D3865440554094428542212ED7AA
:10774000004240252EFDF3C0427E82052E7D008042
:10775000B2142F052E890027BD2FB98090022F214A
:107760002E6FF50C2D072E710F14301C09052E7786
:10777000F7BD5647BE9308940A252E77F7E7545075
:10778000424A0EFC2FB82E505002304386E550FB83
:107790007FE37FD27FC07FB17F002E414000404811
:1077A00004982E74C01EAAD36F1430B16FE322C0A8
:1077B0006F5240E46F4C0E1242D37FEB2F032E86A4
:1077C0000F40901130032F232E860F022C0030D053
:1077D0006FFB6FB05FB82E4050F17F0A253C86EBFF
:1077E0007F41332230982EC2C4D36FF430DC094776
:1077F00058C26F9409EB586ABBDC08B4B9B1BDE953
:107800005A950821BDF6BF770B51BEF16FEB6F5251
:10781000425442C02E4342C05F5050F550313011A7
:1078200042FB7F7B300B4211300280233301420345
:1078300000072E8003052ED3002352E27FD37FC0A2
:107840007F982EB60ED16F080A1A257B86D07F014D
:10785000331230982EC2C4D16F080A00B20D2FE344
:107860006F012E80035130C786232E21F208BCC041
:1078700042982EA5B7002E002ED02EB06F0BB80365
:107880002E1B00081AB07F7030042F212E21F20029
:107890002E002ED02E982E6DC0982E5DC0ED5098E3
:1078A0002E44CBEF50982E46C3F150982E53C73537
:1078B00050982E64CF1030982EDC032026C06F0223
:1078C000311242AB330B42378001300142F337F7BC
:1078D00052FB504440A20A42428B31092E5EF7F916
:1078E00054E30883421B4223334B00BC840B4033D8
:1078F0003083420B42E07FD17F982E58B7D16F8002
:107900003040420330E06FF3540430002E002E016B
:1079100089620EFA2F43421130FB6FC02E0142B034
:107920005FC14A00006D570000778E0000E0FFFF46
:10793000FFD3FFFFFFE5FFFFFFEEE1FFFF7C13003A
:107940000046E6FFFF00000000000000000000000D
:107950000000000000000000000000000000000027
:107960000000000000000000000000000000000017
:107970000000000000000000000000000000008087
:107980002E00C1802E00C1802E00C1802E00C1803B
:107990002E00C1802E00C1802E00C1802E00C1802B
:1079A0002E00C1802E00C1802E00C1802E00C1801B
:1079B0002E00C1802E00C1802E00C1802E00C1800B
:1079C0002E00C1802E00C1802E00C1802E00C180FB
:1079D0002E00C1802E00C1802E00C1802E00C180EB
:1079E0002E00C1802E00C1802E00C1802E00C180DB
:1079F0002E00C1802E00C1802E00C1802E00C180CB
:107A00002E00C1802E00C1802E00C1802E00C180BA
:107A10002E00C1802E00C1802E00C1802E00C180AA
:107A20002E00C1802E00C1802E00C1802E00C1809A
:107A30002E00C1802E00C1802E00C1802E00C1808A
:107A40002E00C1802E00C1802E00C1802E00C1807A
:107A50002E00C1802E00C1802E00C1802E00C1806A
:107A60002E00C1802E00C1802E00C169636D5F733E
:107A7000657475705F574F4D0069636D5F73657412
:107A800075705F445244590069636D5F74656D7031
:107A90005F726561640069636D5F6779726F5F72C1
:107AA0006561640069636D5F616363656C5F7265E6
:107AB00061640069636D5F646174615F72656164D4
:107AC0000069636D5F7570646174655F6F647200F7
:107AD00069636D5F73687574646F776E0069636D59
:107AE0005F696E69740080008000800049434D34F6
:107AF00032363838000102030405060F0708090A68
:107B00000B25733A20436F6D6D756E6963617469FF
:107B10006F6E206572726F72207768656E20726575
:107B20006164696E67207265736574207374617433
:107B3000650025733A20494D5520726573657420A0
:107B400069732070656E64696E672028307825300F
:107B50003278292C2077616974696E672E2E2E0089
:107B600025733A20496E76616C69642062616E6BA0
:107B70002077726974652073697A650025733A20ED
:107B8000496E76616C69642062616E6B207265611A
:107B9000642073697A650043616E6E6F742072654C
:107BA0006164206D616720646174612C20617320C1
:107BB00062756666657220697320746F6F20736DDD
:107BC000616C6C3A202564206279746573002573BA
:107BD0003A2053656E736F72206E6F7420696E2049
:107BE000636F7272656374206D6F646520746F20BB
:107BF000706572666F726D20657874207772697433
:107C0000653A2025640025733A20556E73757070AF
:107C10006F727465642077726974650025733A2009
:107C20004932434D206572726F723A2025303278A6
:107C30000025733A20556E737570706F72746564A9
:107C40002077726974655F726561640025733A20FC
:107C500053656E736F72206E6F7420696E20636F50
:107C60007272656374206D6F646520746F20706537
:107C700072666F726D206578742077726974652002
:107C8000726561643A2025640025733A20436F6D64
:107C90006D756E69636174696F6E206572726F7263
:107CA0003A2025640069636D34355F646174615FF7
:107CB000726561640069636D34355F6578745F7304
:107CC000657475700069636D34355F6578745F77CE
:107CD000726974655F726561640069636D34355FF4
:107CE0006578745F77726974650069636D34355FB8
:107CF00062616E6B5F726561640069636D34355FEC
:107D000062616E6B5F77726974650069636D3435AB
:107D10005F73657475705F574F4D0069636D3435DF
:107D20005F73657475705F445244590069636D34C4
:107D3000355F74656D705F726561640069636D3491
:107D4000355F6779726F5F726561640069636D3476
:107D5000355F616363656C5F726561640069636D63
:107D600034355F7570646174655F6F647200696358
:107D70006D34355F73687574646F776E0069636D19
:107D800034355F696E69740080008000800049436B
:107D90004D343536383600030405060708090A0B4A
:107DA0000C69736D5F616363656C5F72656164002C
:107DB0004649464F206E6F7420616C69676E65643A
:107DC000006C736D3664736D5F73657475705F57A7
:107DD0004F4D006C736D3664736D5F7365747570B1
:107DE0005F44524459006C736D3664736D5F646117
:107DF00074615F72656164006C736D3664736D5F8E
:107E00007570646174655F6F6472006C736D366465
:107E1000736D5F696E6974004C534D3644534D0069
:107E2000A09080706050403020100C080400040CBA
:107E300008006C736D3664736F5F6578745F73658B
:107E4000747570006C736D3664736F5F73657475F1
:107E5000705F574F4D006C736D3664736F5F646174
:107E600074615F72656164006C736D3664736F5F1B
:107E70007570646174655F6F6472006C736D3664F5
:107E8000736F5F696E6974004C534D3644534F00F5
:107E9000A09080706050403020100C080400040C4A
:107EA0000800444941475245472077686F3D2530D7
:107EB0003258204354524C313D25303258204354DF
:107EC000524C323D25303258204354524C333D25DC
:107ED000303258204354524C363D253032582043DE
:107EE00054524C383D25303258204643333D2530DE
:107EF0003258204643343D253032582049464346C7
:107F0000473D253032580044494147205354323DC3
:107F100025303258205354313D2530325820636E7D
:107F2000743D25752066697865643D257520776800
:107F30006F3D30782530325820746167733D2530AD
:107F400032582C253032582C253032582066663D68
:107F500025642F25640025733A20577269746520C3
:107F600074696D656F7574006C736D5F6578745FAF
:107F700077726974655F72656164006C736D5F65CB
:107F800078745F7772697465006C736D5F6578747F
:107F90005F7365747570006C736D5F736574757075
:107FA0005F574F4D006C736D5F73657475705F4400
:107FB000524459006C736D5F74656D705F726561DA
:107FC00064006C736D5F6779726F5F7265616400E6
:107FD0006C736D5F616363656C5F72656164006C97
:107FE000736D5F646174615F72656164006C736D71
:107FF0005F7570646174655F6F6472006C736D5F50
:1080000073687574646F776E006C736D5F696E6909
:1080100074004C534D36445356000C0B0A090807A4
:108020000605040302010C0403020100030201001F
:1080300025733A20556E737570706F727465642085
:108040006275727374206C656E677468005573692D
:108050006E67206D696E696D756D206275727374DF
:10806000206C656E6774680025733A20494D552071
:108070006D75737420636F6E6669677572652065D0
:10808000787465726E616C20696E74657266616386
:1080900065206265666F72652072656769737465D5
:1080A00072696E67206D61676E65746F6D6574656A
:1080B000720025733A2045787465726E616C206990
:1080C0006E74657266616365206E6F74207573658A
:1080D00064206F766572204932430025733A204947
:1080E0004D55206D757374206265207265676973E4
:1080F0007465726564206265666F7265207265677B
:108100006973746572696E67206D61676E65746FFF
:108110006D657465720073656E736F725F696E74FE
:108120006572666163655F72656769737465725FC6
:1081300073656E736F725F6D61675F6578740073EE
:10814000656E736F725F696E7465726661636500F8
:1081500025733A20526561642074696D656F75748A
:1081600000616B5F74656D705F7265616400616B67
:108170005F6D61675F7265616400616B5F6D616710
:108180005F6F6E6573686F7400616B5F75706461BB
:1081900074655F6F647200616B5F73687574646FA0
:1081A000776E00414B303939343000626D6D315F8C
:1081B0006D61675F7265616400626D6D315F6D61F5
:1081C000675F6F6E6573686F7400626D6D315F75A8
:1081D00070646174655F6F647200626D6D315F73AE
:1081E000687574646F776E00726561645F7472693C
:1081F0006D5F72656769737465727300626D6D316E
:108200005F696E697400626D6D335F74656D705F78
:108210007265616400626D6D335F6D61675F726589
:10822000616400626D6D335F6D61675F6F6E657372
:10823000686F7400626D6D335F7570646174655F43
:108240006F647200626D6D335F73687574646F770D
:108250006E00424D4D33353000697374383330361B
:108260005F6D61675F726561640069737438333094
:10827000365F6D61675F6F6E6573686F74006973F9
:1082800074383330365F7570646174655F6F647223
:1082900000697374383330365F73687574646F7750
:1082A0006E004953543833303600697374383330B4
:1082B000385F6D61675F726561640069737438333C
:1082C00030385F6D61675F6F6E6573686F740069EA
:1082D0007374383330385F7570646174655F6F64D0
:1082E0007200697374383330385F73687574646F03
:1082F000776E0049535438333038006C6973325FFD
:1083000074656D705F72656164006C6973325F6D76
:1083100061675F72656164006C6973325F6D61678C
:108320005F6F6E6573686F74006C6973325F757030
:10833000646174655F6F6472006C6973325F736847
:108340007574646F776E006C6973335F74656D70FC
:108350005F72656164006C6973335F6D61675F7242
:10836000656164006C6973335F6D61675F6F6E6533
:1083700073686F74006C6973335F757064617465E2
:108380005F6F6472006C6973335F73687574646FD8
:10839000776E006C6973335F696E6974004C495382
:1083A000334D444C006D6D635F5245534554006D31
:1083B0006D635F74656D705F72656164006D6D63A0
:1083C0005F6D61675F72656164006D6D635F6D61B4
:1083D000675F6F6E6573686F74006D6D635F757056
:1083E000646174655F6F6472006D6D635F7368755F
:1083F00074646F776E006D6D635F534554006D6DEF
:10840000635F696E6974004D4D43353938334D41B2
:108410000044617461206E6F74207265616479003C
:108420004D61676E65746F6D65746572206F7665FA
:1084300072666C6F7700716D635F6D61675F726507
:10844000616400716D635F6D61675F6F6E65736816
:108450006F7400716D635F7570646174655F6F64E4
:108460007200716D635F73687574646F776E00512D
:108470004D43363330390073656E736F725F7363CB
:10848000616E0025733A205363616E6E696E6720DA
:10849000616464726573733A203078253032580015
:1084A00025733A205363616E6E696E67207265674B
:1084B00069737465723A203078253032580025731C
:1084C0003A20506F77657220757020424D4D3135DE
:1084D000300025733A20526561642076616C7565C1
:1084E0003A203078253032580056616C6964206437
:1084F000657669636520666F756E642061742061BE
:108500006464726573733A203078253032582028BD
:1085100072656769737465723A2030782530325815
:108520002C2076616C75653A2030782530325829D8
:10853000004E6F2064657669636520666F756E64B2
:1085400020617420616464726573733A2030782509
:108550003032580073656E736F725F7363616E5F64
:108560006578740073656E736F725F7363616E5FBD
:108570006578740025733A206572723A202564008C
:1085800025733A20526561642076616C75653A20E6
:108590003078253032582C203078253032582C2035
:1085A000307825303258202830782530325829004C
:1085B00056616C69642064657669636520666F75D1
:1085C0006E64207573696E67207265676973746580
:1085D000723A20307825303258202876616C7565E3
:1085E0003A2030782530325829004E6F2064657665
:1085F00069636520666F756E64207573696E6720A8
:1086000072656769737465723A2030782530325824
:108610000073656E736F725F7363616E5F73706911
:108620000073656E736F725F7363616E5F73706901
:108630000053757370656E6465642073656E736F47
:108640007220746872656164004449414748414D35
:108650004D45522025733A203230302072656164D6
:1086600073202D3E20307837303A2564203078460C
:10867000463A2564206F746865723A25642028663E
:10868000697273743D307825303258206C61737490
:108690003D307825303258206F746865723D3078EF
:1086A0002530325829001B5B33383B353B31393696
:1086B0003B316D4E6F6E651B5B306D004E6F6E65AE
:1086C00000494D5520616464726573733A203078B7
:1086D000253032582C2072656769737465723A20B0
:1086E000307825303258004D61676E65746F6D6566
:1086F00074657220616464726573733A2030782502
:108700003032582C2072656769737465723A203074
:108710007825303258005363616E6E696E6720535E
:1087200050492062757320666F7220494D5500468E
:108730006F756E6420756E6B6E6F776E20646576F4
:1087400069636500466F756E642025730025733A72
:10875000204E6F20494D55206465746563746564CF
:108760000025733A20494D55206E6F742073757043
:10877000706F72746564005363616E6E696E67201A
:1087800062757320666F72206D61676E65746F6DC0
:1087900065746572207468726F75676820494D55FD
:1087A000204932434D0025733A204661696C656467
:1087B00020746F207265676973746572206D6167DC
:1087C0006E65746F6D657465722065787465726E20
:1087D000616C20696E74657266616365004E6F201E
:1087E0006D61676E65746F6D657465722064657424
:1087F00065637465640025733A204D61676E657426
:108800006F6D65746572206E6F7420737570706F14
:1088100072746564005265747279696E672073655D
:108820006E736F7220646574656374696F6E004661
:108830007573696F6E2064617461207265636F7611
:10884000657265640053656E736F7220696E69743A
:108850002C2073687574646F776E20666972737408
:10886000004449414757484F203129616674657279
:108870002D7363616E2F6265666F72652D73687507
:1088800074646F776E2077686F3D3078253032588A
:1088900000312961667465722D7363616E2F6265A4
:1088A000666F72652D73687574646F776E004449E6
:1088B000414757484F20322961667465722D73779E
:1088C0002D72657365742020202020202020202018
:1088D00020202077686F3D307825303258003229CB
:1088E00061667465722D73772D72657365740053BC
:1088F000656E736F7220636C6F636B207261746559
:108900003A20252E3266487A00416363656C6572B1
:108910006F6D657465722072616E67653A20252EF1
:10892000326667004779726F73636F70652072619A
:108930006E67653A20252E32666470730052657149
:10894000756573746564205350492066726571754E
:10895000656E63793A20252E32664D487A00416370
:1089600063656C65726F6D6574657220696E69749C
:1089700069616C20726174653A20252E3266487AEE
:10898000004779726F6D6574657220696E697469EC
:10899000616C20726174653A20252E3266487A0037
:1089A0004D61676E65746F6D6574657220696E697F
:1089B0007469616C20726174653A20252E326648B4
:1089C0007A00496E697469616C697A6564207365BF
:1089D0006E736F7273004170706C79696E67206797
:1089E00079726F73636F7065206761696E005745B8
:1089F00053545F544F504449522F7A6570687972CE
:108A00002F696E636C7564652F7A65706879722F53
:108A1000647269766572732F6770696F2E680041A2
:108A20005353455254494F4E204641494C20402013
:108A300025733A25640A005573696E672025730013
:108A4000496E697469616C697A65642066757369D9
:108A50006F6E0025733A204661696C656420746FFF
:108A600020616C6C6F63617465206D656D6F7279E8
:108A700020666F72204649464F20627566666572B1
:108A800000537769746368696E672073656E736FEE
:108A9000727320746F206C6F77206E6F697365003E
:108AA000537769746368696E672073656E736F725C
:108AB0007320746F206C6F7720706F77657200532E
:108AC0007769746368696E672073656E736F72731C
:108AD00020746F206C6F7720706F77657220320082
:108AE0004E6F207061636B6574732070726F636585
:108AF00073736564004E6F207061636B65747320DF
:108B0000696E206275666665720025733A20506151
:108B1000636B6574206572726F722074687265731E
:108B2000686F6C642065786365656465640045788A
:108B30007065637465642025642074696D65737461
:108B4000657025732C20676F74202564004E6F209C
:108B50006D6F74696F6E2066726F6D2073656E73D2
:108B60006F727320696E2025646D7300537769748A
:108B70006368696E6720746F2061637469766974D5
:108B8000792074696D656F7574004E6F206D6F7418
:108B9000696F6E2066726F6D2073656E736F72738E
:108BA00020696E2025646D004E6F206D6F74696FB3
:108BB0006E2066726F6D2073656E736F72732069BD
:108BC0006E20256C6C6473004C6173742075706446
:108BD00061746520737465707320746F6F6B20759A
:108BE0007020746F20256C6C64206D730053656E6B
:108BF000736F7220696E7465727275707420746917
:108C00006D656F75740053746F7070656420736563
:108C10006E736F722074687265616400526571755D
:108C200065737465642073656E736F72207363611E
:108C30006E00537461727465642073656E736F7235
:108C4000206C6F6F700025733A204661696C656413
:108C500020746F2073687574646F776E2073656E0F
:108C6000736F72730025733A204661696C656420E6
:108C7000746F20636F6E66696775726520494D5524
:108C80002077616B6520757000526573756D656442
:108C90002073656E736F722074687265616400730F
:108CA000656E736F725F73657475705F574F4D00BB
:108CB00073656E736F725F73687574646F776E003F
:108CC00073656E736F725F6C6F6F700073656E7338
:108CD0006F725F7363616E0073656E736F725F694D
:108CE0006E69745F7468726561645F69640073655E
:108CF0006E736F7200484D43353838334C00514D18
:108D000043353838334C00514D4336333130004110
:108D10004B3839363300414B3039393136004953FD
:108D200054383332300049535438333231004949D2
:108D300053324D44432F4C4953324D444C004D4D1A
:108D4000433334313630504A004D4D43333633309F
:108D50004B4A004D4D43353630334E4A2F4D4D432F
:108D6000353633334E4A4C004D4D43353631365748
:108D70004100424D4931363000424D4933323300D3
:108D80004D50552D363030302F4D50552D36303515
:108D900030004D50552D36353030004D50552D3961
:108DA0003235300049434D2D323039343800494393
:108DB0004D2D34323638382D502F49434D2D343215
:108DC0003638382D560049434D2D34353638360067
:108DD00049434D2D34353638382D50004C534D36DF
:108DE00044534F313649532F49534D333330495350
:108DF000004C534D36445333004C534D364453339B
:108E000054522D432F4C534D3644534C2F4C534DFD
:108E10003644534D2F49534D333330444C43004C6B
:108E2000534D364453522F49534D33333044484306
:108E300058004C534D36445354004C534D36445314
:108E4000563136422F49534D333330425800565134
:108E500046000209A302084801A302084801FF01D5
:108E6000A302084801320133030620210180013D9D
:108E70000148013D01400106020A30021011018043
:108E800001900201000301000D02010001400100F8
:108E9000010002000F030A0F4F03202F39010001C8
:108EA00000010C010D020E0F041011121304141511
:108EB00016170119011C011E0130013C017C04EA56
:108EC000D1244302E9E70568707147DB0822696A2B
:108ED0006B6C6D707103007275010F73656E736F4B
:108EE000725F6E6F6E65004E6F7420656E6F756792
:108EF00068206461746120746F2063616C63756CB9
:108F00006174652064697363686172676520637565
:108F100072766500547261636B6572207265736569
:108F20007400547261636B657220696E6974696163
:108F30006C697A65643A2025362E326625250055FF
:108F40006E6163636F756E746564206368616E67DC
:108F50006520746F206261747465727920534F4389
:108F60003A2025352E3266252520286D696E292068
:108F70002D3E2025352E32662525200025733A20EA
:108F800041626E6F726D616C206368616E6765200F
:108F9000746F206261747465727920534F433A2074
:108FA00025352E3266252520286D696E29202D3E17
:108FB0002025352E32662525200025733A20416272
:108FC0006E6F726D616C206368616E676520746F8F
:108FD000206261747465727920534F433A202535BD
:108FE0002E3266252520286D617829202D3E2025EA
:108FF000362E32662525200041626E6F726D616CDF
:10900000206368616E676520746F206261747465A7
:10901000727920534F433A2025352E326625252F6D
:109020006D696E202825352E32662525202D3E209F
:1090300025352E3266252520696E20256C6C75201D
:10904000757329004E657720696E74657276616C60
:109050003A20252E326625250055706461746520FE
:10906000696E74657276616C3A20252E326625250C
:109070000025733A20496E74657276616C202575FF
:109080003A20256C6C7520757320697320746F6F9E
:109090002073686F72740025733A20496E76616C94
:1090A00069642063757276650052657365747469CE
:1090B0006E67206261747465727920747261636B8B
:1090C00065722077696C6C20636C65617220616CDD
:1090D0006C20626174746572792063616C6962727C
:1090E0006174696F6E20646174612E20506C6561DB
:1090F000736520726573656E642074686520636FA4
:109100006D6D616E6420746F20636F6E6669726D41
:109110002E0A00526573657474696E67206261740B
:109120007465727920747261636B65720A004261C2
:10913000747465727920747261636B6572207265F4
:10914000736574006170706C795F63757276650029
:109150007570646174655F696E74657276616C00C8
:109160007379735F7570646174655F62617474654F
:1091700072795F747261636B6572006261747465A9
:1091800072795F747261636B6572006C65645F74A1
:1091900068726561645F696400456E746572696ECA
:1091A00067206E657720706F7765722073746174C5
:1091B00065207768696C652073656E736F722065D2
:1091C00072726F7220697320726169736564004501
:1091D0006E746572696E67206E657720706F776553
:1091E00072207374617465207768696C6520737987
:1091F0007374656D206572726F722069732072617D
:109200006973656400574553545F544F5044495245
:109210002F6D6F64756C65732F68616C2F6E6F7244
:109220006469632F6E7266782F68616C2F6E726648
:109230005F6770696F2E680025733A2053797374E5
:10924000656D20697320616C726561647920656E5B
:10925000746572696E672061206E657720706F7724
:1092600065722073746174650044656C617965642E
:1092700020666F722055415254206261636B656EA7
:1092800064006C6F675F6261636B656E645F7561DC
:10929000727400494D552077616B6520757020729E
:1092A000657175657374656400494D552077616B10
:1092B00065207570206E6F7420617661696C6162E3
:1092C0006C652C2077616974696E67206F6E20452C
:1092D00053422F73746174757320726561647900F1
:1092E0004553422F7374617475732072656164799C
:1092F0002074696D6564206F757400436F6E6669D4
:10930000677572656420494D552077616B652075DE
:10931000700057616B65207570204750494F207071
:10932000696E3A2025752C20636F6E6669673A2056
:10933000257500436F6E6669677572656420494DD7
:10934000552077616B65207570204750494F00505C
:109350006F776572696E67206F6666206E52460091
:1093600053797374656D207265626F6F74207265D6
:1093700071756573746564005265626F6F74696EB0
:1093800067206E52460053797374656D206F666670
:1093900020726571756573746564005265717565D9
:1093A000737465642073656E736F72207363616E8E
:1093B000206F6E206E65787420626F6F7400576145
:1093C0006B65207570204750494F2070696E3A20B8
:1093D000257500446973636F6E6E65637465642000
:1093E000494D552077616B65207570204750494F76
:1093F00000494D55204353204750494F2070696E16
:109400003A20257500446973636F6E6E65637465F9
:109410006420494D55204353204750494F00257340
:109420003A2043616E6E6F742064697361626C658B
:1094300020636861726765720025733A204661692E
:109440006C656420746F207265616420626174745D
:1094500065727920766F6C746167653A20256400C7
:10946000426174746572792025752525202825644C
:10947000206D56290042617474657279206E6F7494
:1094800020617661696C61626C6520282564206DBD
:1094900056290025733A20426174746572792076EA
:1094A0006F6C746167652072656164696E672069BD
:1094B000732061626E6F726D616C004469736368E2
:1094C00061726765642062617474657279004368D3
:1094D000616E676520746F206261747465727920B3
:1094E000534F433A2025352E32662525202D3E2028
:1094F00025352E32662525007365745F63686172B9
:109500006765725F656E61626C65007379735F7029
:109510006F7765725F73746174655F72657175658D
:10952000737400706F7765725F7468726561640050
:10953000706F7765725F7468726561645F696400FB
:1095400064697361626C655F4446555F74687265F7
:1095500061645F69640025733A2053656E736F72AE
:1095600020636F6D6D756E69636174696F6E2065E0
:1095700072726F7200436F6E6E656374696F6E20F6
:109580006572726F720025733A2047656E6572616D
:109590006C206572726F720055534220636F6E6E5D
:1095A0006563746564004368617267657220706CFE
:1095B00075676765640043616C6962726174696FA5
:1095C0006E2072756E6E696E6700427574746F6E90
:1095D000207072657373656400436C6561726564C5
:1095E000207374617475733A202564005374617438
:1095F00075733A202564007365745F7374617475C4
:1096000073007374617475735F7761726E5F7468F1
:10961000726561645F6964007374617475735F651A
:1096200072726F725F7468726561645F696400254D
:10963000733A204661696C656420746F20676574B5
:10964000207061676520696E666F0025733A204659
:1096500061696C656420746F206D6F756E74204E47
:1096600056530025733A204661696C656420746F17
:109670002066657463682073616D706C6520667226
:109680006F6D206E52462074656D706572617475E1
:109690007265206465766963650A00436F6E66696A
:1096A0006775726564207377302073656E7365002B
:1096B00025733A204661696C656420746F20777267
:1096C00069746520746F204E56532C206572726F3A
:1096D000723A2025640025733A204661696C6564FE
:1096E00020746F20726561642066726F6D204E5623
:1096F000532C206572726F723A20256400526561A6
:109700006420646174612073657420746F207A65CD
:10971000726F00496E76616C696461746564205291
:10972000414D0056616C6964617465642052414D1D
:1097300000526573657474696E67204E56532061DC
:109740006E642072657461696E65642077696C6C03
:1097500020636C65617220616C6C20706169726954
:109760006E672C2073656E736F722063616C696223
:10977000726174696F6E20646174612C20616E6423
:1097800020626174746572792063616C69627261D0
:1097900074696F6E20646174612E20506C65617312
:1097A0006520726573656E642074686520636F6DF3
:1097B0006D616E6420746F20636F6E6669726D2ECA
:1097C0000A00526573657474696E67204E565320A3
:1097D000616E642072657461696E65640A004E563C
:1097E0005320616E642072657461696E65642072D5
:1097F000657365740053746F726167652070617280
:10980000746974696F6E3A20257520627974657386
:109810000A00416C6C6F6361746564204E56533A64
:10982000202575202A202575203D20257520627968
:109830007465730A004E565320667265653A20259A
:10984000642062797465732C206D61783A202564F8
:109850002062797465730A005573657220736875A8
:1098600074646F776E2072657175657374656400DA
:10987000494D552063616C6962726174696F6E2035
:109880007265717565737465640050616972696EA3
:109890006720726573657420726571756573746590
:1098A0006400427574746F6E2070726573736564C2
:1098B0002025642074696D657300427574746F6E41
:1098C000207761732070726573736564202564204E
:1098D00074696D6573007379735F72656164007399
:1098E00079735F7772697465007379735F6E7673ED
:1098F0005F696E69740074656D705F74687265612C
:109900006400627574746F6E5F7468726561645F21
:1099100069640074656D705F7468726561645F6925
:1099200064007573625F696E69745F746872656103
:10993000645F6964007573620000070E091C1B12E6
:1099400015383F363124232A2D574553545F544F41
:10995000504449522F7A65706879722F6C69622F72
:10996000686561702F686561702E630057455354B8
:109970005F544F504449522F7A65706879722F6C4A
:1099800069622F6F732F63627072696E74665F70A5
:1099900061636B616765642E630028756E73696728
:1099A0006E6564292063686172202A20757365647E
:1099B00020666F722025257020617267756D656E57
:1099C000742E2049742773207265636F6D6D656E08
:1099D00064656420746F20636173742069742074FB
:1099E0006F20766F6964202A2062656361757365F4
:1099F000206974206D6179206361757365206D69DC
:109A0000736265686176696F7220696E2063657242
:109A10007461696E20636F6E6669677572617469DF
:109A20006F6E732E20537472696E673A222573220B
:109A300020617267756D656E743A256400636270AB
:109A400072696E74665F7061636B61676500286E32
:109A5000696C2900574553545F544F504449522F65
:109A60007A65706879722F6C69622F6F732F6D70D1
:109A700073635F706275662E6300574553545F547D
:109A80004F504449522F7A65706879722F696E631E
:109A90006C7564652F7A65706879722F7370696E62
:109AA0006C6F636B2E68004661696C656420746F2F
:109AB000207265626F6F743A207370696E6E696EA2
:109AC0006720656E646C6573736C792E2E2E0A00A8
:109AD0007F7F7F7F7F7F7F7F7F7F7F7F7F7F7F7F96
:109AE0007F7F7F7F7F7F7F7F7F7F7F7F7F7F7F7F86
:109AF0007F7F7F7F7F7F7F7F7F7F7F3E7F7F7F3FF7
:109B00003435363738393A3B3C3D7F7F7F407F7F65
:109B10007F000102030405060708090A0B0C0D0E5D
:109B20000F101112131415161718197F7F7F7F7FDE
:109B30007F1A1B1C1D1E1F202122232425262728B7
:109B4000292A2B2C2D2E2F303132337F7F7F7F7FA0
:109B50004142434445464748494A4B4C4D4E4F507D
:109B60005152535455565758595A61626364656649
:109B70006768696A6B6C6D6E6F70717273747576FD
:109B80007778797A303132333435363738392B2F8C
:109B9000574553545F544F504449522F7A6570686B
:109BA00079722F6C69622F7574696C732F6F6E6F89
:109BB00066662E6300574553545F544F50444952D4
:109BC0002F7A65706879722F6C69622F7574696C71
:109BD000732F6E6F746966792E6300574553545F17
:109BE000544F504449522F7A65706879722F6C69CE
:109BF000622F7574696C732F72696E675F62756628
:109C00006665722E630025733A204E5653206E6FA0
:109C10007420696E697469616C697A656400257382
:109C20003A20436F756C64206E6F74206F627461AC
:109C3000696E20666C61736820706172616D657415
:109C40006572730025733A20556E737570706F726C
:109C500074656420777269746520626C6F636B2031
:109C600073697A650025733A20556E61626C6520D0
:109C7000746F20676574207061676520696E666F18
:109C80000025733A20496E76616C696420736563C0
:109C9000746F722073697A650025733A20436F6E82
:109CA00066696775726174696F6E206572726F7232
:109CB000202D20736563746F7220636F756E74005E
:109CC000416C6C20736563746F727320636C6F7387
:109CD00065642C2065726173696E6720616C6C200D
:109CE000736563746F72732E2E2E006E76735F73BE
:109CF0006563746F725F6D61785F646174615F73D7
:109D0000697A65006E76735F63616C635F66726526
:109D1000655F7370616365006E76735F7265616421
:109D20005F68697374006E76735F7772697465003B
:109D30006E76735F6D6F756E74006E76735F636CB5
:109D40006561720066735F6E7673006C6F6767693A
:109D50006E6700574553545F544F504449522F7A11
:109D600065706879722F7375627379732F6C6F6782
:109D700067696E672F6C6F675F636F72652E630034
:109D80006C6F6700574553545F544F504449522FEE
:109D90007A65706879722F7375627379732F6C6F3F
:109DA0006767696E672F6C6F675F6D676D742E6391
:109DB00000574553545F544F504449522F7A6570B1
:109DC0006879722F696E636C7564652F7A65706847
:109DD00079722F6C6F6767696E672F6C6F675F6250
:109DE00061636B656E642E68006C6F675F6D676D95
:109DF00074004D65737361676520282225732229DD
:109E00002064726F7070656420626563617573654C
:109E100020697420657863656564732073697A6569
:109E2000206C696D69746174696F6E2028257529CD
:109E300000574553545F544F504449522F7A657030
:109E40006879722F7375627379732F6C6F676769A6
:109E50006E672F6C6F675F6D73672E63004D657360
:109E6000736167652064726F7070656420626563FA
:109E70006175736520697420657863656564732016
:109E800073697A65206C696D69746174696F6E209D
:109E900028257529000D0A00574553545F544F502B
:109EA0004449522F7A65706879722F73756273799D
:109EB000732F6C6F6767696E672F6C6F675F6F7565
:109EC000747075742E6300257320005B2530386C28
:109ED000755D20005B253032753A253032753A25A4
:109EE0003032752E253033752C253033755D2000CA
:109EF00025732F003C25733E200025733A20002552
:109F00003032782000202020007C00256300206D66
:109F1000657373616765732064726F707065642028
:109F20002D2D2D0D0A1B5B306D001B5B313B33313A
:109F30006D2D2D2D20001B5B313B33316D001B5BE4
:109F4000313B33336D006572720077726E00696E5B
:109F50006600646267006C6F675F6261636B656E69
:109F6000645F72747400574553545F544F504449B2
:109F7000522F7A65706879722F7375627379732FB7
:109F80006C6F6767696E672F6261636B656E647380
:109F90002F6C6F675F6261636B656E645F75617282
:109FA000742E63006C6F675F7561727400737573F4
:109FB00070656E646564006F666600706D5F6465F1
:109FC00076696365000001010301000301574553F1
:109FD000545F544F504449522F7A65706879722FFC
:109FE0007375627379732F7573622F646576696315
:109FF000652F7573625F6465766963652E630025FE
:10A00000733A20456E64706F696E74203078253025
:10A01000327820697320696E76616C6964002573FB
:10A020003A204661696C656420746F2064697361CD
:10A03000626C6520656E64706F696E74203078257F
:10A040003032780025733A204661696C656420746B
:10A050006F20636F6E66696775726520656E6470E8
:10A060006F696E74203078253032780025733A207D
:10A070004661696C656420746F20656E61626C6511
:10A0800020656E64706F696E742030782530327888
:10A090000025733A20526571756573742062756688
:10A0A00066657220746F6F20736D616C6C00257330
:10A0B0003A204661696C656420746F20636F6E6638
:10A0C00069677572652055534220646576696365DA
:10A0D00020737461636B0025733A204572726F6E52
:10A0E000656F757320646576696365206465736365
:10A0F000726970746F72206F7220624D6178506166
:10A10000636B657453697A6530007573625F68616B
:10A110006E646C655F636F6E74726F6C5F74726196
:10A120006E73666572007573625F656E61626C6501
:10A13000007365745F656E64706F696E7400676547
:10A14000745F65705F626D5F66726F6D5F6164649E
:10A15000720064697361626C655F656E64706F69DB
:10A160006E74007573625F64657669636500303193
:10A170003233343536373839414243444546005747
:10A180004553545F544F504449522F7A6570687953
:10A19000722F7375627379732F7573622F6465768E
:10A1A0006963652F7573625F646573637269707448
:10A1B0006F722E630025733A2054686572652069BA
:10A1C00073206E6F207573625F6366675F6461748E
:10A1D0006120666F722025700025733A20556E69E4
:10A1E0006E697469616C697A6564207573625F6316
:10A1F00066675F6461746120706F696E7465722C4C
:10A2000020636F727275707465642064657669632B
:10A21000652064657363726970746F723F002573A3
:10A220003A204661696C656420746F2076616C69C0
:10A230006461746520656E64706F696E7473002567
:10A24000733A20496E636F6D706C65746520646548
:10A25000766963652064657363726970746F7200F8
:10A2600025733A204661696C656420746F206669C5
:10A2700078757020555342206465736372697074F9
:10A280006F72007573625F6669785F64657363728D
:10A290006970746F72007573625F6765745F64657F
:10A2A000766963655F64657363726970746F720069
:10A2B0007573625F64657363726970746F72002591
:10A2C000733A205472616E73666572206572726FA4
:10A2D000722025642C20657020307825303278007B
:10A2E00025733A2052582064617461206C6F737436
:10A2F0002C206E6F207472616E7366657200257318
:10A300003A204E6F207472616E7366657220736CB2
:10A310006F7420617661696C61626C650025733AC7
:10A320002041207472616E736665722069732061CA
:10A330006C7265616479206F6E676F696E672C203F
:10A34000657020307825303278007573625F7472E2
:10A35000616E73666572007573625F7472616E73AD
:10A360006665725F776F726B007573625F7472619E
:10A370006E736665725F65705F63616C6C6261636A
:10A380006B007573625F7472616E736665720063F1
:10A3900064635F61636D5F756172743000757362D1
:10A3A000776F726B710073657474696E67730066A2
:10A3B0006C617368002A2A2A20426F6F74696E6785
:10A3C00020536C696D6556522D547261636B6572D2
:10A3D0002D6E52462076302E302E302D6469616706
:10A3E0002D6669666F202D20756E6B6E6F776E20FF
:10A3F000636F6D6D6974202A2A2A0A002A2A2A208E
:10A400005573696E67206E524620436F6E6E6563AA
:10A41000742053444B2076332E312E312D30666616
:10A42000623436623862396165202A2A2A0A002A93
:10A430002A2A205573696E67205A657068797220E0
:10A440004F532076342E312E39392D6666386630DA
:10A4500063353739656562202A2A2A0A006D7574CA
:10A4600065785F696E69742063616C6C65642077E0
:10A47000697468204E554C4C20706172616D657432
:10A48000657200436F756C64206E6F7420616C6C34
:10A490006F63617465206D75746578206265666FA1
:10A4A000726520696E697469616C697A696E6700AA
:10A4B00025733A2072302F61313A202030782530D0
:10A4C0003878202072312F61323A202030782530C0
:10A4D0003878202072322F61333A202030782530AE
:10A4E00038780025733A2072332F61343A202030B7
:10A4F0007825303878207231322F69703A20203038
:10A500007825303878207231342F6C723A20203020
:10A5100078253038780025733A2020787073723AA5
:10A5200020203078253038780025733A20735B2559
:10A5300032645D3A20203078253038782020735BF3
:10A540002532645D3A202030782530387820207319
:10A550005B2532645D3A2020307825303878202021
:10A56000735B2532645D3A202030782530387800DE
:10A5700025733A2066707363723A20203078253054
:10A5800038780025733A204661756C74696E6720CF
:10A59000696E737472756374696F6E20616464723E
:10A5A00065737320287231352F7063293A20307813
:10A5B000253038780025733A20556E68616E646CDA
:10A5C0006564204952516E3A202564006573665FC8
:10A5D00064756D70007A5F61726D5F666174616C45
:10A5E0005F6572726F720025733A202A2A2A2A2A1E
:10A5F000204D5055204641554C54202A2A2A2A2ABB
:10A600000025733A202020537461636B696E6720C4
:10A610006572726F722028636F6E74657874206142
:10A62000726561206D69676874206265206E6F7461
:10A630002076616C6964290025733A202020556ECC
:10A64000737461636B696E67206572726F72002547
:10A65000733A202020446174612041636365737301
:10A660002056696F6C6174696F6E0025733A202003
:10A67000204D4D46415220416464726573733A2007
:10A68000307825780025733A202020496E73747243
:10A69000756374696F6E20416363657373205669D7
:10A6A0006F6C6174696F6E0025733A202020466CD0
:10A6B0006F6174696E672D706F696E74206C617A5A
:10A6C0007920737461746520707265736572766148
:10A6D00074696F6E206572726F7200574553545FD4
:10A6E000544F504449522F7A65706879722F6172C5
:10A6F00063682F61726D2F636F72652F636F727461
:10A7000065785F6D2F6661756C742E630025733AF2
:10A71000202A2A2A2A2A20555341474520464155B6
:10A720004C54202A2A2A2A2A0025733A2020204421
:10A7300069766973696F6E206279207A65726F003D
:10A7400025733A202020556E616C69676E65642020
:10A750006D656D6F72792061636365737300257336
:10A760003A2020204E6F20636F70726F63657373A1
:10A770006F7220696E737472756374696F6E7300A3
:10A7800025733A202020496C6C6567616C206C6FE2
:10A790006164206F66204558435F52455455524EC0
:10A7A00020696E746F2050430025733A20202049A1
:10A7B0006C6C6567616C20757365206F66207468CA
:10A7C0006520455053520025733A2020204174746F
:10A7D000656D707420746F2065786563757465208D
:10A7E000756E646566696E656420696E73747275F2
:10A7F0006374696F6E0025733A202A2A2A2A2A2058
:10A80000425553204641554C54202A2A2A2A2A00D0
:10A8100025733A202020537461636B696E6720654D
:10A8200072726F720025733A20202050726563693E
:10A830007365206461746120627573206572726F44
:10A84000720025733A202020424641522041646420
:10A85000726573733A20307825780025733A20208A
:10A8600020496D707265636973652064617461204D
:10A87000627573206572726F720025733A20202012
:10A88000496E737472756374696F6E20627573209C
:10A890006572726F720052657365727665642045E9
:10A8A0007863657074696F6E2028005370757269E3
:10A8B0006F757320696E74657272757074202849A3
:10A8C0005251200025733A20535053454C20696E55
:10A8D00020746872656164206D6F646520646F65C3
:10A8E00073206E6F7420696E6469636174652050B3
:10A8F00053500025733A202A2A2A2A2A20484152F6
:10A9000044204641554C54202A2A2A2A2A002573DD
:10A910003A202020427573206661756C74206F6E3A
:10A9200020766563746F72207461626C6520726555
:10A9300061640025733A20202044656275672065B4
:10A9400076656E740025733A2020204661756C741C
:10A9500020657363616C6174696F6E20287365652F
:10A960002062656C6F77290025733A204152434875
:10A970005F4558434550542077697468207265617B
:10A98000736F6E2025780A0025733A202A2A2A2A16
:10A990002A204465627567206D6F6E69746F72203E
:10A9A000657863657074696F6E202A2A2A2A2A00E6
:10A9B00025733A202A2A2A2A2A2025732025642949
:10A9C000202A2A2A2A2A0072657365727665645FD6
:10A9D000657863657074696F6E0064656275675F42
:10A9E0006D6F6E69746F720075736167655F666124
:10A9F000756C74006275735F6661756C74006D656B
:10AA00006D5F6D616E6167655F6661756C7400682E
:10AA10006172645F6661756C74006765745F65730D
:10AA20006600574553545F544F504449522F7A653E
:10AA3000706879722F617263682F61726D2F636F16
:10AA400072652F636F727465785F6D2F6972715FC5
:10AA50006D616E6167652E63006D70750025733AD8
:10AA6000204661696C656420746F20616C6C6F6353
:10AA7000617465206E6577204D5055207265676959
:10AA80006F6E2025750A0025733A20506172746933
:10AA900074696F6E2025753A2073616E6974792030
:10AAA000636865636B206661696C65642E00574559
:10AAB00053545F544F504449522F7A6570687972ED
:10AAC0002F617263682F61726D2F636F72652F6DD6
:10AAD00070752F61726D5F6D70752E6300726567A2
:10AAE000696F6E5F616C6C6F636174655F616E64EA
:10AAF0005F696E6974006D70755F636F6E6669671C
:10AB00007572655F726567696F6E7300464C41537D
:10AB1000485F30005352414D5F3000574553545FFA
:10AB2000544F504449522F7A65706879722F6C697E
:10AB3000622F6C6962632F6E65776C69622F6C6936
:10AB400062632D686F6F6B732E630000000100005D
:10AB500000736F63004465766963652064617461A6
:10AB6000206E6F7420666F756E6420666F72206948
:10AB70006E7465726661636520257500446576694B
:10AB800063652064617461206E6F7420666F756EFA
:10AB90006420666F7220656E64706F696E74202524
:10ABA00075004465766963652064617461206E6F29
:10ABB0007420666F756E6420666F7220636667200E
:10ABC00025700025733A207756616C75652073688F
:10ABD0006F756C6420626520300025733A20556ED5
:10ABE00068616E646C65642072657175657374204C
:10ABF0003078253032780025733A20556E737570A1
:10AC0000706F727465642070726F746F636F6C3AEA
:10AC100020257500446576696365206973206E6F31
:10AC20007420636F6E666967757265640068696435
:10AC30005F6F6E5F7365745F70726F746F636F6C5C
:10AC4000006869645F6F6E5F6765745F70726F74D0
:10AC50006F636F6C006869645F636C6173735F68D6
:10AC6000616E646C655F726571007573625F6869BF
:10AC7000640025733A2055534244206576656E740E
:10AC8000206D656D6F727920636F72727570746577
:10AC90006400574553545F544F504449522F7A65CE
:10ACA000706879722F647269766572732F7573623A
:10ACB0002F6465766963652F7573625F64635F6E89
:10ACC0007266782E6300757362645F776F726B7162
:10ACD0000025733A2055534244206576656E7420F2
:10ACE000616C6C6F636174696F6E206661696C651D
:10ACF00064210025733A20556E6B6E6F776E205578
:10AD0000534220706F776572206576656E742025DA
:10AD1000640025733A20556E6578706563746564C8
:10AD2000206576656E7420286E7266785F75736232
:10AD300064293A2025642C20657020307825303233
:10AD4000780025733A205F65705F73746174757362
:10AD50005F676574206661696C65642120436F6478
:10AD6000653A2025640025733A206E6F7420617463
:10AD70007461636865642C2045502030782530323A
:10AD800078206576656E742064726F7070656400FB
:10AD900025733A206E524620555342442074726106
:10ADA0006E73666572206572726F7220284F5554FB
:10ADB000293A203078253032780025733A204661D0
:10ADC000696C656420746F20616C6C6F63206576BC
:10ADD000740025733A2055534244206576656E749D
:10ADE0002071756575652066756C6C210025733A58
:10ADF00020556E6B6E6F776E2055534244206576FA
:10AE0000656E743A202568640025733A20696E7671
:10AE1000616C696420656E64706F696E7420636F25
:10AE20006E66696775726174696F6E0025733A208A
:10AE3000696E76616C696420656E64706F696E74AA
:10AE400020696E6465782F61646472657373002590
:10AE5000733A204550206D6178207061636B657492
:10AE60002073697A65206D75737420626520612096
:10AE7000706F776572206F6620320025733A205319
:10AE800054414C4C20756E737570706F72746564AC
:10AE9000206F6E2049534F20656E64706F696E7429
:10AEA0000025733A20456E64706F696E74203078A7
:10AEB00025303278206973206E6F7420656E616270
:10AEC0006C65640025733A206E5246205553424407
:10AED000207772697465206572726F723A202564FA
:10AEE00000010002757362645F6576656E745F745D
:10AEF00072616E736665725F64617461007573621E
:10AF0000645F6576656E745F7472616E7366657298
:10AF10005F6374726C00757362645F736F665F74F5
:10AF20007269676765725F69736F5F7265616400FC
:10AF3000757362645F776F726B5F70726F63657356
:10AF4000735F7265637672657100757362645F77B3
:10AF50006F726B5F68616E646C657200037573621B
:10AF60005F64635F65705F726561645F636F6E7479
:10AF7000696E7565007573625F64635F65705F72AB
:10AF80006561645F77616974007573625F64635FB4
:10AF900065705F7772697465007573625F64635F83
:10AFA00065705F7365745F7374616C6C0075736258
:10AFB0005F64635F65705F636F6E66696775726516
:10AFC000007573625F64635F65705F636865636B80
:10AFD0005F63617000757362645F6576745F616C56
:10AFE0006C6F63007573625F64635F706F77657227
:10AFF0005F6576656E745F68616E646C657200751E
:10B0000073625F6E72667800574553545F544F50B9
:10B010004449522F7A65706879722F647269766537
:10B0200072732F7573622F636F6D6D6F6E2F6E72FB
:10B03000665F757362645F636F6D6D6F6E2F6E72A6
:10B04000665F757362645F636F6D6D6F6E2E630014
:10B050000001010101016E72665F757362645F63D6
:10B060006F6D6D6F6E00060105010401070203019B
:10B0700005020201030205040101010201030104AA
:10B0800001060108010C0110011801200140018096
:10B09000574553545F544F504449522F7A65706856
:10B0A00079722F647269766572732F6164632F61A0
:10B0B00064635F6E7266785F73616164632E6300C0
:10B0C000616463403430303037303030005745539E
:10B0D000545F544F504449522F7A65706879722FEB
:10B0E000647269766572732F636C6F636B5F636FF5
:10B0F0006E74726F6C2F636C6F636B5F636F6E74D3
:10B10000726F6C5F6E72662E6300636C6F636B4070
:10B110003430303030303030006866636C6B006C37
:10B1200066636C6B00636C6F636B5F636F6E7472EE
:10B130006F6C001B5B73001B5B75001B5B2575440C
:10B14000001B5B2575430063696E737472202530A4
:10B150003278207472616E7366657220746F6F202E
:10B160006C6F6E673A20257A750025733A204A4540
:10B17000444543206964205B2530327820253032F5
:10B180007820253032785D20657870656374205BA7
:10B1900025303278202530327820253032785D0015
:10B1A00025733A2052445352206661696C65643AB3
:10B1B0002025640025733A205145202573206661BF
:10B1C000696C65643A2025640025733A20777269BA
:10B1D0007465206572726F723A206164647265737F
:10B1E00073206F722073697A652065786365656482
:10B1F000732065787065637465642076616C75652D
:10B20000732E416464723A203078256C782073691B
:10B210007A6520257A750025733A2072656164206D
:10B220006572726F723A2061646472657373206F25
:10B23000722073697A65206578636565647320653B
:10B24000787065637465642076616C7565732E41F2
:10B250006464723A203078256C782073697A6520AE
:10B26000257A750025733A206572617365206572D1
:10B27000726F723A2061646472657373206F72201A
:10B2800073697A6520657863656564732065787095
:10B2900065637465642076616C7565732E416464C2
:10B2A000723A203078256C782073697A6520257A87
:10B2B000750025733A20756E737570706F727465C2
:10B2C00064206174203078256C782073697A652059
:10B2D000257A750025733A2077616974206572724A
:10B2E0006F72206174203078256C782073697A65DC
:10B2F00020257A750025733A206572617365206593
:10B3000072726F72206174203078256C78207369B6
:10B310007A6520257A7500636F6E66696775726558
:10B320005F6368697000717370695F696E6974004A
:10B33000717370695F6E6F725F72656164007173C3
:10B3400070695F6E6F725F77726974650071737098
:10B35000695F657261736500717370695F6E6F72AA
:10B360005F6572617365006D7832357236343335DE
:10B3700066403000717370695F6E6F720025733ABA
:10B3800020696E76616C69642061646472657373B0
:10B390003A2030782530386C783A257A7500257354
:10B3A0003A20756E616C69676E65642061646472D1
:10B3B0006573733A2030782530386C783A257A7581
:10B3C0000025733A206E6F7420776F72642D616C64
:10B3D00069676E65643A2030782530386C783A2594
:10B3E0007A7500666C6173685F6E72665F72656124
:10B3F0006400666C6173685F6E72665F7772697411
:10B400006500666C6173685F6E72665F657261731A
:10B410006500666C6173682D636F6E74726F6C6C1F
:10B42000657240343030316530303000666C6173A5
:10B43000685F6E726600574553545F544F504449DD
:10B44000522F7A65706879722F696E636C756465C6
:10B450002F7A65706879722F647269766572732FBE
:10B460006770696F2F6770696F5F7574696C732E91
:10B470006800574553545F544F504449522F7A65E2
:10B48000706879722F647269766572732F6770695C
:10B490006F2F6770696F5F6E7266782E63006770DA
:10B4A000696F403530303030333030006770696F4D
:10B4B0004035303030303030300069326300257331
:10B4C0003A204E65656420746F207573652074683A
:10B4D0006520696E7465726E616C20647269766550
:10B4E0007220627566666572206275742069747375
:10B4F0002073697A6520697320696E737566666961
:10B500006369656E7420282575202B202575203EE3
:10B51000202575292E2041646A757374207468652E
:10B52000207A65706879722C636F6E6361742D6226
:10B5300075662D73697A65206F72207A65706879F7
:10B54000722C666C6173682D6275662D6D61782D45
:10B5500073697A652070726F7065727479202874CF
:10B560006865206F6E652077697468206772656111
:10B570007465722076616C75652920696E20746827
:10B58000652022257322206E6F64652E0069326368
:10B590005F6E7266785F7477696D5F7472616E73E7
:10B5A0006665720069326340343030303330303099
:10B5B000006932635F6E7266785F7477696D00252B
:10B5C000733A20756E737570706F72746564207352
:10B5D000706565640025733A20547279696E67203E
:10B5E000746F207472616E73666572206D6F726520
:10B5F000207468616E20746865206D6178696D756E
:10B600006D2073697A6520666F7220746869732093
:10B610006465766963653A202564203E20256400D0
:10B6200025733A204661696C656420746F20696EE9
:10B63000697469616C697A65206465766963653AE5
:10B640002025730025733A2064657669636520615F
:10B650006374697665006932635F6E7266785F74E1
:10B6600077696D5F636F6D6D6F6E5F6465696E693D
:10B6700074006932635F6E7266785F7477696D5FBC
:10B68000636F6D6D6F6E5F696E6974006932635FC1
:10B690006E7266785F7477696D5F6D73675F7472E1
:10B6A000616E73666572006932635F6E7266785FA1
:10B6B0007477696D5F636F6E6669677572650000A8
:10B6C0000102030405060725733A20496E76616C72
:10B6D0006964206368616E6E656C3A2025752E0082
:10B6E00025733A20496E636F6D70617469626C6591
:10B6F00020706572696F642E0025733A2050726560
:10B700007363616C657220666F7220706572696F19
:10B71000645F6379636C6573202575206E6F742098
:10B72000666F756E642E0070776D5F6E7266785FFF
:10B73000696E69740070776D5F706572696F645FC0
:10B74000636865636B5F616E645F736574007077D7
:10B750006D5F6E7266785F7365745F6379636C6545
:10B76000730070776D4034303031633030300070AA
:10B77000776D5F6E72667800677072656772657468
:10B7800032403430303030353230006770726567A7
:10B790007265743140343030303035316300726559
:10B7A0007461696E65645F6D656D5F6E72665F671B
:10B7B000707265677265740072657461696E656444
:10B7C0006D656D0072657461696E65645F6D656D50
:10B7D0005F7A65706879725F72616D005745535486
:10B7E0005F544F504449522F7A65706879722F64C4
:10B7F0007269766572732F73656E736F722F6E6FD9
:10B80000726469632F74656D702F74656D705F6EFF
:10B810007266352E630074656D704034303030636D
:10B820003030300074656D705F6E7266350057455C
:10B8300053545F544F504449522F7A65706879725F
:10B840002F647269766572732F73656E736F722FD2
:10B85000766F6C746167655F646976696465722F81
:10B86000766F6C746167652E630025733A20726190
:10B87000775F746F5F6D763A2025640025733A20F8
:10B880006164635F7365747570206661696C65647B
:10B890003A2025640025733A206164635F72656114
:10B8A000643A2025640025733A204144432069739B
:10B8B000206E6F742072656164790025733A2050A0
:10B8C0006F776572204750494F206973206E6F74FF
:10B8D0002072656164790025733A20736574757010
:10B8E0003A2025640025733A2073657175656E638F
:10B8F0006520696E69743A2025640025733A2066D4
:10B9000061696C656420746F20636F6E666967752A
:10B910007265204750494F20666F7220504D206F4E
:10B920006E0025733A206661696C656420746F202F
:10B93000736574204750494F20666F7220504D2028
:10B94000726573756D650025733A206661696C6573
:10B950006420746F20736574204750494F20666FD0
:10B960007220504D2073757370656E6400766F6C35
:10B97000746167655F696E697400706D5F6163749F
:10B98000696F6E0066657463680067657400626164
:10B9900074746572792D6469766964657200766F76
:10B9A0006C746167650025733A204661696C656453
:10B9B00020746F20616C6C6F636174652050504916
:10B9C000204368616E6E656C00656E6474785F73A9
:10B9D000746F7074785F7070695F696E69740075F8
:10B9E0006172744034303030323030300075617202
:10B9F000745F6E7266785F75617274650025733A64
:10BA0000204661696C656420746F20616C6C6F63A3
:10BA1000617465204750494F5445206368616E6EDC
:10BA2000656C20666F722057414B450025733A20A4
:10BA30004661696C656420746F20636F6E66696728
:10BA40007572652057414B452070696E0025733A29
:10BA5000204353204750494F20706F727420257344
:10BA60002070696E202564206973206E6F742072C7
:10BA7000656164790025733A2055706461746520AE
:10BA8000657863656564732063757272656E742092
:10BA90006275666665720025733A2048616C662D92
:10BAA0006475706C6578206E6F7420737570706F3C
:10BAB000727465640025733A20536C617665206D5D
:10BAC0006F6465206973206E6F7420737570706F7A
:10BAD00072746564206F6E2025730025733A204CC4
:10BAE0006F6F706261636B206D6F64652069732096
:10BAF0006E6F7420737570706F7274656400257357
:10BB00003A20576F72642073697A6573206F746886
:10BB10006572207468616E203820626974732061D8
:10BB20007265206E6F7420737570706F72746564C7
:10BB30000025733A204672657175656E6369657399
:10BB4000206C6F776572207468616E203132352009
:10BB50006B487A20617265206E6F74207375707007
:10BB60006F727465640025733A204661696C656480
:10BB700020746F20696E697469616C697A65206EE2
:10BB8000726678206472697665723A20253038785A
:10BB90000057616974696E6720666F722057414B68
:10BBA000452061636B6E6F776C6564676D656E745D
:10BBB0002074696D6564206F75740025733A205494
:10BBC000696D656F75742077616974696E67206649
:10BBD0006F72207472616E7366657220636F6D7030
:10BBE0006C657465007370695F636F6E74657874FB
:10BBF0005F63735F636F6E6669677572655F616CC3
:10BC00006C007370695F6E7266785F696E6974004C
:10BC10007370695F636F6E746578745F7761697460
:10BC20005F666F725F636F6D706C6574696F6E00D5
:10BC30007370695F636F6E746578745F757064614B
:10BC400074655F7278007370695F636F6E74657896
:10BC5000745F7570646174655F747800636F6E669D
:10BC600069677572650073706940343030326630D0
:10BC70003030007370695F6E7266785F7370696DE3
:10BC80000025733A20526573657474696E6720737A
:10BC9000797374656D006B5F7379735F666174614E
:10BCA0006C5F6572726F725F68616E646C65720062
:10BCB000666174616C5F6572726F720057455354B0
:10BCC0005F544F504449522F6E72662F73756273E2
:10BCD00079732F6573622F6573622E630057455326
:10BCE000545F544F504449522F6D6F64756C6573A7
:10BCF0002F68616C2F6E6F726469632F6E72667845
:10BD00002F68616C2F6E72665F726164696F2E6856
:10BD10000025733A204661696C656420746F206960
:10BD20006E697469616C697A65206E7266782074D8
:10BD3000696D65722028657272202564290025735B
:10BD40003A204661696C656420746F20696E69747D
:10BD500069616C697A652045534220737973746513
:10BD60006D2074696D65720025733A204661696CB7
:10BD7000656420746F20696E697469616C697A65A5
:10BD8000205050490006050001010000000000732A
:10BD900079735F74696D65725F696E69740065734C
:10BDA000625F696E6974006573620025733A20678B
:10BDB0007070695F67726F75705F616C6C6F632024
:10BDC0006661696C656420776974683A2025640A45
:10BDD0000025733A20677070695F6368616E6E65F5
:10BDE0006C5F616C6C6F63206661696C6564207761
:10BDF0006974683A2025640A00574553545F544FCC
:10BE0000504449522F6E72662F7375627379732F87
:10BE10006573622F6573625F7070692E630065736E
:10BE2000625F7070695F696E6974000000000000F5
:10BE300001010000000000574553545F544F504427
:10BE400049522F6D6F64756C65732F68616C2F6E2E
:10BE50006F726469632F6E7266782F68656C7065A7
:10BE600072732F6E7266785F72616D5F6374726C4D
:10BE70002E630000100111021203130414051506AD
:10BE800016071708080808080808081818181818C6
:10BE90001818182828282828282828383838383802
:10BEA00038383848484848484848485858585858F2
:10BEB000585858574553545F544F504449522F6D6A
:10BEC0006F64756C65732F68616C2F6E6F72646937
:10BED000632F6E7266782F647269766572732F7342
:10BEE00072632F6E7266785F636C6F636B2E630094
:10BEF000574553545F544F504449522F6D6F6475EA
:10BF00006C65732F68616C2F6E6F726469632F6E3E
:10BF10007266782F68616C2F6E72665F636C6F63F8
:10BF20006B2E6800574553545F544F504449522F6D
:10BF30006D6F64756C65732F68616C2F6E6F7264C2
:10BF400069632F6E7266782F68616C2F6E72665F00
:10BF50006770696F74652E6800574553545F544F7E
:10BF6000504449522F6D6F64756C65732F68616C16
:10BF70002F6E6F726469632F6E7266782F647269B8
:10BF8000766572732F7372632F6E7266785F677057
:10BF9000696F74652E6300002030303030303030EF
:10BFA000303030303030300001574553545F544FFB
:10BFB000504449522F6D6F64756C65732F68616CC6
:10BFC0002F6E6F726469632F6E7266782F64726968
:10BFD000766572732F7372632F6E7266785F6E76FA
:10BFE0006D632E6300574553545F544F504449527C
:10BFF0002F6D6F64756C65732F68616C2F6E6F7237
:10C000006469632F6E7266782F64726976657273E5
:10C010002F7372632F6E7266785F706F7765722E02
:10C020006300000001000000574553545F544F5017
:10C030004449522F6D6F64756C65732F68616C2F66
:10C040006E6F726469632F6E7266782F68616C2FF1
:10C050006E72665F70776D2E6800574553545F545B
:10C060004F504449522F6D6F64756C65732F686132
:10C070006C2F6E6F726469632F6E7266782F6472B4
:10C0800069766572732F7372632F6E7266785F7054
:10C09000776D2E6300574553545F544F50444952B7
:10C0A0002F6D6F64756C65732F68616C2F6E6F7286
:10C0B0006469632F6E7266782F6472697665727335
:10C0C0002F7372632F6E7266785F717370692E635F
:10C0D00000574553545F544F504449522F6D6F647D
:10C0E000756C65732F68616C2F6E6F726469632F56
:10C0F0006E7266782F647269766572732F737263DD
:10C100002F6E7266785F73616164632E63005745BA
:10C1100053545F544F504449522F6D6F64756C6592
:10C12000732F68616C2F6E6F726469632F6E726615
:10C13000782F68616C2F6E72665F73616164632E25
:10C140006800574553545F544F504449522F6D6F08
:10C1500064756C65732F68616C2F6E6F72646963B0
:10C160002F6E7266782F647269766572732F7372A0
:10C17000632F6E7266785F7370696D2E63000100C5
:10C1800000000000574553545F544F504449522F0C
:10C190006D6F64756C65732F68616C2F6E6F726460
:10C1A00069632F6E7266782F647269766572732F79
:10C1B0007372632F6E7266785F74696D65722E6339
:10C1C00000574553545F544F504449522F6D6F648C
:10C1D000756C65732F68616C2F6E6F726469632F65
:10C1E0006E7266782F647269766572732F737263EC
:10C1F0002F6E7266785F7477696D2E6300010000A0
:10C200000000005465726D696E616C0000000000F2
:10C210000000545452205245474745530057455358
:10C22000545F544F504449522F7A65706879722F89
:10C230006B65726E656C2F6465766963652E63004D
:10C24000556E6B6E6F776E206572726F7200756ED1
:10C250006B6E6F776E0025733A203E3E3E205A4546
:10C260005048595220464154414C204552524F5259
:10C270002025643A202573206F6E204350552025D9
:10C28000640025733A204661756C74206475726988
:10C290006E6720696E746572727570742068616E65
:10C2A000646C696E670A0025733A20437572726583
:10C2B0006E74207468726561643A202570202825A8
:10C2C000732900574553545F544F504449522F7AB5
:10C2D00065706879722F6B65726E656C2F6661741C
:10C2E000616C2E63004350552065786365707469F6
:10C2F0006F6E00556E68616E646C656420696E7463
:10C3000065727275707400537461636B206F76652B
:10C3100072666C6F77004B65726E656C206F6F7024
:10C3200073004B65726E656C2070616E6963007A94
:10C330005F666174616C5F6572726F72005745531E
:10C34000545F544F504449522F7A65706879722F68
:10C350006B65726E656C2F696E69742E630069641B
:10C360006C65006F7300574553545F544F504449F8
:10C37000522F7A65706879722F6B65726E656C2FBB
:10C380006D656D5F736C61622E6300574553545F3A
:10C39000544F504449522F7A65706879722F6B65FB
:10C3A000726E656C2F696E636C7564652F6B736359
:10C3B0006865642E6800574553545F544F50444994
:10C3C000522F7A65706879722F6B65726E656C2F6B
:10C3D00069646C652E6300574553545F544F504455
:10C3E00049522F7A65706879722F6B65726E656C31
:10C3F0002F6D757465782E6300574553545F544F05
:10C40000504449522F7A65706879722F6B65726E4D
:10C41000656C2F73656D2E6300574553545F544F01
:10C42000504449522F7A65706879722F6B65726E2D
:10C43000656C2F776F726B2E6300574553545F54B2
:10C440004F504449522F7A65706879722F6B65722C
:10C450006E656C2F7468726561642E630057455376
:10C46000545F544F504449522F7A65706879722F47
:10C470006B65726E656C2F73636865642E6300571D
:10C480004553545F544F504449522F7A6570687930
:10C49000722F6B65726E656C2F696E636C75646567
:10C4A0002F6B7468726561642E6800574553545F42
:10C4B000544F504449522F7A65706879722F6B65DA
:10C4C000726E656C2F74696D65736C6963696E67F4
:10C4D0002E6300574553545F544F504449522F7AAE
:10C4E00065706879722F6B65726E656C2F74696DFB
:10C4F000656F75742E6300574553545F544F504415
:10C5000049522F7A65706879722F6B65726E656C0F
:10C510002F6D656D706F6F6C2E6300574553545FC0
:10C52000544F504449522F7A65706879722F6B6569
:10C53000726E656C2F6B686561702E630073797322
:10C54000776F726B71000020202020202020202097
:10C5500028282828282020202020202020202020B3
:10C5600020202020202020881010101010101010E3
:10C570001010101010101004040404040404040427
:10C5800004101010101010104141414141410101AF
:10C59000010101010101010101010101010101018B
:10C5A0000101101010101010424242424242020299
:10C5B000020202020202020202020202020202025B
:10C5C0000202101010102000000000000000000007
:10C5D000000000000000000000000000000000005B
:10C5E000000000000000000000000000000000004B
:10C5F000000000000000000000000000000000003B
:10C60000000000000000000000000000000000002A
:10C61000000000000000000000000000000000001A
:10C62000000000000000000000000000000000000A
:10C6300000000000000000000000000000000000FA
:08C640000000000000000000F2
:10C6900004050020FF0E0000050F0000070F00003A
:10C6A0002D0F00000B0F00003B0F0000110F0000CA
:10C6B000470F0000170F00004D0F0000230F000070
:10C6C000270F0000190F00001F0F0000370F000098
:10C6D000410F000000000000FFFFFFFFFFFFFF7F92
:10C6E00018FCFFFFFFFFFFFF18FCFFFFFFFFFFFF2E
:10C6F000FFFFFFFFFFFFFFFF18FCFFFFFFFFFFFF34
:10C700000000000000000000000000000000000029
:10C710000000000000000000000000000000000019
:10C720000000000000000000000000000000000009
:10C7300000000000000000000000000000000000F9
:10C7400000000000000000000000000000000000E9
:10C7500000000000000000000000000000000000D9
:10C7600000000000000000000000000000000000C9
:10C7700000000000000000000000000000000000B9
:10C780000000000000000000000000007C09002004
:10C790006809002000C2010000000800000000003D
:10C7A0000000000000000000000000000000000089
:10C7B00000000000240600202406002000000000E5
:10C7C00001000000340600203406002000000000B4
:10C7D0000100000000000000000000000000000058
:10C7E0000000000000000000000000000000000049
:10C7F0000000000000000000000000000000000039
:10C800000000000000000000000000000000000028
:10C810000000000000000000000000000000000018
:10C820000000000000000000000000000000000008
:10C8300000000000000000000000000000000000F8
:10C8400000000000000000000000000000000000E8
:10C85000F74003000A41030017410300254103008C
:10C86000354103004B4103005F4103007641030063
:10C870008641030099410300A8410300B941030028
:10C88000D7410300EB410300FF41030013420300C3
:10C890002742030038420300484203005842030085
:10C8A0006742030075420300844203009D42030077
:10C8B000AF420300C4420300D9420300F242030026
:10C8C000074303007CF3032000F0032000007A3DBF
:10C8D0000000003AA69B443A0000803FA69B443AE1
:10C8E0000000803F0000803F0000803F295C8F3DBA
:10C8F0000000003AD836002002000000E836002090
:10C900000100000006000000FC2C0300202D0300A5
:10C91000FFFFFFFFFFFFFFFF2C290300F304353F5C
:10C920000000000000000000F304353F0000803FDD
:10C930000000000000000000000000000000803F38
:10C94000000000000000000000000000D41E0300F2
:10C950000048E80106010000001D03001F0001005F
:10C9600000000000FC2C0300FC2C03001C2C030026
:10C97000FC2C0300FC2C0300FC2C0300FC2A03000D
:10C98000202B0300442B0300682B03008C2B030097
:10C99000FC2C0300FC2C0300B02B0300D42B030061
:10C9A000FC2C0300FC2C0300FC2C0300FC2C0300DB
:10C9B000F82B0300F58C0300FE8C03006F8403004A
:10C9C000078D03000F8D0300168D0300A381030064
:10C9D000CB84030052820300A2820300F38203008F
:10C9E0001E8D0300268D03002E8D03009D83030002
:10C9F0003E8D0300498D0300538D0300688D0300B5
:10CA000007840300202D030094290300202D030038
:10CA1000202D0300202D0300202D0300202D0300D6
:10CA2000C4290300002A0300002A0300202D03006C
:10CA3000602A0300602A0300902A0300902A030062
:10CA4000202D0300CC2A0300302A0300728D03003E
:10CA5000475A0300798D0300808D0300928D0300F7
:10CA60009B8D0300A48D0300AE8D0300C68D0300D3
:10CA7000D08D0300DC8D0300F18D0300F98D0300E0
:10CA80001F8E0300887E0300328E03001280030095
:10CA90003A8E03002C2903002C2903002C290300C3
:10CAA00060290300BC860300BC860300BC8603002B
:10CAB0004E8E0300441E0300000000000000000032
:10CAC0000000000000000000000000000000000066
:10CAD0000000000000000000FFFFFFFFFFFFFFFF5E
:10CAE000FFFFFFFFFFFFFFFF01F50200E9FE02006D
:10CAF000842E03000000000080A900200000000038
:10CB000000000000000000000004000080AD0020D4
:10CB10000000000000000000000000000004000011
:10CB2000D1BB01008000000009B801000000000036
:10CB300009B8010080000000A80D00203A000000A4
:10CB4000BC0D00203A000000800D00203A000000DB
:10CB5000D00D00203A000000CD040300EDD5010007
:10CB6000800000000000000000000000ED0D020049
:10CB700000000000E4090020E4090020010000009A
:10CB800001000000F4090020F4090020000000006A
:10CB90000100000000000000000000000000000094
:10CBA0000000000069090300000000000000000010
:10CBB000000000006909030000000000800100007F
:10CBC00000000000270A0300000000000000000031
:10CBD00000000000950A03000000000000000000B3
:10CBE000000000001127020000000000000000000B
:10CBF00000000000490F0300000000007C0A002034
:10CC00000000000000000000000000000000000024
:10CC1000000000000560002020000000000000006F
:10CC2000000000000000000000000000E110030010
:10CC300000000000000000000000000000320300BF
:10CC400001000000B40A0020B40A00200000000027
:10CC500001000000C40A0020C40A002000000000F7
:10CC600001000000000000000000000000000000C3
:10CC700000000000000000000000000000000000B4
:10CC80000000000000000000D41E030000000000AF
:10CC9000000000002D600020256000200100000041
:10CCA0000000000000000000000000000000000084
:10CCB000000000000000000000A000400000000094
:10CCC000000000000C00000000000000E7E7E7E7BC
:10CCD000C2C2C2C2E7C2C3C4C5C6C7C80805FF02F4
:10CCE0000000000000A0004000040000FF00000061
:10CCF0003F000000FFFF0700900200006C0B0020C7
:10CD00006C0B002000000000F9C50200B80B0020E9
:10CD1000B00B0020A80B002000000000A00B00209A
:10CD200019C7020065C6020099C60200E1C60200EA
:10CD3000D45700203A00003AD85700203A00003A71
:10CD4000DC5700203A00003AE05700203A00003A51
:10CD5000C80B00208C0B0020840B0020800B0020CF
:10CD60007C0B0020D80B0020000000000000000019
:10CD700000000000000000000000000000000000B3
:10CD800000000000000000000000000000000000A3
:10CD90000000000000000000000000000000000093
:10CDA0000000000000000000000000000000000083
:10CDB0000000000000000000000000000000000073
:10CDC0000000000000000000FFFFFFFFFFFFFFFF6B
:10CDD000FFFFFFFFFFFFFFFFFFFFFFFFFFFFFFFF63
:10CDE000FFFFFFFFFFFFFFFFFFFFFFFFFFFFFFFF53
:10CDF000FFFFFFFFFFFFFFFFFFFFFFFFFFFF0080C1
:10CE00000108000000000000000000000000000019
:10CE10000000000000000000000000000000000012
:10CE200000000000000015000000000000000000ED
:10CE300000000000000000000000000000000000F2
:10CE40000000000000000000000000FFFF03FFFFE3
:10CE5000FFFF0C040C04FFFFFFFF0403FFFFFFFFB5
:10CE6000FFFFFF01FFFFFFFFFF01010101010101C2
:02CE700001FFC0
:10CE720000000000000000000000000000000000B0
:10CE820000000000000000000000000000000000A0
:06CE92000000000000009A
:10CE9800000000000000000000000000000000008A
:10CEA800000000000000000000000000000000007A
:10CEB800000000000000000000000000000000006A
:0CCEC8000000000000000000000000005E
:04CED400000000005A
:10CED800480D0020480D00200000000000A7002099
:10CEE8000000000020000000140000000000000006
:10CEF80000000000009F0020000800000000000063
:08CF0800000000000000000021
:10CF1000800D0020800D00200000000000000000B7
:10CF20000E000000940D0020940D00200000000071
:10CF3000000000000E000000A80D0020A80D002039
:10CF400000000000000000000E000000BC0D0020EA
:10CF5000BC0D002000000000000000000E000000DA
:10CF6000D00D0020D00D00200000000000000000C7
:10CF70000E000000E40D0020E40D00200000000081
:08CF8000000000000E0000009B
:10CF8800F80D0020F80D002001000000010000004D
:10CF9800080E0020080E002000000000010000001C
:10CFA800000000000000000000000000240E002027
:10CFB800240E002000000000000000000000000017
:10CFC800380E0020380E002000000000000000008D
:0CCFD800000000004C0E00204C0E002059
:10CFE40012010002EF0201400912927601040102CB
:10CFF400030109020000000100E032080B000202F4
:10D0040002000009040000010202000005240010CF
:10D01400010524010201042402020524060001077B
:10D0240005800310000A09040100020A0000000739
:10D0340005800240000007050002400000090400CA
:10D044000001030100000921110100012200000771
:10D05400058003400000040309042A034E6F726430
:10D0640069632053656D69636F6E647563746F7271
:10D0740000000000000000000000000000000000AC
:10D08400000000003A03536C696D654E524620540B
:10D094007261636B6572206E5246353238343020CB
:10D0A400444B0000000000000000000000000000ED
:10D0B4000000000000000000000000000000220347
:10D0C40030313233343536373839414243444546BA
:10D0D400000000000000000000000000000000004C
:02D0E40000004A
:10D0E80000000000770E00201B0203000DBE0100A7
:10D0F8006DBB0100000000000000000003000000FC
:10D108009009002000000000B10E0020FD0403007B
:10D1180025D801005DD601000000000001D50100FE
:08D1280001000000CC09002009
:04D1300015E015E011
:040000031000CBD14D
:00000001FF
