:10000000009D002091CC0100110503007DCC010072
:100010007DCC01007DCC01007DCC01000000000002
:100020000000000000000000000000002DCE0100D4
:100030007DCC01000000000099CD01007DCC0100C5
:10004000E9D00100393E0200E9D00100E9D0010009
:10005000E9D00100E9D00100E9D00100E9D00100B8
:10006000E9D00100E9D00100D5880200E9D0010003
:10007000E9D00100E9D00100E9D00100E9D0010098
:10008000E9D00100E9D00100E9D00100E9D0010088
:100090009D3E0200E9D00100E9D00100E9D0010055
:1000A000E9D00100E9D00100E9D00100E9D0010068
:1000B000E9D00100E9D00100E9D00100E9D0010058
:1000C000E9D00100E9D00100E9D00100E9D0010048
:1000D000E9D00100E9D00100E9D00100E9D0010038
:1000E000E9D00100E9D00100E9D00100E9D0010028
:1000F000E9D00100E9D00100E9D00100E9D0010018
:10010000014B1B685B68184700050020014B1B680A
:100110009B68184700050020014B1B681B691847A6
:1001200000050020014B1B685B6918470005002093
:10013000014B1B689B69184700050020014B1B6899
:10014000DB69184700050020014B1B681B6A184734
:1001500000050020014B1B689B6A18470005002022
:1001600030B4044C9DF8085024680295E468A44615
:1001700030BC60470005002030B50246114890F9B8
:100180001C3093421ADD90F92430934218DAD31AC6
:10019000856A0D4CE85C235693420ED00E3400293C
:1001A0000CBF0346431CA542D8B206D129B1013A7F
:1001B000D2B2012A01D80130C0B230BD0D20FCE717
:1001C0000020FAE7A00F00200C28030008B5054B1B
:1001D00093F91C30984203DAFFF7CEFF024B1B560F
:1001E000184608BDA00F00200C28030010B51C4CB9
:1001F00094F82C3073B9012384F82C3000F09EF869
:1002000048B1184BA362D823236284F82430082312
:10021000A361237710BD00F0A7F80028F1D100F00A
:10022000ADF80028EDD100F06BF838B10E4BA362A9
:10023000D823236284F824300423E9E700F06AF825
:100240000028F3D100F070F80028EFD100F080F81A
:100250000028EBD140F2BF11742000F019F800BF64
:10026000A00F0020472803001A280300BFF34F8F78
:100270000549064BCA6802F4E0621343CB60BFF342
:100280004F8F00BFFDE700BF00ED00E00400FA055E
:100290001FB572B6134B5D688DB9FFF7E7FFB2FB70
:1002A000F6F2DCB20133002AF9D104F110036B44F9
:1002B00003F80C2C0A2234B901A8A847EDE702463E
:1002C00000230A26EDE7631E04AEDCB256FA83F380
:1002D000B0FBF2F602FB1600303003F80C0C30468F
:1002E000E9E700BF401400204FF08052034BD2F8E2
:1002F00030111960D2F834215A6070477C14002004
:10030000034B1868A0F10F0358425841704700BFD3
:100310007C140020034B1868A0F10A03584258418E
:10032000704700BF7C140020034B1868A0F10E0337
:1003300058425841704700BF7C140020034B186896
:10034000A0F1100358425841704700BF7C140020B0
:10035000044B1868062803D0431C58425841704784
:10036000012070477C140020034B1868A0F10D0396
:1003700058425841704700BF7C140020034B186856
:10038000A0F1080358425841704700BF7C14002078
:1003900081F0004102E000BF83F0004330B54FEA36
:1003A00041044FEA430594EA050F08BF90EA020FA3
:1003B0001FBF54EA000C55EA020C7FEA645C7FEA36
:1003C000655C00F0E2804FEA5454D4EB5555B8BF59
:1003D0006D420CDD2C4480EA020281EA030382EACA
:1003E000000083EA010180EA020281EA0303362D5C
:1003F00088BF30BD11F0004F4FEA01314FF4801C2F
:100400004CEA113102D0404261EB410113F0004F40
:100410004FEA03334CEA133302D0524263EB4303F7
:1004200094EA050F00F0A780A4F10104D5F1200E95
:100430000DDB02FA0EFC22FA05F2801841F10001F0
:1004400003FA0EF2801843FA05F359410EE0A5F1C4
:1004500020050EF1200E012A03FA0EFC28BF4CF0F5
:10046000020C43FA05F3C01851EBE37101F00045AB
:1004700007D54FF0000EDCF1000C7EEB00006EEBB8
:100480000101B1F5801F1BD3B1F5001F0CD3490842
:100490005FEA30004FEA3C0C04F101044FEA445299
:1004A00012F5800F80F09A80BCF1004F08BF5FEA20
:1004B000500C50F1000041EB045141EA050130BD00
:1004C0005FEA4C0C404141EB0101013C28BFB1F512
:1004D000801FE9D291F0000F04BF01460020B1FA5D
:1004E00081F308BF2033A3F10B03B3F120020CDA30
:1004F0000C3208DD02F1140CC2F10C0201FA0CF00E
:1005000021FA02F10CE002F11402D8BFC2F1200C72
:1005100001FA02F120FA0CFCDCBF41EA0C01904028
:10052000E41AA2BF01EB0451294330BD6FEA040471
:100530001F3C1CDA0C340EDC04F11404C4F120025C
:1005400020FA04F001FA02F340EA030021FA04F36E
:1005500045EA030130BDC4F10C04C4F1200220FAC5
:1005600002F001FA04F340EA0300294630BD21FA03
:1005700004F0294630BD94F0000F83F4801306BFC9
:1005800081F480110134013D4EE77FEA645C18BFBD
:100590007FEA655C29D094EA050F08BF90EA020F54
:1005A00005D054EA000C04BF1946104630BD91EA4C
:1005B000030F1EBF0021002030BD5FEA545C05D14F
:1005C0004000494128BF41F0004130BD14F580048E
:1005D0003CBF01F5801130BD01F0004545F0FE4102
:1005E00041F470014FF0000030BD7FEA645C1ABF37
:1005F000194610467FEA655C1CBF0B46024650EA6E
:10060000013406BF52EA033591EA030F41F4002199
:1006100030BD00BF90F0000F04BF0021704730B51F
:100620004FF4806404F132044FF000054FF00001F4
:1006300050E700BF90F0000F04BF0021704730B5B5
:100640004FF4806404F1320410F0004548BF40428A
:100650004FF000013EE700BF42004FEAE2014FEADF
:1006600031014FEA02701FBF12F07F4393F07F4FBA
:1006700081F06051704732F07F4208BF704793F0BD
:100680007F4F04BF41F40021704730B54FF46074D0
:1006900001F0004521F000411CE700BF50EA0102D3
:1006A00008BF704730B54FF000050AE050EA01027C
:1006B00008BF704730B511F0004502D5404261EBEC
:1006C00041014FF4806404F132045FEA915C3FF42D
:1006D000D8AE4FF003025FEADC0C18BF03325FEACA
:1006E000DC0C18BF033202EBDC02C2F1200300FA7B
:1006F00003FC20FA02F001FA03FE40EA0E0021FAA0
:1007000002F11444BDE600BF70B54FF0FF0C4CF48D
:10071000E06C1CEA11541DBF1CEA135594EA0C0F3F
:1007200095EA0C0F00F0DEF82C4481EA030621EA7A
:100730004C5123EA4C5350EA013518BF52EA0335B5
:1007400041F4801143F4801338D0A0FB02CE4FF067
:100750000005E1FB02E506F00042E0FB03E54FF097
:100760000006E1FB03569CF0000F18BF4EF0010E8F
:10077000A4F1FF04B6F5007F64F5407404D25FEA8B
:100780004E0E6D4146EB060642EAC62141EA55513E
:100790004FEAC52040EA5E504FEACE2EB4F1FD0C80
:1007A00088BFBCF5E06F1ED8BEF1004F08BF5FEAFE
:1007B000500E50F1000041EB045170BD06F00046B0
:1007C00046EA010140EA020081EA0301B4EB5C045D
:1007D000C2BFD4EB0C0541EA045170BD41F4801155
:1007E0004FF0000E013C00F3AB8014F1360FDEBF7A
:1007F000002001F0004170BDC4F10004203C35DA56
:100800000C341BDC04F11404C4F1200500FA05F3D8
:1008100020FA04F001FA05F240EA020001F0004279
:1008200021F0004110EBD37021FA04F642EB0601EF
:100830005EEA430E08BF20EAD37070BDC4F10C0419
:10084000C4F1200500FA04F320FA05F001FA04F2DD
:1008500040EA020001F0004110EBD37041F10001C9
:100860005EEA430E08BF20EAD37070BDC4F12005D4
:1008700000FA05F24EEA020E20FA04F301FA05F23C
:1008800043EA020321FA04F001F0004121FA04F2E4
:1008900020EA020000EBD3705EEA430E08BF20EAB4
:1008A000D37070BD94F0000F0FD101F000464000EE
:1008B00041EB010111F4801F08BF013CF7D041EA70
:1008C000060195F0000F18BF704703F00046520074
:1008D00043EB030313F4801F08BF013DF7D043EA45
:1008E0000603704794EA0C0F0CEA135518BF95EAFB
:1008F0000C0F0CD050EA410618BF52EA4306D1D182
:1009000081EA030101F000414FF0000070BD50EAA0
:10091000410606BF1046194652EA430619D094EA2A
:100920000C0F02D150EA013613D195EA0C0F05D114
:1009300052EA03361CBF104619460AD181EA030168
:1009400001F0004141F0FE4141F470014FF0000020
:1009500070BD41F0FE4141F4780170BD70B54FF0BB
:10096000FF0C4CF4E06C1CEA11541DBF1CEA13553B
:1009700094EA0C0F95EA0C0F00F0A7F8A4EB05041D
:1009800081EA030E52EA03354FEA013100F0888014
:100990004FEA03334FF0805545EA131343EA1263DD
:1009A0004FEA022245EA111545EA10654FEA002692
:1009B0000EF000419D4208BF964244F1FD0404F54B
:1009C000407402D25B084FEA3202B61A65EB0305A7
:1009D0005B084FEA32024FF480104FF4002CB6EB64
:1009E000020E75EB030E22BFB61A754640EA0C00E4
:1009F0005B084FEA3202B6EB020E75EB030E22BF24
:100A0000B61A754640EA5C005B084FEA3202B6EB64
:100A1000020E75EB030E22BFB61A754640EA9C0023
:100A20005B084FEA3202B6EB020E75EB030E22BFF3
:100A3000B61A754640EADC0055EA060E18D04FEAB1
:100A4000051545EA16754FEA06164FEAC30343EA51
:100A500052734FEAC2025FEA1C1CC0D111F4801F1E
:100A60000BD141EA00014FF000004FF0004CB6E717
:100A700011F4801F04BF01430020B4F1FD0C88BFB6
:100A8000BCF5E06F3FF6AFAEB5EB030C04BFB6EBC1
:100A9000020C5FEA500C50F1000041EB045170BDB4
:100AA0000EF0004E4EEA113114EB5C04C2BFD4EBE1
:100AB0000C0541EA045170BD41F480114FF0000E65
:100AC000013C90E645EA060E8DE60CEA135594EAE1
:100AD0000C0F08BF95EA0C0F3FF43BAF94EA0C0FE4
:100AE0000AD150EA01347FF434AF95EA0C0F7FF459
:100AF00025AF104619462CE795EA0C0F06D152EAAD
:100B000003353FF4FDAE1046194622E750EA410690
:100B100018BF52EA43067FF4C5AE50EA41047FF4A1
:100B20000DAF52EA43057FF4EBAE12E74FF0FF3C06
:100B300006E000BF4FF0010C02E000BF4FF0010CD7
:100B40004DF804CD4FEA410C7FEA6C5C4FEA430C50
:100B500018BF7FEA6C5C1BD001B050EA410C0CBF9F
:100B600052EA430C91EA030F02BF90EA020F002001
:100B7000704710F1000F91EA030F58BF994208BF68
:100B800090422CBFD8176FEAE37040F00100704725
:100B90004FEA410C7FEA6C5C02D150EA013C07D17C
:100BA0004FEA430C7FEA6C5CD6D152EA033CD3D0C7
:100BB0005DF8040B704700BF8446104662468C46C1
:100BC0001946634600E000BF01B5FFF7B7FF0028F4
:100BD00048BF10F1000F01BD4DF808EDFFF7F4FF1D
:100BE0000CBF012000205DF808FB00BF4DF808EDA8
:100BF000FFF7EAFF34BF012000205DF808FB00BFCB
:100C00004DF808EDFFF7E0FF94BF012000205DF8EC
:100C100008FB00BF4DF808EDFFF7CEFF94BF0120A1
:100C200000205DF808FB00BF4DF808EDFFF7C4FF9A
:100C300034BF012000205DF808FB00BF4FEA410CE3
:100C40007FEA6C5C02D150EA013C0AD14FEA430CC6
:100C50007FEA6C5C02D152EA033C02D14FF0000003
:100C600070474FF0010070474FEA410212F5001241
:100C700015D211D56FF47873B3EB625212D94FEAE3
:100C8000C12343F0004343EA505311F0004F23FACD
:100C900002F018BF404270474FF00000704750EA22
:100CA000013005D111F0004008BF6FF000407047DF
:100CB0004FF00000704700BF4FEA4102B2F1E0433D
:100CC00024BFB3F5001CDCF1FE5C0DD901F0004C33
:100CD0004FEAC0024CEA5070B2F1004F40EB830083
:100CE00008BF20F00100704711F0804F21D113F1AF
:100CF0003872BCBF01F00040704741F480114FEAE8
:100D00005252C2F11802C2F1200C10FA0CF320FA70
:100D100002F018BF40F001004FEAC1234FEAD3238D
:100D200003FA0CFC40EA0C0023FA02F34FEA4303F7
:100D3000CCE77FEA625307D150EA01331EBF4FF080
:100D4000FE4040F44000704701F0004040F0FE409B
:100D500040F40000704700BF7BB972B90029BEBFE4
:100D600000204FF0004106E008BF00281CBF6FF0D4
:100D700000414FF0FF3000F077B8ADF1080C6DE99D
:100D800004CE002909DB002B1ADB00F006F9DDF8A0
:100D900004E0DDE9022304B07047404261EB410109
:100DA000002B1BDB00F0F9F8DDF804E0DDE902239D
:100DB00004B0404261EB4101524263EB4303704790
:100DC000524263EB430300F0E8F8DDF804E0DDE9AC
:100DD000022304B0404261EB41017047524263EB91
:100DE000430300F0DAF8DDF804E0DDE9022304B0A3
:100DF000524263EB4303704753B94AB9002908BF15
:100E000000281CBF4FF0FF314FF0FF3000F02CB82E
:100E1000ADF1080C6DE904CE00F0BFF8DDF804E098
:100E2000DDE9022304B07047D0B5FFF715FC0C4B89
:100E3000002206460F46FFF767FC00F017F804464D
:100E4000FFF7E8FB074B0022FFF75EFC02460B466C
:100E500030463946FFF7A0FA00F008F82146D0BD29
:100E60000000F03D0000F041704700BF4A0011D281
:100E700012F5001211D20DD56FF47873B3EB6252F4
:100E80000ED44FEAC12343F0004343EA505323FA00
:100E900002F070474FF00000704750EA013002D175
:100EA0004FF0FF3070474FF00000704710F8012BF3
:100EB00011F8013B012A28BF9A42F7D0D01A704797
:100EC000034613F8012B002AFBD1181A013870478A
:100ED00008B5FFF709FABDE80840FFF787B970B514
:100EE000841A04F307040E4660B259B21546FFF7A0
:100EF0006DF9002330702844737040B270BD002338
:100F0000036070477047002070474FF0FF30704714
:100F10004FF0FF30704770474FF0FF3070470020B0
:100F20007047002070470023037070479DF8003021
:100F30000022FFF7D4BF002070474FF0FF3070470A
:100F40004FF0FF3070474FF0FF3070477047002878
:100F50000CBF6FF01500002070470020704707237A
:100F6000037000207047002070470020704707EE94
:100F7000900AF5EEC07AF1EE10FA08B503D4BDE898
:100F80000840FFF751BFF1EE677A17EE900AFFF7BE
:100F90004BFF404261EB410108BD2DE9F047864619
:100FA0008C460846089E154674461946002B40F0AC
:100FB000C2808542B2FA82F245D94AB1C2F1200319
:100FC00000FA02FC2EFA03F3954043EA0C0C94401D
:100FD0004FEA154EA8B2BCFBFEF8230C0EFB18CC52
:100FE00008FB00F943EA0C43994528D9EB1808F1AE
:100FF000FF3704D2994502D9A8F102072B44A3EB8D
:101000000903A4B2B3FBFEFC0EFB1C330CFB00F087
:1010100044EA0344A04214D92C190CF1FF3304D242
:10102000A04202D9ACF102032C44241A43EA07403F
:101030001EB1D440002334607360BDE8F08747469A
:10104000DDE76346F1E792BB431B01214FEA154EF2
:10105000AFB2B3FBFEFC200C0EFB1C330CFB07F8FD
:1010600040EA0343984562D9EB180CF1FF3004D2F3
:10107000984502D9ACF102002B44A3EB0803A4B2BB
:10108000B3FBFEFC0EFB1C330CFB07F744EA0344E6
:10109000A7424ED92C190CF1FF3304D2A74202D932
:1010A000ACF102032C44E41B43EA0040C0E7C2F168
:1010B000200320FA03F1954090402EFA03F30343F6
:1010C0004FEA154EAFB2B1FBFEFC0EFB1C10190C23
:1010D0000CFB07F841EA0041884504FA02F422D9E2
:1010E00069180CF1FF3004D2884502D9ACF1020036
:1010F0002944A1EB08019BB2B1FBFEFC0EFB1C11C5
:101100000CFB07F743EA01439F420ED9EB180CF1A1
:10111000FF3104D29F4202D9ACF102012B44DB1B08
:1011200041EA004192E76046E3E76146F7E760463F
:10113000A3E76346B7E7834206D916B900210846FC
:101140007BE7C6E900E0F9E7B3FA83F78FB983429A
:1011500001D3724508D8BEEB020460EB0303012003
:101160009C461EB9002168E73846FAE7C6E9004CFC
:10117000F8E7C7F1200CBB4022FA0CF41C432EFA0E
:101180000CF120FA0CF3B84001434FEA14490EFA6F
:1011900007F5B3FBF9F81FFA84FE09FB18300B0CB6
:1011A00008FB0EFA43EA00439A4502FA07F240D9D7
:1011B000E31808F1FF3004D29A4502D9A8F10200E1
:1011C0002344A3EB0A0389B2B3FBF9F809FB1833F4
:1011D00008FB0EFE41EA03418E452CD9611808F147
:1011E000FF3304D28E4502D9A8F10203214443EA19
:1011F0000040A0FB0298A1EB0E014145CE464346BC
:1012000002D306D14D4504D2B9EB020E68EB0403BC
:101210000138002EA6D0B5EB0E0261EB030101FAF6
:101220000CFC22FA07F34CEA0303F940C6E900314B
:1012300098E74046C5E74346D9E7000000000000B4
:10124000F0B514461A4AA0FB020302FB0131C00BA1
:1012500085B040EA414014A3D3E90023C90BFFF74E
:10126000CBFD0546194610460023124AFFF7C4FD80
:1012700006461946104600230D4AFFF7BDFD0746F6
:101280001946104600234FF47A72FFF7B5FD009718
:10129000CDE90102334608482A4621462EF0A6F938
:1012A00005B0F0BDAFF3008000A493D600000000AD
:1012B00040420F0000879303CB4A03000000000068
:1012C0002DE9F04FC7B01AF075FE18F0ADFC0028FC
:1012D00040F0CD80002140F6CD402AF025FA664846
:1012E000664C674D2EF082F966482EF07FF907F0C4
:1012F00061F8654B18681B798DF84C30634B129080
:1013000018681B798DF85430614B14909A881868CE
:101310009B798DF87E305F4BADF87C209A88ADF8D4
:1013200084205D4A1E90186851689B79209010684F
:101330008DF8863026AB03C3584B594A186851685C
:101340001B79169010688DF85C3028AB03C31289A6
:101350001A80544B18689A889B798DF88E30524BBE
:101360002290CDE90943514BADF88C2018681B79C8
:101370008DF864304E4B189018689B88ADF8743027
:101380004C4B4D4A1C90186851681B791A90106894
:101390008DF86C302BAB03C31189927A19809A7047
:1013A000464B0B93A3F54023454AA3F61973CDE9A9
:1013B0000C34444B10685168CDE90E352EAB03C395
:1013C00090681860404B34AA03F108061868596801
:1013D000144603C40833B3422246F7D13B4A186887
:1013E00020601B7910685168237131AB03C390688A
:1013F0001860374B38AA03F1080618685968144674
:1014000003C40833B3422246F7D118681B7923710D
:10141000304B20609A8818689B798DF896302E4B57
:1014200010952490ADF8942011931AF0ABFD14227E
:101430000746002141A830F0A4FB052241A9384607
:1014400007F060FB06460028EFD0419806F0A2FFA7
:10145000012E02D0429806F09DFFDDF8048112A90A
:101460004046FFF723FDC8BB06F0A4FFDDE70120DF
:101470002AF096F929E700BF5B4B03006D61670016
:10148000616C6C00964B03003A5103003F970300D8
:101490003F51030046510300BF950300268D030012
:1014A0004D51030057510300736574005E510300F2
:1014B00063510300FF510300695103007A726F000A
:1014C0007451030062617400805103008D51030068
:1014D00099510300A65103006E76730014A940468B
:1014E000FFF7E4FC0546002840F01C82CC48CD4CB8
:1014F0002EF07CF8CC482EF079F8CC482EF076F817
:1015000030230421CDE901310F23092240F2EA7191
:10151000C74800930E232EF069F8C6482EF066F8EF
:10152000C5482EF063F8C5482EF060F8C4482EF088
:101530005DF82368B3F8763303F07F037F2B00F068
:10154000B88111F041FC0146BE482EF04FF82368E7
:1015500093F87A33FF2B08D013F0800FBA4BBB49B6
:10156000BB4818BF19462EF041F82368B94893F8D4
:101570007A23B3F876132EF039F82368B3F878336A
:1015800003F07F037F2B00F0968111F02DFC0146C4
:10159000B1482EF02BF8236893F87B23FF2A10D054
:1015A00012F0800FB3F87833A74AA849AB4818BFA8
:1015B000114613F0800FAA4BAA4A18BF1A462EF004
:1015C00015F82368A34893F87B23B3F878132EF01B
:1015D0000DF8A54B1B68DB889A0640F16E81A34885
:1015E000DFF8C0A22EF002F80027266806EB870677
:1015F0000137D6F84401FFF72FF88046D6F8680186
:101600008946FFF729F8CDE90401D6F85C01FFF718
:1016100023F8CDE90201D6F85001FFF71DF8424644
:10162000CDE900014B4650462DF0E0FF032FDCD101
:10163000D4F80080DFF86C92D8F8FC00FFF70CF8C3
:101640000646D8F804010F46FFF706F8CDE9020177
:10165000D8F80001FFF700F83246CDE900013B461B
:1016600083482DF0C3FF83482DF0C0FF236803EBB0
:1016700085080135D8F81401FEF7EEFF0646D8F8C4
:1016800038010F46FEF7E8FFCDE90401D8F82C0138
:10169000FEF7E2FFCDE90201D8F82001FEF7DCFFFA
:1016A0003246CDE900013B4648462DF09FFF032D11
:1016B000DCD111F0A9FB01466F482DF097FF60487F
:1016C0002DF094FF23686D4893F8655093F86610E9
:1016D0006B4B002D08BF18462DF088FF4FF080524D
:1016E0006848D2F8A830D2F8A4209BB22DF07EFF33
:1016F00022686549D2F869306448B2F86720002D45
:1017000018BF084642EA03421B0C2DF06FFF4C48FD
:101710002DF06CFF12F0CEFB834612F0D9FB12F0D5
:1017200027FB824612F0DAFB07460E4612F0C8FC91
:101730000546894612F0D8FBBBF1000F04468846E7
:1017400040F3E18030F0A9F9514AC01B61EB060378
:10175000A0FB020102FB0311C00B40EA41402EA393
:10176000D3E90023C90BFFF747FB194606460023C0
:101770001046484AFFF740FB074650461EB9FBB2E9
:10178000002B00F0B480FEF755FF434B0022FFF71B
:10179000E5F8CDE9006702460B4640482DF026FFEC
:1017A00055EA090300F0B680394BA5FB030103FBA2
:1017B0000911C00B40EA414017A3D3E90023C90B2C
:1017C000FFF71AFB0546194610460023314AFFF77A
:1017D00013FB2946024632482DF008FF54EA08035D
:1017E00000F09C802A4BA4FB030103FB0811C00BF3
:1017F00040EA414008A3D3E90023C90BFFF7FCFAF4
:101800000446194610460023224AFFF7F5FA02461D
:101810004AE000BFAFF3008000A493D600000000B0
:10182000BB4B030038070020964B0300EE4B030030
:10183000044C0300284C03003C4C03004B4C0300B9
:101840008F9F0300684C0300F74A0300D081030018
:10185000714C0300804C0300954C0300A84C03001E
:10186000FB4A0300909F030034070020B94C03009B
:101870000B4D03002B4D0300414D0300064B0300AD
:10188000164B03004E4D0300284B0300434B03004F
:1018900040420F000087930300005940674D03004A
:1018A000C24D0300D14C0300C34821462DF09EFEDB
:1018B000BBE5C24948E6C1496AE6D4F80080D8F8D9
:1018C000F000FEF7C9FE0646D8F8F8000F46FEF70E
:1018D000C3FECDE90201D8F8F400FEF7BDFE3246A2
:1018E000CDE900013B46B6482DF080FEA0E6FEF7AC
:1018F000A1FEB44B0022FFF731F802460B46B24876
:101900002DF074FE4CE73E430CBFB048B0482DF0BC
:101910006DFE45E7AF482DF069FE5FE7AE482DF05C
:1019200065FE82E51EA94046FFF7C0FAB0B930F067
:10193000B4F8AA4A0D460446FFF782FCA84B1B6880
:10194000D3E90401D3E90223801A61EB03010019F2
:10195000A44A41EB0501FFF773FC66E520A9404668
:10196000FFF7A4FA10B92DF074F85EE526A94046F9
:10197000FFF79CFA002840F00D8112F095FA01461D
:1019800099482DF033FE12F095FA804612F0A0FA35
:10199000814612F0EDF9064612F0A0FAB8F1000FF8
:1019A00004460D4640F3D6803046FEF743FE854B95
:1019B0000022FEF7D3FF064648460F46CDF80880C2
:1019C000FEF738FE7F4B0022FEF7C8FF3246CDE916
:1019D00000013B4685482DF009FE54EA050300F05E
:1019E000BD8030F05AF8001B814A61EB0501FFF71A
:1019F00027FC12F079FA8146884612F0C5FA0746AC
:101A00000E4612F00FFB05460C4612F059FB50EA49
:101A1000010300F0A780774AFFF712FC59EA080398
:101A200000F0A480744A48464146FFF709FC57EA93
:101A3000060300F09F80714A38463146FFF700FCEC
:101A400055EA040300F09A806D4A28462146FFF7C4
:101A5000F7FB2CF097FF05462CF0A1FF0446284623
:101A600012F086F98246204612F082F980462CF068
:101A7000A3FF45EA04031B0407460E4600F18280DB
:101A800050EA01037ED04046FEF7D4FD4D4B0022C4
:101A9000FEF764FF804628468946FEF7CBFD494B9A
:101AA0000022FEF75BFFCDE904012046FEF7C2FDF0
:101AB000444B0022FEF752FFCDE902015046FEF7EB
:101AC000B9FD404B0022FEF749FF4246CDE9000137
:101AD0004B464C482DF08AFD4B4A38463146FFF7BD
:101AE000AFFB12F053FB064612F076FB044612F0F1
:101AF0008BFB44EA00030746180447D42046FEF750
:101B000099FD304B0022FEF729FF06EB86060446BE
:101B1000F0B20D46FEF77EFDCDE902013846FEF734
:101B200089FD284B0022FEF719FF2246CDE900016E
:101B30002B4636482DF05AFD12F004FBFEF76AFDE5
:101B4000334B0022FEF70AFF02460B4631482DF0C8
:101B50004DFD6AE430482DF049FD3EE72F482DF059
:101B600045FD46E71B482DF041FD57E71A482DF08B
:101B70003DFD5CE72A482DF039FD61E729482DF04D
:101B800035FD66E728482DF031FDAAE727482DF0FE
:101B90002DFDD1E716A94046FFF788F918B90120B5
:101BA00011F060FD41E428A94046FFF77FF90028C5
:101BB0003ED108F0CDFD38E4024E0300E94A0300AF
:101BC000E64C0300000059408D4D03009E4D03007C
:101BD000904E0300E04D0300244E03004A4E0300E4
:101BE00038070020514E03005D4E0300694E03008C
:101BF0009F4E0300C14E0300D44E0300EA4E030083
:101C00001A4F03004A4F03008A4F0300B94F0300E5
:101C100000003440FE4F03008F4E0300AC4E030023
:101C2000FA4E03002A4F03009D4F0300EA4F0300C2
:101C300022A94046FFF73AF918B908F09DFDFFF7D1
:101C4000F4BB09A94046FFF731F928B9012100206A
:101C500007F07CFBFFF7E9BB0AA94046FFF726F92E
:101C600000BB022E01D0B14859E6429810212CF059
:101C7000E5F9AF4ACDE9000105460C463CA8112123
:101C80002DF0C1FC55EA04030AD042993CA8FFF7A5
:101C90000DF928B92846214606F0C2FAFFF7C5BB60
:101CA000A4483CE618A94046FFF700F918B906F029
:101CB000A9FAFFF7BABB1CA94046FFF7F7F818B915
:101CC00006F00AFBFFF7B1BB1AA94046FFF7EEF892
:101CD000002838D12FF0E1FE41F248220023FFF71F
:101CE0003BF810461946EA220023FFF735F8044670
:101CF0001946104600232722FFF72EF816461D46E8
:101D0000C7B22946304603220023FFF725F88A4B45
:101D1000D2B2304613F8028029460D220023FFF785
:101D20001BF8864B864AC0B2E4B253F820300093C9
:101D3000844B52F8242053F82730834841462DF035
:101D400055FCFFF772BB2BA94046FFF7AFF890BBDD
:101D5000022E88D1429C0BA92046FFF7A7F8014626
:101D600020B9012207F0B0F9FFF75FBB0CA92046AC
:101D7000FFF79CF820B9012107F044FAFFF755BBA3
:101D80000DA92046FFF792F800283FF45FAF0EA997
:101D90002046FFF78BF818B912F04CFAFFF745BB55
:101DA0000FA92046FFF782F818B913F08BFFFFF751
:101DB0003CBB6648B3E52EA93846FFF777F80446E2
:101DC000E0B9DFF8B081624F0646214640462DF06B
:101DD0000DFC604B33F8149000257119A94589B2A8
:101DE00005DC0134042C3FF420AB0E46EDE757F838
:101DF000212059482DF0FAFB0135EEE734A9404681
:101E0000FFF754F80446002840F0B680032E7FF414
:101E10002AAF429824A9FFF749F8054638BB80202D
:101E20002AF09EFBAC2300933CAA439BADF8F050F4
:101E30008021044616F0A6FC054608B147486EE529
:101E4000474E30688022214600F55F702FF071FE0A
:101E500004F066FA3268802302F55F7229461E207C
:101E600013F02EFE20462FF042FE3E4857E50A2191
:101E70004398DFF8E0A02CF0C4F8DDF808B105467F
:101E8000584606F0F5FA324A804623463AF8021BD5
:101E90000691002721E0B8F1000F1BDA079352F8F2
:101EA00026105846FFF702F8294A079BA0B9022CD2
:101EB00028D0032C30D0012C1CD0012D31D805F0B6
:101EC0000101484604F07AFA214B274853F82610BE
:101ED0002A46EBE4B045EAD00137069913FA87F6B3
:101EE0008F421FFA87F9B6B2D5DB0134042C1AD021
:101EF0003346CBE7012D14D805F00101484604F024
:101F00007FFAE1E705F50043B3F5803F09D229B236
:101F1000484604F095FAD7E72946484604F0AAFA5D
:101F2000D2E71248FBE41248F9E400BF1250030064
:101F30002F50030037500300AD5103003829030030
:101F4000842903006C2903004850030075500300E6
:101F5000C0060020E83F0300935003009B5003009D
:101F600038070020B2500300C2500300D9500300CC
:101F7000E85003008750030031A93846FEF796FF6A
:101F8000002840F09F80022E7FF46DAE429F10A982
:101F90003846FEF78BFF044678BBDFF8EC81DFF8AC
:101FA000DC9106461CE0022CD9F800201CD0032C42
:101FB0001FD0012C14BF5288D2882A4102F001029E
:101FC0006A496B4851F823102DF010FB0135731945
:101FD000BD429BB2E7DB0134042C3FF426AA1E4627
:101FE00038F814700025F2E702EB4502B2F90A2036
:101FF000E6E702EB8502D26AE2E724A93846FEF75B
:1020000055FFC8B9AD202AF0ABFA0023ADF8F03087
:10201000584B1B6880220446009203F55F733CAA6C
:10202000AD2116F02FFB544821462DF0DFFA204653
:102030002FF05DFDFFF7F9B9384606F019FA0025D3
:10204000DFF844A1494B8046A9463AF802BB002478
:102050002DE0B8F1000F1BDA53F826103846FEF7D2
:1020600025FF424BB0FA80F04009F8B1434B022DF6
:102070001B6812D0032D15D0012D14BF5A88DA88A1
:10208000224102F00102394B394853F826100DE481
:10209000A6EB080148424841E7E703EB4403B3F9E4
:1020A0000A20F0E703EB8403DA6AECE7013409EB7A
:1020B00004065C45B6B2CCDB0135042D3FF433AFEA
:1020C000B146C2E738A93846FEF7F0FE002841D1F4
:1020D000022E7FF4C8AD429F10A93846FEF7E6FEF7
:1020E00018B904F017FAFFF7A0B9384606F0C0F99E
:1020F0000024DFF894801D4B0646A14638F802BB49
:1021000000251AE0002E13DA53F820103846FEF7A7
:10211000CDFE164BB0FA80F0400968B15146A0B22E
:1021200004F0C2F9429916482DF060FAFFF77DB924
:10213000321A50425041F0E7013519FA85F05D45F9
:102140001FFA85FA80B2DDDB0134042C3FF4EBAEDC
:102150008146D3E711A93846FEF7A8FE18B913F057
:10216000F5FDFFF762B90748FFF7D9BBC0060020AD
:1021700003510300380700206D4C03003407002092
:102180001751030029510300E83F0300000000003D
:102190002DE9F04F89B01F46DB000593139B039098
:1021A000DB000493139B079223EAE373DB000D46E5
:1021B00006934FF00008079B98452BDB09B0BDE85C
:1021C000F08FDBE90023F4E80201FEF79DFA0B46ED
:1021D0000246DDE90001FEF7E1F8049BCDE90001CC
:1021E0009B4409F101099DED007BB9458AED007B17
:1021F000E7DB0AF1080A0136129B03EBC60B139BBF
:102200009E420BDA9FED0A7B2C468DED007B4FF052
:102210000009E8E7DDF80CA00026EDE7069B039A2D
:102220001A44059B03921D4408F10108C3E700BF4F
:1022300000000000000000002DE9F74F0F461C468B
:102240001946064638469046651E0FF057FFA31EF6
:102250009FED257B9FED266BE24304FB03316FF07E
:10226000070004FB0545183E4FEAC409D20007EBFE
:10227000C101A0EBC400ED000196A7F1100B002BEB
:1022800002DC03B0BDE8F08F019E03F1010C2E4487
:102290000BEB050EA44512DB58F823609E420AD0D2
:1022A00004FB063607EBC606B6468A469C46A4459E
:1022B00010DB86ED006B013B11440544DFE796ED32
:1022C000005B0CF1010C8EED005B86ED007BCE44D3
:1022D0004E44DFE79EED005B0CF1010CAAEC025BC3
:1022E000AEEC027BE3E700BF00000000000000004E
:1022F000000000000000F03F2DE9F04F2DED048BB1
:102300008FB0DDE91C541F4604FB05F300EBC3034B
:1023100003EBC40999ED007B4FEAC40808F10806F5
:1023200003EBC50B03930BEB0603CDE90C010992FC
:1023300051EC170B0293D3E900238DED0A0B8DEDC1
:10234000047BFEF729F87E4B0022FEF7DDF90BEB4C
:1023500008030893039BCDE900019919089BD1E973
:102360000001D3E90023FEF7CFF9DDE90023CDE931
:10237000060110461946FEF7C7F9DDE90623FEF708
:102380000DF8DDE90A2382468B46DDE90401FEF7FC
:1023900005F8C9E90001029BDDE90A01D3E9002340
:1023A000FDF7FCFF029BC3E90001099B03EB080951
:1023B00033440993BB19CDE904010A930022002399
:1023C00050465946B844FEF72FFC002800F0938091
:1023D0004BEC10AB2AF0BEFD00220023DDE900012A
:1023E00057EC106BFEF702FC32463B4600287DD0CE
:1023F000DDE90001FDF7D0FF82468B4602460B4621
:10240000DDE90401FDF7CAFF5246C9E900015B4658
:10241000DDE90601FEF7A2FA0B4602990246D1E970
:102420000001FDF7B9FF099B9FED437BC3E9000164
:102430000A9B88ED007B83ED007B089BD3E9008934
:1024400042464B4640464946FEF75EF9524606462E
:102450000F465B4650465946FEF756F902460B4674
:1024600030463946FDF79AFF41EC100B2AF072FD19
:1024700057EC106B404632463B464946FEF76EFA33
:102480003B4641EC190B324650465946FEF766FA78
:10249000B0EE491AF0EE691A41EC180B2246039887
:1024A000B0EE480AF0EE680A29462CF058F8B0EE73
:1024B000491AF0EE691AB0EE480AF0EE680A0C9874
:1024C000224629462CF090F8B0EE491AF0EE691A2F
:1024D000B0EE480AF0EE680A0D98224629460FB081
:1024E000BDEC048BBDE8F04F2CF0CCB8DDE9000169
:1024F000FDF754FF80E7DDE90023DDE90401FDF786
:102500004DFF099B5246C9E90001C3E900012BF0C8
:10251000004343EC102B2AF01DFD54EC103B0A9AAB
:1025200088ED000BBB5104F1004353600FB0BDECCC
:10253000048BBDE8F08F00BF000000000000000029
:102540000000E03F000000002DE9F04FA9B059EC79
:10255000118B0693531E19920793339A069B18907A
:1025600002FB03F4069B2791DB000A93069B00EB1A
:10257000C40404EBC30BDBE900679D18304653EC41
:10258000102B39468DED000BFDF706FF32463B461A
:10259000FEF7BAF804EBC50A42464B46FDF7FEFECD
:1025A000DAE90023FEF7DAF9DBE90223FDF7F6FEAC
:1025B000DAE902238046894630463946FDF7EEFEC9
:1025C000DDE90023FDF7E8FE339B1D4404EBC50560
:1025D00095ED027B06460F46404629F00041324603
:1025E00027F000438DED007BFDF7D8FEDDE90025E7
:1025F00025F00043FDF7D2FECDE9080102460B4667
:1026000040464946FEF7AAF9DDE908238046894697
:1026100030463946FEF7A2F9DDE90823CDE902018B
:10262000DDE90001FEF79AF9339BDB000D930833D7
:102630001293CDE90001CDF820A0069B339ADDF876
:1026400018A003EB420304EBC3030C930A9B083B63
:1026500004EB030B079B9A4502DD29B0BDE8F08F20
:10266000069B9A4548DD079B9A4500F0E4800C9B49
:1026700013ED027B089BDBE9006753E9024527F075
:102680000043CDE91B3425F000431A961D93DDE984
:102690001C23DDE91A018DED007BFDF77FFE009B19
:1026A0001E93019B23F000431F93DDE91E23FDF7DA
:1026B00075FE02460B46CDE9042300220023FEF7F7
:1026C0008BFA002840F0AC80DDE90423304639461F
:1026D000FEF744F9DDE90423804689462046294671
:1026E000FEF73CF9DDE90423CDE90201DDE9000153
:1026F000FEF734F9CDE9000142464B4640464946D3
:10270000FEF702F8DDE9022304460D46104619469D
:10271000FDF7FAFF02460B4620462946FDF73EFE2E
:10272000DDE9002304460D4610461946FDF7ECFF8F
:1027300002460B4620462946FDF730FE41EC100BC1
:102740002AF008FC002200234046494655EC104B75
:10275000FEF74CFA28B105F1004320942193DDE9FE
:102760002045069B9A4569DD05F100432393229499
:10277000DDE90423DDE92201FDF7C6FFCBE9000115
:1027800022462B4640464946FDF708FE22462B4688
:1027900080468946FEF7E2F822462B46CDE9040141
:1027A000DDE90201FEF7DAF822462B46CDE90E01FB
:1027B000DDE90001FEF7D2F84246CDE910014B46B3
:1027C000DDE90201FEF7CAF84246CDE902014B46B7
:1027D000DDE90001FEF7C2F8CDE900010C9D089C7F
:1027E0000BF108065746339B9F4238DB199A189C19
:1027F0000AF103039342A8BF134626934FEACA0384
:102800000A93083313930A9B103314930025269BD5
:10281000AB4273DA329C0025339B9D42C0F2C980E3
:10282000129A089B134408930C9B13440AF1010A63
:102830000C9393440EE79FED8C7B1BE7069B279A36
:1028400093429DD0DBF800302493DBF8043003F191
:10285000004325939DED247B8BED007B90E7D4E92D
:102860000023DDE902010A94FDF74EFFD6E90023BB
:10287000FDF794FD079B9A45804689461FD095ED4C
:10288000007BDDE9002351EC170B8DED0A7BFDF792
:102890003BFF02460B4640464946FDF77FFD024698
:1028A0000B4680468946DDE91001FDF72DFF024603
:1028B0000B46DDE90A01FDF76FFDC5E90001DDE921
:1028C0000E2340464946FDF71FFF02460B46D4E95A
:1028D0000001FDF761FDDDE90423E4E80201404663
:1028E0004946FDF711FF02460B46D6E90001FDF708
:1028F00053FD0137E6E80201083574E70A9BE61844
:10290000139BDDE904011F19D6E90023FDF7FCFE46
:10291000D7E9002380468946DDE90E01FDF7F4FE84
:102920000B46024649464046FDF738FD079B9A454F
:102930008046894623D0149B234493ED007B159356
:1029400051EC170BDDE910238DED167BFDF7DCFE56
:1029500002460B4640464946FDF720FD02460B461F
:1029600080468946DDE90001FDF7CEFE0B460246B2
:10297000DDE91601FDF710FD159BC3E90001DDE956
:10298000022340464946FDF7BFFE02460B46D7E903
:102990000001FDF701FDC7E900014B46D6E9000142
:1029A0004246FDF7F9FC0D9BC6E9000101351C44C8
:1029B0002DE70A9BE618139BDDE904011F19D6E9F0
:1029C0000023FDF7A1FED7E9002380468946DDE913
:1029D0000E01FDF799FE0B46024649464046FDF7BB
:1029E000DDFC079B9A458046894623D0149B2344EF
:1029F00093ED007B159351EC170BDDE910238DED62
:102A0000167BFDF781FE02460B4640464946FDF720
:102A1000C5FC02460B4680468946DDE90001FDF70C
:102A200073FE0B460246DDE91601FDF7B5FC159B6A
:102A3000C3E90001DDE9022340464946FDF764FE93
:102A400002460B46D7E90001FDF7A6FCC7E90001E5
:102A50004B46D6E900014246FDF79EFC0D9BC6E9B8
:102A600000011C440135D7E6000000000000000012
:102A70002DE9F04FA7B01D46309B249103FB05F4D0
:102A800000EBC4049A491790EB001493002004EB68
:102A9000C503C3E9000130990793CE00C6EBC50317
:102AA0001C446FF007039B1B9FED8F7B1593079BC7
:102AB000CDE91043249B8DED220B8DED0A7B8DED2E
:102AC000027B02EBC50203EBC50305F1FF3B169247
:102AD000AA462593149BBBF1000FA4EB030902DA6D
:102AE00027B0BDE8F08F259B109993ED007B51E94D
:102AF000020153EC172B8DED127BFDF74DFC09EB1A
:102B0000CA031F46309B94ED007B03FB0AF8149B1D
:102B1000CDE9040103EBC8088DED007B179BD1467E
:102B20009844A94549DB169B33ED027B002216939E
:102B300051EC170B00238DED0C7BFEF757F830BBE3
:102B4000DDE90C0100220023FEF746F8002849D0F9
:102B5000009B0E93019B03F100430F93DDE90401F9
:102B600000220023FEF738F8002838D1DDE90423DD
:102B7000DDE90E01FDF7F2FEC4E900019DED0A7BDF
:102B80008DED007B9DED027B8DED047BDA46079B8E
:102B9000159A9B1B9DED007B0793109B13448DEDB5
:102BA0000A7B10939DED047B119B13448DED027BFA
:102BB0000BF1FF3BA41B11938CE7D8E90023F7E846
:102BC0000201FDF7A1FD02460B46DDE90001FDF71C
:102BD000E5FB09F10109CDE90001B044A1E7DDE918
:102BE0002223C5E7109B93ED007B119B8DED087BA5
:102BF00013ED027B249B03EBCB01D1E90001DDE95E
:102C000012238DED207BFDF7C7FB02460B46FDF737
:102C10007BFDDDE90A23CDE91201DDE90801FDF7BD
:102C200073FDDDE9022380468946DDE90001FDF7F9
:102C30006BFD02460B4640464946FDF7ADFBDDE91C
:102C40000C238046894610461946FDF75DFDDDE9F7
:102C50001223FDF7A3FB02460B4640464946FDF70B
:102C60007DFE089B1893099B23F000431993029B58
:102C70001A93039B23F00043804689461B93DDE9AA
:102C80001A23C4E90089DDE91801FDF7CDFF4246AA
:102C90004B46A8B1DDE90401FDF736FDDDE900236F
:102CA000FDF77CFB01F100431D931C90DDE9082337
:102CB000DDE91C01FDF752FE079BC3E900015DE75A
:102CC000DDE92001FDF720FDDDE90A23FDF766FBC4
:102CD00001F100431F931E90DDE90223DDE91E018F
:102CE000E8E700BFAFF30080000000000000000034
:102CF0000000F03F000000002DE9F04F8DB0CDE95D
:102D00000901169A013A0192169AD6003344A6F1A7
:102D100008040893019B002B02DA0DB0BDE8F08F88
:102D2000089B73E902890022089340460023494624
:102D3000FDF75CFF054600284DD004F108030A9D0D
:102D40000B93A4F108094FF00008169B984504DB8B
:102D5000019B013B0193083CDCE79FED377B0B9B1C
:102D6000099F8DED047B8DED027BAB4605EB030ADD
:102D7000BBEC027B09EB070351EC170BD3E90023F3
:102D80008DED067BFDF7C0FC02460B46DDE9020136
:102D9000FDF704FB3B19D3E90023CDE90201DDE98E
:102DA0000601FDF7B1FC02460B46DDE90401FDF723
:102DB000F5FADA45CDE904013744D9D19DED027B1E
:102DC00005EB090383ED007B2B19C3E900013544B2
:102DD00008F10108B9E70022002340464946FDF703
:102DE000FBFE0028B4D00A9F04F1080A1FE09FED03
:102DF000127B099B8DED027B03EB0409B84607EBC0
:102E00000A0BD9E90023F8E80201FDF77DFC024630
:102E10000B46DDE90201FDF7C1FAD845CDE9020113
:102E2000B144EED13B19C3E9000101353744169B8B
:102E30009D42DCDB8CE700BF0000000000000000CA
:102E40002DE9F04F2DED048BBDB093464A9A0E93B9
:102E50005D1E02FB03F4EB001E930E9B1D909E1A59
:102E6000EB0000EBC40408330F9304EBC50704EB3D
:102E7000030AAB1A97ED007B04EBC60604EBC30410
:102E80000F9BCB188DED007B1C9393ED007B0F9B6C
:102E90005B44D6E900891393DDE90003424623F041
:102EA000004129F000438DED3A0B8DED027BFDF7DB
:102EB000BBFEDDE90223002859D0DAE90001FDF765
:102EC0006BFADDE9002301F10041FDF747FDC4E99C
:102ED00000010F9B5BF80300139B5B6803F100414B
:102EE000D7E90023FDF73AFDC6E900016E4B002249
:102EF000C7E900230E9B023B1293129A4A9B53434D
:102F00001D9A00200021CAE9000102EBC30A0E9AB3
:102F10004A9B134403F10053013BDB003693083313
:102F200038934A9BDB0016935B423993531E0BEB9D
:102F3000C3031F931C9B1793169B41EC170BC3F104
:102F4000FF2303F57F03F833CDE90A018DED107BF4
:102F500037930AEBC203A3F1100B129B002B8DEDEC
:102F6000087B19DA3DB0BDEC048BBDE8F08FD4E9E5
:102F70000001FDF711FA41EC120B2046139C42466A
:102F800009F1004394ED003B9FED451B43EC102BF2
:102F900031462BF002FCA9E71C9B93ED007BDBE99B
:102FA000000153EC172B8DED207BFDF7F5F90F9BFE
:102FB0000AEB030494ED007B8DED007B9FED387BE5
:102FC0004A9BCDE9060103FB05F88DED027B1D9BB5
:102FD0000AEBC50603EBC808A9460E9B994535DBED
:102FE0001F9B73E9026700221F9330460023394676
:102FF000FDF7FCFD002840F0A981139B93ED007BB9
:103000001E9B00220AEB03053046002339468DED56
:10301000047BFDF7E1FD002848D0029B2293039B2F
:1030200003F100432393009B2493019B03F100438E
:1030300025939DED043B9DED062B9DED221B9DED03
:10304000240B214628462BF0A8FB72E1B6EC027B4C
:103050001E9B434451EC170BD3E900238DED047BF9
:10306000FDF752FB02460B46DDE90001FDF796F93C
:103070000F9B4344D3E90023CDE90001DDE90401BE
:10308000FDF742FB0B460246DDE90201FDF786F93A
:10309000169BCDE9020109F1010998449DE700BFA3
:1030A00000000000000000000000F03F9BED027BEC
:1030B000169B17995B448DED0C7B93ED007B51E9DA
:1030C0000401DDE920238DED147BFDF765F902464F
:1030D0000B4680468946FDF761F9DDE90423FDF7DB
:1030E00013FB4246CDE920014B4640464946FDF7D9
:1030F0000BFB32463B468046894630463946FDF753
:1031000003FB02460B4640464946FDF747F9DDE919
:10311000042306460F4610461946FDF7F5FA024607
:103120000B4630463946FDF737F902460B4643EC6D
:10313000182B0C9B1A930D9B23F000431B93089BA9
:103140001893099B23F00043199300220023FDF7F5
:1031500043FD002831D0DDE9200100220023FDF7E6
:103160003BFD002829D0069B2693079B23F00043B4
:103170002793DDE92601DDE91A23FDF70FF9149BFA
:103180002893159B23F000432993DDE92823FDF7BD
:1031900005F9DDE91823FDF701F9049B2A93059B46
:1031A00023F000432B93DDE92A23FDF7F7F8DDE94F
:1031B0003A23FDF7A9FA41EC180BDDE90A23DDE912
:1031C0000C01FDF7A1FADDE9022306460F46DDE911
:1031D0000801FDF799FA02460B4630463946FDF7DD
:1031E000DBF8DDE9042306460F46DDE90001FDF7C3
:1031F0008BFA02460B4630463946FDF7CDF8DDE93D
:10320000102341EC190BDDE90C01FDF77DFADDE936
:10321000002306460F46DDE90801FDF775FA024670
:103220000B4630463946FDF7B7F8DDE9042306467C
:103230000F46DDE90201FDF767FA02460B4630460C
:103240003946FDF7ABF8B0EE482AF0EE682AB0EE4A
:10325000491AF0EE691A41EC100B9DED203B214616
:1032600028462BF09AFA139BD3E90067369B2C96DD
:103270000AEB0309389B0AEB030827F000432D9360
:10328000DDE92C01DDE91823FDF788F8DDE91A23D3
:10329000FDF7ACFC00286ED0009B2E93019B03F140
:1032A00000432F93DDE90601D5E90023FDF72CFA51
:1032B00002460B46DDE92E01FDF76EF8D4E9002346
:1032C000CDE9000130463946FDF71EFADDE90C2351
:1032D000FDF744FB02460B46DDE90001FDF75EF811
:1032E000029B3093C9E90001039B03F10043319332
:1032F000DDE90601D4E90023FDF706FA02460B4694
:10330000DDE93001FDF748F80F461399D5E90023B0
:103310000646D1E90001FDF7F7F9DDE90C23FDF7D9
:103320001DFB02460B4630463946FDF735F8C8E925
:1033300000019DED0A7B8DED027B9DED107B8DEDF7
:10334000007B9DED087B8DED067B129D399B9A4499
:10335000129B9DED027B013B1293179B8DED0A7B27
:10336000083B9DED007B1793379B8DED107B9B44B5
:103370009DED067BF1E50A9B32930B9B03F1004325
:103380003393DDE91401D4E90023FDF7BDF90246CA
:103390000B46DDE93201FCF7FFFF109B3493119BD4
:1033A00003F1004341EC180B3593DDE91401D5E935
:1033B0000023FDF7A9F902460B46DDE93401FCF7CD
:1033C000EBFFB0EE481AF0EE681A41EC100B9DEDE1
:1033D000082B47EC136B4146484634E600000000DA
:1033E0002DE9F04F8BB0CDE906014C1CDFF8F0B0B1
:1033F000E40005464FF000084FF0000A079B98458F
:103400000FDB069BA4F1080903EB0907B846012569
:10341000079BAB425CDD069B059300230497019359
:1034200043E0D5E900670022002330463946FDF726
:10343000D3FB002847D132463B4650465946FDF75C
:103440008DFA08F10108C5E900012544D6E7DBE95A
:103450000023F6E80201FDF757F902460B46DDE9C5
:103460000201FCF79BFFCDE902010AF1010ACB44FE
:10347000AA45ECDBD8F808300893D8F80C3003F1F3
:1034800000430993DDE90801DDE90223FDF73CF97A
:10349000049BE3E802010493019B01330193059B24
:1034A00023440593019B9D4209D0DDE9043B9FED38
:1034B0000A7BDDF804A08DED027B1E46D8E70135BE
:1034C0004F44A044A4E74FF0FF300BB0BDE8F08FAD
:1034D0000020FAE7AFF300800000000000000000C9
:1034E0000000F03F000000002DE9F04F87B00D46CE
:1034F0000390FFF775FF00283BDB039F4FEAC50AE7
:103500000024AC423ADAE3000593039B029703EBF5
:10351000C409002621E0059B08EB0301049B4344FA
:10352000D3E90023D1E90001FDF7EEF802460B468E
:10353000DDE90001FCF732FF0BF1010B5D45CDE940
:103540000001D044E7D1029BE3E802010136B44216
:10355000C9E900010293D14408DB9FED097BF30028
:103560008DED007B0493B846A346D4E7013457445D
:10357000C7E74FF0FF3007B0BDE8F08F0020FAE753
:1035800000000000000000002DE9F04F99B0012A72
:1035900003908B46144607DC7D4B0022C1E90023D3
:1035A000002019B0BDE8F08F022A0CD17849002024
:1035B00000220023CBE90001CBE90223CBE904017F
:1035C000CBE90623ECE7900028F0CAFF059000281D
:1035D00000F0D480039B049003EBC4030B93A31E61
:1035E000E50017930B9B0E9305F1080310930BEB6B
:1035F000041306930F930B9B07930026049B079FCE
:103600009FED617BB246013643F8046F4FEAC6096D
:103610008DED087B0493A9F108031493B046A045EF
:1036200042DB049B1A68B2420BD003983146234612
:103630002BF044F9049A00941268039831462BF059
:1036400024F90E9BEB1811939846039B4B4415935A
:103650000F9B0AF10207A7420A933FDBDDE90F3215
:1036600013440F93079B13440793179B9E4218DB49
:103670000B9E02272E447A1E304606992AF0E8FE59
:10368000069B01372B44BC422E440693F3DC03987F
:10369000059A23465946FEF7CFFD05982EF027FAE6
:1036A0007EE7119B0E93A9E73B6812937B6823F09A
:1036B00000431393DDE91201DDE90823FDF7B4FAB5
:1036C00040B1049BC3F800803B6808937B6823F0FB
:1036D000004309932F4408F10108A0E7149B08EB6D
:1036E0000301079BD1E90001D3E90023FDF736F977
:1036F000CDE9080105EB0803DDF838A01693C146B3
:1037000099ED007BDDE90823FAE802018DED0C7BE1
:10371000FCF7FAFF0B460246DDE90C01FCF73CFE24
:10372000E9E80201169B4B45EAD19DED087B0A9B17
:10373000DDF8549083ED007B039B03EBC7030C93F0
:103740004FF0000A0C9BDDE90801D3E90023FCF7E8
:10375000DBFF0B460246D9E90001FCF71FFE0C9B7C
:103760000AF1010A2B445445C9E900010C93A9440C
:10377000E8D10A9BA84401372B446CE74FF0FF3097
:103780000FE700BFAFF30080000000000000000062
:103790000000F03F000000002DE98048C44B9FB0BE
:1037A000012202AF1A7011F0C1FE062016F026FAAF
:1037B00038B1C04B43610223037400234374837404
:1037C000C374BD4900234FF4865200242CF02FFC13
:1037D00087F8604007F160020F2120460BF090FB54
:1037E000082097F8605016F009FA38B1B34B4474CA
:1037F000C0E90535032303748474C4740023AE49FF
:10380000DFF800834FF4C4522CF011FCAC480FF0E9
:1038100067FA98F800301BB1AA4B1B685B689847A1
:10382000A94C236800255B68984787F8605007F12A
:1038300060020F2128460BF063FB082097F86060B8
:1038400016F0DCF938B1A14B4574C0E90536032305
:1038500003748574C574002397499D4D4FF4C45279
:103860002CF0E5FB9B480FF03BFA0023BB642B6870
:10387000DB88D80606D59FED980A07F1480101209C
:103880002BF01FF997ED128AB5EE408AF1EE10FA8F
:1038900019D0082016F0B2F9064668B18F4B436183
:1038A00018EE100AFCF7D8FE0423C6E906013374AB
:1038B00000237374B374F3747F4900234FF40352ED
:1038C00030462CF0B4FB2B68B3F91820B3F916304E
:1038D00000EE902A00EE103A2368F8EEE00A9B68AA
:1038E000B8EEC00A07F1600107F1540098470820BC
:1038F000D7F8549016F082F9064660B1784B4361D0
:103900004846FCF7A9FE0423C6E9060133740023E8
:103910007374B374F3743046674900234FF4035251
:103920002CF085FB0820D7F8609016F067F9064662
:1039300060B16C4B43614846FCF78EFE0423C6E938
:103940000601337400237374B374F3744FF4035299
:1039500030465949DFF8B0A1DFF8B0B100232CF0B0
:1039600066FB2E68F388B6F91400C3F3C0038AF827
:103970000030FCF75FFE02460B4600205A49FCF778
:10398000EDFFFDF799F908EE100AB6F91200FCF701
:1039900051FE02460B4600205349FCF7DFFFFDF7BE
:1039A0008BF9236851491B6897ED120A00EE900AC3
:1039B000B0EE481A584698474C4B9BED007AD3ED31
:1039C000007A4B4BF861B4EE677AF1EE10FA48BF1B
:1039D000F0EE477AC3ED007A464B0820D3F8049006
:1039E00016F00CF9064688B1434B43614846FCF794
:1039F00011FE2DA3D3E90023FCF7B0FF0423C6E991
:103A00000601337400237374B374F37430462A4987
:103A100000234FF403522CF00AFB0820DBF800903F
:103A200016F0ECF8064690B1344B43614846FCF77B
:103A300013FE0B4602462C490020FCF78FFF04239F
:103A4000C6E90601337400237374B374F37430460B
:103A5000194900234FF403522CF0E9FA234B0820B4
:103A6000D3F8009016F0CAF8064690B1244B436193
:103A70004846FCF7F1FD0B4602461B490020FCF7C7
:103A80006DFF0423C6E90601337400237374B37415
:103A9000F374002308494FF4035230462CF0C7FA60
:103AA000FB69002B36E000BF0000000080842E413F
:103AB000BA5B00203E890300CC2603005A8903002C
:103AC0008A890300780700207C070020A78903006B
:103AD00034070020D789030000000047E88903006D
:103AE000028A03001D8A03000000F03FD437002043
:103AF000CC370020BC070020368A0300578A030019
:103B00007A8A0300BD5B0020BC5B0020D837002010
:103B100000007A44C0F2F88098F800301FED048A63
:103B2000002B40F08F80062016F068F8002840F047
:103B3000F080A049A04EDFF8D08200234FF48652D7
:103B40002CF075FA2B689D4AB3F91A309C4D83F31B
:103B500002032B6052F8233033600FF017FC2B6800
:103B6000032B03D1D8F800002AF0CBFADFF89C929F
:103B70002A68D9F80000336890F87411914240F037
:103B8000D1805B6800F275109847D9F800300022A8
:103B900083F8742105F01EF8D8F8000005F03EFA0D
:103BA0002268884B9A4215D1062016F027F838B1C2
:103BB000854B436102230374002343748374C374ED
:103BC0007C4900234FF486522CF031FA05F02CFA90
:103BD0002AF0CDFA7D4BD3ED007A7D4BF8EEE77AF3
:103BE00093ED007AC7EE886AC6EE877AFDEEE77A33
:103BF00017EE903A18B2774B1880236880B25B6A50
:103C00009847064600287FD0C0F30713012B724C5B
:103C100000F09380032B00F09280002242F4803267
:103C2000D4E9011023690968090500F18D806B4909
:103C30006B484FF47F722BF04CFD4FF47F71674857
:103C40002BF03EFD9AF80030002B3FF46CAFDFF80C
:103C5000C0A12368BAF80420DFF8B891DB6ADFF866
:103C60009C8102F07F02002102209847D9F80030A1
:103C70009FED5C0A1B684046984798ED007AF0EE8D
:103C8000007A57EE087A064617EE900AFDF76FF9AC
:103C9000554BC3E90001554B216801221A70BAF84F
:103CA0000420D1F82CA0D9F8001002F07F020420E3
:103CB000D04708B94D4B18700820D8F8009015F07F
:103CC0009DFF8046B0B14A4B43614846FCF7C4FCB7
:103CD0000B46024647490020FCF740FE0423C8E992
:103CE000060188F81030002388F8113088F8123067
:103CF00088F813302F4900234FF4035240462CF02C
:103D000096F9002EBFF60FAF0121084611F070FCA6
:103D1000C2E0394B4361022303740023437483746C
:103D2000C37406E7354A1B6892ED001A344ADBED8E
:103D3000000A92ED000A98472EE720226EE7314AEA
:103D40002369D4E901106EE7196821F40061196054
:103D5000036821480B2106F00F069847032E16D062
:103D6000022E4FF0000316D14FF0A8621343D4E99E
:103D70000126B469002C56D059020ED417491848B0
:103D800040F27F322BF0A5FC40F27F3157E74FF035
:103D900050730022EAE71A46E8E7126812053BD49E
:103DA0000E490F4840F293322BF093FC40F29331CE
:103DB00045E700BFCC260300880700200409002047
:103DC000C8370020542A0300CF8A0300740700205C
:103DD000CC370020B85900209C1D0300E78A03005F
:103DE000188B0300CDCCCC3D101F0020BB5B002006
:103DF000998A03000000F03FBB8A0300D0370020FF
:103E0000D43700201000010084070020380700206C
:103E1000F837002078070020B94803F0C0634FF05E
:103E2000A0720B21A047B749B74B4B604FF400631A
:103E30008B60F36913B1B248012298472A68B34BEB
:103E40006C4688B053F8223002AAB149C2E9051382
:103E50004FF400739383AF4B42F8103FAE480023FA
:103E60004FF4E65116F0AAF80620A54615F0C6FE56
:103E700038B1AA4B43610223037400234374837453
:103E8000C37400234FF48652A3492CF0D0F8A44AFF
:103E900001231370A34A13709FED978B2AF026FD20
:103EA000A04B1B783B61C7E90210002B00F0F883A0
:103EB0009D4C9E4BDFF8C49294F8008093F800A0CC
:103EC0009B4D83F80080D9F8003028461B6A98473C
:103ED00040B92AF00BFD974B95ED000AC3E90001AC
:103EE00002F0DEFB944B1B68DB8813F0010F40F2FD
:103EF0006C7608BF4FF48066304628F031FB0546EB
:103F0000C8B9082015F07AFE40B18C4B43618C4B48
:103F100083610323037445748574C57400234FF4CF
:103F2000C2527D492CF083F80121084611F060FB54
:103F30007C4A00231370D9F8003031461B692846AB
:103F40009847804B93F800900646B9F1000F40F077
:103F5000F0814FF000097C4BC245B3F90030BB61E2
:103F60001BD02478012C00F0FA81022C00F0098289
:103F70009CB906200EF044FE062015F03FFE30B13D
:103F8000724B43610223037444748474C4746249A1
:103F900000234FF486522CF04AF80024C7E90C4461
:103FA000DFF8B4B1BC63A046FC617C61A0B286427C
:103FB00000F2188228462DF09AFD07F15405B9F158
:103FC000000F4CD0DFF8B8A107F124040C225146B1
:103FD00020462DF09EFD002841D02AF087FC5C4B46
:103FE000C3E9000194E807004FF0000B8AE80700DE
:103FF000204604F0EDFFC7F854B09FED560AC5E91E
:1040000001BB294620462AF095FE20B19AE8070018
:1040100084E80700D946D7ED097ABB6A3B66F1EE22
:10402000677AC7ED197AD7ED0B7AF1EE677AC7EDAB
:104030001A7AB9F1000F08D0474B484A1B6892ED35
:10404000000A5B6907F16000984707F160021046BB
:1040500043492AF0FCFD07F1600002F005FBFA6914
:10406000404B002A40F03A82002E40F04E822AF067
:104070003DFC652871F1000103DBB8F1000F00F091
:104080008A82BB6923B37B69FA699342B8BF13463E
:10409000F3B1BA6993421BD0334AB86933496C46CD
:1040A0008AB0012818BF114602AA31485061136234
:1040B000B86940F2013393842E4BC2E9060142F8FD
:1040C000103F154800234FF4325115F077FFA546F5
:1040D000214E294833681B6B9847274908462AF028
:1040E00003FD00237B651F48C5E9013329462AF0FB
:1040F000CFFD47E0AFF300800000000000000000AB
:104100009C1D0300BC370020AD2C010014090020C9
:10411000308B030003000001CC260300398B030021
:10412000C15B0020B55B0020B85B0020B75B0020BE
:10413000DC37002050050020340700204C8B0300A2
:10414000B98D0300BB5B0020B85900207A8B0300B7
:1041500058050020BD37863588070020D03700205D
:104160008C070020AC37002039B70300909F030074
:10417000278C030005000001AC0700207C0700200D
:10418000E0370020B5EE400AF1EE10FA04D0834982
:1041900083482A4612F02EF8202011F0E9FA3368FD
:1041A0009B6A04469847002840F002829FED7D0AF2
:1041B0007D497B48DFF828922AF084FD002C40F0EE
:1041C0002F83002800F02C832AF090FBD9E90032DD
:1041D000C61A764B1B7861EB0208F3B9744B1B6867
:1041E000D3F830A04FEAEA73B24573EB080314DA50
:1041F000082015F003FD38B16E4B4474C0E9053A50
:10420000032303748474C47400234FF4C6526A49B0
:104210002BF00DFF654A012313706848DFF890A169
:10422000D0E90010D9E900325B1ADAF800104C6BC3
:1042300062EB00024FEAE4799C4279EB020008DA73
:104240008C6B4FEAE479A34272EB0900BCBF1C46B9
:104250009146CA88D00709D554480378012B05D860
:10426000B44279EB0803BCBF02230370DFF858B1F6
:1042700052079BF8003040F1BC81012B00F2B6815F
:10428000CA6BD317B24273EB080380F2B2810620E7
:1042900015F0B4FC38B14A4B436102230374002388
:1042A00043748374C374002343494FF486522BF044
:1042B000BEFE02238BF80030DAF80030D3F840B0AD
:1042C0004FEAEB73B34573EB080380F29281082049
:1042D00015F094FC60B13B4B43614EF660239BFBB1
:1042E000F3F3836103230374002343748374C3745F
:1042F000314900234FF4C6522BF099FEDAF8003012
:10430000B3F9101029B95B881B0702D501202AF0E8
:104310008DFBDAF80030B3F91020012A05D15B8853
:10432000580702D500202AF08AFB274B03221A7077
:104330005FE12AF0DBFA254BD3E90023801A61EB19
:104340000301234BD3E9002382428B41BFF601AE28
:10435000204B1B6807F124005B699847FBE521208F
:104360000EF04EFC062015F049FC00283FF40FAE7D
:10437000194B436102230374002343748374C37491
:1043800005E664200EF03CFC062015F037FC002802
:104390003FF4FDAD114B43610474EDE7AC370020F1
:1043A000AC0700200AD7A33B9C070020B85B002085
:1043B00034070020468C0300CC260300081F002091
:1043C000658C0300838C0300B65B00205805002039
:1043D000101F002078070020998B0300B88B030082
:1043E000001F00200023C7E91133C7E91333C7E9D1
:1043F0000F33714B07F124021B680092D3F814A00D
:1044000007F13C0207F148032946D04710F010039A
:10441000824661D110F0020F26D007F148007B6080
:1044200004F09CFDBA6C7A65FA6CBA653A6D634B20
:10443000FA65DBF8002093ED000AD26807F154001A
:1044400090475F4A7B69127801337B6162B15D4AB4
:104450007B68127842B1C7E91833BB66DBF80030DD
:1044600007F16000DB6998471AF0010F2DD007F1C2
:104470003C0004F02DFDFB6B3B663B6C7B667B6C6C
:10448000BB66514B514A1B6892ED000A1B6907F14C
:1044900060009847D7ED0C7A97ED187AFB6977EEB4
:1044A000877A97ED197AC7ED0C7AD7ED0D7A77EE0A
:1044B000877A97ED1A7AC7ED0D7AD7ED0E7A77EEF7
:1044C000877A0133C7ED0E7AFB613B691AF0040F5E
:1044D00018BF994608F10108013467E5D7ED077A5E
:1044E000D7ED0C6AF8EEE77A86EEA77AD7ED0D6A7B
:1044F00083ED007A86EEA77AD7ED0E6A83ED017A16
:1045000086EEA77A83ED027AAEE5B8F1000F06D009
:10451000B0457FF4B6AD2E4B00221A60B1E50620FF
:1045200015F06CFB48B12B4B43610223037480F8F8
:10453000118080F8128080F8138000234FF4845299
:1045400025492BF074FD224A136801330A2B1360AE
:104550007FF497AD082015F051FB48B11F4B436124
:104560001F4B836103230374002343748374C37458
:10457000194900234FF4C2522BF059FD012108467E
:1045800011F036F8002E3FF47CAD0FF02BF8002030
:104590002AF05FFA75E5062015F030FB0028CCD034
:1045A000104B43610223037446748674C674C4E7D7
:1045B0009FED0D0AFCE500BF7C070020D4370020EA
:1045C000BD5B0020BC5B002088070020D83700209E
:1045D000B8370020D98B0300CC260300038C0300DE
:1045E000B98D0300EE8B0300CDCC4C3D022B3FF484
:1045F00063AEDAF80030DFF8B8B2DA889BF800A0D2
:10460000910703D55A88120700F1D380BAF1000F41
:1046100000F0FD80BAF1020F40F0F980186CC1176C
:10462000801B61EB080102F06BF89FED8C0A8C494E
:104630008C482AF047FB9FED8C0A8C49044628469B
:104640002AF078FB04B1E0B9864B854C0FCB84E8A7
:104650000F0095E80700854B83E8070084498148EF
:1046600007F160022AF075FA81492A4628462AF0A5
:10467000EEFA804B2946D3E9002307F1600001F0F0
:10468000BDFF7D4B1B785BB17C4B1B7843B17C4BF2
:104690001B782BB97B4B1B78012B01D106F080F8DE
:1046A000794CDFF81482002323702AF01FF9FB688D
:1046B000D8F80020C01ABB6861EB0301D31782420F
:1046C0008B4107DA714DD5E9002382428B41B8BF97
:1046D000C5E900016E4D2AF009F9D5E90032C01A8A
:1046E00041F2893361EB0201984271F1000121DB53
:1046F0002AF0FCF8C5E90001644DD5E90096B9F14E
:10470000010F76F1000315DB082015F077FA48B1A8
:10471000604BC661C0E90539042303740023437468
:104720008374C3745C4900234FF402522BF07FFC66
:1047300085ED008B4F4B594D83ED008B2B7803F0AB
:10474000FF06002B40F0868001232B70D8F8003044
:1047500003F10A0C2CEAEC7C4FF4004E314640F297
:10476000E7304FF47A720023CCFB0E01FCF744FBD8
:1047700026F0DAFF2B7893B1062015F03FFA30B11E
:10478000474B43610223037446748674C6744249DE
:1047900000234FF484522BF04AFC00232B70414B32
:1047A0001B7813B1404826F0D3FA01232370FFF79A
:1047B00075BBBAF1000F7FF42DAFB44279EB08035B
:1047C0002ADA082015F01AFA064690B1374B4361F1
:1047D0004FF47A72002320464946FCF7BDFAC6E939
:1047E00006010423337486F811A086F812A086F817
:1047F00013A0002328494FF4035230462BF017FC36
:10480000002108462AF012F901238BF800304FF0FE
:10481000FF306FF0004106E7A01B69EB080102E7DB
:10482000184B234C1B78022B02D02378012B04D188
:104830002AF05CF81F4BC3E900012AF057F82378EF
:10484000104A012B4FF00003C9E9000108BF237093
:104850001370DCE726F082FE9FE700BF6F12833AF9
:104860009C070020AC070020CDCC4C3DEC3700204D
:104870008C070020F81E0020BD5B0020BC5B0020E0
:10488000B75B0020B85B0020BA5B0020281D002029
:10489000301D0020C18C0300CC260300B95B002032
:1048A000E68C0300BE5B0020181E0020A18C0300D4
:1048B000B65B0020081F00207407002000000000E5
:1048C0002DE9F04F824F834D8BB0044619B34FF65C
:1048D000FF733B802B68B3F91A30002BC0F297802E
:1048E000062015F08BF938B17B4B4361022303742A
:1048F000002343748374C374784900234FF48652B1
:104900002BF095FB0FF03CF94FF0FF300FF01AF948
:104910000FF054F97BE0724AB2F900301080834204
:104920001FBF70490B7823F008030B702DF0B5F80A
:104930006D4BC3E900012B68D3E90A016B4BC3E956
:104940000001B7F90030013305D13C802DF0A5F806
:10495000674BC3E900012B68B3F91A30002B54DA16
:10496000002C52DD082015F049F9064680B1614B54
:1049700043612046FBF75EFE5F4B0022FBF7EEFF34
:104980000423C6E90601337400237374B374F3740B
:104990003046524900234FF403522BF048FB204687
:1049A0000FF0D0F82B68B3F91A60A6F164029442B4
:1049B00032DA0A2015F022F90546C8B14F4B43619F
:1049C0003046FBF737FE4C4B0022FBF7C7FFC5E92B
:1049D00006012046FBF72EFE474B0022FBF7BEFFE9
:1049E0000623C5E908012B7400236B74AB74EB74C8
:1049F00000234FF44252284638492BF018FB0FF0A1
:104A0000BFF820460FF09EF801E0002CCADA0BB088
:104A1000BDE8F04F04F0DEB806F1640294422BDDED
:104A20000C2015F0EBF80546D8B1354B4361354BFA
:104A300083613046FBF7FEFD2F4B0022FBF78EFF14
:104A4000C5E908012046FBF7F5FD2B4B0022FBF7DB
:104A500085FF0823C5E90A012B7400236B74AB742E
:104A6000EB7428461D49002344F240022BF0DFFA84
:104A70000FF086F8204649E7B3F9186006F16403A1
:104A80009C4243DD0C2015F0B9F80546D8B11E4B09
:104A900043611C4B83613046FBF7CCFD164B002273
:104AA000FBF75CFFC5E908012046FBF7C3FD124B8D
:104AB0000022FBF753FF0823C5E90A012B740023EA
:104AC0006B74AB74EB74002344F2400293E700BFB5
:104AD0003C0C0020380700200D900300D425030073
:104AE0003E0C0020C55B0020481F0020401F002016
:104AF000381F00201B90030000005940389003002D
:104B00007590030059920300B3900300B7F9003089
:104B1000581C7CD0643B9C4279DADFF88CA22CF0E4
:104B2000BCFFDAE90023801A61EB0301984B98423D
:104B300071F100016BD22CF0B0FFDAF80030B7F958
:104B400000B0DAF804A0009381460E20884615F0E4
:104B500055F80546002848D0009B8E4AB9EB03065D
:104B600068EB0A03A6FB026702FB03778A4B4361EB
:104B7000A4EB0B00FBF75EFD884B0022FBF7EEFE7B
:104B8000F60B46EA4746FF0BCDE9000130463946B1
:104B9000FBF784FD7CA3D3E90023FBF7DFFE02468D
:104BA0000B46DDE90001FBF7D9FEC5E906015846D1
:104BB000FBF740FD794B0022FBF7D0FEC5E9080169
:104BC0002046FBF737FD754B0022FBF7C7FEC5E912
:104BD0000C67C5E90A014FF0000A0A232B7485F817
:104BE00011A085F812A085F813A000236C4945F2A6
:104BF000C00228462BF01BFA0EF0C2FF20460EF032
:104C0000A1FF684B1C80684BC3E90098FFE62B6846
:104C1000B3F91A20A242B3F91820C8BF5C836FF41D
:104C200095710A4494427CDAB3F930306FF4F9722A
:104C300013449C4275DA2046FBF7FCFC574B0022DC
:104C4000FBF78CFE064608200F4614F0D7FF48B14C
:104C5000564B4361C0E90667042303740023437481
:104C60008374C37400234E494FF403522BF0DFF9D1
:104C70002B68B3F91830A3F21F339C4248DA08209E
:104C800014F0BCFF48B14A4B4361C0E906670423F6
:104C90000374002343748374C37400234FF40352DA
:104CA0003F492BF0C4F904F2F3140EF035FF4FF432
:104CB000FA73B4FBF3F42B68D3E90A26D3E90E7335
:104CC000D71B66EB0306B7F5160F76F100032BD260
:104CD0000A2014F093FFA8B1364B4361364BC0E96C
:104CE00006342C4CA7FB042304FB0633D20B42EA08
:104CF0004342DB0B0021C0E90823062303744174FF
:104D00008174C174264900234FF441522BF08FF96E
:104D10002B68D3E90A011A8EC3E90E01A2F5FA72D3
:104D20001A860EF0F9FE72E60934A4B2202202A916
:104D3000204610F001FFBDF80830059A0133ADF8A8
:104D40000830049BDB1946EB0202CDE90432DDE9B1
:104D500006329F4276EB020101D3134301D1CDE924
:104D60000676089BBB42099B02AAB3414FF00001A3
:104D70004FF02003204638BFCDE9087610F0A0FEA2
:104D80000E4B00221A70C3E700000000389C8C41D3
:104D900001001E0040420F00F19003000000594046
:104DA000D42503003C0C0020381F00203D91030057
:104DB000529103006A91030049920300C55B0020F1
:104DC0002DE9F04F054687B0214FBB68029304AA36
:104DD0005B68002138469847002832DBDDE9044A49
:104DE0001C4BDFF87480A4FB03B203FB0A2303937C
:104DF000039915A3D3E900235846FBF7FDFF4FF0B5
:104E0000FF39039BD94578EB0303064619D3A5FB6D
:104E100004B405FB0A440CA3D3E9002321465846F9
:104E2000FBF7EAFFD94578EB0404034609D3864231
:104E300007D301220092029A0021146838463246B4
:104E4000A04707B0BDE8F08F00CA9A3B0000000001
:104E5000701F0300002D3101FFC99A3B00000000C4
:104E60002DE9F04F9FB08246039117461C4600255E
:104E7000387810B9284600F0A6BD252809D0039936
:104E8000D0470028C0F29F857B1C01350593059F04
:104E9000EEE71822002110A82CF073FE7B78252B5A
:104EA00000F0BC800023791C98469E469C4618461C
:104EB0000E4611F8012B2B2A00F0E38000F2DA8075
:104EC000202A00F0E180232A00F0E1802BB19DF838
:104ED000483043F040038DF84830B8F1000F05D05A
:104EE0009DF8483043F020038DF84830BEF1000FA4
:104EF00005D09DF8483043F010038DF84830BCF1E0
:104F0000000F05D09DF8483043F008038DF8483075
:104F100028B19DF8483043F004038DF848309DF8DF
:104F2000483003F04401442903D16FF386138DF810
:104F300048309DF848300E9643F080032A2A8DF8B9
:104F4000483040F0A9809DF8493043F001038DF8C6
:104F50004930731C1A782E2A9DF849200CBF012174
:104F6000002161F341028DF849200CD15A1C0E92A8
:104F70005A782A2A40F0A0809DF8492042F0040285
:104F80008DF8492002331A786C2A00F0C18000F2B3
:104F9000A380682A00F0A9806A2A00F0C2804C2A07
:104FA00000F0C78013F8012B0593782A8DF84B2069
:104FB00000F209816D2A00F2C980692A00F203819A
:104FC000572A00F2E280412A04D0A2F14503022BC5
:104FD00000F2F9809DF84A3002F0DF020421A2F1CC
:104FE000410961F30203D9F100029DF849108DF8DF
:104FF0004A3042EB090262F3C7110A068DF84910E4
:10500000CBB200F11F8103F07802182A40F0098129
:105010006FF3C6038DF849300023F8E08DF84B306C
:10502000BB1C05939DF849309DF84A20DE0702F02D
:10503000070040F1098154F8041B0491002908DAA3
:105040009DF8481041F004018DF848100499494238
:105050000491590740F1008154F8046B002E80F24E
:10506000FF809DF849306FF341038DF849304FF0D0
:10507000FF36F5E02D2A0DD0302A7FF427AF01232B
:1050800016E74FF0010C13E74FF0010E10E74FF059
:1050900001080DE701200BE70EA813F03FF80E9B67
:1050A000B3423FF457AF9DF848201390C00F60F310
:1050B00041028DF848204DE70EA813F02FF89DF817
:1050C00048301490C3F3400242EAD07262F34103C5
:1050D0008DF848300E9B56E7742A26D07A2A7FF442
:1050E00061AF9DF8492006210CE05A78682A9DF8A6
:1050F000492006D1012161F3C6028DF8492002330F
:1051000050E7022161F3C6028DF84920013349E7D7
:105110005A786C2A9DF8492001D10421EBE703213C
:10512000F0E79DF849200521ECE79DF8492007218B
:10513000E8E7BDF8482022F4F04222F0020242F4EF
:10514000804242F00202ADF84820DFE76E3AD3B267
:1051500001229A4040F282431A429DF8493039D1E7
:1051600012F0240F61D1D1072DD59DF84A2003F00C
:105170007803A3F14008032161F30202D8F1000390
:105180008DF84A2043EB080341E0A2F15801C9B26F
:10519000012000FA01F111F4624F7FF41BAF40F6D9
:1051A000010319429DF849301AD111F4043F0AD085
:1051B0009DF84A2060F3020203F07803402B8DF83B
:1051C0004A207FF429AF9DF8483043F001038DF861
:1051D000483021E79DF84A20022161F30202EBE703
:1051E0009DF84A10022003F0780360F30201402B7F
:1051F0008DF84A1002BF9DF8481041F001018DF86A
:105200004810632A7FF408AF003B18BF01239DF8C4
:105210004820C2F340010B4363F341028DF848205C
:1052200000E713F0380FCED1F6E69DF84A200321AF
:1052300013F0780F61F302028DF84A2014BF0123A6
:105240000023E4E70123E2E79DF948100029B4BFF9
:1052500013994FF0FF31FBE69E077FF508AF149ED0
:1052600000230428CDE913339DF8493007D199076D
:1052700005D49DF949100029ACBF06260D2602F081
:105280000702012AC3F3C30332D1DA1E042A04D869
:10529000DFE802F02045452020002268012B4FEA7C
:1052A000E271CDE910211BD19DF94020D117CDE944
:1052B000102104349DF84820069292074FD0059B98
:1052C00003993A4650462AF0E4F90028C0F27B835D
:1052D0000544DCE554F8042BD117CDE91021E9E7AA
:1052E000022BE6D111B242F3C032CDE91012E0E751
:1052F000022A24D1DA1E042A04D8DFE802F01810AA
:1053000010181800012B54F8042B4FF0000114D092
:10531000022BCDE91021CDD192B21092CAE7073409
:1053200024F00704F4E80201CDE91001C2E754F8C3
:10533000042B109200221192BCE7D2B2CDE7042ACE
:1053400008D1073424F00704D4E900010834CDE97A
:105350001001AFE7032AADD154F8042BDDE79DF827
:105360004B80B8F1780F3FF692ADB8F1570F5CD88B
:10537000B8F1250F00F0A480B8F1240F7FF687ADB7
:10538000B8F1410F04D0A8F14503022B3FF67FADE1
:10539000DDE91023002BC0F24D810699080700F1CA
:1053A0004C81C1F300194FEA4919C3F30A51C3F301
:1053B0001303002940F0448152EA030014BF4FF068
:1053C000010C4FF0000CD80240EA5250D702CDE950
:1053D0000C70B8F1460F47EA010740EAE17008BFD8
:1053E0004FF06608384300F0B881BCF1000F10D0D0
:1053F0001B0343EA125317033A4618464FF0000CBA
:10540000002880F25681BCF1000F40F05981CDE9AF
:105410000C730D9B43F00043A1F2FE3B0D93002162
:10542000DDE90C230F46052060E1A8F15802202A8F
:105430003FF62DAD01A151F822F000BF0756000044
:105440008F4E00008F4E00008F4E00008F4E0000E8
:105450008F4E00008F4E00008F4E00008F4E0000D8
:10546000915300008F4E0000B3550000C755000057
:105470009153000091530000915300008F4E0000A3
:10548000C75500008F4E00008F4E00008F4E000069
:105490008F4E00000D5600000756000057550000C3
:1054A0008F4E00008F4E0000D15400008F4E000040
:1054B000075600008F4E00008F4E00000756000078
:1054C00003994046D0470028C0F27D820135DEE4D2
:1054D000002E109F3BDB314638462CF07AFB002F24
:1054E0003FF4D5AC3E18F31B4FF000099DF84A205D
:1054F00012F01001069100F05B82023312F04002BC
:10550000DDF84C80089218BF149ACDF81C804344F3
:1055100018BF9B18049A002A40F36582D31A9DF89D
:10552000482004935007C2F3800B00F15C825106BF
:1055300040F14C82B9F1000F07D003994846D0479B
:105540000028C0F240820135D94630223FE2384679
:10555000FBF7B6FCC6E71098002800F024820DF196
:105560007503009312AA17AB002112F0EDFDBDF8F0
:105570004A3003F0EF0343F4F04343F010030746CF
:10558000ADF84A304FF00009002E0CDB9DF84820A2
:105590000DF17503DB1B6FF386129E428DF84820D8
:1055A00001D9F31A1393002F3FF471AC0DF1750676
:1055B0006DE0109B8DF85C304FF000090DF15D0639
:1055C00017AF012392E7069B1F0758BFC3F30019CB
:1055D000DDE9102354BF4FEA49194FF02B09002B86
:1055E00006DA524263EB4303CDE910234FF02D0955
:1055F0000DF175030093DDE9100117AB12AA12F04B
:10560000A3FD0746C0E74FF00009F1E7109A072B0A
:105610003FF63DACDFE803F00C04060C08080C0C68
:10562000157034E4158032E4EB17C2E900532EE420
:1056300015602CE44FF02D09B7E64FF02B09B4E6C6
:1056400040F2FF70814231D108F10108A2495FFAAE
:1056500088F8134311F8081001F003011ED1012945
:105660000BBF492369234E216E210CBF46226622BF
:105670008DF85C309DF848308DF85D106FF386131F
:105680008DF85E208DF848300DF15F0617AFF31BE3
:10569000B9F1000F3FF42AAF013327E7012915BF05
:1056A0006E234E23612141211A46E1E74FF0000CA1
:1056B00089E6921801F1FF3140414FF0010C9FE65D
:1056C000CDE90C20A5E6520842EAC3725B08B3F1AB
:1056D000333F59460BF1010BF5D200FB03FCA2FB53
:1056E000002301F1020B6344013F01211BF1020F72
:1056F000E9DB09B1CDE90C23BBF1000FDDE90C3288
:105700002EDCCBF10401A1F120000BF11C0B02FAFD
:105710000BFB22FA00F0CA40CB40079208F0DF02F0
:1057200043EA0B03472A43EA00037DD1F91C01DB5E
:10573000BE422BDAA8F10208002E5FFA88F87CDD61
:105740009DF84820920606F1FF3676D4B6F1000B9C
:1057500018BF4FF0010B721C27E04FF0000B5EE604
:10576000023342F100020CA8CDE90C3229F062FFAD
:10577000DDE90C320BF1FF3B0137DB185241002A07
:105780000BF1FF3BF9DACDE90C32B5E79DF8482083
:105790009006A6EB07064DD4B6F1000B18BF4FF0EC
:1057A000010BF2194FF066084AD4102AA8BF102244
:1057B0009FED477B8DED0E7B10200B90DDE90E01F8
:1057C000002A3FD1079A1B1842EB0101B1F1805F1B
:1057D00047D2CDE90C31069BB8F1660F03F02002E9
:1057E00040F0C180002F47DC30238DF85C30002A68
:1057F00074D1002E40F3BA812E238DF85D3087B12D
:105800007B42B342A8BF33469DF84A201393002B36
:10581000A6EB0306D4BF0023012363F345128DF8E2
:105820004A200DF15E0340E0B8F1660F4FF0000B27
:10583000B7D090E74FF0000BB3E74FF0000B8AE7CB
:105840000022B5E7400840EAC1704908CDE90E01E1
:105850000EA8CDE9082329F0EDFE089A099B013A2C
:10586000ACE75B0843EAC1730CA84908CDE90C31E9
:10587000013729F0DFFEAEE717AB0B9900290BDDEE
:105880000BA90CA8CDE9063229F0ECFE069B079A7D
:1058900003F8010B013FF0D11397AAB9002E40F392
:1058A00063812E2103F8011B0027002E1FDD0B9AB8
:1058B000002A1CDD0BA90CA8069329F0D3FE069B39
:1058C000013E03F8010BF0E72E2203F8012BEBE772
:1058D00000000000000000083DC603002E238DF8E4
:1058E0005D30002F9DD0002E8ADC0DF15E03BBF1F0
:1058F000000F4CD114961E4608F0DF03452B21D132
:10590000002FBABF7F422D232B23632FC8BF6422F1
:105910007370C2BFB7FBF2F303F1300102FB1377E0
:105920004FF00A0286F80080CABFB1700236033613
:10593000B7FBF2F303F1300102FB13733033317024
:1059400073700236139B002B2BDC149B002BD4BFEF
:10595000002301239DF84A2063F3861200238DF86B
:105960004A20337092E60BA90CA8069229F07AFE21
:10597000069A8DF85C00302818BF07F1FF3712B97E
:10598000002E40F3F3802E238DF85D3049E71E464C
:10599000013B16F8012C302AF9D02E2A08BF1E46EA
:1059A000AAE70123D6E7734E8146771F05239DE5BD
:1059B000110748BF0133A1E5104609920399D0476A
:1059C0000028099A05DA1FB0BDE8F08F2022DDF823
:1059D00010B0594600290BF1FF3BEDDC049BCDF8DC
:1059E00010B02B445D1AB9F1000F05D00399484659
:1059F000D0470028E7DB0135089B002B79D09DF9C3
:105A00004930002B29DBDFF870913B46187819F8F4
:105A1000002052079B4603F101033FD49DF84A3012
:105A2000EF1B98065F4407D44246002A08F1FF386E
:105A30003BDC079B3B449F1A9BF800002E280AD1B1
:105A40000399D0470028BEDBB8F1000F07F101072A
:105A500031DC0BF1010B5D4638E0B94699F80000E6
:105A60007028C84609F1010913D1EF1B149D474462
:105A70003D44EB1B002B34DC039933464246504631
:105A800029F007FE00289EDB3844049E05460644A4
:105A900065E00399D0470028E0DA94E7069303997C
:105AA000D0470028069BB1DA8DE703993020D04714
:105AB0000028B9DA87E703993020D04708F1FF388A
:105AC000C0E70399D0470028FFF67DAF287819F882
:105AD00000305907A84605F10105F2D4A7EB0B07E2
:105AE000C4E703993020D0470028FFF66CAF013798
:105AF000BFE79DF84A30DA0601D41B0706D50399A3
:105B00003020D0470028FFF65EAF0135069B3BB141
:105B100003999DF84B00D0470028FFF654AF01359C
:105B2000A84406E003993020D0470028FFF64BAF89
:105B30000135A8EB0503002BF4DC039933463A4604
:105B4000504629F0A6FD0028FFF63DAF28449CE70B
:105B500003992020D0470028FFF635AF0135731B8D
:105B6000002BF5DCFFF793B91746C0E60DF15D0396
:105B7000BDE600BF4C9B03003EC6030000000000D2
:105B800038B52DED028B55EC104B00F04DFA224B41
:105B9000B0EE408AF0EE608A93F90030013312D003
:105BA00045EC104B2CF035F868B113A3D3E9002372
:105BB00020462946FBF738F860B12AF0EAFC9FED51
:105BC000108B22230360B0EE480AF0EE680ABDECA9
:105BD000028B38BD0CA3D3E9002320462946FBF7EE
:105BE00005F80028EFD02AF0D4FC22239FED088B83
:105BF0000360E8E7AFF30080EF39FAFE422E8640FB
:105C0000000000000000F07F51302DD5104987C002
:105C10000000000000000000E10C00200000000077
:105C20002DE9F04F55EC104BC74B87B025F00046DF
:105C30009E4201952DD906F1404606F58016264371
:105C400016D1A7A3D3E9002320462946FAF75CFD25
:105C5000A5A3D3E9002306460F4620462946FAF7B6
:105C600053FD02460B4630463946FAF797FB09E0EA
:105C700022462B4620462946FAF78EFB02460B4663
:105C8000FAF76CFE04460D4645EC104B07B0BDE834
:105C9000F08FAE4B9E4210D8B6F1795F80F0AD80A8
:105CA00093A3D3E9002320462946FAF777FBA84BB4
:105CB0000022FAF7B9FF0028E6D145EC104B2BF093
:105CC000A0FFA34953EC102B0020FAF765FBA14B72
:105CD0000022FAF719FD88A3D3E9002304460D46F4
:105CE000FAF712FD86A3D3E90023FAF757FB224601
:105CF0002B46FAF709FD84A3D3E90023FAF74CFBFE
:105D000022462B46FAF700FD81A3D3E90023FAF7D8
:105D100045FB22462B46FAF7F7FC7FA3D3E9002385
:105D2000FAF73AFB22462B46FAF7EEFC7CA3D3E9BE
:105D30000023FAF733FB22462B46FAF7E5FC7AA359
:105D4000D3E90023CDE9020120462946FAF7DCFC1D
:105D500077A3D3E90023FAF71FFB22462B46FAF775
:105D6000D3FC75A3D3E90023FAF718FB22462B4690
:105D7000FAF7CAFC72A3D3E90023FAF70DFB224617
:105D80002B46FAF7C1FC724B0022FAF707FB45ECF1
:105D9000104BCDE9040127F069F96F4B9E425BEC93
:105DA00010AB40F2DB80DDE90423DDE90201FAF704
:105DB000D5FD52465B46FAF7A7FC52465B46FAF71A
:105DC000EDFA02460B46FAF7E9FA47A3D3E90023B6
:105DD000FAF7E2FA02460B4641A1D1E90001FAF7CF
:105DE000DBFA019B002BDCBF024601F100430446B5
:105DF0000D46DCBF14461D4646E722462B4620468C
:105E00002946FAF781FC3CA3D3E9002306460F4656
:105E1000FAF77AFC3AA3D3E90023FAF7BFFA32463D
:105E20003B46FAF771FC38A3D3E90023FAF7B4FA3A
:105E300032463B46FAF768FC35A3D3E90023FAF76C
:105E4000ADFA32463B46FAF75FFC33A3D3E90023B1
:105E5000FAF7A2FA32463B46FAF756FC30A3D3E9EA
:105E60000023FAF79BFA32463B46FAF74DFC2EA385
:105E7000D3E900238046894630463946FAF744FC88
:105E80002BA3D3E90023FAF787FA32463B46FAF709
:105E90003BFC29A3D3E90023FAF780FA32463B46BC
:105EA000FAF732FC26A3D3E90023FAF775FA324653
:105EB0003B46FAF729FC264B0022FAF76FFA024616
:105EC0000B4640464946FAF749FD22462B46FAF76B
:105ED0001BFC02460B4620462946C6E6AFF300806F
:105EE000182D4454FB21F93F075C143326A6913C3E
:105EF0009C7500883CE4377E09F7FD0DE13D023FCB
:105F000088B20175E0EF493F3B8F68B52882A43F16
:105F10005544880E55C1C93F7D6FEB0312D6D43F5F
:105F2000555555555555C53F82922EB1C5B8B33F0D
:105F300059018D1B6C06E63FC88A599CE52A004032
:105F40004B2D8A1C273A0340FFFFEF3FFFFFDF3F47
:105F50000000F03F0000E03F3233EF3F52465B4627
:105F600050465946FAF71AFADDE9042306460F4669
:105F7000DDE90201FAF7F2FC02460B4630463946EB
:105F8000FAF7C2FB4FF0000806460F4642465B4652
:105F900040465946FAF7B8FB02460B4620462946CA
:105FA000FAF7FAF9424604460D465B465046594612
:105FB000FAF7F4F902460B4620462946FAF7CEFCDA
:105FC00002460B46FAF7EAF902460B4612A1D1E95E
:105FD0000001FAF7E1F902460B4630463946FAF776
:105FE000DBF9424604460D465B4640465946FAF701
:105FF000D5F902460B460AA1D1E90001FAF7CCF91E
:1060000002460B4620462946FAF7C6F902460B46D9
:1060100003A1D1E90001E2E6075C143326A6913C16
:10602000182D4454FB21E93F2DE9FF4755EC104B57
:10603000AD4925F000428A424FEAD57633D9AB49C3
:106040008A4214D892A3D3E9002320462946FAF7BE
:10605000EBFD00BB90A3D3E9002320462946FAF7C5
:10606000C5FD002800F0A080002400250EE0C5F347
:1060700013032343224607D02B4620462946FAF72E
:106080008DF904460D4601E0002EEDD145EC104B94
:1060900004B0BDE8F08782A3D3E900231046194677
:1060A000FAF732FBEDE7924B9A4240F2A980914B0E
:1060B0009A4279D8904B03EBC603D3E900232046DC
:1060C0002946FAF769F98D4BF7003B4493ED007BC5
:1060D0008DED007BC6F1010A80468946AAEB060ACF
:1060E000DDE9002340464946FAF756F904460D46D5
:1060F00022462B4620462946FAF706FB6AA3D3E937
:10610000002306460F46FAF7FFFA69A3D3E90023F6
:10611000FAF742F932463B46FAF7F6FA66A3D3E9B4
:106120000023FAF73BF932463B46FAF7EDFA64A34F
:10613000D3E90023FAF730F932463B46FAF7E4FA9E
:1061400061A3D3E90023FAF729F932463B46FAF76F
:10615000DBFA02460B4620462946FAF71DF90246AD
:106160000B4606460F4620462946FAF7CDFACDE9FA
:106170000201BAF1000F5CD100224FF0804330469B
:106180003946FAF709F902460B46DDE90201FAF74A
:10619000E5FB22462B46FAF7FFF802460B460020A5
:1061A0005749FAF7F9F86CE7564B204603EBC60659
:1061B000294647A3D3E90023FAF7A6FAD6E9002334
:1061C000FAF7ECF8FAF750FD8246FAF733FA42A3F1
:1061D000D3E9002306460F46FAF796FA02460B4625
:1061E00020462946FAF7D8F83DA3D3E90023804694
:1061F000894630463946FAF787FACDE900016FE75C
:10620000414B9A4210D826A3D3E9002320462946C1
:10621000FAF7C4F83A4B0022FAF706FD38B1384BCA
:106220000022204629462AE74FF0000A60E782460E
:106230005EE732463B4600204FF08041FAF7ACF86B
:1062400002460B46DDE90201FAF788FB02460B46DF
:10625000DDE90001FAF7A0F842464B46FAF79CF850
:1062600002460B4600202649FAF796F86FF47F7233
:10627000924502DB01EB0A5103E70AF57A7A01EB5A
:106280000A5100224FF0B8730AE700BFAFF3008055
:10629000EF39FAFE422E864051302DD5104987C085
:1062A0009C7500883CE4377ED0A4BE726937663E98
:1062B000F16BD2C541BDBB3E2CDE25AF6A56113F06
:1062C00093BDBE166CC1663F3E5555555555C53FED
:1062D000FE822B654715F73F0000E0FE422EE63FA9
:1062E000763C7935EF39EA3D412E8640FFFFEF7F5E
:1062F000422ED63FB1A2F03FD8280300C8280300A1
:106300000000F03FE8280300FFFF2F3E00000000E0
:106310009FED010B704700BF000000000000F87FF8
:106320002DE9F043DFF88CC01F4C204E204FDFF8E2
:1063300088E000230125206805FA03F802881FFA87
:1063400088F1114207D116F803904288B9F1000F85
:1063500023D00A43428022689088014207D117F86F
:106360000390D088B9F1000F1AD00843D08010896B
:10637000014202BF02EB43003CF81380A0F80A8000
:10638000508D014202BF02EB83025EF82310D162FE
:106390000133102BCFD1BDE8F08322EA0802D9E700
:1063A00020EA0800E2E700BF34070020F5430300BD
:1063B000E5430300C83F0300F828030030B40E4A49
:1063C000156801232C8803FA00F083B21C432C804B
:1063D000126861B151880B435380084B1A6830BC76
:1063E000802302F55F7200211E200FF069BB5388E5
:1063F00023EA0003F0E700BF34070020380700203D
:1064000010B4012303FA00F00B4B1A68938884B28E
:1064100023439380D38861B12343D380074B5DF836
:10642000044B1A680021802302F55F721E200FF0D2
:1064300047BB23EA0003F0E73407002038070020B9
:1064400010B40A4B1B6801221C89824022431A8126
:1064500003EB40031E205981054B5DF8044B1A687D
:106460000021802302F55F720FF02ABB3407002061
:106470003807002010B40A4B1B6801225C8D824053
:1064800022435A8503EB80031E20D962054B5DF839
:10649000044B1A680021802302F55F720FF010BBD5
:1064A0003407002038070020012310B503FA01F15A
:1064B000032809D8DFE800F002151C23134B1A68E3
:1064C000138823EA01031380FFF72AFF104B1A6891
:1064D000BDE81040802302F55F7200211E200FF0FE
:1064E000EFBA0A4B1A68938823EA01039380EBE71B
:1064F000064B1A68138923EA01031381E4E7034B6F
:106500001A68538D23EA01035385DDE73407002021
:106510003807002070B5194D2B782BB9184829F091
:1065200065F801232B7070BD164829F05FF8164BF3
:106530001A68002414801B689C801C815C85FFF70E
:10654000EFFE124B1A681E20802302F55F7221466F
:106550000FF0B6FA06202C7013F050FB30B10C4B44
:1065600043610223037444748474C474BDE87040AE
:10657000084900234FF4865229F059BDE259002002
:10658000064103008641030034070020380700203D
:10659000A1410300F4250300014825F01FB900BF05
:1065A00000150020014823F07FBB00BF940D0020A0
:1065B000014B1870704700BF025A0020112898BF85
:1065C0000A4B0B4A94BF1B5C0023002913700ADBA3
:1065D000084B1B68DB8813F0080F14BF022301234C
:1065E000054A137070470023FAE700BF1B440300FD
:1065F000FE59002034070020FD59002070B59FEDA2
:10660000140A0D461349044628F05CFB124B18701F
:106610002346104C03F1100618685968224603C23D
:106620000833B3421446F7D1286869680B4B03C39B
:10663000A868186027F0A5FC094BC3E90001094BC5
:106640001B781BB1BDE87040FFF7A6BF70BD00BF4F
:106650000AD7A33BA8330020E45900209C33002034
:10666000F8140020035A002008B50246094B0068C0
:10667000516803C39068186027F083FC064BC3E998
:106680000001064B1B781BB1BDE80840FFF784BF33
:1066900008BD00BF90330020F0140020035A0020F2
:1066A000DFED137AB4EEE70AF1EE10FA82B01AD4F5
:1066B000DFED107AB4EEE70AF1EE10FA15DCF3EE36
:1066C000097A30EE670ADFED0C7A30EE000A30EE20
:1066D000270AFCEEC07ACDED017A9DF80430074A16
:1066E000137002B070470123F9E7FF23F7E700BFFB
:1066F00000001AC20000B14200800043FF59002090
:10670000014BC3E9000170474805002030B5039CE8
:10671000124D20B928700023114A137030BDAAB958
:106720006422B3FBF2F363F07F03DBB22B700A2227
:1067300071B141F2D603A342B8BF2346B3FBF2F3D3
:10674000F53BFF2BD4BFDBB2FF23E5E7FF23EDE7EB
:1067500094FBF2F3F53BDED4F3E700BF015A0020CF
:10676000005A0020044B10F0050F1870034B0CBFAB
:10677000012203221A707047FC590020700C00207F
:1067800008B5044B187027F0FCFB034BC3E900016C
:1067900008BD00BFFB590020E0140020014B01227E
:1067A0001A707047E35900207FB52F4B00241B78E7
:1067B0000394CDE900448DF801302C4B1B788DF803
:1067C00002302B4B1B788DF803302A4B1B788DF849
:1067D000043018238DF8053009238DF80630264B38
:1067E0001B788DF80830254B1B788DF8093040F662
:1067F0002E53ADF80A30224840F6CD42002323F054
:106800009DF9A0B1082013F0F9F940B11D4B436187
:106810001D4B83610323037444748474C4741B4943
:1068200000234FF4C25229F002FC04B070BD6C4644
:10683000174A04AE2546234603CBB342106051608D
:106840001C4602F10802F6D127F09BFB114BC3E96D
:106850000001114B1B780BB1FFF79EFEFFF7A2FE64
:10686000284602F001F8E0E7025A0020015A002011
:10687000005A0020FF590020FE590020FD59002039
:10688000940D002005440300E3440300FC250300AD
:10689000E6590020E0150020035A00207FB58E4AFB
:1068A000DFED8E6AD2ED017A9FED8D7A012367EEDE
:1068B000A67A8DF800308B4BF4EEC77A1B788DF8F2
:1068C0000130F1EE10FA00F3C0809FED876AF4EE1C
:1068D000C67AF1EE10FA00F1BB80FDEEE77A17EE12
:1068E000903A9BB2D2ED027AADF8023067EEA67A0A
:1068F000F4EEC77AF1EE10FA00F3AD809FED7A6AFC
:10690000F4EEC67AF1EE10FA00F1A880FDEEE77A17
:1069100017EE903A9BB2D2ED037AADF8043067EEF1
:10692000A67AF4EEC77AF1EE10FA00F39A809FEDA2
:106930006E6AF4EEC67AF1EE10FA00F19580FDEE83
:10694000E77A17EE903A9BB2D2ED007AADF80630B6
:1069500067EEA67AF4EEC77AF1EE10FA00F38780BC
:10696000DFED616AF4EEE67AF1EE10FA00F1828072
:10697000FDEEE77A17EE903A9BB25C4ADFED5C6A77
:10698000D2ED007AADF8083067EEA67AF4EEC77A59
:10699000F1EE10FA71DC9FED546AF4EEC67AF1EE76
:1069A00010FA6DD4FDEEE77A17EE903A9BB2D2ED75
:1069B000017AADF80A3067EEA67AF4EEC77AF1EE06
:1069C00010FA60DC9FED486AF4EEC67AF1EE10FA38
:1069D0005CD4FDEEE77A17EE903A9BB2D2ED027AE4
:1069E000ADF80C3067EEA67AF4EEC77AF1EE10FA45
:1069F0004FDC9FED3D7AF4EEC77AF1EE10FA4BD4FE
:106A0000FDEEE77A17EE903A9BB2ADF80E303948BA
:106A100040F6CD42002323F091F800283FD0082013
:106A200013F0ECF848B1344B4361344B83610323DA
:106A30000374002343748374C374314900234FF4F7
:106A4000C25229F0F4FA04B070BD47F6FF7349E76B
:106A50004FF4004346E747F6FF735CE74FF400430B
:106A600059E747F6FF736FE74FF400436CE747F6CB
:106A7000FF7382E74FF400437FE747F6FF7396E723
:106A80004FF4004393E747F6FF73A7E74FF4004343
:106A9000A4E747F6FF73B8E74FF40043B5E76C4649
:106AA000184A04AE2546234603CBB342106051601A
:106AB0001C4602F10802F6D127F063FA124BC3E933
:106AC0000001124B1B780BB1FFF766FDFFF76AFD63
:106AD000284601F0C9FEB6E7A833002000000047B1
:106AE00000FEFF46025A0020000000C79C33002031
:106AF00000000043940D002005440300C944030036
:106B0000FC250300E6590020E0150020035A002070
:106B100070B588B002238DF81030904B90481B78E8
:106B20008DF811308F4B1B788DF812308E4B1B78FF
:106B30008DF813308D4B00241B78079401A9CDE903
:106B40000544CDE901448DF8143003940FF08AFB1D
:106B5000DDED016A9DED027ADDED037AF7EE005A74
:106B600076EEA56A37EE257A77EEA57AB6EE006A5C
:106B700066EE866A27EE067A67EE867A9FED7C6A75
:106B8000CDED016A66EE866A9FED7A6A8DED027A36
:106B9000F4EEC66AF1EE10FACDED037A00F3A280AE
:106BA000F5EEC06AF1EE10FA04D4FCEEE66A16EED9
:106BB000903A9CB29FED706ADFED706A27EE067A1C
:106BC000B4EEE67AF1EE10FA00F38F80B5EEC07AFB
:106BD000F1EE10FA00F18C80BCEEC77A17EE103A95
:106BE0009AB267EE867AF4EEE67AF1EE10FA00F3E6
:106BF0008180F5EEC07AF1EE10FA7ED4FCEEE77AF1
:106C000017EE903A9BB244EA82245D4ADFED5D6A5A
:106C1000D2ED007A9FED5C7A67EEA67A44EA43549F
:106C2000F4EEC77AF1EE10FACDF8154067DC9FED6F
:106C3000576AF4EEC67AF1EE10FA63D4FDEEE77A05
:106C400017EE903A9BB2D2ED017AADF8193067EEAB
:106C5000A67AF4EEC77AF1EE10FA56DC9FED4B6A95
:106C6000F4EEC67AF1EE10FA52D4FDEEE77A17EEA2
:106C7000903A9BB2D2ED027AADF81B3067EEA67A5D
:106C8000F4EEC77AF1EE10FA45DC9FED407AF4EEAF
:106C9000C77AF1EE10FA41D4FDEEE77A17EE903A9A
:106CA0009BB20024ADF81D308DF81F40384840F6E7
:106CB000CD42002322F042FF98B3082012F09EFF3D
:106CC00040B1344B4361344B8361032303744474F8
:106CD0008474C474314900234FF4C25229F0A7F9D7
:106CE00008B070BD40F2FF3464E740F2FF7278E70D
:106CF000002276E740F2FF7385E7002383E747F63B
:106D0000FF73A0E74FF400439DE747F6FF73B1E739
:106D10004FF40043AEE747F6FF73C2E74FF400437A
:106D2000BFE704AC1E4A08AE2546234603CBB34258
:106D3000106051601C4602F10802F6D127F021F9DB
:106D4000184BC3E90001184B1B780BB1FFF724FC6B
:106D5000FFF728FC284601F087FDC1E7025A002012
:106D6000A8330020015A0020005A0020FF590020BB
:106D70000000804400C07F440000004500E0FF4464
:106D80009C3300200000004300FEFF46000000C7C7
:106D9000940D002005440300AF440300FC250300CC
:106DA000E6590020E0150020035A00207FB5254B4E
:106DB0001B788DF80130244B1B788DF80230234B63
:106DC00000241B7803940325CDE901448DF800507D
:106DD0008DF803301E4840F6CD42002322F0AEFE6F
:106DE00098B1082012F00AFF38B11A4B43611A4BD0
:106DF0008361057444748474C474184900234FF487
:106E0000C25229F014F904B070BD6C46144A04AEA5
:106E10002546234603CBB342106051601C4602F165
:106E20000802F6D127F0ADF80E4BC3E900010E4B76
:106E30001B780BB1FFF7B0FBFFF7B4FB284601F05E
:106E400013FDE0E7025A0020700C0020FC590020DE
:106E5000940D00200544030095440300FC25030025
:106E6000E6590020E0150020035A00207FB58E4A25
:106E7000DFED8E6AD2ED017A9FED8D7A042367EE05
:106E8000A67A8DF800308B4BF4EEC77A1B788DF81C
:106E90000130F1EE10FA00F3C0809FED876AF4EE46
:106EA000C67AF1EE10FA00F1BB80FDEEE77A17EE3C
:106EB000903A9BB2D2ED027AADF8023067EEA67A34
:106EC000F4EEC77AF1EE10FA00F3AD809FED7A6A26
:106ED000F4EEC67AF1EE10FA00F1A880FDEEE77A42
:106EE00017EE903A9BB2D2ED037AADF8043067EE1C
:106EF000A67AF4EEC77AF1EE10FA00F39A809FEDCD
:106F00006E6AF4EEC67AF1EE10FA00F19580FDEEAD
:106F1000E77A17EE903A9BB2D2ED007AADF80630E0
:106F200067EEA67AF4EEC77AF1EE10FA00F38780E6
:106F3000DFED616AF4EEE67AF1EE10FA00F182809C
:106F4000FDEEE77A17EE903A9BB25C4ADFED5C6AA1
:106F5000D2ED007AADF8083067EEA67AF4EEC77A83
:106F6000F1EE10FA71DC9FED546AF4EEC67AF1EEA0
:106F700010FA6DD4FDEEE77A17EE903A9BB2D2ED9F
:106F8000017AADF80A3067EEA67AF4EEC77AF1EE30
:106F900010FA60DC9FED486AF4EEC67AF1EE10FA62
:106FA0005CD4FDEEE77A17EE903A9BB2D2ED027A0E
:106FB000ADF80C3067EEA67AF4EEC77AF1EE10FA6F
:106FC0004FDC9FED3D7AF4EEC77AF1EE10FA4BD428
:106FD000FDEEE77A17EE903A9BB2ADF80E303948E5
:106FE00040F6CD42002322F0A9FD00283FD0082022
:106FF00012F004FE48B1344B4361344B83610323E8
:107000000374002343748374C374314900234FF421
:10701000C25229F00CF804B070BD47F6FF7349E77F
:107020004FF4004346E747F6FF735CE74FF4004335
:1070300059E747F6FF736FE74FF400436CE747F6F5
:10704000FF7382E74FF400437FE747F6FF7396E74D
:107050004FF4004393E747F6FF73A7E74FF400436D
:10706000A4E747F6FF73B8E74FF40043B5E76C4673
:10707000184A04AE2546234603CBB3421060516044
:107080001C4602F10802F6D126F07BFF124BC3E941
:107090000001124B1B780BB1FFF77EFAFFF782FA63
:1070A000284601F0E1FBB6E7A833002000000047C6
:1070B00000FEFF46025A0020000000C79033002067
:1070C00000008044940D0020054403007B4403002D
:1070D000FC250300E6590020E0150020035A00209B
:1070E00030B5002385B0CDE90033CDE90233052367
:1070F0008DF80030294B1B788DF801300CF0E8FE3C
:1071000000282BDB0CF0DCFF254AA0FB020302FB6E
:107110000131C30B43EA4143C90BCDF80230CDF82E
:107120000610204840F6CD42002322F007FDC8B1EA
:10713000082012F063FD48B11B4B43611B4B836178
:1071400003230374002343748374C3741849002316
:107150004FF4C25228F06BFF05B030BD4FF0FF3343
:107160001946DAE7134A6C4604AD234603CBAB421B
:10717000106051601C4602F10802F6D126F001FFB2
:107180000D4BC3E900010D4B1B780BB1FFF704FA5F
:10719000FFF708FA684601F067FBDDE7025A0020B6
:1071A00040420F00940D0020054403006144030099
:1071B000FC250300E6590020E0150020035A0020BA
:1071C0007FB50023CDE90133039306238DF800300A
:1071D000414B424C1B788DF8013023788DF80230FA
:1071E0003F4B1B78002B58D13E4AD2E90032012B8D
:1071F00072F10002B8BF01239BB2ADF803300CF06E
:107200005FFF4FF47A72A0FB020302FB0133364AA0
:1072100082424FF000029A410CD3324AD2E9003147
:10722000A3F57F43FF3B0B4302BF4FF6FE700021E7
:10723000C2E90001237800268DF80F6083B12B4D41
:1072400026F09FFED5E9003213F57A7342F1000271
:1072500083428A41BFBF00220023C5E90023267074
:10726000234840F6CD42002322F068FCB8B1082044
:1072700012F0C4FC48B11F4B43611F4B83610323D1
:107280000374002343748374C3741C4900234FF4B4
:10729000C25228F0CCFE04B070BD0123ADE76C46AD
:1072A000174A04AE2546234603CBB3421060516013
:1072B0001C4602F10802F6D126F063FE114BC3E929
:1072C0000001114B1B780BB1FFF766F9FFF76AF964
:1072D000284601F0C9FADEE7025A0020FB590020D7
:1072E000E359002048050020FFFF2F75E01400201F
:1072F000940D00200544030047440300FC250300CF
:10730000E6590020E0150020035A002070B588B02F
:107310000023CDE90533079307238DF81030AC4BDC
:10732000AC4D1B788DF811302B788DF81230AA4BAC
:107330001B78002B40F00D81A84AD2E90032012BC6
:1073400072F10002B8BF01239BB2ADF813300CF00C
:10735000B7FE4FF47A72A0FB020302FB0133A04A8E
:1073600082424FF000029A410CD39C4AD2E900318C
:10737000A3F57F43FF3B0B4302BF4FF6FE70002196
:10738000C2E9000100249748039401A9CDE9014412
:107390000EF068FFDDED016A9DED027ADDED037A06
:1073A000F7EE005A76EEA56A37EE257A77EEA57AE3
:1073B000B6EE006A66EE866A27EE067A67EE867A91
:1073C0009FED896ACDED016A66EE866A9FED876A58
:1073D0008DED027AF4EEC66AF1EE10FACDED037A85
:1073E00000F3B980F5EEC06AF1EE10FA04D4FCEEB9
:1073F000E66A16EE903A9CB29FED7D6ADFED7D6AFB
:1074000027EE067AB4EEE67AF1EE10FA00F3A680E3
:10741000B5EEC07AF1EE10FA00F1A380BCEEC77AA7
:1074200017EE103A9AB267EE867AF4EEE67AF1EE4B
:1074300010FA00F39880F5EEC07AF1EE10FA00F140
:107440009580FCEEE77A17EE903A9BB244EA8224EC
:10745000694ADFED6A6AD2ED007A9FED697A67EEDC
:10746000A67A44EA4354F4EEC77AF1EE10FACDF866
:1074700015407DDC9FED636AF4EEC67AF1EE10FAFA
:1074800079D4FDEEE77A17EE903A9BB2D2ED017A0D
:10749000ADF8193067EEA67AF4EEC77AF1EE10FA7D
:1074A0006CDC9FED586AF4EEC67AF1EE10FA68D4FF
:1074B000FDEEE77A17EE903A9BB2D2ED027AADF884
:1074C0001B3067EEA67AF4EEC77AF1EE10FA5BDCB9
:1074D0009FED4C7AF4EEC77AF1EE10FA57D4FDEE38
:1074E000E77A17EE903A9BB2ADF81D302B78002664
:1074F0008DF81F6083B1444C26F043FDD4E900327F
:1075000013F57A7342F1000283428A41BFBF002221
:107510000023C4E900232E703C4840F6CD420023EE
:1075200022F00CFBB0B3082012F068FB48B1384BD6
:107530004361384B836103230374002343748374D2
:10754000C374354900234FF4C25228F070FD08B0CF
:1075500070BD0123F9E640F2FF344DE740F2FF72BF
:1075600061E700225FE740F2FF736FE700236DE7FA
:1075700047F6FF738AE74FF4004387E747F6FF7348
:107580009BE74FF4004398E747F6FF73ACE74FF4EF
:107590000043A9E704AC214A08AE2546234603CBA5
:1075A000B342106051601C4602F10802F6D126F089
:1075B000E8FC1B4BC3E900011A4B1B780BB1FEF72B
:1075C000EBFFFEF7EFFF284601F04EF9BFE700BFE3
:1075D000025A0020FB590020E359002048050020F2
:1075E000FFFF2F75A83300200000804400C07F44B7
:1075F0000000004500E0FF449C33002000000043F1
:1076000000FEFF46000000C7E0140020940D00209B
:10761000054403002D440300FC250300E659002027
:10762000E0150020035A00202DE9F04FAB4DAC4E81
:1076300087B0AC4CD4E90032134300F08380AA48F1
:1076400040F6CD42002322F079FAA0B1082012F0D2
:10765000D5FA48B1A54B4361A54B8361032303745D
:10766000002343748374C374A24900234FF4C252AD
:1076700028F0DDFCDDE700220023C4E900239E4B57
:107680006A4603F1100C174618685968144603C47B
:10769000083363452246F7D1186820601B792371AF
:1076A000FEF780FF954A13788DF81430591C11703D
:1076B0003046102239460FF0DBFF0490384600F0C8
:1076C00033FE01238E492B708E4BD3E900C7D1E9DD
:1076D00000308D49D1E900A98C4940F2E732D1E967
:1076E00000411CEB020847F100079A1840F1000E18
:1076F000A24579EB010B80F2E3801AF1640449F1B1
:107700000001A2427EEB010EC0F2DE80A04577EBC5
:107710000101B8BF0CF57A7426F033FC0027241A57
:107720004FF4004C24EAE474394640F2E7304FF459
:107730007A720023C4FB0C01F9F75EFB23F0F4FF1F
:107740002F7076E7724FD7E90032134316D0714C91
:1077500026F017FCD4E90023801A61EB0301C92845
:1077600071F100010ADB00220023C7E9002326F0A3
:1077700008FCC4E90001FFF779FB5AE7664CD4E93D
:10778000003213432DD0DFF8948198F80030DBB934
:107790005D4F26F0F6FBD7E90032C01A61EB02011B
:1077A000652871F1000118DB00220023C4E90023E1
:1077B00026F0E7FB26F0E5FBC7E90001FFF7A8F993
:1077C00037E798F80030FBB100220023C4E900231A
:1077D00026F0D7FBFFF762F82BE7D4E9003213431A
:1077E000EFD1494C26F0CDFBD4E90032C01A61EB51
:1077F0000201652871F1000124DB26F0C2FBC4E917
:107800000001FEF7D1FF14E7404F26F0BAFBD7E99D
:107810000023801A61EB0301652871F100010CDB84
:1078200000220023C4E9002326F0ABFB26F0A9FBCD
:10783000C7E90001FFF76AFDFBE6D4E90032134314
:10784000CFD0C1E7314C26F09CFBD4E90032C01AFE
:1078500061EB0201652871F1000106DB26F091FB66
:10786000C4E90001FFF7ACFCE3E6254F26F089FBF5
:10787000D7E9003240F2E934C01A61EB0201A042BC
:1078800071F1000106DB26F07CFBC7E90001FFF780
:107890008DFACEE61B4F26F074FBD7E90023801A41
:1078A00061EB0301A04271F1000106DB26F069FBE8
:1078B000C7E90001FFF714FCBBE600F05FF800E742
:1078C000643441F100011CE713F57A7240F10000C5
:1078D000904577EB000014461BE700BF035A0020D9
:1078E000EB09A493E0150020940D0020054403004B
:1078F000FD440300FC250300E6590020E559002063
:10790000C8140020C0140020D8140020D014002077
:10791000F0140020E8140020F8140020E45900209E
:1079200008B5082012F06AF948B1094B4361094BC8
:10793000836103230374002343748374C37406496F
:1079400000234FF4C25228F072FB6FF0850008BD8F
:107950002F4503000D4703001426030008B500203F
:1079600018F0B6FD044B186018B9BDE80840FFF7E1
:10797000D7BF002008BD00BFB8330020044B1A78E1
:107980002AB100221A70034B186811F0E3B970474E
:10799000155A0020B833002070B50578012D2ED07F
:1079A000022D44D0002D58D1364B1B783BB9364AB6
:1079B000D2E90031013341F10001C2E90031334C19
:1079C00023681E3B092B0DD8314DD5E900321343F6
:1079D00008D1304B00200021C3E9000126F0DFFA76
:1079E000C5E9000123680A2B38BF0A230A3B23603C
:1079F000294B1B788BB3BDE87040FFF7BFBF234A0C
:107A00001368632B9CBF0133136013681E2BEFD1E7
:107A1000204CD4E900321343EAD11D4B0020002151
:107A2000C3E9000126F0BBFAC4E90001E0E71B4E00
:107A300030461CF0EFFE044678B9124B32781978C4
:107A400061B9082A09D1164A9279012A05D1D6F8D6
:107A500005201A60D6F809205A6070BD042AFCD1AE
:107A6000062012F0CBF828B10E4B43610574447424
:107A70008474C474BDE870400B4900234FF48452F1
:107A800028F0D5BA185A0020E8150020BC33002091
:107A9000D0160020D8160020165A0020205A0020A8
:107AA000710C002053450300142603007FB52C4EB3
:107AB0003578002D52D1012302932A4B0195186885
:107AC0000395694611F0C2F8041E16DA082012F078
:107AD00095F848B1244B4361244B4574C0E9063402
:107AE000042303748574C574214900234FF40152A3
:107AF00028F09DFA204604B070BD0B24642026F0C7
:107B00005CFA029D15F003051DD0013CF6D1194D1C
:107B10002B78ABB9082012F071F848B1164B4361CD
:107B20006FF00A0383610323037444748474C47480
:107B300000230F494FF4C45228F079FA01232B7027
:107B40006FF00A04D6E7039C34B1082012F056F80F
:107B50000028C9D0094BBEE7012333700024C9E7D0
:107B6000155A0020B8330020694503000047030080
:107B700014260300045A0020A9450300864503008B
:107B800070B5234D06460FCD86B001AC0FC42B68EF
:107B90002360204B1B6893F91C3016B901228DF825
:107BA00005201D4A0292012501A88DF80E308DF89E
:107BB00016501CF01FFC044670B1082012F01EF88D
:107BC000C8B9164900234FF4015228F030FA0121B8
:107BD00002200DF00DFD0BE011481CF099FE11483C
:107BE0001CF0B0FE104808211CF0C6FE0F4B1D70A3
:107BF000204606B070BD0E4B43610E4BC0E9063403
:107C000004230374002343748374C374D9E700BF4F
:107C1000A0270300340700209979000014260300F0
:107C2000115A00200D5A0020055A0020175A002032
:107C3000D2450300F146030010B5064C237833B15A
:107C400000230A20237026F0BAF91CF081FB0023E0
:107C5000237010BD175A002010B5FFF7EDFF0C4B35
:107C600000241C700B4B06201C605C6011F0C6FFEA
:107C700030B1094B43610223037444748474C474A7
:107C8000BDE81040054900234FF4865228F0CFB9D3
:107C9000165A0020185A0020F44503001426030049
:107CA000074B08491A68084B1A60084B1A68084BBA
:107CB0001A60084A0B6813604B685360704700BF36
:107CC000064603000B460300115A00201446030029
:107CD0000D5A0020055A00201F4A84B0D2F8020035
:107CE00091790090907808448DF80400D078084489
:107CF0008DF805001079084400238DF806005079AE
:107D0000CDE9023301448DF80710D0790DF1070257
:107D1000C1180133082B02F8011FF9D1694600226E
:107D200011F8013B1BB1552B01D0AA2B02D108330E
:107D300001F8013C0132102AF2D1084B019A1A6075
:107D4000074A084B126808491A60084A0B68136012
:107D50004B68536004B07047185A00200D5A002039
:107D600006460300115A00200B460300055A002066
:107D70002DE9F84F02200DF0FBFC18B10021022084
:107D80000DF036FCB44DB54B2C7800221A60002C57
:107D900040F08880062011F031FF30B1B04B4361D4
:107DA0000223037444748474C47400234FF4865211
:107DB000AC49AD4E28F03BF90120FFF771FF0024DC
:107DC000FFF7DEFE4FF080537470F470D3F8A40018
:107DD000A64AC6F807009288A6F80B200820D3F818
:107DE000A480D3F8A87011F009FF48B1BFB2A04B2E
:107DF0004361C0E906870423037444748474C47423
:107E0000984900234FF4035228F011F999490622AA
:107E100007200FF065FC071E4FF0080008BF082779
:107E200011F0ECFE40B1944BC0E905370323037415
:107E3000002343748374C3748A49DFF85CA2DFF8BB
:107E40005C9200234FF4C65228F0F1F8042103207D
:107E500077710CF01BFB2B78BB4261D10A20042107
:107E60000CF014FB062011F0C9FE38B1834B4361BE
:107E700002230374002343748374C3747949002379
:107E80004FF4865228F0D3F87D4B734A19680220CC
:107E9000082365310DF014FEFFF7CEFE4FF4C860E5
:107EA00026F08DF808206C7811F0A8FE40B1754BD3
:107EB000C0E9053403230374002343748374C3743B
:107EC000002368494FF4C65228F0B1F86C4B1B6888
:107ED0000820D3F86540D3F8696011F08FFE68B1CF
:107EE000240C694B436144EA0644360C0423C0E980
:107EF00006460374002343748374C37400234FF451
:107F00000352584928F093F86878FEF751FBFFF7C1
:107F1000E3FE5E4B01221A70BDE8F84FFFF72EBD5D
:107F200026F03DF89AF800300446884623B901202F
:107F3000FFF7B6FEFFF724FE99F800300BB9FFF704
:107F4000B5FD95F800B0BBF1000F14D0082011F07A
:107F500055FE40B14E4BC0E9053B0323037400239B
:107F600043748374C37400233E494FF4C65228F00F
:107F70005EF800232B70DFF828B13B480022002375
:107F8000CBE900230023B3711CF08AFB642026F0A8
:107F900014F81CF07DFB002842D00123B371DBE90B
:107FA0000032013B13430BD125F0F9FF14F1090214
:107FB00048F1000382428B4102DB2B481CF070FB2E
:107FC000642025F0FAFF1CF063FBA0B3DBE900326C
:107FD000023B134311D1062011F010FE38B12D4B96
:107FE000436102230374002343748374C3741D49E3
:107FF00000234FF4865228F01AF899F800300BB19C
:10800000FFF7BCFC25F0CBFF40F2E933001B61EB2E
:108010000801984271F1000118DB23F09FFA1AE77A
:1080200025F0BDFF14F1090248F1000382428B41A3
:10803000B3DB0120ABE725F0B2FF14F1090248F1F0
:10804000000382428B41C1DB0120BAE7C0F57A70A0
:1080500025F0B5FFFFE600BF185A0020BC33002012
:108060001946030014260300710C0020A400001020
:1080700021460300780C0020394603007A460300AD
:10808000380700208146030090460300165A00205E
:108090004846030061460300175A0020155A002085
:1080A000E81500202DE9F84FDFF84C814B4DD8F84A
:1080B0000030DFF848915C8825F071FF484B1A6862
:1080C000D2F865302B60D2F869306B6004F020077D
:1080D000824604F004040E4699F8003033B9002FAC
:1080E00052D1FFF745FE0120FFF74AFDDFF810B13E
:1080F000DBF800301D2B4FF0020058D90DF038FB93
:1081000020B99FBB012102200DF072FA54B325F073
:1081100046FFD8F80030334AD3F82CB0D2E9003209
:10812000C01A61EB02014FEAEB7383458B4119DA08
:10813000082011F063FD60B12B4B43614EF66023C4
:108140009BFBF3F383610323037400234374837461
:10815000C374264900234FF4C45227F068FF00205F
:1081600026F06DFC642025F02AFFB5E708200DF00D
:10817000FFFA0028C6D0002CC9D1642025F01FFFCB
:1081800099F80030002BB3D12B78002BA9D108200F
:108190000DF0EEFA0028A9D125F001FF144BC0180C
:1081A00061F10001824576EB01019ADB9EE70DF05B
:1081B000DFFA0028D6D025F0F2FE0E4AD2E90032CE
:1081C000C01A40F6B93361EB0201984271F1000127
:1081D000C8DB002102200DF00BFAC3E7185A00207B
:1081E00038070020D8160020AA46030014260300F2
:1081F00012FDFFFFD016002034070020165A002081
:10820000BC330020044B1B7813B9044B1B780BB113
:10821000FFF722BD704700BF185A0020165A0020F1
:108220007FB5274B05460E4693E8030006220290D1
:10823000ADF80C10072002A90FF052FA031E4FF000
:10824000000408BF082305F0FF02A44208BF9A42B9
:1082500012D0062011F0D2FC30B11A4B4361022338
:10826000037444748474C474174900234FF4865211
:1082700027F0DDFE04B070BDFFF7C4FFCDE9005666
:108280006B4603CB114A10600620516011F0B6FC1A
:1082900030B10F4B43610223037444748474C4747B
:1082A000094900234FF4865227F0C1FE094B074AC3
:1082B00019680220082365310DF002FCDAE700BFDF
:1082C000A4000010CB46030014260300185A002017
:1082D0007A4603003807002010B5FFF793FF0E4BD6
:1082E0000E4A19680220082365310DF0E9FB0620CB
:1082F00011F084FC38B10A4B43610223037400235C
:1083000043748374C374BDE81040064900234FF4DE
:10831000865227F08CBE00BF38070020185A002074
:10832000DE4603001426030070B50F4B1B7805468C
:10833000CBB10E4B1B78B3B10D4B1B780BB9FFF7CC
:10834000B5FB0C4C2046002310F8052BE3702946A2
:108350000126667029F0EDFB1CF0ACFA20461CF0FB
:108360009FF9054B1E7070BD175A0020165A002049
:10837000155A0020960C0020455A0020034B18780F
:1083800008B1034B187800F001007047175A00201D
:10839000165A00200649013810F8013F03B970470A
:1083A000CA5C02F00302012A08BF20330370F3E71E
:1083B0003EC6030008B51C4827F018F91B4827F0F3
:1083C00015F91B4827F012F91A4827F00FF91A4837
:1083D00027F00CF9194827F009F9194827F006F990
:1083E000184827F003F9184827F000F9174827F034
:1083F000FDF8174827F0FAF8164827F0F7F816485E
:1084000027F0F4F8154827F0F1F8154827F0EEF8B2
:10841000144827F0EBF8144827F0E8F8BDE80840C6
:10842000124827F0E3B800BF314703006747030055
:108430009D470300CD470300014803003748030070
:108440006A4803009D480300DA4803001749030007
:108450004C4903007D490300AE490300D3490300A2
:10846000F6490300304A0300694A03009D4A0300AD
:1084700030B50A2185B0054625F0C3FD084A0346FC
:1084800004460C2101A827F0BEF8294601A8F8F7F8
:108490000DFD00280CBF20464FF0FF3005B030BD69
:1084A000447D030000B589B000220023CDE90623F6
:1084B00000230622CDE90323CDE9013300930549CA
:1084C000054B06484FF4806222F078FA09B05DF857
:1084D00004FB00BF00680020C1120000E01600206D
:1084E000014814F043BC00BFE016002010B5062080
:1084F00011F084FB38B1084B43610223037400235D
:1085000043748374C374BDE81040044900234FF4DE
:10851000845227F08CBD00BF635203004426030041
:1085200080B50C4A0C4B00AF88B0002908BF134639
:108530006A460A49C2E905134FF400739383084B56
:1085400042F8103F074800234FF4E65111F036FD82
:10855000BD4680BDB2940300105303009752030040
:10856000030000014426030038B52F482F4D20F0AA
:108570008FFF044628600820A4B911F03FFB40B1EA
:108580002B4B43612B4B836103230374447484742A
:10859000C474294900234FF4C25227F048FD6FF0FC
:1085A000120038BD11F02AFB40B1244BC0E905345C
:1085B00003230374002343748374C3741E4900238C
:1085C0004FF4C65227F033FD1D4B1E4928680F2279
:1085D00015F0D6F9BFF35B8F1B4B53E8001F41F03A
:1085E000010143E80012002AF7D1BFF35B8F00219D
:1085F000286828F033F888B1062011F0FFFA38B166
:10860000124B436102230374002343748374C374C5
:10861000094900234FF4845227F009FD2868BDE87A
:10862000384028F020B800BFA8520300C83300200B
:10863000AE5203003553030044260300CC5203001E
:10864000D429030054530300C4330020DF52030035
:10865000084BBFF35B8F53E8002F22F0010143E882
:1086600000100028F7D1BFF35B8FD30701D4FFF7C9
:108670003DBF7047C43300202DE9F347564C574D9A
:108680002378D3B925F0AFFCD5E90023633861F135
:10869000000182428B4110DB25F0A5FC504E514B6E
:1086A000C018D6E9002361F1000182428B416ADBE8
:1086B0000021212023F038F8E2E725F094FCC5E9F9
:1086C0000001494BBFF35B8F53E8002F42F00101DB
:1086D00043E800100028F7D1BFF35B8F12F00102CE
:1086E000DAD12778414EDFF824C1DFF824E14FF0DA
:1086F000FF08032F317834DD3D484022006801AB8C
:108700000CEB011115F054F9327827780432D2B20B
:10871000042F327009D937490B68043B3B440B6086
:1087200035490F88BB4288BF0B80072A84BF0023CE
:108730003370002626700028AED0082011F05EFAB3
:1087400040B12E4B43612E4B836103230374467467
:108750008674C6742B4900234FF4C25227F067FC7D
:108760009AE7CB1919010CEB03130CF801805A702E
:10877000DEF80000C3F80200BEF80410D9809A6049
:10878000DA600137B5E7DFF86C801B4FD8F800904E
:10879000B9F1000F16D00820B7F800A011F02EFA9A
:1087A00050B1194BC0F81CA0C0E90539042303746B
:1087B000002343748374C374124900234FF403529B
:1087C00027F035FC0023C8F800303B8025F00BFC77
:1087D000C6E900016CE700BF475A0020C817002017
:1087E000C017002078ECFFFFC4330020465A002059
:1087F000C8330020C0330020AC590020FB520300D6
:10880000485303004426030017530300485A00202E
:10881000A400001000B589B000220023CDE9062392
:1088200000230622CDE90323CDE901330093054956
:10883000054B06484FF4807222F0C0F809B05DF88D
:1088400004FB00BF806C002079860000D017002058
:10885000014814F08BBA00BFD0170020014B1868F4
:10886000FFF7F6BEC833002030B5174B1B685B8896
:108870009B0628D5154A034600F11004114653F80B
:10888000045B42F8045BA342F9D10378012B03D0C7
:10889000042B1CBF0023CB730D4C0E4A0023107811
:1088A0004B70237818440B280DDC084A0A4901EB69
:1088B000001102F1100052F8045B41F8045B82429F
:1088C000F9D10133237030BD34070020085B00204C
:1088D000475A0020465A0020485A00202DE9F84FF8
:1088E0004FF08043DFF81892D3F80074D3F80024D7
:1088F000C3F80024D9F800305C8814F002042ED0AC
:10890000022106200BF0C2FD0DF0A4F80546002858
:1089100040F0E0800DF040FA0446002866D126F0D1
:10892000DDF864200DF0B0F8FF25D9F800305B8841
:108930005B070ED526F0D4F8074626F0D3F8064696
:108940000CF008FE2DB924B91FB916B908B90DF0FD
:1089500075FA28460DF0C6FA0020BDE8F88F02210E
:1089600006200BF093FD0DF075F807F001070546A2
:10897000002840F0A780002FCCD0022107200BF068
:1089800085FD0DF009FA044690BB26F0A7F80124F6
:1089900080466423A3F16405EDB2002F00F0A280AD
:1089A000B8F1000F1ED10133DEB230460DF06CF885
:1089B000082011F023F950B14E4B80F81180C0E926
:1089C00005360323037480F8128080F813804A4927
:1089D00000234FF4C65227F02AFB4FF40040002139
:1089E00022F0A2FE64200DF04FF89EE70027C4E7B6
:1089F000012140200CF0FCFD29F04FF84FF47A786B
:108A0000A0FB080608FB0166C50B45EA46454FF08A
:108A1000000AF60B40F2E93B0DF0BEF948B329F02D
:108A20003CF84FF47A73A0FB030308FB0131C30B3E
:108A300043EA41435B1B4FEAD13161EB06015B45E1
:108A400071F1000139DB062011F0D8F848B12B4B49
:108A500043610223037480F811A080F812A080F80B
:108A600013A0254900234FF4865227F0E0FAFFF7C0
:108A7000C9FBD9F800305B885A0716D529F00DF8E4
:108A80004FF47A72A0FB020302FB0131C30B43EAED
:108A900041435B1B4FEAD13161EB0601322B71F18F
:108AA000000102DA002025F0DDFF002140200CF05B
:108AB0009FFD26F013F880466BE70021212022F06D
:108AC00033FEA9E726F00AF8C82D28BFC82580463E
:108AD000EBB25FE726F002F8C82D28BFC825643D39
:108AE000EDB2002464200CF0CFFF002D08BFFF255D
:108AF0001BE700BF6D5303007C260300F445030011
:108B000034070020F8B503780D4616462BB303460C
:108B10001A78202A184603F10103F9D0EAB1286037
:108B200001240027202129F034F8034638B103F846
:108B3000017B184613F8012B202AFAD022B9002312
:108B400045F824302046F8BD45F824000134A642FB
:108B5000E8D10348314626F049FD0024F2E700BF82
:108B60008253030008B528F098FF024BC3E90001C7
:108B7000002008BDB01800202DE97043114D124BA4
:108B80002868124C124E4FF48061D3E9008926F018
:108B9000E8FA2B681968B14208BFA0420CBF012453
:108BA000002406D04FF480622146184628F0E9FFE1
:108BB00006602B68C3E90289C3E908892046BDE83D
:108BC000708300BF38070020B01800201CDF44214C
:108BD0004457010DF8B528F060FF0C4D0246286897
:108BE000D0E90434D0E90276DB1B64EB06049B1861
:108BF00044EB0104C0E90434C0E902214FF47F7161
:108C000026F0AFFA2B68C3F8FC03F8BD3807002044
:108C1000D0ED007ADFED3B6AF4EEE67AF1EE10FA81
:108C200063DD9FED397AF4EEC77AF1EE10FA4CBFAE
:108C3000012300239FED357AF4EEC77AF1EE10FAA6
:108C400055D59FED336AF4EEC67AF1EE10FACCBF3B
:108C5000012200225200D0ED017AF4EEE67AF1EE24
:108C600010FA43EA020344DD9FED276AF4EEC67A68
:108C7000F1EE10FA4CBF012200229200F4EEC77A06
:108C8000F1EE10FA43EA020335D59FED216AF4EEC6
:108C9000C67AF1EE10FACCBF01220022D200D0ED4C
:108CA000027AF4EEE67AF1EE10FA43EA020324DDEA
:108CB000DFED156AF4EEE67AF1EE10FA4CBF012210
:108CC00000221201F4EEC77AF1EE10FA43EA020331
:108CD00015D59FED0F7AF4EEC77AF1EE10FACCBFFE
:108CE000012000204001184370470023A2E7002222
:108CF000B1E70022C2E70022D1E70022E2E700202C
:108D0000F1E700BF9A9999BFCDCC4CBF9A99993F92
:108D1000CDCC4C3F38B50C4B0C48002119700C4B96
:108D200019700C4B4FF4487200240025C3E900452C
:108D300028F027FF084900220023C1E90023074942
:108D4000C1E9002338BD00BF1A5B0020D8190020FC
:108D5000195B0020F81C0020D0190020C819002041
:108D600008B5082010F04AFF48B1094B4361094B90
:108D7000836103230374002343748374C37406491B
:108D800000234FF4C25227F052F94FF0FF3008BDD4
:108D9000A0530300E9580300DC25030010B5D1ED12
:108DA000007AD0ED006A91ED017A91ED026A76EEDB
:108DB000E76AD0ED017A77EEC77A90ED027A67EE36
:108DC000A77A46EEA67A144637EE467A47EE077A39
:108DD00017EE900AF7F740FC41EC100B24F0BAF8BC
:108DE00051EC100BF7F768FFDFED097A07EE100A78
:108DF000B4EEE77AF1EE10FA96BF206800206430F6
:108E00002060B0F5FA6FD4BF0020012010BD00BF74
:108E1000CDCC4C3D2DE9F041054625F013F9012854
:108E200071F1000135DB25F00DF910F5004441F139
:108E30000006DFF89880204FD8E90023C7E9002317
:108E4000D8E90013D7E90002884272EB030324D269
:108E500000220023C7E9002325F0F4F8A042B14125
:108E600023DB082010F0CAFE48B1144B4361144BB9
:108E7000836103230374002343748374C37411490F
:108E800000234FF4C25227F0D2F84FF0FF30BDE874
:108E9000F0814FF400440026CBE725F0D3F8A04240
:108EA000B141D5DA25F0DEF8CAE7074B93E80700B1
:108EB00085E807000020EAE7D8180020CA5303001D
:108EC00015590300DC250300E8330020E0180020DA
:108ED00010B504461B4B006861681B4A03C3A068B9
:108EE0001860D2E90031013341F10001C2E90031DB
:108EF000164AD2E90032134301D025F0B3F8144BDF
:108F00001B782BB120461349BDE8104025F04ABF1D
:108F1000114BD4ED007A93ED007A77EEC77AC4ED69
:108F2000007A93ED017AD4ED017A77EEC77AC4ED39
:108F3000017A93ED027AD4ED027A77EEC77AC4ED26
:108F4000027A10BDE8330020E0180020D818002075
:108F5000185B0020243400206C34002010B5044637
:108F6000174B00686168174A03C3A0681860D2E90C
:108F70000031013341F10001C2E90031124AD2E966
:108F80000032134301D025F06DF8104BD4ED007A78
:108F900093ED007A77EEC77AC4ED007A93ED017A0B
:108FA000D4ED017A77EEC77AC4ED017A93ED027AB7
:108FB000D4ED027A77EEC77AC4ED027A10BD00BF15
:108FC000DC330020D0180020C818002060340020B6
:108FD00010B504460D4B006861680D4A03C3A068D4
:108FE0001860D2E90031013341F10001C2E90031DA
:108FF000084AD2E90032134301D025F033F8204665
:109000000549BDE8104025F0CDBE00BFD03300209B
:10901000C0180020B8180020F4330020014B18704D
:10902000704700BF9B5B0020004870471B5B00201F
:1090300070B51E4B1E481C681E4D04F16D01802248
:1090400028F077FDD4F8F000D4F8F4101A4B03C3DD
:10905000D4F8F8001860D4F80011D4F8FC00174BCD
:1090600003C3D4F804011860D4F80C11D4F8080133
:10907000134B03C3D4F81001186004F5A27604F56D
:109080008A73186859682A4603C20833B3421546E2
:10909000F7D10C4D04F5BA74186859682A4603C212
:1090A0000833A3421546F7D170BD00BF3807002032
:1090B0001B5B0020F43300206C340020603400205F
:1090C00054340020243400201B4B70B5002814BFFA
:1090D00006461E46194B002914BF0D461D460024A6
:1090E00034607460B4602C606C60AC60FAB10620CF
:1090F00010F084FD30B1124B4361022303744474B9
:109100008474C4740F4C104900234FF4865226F027
:109110008EFF21680C233246F03103200CF0D0FC86
:1091200021680C232A46FC3104200CF0C9FCBDE860
:1091300070400AF0E9BB00BF6C34002060340020AE
:10914000EB53030038070020DC250300F0B5274B64
:10915000002814BF06461E46254B85B00024002972
:1091600014BF0F461F46B6EE000A01A93046CDE9EE
:1091700001441546039425F0DDFD20BB30462A4608
:109180003946FFF7A1FF062010F038FD28BB19492A
:1091900000234FF4845226F04AFF062010F02EFDE3
:1091A00038B1154B43610223037400234374837465
:1091B000C374104900234FF4845226F038FF4FF057
:1091C000FF3005B0F0BD9FED0D0A01A9384625F02E
:1091D000B1FD0028D2D02046F3E7094B43610223BA
:1091E0000374002343748374C374D0E76C34002089
:1091F00060340020DC2503002454030000004842B2
:109200000C540300174B70B5002814BF04461C46CD
:109210000D4630220021204628F0B3FC4FF07E534B
:10922000E360E361E362E5B1062010F0E7FC38B1EA
:109230000D4B436102230374002343748374C3748E
:109240000A4900234FF4865226F0F1FE084B1968B4
:1092500022463023BDE8704001F5A27107200CF0D2
:109260002FBC70BD24340020EB530300DC25030029
:109270003807002070B5304B2DED028B002814BF4D
:1092800005461D468AB0EB680493EB6905930024FC
:10929000EB6A039404A80E46CDE90144069325F039
:1092A00072FD01A9B0EE408A8DED070A8DED080A26
:1092B0008DED090A2846B6EE000A25F03BFD28BBD5
:1092C00028463146FFF79EFF062010F097FC48BB6A
:1092D0001A4900234FF4845226F0A9FE062010F00C
:1092E0008DFC38B1164B4361022303740023437491
:1092F0008374C374114900234FF4845226F097FEFF
:109300004FF0FF300AB0BDEC028B70BD9FED0D0A2F
:1093100007A928EE000A04A825F00CFD0028CFD0EC
:109320002046EFE7084B4361022303740023437494
:109330008374C374CCE700BF24340020DC25030011
:1093400024540300CDCCCC3D0C540300154B70B518
:10935000002814BF05461D460C4630220021284631
:1093600028F00FFCE4B1062010F048FC38B10E4B99
:10937000436102230374002343748374C3740B4951
:1093800000234FF4865226F052FE094B19682A46F4
:109390003023BDE8704001F58A7105200CF090BBC8
:1093A00070BD00BFF4330020EB530300DC25030045
:1093B0003807002070B5344B2DED028B002814BF08
:1093C00005461D468AB0EB680493EB6905930024BB
:1093D000EB6A039404A80E46CDE90144069325F0F8
:1093E000D2FC01A9B0EE408A8DED070A8DED080A86
:1093F0008DED090A2846B7EE000A25F09BFC28BB34
:1094000028463146FFF7A2FF062010F0F7FB90BB7D
:109410001E4900234FF4845226F009FE062010F066
:10942000EDFB38B11A4B43610223037400234374EC
:109430008374C374154900234FF4845226F0F7FD5A
:109440004FF0FF300AB0BDEC028B70BDDFED117A3A
:109450009FED110A28EE278A07A9B4EEC08AF1EE23
:1094600010FAC8BFB0EE480A04A825F063FC002833
:10947000C6D02046E6E7094B43610223037400236C
:1094800043748374C374C3E7F4330020DC25030002
:1094900065540300CDCC4C3ECDCCCC3D0C540300E8
:1094A0002DE9F04F2DED068B9BB000AFFFF7C0FD0F
:1094B000002101220846FFF749FE01210020FFF7A5
:1094C000D9FE01210020FFF775FFA44BDFF8C0A2F1
:1094D0001B68DB88C3F340138AF80030A04B1C687C
:1094E000012C54D0022C00F097849E4E96F9003047
:1094F000002B81F216810024C7E90B449A487C6353
:1095000007F12C0125F0C4FBB5EE400AF1EE10FA8C
:1095100040F0A28324F096FD012871F10001C0F211
:10952000F38624F08FFD10F5004541F10004DFF8CB
:109530006492DFF86482D9E90023C8E90023D9E9FD
:109540000013D8E90002884272EB030380F0E08642
:1095500000220023C8E9002324F074FDA842A141A1
:10956000C0F2F886082010F049FB48B17F4B4361F8
:109570007F4B836103230374002343748374C37498
:109580007C4900234FF4C25226F051FD64E32020B1
:1095900021460CF02DF8062010F030FB38B1764B48
:1095A000436102230374002343748374C3747149B9
:1095B00000234FF4865226F03AFD062010F01EFBE1
:1095C00038B16E4B436102230374002343748374E8
:1095D000C37400234FF48652664926F028FD032108
:1095E00004200AF053FF4FF40042002307F1380033
:1095F000FFF710FC0646002840F0A9800C20D7F8A1
:109600003890D7F83C803D6C10F0F8FA0446A8B1C9
:109610005B4B43614846F7F71FF8C4E90601404633
:10962000F7F71AF8C4E908012846F7F715F8C4E96E
:109630000A01082323746674A674E6744D49DFF8A2
:1096400034B19FED508A002344F2C002204626F038
:10965000EEFC4FF000084FF4FA7007F12C0524F0EF
:1096600004FD4FF4004200232846FFF7D3FB814658
:1096700000286CD1D7ED0B7AC7ED037AD7ED0C7AC1
:10968000C7ED027AD7ED0D7A0C20C7ED017A10F004
:10969000B5FA0446C0B13A4B4361F868F6F7DCFF0F
:1096A000C4E90601B868F6F7D7FFC4E9080178688D
:1096B000F6F7D2FFC4E90A010822227484F8119057
:1096C00084F8129084F8139059462046002344F2FF
:1096D000C00226F0ACFCB0EE480A07F1380128467B
:1096E00025F028FBC0B3062010F088FA38B1264BCD
:1096F000436102230374002343748374C3740023FF
:109700004FF48652594626F092FCB8F1000F45D12D
:109710004FF0010895E8070007F1380383E80700D8
:10972000013608F106039E4295DB062010F066FA2A
:1097300038B1164B436102230374002343748374CE
:10974000C37400234FF486520A4926F070FC0321AB
:1097500001200AF09BFE79E28046DBE73407002017
:10976000CC3300201A5B0020F43300204058030063
:10977000D9580300DC250300C4540300025503003C
:1097800026550300CDCCCC3D44550300575503006E
:10979000185B0020C0180020B81800200321022008
:1097A0000AF074FE4FF4FA7024F05FFCA54B1B78AE
:1097B000012B6CD1062010F021FA38B1A24B436185
:1097C00002230374002343748374C3749F490023EA
:1097D0004FF4865226F02BFC09F036FF062010F0DD
:1097E0000DFA38B19A4B436102230374002343748A
:1097F0008374C374954900234FF4865226F017FCF6
:10980000944801F0A1FE0446062010F0F7F938B1A3
:10981000914B436102230374002343748374C37424
:109820008A4900234FF4865226F001FC0AF02CF8F6
:10983000062074B110F0E2F938B1884B436102237D
:109840000374002343748374C37400234FF484525D
:109850007AE710F0D3F930B1814B436102230374EE
:1098600044748474C474794900234FF4865226F0FA
:10987000DEFB7C4B774A19681F2080236D310CF08A
:109880001FF90AF041F84FF4FA7024F0EEFB0620BD
:1098900010F0B4F938B1744B436102230374002310
:1098A00043748374C374002368494FF4865207F1EC
:1098B000200B26F0BCFB0022594607F11400FFF7ED
:1098C00003FC4FF40042002307F13800FFF7A2FA2F
:1098D0000446002840F03F8124F0B6FBC7E902109F
:1098E0009FED628A24F0B0FBFB68C01ABB6861EB95
:1098F000030140F6B833984271F10001C0F2C08014
:10990000082010F07BF940B1594BC0E9053403231E
:109910000374002343748374C3744C4900234FF4CD
:10992000C65226F084FB07EE904A9AF80090F8EEB3
:10993000E77AB9F1000F1FD197ED057AD7ED075AF5
:109940009FED4C5A87EE276A97ED067A87ED056AF8
:10995000C7EE276A85EEA77AB4EEC56AF1EE10FA73
:10996000C7ED066A87ED077A40F3A781B7EE007A64
:1099700036EE476A87ED056AD7ED086A86EEA77A64
:10998000D7ED096A87ED087A86EEA77AD7ED0A6ADD
:1099900087ED097A86EEA77A87ED0A7AB9F1000F8A
:1099A00028D10C20D7F81480BE69FD6910F026F983
:1099B0000446C0B1304B43614046F6F74DFEC4E962
:1099C00006013046F6F748FEC4E908012846F6F7D6
:1099D00043FEC4E90A010823237484F8119084F833
:1099E000129084F813901949002344F2C0022046D3
:1099F00026F01DFB0C20D7F820807E6ABD6A10F08F
:109A0000FDF80446B0B11D4B43614046F6F724FE15
:109A1000C4E906013046F6F71FFEC4E908012846EE
:109A2000F6F71AFE0823C4E90A01237400236374BD
:109A3000A374E3740549002344F2C002204626F0D3
:109A4000F6FA8AE09B5B002067550300DC250300E3
:109A5000805503001B5B0020A4550300BB55030089
:109A6000EF5503003807002011560300CDCCCC3D44
:109A70003B5603006666663F475603006A5603007E
:109A80004FF4004200232846FFF7C4F9002862D1B2
:109A9000B0EE480A07F13801284625F04BF90028B6
:109AA00000F03E819AF80030BBB9D7ED057A97ED0A
:109AB0000B7A77EE877A97ED0C7AC7ED057AD7EDBA
:109AC000067A77EE877A97ED0D7AC7ED067AD7EDAD
:109AD000077A77EE877AC7ED077A24F0B3FA012880
:109AE00071F10001C0F2BB8024F0ACFA10F5004621
:109AF00041F10008DFF81C93B549D9E90023C1E919
:109B00000023B34AD9E90013D2E90002884272EB7C
:109B1000030380F0A980AE4900220023C1E900239D
:109B200024F090FAB04271EB0801C0F2A78008203F
:109B300010F064F848B1A74B4361A74B836103233E
:109B40000374002343748374C37400234FF4C2521C
:109B5000A24926F06CFAA24B7B610022594607F11C
:109B60001400FFF7F3FA9F4D0446002800F0EE8042
:109B7000012003210AF08AFC062010F03FF838B1DA
:109B8000994B436102230374002343748374C374A9
:109B9000924900234FF4865226F049FA9AF8006061
:109BA00046BB924B0C20D3F80090D3F80480D3F836
:109BB00008A010F023F80446A8B18D4B4361484635
:109BC000F6F74AFDC4E906014046F6F745FDC4E94B
:109BD00008015046F6F740FDC4E90A010823237442
:109BE0006674A674E6747D49002344F2C0022046E0
:109BF00026F01DFA0C20D5F800806E68AD680FF0D5
:109C0000FDFF0446B0B17B4B43614046F6F724FDAF
:109C1000C4E906013046F6F71FFDC4E908012846ED
:109C2000F6F71AFD0823C4E90A01237400236374BC
:109C3000A374E374694944F2C0022046002326F06D
:109C4000F6F9002101220846FFF780FA6A4B00214D
:109C5000202019600BF0CCFC052000F068BD4FF40B
:109C600000464FF0000845E724F0ECF9B04271EBF4
:109C70000801BFF650AF24F0F5F942E75F4BD7ED8E
:109C8000087A93E8070085E8070097ED0B7A77EEEE
:109C9000877A97ED0C7AC7ED087AD7ED097A77EED7
:109CA000877A97ED0D7AC7ED097AD7ED0A7A77EEC4
:109CB000877A0134C7ED0A7A14E6DFED515AB4EE23
:109CC000E56AF1EE10FA04D5B7EE007A36EE076ACF
:109CD00050E6F4EEC56AF1EE10FA06DDB7EE007A52
:109CE00076EEC76AC7ED066A46E6F4EEE56AF1EE7F
:109CF00010FA04D5B7EE007A76EE876AF2E7B4EE92
:109D0000C57AF1EE10FA06DDF7EE006A37EE667AF4
:109D100087ED077A30E6B4EEE57AF1EE10FA07D473
:109D200006200FF06BFF40B900234FF486520FE777
:109D3000F7EE006A37EE267AEAE7324B43610223F8
:109D40000374002343748374C374EDE706200FF09B
:109D500055FF30B12C4B4361022303744474847467
:109D6000C4741E49214C00234FF4865226F05FF93B
:109D700007F1140393E8070084E807009BE8070055
:109D800085E80700214D09F0BFFD29680C23224614
:109D9000F03103200BF094FE2968124A0C23FC31A9
:109DA00004200BF08DFE06200FF028FF38B1184B71
:109DB000436102230374002343748374C37407490B
:109DC00000234FF4865226F032F903210A20C0E422
:109DD000C81800201E56030004590300DC250300A8
:109DE0000000C07F60340020895603006C340020DE
:109DF000475603006A560300CC330020DC330020B2
:109E0000666666BF57550300A85603003807002052
:109E1000BD560300D0180020202001210BF0E8FBE4
:109E20009AF800500620002D00F05E820FF0E6FE4A
:109E300030B1C24B43610023047443748374C37410
:109E4000BF4900234FF4865226F0F1F806200FF0A8
:109E5000D5FE38B1BB4B4361022303740023437426
:109E60008374C37400234FF48652B549DFF81CA3F2
:109E700026F0DDF80024002107F13800FFF7C2F9D1
:109E8000C7E90B447C637C61FEF744FFAE4825F0D4
:109E9000ADFB032104200AF0F9FAAC48DFF8F09298
:109EA000AB4E25F0A3FB4FF40042002307F1200046
:109EB000FEF7B0FF0546002873D0FEF72BFFA54B39
:109EC000BB63002107F13800FFF7D4F904460028EE
:109ED00000F0E381012003210AF0D8FA06200FF0F8
:109EE0008DFE38B19C4B43610223037400234374FD
:109EF0008374C374924900234FF4865226F097F876
:109F000006200FF07BFE38B1944B436102230374AB
:109F1000002343748374C3748949914D00234FF423
:109F2000865226F084F803264FF0000855F804BB4B
:109F3000D5ED087AD5F808A0D5F81490C7ED037AC6
:109F40000E200FF05BFE0446E8B1864B4361584695
:109F5000F6F782FBC4E906015046F6F77DFBC4E93B
:109F600008014846F6F778FBC4E90A01F868F6F7F5
:109F700073FBC4E90C010A23237484F8118084F86C
:109F8000128084F813806E49002345F2C0022046F7
:109F900026F04DF8013EC9D101213046FFF76AF99C
:109FA00054E607F1140207F12C0107F12000FEF737
:109FB000F5FE3B6AFB627B6A3B63BB6A7B63804660
:109FC00007F12000FEF724FE9AF8001041EA000B8A
:109FD0005FFA8BFB594580F0A28099F800305B4511
:109FE00040F09D80FB6024F02FF8D6E900329842C3
:109FF0009141C0F29E80B8F1010FFB6840F099805A
:10A0000059488AF80030214625F0F0FA0321022051
:10A010000AF03CFA642024F028F824F015F89FEDAB
:10A0200053AA064688465FFA85F9642303FB09F9BB
:10A0300024F00AF8801B61EB0801B0F57A7F71F11A
:10A040000001C0F2A780032109200AF01FFA484846
:10A0500025F0CCFA21464748013425F0C7FA062CF2
:10A0600040F0D880444825F0C1FA09F0E3FA434BA8
:10A07000434993ED001B434B07F1380093ED000B70
:10A0800007F0A8FAFEF746FE3F4825F0AFFA204653
:10A090000FF0B4FD002840F0F780294900234FF469
:10A0A000865225F0C4FF07F1380503264FF000085B
:10A0B00055F804BBD5ED087AD5F808A0D5F814906A
:10A0C000C7ED037A0E200FF099FD0446E8B1254B49
:10A0D00043615846F6F7C0FAC4E906015046F6F760
:10A0E000BBFAC4E908014846F6F7B6FAC4E90A0122
:10A0F000F868F6F7B1FAC4E90C010A23237484F86E
:10A10000118084F8128084F813800D49002345F2F1
:10A11000C002204625F08BFF013EC9D1D1E623F0D5
:10A1200093FF10F57A7041F10001C6E9000189F84A
:10A1300000B0642023F099FFB5E600BFD2560300BB
:10A14000DC25030002550300FF56030024570300DB
:10A15000F81C00200000C07F89560300F757030059
:10A16000243400200D58030044570300CDCCCC3DCF
:10A170008157030093570300C3570300C8190020F9
:10A18000D8190020D0190020DD5703001A5B0020E9
:10A19000195B00204FF40042002307F12000FEF776
:10A1A00039FE00287FF489AEB0EE4A0A07F12C018F
:10A1B00007F1200024F0BEFD834600284DD0B86A88
:10A1C000F6F74AFA41EC190B786AF6F745FA41ECD2
:10A1D000180B386AF6F740FAB0EE492AF0EE692A11
:10A1E000B0EE481AF0EE681A41EC100B4D4A4E4999
:10A1F0004E4807F063F923F027FF801B61EB08014D
:10A20000484571F10001FFF613AF494825F0EEF91A
:10A21000013508E74748214625F0E8F9642023F096
:10A2200024FF4FF40042002307F12000FEF7F2FD67
:10A2300000287FF442AE07F1140207F12C0107F168
:10A240002000FEF7ABFD3B6AFB627B6A3B63BB6AA7
:10A250007B630028E2D178611BE6FEF75BFD0620F8
:10A260000FF0CCFC48B1344A42610222027480F8FB
:10A2700011B080F812B080F813B0304900234FF4C9
:10A28000865225F0D4FE1AE62D4B43610223037457
:10A29000002343748374C374FFE606200FF0AEFC02
:10A2A00030B1284B43610223037444748474C47432
:10A2B0002249254D00234FF4865207F1380425F03A
:10A2C000B6FE0FCC0FC50FCC0FC594E80F0085E884
:10A2D0000F0009F019FB1D4B1968A5F1200230236E
:10A2E00001F5A27107205CE50FF088FC28B1184B3E
:10A2F0004361047445748574C574104900234FF498
:10A30000845225F094FEA1E44FF40045FFF70FB905
:10A3100023F098FEA842A141BFF61AA923F0A2FE9D
:10A32000FFF70DB9C8190020D0190020D819002056
:10A330007F570300A157030057550300DC25030096
:10A34000F7570300A85603002434002038070020E4
:10A3500021580300BB4CDFF84093A068DFF83C8332
:10A36000F6F77AF941EC190B6068F6F775F941ECEC
:10A37000180B2068F6F770F9B0EE492AF0EE692A5A
:10A38000B0EE481AF0EE681A41EC100BAE4AAF4935
:10A39000AF4807F093F8AF483178FEF739FC41EA4F
:10A3A0000005EDB2A94280F0428199F80040AC422C
:10A3B00040F03D8123F048FED8E9002382428B41E2
:10A3C0004DDAA54AA54BA648A649347014F0010FF2
:10A3D00018BF9046A44A08BF984614F0020F18BF51
:10A3E0009646A24A08BF9E4614F0040F14BF944636
:10A3F0009C4614F0080F08BF184614F0100F08BF51
:10A4000019466D4614F0200F90B0994A08BF1A46BD
:10A410006B46C3E909019749B96301F10231F96358
:10A4200001F10231DA62396407F1380207CA924C4D
:10A43000C3E9054803F13004C3E907EC84E80700E9
:10A440001A468E4B42F8103F8D4845F6C001002356
:10A450000FF0B4FD0321AD4609200AF017F8337858
:10A46000BF2B03D1032105200AF010F83378FF2B0E
:10A4700040F05C8106200FF0C1FB38B1814B436195
:10A4800002230374002343748374C3744FF486520D
:10A490007B49002325F0CBFD09F0CCF86A4B6C49D1
:10A4A00093ED001B694B07F1380093ED000B07F0AB
:10A4B00091F8FEF72FFC06200FF0A0FB38B1724B8D
:10A4C000436102230374002343748374C3746C498F
:10A4D00000234FF4865225F0AAFD07F13806032524
:10A4E0004FF0000856F804BBD6ED087AD6F808A05D
:10A4F000D6F81490C7ED037A0E200FF07FFB0446C8
:10A50000E8B1624B43615846F6F7A6F8C4E9060184
:10A510005046F6F7A1F8C4E908014846F6F79CF85A
:10A52000C4E90A01F868F6F797F8C4E90C010A23B0
:10A53000237484F8118084F8128084F813805049C1
:10A54000002345F2C002204625F071FD013DC9D12E
:10A55000294607F13800FEF72DFF002800F0A08003
:10A560000120032109F092FF06200FF047FB30B1D4
:10A57000474B43610223037445748574C574404995
:10A5800000234FF4865225F052FD06200FF036FBD3
:10A5900038B13D4B43610223037400234374837439
:10A5A000C37437493B4D00234FF4865225F03FFDDD
:10A5B00003264FF0000855F804BBD5ED087AD5F80E
:10A5C00008A0D5F81490C7ED037A0E200FF016FB03
:10A5D0000446E8B12D4B43615846F6F73DF8C4E90F
:10A5E00006015046F6F738F8C4E908014846F6F780
:10A5F00033F8C4E90A01F868F6F72EF8C4E90C014B
:10A600000A23237484F8118084F8128084F813805C
:10A610001B49002345F2C002204625F008FD013EFB
:10A62000C9D101213046FEF7C5FEFFF715BB23F067
:10A630000BFD10F57A7041F10001C8E9000189F8BD
:10A6400000500CE7D0330020C8190020D01900209A
:10A65000D8190020E8330020AF540300B25403009F
:10A66000BB540300BE540300B5540300B8540300A8
:10A67000C1540300000201036058030008000006F3
:10A68000DC25030095580300C45803000D5803004F
:10A6900089560300F4330020195B0020F81C0020C9
:10A6A00006200FF0ABFA30B1234B43610223037451
:10A6B00045748574C5742149214D00234FF4865299
:10A6C00007F1380425F0B3FC0FCC0FC50FCC0FC534
:10A6D00094E80F0085E80F001A4B19680520302315
:10A6E000A5F1200201F58A710BF0EAF906200FF0BE
:10A6F00085FA38B1144B4361022303740023437479
:10A700008374C3740D4900234FF4865225F08FFCE7
:10A7100003210A2009F0BAFE0C4820F019FBFEF7CD
:10A72000D4BE002CF8D0032C7FF496AA642023F02A
:10A730009CFCFEF7CABE00BFA8560300DC25030040
:10A74000F433002038070020BD560300E81800202D
:10A7500008B5074B1A683AB1FEF702FB38B905484D
:10A76000BDE8084020F0E0BD01221A60F7E708BD0F
:10A77000CC330020E818002008B5074B1A683AB11E
:10A78000FEF7EEFA38B90548BDE8084020F0CCBD28
:10A7900002221A60F7E708BDCC330020E818002039
:10A7A000054A117841F08003BF2B08BF41F0C00378
:10A7B0001370024820F0B8BD1A5B0020E818002092
:10A7C00010B5104C20460BF059FE0F4B63610F4B38
:10A7D00023610F4BE3600F4BA3610F4B23620F4BC1
:10A7E000E3610F4BA3620F4B63620F4B23630F4B6D
:10A7F000E3620F4B23600F4B636040F20113238130
:10A8000010BD00BF683600200000A04050940843EF
:10A81000850B4E40B96EB23E1B49823D0536E73B83
:10A82000FCA88E3FEF8F25409F94B53FA018B33F03
:10A83000C2D08A400000204108B52DED048BB0EE57
:10A84000408AF0EE608AB0EE419AFFF7B9FFB0EEB1
:10A85000491AF0EE680AB0EE480ABDEC048B034AD0
:10A8600003490448BDE808400CF0E6BE84340020EB
:10A87000FC3400206836002010B50446FFF7A0FF26
:10A8800021464FF4B672054827F053F904F5B67126
:10A890000348BDE81040782227F04BB9FC34002073
:10A8A0008434002010B5074904464FF4B67227F0EF
:10A8B00040F904F5B6700449BDE81040782227F04D
:10A8C00038B900BFFC340020843400201FB59FED50
:10A8D0000E7AD0ED007A0D4A0D4967EE877A01AB0A
:10A8E000CDED017AD0ED017A67EE877ACDED027A6F
:10A8F000D0ED027A074867EE877ACDED037A0BF048
:10A9000001FE05B05DF804FB35FA8E3C843400206E
:10A91000FC340020683600201FB59FED186AD0ED8A
:10A92000006A90ED017AD0ED027A66EE866A27EE33
:10A93000067A67EE867AF5EE406AF1EE10FACDED12
:10A94000016A8DED027ACDED037A01AB09D1B5EE46
:10A95000407AF1EE10FA04D1F5EE407AF1EE10FAF9
:10A9600004D093E80700064C84E80700054A06492E
:10A9700006480BF085FE04B010BD00BF0AE81C417C
:10A980007834002084340020FC3400206836002015
:10A990000346024A024903480CF076BA8434002088
:10A9A000FC340020683600200246024902480CF0C0
:10A9B00081BC00BF84340020FC3400200146BFEE7F
:10A9C000000A01480CF0D8BCFC34002001460148C4
:10A9D0000CF036BCFC34002010B5102288B00446C0
:10A9E00000210DEB020027F0CCF804A8FFF7EEFFE2
:10A9F0009DED046ADDED065ADDED076ADDED057AB1
:10AA0000164A26EE257A17EEA67A01AB204667EEA7
:10AA1000867A46EEA57A04F10C0137EE077A77EED6
:10AA2000A77A8DED017ACDED027AF6EE007A56EE38
:10AA3000067A46EEA67A9FED0A7A77EEA77ACDEDF2
:10AA4000037AF2EC017AF3EC016A46EEC77AE0ECA5
:10AA5000017A8842F5D108B010BD00BF78340020DB
:10AA60000AE81C41B5EEC00AF1EE10FA30B5F5EE79
:10AA7000C00A64D4F2EE007AF1EE10FAB4EEE70AFE
:10AA800048BFDFED320AF1EE10FA41D8F1EE007A5C
:10AA9000B4EEE70AF1EE10FA3CD8F0EE007AB4EE2C
:10AAA000E70AF1EE10FA37D8B5EEC00AF1EE10FA67
:10AAB0000CD90423264A013BD45C264A1470264A4A
:10AAC00032F8133000EE103AB8EE400A234A012360
:10AAD000144632F8025F07EE905AF8EEE77AF4EE89
:10AAE000E07AF1EE10FA1EDB0133062BF1D1DFED37
:10AAF0001C7A1C4B80ED000A20EE277A60EEA77AC4
:10AB000083ED007A184BC1ED000AC3ED007A30BD29
:10AB10000123CFE70223CDE70323CBE7DFED0B0AC9
:10AB2000B0EE600AD2E7114A013BD55C34F813302D
:10AB30000F4A00EE903A1570F8EE600AD7E7F1EE92
:10AB400010FAEBD49FED010AC0E700BF000000003F
:10AB5000255B0300BD0C0020284003001C400300BF
:10AB600000000038400700203C070020205B030065
:10AB70009C5B00202DE9F041B5EEC00AF1EE10FA21
:10AB80002DED028B8046F0EE408AB0EE608A0F46D3
:10AB90007CD9DFED567AB4EE670AF1EE10FA75D083
:10ABA0009FED537A534A60EE077A0123FDEEE77A70
:10ABB000104632F8021F00295CD017EE904AA142DD
:10ABC00058DC01330D2BF4D10025B5EEC08AF1EE2F
:10ABD00010FA6BD9DFED457AB4EE678AF1EE10FA20
:10ABE00064D09FED457A454A68EE077A0123FDEE71
:10ABF000E77A104632F8021F00294BD017EE904A30
:10AC0000A14247DC0133092BF4D100243C4A1378DC
:10AC1000AB423C4B02D11978A14265D015701C7033
:10AC2000002D47D1002C5BD12646082222437D21EE
:10AC3000002023F05DFB304313D008200EF0DEFF30
:10AC400048B1314B4361314B8361032303740023CB
:10AC500043748374C3742E4900234FF4C25225F009
:10AC6000E6F9C8ED008A002087ED008ABDEC028B72
:10AC7000BDE8F081013B274AD55C30F8133007EE80
:10AC8000903AF8EEE77AC7EE878A9EE7DFED228AF0
:10AC900000259AE7013B214AD45C30F8133007EED7
:10ACA000903AF8EEE77A87EE878AAFE79FED1A8A47
:10ACB0000024ABE745F0A0024021002023F018FB60
:10ACC00006467CB144F0E0024221002023F010FB54
:10ACD000002D46EA00060CBF08220C220224A5E73C
:10ACE0002E46EFE70C22A1E70120BFE70000807F9E
:10ACF0000000C8440240030000004845F03F030044
:10AD0000BC0C0020BB0C002049590300A65A0300CC
:10AD10005C250300145B0300000000000C5B0300D3
:10AD200013B500EB4000800080B28DF80400C0F342
:10AD3000042002238DF8050001AA4621002004F01A
:10AD40009BF8002204465621104623F0D1FA0C222B
:10AD500004435321002023F0CBFA0222044358215C
:10AD6000002023F0C5FA044313D008200EF046FF5C
:10AD700048B1094B4361094B8361032303740023EA
:10AD800043748374C374064900234FF4C25225F000
:10AD90004EF9332002B010BD495903005E5A03003A
:10ADA0005C25030030B587B00446062301AA0C21B8
:10ADB000002004F04BF898B108200EF01FFF48B1B6
:10ADC000194B4361194B83610323037400234374BC
:10ADD0008374C374164900234FF4C25225F027F937
:10ADE000144B93ED007A01AA03A80021557812F8BC
:10ADF000023B43EA05231BB207EE903AF8EEE77AEE
:10AE0000013167EE877A0329E0EC017AEED1039BEA
:10AE1000DDED047A6360059BA360F1EE677AC4ED13
:10AE2000007A07B030BD00BF49590300895A0300BA
:10AE30005C2503004007002030B587B00446062398
:10AE400001AA1221002004F001F898B108200EF0A8
:10AE5000D5FE48B11D4B43611D4B83610323037431
:10AE6000002343748374C3741A4900234FF4C252FD
:10AE700025F0DDF8184B93ED007A01AA03A8002114
:10AE8000557812F8023B43EA05231BB207EE903ACD
:10AE9000F8EEE77A013167EE877A0329E0EC017A70
:10AEA000EED10E4BDDED056A93ED007ADDED037A10
:10AEB000C4ED026A46EEC77A9DED047AC4ED017ACC
:10AEC000B1EE477A84ED007A07B030BD49590300EE
:10AED0007B5A03005C2503003C070020C436002099
:10AEE0002DE9FF47002589460223074603AA2421AE
:10AEF0002846ADF80C5003F0A9FF9DF80D309DF8E1
:10AF00000C401B0203F47C5344EA030A4FF00C0884
:10AF1000B9FBF8F8C2450646544614D908200EF08D
:10AF20006DFE48B11A4B4361AAEB0803836103230A
:10AF3000037445748574C574164900234FF4C452D4
:10AF400025F075F8444604EB44030C229B00009264
:10AF50009BB23A462621002004F010F8304313D06B
:10AF600008200EF04BFE48B10B4B43610B4B836145
:10AF700003230374002343748374C37405490023BB
:10AF80004FF4C25225F053F8204604B0BDE8F087D4
:10AF9000615903005C25030049590300985A0300D6
:10AFA0002DE9F04F00EB40008400A4B201EB04094E
:10AFB00089B0884617463649022248461E4626F082
:10AFC000A8FD002862D0334BD3ED006A324B611CE0
:10AFD00093ED007A01914A460DF1080E0DF1140C23
:10AFE0000023A01D04F1070B111B013311F80BA066
:10AFF0000D5C45EA0A252DB207EE905A019DF8EE48
:10B00000E77A4D5D12F8021B67EEA67A41EA052148
:10B0100009B2EEEC017A07EE901AF8EEE77A032B0C
:10B0200067EE877AECEC017ADED11C4906224044B7
:10B0300026F06FFD044650B1DDED037A029B7B6084
:10B04000F1EE677A049BC7ED007ABB6001241449D6
:10B050000622484626F05DFDA0B1124BDDED076AE1
:10B0600093ED007ADDED057AC6ED026A46EEC77A09
:10B0700044F002049DED067AC6ED017AB1EE477AFE
:10B0800086ED007A204609B0BDE8F08F1024F9E77C
:10B09000035B0300400700203C070020FD5A03002B
:10B0A000F75A0300C436002008B508200EF0A6FDAC
:10B0B00048B1094B4361094B8361032303740023A7
:10B0C00043748374C374064900234FF4C25224F0BE
:10B0D000AEFF4FF0FF3008BD495903006D5A030021
:10B0E0005C25030013B500222B4B01937C211046F5
:10B0F00023F0FEF804464FF4E17023F026F809220D
:10B100004021002023F0F4F8042204437D21002094
:10B1100023F0EEF8012204432F21002023F0E8F869
:10B1200004230DEB030204433C21002003F0A4FEA2
:10B13000002204435821104623F0DAF80C22532150
:10B140000443002023F0D4F80443372022F0FFFF0B
:10B1500040225621002023F0CBF8012204437C2119
:10B16000002023F0C5F8044313D008200EF046FD5C
:10B1700048B10A4B43610A4B8361032303740023E4
:10B1800043748374C374074900234FF4C25224F0FC
:10B190004EFF332002B010BD00E040B84959030013
:10B1A000505A03005C250300154AFF2310B51370A5
:10B1B000144A137000227D21104623F099F80122D1
:10B1C00004467C21002023F093F8044313D0082088
:10B1D0000EF014FD48B10C4B43610C4B836103230B
:10B1E0000374002343748374C374094900234FF428
:10B1F000C25224F01CFFBDE81040012022F0A7BF7E
:10B20000BC0C0020BB0C002049590300B55A0300B8
:10B210005C2503002DE9F74321210DF103020020F5
:10B2200003F06EFE9DF8033003F00703012B054683
:10B2300000F0848008200EF0E1FC48B15E4B4361D1
:10B240005E4B836103230374002343748374C374CC
:10B2500000235B49DFF87C914FF4C85224F0E7FEED
:10B26000B6227E21002023F043F80446022022F07B
:10B270006EFF00227C21104623F03AF80443254358
:10B280004FF4E170002422F060FF2246592120464D
:10B29000ADF8044023F02CF82746804663118DF862
:10B2A000053001AA02235B2100208DF8047003F011
:10B2B000E3FD09EB0402064640235E21002003F073
:10B2C000DBFD40340643B4F5005F48EA0608E5D1EB
:10B2D00001225921002023F00BF858EA000012D077
:10B2E00008200EF08BFC40B1364B4361364B836136
:10B2F0000323037447748774C774314900234FF4E0
:10B30000C25224F094FE66249DF8033003F0070334
:10B31000012B16D108200EF071FC48B12B4B436174
:10B32000264B836103230374002343748374C37423
:10B33000234900234FF4C85224F079FE35BB002086
:10B3400016E0013C17D108200EF058FC40B1204B0C
:10B3500043611A4B83610323037444748474C4747B
:10B36000174900234FF4C25224F061FE4FF0FF3022
:10B3700003B0BDE8F083012022F0E9FE0DF10302E5
:10B380002121002003F0BCFD0543BDE708200EF09D
:10B3900035FC48B10B4B4361084B836103230374B5
:10B3A000002343748374C374054900234FF4C252CD
:10B3B00024F03DFEC3E700BF94590300E45A0300A4
:10B3C0005C25030049590300D15A0300E2590300E8
:10B3D000C4590300295B03002DE9F0432DED048BD4
:10B3E000012283B005460E4600204C49F0EE608AEB
:10B3F000B0EE419A03F008FD00227C21104622F0B5
:10B4000077FF07464FF4E17022F09FFEFFF702FF3F
:10B41000044600287FD102462F2122F069FF0DF15A
:10B42000070281463C21204603F06AFD9DF8073063
:10B430005B00DBB2804643F346008DF80730F5F73A
:10B44000F9F8374B0022F5F75FF9F5F735FC59EAC3
:10B45000080808EE100A12D008200EF0CFFB40B109
:10B46000304B4361304B8361032303744474847411
:10B47000C4742E4900234FF4C25224F0D8FDBDEE0F
:10B48000C88A2B4B2B4AB8EEC88A412183ED008A2B
:10B49000FF231370284A1370284B00201A7822F0DB
:10B4A00027FF274B04461A784321002022F020FF73
:10B4B000F0EE490AB0EE680A044331462846FFF729
:10B4C00059FB3C43002204434821104622F010FF60
:10B4D000C02204434921002022F00AFF044313D074
:10B4E00008200EF08BFB48B10E4B4361154B836176
:10B4F00003230374002343748374C3740B49002330
:10B500004FF4C25224F093FD04EAE47003B0BDECA2
:10B51000048BBDE8F0834FF0FF30F7E7809698008A
:10B520000000603F49590300C25A03005C25030034
:10B53000C4360020BC0C0020BB0C0020BD0C002039
:10B540009C5B0020EE5A03002DE9F04FDFF87CB23F
:10B55000DFF87CA29BF800809AF8007085B04FF469
:10B560008073B6227E2104460020ADF80C3022F014
:10B57000BFFE8146022022F0EAFD00210DF10B0200
:10B58000084603F0BDFC0646C82022F0DEFD00227E
:10B590007C21104622F0ACFE00904FF4E17022F0C6
:10B5A000D4FDFFF737FE0546002840F0FE808022DC
:10B5B000772122F09DFE009B46EA09061E430422E5
:10B5C0007D210643284622F093FE0643022022F006
:10B5D000BEFD04226921284622F08AFE012206438C
:10B5E0002F21284622F084FE0223064303AA32219B
:10B5F000284603F041FC022206437E21284622F021
:10B6000077FE0643C82022F0A2FD0DF10A0269214F
:10B61000002003F075FC9DF80A30042B46EA000672
:10B62000F0D000222F21104622F062FE0DF10A0216
:10B6300005463821002003F063FC054335439DF89F
:10B640000A60002E4ED008200EF0D8FA40B1584BB8
:10B65000C0E9053603230374002343748374C37461
:10B66000002354494FF4C65224F0E1FC9DF80A30FF
:10B67000032B11D106200EF0C1FA38B14E4B4361B5
:10B6800002230374002343748374C3744949002361
:10B690004FF4865224F0CBFC00232370B6227E2187
:10B6A000002022F025FE0543022022F050FD00215B
:10B6B00008460DF10B0203F023FC0543C82022F0DD
:10B6C00044FD9FED3E1A00210846F0EE410AB0EE1F
:10B6D000410AFFF781FEB8F1000F28D17FBB082394
:10B6E0003A463AE00323621C7821304603F0AEFB71
:10B6F0006278A37894F80390019205430A2000939E
:10B700000EF07CFA58B1009B2D49019A4161C0E9C5
:10B71000073905238261037446748674C674002356
:10B7200024494FF4235224F082FC0123B5E748F06A
:10B73000A0024021002022F0DBFD05439FB347F02B
:10B74000E0024221002022F0D3FDB8F1000F45EACB
:10B7500000050CBF08230C2302221A437D21002080
:10B7600022F0C6FD28438BF800808AF8007013D0C1
:10B7700008200EF043FA48B1124B4361124B83612B
:10B7800003230374002343748374C374094900239F
:10B790004FF4C25224F04BFC2078B0FA80F04009FC
:10B7A00005B0BDE8F08F0C239AE74FF0FF30F7E7C4
:10B7B000F75903005C250300105A03000000000045
:10B7C0002B5A030049590300485A0300BC0C0020BF
:10B7D000BB0C00204FF083430360014B0B607047AC
:10B7E0000000FA4413B5062304466A461F210020D0
:10B7F00003F02CFB98B108200EF000FA48B1144B6E
:10B800004361144B836103230374002343748374E3
:10B81000C374114900234FF4C25224F008FC9FED79
:10B820000F7A6A46204604F10C011478537843EAF3
:10B8300004231BB207EE903AF8EEE77A023267EE85
:10B84000877AE0EC017A8142EFD102B010BD00BFEF
:10B8500049590300627B0300742503000000003A8D
:10B8600013B5062304466A462521002003F0EEFAAC
:10B8700098B108200EF0C2F948B1144B4361144B43
:10B88000836103230374002343748374C3741149D5
:10B8900000234FF4C25224F0CAFB9FED0F7A6A4690
:10B8A000204604F10C011478537843EA04231BB2B8
:10B8B00007EE903AF8EEE77A023267EE877AE0EC2C
:10B8C000017A8142EFD102B010BD00BF4959030097
:10B8D000547B03007425030000007A3D2DE9FF41ED
:10B8E000002588460223074603AA2E212846ADF8E4
:10B8F0000C5003F0ABFABDF80C305BBA9BB207EE0C
:10B90000903A264BF8EEE77A93ED007A47EE877A85
:10B910000646FCEEE77A17EE903A9CB21423B8FB89
:10B92000F3F8444514D908200EF068F948B11C4BCF
:10B930004361A4EB08040323846103744574857494
:10B94000C574184900234FF4C45224F070FB4446D8
:10B9500004EB840314229B0000929BB23A463021F0
:10B96000002003F00BFB304313D008200EF046F903
:10B9700048B10D4B43610D4B8361032303740023D6
:10B9800043748374C374074900234FF4C25224F0F4
:10B990004EFB204604B0BDE8F08100BFC836002051
:10B9A000615903007425030049590300717B0300AA
:10B9B0002DE9F04700EB80008400A4B21F460B5D28
:10B9C0007E2B884616466BD804F10109894406226D
:10B9D0003449484626F09DF80546E0B104F11100CF
:10B9E00049464044354606F10C0C4B7810F8012BC3
:10B9F00091F800E01B04120243EA0E6302F4704265
:10BA0000134307EE903AF8EEE77A0231E5EC017A5B
:10BA1000AC45EAD10125E01D08EB000A21490622C8
:10BA2000504626F076F8A0B3113408EB04015046D6
:10BA30003C4607F10C0C437811F8012B90F800E01C
:10BA40001B04120343EA0E6392B2134307EE903ACB
:10BA5000F8EEE77A0230E4EC017AA445EBD145F048
:10BA60000205DFED116A9FED117A324606F10C03F3
:10BA7000D2ED007A67EEA67AE2EC017AD7ED007A91
:10BA800067EE877A9342E7EC017AF1D12846BDE868
:10BA9000F08704490622484626F03BF80028E0D10A
:10BAA0001025F3E7A47B03000000003200007A3584
:10BAB00008B508200EF0A2F848B1094B4361094BC4
:10BAC000836103230374002343748374C37406499E
:10BAD00000234FF4C25224F0AAFA4FF0FF3008BD01
:10BAE00049590300467B03007425030013B5022364
:10BAF000044601AA1D21002003F0A8F918B1FFF7A0
:10BB0000D7FF02B010BDBDF80430DFED086ADBBA24
:10BB100007EE903AF8EEE77A87EEA67AF3EE097A26
:10BB200077EE277AC4ED007AEBE700BFE17A0443B1
:10BB300010B508200EF062F848B1094B4361094B7B
:10BB4000836103230374002343748374C374BDE8C7
:10BB50001040054900234FF4C25224F068BA00BFD8
:10BB600049590300377B0300742503002DE9F04792
:10BB70002DED028B824BB5EEC00AF1EE10FA93ED7B
:10BB8000007A07460E4640F2C380DFED7E7AB4EEBF
:10BB9000670AF1EE10FA00F0BB8060EE077ADFED85
:10BBA0007A6A7A4A67EEA67A0123FDEEE77A1046B2
:10BBB00032F8021F002900F09E8017EE904AA14241
:10BBC00000F3998001330D2BF2D14FF000080322CE
:10BBD000F5EEC00AF1EE10FAC0EE078A40F2AA8034
:10BBE000DFED687AF4EE670AF1EE10FA00F0A78054
:10BBF00060EE877ADFED646A644967EEA67A012316
:10BC0000FDEEE77A0D4631F8020F002800F086803D
:10BC100017EE904AA04200F3818001330D2BF2D140
:10BC200000240321DFF884A1DFF884919AF8003022
:10BC3000434580EE878A04D199F80000A04200F0C5
:10BC40009C80FF2B14D099F80000FF2810D0003BF7
:10BC500018BF0123B8F1000518BF0125AB4207D179
:10BC6000003818BF0120231E18BF0123984269D055
:10BC700042EA810200204E2122F03AFB0546FA20DA
:10BC800025F0EFFD4246502100208AF8008089F817
:10BC9000004022F02DFB224605434F21002022F0D8
:10BCA00027FB054313D008200DF0A8FF48B1384BFF
:10BCB0004361384B8361032303740023437483740B
:10BCC000C374354900234FF4C25224F0B0F9F5EEA5
:10BCD000408AF1EE10FAC7ED008AB5EE408A86ED93
:10BCE000008A31D1F1EE10FA37D02C4B93ED007A67
:10BCF000C7EE087A39E0013B294A12F8038030F890
:10BD0000133007EE903AF8EEE77A87EEA60A5EE780
:10BD10009FED240A4FF00008012259E7013B20491A
:10BD2000CC5C35F8133007EE903AF8EEE77AC7EEC0
:10BD3000A68A76E700242146DFED1A0A72E700247E
:10BD40000121F9E700259DE7F1EE10FA05D1134B2B
:10BD500093ED007AC7EE287A07E0F4EEC88AF1EE98
:10BD600010FAF4D4C1DCDFED0F7A0F4B0020C3EDE5
:10BD7000007ABDEC028BBDE8F0870120F9E700BF37
:10BD8000480700200000807F0000FA463240030090
:10BD9000495903007F7B03007425030044070020FA
:10BDA000B37B030000000000C8360020BF0C002059
:10BDB000BE0C002013B52D210DF10702002003F069
:10BDC0009FF8002204466521104622F091FA2722AE
:10BDD00004435021002022F08BFA022204434E211A
:10BDE000002022F085FA00224D210443104622F063
:10BDF0007FFA0443012022F0E7F904227621002093
:10BE000022F076FA082204434A21002022F070FA38
:10BE1000082204434B21002022F06AFA08224C2118
:10BE20000443002022F064FA0443012022F0CCF9FC
:10BE300000227621104622F05BFA07226621044395
:10BE4000002022F055FA0443322022F0BDF90122ED
:10BE50005721002022F04CFA044313D008200DF0A3
:10BE6000CDFE48B1094B4361094B83610323037441
:10BE7000002343748374C374064900234FF4C252F1
:10BE800024F0D5F8332002B010BD00BF495903009B
:10BE9000297B030074250300F8B500222DED048BE7
:10BEA00006460F4610463C49B0EE408AF0EE608AE6
:10BEB000B0EE419A02F0A8FF9FED387ADFED387AB4
:10BEC000384B002808BFF0EE477AC3ED007A4023D4
:10BED0001A464C21002003F029F8B5EEC08AF1EE95
:10BEE00010FA044621DD9FED307A304BC8EE077A18
:10BEF000012276210020C3ED007A22F0F9F9042214
:10BF000005467B21002022F0F3F90022054376212B
:10BF1000104622F0EDF92543042305431A464D212E
:10BF2000002003F003F845EA0004214AFF231370C0
:10BF3000204AF0EE490AB0EE680A394630461370DE
:10BF4000FFF714FE0443012022F03EF910225F2186
:10BF5000002022F0CDF9402204431621002022F0D7
:10BF6000C7F9044313D008200DF048FE48B1124B26
:10BF70004361124B8361032303740023437483746E
:10BF8000C3740F4900234FF4C25224F050F8BDECA3
:10BF9000048B04EAE470F8BD00366E0117B7D1389F
:10BFA000A69B443A440700200000FA4648070020B8
:10BFB000BF0C0020BE0C0020495903009B7B0300EE
:10BFC00074250300124A08B5FF231370114A11218A
:10BFD00013700020012222F08BF998B108200DF097
:10BFE0000DFE48B10C4B43610C4B8361032303747A
:10BFF000002343748374C374094900234FF4C2526D
:10C0000024F015F8BDE80840012022F0DDB800BF9B
:10C01000BF0C0020BE0C0020495903008E7B03009A
:10C02000742503004FF084430360014B0B6070479D
:10C0300000007A457FB519210DF10702002002F0BA
:10C040005FFF002204461621104622F051F92822F3
:10C0500004431B21002022F04BF90222044310214B
:10C06000002022F045F9002548F2A5130443ADF85D
:10C07000083002AA03237C2128468DF80A5002F0DA
:10C08000FBFE0826174B0293044305230DEB060223
:10C090007C2128468DF80C6002F0EEFE1422044349
:10C0A0002321284622F024F90E2204431721284692
:10C0B00022F01EF9044312D030460DF09FFD40B12E
:10C0C000094B4361094B83610323037445748574F1
:10C0D000C574074900234FF4C25223F0A8FF332050
:10C0E00004B070BDA27E080849590300C97D030051
:10C0F0007C25030013B50021044606236A46084642
:10C1000002F0A4FE98B108200DF078FD48B1144B60
:10C110004361144B836103230374002343748374CA
:10C12000C374114900234FF4C25223F080FF9FEDE6
:10C130000F7A6A46204604F10C011478537843EADA
:10C1400004231BB207EE903AF8EEE77A023267EE6C
:10C15000877AE0EC017A8142EFD102B010BD00BFD6
:10C16000495903000A7E03007C2503000000003AC1
:10C1700013B5062304466A461946002002F066FEFF
:10C1800098B108200DF03AFD48B1144B4361144BAF
:10C19000836103230374002343748374C3741149BC
:10C1A00000234FF4C25223F042FF9FED0F7A6A46FC
:10C1B000204604F10C011478537843EA04231BB29F
:10C1C00007EE903AF8EEE77A023267EE877AE0EC13
:10C1D000017A8142EFD102B010BD00BF495903007E
:10C1E000FA7D03007C25030000007A3D2DE9F0472D
:10C1F00000EB80008400A4B21F460B5D702B8846C4
:10C2000016460CD13E4B1B68002B77D0601CDB69B7
:10C210000899404498470C252846BDE8F087782BBC
:10C2200001D01025F8E704F10109894406223549B7
:10C23000484625F06EFC0546E0B104F11100494680
:10C240004044354606F10C0C4B7810F8012B91F860
:10C2500000E01B04120243EA0E6302F4704213432F
:10C2600007EE903AF8EEE77A0231E5EC017AAC4558
:10C27000EAD10125E01D08EB000A224906225046BA
:10C2800025F047FC90B3113408EB040150463C46BE
:10C2900007F10C0C437811F8012B90F800E01B0417
:10C2A000120343EA0E6392B2134307EE903AF8EE9C
:10C2B000E77A0230E4EC017AA445EBD145F00205BF
:10C2C000DFED116A9FED117A324606F10C03D2EDD3
:10C2D000007A67EEA67AE2EC017AD7ED007A67EE93
:10C2E000877A9342E7EC017AF1D195E70549062276
:10C2F000484625F00EFC0028E2D192E708258BE79E
:10C30000CC360020467E0300000080320000FA3563
:10C3100010B508200DF072FC48B1094B4361094B80
:10C32000836103230374002343748374C374BDE8DF
:10C330001040054900234FF4C25223F078BE00BFDD
:10C3400049590300D97D03007C25030008B5082066
:10C350000DF054FC48B1094B4361094B8361032341
:10C360000374002343748374C374064900234FF499
:10C37000C25223F05CFE4FF0FF3008BD4959030064
:10C38000EA7D03007C2503002DE9F0472DED028BAB
:10C39000834BB5EEC00AF1EE10FA93ED007A074632
:10C3A0000E4640F2C580DFED7F7AB4EE670AF1EE0B
:10C3B00010FA00F0BD8060EE077ADFED7B6A7B4A01
:10C3C00067EEA67A0123FDEEE77A104632F8021FE7
:10C3D000002900F0A08017EE904AA14200F39B8054
:10C3E00001330B2BF2D14FF000080322F5EEC00A07
:10C3F000F1EE10FAC0EE078A40F2AC80DFED697A08
:10C40000F4EE670AF1EE10FA00F0A98060EE877A88
:10C41000DFED656A654967EEA67A0123FDEEE77AEE
:10C420000D4631F8020F002800F0888017EE904A80
:10C43000A04200F3838001330B2BF2D100240321AF
:10C44000DFF888A1DFF888919AF80030434580EE44
:10C45000878A04D199F80000A04200F09E80FF2B4B
:10C4600014D099F80000FF2810D0003B18BF01231A
:10C47000B8F1000518BF0125AB4207D1003818BF3D
:10C480000120231E18BF012398426BD042EA81028B
:10C490000020102121F02CFF0546FA2025F0E1F9BB
:10C4A00048F010021B2100208AF8008089F8004023
:10C4B00021F01EFF44F0100205431C21002021F052
:10C4C00017FF054313D008200DF098FB48B1384BF7
:10C4D0004361384B836103230374002343748374E3
:10C4E000C374354900234FF4C25223F0A0FDF5EE8A
:10C4F000408AF1EE10FAC7ED008AB5EE408A86ED6B
:10C50000008A31D1F1EE10FA37D02C4B93ED007A3E
:10C51000C7EE087A39E0013B294A12F8038030F867
:10C52000133007EE903AF8EEE77A87EEA60A5CE75A
:10C530009FED240A4FF00008012257E7013B2049F4
:10C54000CC5C35F8133007EE903AF8EEE77AC7EE98
:10C55000A60A74E700242146DFED1A0A70E70024DA
:10C560000121F9E700259BE7F1EE10FA05D1134B05
:10C5700093ED007AC7EE287A07E0F4EEC88AF1EE70
:10C5800010FAF4D4C1DCDFED0F7A0F4B0020C3EDBD
:10C59000007ABDEC028BBDE8F0870120F9E700BF0F
:10C5A000500700200000807F0000C8454C40030079
:10C5B000495903001B7E03007C2503004C07002023
:10C5C000557E030000000000D0360020C10C002082
:10C5D000C00C0020F0B52DED048B002283B0054681
:10C5E0000E4610464E49B0EE408AF0EE608AB0EE3C
:10C5F000419A02F009FCDFED4B7A9FED4B7A4B4BF1
:10C600000028B5EEC08A08BFF0EE477AF1EE10FAC6
:10C61000C3ED007A40F381809FED457A454BC8EE2B
:10C62000077A062231210020C3ED007A21F060FE56
:10C63000202304461A462621002002F077FC0443FA
:10C6400043F6A023ADF80430912301AA7C218DF894
:10C6500006300020032302F00FFC0443042021F0E5
:10C66000F4FD3B238DF80530242301AA7C218DF8AD
:10C6700006300020032302F0FFFB0443042021F0D6
:10C68000E4FD46F2A27301AA7C21ADF80430022732
:10C69000032300208DF8067002F0EEFB0443042013
:10C6A00021F0D3FD244AFF231370244AF0EE490AF7
:10C6B000B0EE680A314628461370FFF765FE872200
:10C6C00004431D21002021F013FE0F2204432121E9
:10C6D000002021F00DFE3A4604431821002021F0ED
:10C6E00007FE044313D008200DF088FA48B1144B1C
:10C6F0004361144B836103230374002343748374E5
:10C70000C374114900234FF4C25223F090FC04EA91
:10C71000E47003B0BDEC048BF0BD002490E700BFD3
:10C7200000366E01A69B443A17B7D1384C0700205B
:10C730000000FA4650070020C10C0020C00C002069
:10C74000495903003B7E03007C250300334AFF2345
:10C750002DE9F3411370324A324E13707F210222C9
:10C76000002021F0C5FD304A304F314D00231370B9
:10C77000304A1370304A044613700DF10702192134
:10C78000002002F0BDFB044320D008200DF036FA53
:10C7900048B12A4B4361254B836103230374002373
:10C7A00043748374C374224900234FF4C25223F0AC
:10C7B0003EFC08200DF022FA28BB1D4900234FF44F
:10C7C000C25223F034FC02B0BDE8F0819DF907307D
:10C7D000002BF8DB0A2021F038FD08209DF80780A7
:10C7E0000DF00CFA40B1C0E905670423C0F81C80C5
:10C7F000037444748474C47400234FF404522946AF
:10C8000023F015FCB9E70E4B4361084B836103230A
:10C810000374002343748374C374CEE7C10C0020F7
:10C82000C00C0020F07B03009F5B00202C7E0300E7
:10C830007C2503009E5B00209D5B0020BF7B0300E6
:10C8400049590300F7B516461C46BBB908200DF040
:10C85000D5F940B11A4B43611A4B8361032303742A
:10C8600044748474C474184900234FF4C25223F0F2
:10C87000DEFB4FF0FF35284603B0F0BD17468DF8BC
:10C88000040017F8013B8DF805108DF8063001AA59
:10C8900003237C21002002F0EFFA0546042021F05A
:10C8A000D4FC2644B742E6D017F8012B7E210020A5
:10C8B00021F01EFD0543042021F0C7FCF2E700BF74
:10C8C0001E7C0300B87D03007C25030073B515466C
:10C8D0001C46BBB908200DF091F940B1174B4361DC
:10C8E000174B83610323037444748474C47415491F
:10C8F00000234FF4C25223F09AFB4FF0FF3630462C
:10C9000002B070BD8DF804008DF80510022301AA55
:10C910007C21002002F0B0FA0646042021F095FCAC
:10C920002C442A467E21002002F0EAFA0135064313
:10C93000042021F08AFCA542F3D1E0E73A7C030011
:10C94000A87D03007C2503002DE9F043002485B079
:10C95000022307460D4602AA19212046ADF80840D9
:10C9600002F074FA4C4B1968064619B19DF809306B
:10C970009A0665D44FF000099DF808309B075BD5F7
:10C980004FF00008022303AA12214046ADF80C80A4
:10C9900002F05CFABDF80C305BBA9BB207EE903A3D
:10C9A0003E4BF8EEE77A93ED007A47EE877A06433E
:10C9B000FCEEE77A17EE903A9CB21423B5FBF3F540
:10C9C000AC4216D908200DF019F958B1344B436127
:10C9D000641B03238461037480F8118080F8128043
:10C9E00080F813802F4900234FF4C45223F01FFB1B
:10C9F0002C4604EB840314219B009BB200913A4621
:10CA0000002002F0BBFA304313D008200DF0F6F8F6
:10CA100048B1254B4361254B8361032303740023F5
:10CA200043748374C3741F4900234FF4C25223F02C
:10CA3000FEFA4C441FFA84F9484605B0BDE8F0837D
:10CA4000132D15D93A46702302F8013B91F8223094
:10CA500091F8210003F11B01C9B20344A220FFF7A2
:10CA600035FF143D06431437ADB24FF0010983E79B
:10CA700008200DF0C3F838B10D4B4474C0E90535FA
:10CA8000032303748474C474064900234FF4C4520E
:10CA900023F0CDFA6EE700BFCC360020D036002060
:10CAA000615903007C25030049590300637D03009D
:10CAB000557C030073B5124E3378834205460C460D
:10CAC0000FD08DF804108DF80500022301AA0E2165
:10CAD000A220FFF7B7FE10B90A4B35701C7002B0E8
:10CAE00070BD084D2B788B4207D00A46A2200E213C
:10CAF00021F0ADFB0028F2D12C700020EFE700BF41
:10CB00009E5B00209D5B0020F7B5414B1F78022FF4
:10CB100004460E46154614D008200DF06FF850B1AB
:10CB20003C4B43613C4BC0E90637042303740023AC
:10CB300043748374C374394900234FF4015223F0C2
:10CB400076FA062D17D908200DF058F848B1344B65
:10CB50004361314B83610323037400234374837463
:10CB6000C37400234FF4C2522C4923F060FA4FF0F3
:10CB7000FF3003B0F0BD2B4B20461978FFF79AFF2A
:10CB80002B46044632463321A220FFF75BFEA5F177
:10CB900080020443D2B20621A22021F058FB0122D8
:10CBA00004431621A22021F052FB002304438DF8F8
:10CBB00006300DF106021821A22021F053FB9DF84A
:10CBC000065015F0010644EA0004F2D1022D11D0FE
:10CBD00008200DF013F848B1134B43610E4B467417
:10CBE000C0E90635042303748674C67400234FF429
:10CBF0000152B9E70DF107021A21A22021F032FB00
:10CC00009DF80730DB0740EA0400B0D4B1E700BF6D
:10CC10009F5B00208C7C0300987D03007C25030033
:10CC2000C47C03009D5B0020DA7C03002DE9F34106
:10CC3000012A089E04460F461D4602D1731E0E2B84
:10CC400018D908200CF0DAFF48B13F4B43613F4B45
:10CC5000836103230374002343748374C374002328
:10CC60004FF4C2523A4923F0E2F94FF0FF3002B0DC
:10CC7000BDE8F081374B93F80080B8F1020F14D073
:10CC800008200CF0BBFF50B1334B43612F4BC0E980
:10CC9000063804230374002343748374C3742C493B
:10CCA00000234FF4015223F0C2F939782046FFF7F0
:10CCB00001FFA6F170020446D2B20621A22021F0A3
:10CCC000C6FA012204431621A22021F0C0FA002353
:10CCD00004438DF806300DF106021821A22021F040
:10CCE000C1FA9DF8067017F0010844EA0004F2D179
:10CCF000022F14D008200CF081FF60B1174B436164
:10CD0000124B80F81180C0E906370423037480F8C1
:10CD1000128080F8138000234FF40152A2E70DF136
:10CD200007021A21A22021F09DFA9DF80730DB07A7
:10CD300044EA000499D433462A461B21A220FFF777
:10CD4000C5FD204393E700BFEF7C0300837D030014
:10CD50007C2503009F5B00200A7D0300DA7C030032
:10CD60002DE9F041504B174600228AB0054688460F
:10CD70001A6004282ED8DFE800F00320222D3100AD
:10CD800001223021002021F0B3FA044614B3082018
:10CD90000CF034FF50B1454B4361454BC0E90634BC
:10CDA00004230374002343748374C3744149002330
:10CDB0004FF4015223F03BF91BE01B22E1E717225D
:10CDC0003021002021F094FA04460028DFD13A48AF
:10CDD00002F030F8394B00241D700AE091F8214030
:10CDE000196091F822301C44E4B20F2C05D94FF0A1
:10CDF000FF3420460AB0BDE8F08117223021002020
:10CE000021F076FA98F8231006463846FFF752FECE
:10CE100044F0900206430621A22021F018FA402295
:10CE200006431621A22021F012FADFF894C06746CB
:10CE300040EA06040FCF02AE0FC697E80F0086E85F
:10CE40000F00DCF82000DCF824106B4603C3D8F890
:10CE50000C309847002602ABF3EC017AF4EEC07A6E
:10CE6000F1EE10FA02D90136082EF5D10222742112
:10CE7000A22021F0ECF906F128030DEB0306044390
:10CE800016F8282CD20042F0400202F0F8022721C6
:10CE9000002021F02DFA202204431721002021F048
:10CEA00027FA044372E700BFCC360020477D030019
:10CEB000737D03007C250300B42A03009F5B0020E0
:10CEC000B427030030B5C0EBC00080B20C5CE408AE
:10CED000012C1CD0022C35D101301B4C014402F135
:10CEE0000C004D7811F8023B43EA05231BB207EE14
:10CEF000903AF8EEE77A60ED017A94ED007A67EE09
:10CF0000277A8242C0ED007AEBD1012030BD01309A
:10CF10000E4C014403F10C004D7811F8022B42EA4B
:10CF2000052212B207EE902AF8EEE77AC3ED007AF6
:10CF300094ED007A67EE277AE3EC017A9842EBD120
:10CF40000220E3E71020E1E7600700205C070020F3
:10CF500037B5062304466A462821002001F076FFF3
:10CF600098B108200CF04AFE48B1154B4361154BAF
:10CF7000836103230374002343748374C3741249CD
:10CF800000234FF4C25223F052F810486A4604F1CD
:10CF90000C01557812F8023B43EA05231BB207EE59
:10CFA000903AF8EEE77A61ED017A90ED007A67EE5B
:10CFB000277A8C42C1ED007AEBD103B030BD00BFBF
:10CFC000495903005F7E03008425030060070020A9
:10CFD000B5EEC00AF1EE10FA10B5F5EEC00A75D440
:10CFE000F2EE007AF1EE10FAB4EEE70A48BFDFED98
:10CFF0003B0AF1EE10FA5DD8F1EE007AB4EEE70AE2
:10D00000F1EE10FA58D8F0EE007AB4EEE70AF1EE3D
:10D0100010FA53D8B5EEC00AF1EE10FA0CD9042379
:10D020002F4A013BD45C2F4A14702F4A32F8133038
:10D0300000EE103AB8EE400ADFED2C7AF4EEE70A83
:10D04000F1EE10FA3CD8DFED2A7AF4EEE70AF1EEC1
:10D0500010FA37D8DFED277AF4EEE70AF1EE10FA8E
:10D0600032D8F5EEC00AF1EE10FA0CD90423224AA8
:10D07000013BD45C214A1470214A32F8133000EE8F
:10D08000903AF8EE600ADFED1F7A1F4BDFED1F6A62
:10D0900060EE277AC3ED007ADFED1D7A1D4B60EE5E
:10D0A000A77A87EEA67A83ED007A80ED000AC1EDBB
:10D0B000000A10BD0123B3E70223B1E70323AFE762
:10D0C0000123D4E70223D2E70323D0E7F1EE10FADD
:10D0D0009FED020AB0D5F0EE400AD4E70000000050
:10D0E000EC7E0300C30C00208240030000007A4461
:10D0F0000000FA4300007A43E87E0300C20C0020DF
:10D1000078400300000000386007002000247449C4
:10D1100000000C425C07002030B5C0EBC00080B2BC
:10D120000C5C013004BB1E4C2478012C02D11D4C38
:10D130002478DCB11C4C014403F10C004D7811F84B
:10D14000022B42EA052212B207EE902AF8EEE77AA5
:10D15000C3ED007A94ED007A67EE277AE3EC017A6A
:10D160009842EBD1022030BD012CE0D10F4C01449C
:10D1700002F10C004D7811F8023B43EA05231BB283
:10D1800007EE903AF8EEE77AC2ED007A94ED007A75
:10D1900067EE277AE2EC017A9042EBD10120E2E7D8
:10D1A000A15B0020A05B00205C070020600700203E
:10D1B0002DE9F04F2DED028BB5EEC00A85B0F1EEF2
:10D1C00010FACDE90101F0EE408AB0EE608A3CD958
:10D1D000DFED9E7AB4EE670AF1EE10FA35D09FEDDE
:10D1E0009C7A9C4A60EE077A0123FDEEE77A1046AE
:10D1F00032F8021FE9B117EE904AA14219DC01335F
:10D200000B2BF5D10023B5EEC08AF1EE10FA40F2F7
:10D21000FB80DFED8E7AB4EE678AF1EE10FA18D15A
:10D220008D4A92F8008040274FF080099FED8B8A4D
:10D2300028E05A1E8A4B9B5C30F8122007EE902A99
:10D24000F8EEE77AC7EE878ADDE7DFED848A002310
:10D25000D9E79FED7F7A7F4968EE077A0122FDEEDC
:10D26000E77A0C4631F8020F002800F0BF8017EE75
:10D27000905AA84200F3BA8001320B2AF2D100275B
:10D28000B846B946DFF8F8B173489BF80020DFF8DC
:10D29000F4E1DFF8F4C15AB99EF800204A4507D1FD
:10D2A0009CF800209A4203D10278424500F0CB80DE
:10D2B00043459A4638BFC246AAEB0805C5F3071591
:10D2C000052D00F2A580012D8CBF02350135EDB290
:10D2D000AAEB0304C4F30714052C00F29B80012C75
:10D2E0008CBF02340134E4B2F4EEC88AF1EE10FAD5
:10D2F00040F19280F5EE408AF1EE10FA14BFC8EECC
:10D30000287A01214FF000021FBFB6EE007A77EEB7
:10D31000877AFCEEE77ACDED037A18BF9DF80C1002
:10D3200080F800804F488CF8003002704E4A8EF82A
:10D33000009011704D4A127800261A431021304691
:10D340008BF8006020F0D4FF32468346152130462A
:10D3500020F0CEFF464B1A784BEA000B48EA020257
:10D360001121304620F0C4FF4A464BEA000816213E
:10D37000304620F0BDFF3A4648EA00081321304607
:10D3800020F0B6FF44EAC50248EA0008D2B20821FC
:10D39000304620F0ADFF4FEA5A0248EA000442F05E
:10D3A00006020A21304620F0A3FF044312D00820D1
:10D3B0000CF024FC40B12F4B43612F4B83610323BE
:10D3C000037446748674C6742C4900234FF4C25209
:10D3D00022F02DFE019BC3ED008A029B002083ED0D
:10D3E000008A05B0BDEC028BBDE8F08F013A1C4904
:10D3F00011F8028034F8122007EE902AF8EEE77A4E
:10D40000002787EE878A3CE70027B846B9460DE734
:10D4100000255DE7002467E7B5EE408AF1EE10FADB
:10D4200014BFC8EE887A01214FF001021FBFB6EE8B
:10D43000007A77EE877AFCEEE77ACDED037A18BFB3
:10D440009DF80C106CE70120CBE700BF0000807F47
:10D4500000409C4662400300C60C00200000000013
:10D46000DE7E0300A05B0020A15B0020C30C002037
:10D47000C20C002049590300B67E0300AC2503000E
:10D48000C90C0020C80C0020C70C002070B5002279
:10D490002DED028B05460E4610462549B0EE608AFA
:10D4A000F0EE418A01F0B0FC74221221002020F03D
:10D4B0001FFF044698B108200CF0A0FB48B11D4B9B
:10D4C00043611D4B836103230374002343748374FE
:10D4D000C3741A4900234FF4C25222F0A8FD184A1F
:10D4E000FF231370174A31462846F0EE680AB0EE63
:10D4F000480A1370FFF75CFE044313D008200CF0B9
:10D500007DFB48B10B4B43610B4B836103230374D9
:10D51000002343748374C374084900234FF4C25238
:10D5200022F085FDBDEC028B04EAE47070BD00BF03
:10D530008096980049590300C97E0300AC2503007A
:10D54000C70C0020C60C00202DE9F74F00268946A5
:10D550000223804601AA3A213046019601F076FC6A
:10D560009DF805309DF804401B0203F4E0631C4362
:10D570004FF0030A0727B4FBFAF4B9FBF7F7BC42F4
:10D58000054613D908200CF039FB40B13B4B4361F1
:10D59000E41B846180F810A046748674C674384910
:10D5A00000234FF4C45222F042FD3C46DFF8DCB0C9
:10D5B00008F101064FF000094FF0020A4C4518DC53
:10D5C0009DB108200CF01AFB48B12E4B43612E4B45
:10D5D000836103230374002343748374C374284951
:10D5E00000234FF4C25222F022FD204603B0BDE8D2
:10D5F000F08F022301AA3C21002001F027FC9DF8B6
:10D6000005309DF804701B0203F440731F4345EA84
:10D6100000080325B7FBF5F505EB45057D1BADB20D
:10D62000DDB106200CF0EAFA38B10023C0F814B0DE
:10D6300080F810A043748374C374114900234FF41D
:10D64000845222F0F4FC6B0001AA3E21002001F07C
:10D65000FDFB013C48EA0008A4B203233246B7FBB5
:10D66000F3F73E2106F8017C0623002001F0EEFBD3
:10D6700009F1010948EA000507369FE761590300EF
:10D68000AC25030049590300A47E03006E7E03000D
:10D6900013B51A4B1A788318013B93FBF2F303443A
:10D6A00003EB43039BB28DF80430C3F302238DF8E0
:10D6B000053001AA02230621002001F0DDFB08222B
:10D6C00004460D21002020F013FE044313D008204F
:10D6D0000CF094FA48B10A4B43610A4B836103236F
:10D6E0000374002343748374C374074900234FF405
:10D6F000C25222F09CFC332002B010BDA15B00207E
:10D7000049590300917E0300AC25030010B55C224B
:10D710001021002020F0ECFD1022044615210020ED
:10D7200020F0E6FD742204431721002020F0E0FDE4
:10D73000102204435821002020F0DAFD0122044386
:10D740005B21002020F0D4FD044300214FF4C5707C
:10D750001DF0EAFF90225821002020F0C9FD202270
:10D7600004435E21002020F0C3FD30220443122137
:10D77000002020F0BDFD044313D008200CF03EFA39
:10D7800048B1094B4361094B8361032303740023B0
:10D7900043748374C374064900234FF4C25222F0C9
:10D7A00046FC332010BD00BF495903007F7E0300B3
:10D7B000AC250300B5EEC00AF1EE10FA10B5F5EE97
:10D7C000C00A75D4F2EE007AF1EE10FAB4EEE70A70
:10D7D00048BFDFED3B0AF1EE10FA5DD8F1EE007ABA
:10D7E000B4EEE70AF1EE10FA58D8F0EE007AB4EE93
:10D7F000E70AF1EE10FA53D8B5EEC00AF1EE10FACE
:10D800000CD904232F4A013BD45C2F4A14702F4AB1
:10D8100032F8133000EE103AB8EE400ADFED2C7A01
:10D82000F4EEE70AF1EE10FA3CD8DFED2A7AF4EED6
:10D83000E70AF1EE10FA37D8DFED277AF4EEE70ABF
:10D84000F1EE10FA32D8F5EEC00AF1EE10FA0CD96A
:10D850000423224A013BD45C214A1470214A32F845
:10D86000133000EE903AF8EE600ADFED1F7A1F4B9E
:10D87000DFED1F6A60EE277AC3ED007ADFED1D7AD7
:10D880001D4B60EEA77A87EEA67A83ED007A80EDD5
:10D89000000AC1ED000A10BD0123B3E70223B1E77E
:10D8A0000323AFE70123D4E70223D2E70323D0E722
:10D8B000F1EE10FA9FED020AB0D5F0EE400AD4E77F
:10D8C000000000005C7F0300C50C0020AC4003009A
:10D8D00000007A440000FA4300007A43587F0300B6
:10D8E000C40C0020A24003000000003860070020A4
:10D8F0000024744900000C425C0700202DE9F84F19
:10D900002DED028B714BB5EEC00AF1EE10FA93EDDE
:10D91000007A07460E4643D9DFED6D7AB4EE670A0A
:10D92000F1EE10FA3CD060EE077ADFED6A6A6A4ADF
:10D9300067EEA67A0123FDEEE77A104632F8021F61
:10D9400009B317EE904AA1421DDC01330B2BF5D130
:10D950004FF00009F5EEC00AF1EE10FAC0EE078AAA
:10D9600040F2AD80DFED5A7AF4EE670AF1EE10FA7C
:10D970001BD15A4B93F800804FF0400A4FF0800BB8
:10D98000DFED570A2BE0013B564A12F8039030F8BE
:10D99000133007EE903AF8EEE77A87EEA60AD9E759
:10D9A0009FED4F0A4FF00009D4E760EE877ADFED74
:10D9B000496A494A67EEA67A0123FDEEE77A1046E6
:10D9C00032F8021F00296BD017EE904AA14267DCA3
:10D9D00001330B2BF4D14FF0000AD046D346424816
:10D9E0003E4B04784149424A80EE878A44B90C781C
:10D9F0005C4505D114784C4502D11C78444563D070
:10DA000083F800803B4B82F800901A7881F800B0D0
:10DA10000025057049EA02021021284620F068FC22
:10DA20002A4604461521284620F062FC324B1A781B
:10DA3000044348EA02021121284620F059FC5A46C4
:10DA400004431621284620F053FC52460443132178
:10DA5000284620F04DFC48EA1912044309212846C3
:10DA600020F046FC044312D008200CF0C7F840B167
:10DA7000224B4361224B83610323037445748574F5
:10DA8000C574204900234FF4C25222F0D0FAC7EDEA
:10DA9000008A002086ED008ABDEC028BBDE8F88F7D
:10DAA000013B104A12F8038030F8133007EE903A29
:10DAB000F8EEE77A4FF0000AC7EEA60A8EE74FF0BD
:10DAC000000AD046D3465BE70120E5E75407002073
:10DAD0000000807F00409C468C400300C60C002064
:10DAE000000000004E7F0300C90C0020C80C00207D
:10DAF000C70C0020C50C0020C40C002049590300AD
:10DB0000267F0300B4250300F0B52DED028B002223
:10DB100083B006460F4610463349B0EE608AF0EEF9
:10DB2000418A01F071F974221221002020F0E0FBFB
:10DB3000054698B108200CF061F848B12B4B4361C1
:10DB40002B4B836103230374002343748374C374D6
:10DB5000284900234FF4C25222F069FA264AFF23D3
:10DB60001370264A6321137000200DF1070201F0A3
:10DB7000C7F99DF90730DFED226A07EE103AB8EEDB
:10DB8000C77AF7EE007A47EE267A1E4B04463946EE
:10DB9000F0EE680AB0EE480A3046C3ED007AFFF7AF
:10DBA000ADFE062204430A21002020F0A1FB2C43F5
:10DBB000044313D008200CF021F848B10B4B43610B
:10DBC0000B4B836103230374002343748374C37476
:10DBD000084900234FF4C25222F029FA04EAE47003
:10DBE00003B0BDEC028BF0BD80969800495903004C
:10DBF000397F0300B4250300C70C0020C60C0020A9
:10DC0000A69BC43A540700202DE9FF4100260C468C
:10DC10000223804603AA3A213046ADF80C6001F099
:10DC200015F99DF80D309DF80C501B0203F440735C
:10DC30001D430723B4FBF3F4A542074623DCACB233
:10DC4000072300934246C4EBC4037821002001F06F
:10DC500095F9384313D008200BF0D0FF48B1144B8E
:10DC60004361144B8361032303740023437483745F
:10DC7000C374114900234FF4C25222F0D8F9204650
:10DC800004B0BDE8F08108200BF0B8FF40B10B4BA9
:10DC900043612D1B03238561037446748674C67427
:10DCA000054900234FF4C45222F0C1F9C8E700BF70
:10DCB00049590300147F0300B42503006159030090
:10DCC00010B5042838D8DFE800F0032C34373A00C8
:10DCD00040220121002020F00BFB082204461421E1
:10DCE000002020F005FB002204430121104620F013
:10DCF000FFFA044304B308200BF080FF50B1114B2E
:10DD00004361114BC0E906340423037400234374B8
:10DD10008374C3740D4900234FF4015222F087F934
:10DD20000BE040220121002020F0E2FA10220446FC
:10DD3000D5E7074801F07EF80024204610BD4FF0DB
:10DD4000FF34FAE7477D0300F07E0300B4250300AB
:10DD5000802B030010B55C221021002020F0C8FAAF
:10DD6000102204461521002020F0C2FA802204432C
:10DD70001421002020F0BCFAF422044317210020D3
:10DD800020F0B6FA102204435621002020F0B0FA09
:10DD9000012204435B21002020F0AAFA0443002161
:10DDA0004FF4C5701DF0C0FC80225821002020F0E7
:10DDB0009FFA202204435E21002020F099FA3022AD
:10DDC00004431221002020F093FA044313D00820CA
:10DDD0000BF014FF48B1094B4361094B83610323E6
:10DDE0000374002343748374C374064900234FF4FF
:10DDF000C25222F01CF9332010BD00BF4959030064
:10DE0000027F0300B4250300B5EEC00AF1EE10FA5C
:10DE100030B5F5EEC00A6AD4F2EE007AF1EE10FAEF
:10DE2000B4EEE70A48BFDFED350AF1EE10FA47D845
:10DE3000F1EE007AB4EEE70AF1EE10FA42D8F0EE15
:10DE4000007AB4EEE70AF1EE10FA3DD8B5EEC00A5A
:10DE5000F1EE10FA0CD90423294A013BD45C294A7B
:10DE60001470294A32F8133000EE103AB8EE400A26
:10DE7000264A0123144632F8025F07EE905AF8EE64
:10DE8000E77AF4EEE07AF1EE10FA24DB0133072BA7
:10DE9000F1D1DFED1F7A1F4BDFED1F6A60EE277AAD
:10DEA000C3ED007ADFED1D7A1D4B60EEA77A87EE99
:10DEB000A67A83ED007A80ED000AC1ED000A30BD3C
:10DEC0000123C9E70223C7E70323C5E7DFED0B0AF8
:10DED000B0EE600ACCE7134A013BD55C34F813304E
:10DEE000114A00EE903A1570F8EE600AD1E7F1EEB3
:10DEF00010FAEBD49FED010ABAE700BF0000000062
:10DF000025810300CB0C0020DE400300D04003003D
:10DF100000000038600700200024744900000C4213
:10DF20005C0700201F810300CA0C002030B5C0EB45
:10DF3000C00080B20C5CE408012C1CD0022C35D14E
:10DF400001301B4C014402F10C004D7811F8023BEA
:10DF500043EA05231BB207EE903AF8EEE77AC2EDEA
:10DF6000007A94ED007A67EE277AE2EC017A90422B
:10DF7000EBD1012030BD01300E4C014403F10C0007
:10DF80004D7811F8022B42EA052212B207EE902AD0
:10DF9000F8EEE77AC3ED007A94ED007A67EE277A1F
:10DFA000E3EC017A9842EBD10220E3E71020E1E7AD
:10DFB000600700205C0700202DE9F0472DED028B63
:10DFC000604BB5EEC00AF1EE10FA93ED007A804690
:10DFD0000F463ED9DFED5C7AB4EE670AF1EE10FA37
:10DFE00037D060EE077ADFED596A594A67EEA67AB4
:10DFF0000123FDEEE77A104632F8021FE9B117EE71
:10E00000904AA14219DC01330D2BF5D10024F5EE25
:10E01000C00AF1EE10FAC0EE078A40F28E80DFED02
:10E020004A7AF4EE670AF1EE10FA16D1494B1D78E0
:10E030004FF0040ADFED480A28E0013B474AD45C70
:10E0400030F8133007EE903AF8EEE77A87EEA60A3A
:10E05000DDE79FED410A0024D9E760EE877ADFED26
:10E060003B6A3B4A67EEA67A0123FDEEE77A10464B
:10E0700032F8021F002954D017EE905AA94250DC02
:10E0800001330D2BF4D100254FF0000A3448314BF9
:10E0900006783449344A80EE878A46B90E78564568
:10E0A00005D11678A64202D11E78AE4248D000268D
:10E0B000067081F800A014701021224630461D70B1
:10E0C00020F016F945EA0A1281461121304620F067
:10E0D0000FF944EA051249EA0009D2B20921304693
:10E0E00020F006F959EA000912D008200BF086FD4D
:10E0F00040B11E4B43611E4B83610323037446747E
:10E100008674C6741B4900234FF4C25221F08FFF5E
:10E11000C8ED008A002087ED008ABDEC028BBDE8C7
:10E12000F087013B0D4AD55C30F8133007EE903A8A
:10E13000F8EEE77AC7EEA60AA6E70025AA4679E731
:10E140000120EAE7580700200000807F0000F0452A
:10E15000B6400300C60C002000000000138103003D
:10E16000C90C0020C80C0020C70C0020495903002E
:10E17000E6800300BC2503002DE9F04F2DED028B56
:10E18000002289B004460E4610467849B0EE608AF7
:10E19000F0EE418A00F038FE754B15211A78002008
:10E1A00020F0A6F8734B07461A781721002020F0BC
:10E1B0009FF8074313D008200BF020FD48B16E4BA9
:10E1C00043616E4B836103230374002343748374A0
:10E1D000C3746B4900234FF4C25221F028FF694AEF
:10E1E000FF231370684A032113700020182220F0C7
:10E1F0007FF80DF1160205464F21002000F080FE49
:10E200009DF91630DFED616A07EE103AB8EEC77A75
:10E21000F7EE007A47EE267A5D4B05433146F0EE85
:10E22000680AB0EE480A2046C3ED007AFFF7C4FE44
:10E230003D43054306220A21002020F059F80543FA
:10E2400013D008200BF0DAFC48B14B4B43614B4B29
:10E25000836103230374002343748374C3744849A4
:10E2600000234FF4C25221F0E2FE00240DF1170208
:10E270000F2120468DF817408DF818408DF8194071
:10E280008DF81A408DF81B408DF81C408DF81D400C
:10E290008DF81E408DF81F4000F032FE06AA1021B6
:10E2A000204600F02DFE0DF119021121204600F04C
:10E2B00027FE0DF11A021221204600F021FE0DF179
:10E2C0001B021521204600F01BFE07AA172120463D
:10E2D00000F016FE0DF11D020921204600F010FE8F
:10E2E0000DF11E020A21204600F00AFE0DF11F0268
:10E2F0000321204600F004FE9DF817209DF81830F9
:10E300009DF81F109DF819B09DF81AA09DF81B905C
:10E310009DF81C809DF81D709DF81E6003921020D2
:10E32000019302910BF06AFC90B11A4B4361019B7F
:10E33000039A02998261C0E909A9C0E90B87C0E983
:10E34000073B0B2346638163037444748474C47471
:10E350000B4900234FF4B14221F069FE05EAE57054
:10E3600009B0BDEC028BBDE8F08F00BF809698002D
:10E37000CA0C0020CB0C0020495903000281030085
:10E38000BC250300C70C0020C60C0020C364AA3AB9
:10E3900058070020607F030037B5062304466A460D
:10E3A0002821002000F052FD98B108200BF026FC37
:10E3B00048B1154B4361154B83610323037400235C
:10E3C00043748374C374124900234FF4C25221F082
:10E3D0002EFE204604F10C010E4C6A46557812F8C8
:10E3E000023B43EA05231BB207EE903AF8EEE77AC8
:10E3F000C0ED007A94ED007A67EE277AE0EC017ABE
:10E400008142EBD103B030BD49590300C9800300FC
:10E41000BC2503006007002037B5062304466A4682
:10E420002221002000F012FD98B108200BF0E6FB3D
:10E4300048B1154B4361154B8361032303740023DB
:10E4400043748374C374124900234FF4C25221F001
:10E45000EEFD204604F10C010E4C6A46557812F888
:10E46000023B43EA05231BB207EE903AF8EEE77A47
:10E47000C0ED007A94ED007A67EE277AE0EC017A3D
:10E480008142EBD103B030BD49590300BB8003008A
:10E49000BC2503005C0700202DE9F04F4FF0000879
:10E4A0008BB00C460223064609AA1B214046ADF854
:10E4B000248000F0CBFC9DF925709DF824903F024C
:10E4C00007F4407549EA050B0723B4FBF3F45C45F8
:10E4D00082465D4617D208200BF090FB60B1794B65
:10E4E0004361ABEB040383610323037480F8118061
:10E4F00080F8128080F81380734900234FF4C452CF
:10E5000021F095FD25460723C5EBC508009332464B
:10E5100043467821002000F031FD50EA0A0013D074
:10E5200008200BF06BFB48B1684B4361684B83617B
:10E5300003230374002343748374C3746249002368
:10E540004FF4C25221F073FD9DF824309DF8252030
:10E550001340FF2B54D15F4B1C68621C14F007045E
:10E560001A604DD10DF11F020F2120468DF81F407A
:10E570008DF820408DF821408DF822408DF8234001
:10E5800000F0BEFC08AA1021204600F0B9FC0DF1F5
:10E5900021021121204600F0B3FC0DF122020A21D4
:10E5A000204600F0ADFC0DF123021221204600F0C0
:10E5B000A7FC9DF81F209DF820309DF823109DF8A2
:10E5C00021B09DF822A005920C20039304910BF03A
:10E5D00015FB78B1404B4361039B059A0499826116
:10E5E000C0E9073B0723C0F824A081620374447488
:10E5F0008474C474344900234FF4625221F017FD2F
:10E60000364B1C68621C14F03F041A6048D10DF1AF
:10E6100023020F2120468DF8234000F071FCB8F151
:10E62000600FA8BF4FF06008334608EB06029A421D
:10E630003AD1002D3ED0012D96F800B03ED0022DEB
:10E6400096F807A038D0B67B9DF825209DF8243099
:10E650009DF8231005921020039304910BF0CEFA3D
:10E66000C0B11F4B04994361039B059A8261C0E9C5
:10E67000073507F480770C23C0E90A1BC0E90CA614
:10E68000C0E90E4849EA0707037400234762437450
:10E690008374C3740C4900234FF4C14221F0C7FCBA
:10E6A00028460BB0BDE8F08F13F8011BFF2908BF07
:10E6B0000134BCE7AA46AB460026C5E74FF0000A86
:10E6C000FAE700BF61590300BC2503004959030064
:10E6D000D8800300D8360020C57F0300D436002040
:10E6E0000080030013B51A4B8DF805001A78194BFA
:10E6F0001B789A4294BF00220122C0F3012343EA0F
:10E7000042138DF8043001AA02230B21002000F0EF
:10E71000B3FB402204460D2100201FF0E9FD044315
:10E7200013D008200BF06AFA48B10B4B43610B4B36
:10E73000836103230374002343748374C3740849FF
:10E7400000234FF4C25221F072FC332002B010BDFE
:10E75000C60C0020C70C0020495903009E8003000E
:10E76000BC25030010B5042817D8DFE800F0031912
:10E77000211641004022012100201FF0B9FD002296
:10E780000446142100201FF0B3FD002204430121A0
:10E7900010461FF0ADFD0443A4B90024204610BD6F
:10E7A0004022012100201FF0A3FD10220446E8E7CB
:10E7B0005822032100201FF09BFD04460E4800F064
:10E7C00039FBE9E708200BF019FA50B10B4B436114
:10E7D0000B4BC0E906340423037400234374837491
:10E7E000C374084900234FF4015221F020FCD5E7FF
:10E7F0004FF0FF34D2E700BF802B0300477D0300BA
:10E8000082800300BC25030008B508200BF0F6F950
:10E8100048B1094B4361094B83610323037400230F
:10E8200043748374C374064900234FF4C25221F029
:10E83000FEFB4FF0FF3008BD49590300AD800300D7
:10E84000BC2503002DE9F743012A0A9E07468946A5
:10E8500090461D4602D1731E072B18D908200BF0D5
:10E86000CDF948B14B4B43614B4B83610323037498
:10E87000002343748374C374484900234FF4C25285
:10E8800021F0D5FB4FF0FF3003B0BDE8F0834146E7
:10E89000402200201FF02CFD99F800308DF8053043
:10E8A0007F0066F03F03044647F001078DF806300D
:10E8B00001AA0323152100208DF8047000F0DCFA72
:10E8C00044220443142100201FF012FD002241467F
:10E8D000044310461FF00CFD0DF1020204432921F0
:10E8E000002000F00DFB002304438DF803301FF0DF
:10E8F000BCFC10F10A0841F100079DF80330DA076B
:10E900002CD400238DF803301FF0AFFC10F10A0760
:10E9100041F100089DF80330DB072CD4402201218F
:10E9200000201FF0E5FC00220746142110461FF0CE
:10E93000DFFC274340EA07044FF496701CF030FFD9
:10E9400033462A460221002000F080FA00220443C8
:10E95000012110461FF0CCFC204395E71FF085FCF9
:10E960004045B941CDDA0DF103021E21002000F02F
:10E97000C7FA0443C1E71FF078FCB84271EB080105
:10E98000CCDA0DF103024821002000F0B9FA04436B
:10E99000C0E700BFEF7C030061800300BC250300DB
:10E9A00010B5E222172100201FF0A2FC47220446E6
:10E9B000102100201FF09CFC50220443182100204D
:10E9C0001FF096FC10220443562100201FF090FCFB
:10E9D000042204435B2100201FF08AFC0443002131
:10E9E00040F269101CF0A0FE8022502100201FF090
:10E9F0007FFC202204435E2100201FF079FC1822B6
:10EA00000443032100201FF073FC044313D00820AB
:10EA10000BF0F4F848B1094B4361094B83610323C0
:10EA20000374002343748374C374064900234FF4B2
:10EA3000C25221F0FCFA332010BD00BF4959030037
:10EA400090800300BC250300124A08B5FF23137011
:10EA5000114A12211370002001221FF049FC98B1C5
:10EA600008200BF0CBF848B10C4B43610C4B836191
:10EA700003230374002343748374C374094900237C
:10EA80004FF4C25221F0D3FA2120BDE80840002102
:10EA90001CF04ABEC70C0020C60C002049590300D8
:10EAA000F5800300BC250300022A73B505460E4617
:10EAB00017D008200BF0A2F848B1364B4361364B13
:10EAC000836103230374002343748374C374334941
:10EAD00000234FF4C25221F0AAFA4FF0FF3002B0E7
:10EAE00070BD4022012100201FF002FC33788DF818
:10EAF0000530C02304466D008DF8063001AA0323BB
:10EB0000152100208DF8045000F0B6F97278044306
:10EB1000212100201FF0ECFB44220443142100209B
:10EB20001FF0E6FB002304438DF803301FF09DFB2C
:10EB300010F10A0641F100059DF90330002B1CDBA2
:10EB40000022142110461FF0D3FB05464FF49670A7
:10EB50001CF026FE0022012110461FF0C9FB9DF982
:10EB600003302543002B40EA0500B8DB08200BF0FA
:10EB700045F80028ABD00A4BA0E71FF076FBB04267
:10EB8000A941DDDA0DF103022221002000F0B8F9DD
:10EB90000443D1E7C47C030074800300BC25030058
:10EBA0004F8003007FB5194B1C5C012C11D0022C47
:10EBB0001FD044BB164BC3E90012164901234B601A
:10EBC000154B53F82000224604B0BDE870401FF0FA
:10EBD00074BB124B53F8203018689B88CDE90112A2
:10EBE00002228DF80C2001A922461FF072FB04B00E
:10EBF00070BD0B4B1B6833B10A481B68007804B02A
:10EC0000BDE8704018474FF0FF30F0E7AC5B0020E4
:10EC1000EC3600206C070020103700200837002059
:10EC2000FC360020AB5B002030B51C46254B1D5C3C
:10EC3000012D89B01ED0022D31D0002D3FD1224DA3
:10EC40002960224901236B604B60214B214D1D60DF
:10EC5000214DDC6055F820500135C3E901521F4AAF
:10EC6000022353601E4B53F8200009B0BDE830402A
:10EC70001FF023BB1B4B53F8203018689B88CDE94D
:10EC80000215CDE90524002107228DF810108DF81A
:10EC90001C2002A902221FF01CFB09B030BD124B40
:10ECA0001B6863B1187A844284BF10480478104806
:10ECB00000945C68007813460122A047EDE74FF00E
:10ECC000FF30EAE7AC5B0020EC3600206C07002048
:10ECD000DC360020A25B0020003700206407002003
:10ECE0001037002008370020FC360020AA5B0020E7
:10ECF000AB5B0020024B1860024B00221A70704779
:10ED000010370020AC5B00202DE9F041DFF8F480E3
:10ED100098F8004007460E463CB1012C4ED0082022
:10ED20000AF06CFFB8B12D4B4EE02D4B1D68002D45
:10ED300035D02B7A934228D28B4215D208200AF084
:10ED40005DFF40B1274B4361274B8361032303746D
:10ED500044748474C474254900234FF4C25221F0D2
:10ED600066F94FF0FF3018E006200AF047FF30B197
:10ED70001F4B43610223037444748474C4741B499D
:10ED800000234FF4845221F052F91A4B1E701A4B93
:10ED90001F70022388F801300020BDE8F0810820B0
:10EDA0000AF02CFF0028D6D0144B43610E4B836130
:10EDB0000323037445748574C574CCE708200AF0F6
:10EDC0001DFF0028C7D00E4B4361074B836103230F
:10EDD0000374002343748374C374BCE7D4810300B9
:10EDE000FC360020298103000F820300D426030093
:10EDF00046810300AA5B0020AB5B00206181030019
:10EE0000AB810300AC5B002010B503460648C05C34
:10EE100038B9064C54F823406160054941F8232075
:10EE200010BD4FF0FF30FBE7AC5B00201037002037
:10EE300000370020014B1860704700BFFC360020EF
:10EE4000014B1868704700BFFC36002007B58DF8ED
:10EE500007100849095C29B99DF8071061F07F0186
:10EE60008DF807100DF10701FFF7DEFE03B05DF826
:10EE700004FB00BFAC5B002030B51C461B4B8BB0C5
:10EE800015461A5C8DF807102AB1012A14D04FF0EC
:10EE9000FF300BB030BD164B0DF107011960012199
:10EEA000C3E901151349DC6002234B60124B53F890
:10EEB00020001FF002FAECE7104B9DF8071053F802
:10EEC00020308DF80F100DF10F0118689B88CDE9E7
:10EED000041200228DF8182004A90222CDE907545B
:10EEE0008DF824201FF0F5F9D3E700BFAC5B0020BC
:10EEF000EC3600206C070020103700200837002077
:10EF000007B5094B8DF807101B5C23B9CBB263F032
:10EF10007F038DF8073001230DF10701FFF784FE11
:10EF200003B05DF804FB00BFAC5B00202DE9F341AA
:10EF3000114F98463B5C05460C4616460BB941F00E
:10EF400080040DF1070221462846FFF7D9FF80B95A
:10EF50009DF8073023EA060206EA08063243934288
:10EF600007D07B5D0BB904F07F04214628461FF0D3
:10EF7000BFF902B0BDE8F081AC5B00202DE9F84399
:10EF80001646124A89461D46115C089B40F2FF3422
:10EF900043F6FF72002908BF14460746B4FBF3F49A
:10EFA0004FF000085C4315B94046BDE8F883AC4219
:10EFB00028BF2C463246234649463846FFF746FFCF
:10EFC000264448EA00082D1BEDE700BFAC5B00209B
:10EFD000014B93ED000A704718370020DFED0F6AF0
:10EFE00010B5B2EE046A00F10904437882781B047C
:10EFF00043EA0263027853EA022348BFFF331B123D
:10F0000007EE903AF8EEE77A033067EE867A8442AC
:10F0100087EEA67AA1EC017AE7D110BD0050C34774
:10F0200070B53449B5EEC00AF1EE10FA0C78064618
:10F0300059D9DFED317AB4EE670AF1EE10FA26D035
:10F04000B7EE007AC7EE007AFDEEE77A17EE903A57
:10F05000642B05DD0A2C4AD0284D0A231A461BE0F2
:10F06000322B04DD082C42D0254D0823F6E7142B63
:10F0700004DD062C3BD0234D0623EFE70A2B04DDED
:10F08000042C34D0204D0423E8E7002B26DC012C8F
:10F0900022D00123002500220B7042F060023221B1
:10F0A00001201FF025F9044698B108200AF0A6FDBA
:10F0B00048B1164B4361164B83610323037400234D
:10F0C00043748374C374134900234FF4C25220F075
:10F0D000AEFF114B35601D60204670BD022C06D07E
:10F0E0000E4D0223BAE714B100230025B6E7012430
:10F0F000F2E700BFCC0C00200000807F0AD7A33BC2
:10F100000AD7233C0AD7A33CCDCC4C3D4959030038
:10F11000828203005425030018370020CDCCCC3D5B
:10F1200008B5044BFF221A70FFF77AFF00EAE0707F
:10F1300008BD00BFCC0C00202DE9FF41DFF8F880AE
:10F14000D8E9007457EA04020CBF012200220237FA
:10F1500044F100048DF8032005461FF0D5F8B842AD
:10F16000A141A2BF00220023C8E9002300269DF888
:10F170000330DB074BD5D8E90032134318D01FF01A
:10F18000C3F8B842A14113DB08200AF037FD48B1AB
:10F19000254B4361254B8361032303740023437490
:10F1A0008374C374224900234FF4C25220F03FFFFE
:10F1B00000220023C8E900231121092301AA01200C
:10F1C000FFF744FE0DF1030204461B210120FFF767
:10F1D00097FE0443344313D008200AF00FFD48B1D2
:10F1E000144B4361114B8361032303740023437465
:10F1F0008374C3740E4900234FF4C25220F017FFEA
:10F20000294601A8FFF7EAFE04B0BDE8F0811FF02F
:10F210007BF8B842A141AEDA0DF103020F210120C3
:10F22000FFF76EFE0643A2E74982030067820300F0
:10F230005425030049590300001D002010B5082083
:10F240000AF0DCFC48B1094B4361094B836103239D
:10F250000374002343748374C374BDE810400549EC
:10F2600000234FF4C25220F0E2BE00BF4959030010
:10F27000908203005425030008B5074BFF221A7043
:10F280000122332110461FF033F818B1BDE80840C1
:10F29000FFF7D4BF08BD00BFCC0C002010B508207C
:10F2A0000AF0ACFC48B1094B4361094B836103236D
:10F2B0000374002343748374C374BDE8104005498C
:10F2C00000234FF4C25220F0B2BE00BF49590300E0
:10F2D000738203005425030010B5612232210120FE
:10F2E0001FF006F804461FF00FF8044BC3E90001B5
:10F2F0001CB1BDE81040FFF7D1BF10BD001D0020BC
:10F3000010B508200AF07AFC48B1094B4361094B5B
:10F31000836103230374002343748374C374BDE8BF
:10F320001040054900234FF4C25220F080BE00BFB8
:10F33000495903005A8203005425030000B52DEDFE
:10F34000028B83B00DF107021A210120FFF7D8FDCF
:10F350009DF907309FED0B7A07EE903AF8EEE77AC9
:10F36000002887EE878AF3EE0E7A38EE278A01DAD4
:10F37000FFF7C6FFB0EE480A03B0BDEC028B5DF8A4
:10F3800004FB00BF9A99D9BF014B93ED000A704767
:10F390001C37002073B5002200926C46451C10F803
:10F3A000123015F8126003F0FE0343EA0623022A26
:10F3B0001BB219D15B10BDF90040ADF80430837960
:10F3C000C279DFEDA26A9B0814F5805F43EA8213DD
:10F3D00012D100220A60BDF9022012F5805F0FD021
:10F3E000002B40F0D2800BE0002BB8BF0733DB10BE
:10F3F00024F8023B0132D2E7002B62D100220A60DE
:10F40000DFED937ABDF9045087EEA67A15F5804FAB
:10F4100081ED017A00F017818E4AB2F900000028D0
:10F4200000F011818C4A1488002C00F00C818B4A6A
:10F430001288002A00F00781002B00F0048107EEFB
:10F44000903A874BB8EE677AB3F9003007EE905ADE
:10F45000B8EEE76A07EE903A824BF8EEE77AB3F936
:10F46000003036EE676A07EE902A05EE903AF8EE25
:10F47000677AF8EEE55A77EE677A67EEA57ADFED00
:10F480007A5A56EE257A06EE104AB8EE466ADFED55
:10F49000775A26EE077A06EE100AB8EEC66A07EE2D
:10F4A000256AB1EE007A26EE076A87EE867ADFEDEE
:10F4B000707A67EE277A87EEA67A81ED027A02B03B
:10F4C00070BD664A1088BDF90220002800F0B8809F
:10F4D00007EE900A9FED676A674807EE103AF8EE6C
:10F4E000677AF8EEC75A67EE867A90F9000087EEE1
:10F4F000A57A05EE900A37EE467A6048DFED607A2D
:10F50000007827EE076AF8EEE55A26EE276A07EE3E
:10F51000900AF8EE677A5B4867EE877A9FED5A7A31
:10F5200090F9000067EE877A45EE867A9FED577A6C
:10F530009FED576A77EE877A07EE100AB8EEC77A22
:10F54000544837EE067A90F9000067EE877A07EEA6
:10F55000104AB8EEC77AB2EE006A67EE877A07EE15
:10F56000100AB8EEC77A27EE067A9FED4B6A07EECF
:10F57000867ADFED3F7A67EE277A87EEA67A81ED0D
:10F58000007A12F5805F3FF43BAF344800880028D2
:10F590003FF436AF07EE900A9FED366A364807EE25
:10F5A000103AF8EE677AF8EEC75A67EE867A90F965
:10F5B000000087EEA57A05EE900A37EE467A2F48CE
:10F5C000DFED2F7A007827EE076AF8EEE55A26EE8F
:10F5D000276A07EE900AF8EE677A304867EE877A76
:10F5E0009FED297A90F9000067EE877A45EE867ADA
:10F5F0009FED267A9FED266A77EE877A07EE100A4E
:10F60000B8EEC77A37EE067AB2EE006A67EE877A0E
:10F6100007EE102A224AB8EEC77A92F9002067EE68
:10F62000877A07EE102AB8EEC77A27EE067A9FEDA2
:10F630001A6A07EE867ADFED0E7A67EE277AE1E640
:10F64000002008609DE7DFED027A34E70000C84241
:10F6500000000000B4590020B6590020AE59002027
:10F66000B0590020B25900200000004800000038C6
:10F670000000803D00008046AE5B0020AF5B0020B4
:10F6800000008031B15B0020000080380000804322
:10F6900000002043B35B002000000039B05B002075
:10F6A000B25B0020F8B5B5EEC00AF1EE10FA2DED10
:10F6B000028B0646B0EE408A63D99FED4E7AB4EED7
:10F6C000470AF1EE10FA63D0F7EE006AC6EE807AD0
:10F6D0000022FDEEE77A17EE903A192B5DDC142B31
:10F6E00061DC0F2B65DC0A2B69DC082B6DDC062B3B
:10F6F00071DC022B75DC9342B6EE008AD5BF042480
:10F700000E2401250425D4BF07230123D8BFB0EE62
:10F71000478A42EA8302384B1978914267D01A70BF
:10F720004C21520001201EF0E3FD2A4607465121DC
:10F7300001201EF0DDFD224647EA0005522101208E
:10F740001EF0D6FD054313D008200AF057FA48B141
:10F750002A4B43612A4B83610323037400234374C0
:10F760008374C374274900234FF4C25220F05FFC16
:10F77000254B86ED008A83ED008ABDEC028B28467E
:10F78000F8BD00249FED218A032225462346C0E7C9
:10F790000322042401250723BBE79FED1D8A0E24C5
:10F7A00004250723B5E79FED1B8A0E2404250623B5
:10F7B000AFE79FED198A0E2404250523A9E7042548
:10F7C0009FED168A0E242B46A3E79FED158A0E2483
:10F7D000042513469DE70E2404250323B4EE008A76
:10F7E00097E79FED108A0E240425022391E7012557
:10F7F000C3E700BF0000807FCD0C00204959030003
:10F80000C3820300642503001C37002000000000B1
:10F810008988083D0AD7233DCDCC4C3D8988883D59
:10F82000CDCCCC3DABAA2A3E30B5054685B00024F0
:10F830009DF8073003F00603022B22D008230DEBBE
:10F84000030242210120FFF701FB044313D00820EB
:10F850000AF0D4F948B10F4B43610F4B8361032386
:10F860000374002343748374C3740C4900234FF45E
:10F87000C25220F0DCFB294602A8FFF78BFD05B041
:10F8800030BD0DF107024C210120FFF739FB044385
:10F89000CEE700BF49590300A4820300642503009A
:10F8A00010B508200AF0AAF948B1094B4361094B89
:10F8B000836103230374002343748374C374BDE81A
:10F8C0001040054900234FF4C25220F0B0BB00BFE6
:10F8D00049590300D38203006425030008B5074B90
:10F8E000FF221A704B21002201201EF001FD18B1E9
:10F8F000BDE80840FFF7D4BF08BD00BFCD0C002015
:10F9000010B508200AF07AF948B1094B4361094B58
:10F91000836103230374002343748374C374BDE8B9
:10F920001040054900234FF4C25220F080BB00BFB5
:10F9300049590300B282030064250300F0B52DEDA0
:10F94000028B012287B005464B211046B0EE408A5B
:10F950001EF0CEFC0746002142201BF0E5FE0026EB
:10F96000022301AA5D210120CDE90266ADF8046001
:10F970000496ADF81460FFF769FA0423044602AA5E
:10F9800062210120FFF762FA0A23044303AA6821D7
:10F990000120FFF75BFA044312D008200AF02EF989
:10F9A00040B1334B4361334B83610323037446748B
:10F9B0008674C674304900234FF4C25220F037FBDE
:10F9C0002E4B9DF804201A702D4B9DF805201A70BF
:10F9D0002C4B9DF80A201A702B4B9DF80B201A70A7
:10F9E0002A4BBDF80E201A80294BBDF80C201A8036
:10F9F000284BBDF812201A80274BBDF808201A802A
:10FA0000264B9DF815201A70254B9DF814201A706E
:10FA10009DF811309DF810201B0203F4FE431343A0
:10FA2000204A3C43138013D008200AF0E7F848B17D
:10FA30000F4B43611C4B8361032303740023437406
:10FA40008374C3740C4900234FF4C25220F0EFFAC0
:10FA5000164BFF222846B0EE480A1A70FFF722FE26
:10FA6000204300EAE07007B0BDEC028BF0BD00BFA0
:10FA700049590300E182030064250300B35B0020C1
:10FA8000B25B0020B15B0020B05B0020B6590020C3
:10FA9000B4590020B2590020B0590020AF5B0020BB
:10FAA000AE5B0020AE590020F5820300CD0C002093
:10FAB000014B93ED000A7047203700209FED157A27
:10FAC0009FED156A30B5851D00F1090443788278F1
:10FAD0001B0443EA0263027853EA022348BFFF3360
:10FAE0001B1207EE903A8542F8EEE77A08D1DFED77
:10FAF0000B6A67EEA67AC7EE876AC1ED006A30BD71
:10FB000067EE867A0330C7EE876A8442E1EC016AC9
:10FB1000DCD1F4E70000C84247ABE73BF61BEB3B08
:10FB200070B5B5EEC00AF1EE10FA2DED028B054668
:10FB3000B0EE408A5BD9DFED487AB4EE670AF1EEA9
:10FB400010FA5AD0B7EE007AC7EE007A0124FDEE23
:10FB5000E77A17EE903AC82B53DC642B56DC322B35
:10FB600059DC192B5CDC0C2B5FDC062B62DC032BD5
:10FB700065DC012B68DC9FED388ADFED387A15BF34
:10FB80000023032303220A2208BFB0EE678A42EA59
:10FB90000312334B197891425BD0042101201A7073
:10FBA0001EF0A6FB22460646062101201EF0A0FB01
:10FBB000064313D008200AF021F848B1294B4361CD
:10FBC000294B836103230374002343748374C37438
:10FBD000264900234FF4C25220F029FA244B85ED28
:10FBE000008A83ED008ABDEC028B304670BD002494
:10FBF0009FED208A23462246C9E70024234603229C
:10FC0000C5E79FED1D8A00230222C0E79FED1B8AF6
:10FC100023460322BBE79FED1A8A02230422B6E79C
:10FC20009FED188A03230522B1E79FED178A03236E
:10FC30000622ACE79FED158A03230722A7E79FED75
:10FC4000148A03230822A2E79FED128A03230922C4
:10FC50009DE70126C7E700BF0000807F0AD7233F4A
:10FC6000CE0C0020495903002D8303006C250300AE
:10FC700020370020000000000AD7233B0AD7A33B0F
:10FC80000AD7233C0AD7A33C0AD7233D0AD7A33D72
:10FC90000AD7233E0AD7A33E08B5044BFF221A70A9
:10FCA000FFF73EFF00EAE07008BD00BFCE0C002069
:10FCB0007FB5064600259DF8034014F0010421D1CC
:10FCC0000B2301AA31210120FFF7C0F8054312D010
:10FCD000082009F093FF40B10E4B43610E4B836146
:10FCE0000323037444748474C4740C4900234FF4D4
:10FCF000C25220F09CF931460DF10600FFF7DEFEFE
:10FD000004B070BD0DF1030207210120FFF7F8F8E0
:10FD10000543D0E7495903000E8303006C25030017
:10FD200007B505236A463A210120FFF78FF898B1FD
:10FD3000082009F063FF48B11B4B43611B4B8361F3
:10FD400003230374002343748374C374184900238A
:10FD50004FF4C25220F06BF99DF803309DF8042057
:10FD6000DFED147A1B0443EA02639DF8022053EA94
:10FD7000022348BFFF331B1200EE103AB8EEC00A50
:10FD800020EE270AB5EEC00AF1EE10FA06DDDFED2F
:10FD90000A7A30EE670A03B05DF804FB44BFDFED7A
:10FDA000067A30EE270AF6E749590300FF8203007E
:10FDB0006C2503005B9E803A85EBCB4110B5082093
:10FDC00009F01CFF48B1094B4361094B83610323D0
:10FDD0000374002343748374C374BDE81040054961
:10FDE00000234FF4C25220F022B900BF495903004A
:10FDF0003D8303006C2503000A4BFF2210B5502100
:10FE00001A70012080221EF073FA00220446062197
:10FE100001201EF06DFA044303D0BDE81040FFF747
:10FE2000CDBF10BDCE0C002010B5082009F0E6FEB5
:10FE300048B1094B4361094B8361032303740023D9
:10FE400043748374C374BDE81040054900234FF424
:10FE5000C25220F0ECB800BF495903001C830300D4
:10FE60006C250300014B93ED000A704724370020F6
:10FE70009FED0D6ADFED0D6A30B50022451C15F8C7
:10FE8000124010F8123043EA04231BB207EE903AF6
:10FE9000F8EEE77A013267EE867A032A87EEA67AD1
:10FEA000A1EC017AEBD130BD9A99993E0000C8428D
:10FEB0002DE9F0414049B5EEC00AF1EE10FA0C7898
:10FEC000074672D9DFED3D7AB4EE670AF1EE10FA1B
:10FED0002CD0B7EE007AC7EE007AFDEEE77A17EE87
:10FEE000903A642B07DD0A2C63D0354D0A2301229A
:10FEF0004FF01B0808E0322B08DD082C59D0314D9B
:10FF0000082301224FF024081E4618E0142B04DDBC
:10FF1000062C4ED02C4D0623F3E70A2B04DD042CCF
:10FF200047D02A4D0423ECE7002B36DC012C31D0DE
:10FF300001234FF0FF451A464FF01B0800260B70B7
:10FF40005201302101201EF0D3F9324604463121FE
:10FF500001201EF0CDF942460443412101201EF04C
:10FF6000C7F9044313D0082009F048FE48B1184BE4
:10FF70004361184B83610323037400234374837428
:10FF8000C374154900234FF4C25220F050F8134BAC
:10FF90003D601D602046BDE8F081022C09D002239F
:10FFA0000F4D1A464FF02D08AEE714B1002300257F
:10FFB0009DE70124EEE700BFCF0C00200000807F0A
:10FFC0000AD7A33B0AD7233C0AD7A33CCDCC4C3D50
:10FFD00049590300778303008C2503002437002050
:10FFE000CDCCCC3D08B5044BFF221A70FFF760FF63
:10FFF00000EAE07008BD00BFCF0C00202DE9FF41F2
:020000021000EC
:10000000374FD7E9005455EA04020CBF0122002201
:10001000053544F100048DF8072006461EF09BF9D3
:10002000A842A141A2BF00220023C7E900234FF04C
:1000300000089DF80730DB0744D5D7E900321343A9
:1000400018D01EF088F9A842A14113DB082009F05E
:10005000D5FD48B1234B4361234B836103230374D4
:10006000002343748374C374204900234FF4C252A5
:100070001FF0DDFF00220023C7E900231121062322
:1000800002AA0120FEF7E2FE58EA000013D0082081
:1000900009F0B4FD48B1164B4361134B8361032350
:1000A0000374002343748374C374104900234FF412
:1000B000C2521FF0BCFF314602A8FFF7D9FE04B0C0
:1000C000BDE8F0811EF047F9A842A141B5DA0DF173
:1000D000070210210120FEF713FF48EA0008A8E7F5
:1000E000081D002049820300528303008C25030071
:1000F0004959030010B5082009F080FD48B1094BAB
:100100004361094B836103230374002343748374A5
:10011000C374BDE81040054900234FF4C2521FF0DC
:1001200086BF00BF495903008A8303008C25030062
:1001300008B5074BFF221A700122322110461EF02B
:10014000D7F818B1BDE80840FFF7D4BF08BD00BF1D
:10015000CF0C002010B5082009F050FD48B1094B24
:100160004361094B83610323037400234374837445
:10017000C374BDE81040054900234FF4C2521FF07C
:1001800056BF00BF49590300638303008C25030059
:10019000012210B5312110461EF0AAF804461EF0C7
:1001A000DAF8044BC3E900011CB1BDE81040FFF7C9
:1001B000D1BF10BD081D0020014B93ED000A704710
:1001C000283700209FED0D6ADFED0D6A30B5002263
:1001D000451C15F8124010F8123043EA04231BB2F4
:1001E00007EE903AF8EEE77A013267EE867A032A54
:1001F00087EEA67AA1EC017AEBD130BD9A99993DB0
:100200000000C8422DE9F0414049B5EEC00AF1EEC8
:1002100010FA0C78074672D9DFED3D7AB4EE670A22
:10022000F1EE10FA2CD0B7EE007AC7EE007AFDEEB0
:10023000E77A17EE903A642B07DD0A2C63D0354D30
:100240000A2301224FF01B0808E0322B08DD082C9E
:1002500059D0314D082301224FF024081E4618E0E2
:10026000142B04DD062C4ED02C4D0623F3E70A2B6D
:1002700004DD042C47D02A4D0423ECE7002B36DCA8
:10028000012C31D001234FF0FF451A464FF01B08D7
:1002900000260B705201302101201EF029F8324651
:1002A0000446312101201EF023F842460443412137
:1002B00001201EF01DF8044313D0082009F09EFC15
:1002C00048B1184B4361184B836103230374002327
:1002D00043748374C374154900234FF4C2521FF052
:1002E000A6FE134B3D601D602046BDE8F081022C48
:1002F00009D002230F4D1A464FF02D08AEE714B176
:10030000002300259DE70124EEE700BFD00C00206C
:100310000000807F0AD7A33B0AD7233C0AD7A33C1F
:10032000CDCC4C3D49590300C883030094250300FC
:1003300028370020CDCCCC3D38B50C4BFF222DED1D
:10034000028B1A700122054633211046B0EE408A16
:100350001DF0CEFFB0EE480A04462846FFF752FFD4
:10036000BDEC028B204300EAE07038BDD00C0020C9
:100370002DE9FF41374FD7E9005455EA04020CBF7D
:1003800001220022053544F100048DF807200646BD
:100390001DF0EFFFA842A141A2BF00220023C7E940
:1003A00000234FF000089DF80730DB0744D5D7E95C
:1003B0000032134318D01DF0DCFFA842A14113DB2B
:1003C000082009F01BFC48B1234B4361234B836198
:1003D00003230374002343748374C37420490023EC
:1003E0004FF4C2521FF023FE00220023C7E900236E
:1003F0001121062302AA0120FEF728FD58EA000079
:1004000013D0082009F0FAFB48B1164B4361134B97
:10041000836103230374002343748374C3741049FA
:1004200000234FF4C2521FF002FE314602A8FFF72C
:10043000C9FE04B0BDE8F0811DF09BFFA842A141B8
:10044000B5DA0DF1070210210120FEF759FD48EA47
:100450000008A8E7101D002049820300A3830300C1
:10046000942503004959030010B5082009F0C6FB84
:1004700048B1094B4361094B836103230374002393
:1004800043748374C374BDE81040054900234FF4DE
:10049000C2521FF0CCBD00BF49590300DB830300EB
:1004A0009425030008B5074BFF221A700122322160
:1004B00010461DF01DFF18B1BDE80840FFF7D4BF7E
:1004C00008BD00BFD00C002010B5082009F096FB35
:1004D00048B1094B4361094B836103230374002333
:1004E00043748374C374BDE81040054900234FF47E
:1004F000C2521FF09CBD00BF49590300B4830300E2
:1005000094250300012210B5312110461DF0F0FEA4
:1005100004461DF02EFF044BC3E900011CB1BDE8E9
:100520001040FFF7D1BF10BD101D0020014B93ED0F
:10053000000A70472C3700209FED0B7A30B500225F
:10054000451C15F8124010F8123043EA04231BB280
:1005500007EE903AF8EEE77A013267EE877A032ADF
:10056000E1EC017AEDD130BDA69BC43A38B5B5EEC9
:10057000C00AF1EE10FA2DED028B054645D99FED2C
:100580002E8AB4EE480AF1EE10FA3ED0B7EE007AA9
:10059000C7EE007AFDEEE77A17EE903A322B39DC9F
:1005A000142B3CDC0A2B3FDC002B4FF000031A46D7
:1005B00001DD9FED228A22490878904239D00A70E5
:1005C000012043EA820260211DF092FE044698B1A8
:1005D000082009F013FB48B11A4B43611A4B8361A1
:1005E00003230374002343748374C37417490023E3
:1005F0004FF4C2521FF01BFD154B85ED008A83EDB1
:10060000008ABDEC028B204638BD9FED128A032381
:100610000022D0E79FED108A00230322CBE79FED55
:100620000F8A00230222C6E79FED0D8A00230122D4
:10063000C1E70124E5E700BF0000807FCDCCCC3DC1
:10064000D10C002049590300228403009C2503009B
:100650002C370020000000000AD7233C0AD7A33C17
:10066000CDCC4C3D08B5044BFF221A70FFF77EFF3E
:1006700000EAE07008BD00BFD10C002030B505468F
:1006800085B000249DF8073003F00300012821D035
:10069000062302AA68210120FEF7D8FB044313D0E9
:1006A000082009F0ABFA48B10E4B43610E4B836151
:1006B00003230374002343748374C3740B4900231E
:1006C0004FF4C2521FF0B3FC294602A8FFF734FFD3
:1006D00005B030BD0DF107026021FEF711FC0443A7
:1006E000D0E700BF49590300038403009C250300A1
:1006F00010B5082009F082FA48B1094B4361094B53
:10070000836103230374002343748374C374BDE8BB
:100710001040054900234FF4C2521FF088BC00BFAF
:1007200049590300328403009C25030008B5074B98
:10073000FF221A706021202201201DF0D9FD18B17E
:10074000BDE80840FFF7D4BF08BD00BFD10C0020B2
:1007500010B5082009F052FA48B1094B4361094B22
:10076000836103230374002343748374C374BDE85B
:100770001040054900234FF4C2521FF058BC00BF7F
:1007800049590300118403009C25030008B5084B58
:100790001A78920042F0010202F0FD02602101206D
:1007A0001DF0A6FD18B1BDE80840FFF7D1BF08BD98
:1007B000D10C002010B5082009F020FA48B1094BEF
:1007C0004361094B836103230374002343748374DF
:1007D000C374BDE81040054900234FF4C2521FF016
:1007E00026BC00BF49590300F48303009C25030085
:1007F000014B93ED000A7047303700209FED0B7AD4
:1008000030B50022451C15F8124010F8123043EAAA
:1008100004231BB207EE903AF8EEE77A013267EE56
:10082000877A032AE1EC017AEDD130BD7A4199391A
:10083000B5EEC00AF1EE10FA2DE9F041074661D994
:10084000DFED4A7AB4EE670AF1EE10FA5AD0B7EE4D
:10085000007AC7EE007A0024FDEEE77A17EE902AC0
:10086000B2F50C7F53DCB2F5967F54DC9B2A56DC44
:10087000502A58DC282A5ADC142A5CDC0A2A5EDC5E
:10088000052A60DC022A62DC65D0012A66D1384D77
:100890000326384B9200187842EA461242F00201D1
:1008A000884260D0197042F08202202101201DF0A0
:1008B0001FFD22468046222101201DF019FDB200B5
:1008C00048EA0004232101201DF012FD044313D047
:1008D000082009F093F948B1274B4361274B836106
:1008E00003230374002343748374C37424490023D3
:1008F0004FF4C2521FF09BFB224B3D601D6020460F
:10090000BDE8F0810324002226460025C1E71E4DE4
:1009100022462646BDE71D4D22460126B9E71C4D5D
:1009200022460226B5E71B4D22460326B1E71A4DA3
:1009300007220326ADE7194D06220326A9E7184D25
:1009400005220326A5E7174D04220326A1E703226B
:10095000154D16469DE7154D03269AE722460326B8
:100960004FF0FF4595E70124C9E700BF0000807FF5
:10097000CDCC4C3FD20C0020495903006E840300BB
:10098000A4250300303700206F12833AA10EEA3A03
:100990000E745A3B0D68D33BCDCC4C3CCDCCCC3CFB
:1009A000CDCC4C3DCDCCCC3DCDCC4C3ECDCCCC3EBD
:1009B00038B580222DED028B202105460120B0EEB6
:1009C000408A1DF095FC20220446212101201DF0C3
:1009D0008FFC044313D0082009F010F948B10F4BE5
:1009E00043610F4B836103230374002343748374B7
:1009F000C3740C4900234FF4C2521FF018FB0A4B7A
:100A0000FF22B0EE480A28461A70FFF711FFBDEC2E
:100A1000028B204300EAE07038BD00BF4959030053
:100A20008C840300A4250300D20C002030B50546B9
:100A300085B000249DF8073003F00300012821D081
:100A4000062302AA28210120FEF700FA044313D04E
:100A5000082009F0D3F848B10E4B43610E4B836177
:100A600003230374002343748374C3740B4900236A
:100A70004FF4C2521FF0DBFA294602A8FFF7BEFE70
:100A800005B030BD0DF107022221FEF739FA04430B
:100A9000D0E700BF495903004F840300A425030099
:100AA00010B5082009F0AAF848B1094B4361094B79
:100AB000836103230374002343748374C374BDE808
:100AC0001040054900234FF4C2521FF0B0BA00BFD6
:100AD000495903007E840300A425030008B5074B91
:100AE000FF221A702121042201201DF001FC18B1FF
:100AF000BDE80840FFF7D4BF08BD00BFD20C0020FE
:100B000010B5082009F07AF848B1094B4361094B48
:100B1000836103230374002343748374C374BDE8A7
:100B20001040054900234FF4C2521FF080BA00BFA5
:100B3000495903005D840300A425030010B5082073
:100B400009F05CF848B1094B4361094B8361032309
:100B50000374002343748374C374BDE810400549D3
:100B600000234FF4C2521FF062BA00BF495903007C
:100B700040840300A4250300014B93ED000A704755
:100B8000343700201FB5437804788279DFED166A88
:100B90009FED167A9B0043EA842343EA9213019364
:100BA000C37884789B0043EA8423C2F3011423436F
:100BB0000293437904799B00C2F3810243EA8423C0
:100BC0001343039301F10C0201ABF3EC017AF8EE4D
:100BD000677A77EEE67A67EE877AE1EC017A9142FE
:100BE000F3D104B010BD00BF000000480000803801
:100BF00070B5444B9FED447AB5EEC00AF1EE10FAA1
:100C00002DED028B0546B0EE408A83ED000A71D9C6
:100C1000B4EE470AF1EE10FA4BD0F7EE006AC6EEDA
:100C2000807AFDEEE77A17EE904AC82C44DC642CFB
:100C300047DC322C4ADC142C4DDC0A2C50DC012C15
:100C400053DC57D10022B0EE668A304B1978A142AE
:100C500055D00A2101201C701DF04AFB231E18BF2D
:100C6000012344EAC302064642F0F0020B210120B0
:100C70001DF03EFB064313D0082008F0BFFF48B12B
:100C8000234B4361234B8361032303740023437489
:100C90008374C374204900234FF4C2521FF0C7F974
:100CA0001E4B85ED008A83ED008ABDEC028B304639
:100CB00070BD03220024C8E79FED198A0322072490
:100CC000C3E79FED188A03220624BEE79FED168A2C
:100CD00002220524B9E79FED158A01220424B4E716
:100CE0009FED138A00220324AFE79FED128A0022B2
:100CF0000224AAE703220024B0EE478AA5E70126D2
:100D0000D3E700BF383700200000807FD50C0020DB
:100D100049590300D3840300C4250300343700205D
:100D20006F12833A0AD7A33B0AD7233C0AD7A33CC6
:100D3000CDCC4C3DCDCCCC3D2DE9FF41374FD7E953
:100D4000005455EA04020CBF01220022023544F18E
:100D500000048DF8072006461DF059FBA842A1416A
:100D6000A2BF00220023C7E900234FF000089DF82E
:100D70000730DB0744D5D7E90032134318D01DF004
:100D800046FBA842A14113DB082008F037FF48B119
:100D9000234B4361234B8361032303740023437478
:100DA0008374C374204900234FF4C2521FF03FF9EB
:100DB00000220023C7E900230021072302AA012003
:100DC000FEF744F858EA000013D0082008F016FF98
:100DD00048B1164B4361134B836103230374002313
:100DE00043748374C374104900234FF4C2521FF03C
:100DF0001EF9314602A8FFF7C5FE04B0BDE8F08138
:100E00001DF005FBA842A141B5DA0DF1070208214A
:100E10000120FEF775F848EA0008A8E7181D002031
:100E200049820300B6840300C42503004959030026
:100E300010B5082008F0E2FE48B1094B4361094BA8
:100E4000836103230374002343748374C374BDE874
:100E50001040054900234FF4C2521FF0E8B800BF0C
:100E600049590300E2840300C425030008B5074B79
:100E7000FF221A700A21802201201DF039FA18B1D0
:100E8000BDE80840FFF7D4BF08BD00BFD50C002067
:100E900010B5082008F0B2FE48B1094B4361094B78
:100EA000836103230374002343748374C374BDE814
:100EB0001040054900234FF4C2521FF0B8B800BFDC
:100EC00049590300C3840300C425030010B50B4B2C
:100ED0001B78002B0CBF01222122092101201DF0CB
:100EE00007FA04461DF093FA054BC3E900011CB153
:100EF000BDE81040FFF7CCBF10BD00BFD30C0020F1
:100F0000181D002008B50822092101201DF0F0F964
:100F100098B1082008F072FE48B10A4B43610A4BB1
:100F2000836103230374002343748374C3740749E8
:100F300000234FF4C2521FF07AF80120BDE80840A8
:100F400020F08FBC49590300EF840300C42503003F
:100F500038B52DED028B0546B0EE408AFFF7D2FF83
:100F60002022092101201DF0C3F9044698B1082070
:100F700008F044FE48B10F4B43610F4B83610323DC
:100F80000374002343748374C3740C4900234FF427
:100F9000C2521FF04CF80A4BFF22B0EE480A284616
:100FA0001A70FFF725FEBDEC028B204300EAE070CB
:100FB00038BD00BF49590300F7840300C42503006E
:100FC000D50C00202DE9F0412DED028B88B00DF1FC
:100FD0000302072104460120FDF792FF9DF803302C
:100FE000474A9FED488A117807EE903AB8EE677A43
:100FF000DFED457A994217EE278A05465ED0434ECB
:10100000DFED437A96ED007AB4EEE77AF1EE10FA6E
:1010100054DD137000239FED3F0A23606360A360DB
:1010200001A8FFF7E5FD3C4F05434FF000081022F3
:101030000921012087F800801DF05AF9A8B1082085
:1010400008F0DCFD58B1354B4361354B8361032318
:10105000037480F8118080F8128080F81380314981
:1010600000234FF4C2521EF0E2FF012020F0F9FBF2
:10107000FFF72CFF05A8FFF75FFEFFF743FFFFF721
:1010800025FF02A8FFF758FE02AA05AB04F10C01E8
:10109000B6EE007AF2EC017AF3EC016A77EEA67A0A
:1010A00067EE877AE4EC017AA142F3D1012396ED51
:1010B000000A3B7001A8FFF79BFD0543222209218E
:1010C00001201DF015F9054313D5082008F096FD01
:1010D00048B1124B4361144B836103230374002313
:1010E00043748374C3740F4900234FF4C2521EF03B
:1010F0009EFFB0EE480A08B0BDEC028BBDE8F0815F
:10110000D40C002000009642CDCC4C3F3837002054
:101110000AD7A33C0000807FD30C0020495903006C
:101120009E840300C4250300A8840300014B93EDB3
:10113000000A70473C370020B0F900309FED0F7A6D
:1011400007EE903AF8EEE77A67EE877AC1ED007A1B
:10115000B0F9023007EE903AF8EEE77A67EE877A58
:10116000C1ED017AB0F9043007EE903AF8EEE77A73
:1011700067EE877AC1ED027A704700BF6F1283393C
:1011800070B5B5EEC00AF1EE10FA2DED028B0546F2
:1011900053D9DFED347AB4EE670AF1EE10FA4CD091
:1011A000B7EE008AC8EE007A0124FDEEE77A17EE6A
:1011B000903A642B46DC322B48DC192B4ADC052B99
:1011C0004CDD9FED298A2346284908781A0144EA14
:1011D0000313984244D00B7042F008020B21012007
:1011E0001DF086F844F0200206460A2101201DF079
:1011F0007FF8064313D0082008F000FD48B11C4BCF
:1012000043611C4B83610323037400234374837481
:10121000C374194900234FF4C2521EF008FF174B44
:1012200085ED008A00200021C3E90001144B83ED05
:10123000008ABDEC028B304670BD9FED128A0024FF
:101240000423C1E79FED108A0423BDE79FED0F8AB9
:101250000323B9E79FED0E8A0223B5E70023B3E726
:101260000126E6E70000807FCDCCCC3DD60C0020E7
:10127000495903004C850300CC250300201D0020A4
:101280003C370020000000000AD7A33B0AD7233CCC
:101290000AD7A33C38B5084BFF221A70074B00222F
:1012A0001A70074B00240025C3E90045FFF768FFCB
:1012B00000EAE07038BD00BFD60C0020B45B00200F
:1012C000201D002010B5082008F098FC48B1094BFB
:1012D0004361094B836103230374002343748374C4
:1012E000C374BDE81040054900234FF4C2521EF0FC
:1012F0009EBE00BF495903005B850300CC25030057
:1013000010B5082008F07AFC48B1094B4361094B3D
:10131000836103230374002343748374C374BDE89F
:101320001040054900234FF4C2521EF080BE00BF9A
:10133000495903003C850300CC25030070B52222E7
:101340000A2101201CF0D4FF044620F0A6FB4FF434
:101350007A75A0FB053205FB0121064EDB0B43EA43
:101360004143C90BC6E900311CB1BDE87040FFF72D
:10137000C7BF70BD201D0020F0B5494FD7E900540C
:1013800085B0002355EA040206468DF807304BD19C
:1013900020F083FB4FF47A72A0FB023402FB01447D
:1013A000DB0B43EA44439D1C4FEAD4344FF0000268
:1013B0004FF00003C7E9002344F1000400270DF1BA
:1013C000070209210120FDF79BFD9DF80730DB078F
:1013D00047EA000710D420F060FB4FF47A72A0FBBC
:1013E000020302FB0131C30B43EA41439D424FEA32
:1013F000D13174EB0101E2DA9DF8073013F00104FA
:1014000014D1062008F0FAFB30B1264B43610223C9
:10141000037444748474C474234900234FF48452C5
:101420001EF005FE05B0F0BD0235BFE713F0020364
:101430001E4D13D02C7894B9062008F0DFFB30B194
:101440001B4B43610223037444748474C4740023EB
:1014500015494FF486521EF0EAFD01232B7001213D
:10146000062302AA0846FDF7F1FC384313D00820F2
:1014700008F0C4FB48B10F4B43610F4B836103235A
:101480000374002343748374C374074900234FF427
:10149000C2521EF0CCFD314602A8FFF74DFEC1E757
:1014A000201D00200A850300CC250300B45B00202A
:1014B00019850300495903002F8503002DE9F04FDA
:1014C0009DB017460E460790414BD7E90001002218
:1014D00055EC124B5BEC11AB8DED000BEEF75EFFA4
:1014E000DDE90023C7E9000110461946EFF70CF9C2
:1014F0005246CDE902015B4650465946EFF704F9E2
:101500002246CDE904012B4620462946EFF7FCF898
:10151000DDE9042380468946DDE90201EEF73EFF5E
:1015200042464B46EEF73AFF41EC100B1BF012FD22
:10153000D6E9000153EC102BEEF730FF9DED027B56
:101540008DED087B9DED047BC6E9000152465B46AC
:10155000504659468DED0A7BCDE90C89EEF71EFF0A
:1015600022462B4680468946EFF7CEF8DDE9002378
:10157000CDE90E0110461946EEF710FF22462B4624
:1015800006460F46EFF7C0F85246CDE910015B461C
:1015900030463946EFF7B8F82246CDE912012B461E
:1015A00020462946CDE91467CDE91689EEF7F6FE07
:1015B000074B0022CDE91801CDE91A230798012332
:1015C0000A2208A91CF047FF1DB0BDE8F08F00BF3C
:1015D0000000F03F2DE9F04F95B08DED060B059022
:1015E0004FF490708DED081B0D461AF0B9FFDFF82F
:1015F00030A3DFF83083CAF800000A27002606224D
:101600002B461146CDE9016600971CF076FFC020FD
:101610001AF0A6FF0624C8F800002B462146CDE9A3
:101620000164042200971CF068FFC0201AF098FFA4
:10163000DFF8F4922B46C9F800002246CDE90146B6
:10164000042100971CF059FF80201AF089FFA84E52
:10165000042230602B461146CDE9014400971CF06E
:101660004CFFDDE90823DDE90601EFF777F9CDE965
:10167000100130689F4D042100F0C6FC0421306841
:10168000F1F732FFC0201AF06BFF28600194D9F8FF
:1016900000300093042331681A46F0F779FD306872
:1016A000954E20F024FAD9F8000020F020FA4FF4EB
:1016B00090701AF055FF306001942B680093D8F8B1
:1016C00000108E4D22460423F0F762FDD8F800008A
:1016D00020F00DFA4FF490701AF042FFDAF8007023
:1016E000D6F8009028600446B84607F5907AF8E8E6
:1016F0000201F9E80223EEF74FFED045E4E80201CB
:10170000F5D1384620F0F3F930687D4F7D4C20F05C
:10171000EEF94FF490701AF023FF0026C0E902673B
:10172000C0E90467C0E90C67C0E91067C0E9186741
:10173000C0E91A67744F2060002200230026C0E928
:101740000023C0E90623C0E90823C0E90A23C0E951
:101750000E23C0E91223C0E91423C0E91623C0E90F
:101760001C23C0E91E23C0E92023C0E92223C0E9CD
:101770002423C0E92623C0E92823C0E92C23C0E99B
:101780002E23C0E93023C0E93223C0E93423C0E965
:101790003623C0E93A23C0E93C23C0E92A67C0E9FF
:1017A0003867C0E93E23C0E94023C0E94223C0E9CD
:1017B0004423C0E946674FF490701AF0D1FE534FAE
:1017C0000626386001962B6800932168334632461E
:1017D000F0F7DEFC20684E4C20F089F928684D4D6A
:1017E00020F085F94FF490701AF0BAFE32460146A7
:1017F00028603868F1F7C8FE30201AF0B1FE20608A
:1018000030201AF0ADFE444A10606422CDE9006237
:10181000034622682968386800F0B4FE386820F072
:1018200066F9D4F800B0DA46FAE802670125002428
:10183000FAE8028932463B4640464946EFF7F4F95A
:1018400010B146464F462C460135062DF0D158467C
:1018500020F04DF9304B314D186820F048F9302018
:101860001AF07EFE2B4A28600346106800EBC40481
:10187000D4E90067C3E90067D4E90C67C3E90267EC
:10188000D4E91867C3E90467D4E92467C3E90667A4
:10189000D4E93067C3E90867D4E93C67C3E90A675C
:1018A00020F025F92C6894ED047B8DED067B94EDFA
:1018B000067B8DED087B94ED087BD4E900898DEDE6
:1018C0000A7B94ED0A7B42464B46404649468DEDE5
:1018D0000C7BD4E902ABEEF717FF524606460F46E3
:1018E0005B4650465946EEF70FFF02460B461DE099
:1018F0009837002094370020903700208C37002044
:101900000000E03FA83700200000D0BF883700204B
:101910007C37002080370020783700207437002083
:10192000A4370020A03700209C37002030463946DD
:10193000EEF734FDDDE9062306460F46104619464C
:10194000EEF7E2FE02460B4630463946EEF726FD3C
:10195000DDE9082306460F4610461946EEF7D4FE89
:1019600002460B4630463946EEF718FDDDE90A23FC
:1019700006460F4610461946EEF7C6FE02460B46CF
:1019800030463946EEF70AFDDDE90C2306460F46E0
:1019900010461946EEF7B8FE02460B463046394669
:1019A000EEF7FCFC41EC100B1BF0D4FA57EC106B7B
:1019B000404632463B464946EEF7D0FF80468946D0
:1019C00032463B4650465946C4E90089EEF7C6FF09
:1019D00032463B46CDE90E01C4E90201DDE90601CC
:1019E000EEF7BCFF32463B46CDE90601C4E90401EF
:1019F000DDE90801EEF7B2FF82468B4632463B46F0
:101A0000C4E906ABDDE90A01EEF7A8FF32463B4622
:101A1000CDE90801C4E90801DDE90C01EEF79EFFFC
:101A200006460F46C4E90A6700220023404649469D
:101A3000EFF7DCF8F8B109F1004363600E9BA36097
:101A40000F9BC4F8008003F10043E360069B236111
:101A5000079BC4F818A003F1004363610BF1004336
:101A6000E361089B2362099BA66203F10043636262
:101A700007F10043E36220201AF072FDB14EB24F2D
:101A80003060012301933B68B04C00932168DFF87C
:101A9000D082AF4D04220623F0F77AFB2068AD4CCC
:101AA00020F025F818201AF05BFDC8F80000482047
:101AB0001AF056FD206050201AF052FD03462860AF
:101AC0003868D0E900ABC3E900ABD0E902ABC3E9A9
:101AD00002ABD0E904ABC3E904ABD0E906ABC3E980
:101AE00006ABD0E908ABC3E908ABD0E90AABC3E960
:101AF0000AAB1FF0FCFF30682B68D0E9006202F1EE
:101B00000047C3E90C67D0E9026202F10047C3E96C
:101B10000E67D0E9046202F10047C3E91067D0E91B
:101B2000066202F10047C3E912671FF0E0FF286870
:101B30002368894DD0E90067C3E90067D0E90A67E7
:101B4000C3E90267D0E90867C3E90467D0E90A6717
:101B5000C3E90667D0E90267C3E90867D0E9066709
:101B6000C3E90A67D0E90867C3E90C67D0E90667EB
:101B7000C3E90E67D0E90467C3E91067D0E90C67D1
:101B8000D8F80030C3E90067D0E90E67C3E90267FF
:101B9000D0E91067C3E9046790ED127B8DED0A7BF5
:101BA0001FF0A5FF18201AF0DBFC286048201AF06F
:101BB000D7FC6A4F23683860024603F14801F3E816
:101BC00002898B42E2E80289F9D1032100F01CFA74
:101BD0000126634C3868DFF89881DFF8989103217B
:101BE000F1F782FC01962368009303233968286883
:101BF0001A46F0F7CDFA2068564C1FF078FF386887
:101C0000584F1FF074FF2B68D3E9000202F1004126
:101C1000C3E90001D3E9020202F10041C3E9020174
:101C2000D3E9040202F10041C3E9040118201AF0CB
:101C300097FC386001962B680093032321681A46AD
:101C4000F0F7A6FA01963B6800932968464D0323F6
:101C5000324612A8F0F79CFA3868444F1FF047FF4D
:101C600048201AF07DFC0322014628602068F1F725
:101C70008BFC48201AF074FC4822002138601FF0C9
:101C800080FF18201AF06CFCC8F8000018201AF029
:101C900067FC03266422C9F80000CDE90062034610
:101CA000D8F800202968206800F06CFC20681FF03C
:101CB0001EFFD8F80040D7F8008094ED000B1BF011
:101CC00049F988ED000B94ED020B1BF043F988ED08
:101CD000080B94ED040B1BF03DF9204688ED100B2A
:101CE0001FF005FFD9F800001FF001FF2C6894EDEC
:101CF000067BD4E900AB8DED067B94ED0C7B524660
:101D00005B46504659468DED087BEEF7FDFCDDE95C
:101D100006238046894610461946EEF7F5FC024632
:101D20000B4640464946EEF739FBDDE9082380467D
:101D3000894610461946EEF7E7FC02460B46404638
:101D4000494619E07037002074370020943700208E
:101D50006C3700206837002060370020643700208F
:101D6000843700205C370020583700204C37002093
:101D70005437002050370020EEF710FB41EC100BD9
:101D80001BF0E8F859EC108B504642464B4659463A
:101D9000EEF7E4FD4246C4E900014B46DDE90601E9
:101DA000EEF7DCFD4246C4E906014B46DDE90801D9
:101DB000EEF7D4FD94ED087BD4E902AB8DED067B04
:101DC00094ED0E7BC4E90C0152465B4650465946E1
:101DD0008DED087BEEF798FCDDE906238046894609
:101DE00010461946EEF790FC02460B46404649461F
:101DF000EEF7D4FADDE908238046894610461946F5
:101E0000EEF782FC02460B4640464946EEF7C6FA1C
:101E100041EC100B1BF09EF859EC108B50464246DB
:101E20004B465946EEF79AFD4246C4E902014B463D
:101E3000DDE90601EEF792FD4246C4E908014B4692
:101E4000DDE90801EEF78AFD94ED0A7BD4E904ABE5
:101E50008DED067B94ED107BC4E90E0152465B4686
:101E6000504659468DED087BEEF74EFCDDE9062322
:101E70008046894610461946EEF746FC02460B4658
:101E800040464946EEF78AFADDE90823804689464E
:101E900010461946EEF738FC02460B4640464946C6
:101EA000EEF77CFA41EC100B1BF054F859EC108B58
:101EB000504642464B465946EEF750FD4246C4E96D
:101EC00004014B46DDE90601EEF748FD42464B466C
:101ED000C4E90A01DDE90801EEF740FDC4E910019B
:101EE00048201AF03DFBDFF81C81434CC8F8000085
:101EF00048201AF035FB206001963B68009332467B
:101F000033462968F0F744F938681FF0F0FD286877
:101F100031461CF09CFC01962B6800932168D8F890
:101F2000000033463246F0F733F92868334D1FF08E
:101F3000DEFD20681FF0DBFD48201AF011FBDDE913
:101F40000A2328600446DDE91201EEF725FA41EC88
:101F5000100B1AF0FFFFD8F8008057EC106BC14649
:101F600008F1480ADDE91023F9E80201EEF7CCFB9D
:101F700032463B46EEF7F2FCCA45E4E80201F1D1F5
:101F80001F4C40461FF0B3FD2368D3E90001EEF774
:101F900093FE059B18602468D4E90201EEF78CFEDD
:101FA000059B5860D4E90401EEF786FE059B986016
:101FB00020461FF09CFD059C08262B68334453E9FE
:101FC0000201EEF779FEE0602F6807EB0608D8E91A
:101FD0000001EEF771FE2061D8E90201EEF76CFE18
:101FE0001836502E606104F10C04E6D138461FF01B
:101FF0007EFD15B0BDE8F08F483700204037002047
:1020000060370020443700202DE9F04F8BB0CB0023
:102010000193083305910446089305460027059B64
:102020009F42A04603DB00200BB0BDE8F08FFB0011
:1020300009930026B742D5E900AB24D10022002342
:1020400050465946EEF7DCFD002851D14BEC10AB61
:102050001AF080FF2E4653EC102BA6EC020B2649FB
:102060000020EEF77BFC019BCDE90601234404939D
:1020700098460137049B9E4236D0099BA246C34630
:1020800008EB03091DE0F8E8022310461946EEF7B5
:102090003BFB02460B4650465946EEF77DF90136AA
:1020A000C5E90001C6E7FAE80223FBE80201EEF702
:1020B0002BFB02460B46DDE90201EEF76DF9C9E99B
:1020C000000199ED007BAA458DED027BEBD153EC2D
:1020D000172BDDE90601EEF717FB019BC9E90001AB
:1020E0009844E6E80201C5E7089B34461D4496E79C
:1020F0004FF0FF3098E700BF0000F03F2DE9F84FA8
:102100004D1CED00DFF844B004460E4600F1080314
:10211000A5F108094FF000084F1E4FF0000A47458F
:1021200008DC002ED8BF002705FB0744C4E900AB3C
:10213000BDE8F88F43E902AB18464A4600211FF07C
:1021400020FD034608F101082B44E8E70000F03FBA
:102150002DE9F04F85B01546109F02930A2301FB2D
:1021600002F497FBF3F203FB12776B1E0393DB0081
:1021700000EBC40403F1080B04EB0B0AE21806465B
:1021800088464FEAC1090192DAE90001002F43D1E4
:102190000B4602990246D1E90001EEF7FFF8029BD7
:1021A000C3E9000109F10809AF422ADDA5EB0805E2
:1021B00005F10055023D04EBC50354F83500039DBD
:1021C0005B6854F83520019C646823F0004124F0DA
:1021D0000043EEF7E3F80E9C02460B46C4E90023E9
:1021E000EEF792FA0F9BC3E9000100221C4BD4E9E1
:1021F0000001EEF789FA2346C3E9000105B0BDE806
:10220000F08FD6E90001DAE90023EEF7C5F80137CF
:10221000C6E900014E44C7E7A4EB0904E5180246ED
:102220000B46D5E90001EEF7B9F80E9BC3E90001B2
:10223000DAE90023D5E90001EEF766FA019B5C4478
:10224000D3E9002306460F46D4E90001EEF75CFA15
:102250000B46024639463046EEF79EF80F9BCBE719
:102260000000F83F2DE9F04F1D46A9B09346941E9B
:10227000EA0025926FF00702A2EBC50263430392C6
:10228000ABF1030200EBC303521B03EBC2060BEBE3
:10229000050203EBC2070BEB4502013A8DED0E0B75
:1022A0008DED261B03EBCB0A03EBC20309902491AF
:1022B0000893249B9C4221DAA11C01FB05F225987E
:1022C000099FD30003EBC4030830E6003B444FF002
:1022D00000084FF00009594540F3DA802A4406EB24
:1022E000C203099A1A44E11C1346002600275945E7
:1022F00040F3D380204629B0BDE8F08F1AED047B6F
:10230000DDE90E2351EC170B8DED007BEEF744F861
:10231000DDE90023EEF7F8F9DDE92623EEF73EF8D4
:1023200057E90423EEF71AFB5AE90223EEF736F8D1
:1023300017ED027BCDE90A0153EC172BDDE9000113
:102340008DED047BEEF72AF8DDE90E23EEF724F895
:10235000089B93ED007B0A9B10930B9B23F000439B
:10236000CDE9113021F000431393DDE912238046BB
:102370008946DDE910018DED067BEEF70FF8069B2F
:102380001493079B23F000431593DDE91423EEF724
:1023900005F802460B46CDE90C01DDE90A01EEF72E
:1023A000DDFADDE90C23CDE90A0140464946EEF7A6
:1023B000D5FADDE90C2380468946DDE90601EEF712
:1023C000CDFA249B9C423FF477AF5AF8183C169301
:1023D0005AF8143C23F00043CDE9173829F00043A4
:1023E000CDE9193021F000431B93DDE91A23DDE923
:1023F0001801EDF7D3FF02460B46DDE91601EEF7B3
:1024000083F933681C93736823F000431D93009B8A
:102410001E93019B23F000431F93DDE91E23CDE9AA
:102420000601DDE91C01EDF7B9FF049B2093059B34
:1024300023F000432193DDE92023EDF7AFFF0A9B52
:1024400022930B9B23F000432393CDE90001154B0E
:102450000022DDE92201EEF757F902460B46DDE9DD
:102460000001EEF751F90B46039902468A4403989E
:102470000E440F44089901440891DDE9060104F176
:10248000FF38EEF7BDFB00287FF416AF444610E797
:10249000C3E90089013103441DE7C3E90067013145
:1024A000034424E70000B03C2DE9F04F2DED028BF2
:1024B0001C468246D0E9000389B0E50006910AEB8C
:1024C000C40623F0004105F1080303920793B046C8
:1024D0000127A74213DB2A4B0022EEF715F9039BD5
:1024E00041EC180B04F1FF3B1D4400260027BBF113
:1024F000000F19DA09B0BDEC028BBDE8F08F06EBD6
:10250000050BC146D94504D1079B2E440137984499
:10251000DFE7F9E8022323F0004304920593DDE9A5
:102520000423EDF73BFFEDE775E9028932463B46B0
:1025300040464946EEF750FB68B1B0EE480AF0EE6F
:10254000680A039A069900945B465046F0F790FAA1
:102550000BF1FF3BCBE732463B4640464946EEF7A0
:1025600045FB0028F4D0B0EE480AF0EE680A039A62
:10257000069900945B465046F0F762FCE8E700BF1E
:102580000000B03C2DE9F04F93B0934698460022EE
:102590000023CDE910231C9B05914FEAC3095C1E63
:1025A000C9F1000305460D93002C70DB04FB0953B1
:1025B0000C930C9A04F10053013B02EBC3030E93FE
:1025C0006FF00703A3EB09034FF0010A0F933FE0FD
:1025D0003B6806937B6823F000430793A7EB09034E
:1025E0001A685B68089223F000430993BB680A935A
:1025F000FB6823F000430B93DDE90A23DDE90801C2
:10260000EDF7CCFE2C4B0022EEF77EF80B460F992F
:1026100002460F44DDE90601EEF7F2FA30B9049BF9
:102620000D9A1344013E0493002ED1D1A31B17D061
:10263000012B1FD010AB01931C9BCDF808A0009379
:1026400005992346324628461CF06AF80AF1010A29
:102650001D9B9A452DDC0C9B0E9F04932646E3E7B9
:102660009DED100B04983346424659461BF060FF1F
:10267000013C99E71C9B0093013C9DED100B0599D3
:10268000019443465A462846EFF736FEF0E71C9B76
:10269000424659462846FFF707FF1C9B00932846F1
:1026A000059943465A46F0F727FB002013B0BDE8D2
:1026B000F08F4FF0FF30F9E70000B03C2DE9F04F0C
:1026C00095B081460D46059210932B887E2B00F223
:1026D0005B810026B2463346B0460396109AB2425A
:1026E00022DC2C88A4F108036F2B04D9059B1B78EE
:1026F000FF2B00F04881082007F080FA40B1A44B7E
:10270000C0E9053403230374002343748374C37442
:1027100000234FF4C4529F491DF089FC0023059A01
:102720002B80FF231370D0E703991E9A525C0B9203
:102730001F9A42440D921F9A12F808200692209A7E
:10274000D25C099201330C931E9B0B9A0B440493A9
:1027500013440F932A880F990498A2F10803814229
:102760009BB213D1039B0B9A01331A44069B03922D
:1027700008F10108099A98440C9B924413440122E1
:1027800006998A42C0F2F8800136A7E704996F2BB8
:1027900011F8014F049101D89442DBD1082007F0D1
:1027A0002DFA50B17C4B43617C4BC0E906340423C5
:1027B0000374002343748374C37400234FF40452DE
:1027C00074491DF034FC0D9B0A931F9B069ADDF89B
:1027D00024B0CDF820A0434413440E930C9B0793E0
:1027E0000A9B0E9A9342B5D00A9B13F8017F0A9375
:1027F000059B8DF84A701B78FF2B02D09F4240F05A
:102800008680082007F0FAF950B1654B4361634BAD
:10281000C0E9063704230374002343748374C3742C
:1028200000235C494FF404521DF001FC9DF84A302E
:10283000402B34D1A4F11003032B24D840F24B12C7
:10284000ADF84C20D9F80030022213A92046984751
:10285000074600287FF47EAF082007F0CFF940B18B
:10286000504B43614D4B836103230374477487745A
:10287000C774484900234FF4C8521DF0D8FB4220CA
:10288000002118F051FF01220092D9F804700DF1D7
:102890004B030DF14A012046B847074614E0D9F82A
:1028A0000470002BEFD1A4F11403032BEBD8032306
:1028B0000093012213AB0DF14A012046B8479DF861
:1028C0004E308DF84B3007469DF84B301193082061
:1028D00007F094F958B1344B4361304B8361119B3D
:1028E000C36104230374002343748374C3742949AC
:1028F00000234FF404521DF09AFB002F7FF42AAFFF
:10290000209B07999DF84B200B445F450AD1089AFC
:10291000079B5A445B440892209A12F803B0013393
:1029200007935DE713F8011B914223D1059B2C808F
:102930009DF84A501D700A20039207F05FF958B1C4
:102940001A4B039AC561C0E90534052303740023BB
:10295000026243748374C37400230E494FF42352FC
:102960001DF065FB089B1F44219B53F8270015B001
:10297000BDE8F08F0137C8E72099C95C01330B44EB
:102980008A440132FCE62B804FF0FF30EFE700BFB6
:102990002A860300EC2603007C8503004D86030095
:1029A00099850300B7850300CB850300E28503000A
:1029B0002DE9F04F99B000240693894B09921B88AA
:1029C000ADF83C3010AA0123CDE912230FAA1492CE
:1029D0000322159214AACDE91623119308900E46EE
:1029E0008DF83E401094A04623462746099AA242FD
:1029F00023DC3478FF2C00F0F080082007F0FEF88C
:102A000040B1784BC0E905340323037400234374B9
:102A10008374C374744900234FF4C4521DF007FB40
:102A2000FF233370239B0193229B0093099A069BFB
:102A300008983146FFF7BCFFC3E0069ACDF8108036
:102A400012F807B0229AD25C059201330793069BD5
:102A500003EB070909EB0B030A93079B03939246C9
:102A60000A9B4B450BD1059A079B013713449044B1
:102A70005F4401225A45C0F2A9800134B6E732789A
:102A800019F8013F8DF83B30FF2A0CD093420AD051
:102A9000049A039B524453440492229A12F803A0CE
:102AA00001330393DCE70DF13B0243F0800508207E
:102AB00010928DF83B5007F0A1F850B14B4B436199
:102AC0004B4BC0E90635042303740023437483741D
:102AD000C374454900234FF404521DF0A8FA089925
:102AE00051F8040B836812AA1D6816ABA847054667
:102AF000082007F083F850B13E4B43613C4BC0E9DE
:102B0000063504230374002343748374C374364965
:102B100000234FF404521DF08AFA9DF83D309DF8D1
:102B20003E20002B14BF1946114602910C209DF83F
:102B30003C100B91CDE90C2307F060F888B12E4BC7
:102B400043612B4B83610D9B0362029B83620723CE
:102B50000B990C9A03740023C1614262437483741D
:102B6000C374214900234FF464521DF060FA002D14
:102B70007FF476AF229B039A1344554588D013F80F
:102B8000012B02998A421FD19DF83B4034700820E6
:102B900007F034F850B1194BC0E90534029BC3610A
:102BA00004230374002343748374C37400230E4905
:102BB0004FF403521DF03BFA049B1D44239B53F832
:102BC000250019B0BDE8F08F0135D6E72299C95C20
:102BD00001330B44884401324CE74FF0FF30F0E7FB
:102BE000B0280300E3860300F42603009985030060
:102BF0000A8703006D86030079860300A986030017
:102C000007EE900AB8EEE77ADFED0C7A0C4B0D4A2E
:102C1000C7EE276A10B5044693ED007AC6EE877AB0
:102C2000FDEEE77A17EE903A18B21080064A126865
:102C300080B2526A9047054B1C6010BD00007A4478
:102C4000CC370020B85900207C07002074070020F2
:102C500070B5114C2378C3B9104D2C78C4B9104805
:102C600018F076F8062006F0C9FF30B10D4B43612D
:102C70000223037444748474C474BDE870400A4928
:102C800000234FF486521DF0D2B91BF02CFEE1E771
:102C90001BF029FEE1E700BFBF5B0020BA5B00200C
:102CA000181E00202A870300CC26030010B5094C0B
:102CB00023785BB11EF0F1FE074BC3E9000100234E
:102CC00023700648BDE8104018F088BD012323702A
:102CD00010BD00BFB95B0020F81E0020181E0020A8
:102CE0002DE9F04F85B000AF00247860A14625465D
:102CF000A3462646A046A2460F2107F10F02002058
:102D000087F80FA0FCF7FCF8F97B002D08BF0E46F2
:102D1000702920D101340135C82DEDD18EB06A461D
:102D2000114B53617B68C2F830B0C2E906344FF4EE
:102D3000007393860D4BC2E90898C2E90A6142F814
:102D4000103F0B4800234FF4994107F037F914372F
:102D5000BD46BDE8F08FFF290EBF09F1010908F15A
:102D600001088B46D7E700BF428703000900000136
:102D7000CC26030007B5054B0193054B00930222B7
:102D8000044BFFF715FE03B05DF804FB702D030044
:102D9000B78F0300CE8F03001FB5074B0393074B7C
:102DA0000293074B0193074B00930B23FFF786FC1D
:102DB00005B05DF804FB00BF002D03004B8F03003E
:102DC0007B8F03009A8F0300044B1B68002BA6BF68
:102DD000034A52F823000348704700BF84070020CD
:102DE000BC0800209F870300044B1B68002BA6BF74
:102DF000034A52F823000348704700BF80070020B1
:102E000024080020B5870300044B1B68032B9ABFDE
:102E1000034A52F823000348704700BFC837002018
:102E200014090020B587030010B5124B1A68124B25
:102E30009A4204460BD1114B2360012002F098FC0A
:102E400000280CBF4FF0FF306FF0010010BD1BF0E9
:102E50004DFD0B4AD2E90032C01A40F2E93361EB72
:102E60000201984271F10001E5DA064B1B6823600C
:102E70000020EBE77C070020E02D03000000C841A4
:102E800050050020DC3700202DE9F041204B21497E
:102E90001B68214AB3F8760318B1888093F87A0347
:102EA0001070B3F878031D4D1D4C18B193F87B33A7
:102EB000A880237008208F88167806F09FFE48B1FE
:102EC000184BC661C0E9053704230374002343741B
:102ED0008374C374144900234FF403521DF0A7F800
:102EE0000820AD88247806F089FE48B10F4BC461F4
:102EF000C0E9053504230374002343748374C37449
:102F0000BDE8F041084900234FF403521DF08FB88B
:102F10003807002000380020D80C0020F8370020A7
:102F2000D70C0020BA870300CC260300E0870300FB
:102F3000094B0A4A1B689288A3F87623084A9288AC
:102F4000A3F87823074A127883F87A23064A12787E
:102F500083F87B23F5F73EBE3807002000380020B9
:102F6000F8370020D80C0020D70C0020054B1B6838
:102F70000022A3F87623A2F58032C3F87823F5F770
:102F800029BE00BF380700202DE9F84FB44E00AF2E
:102F90003378002B59D1B34B1C78002C40F05E8164
:102FA00001233370FFF770FFAF4BB04A5A60062021
:102FB00006F024FE30B1AE4B436102230374447427
:102FC0008474C474DFF8F892AA49AB4CDFF8F48239
:102FD00000234FF486521DF02AF8A3484946FFF714
:102FE000C9FE051EC0F2D7809F48FBF783FE112D56
:102FF0002EDD062006F002FE38B1A04B436102230D
:103000000374002343748374C3749A4900234FF4F8
:1030100084521DF00CF8FFF7A9FFC4F800800820C7
:103020000024347006F0EAFD40B1954B4361954BA6
:1030300083610323037444748474C4748D4900232E
:103040004FF4C2521CF0F3FFBFE01BF04CFC9FE7B3
:103050008D4BEA4688B053F825306A468B49C2E961
:1030600005134FF400739383894B42F8103F0023FC
:1030700080484FF4E65106F0A1FF864B53F8253007
:10308000D546002BC7D04345C5D099F90020DFF8BD
:103090003882DFF838A2DFF838922360002A60DA3D
:1030A0000022DB6A1146022098470446002858D1C6
:1030B000062006F0A3FD30B1774B43610223037471
:1030C00044748474C474DFF80CB26A4900234FF46A
:1030D00086521CF0ACFFBBF80420802A9DBF002262
:1030E000ABF804206D4A02F07F029ABFFF211170F5
:1030F000ABF80420FBF7A4FE684A6949FFF74CFED1
:10310000132804466AD8674B53F82010002900F0B2
:10311000E380414500F0E08091F821209BF8040015
:1031200091F82010FBF7F0FDBBF8042042F080027C
:10313000ABF80420002800F0CF80082006F05EFDE8
:1031400048B1594B43614F4B836103230374002300
:1031500043748374C374474900234FF4C2521CF074
:1031600066FF4FF0FF34062006F048FD38B14F4BA4
:10317000436102230374002343748374C3740023E4
:103180003C494FF484521CF052FFCAF800800023DF
:1031900089F8003051E0082006F030FD48B1444B7A
:1031A0004361384B836103230374002343748374A6
:1031B000C37400232F494FF4C2521CF038FFFFF7AD
:1031C000D5FE0023C4F8008033700121084602F0C8
:1031D0000FFA4FF0FF30BD46BDE8F88FC3DD062083
:1031E00006F00CFD38B1254B436102230374002324
:1031F00043748374C3741F4900234FF484521CF03A
:1032000016FFCAF8008008204FF0000889F80080F7
:1032100006F0F4FC58B1274B43611A4B836103233A
:10322000037480F8118080F8128080F813801149AF
:1032300000234FF4C2521CF0FAFEFFF779FE21463C
:103240002846F3F7BBF91C4B1D601C4B1C60054B5B
:10325000012000211870317002F0CAF90020BAE78D
:10326000BF5B0020C05B0020BC0700208096980058
:103270000F880300CC2603007C0700202888030069
:103280005A880300C58D0300BC0800203D88030058
:10329000030000017408002070880300D70C002090
:1032A000FC370020D40700209F880300D688030045
:1032B00046880300EF880300840700208007002071
:1032C000D80C0020E02D0300BC2D0300780700205F
:1032D000BD5B0020F8370020114BEB4688B053F857
:1032E00024306A460F49C2E905134FF400739383F3
:1032F0000D4B42F8103F00230C484FF4E65106F006
:103300005DFE0B4B53F82430DD46002B3FF479AFC4
:1033100043453FF476AFCAF80030012338E700BFD9
:10332000240800203D88030003000001CC26030090
:10333000D407002008B502F0F9F8FFF725FED0B158
:10334000A420002118F0F0F9062006F057FC38B14F
:103350000B4B436102230374002343748374C374CF
:1033600000234FF4865207491CF061FE064B0022F1
:103370009A80FFF709FEBDE8084002F0C3B800BF1D
:103380000E890300CC260300003800202DE9F14F00
:10339000894B8A4D1B68DE8816F0200600F0DE801F
:1033A000062006F02BFC38B1854B436102230374E1
:1033B000002343748374C374824900234FF48652FC
:1033C0001CF035FE002637462B6803EB86030E20E3
:1033D000D3F844B1D3F850A1D3F85C91D3F8688105
:1033E00006F00CFC0446D0B1774B43615846EDF72C
:1033F00033F9C4E906015046EDF72EF9C4E9080196
:103400004846EDF729F9C4E90A014046EDF724F9E9
:10341000C4E90C010A2323746774A774E77469492B
:10342000002345F2C002204601361CF000FE032EA8
:10343000CAD12B680C20D3F8FC80D3F80071D3F8E4
:10344000046106F0DBFB0446B0B1604B43614046CB
:10345000EDF702F9C4E906013846EDF7FDF8C4E9D5
:1034600008013046EDF7F8F80823C4E90A0123748F
:1034700000236374A374E3740023524944F2C0022E
:1034800020461CF0D4FD524B1B78002B4CD0514BE6
:103490001B78002B48D0062006F0B0FB38B14E4B0D
:1034A000436102230374002343748374C374454946
:1034B00000234FF486521CF0BAFD002637462B68D5
:1034C00003EB86030E20D3F814B1D3F820A1D3F870
:1034D0002C91D3F8388106F091FB0446D0B13A4BD9
:1034E00043615846EDF7B8F8C4E906015046EDF7D8
:1034F000B3F8C4E908014846EDF7AEF8C4E90A019B
:103500004046EDF7A9F8C4E90C010A232374677457
:10351000A774E7742B49002345F2C0022046013608
:103520001CF085FD032ECAD12B6893F87431002B53
:103530003ED0062006F062FB38B1284B43610223DF
:103540000374002343748374C3741E4900234FF42F
:10355000865201B0BDE8F04F1CF069BD2B680C200D
:10356000D3F8F090D3F8F480D3F8F87006F046FB67
:103570000446A8B11A4B43614846EDF76DF8C4E91B
:1035800006014046EDF768F8C4E908013846EDF752
:1035900063F8C4E90A01082323746674A674E67408
:1035A0000849002344F2C00220461CF040FD40E7D9
:1035B00001B0BDE8F08F00BF3407002038070020BD
:1035C000F7570300CC2603000D5803006A5603008A
:1035D000BD5B0020BC5B0020C458030028890300A9
:1035E0004756030010B50A4B1B7883B1094C0A4BB0
:1035F00020681B6800F275109B689847074A23688B
:10360000126883F87421BDE81040F5F7E3BA10BDE5
:10361000C15B00203807002088070020C837002041
:1036200008B5034B1B780BB1F0F7B6F808BD00BF27
:10363000C05B002010B5034C237803B910BD1BF00C
:1036400052F9F9E7BA5B0020044B01221A70044BCF
:103650001B780BB1FFF7FCBA704700BFBE5B0020C0
:10366000BA5B00202DE9F0433F4E337889B0044621
:103670000BB1002875D0FFF7E7FF3C4809F076FB57
:10368000062006F0BBFA38B1394B436102230374BC
:10369000002343748374C374002336494FF4865265
:1036A0001CF0C5FC344B00251D703570CCB1334B7C
:1036B000334A9D80334B9D80FF231370324A06208E
:1036C000137006F09BFA30B1304B43610223037450
:1036D00045748574C574274900234FF486521CF045
:1036E000A6FC4FF000084FF0000900250727CDE9A0
:1036F0000689CDE90375CDE90155254B254900958E
:103700004FF48062194817F059F94FF0FF3317480A
:103710004FF0FF3218F0AAF93378FBB1F4B102246C
:10372000CDE90689CDE90374CDE901551A4B194954
:103730000E4800954FF4806217F040F9062006F01D
:103740005DFA28B1154B4361047445748574C574E2
:10375000084900234FF486521CF069FC307880F051
:10376000010009B0BDE8F083C05B0020181E0020F6
:10377000FF8C0300CC260300BE5B00200038002035
:10378000D80C0020F8370020D70C0020158D03003E
:103790003533010000740020213601002B8D030019
:1037A00070B500201B4EFFF75DFF347805468CB9DD
:1037B000D8B901F0BBFE33783BB9174B1B685B6887
:1037C0009847BDE8704001F09DBE144B1B685B68D4
:1037D0009847F2E701F0AAFE33781BB10F4B1B6844
:1037E0005B689847002DECD1E7E7082006F006FA61
:1037F00040B10B4B43610B4B83610323037444744F
:103800008474C474BDE87040074900234FF4C25269
:103810001CF00DBCBD5B00207C0700207807002059
:103820003F8D0300A98D0300CC26030010B50020B6
:10383000FFF718FF50B901F079FE0F4B1B689B6A28
:103840009847044601F05EFE204610BD082006F0B1
:10385000D5F948B1094B4361094B836103230374D4
:10386000002343748374C374064900234FF4C25287
:103870001CF0DDFB0024E7E77C0700205E8D0300E1
:10388000988D0300CC26030010B50D4B1B78B3B107
:103890000C4817F049FD062006F0B0F938B10A4B84
:1038A000436102230374002343748374C374BDE82B
:1038B0001040064900234FF486521CF0B8BB10BDDF
:1038C000BE5B0020181E0020828D0300CC26030062
:1038D000084B1B7863B1084A084B92ED001A084A5E
:1038E0001B68D2ED000A074A1B6892ED000A1847D0
:1038F000704700BFB55B0020D0370020880700204C
:10390000D8370020D43700201FB5FFF7E1FF0D4B5B
:103910001B786BB10023CDE9013303930A4B1B687D
:1039200001A81B6A9847FFF75DFE05B05DF804FB30
:10393000064A126882F8743105B05DF804EBF5F7B9
:1039400049B900BFC15B002088070020380700206C
:103950009FED010A704700BF000000009FED010AC3
:10396000704700BF0000000038B5264C20681DF0ED
:103970007CFF38B96FF00100234AB0FA80F35B098D
:10398000137038BD214D28461DF06FFF0028F1D07F
:103990006B68A9681B682A6998040AD41C491D48E9
:1039A0004FF47F721BF095FE19484FF47F711BF0A6
:1039B00087FE136823F4005313600B684FF4C02292
:1039C0000D21284698470028D6D10146142204F13B
:1039D0000C001EF0D6F804F1200262610222A261FE
:1039E00040F20E720123A28321460B4A2361A37782
:1039F0004FF40073C4E9012351F8040B83681B687A
:103A00009847B9E724090020C25B00209C1D0300F1
:103A1000E78A0300188B03000404034010B5144B1D
:103A20001B780BB3134B59681A69096889040AD4C7
:103A30001149124840F28D621BF04BFE0E4840F2D5
:103A40008D611BF03DFE1268920448BF80F00100BA
:103A500038B19B68DB680748BDE810404FF400515F
:103A600018479B681B69F6E76FF0010010BD00BFA7
:103A7000C25B00209C1D0300E78A0300188B030033
:103A800073B5144B1B7813B3134D294651F80C0B27
:103A900083685B6898470023AB77B0B92B68B5F9AA
:103AA00020409B6828791B892E7F634301A90193DD
:103AB0000CF0B2F808B9019C344108484CF2387255
:103AC000002384FB0001EDF797F902B070BD6FF0A1
:103AD0000100FAE7C25B002024090020D84D020053
:103AE00070B506460120FFF799FF044670B9FFF74D
:103AF000C7FF05462046FFF791FF002D08DB356024
:103B000028460449BDE870401AF020BF4FF0FF344A
:103B1000204670BDE840030070B51DF0BEFF084BA5
:103B20001B68D3E90A24D3E90856521B64EB060448
:103B3000121844EB0104C3E90A24C3E9080170BD6B
:103B40003807002010B50446FFF7E6FF0B4B1B6853
:103B5000002000214FF4FA721C835C8304F2F314FA
:103B600094FBF2F4C4EB441204EB8204C3E90A01AF
:103B7000C3E90E01A4001C8610BD00BF3807002059
:103B80001FB50D4B1B68B3F91810B3F91A20881A2A
:103B9000B0F57A7F0DDBADF80220D3E90A23ADF84A
:103BA0000010CDE90223002110236A46082001F00D
:103BB00087FF05B05DF804FB380700202DE9F04FC2
:103BC00098208FB018F0CCFC00254FF0FF3A8146CA
:103BD000A0F108062F46AB46A846544605F1090059
:103BE000202206A980B201F0A7FFBDF81820B2B3C9
:103BF0000023DDE90801EDF7FFF84FFA85FAC71950
:103C000008F101084BEB010B02460B46B4F1FF3FF4
:103C100008BF54465FFA88F846F8082F0135132D7F
:103C20007360DBD1B8F1010F01D9631C19D10620F3
:103C300005F0E4FF38B1414B4361022303740023D4
:103C400043748374C3743E4900234FF484521CF0C0
:103C5000EEF948460FB0BDE8F04F1DF048BF1346DF
:103C6000DAE7242018F07CFC2422002100901DF0CB
:103C700088FFC4EB441304EB83039B009BB24246D2
:103C800002933846002359460AF10105EDF7B4F8CE
:103C90002D1BC5EB451605EB8606A5EB0805EA17B7
:103CA00005FB01F302FB0033B600A5FB00521344F1
:103CB00036B2EA194FF0000543EB0B030190039174
:103CC00009EBC407A8464FEAE67B544515DB484696
:103CD0001DF00DFF1B4B009A19681D202423403155
:103CE00001F0EEFE00981DF002FF174A137823F052
:103CF000080313700FB0BDE8F08FD7E9001051EA48
:103D0000000C04BF01990398491940EB08080D46BF
:103D100006FB08F1A6FB050C05FB0B116144CDE980
:103D20000432EDF769F8029B1844009B083723F82A
:103D30001400DDE904320134C7E700BFE08F03005F
:103D4000D425030038070020C55B002008B5054BCB
:103D5000186031B9044B18601DF09FFE034BC3E996
:103D6000000108BD4C09002048090020481F002020
:103D700070B5474B474CB3F900208242054603D14A
:103D8000B4F90050284670BD18804FF4FA7390FBC8
:103D9000F3F3D9B24A1E112A36D83F4A10685A1E88
:103DA00012B2203230F912204AB1122935D191B223
:103DB00042F2107399423BD842F21C5314E0C3EB19
:103DC000431203EB82029200122912B2F4D0203384
:103DD00030F91330002B54D14B1CDBB2C3EB431131
:103DE00003EB81039B001BB29A4221DC4FF4FA7073
:103DF00095FBF0F100FB115109B29B1A4B4393FB69
:103E0000F0F313441DB227E0C1EB411201EB820233
:103E10009200112990B212B220D81F4820330068B6
:103E200030F9133096B242F2107043BB8642D3D9B8
:103E3000082005F0E3FE48B1184B4361184B83613D
:103E400003230374002343748374C374154900234C
:103E50004FF4C2521CF0EBF8258093E70131C1EB1F
:103E6000411301EB830189008BB242F21071884249
:103E7000DED842F604118B42DAD81BB2B6E786428E
:103E8000D6D898B242F604118842D1D8ACE700BF28
:103E90003A0C0020380C00203807002090910300D5
:103EA0003D920300D4250300014B1868704700BF02
:103EB0004C090020054B1B6841F29312A3F2DD5020
:103EC000904294BF18464FF0FF30704748090020D9
:103ED000014BB3F9000070473E0C0020014BD3E9C1
:103EE00000017047481F00202DE9F041244F254D67
:103EF0003C7814F0010488B004D0D5E9000108B082
:103F0000BDE8F08100220023C5E900230926202214
:103F10006946304601F010FEBDF800206AB100236A
:103F2000DDE90201ECF768FFD5E90023801843EBD7
:103F30000103C5E900030134E4B20136B6B21C2E18
:103F4000E5D1D4B1D5E90086C4F11400C31700FB54
:103F500006F108FB0311A0FB080C00232246614474
:103F6000ECF74AFF3B7810EB080046EB010143F009
:103F70000103C5E900013B70C1E720462146BEE7C9
:103F8000C55B0020301F00202DE9F041234F244D58
:103F90003C7814F0020488B004D0D5E9000108B0E0
:103FA000BDE8F08100220023C5E900230926202274
:103FB0006946304601F0C0FDBDF8003053B1D5E987
:103FC0000021049B9B18059A42EB0102C5E90032CF
:103FD0000134E4B20136B6B21C2EE8D1D4B1D5E931
:103FE0000086C4F11400C31700FB06F108FB03119F
:103FF000A0FB080C002322466144ECF7FDFE3B7851
:1040000010EB080046EB010143F00203C5E9000193
:104010003B70C4E720462146C1E700BFC55B0020D6
:10402000281F00202DE9F041234F244D3C7814F047
:10403000040488B004D0D5E9000108B0BDE8F081DF
:1040400000220023C5E900230926202269463046C4
:1040500001F072FDBDF8003053B1D5E90021069B97
:104060009B18079A42EB0102C5E900320134E4B221
:104070000136B6B21C2EE8D1D4B1D5E90086C4F120
:104080001400C31700FB06F108FB0311A0FB080C8A
:10409000002322466144ECF7AFFE3B7810EB0800AA
:1040A00046EB010143F00403C5E900013B70C4E79E
:1040B00020462146C1E700BFC55B0020201F00202D
:1040C00070B51B4E33781B0703D51A4BD3E900019B
:1040D00070BD194B194AD3E90013914273F10003E3
:1040E00002D200200146F3E7FFF7FEFE50EA01038B
:1040F00004460D46F5D0124BB3F900000028F0DB62
:10410000FFF736FE031EECDBDA175D43A3FB040169
:1041100004FB0255002342F210722944ECF76CFEB6
:10412000044BC3E90001337843F008033370CFE751
:10413000C55B0020181F0020401F002001001E004A
:104140003E0C002070B50F4E0F4D337813F0100366
:1041500088B002D0286808B070BD2B6009242046C2
:104160002022694601F0E8FC01342B68BDF800000C
:10417000A4B218441C2C2860F1D1337843F010030A
:104180003370E8E7C55B00200838002070B5104E9A
:10419000104D337813F0200388B002D0287808B08F
:1041A00070BD2B70092420226946204601F0C4FC12
:1041B000BDF8003013B12B7801332B700134A4B259
:1041C0001C2CF0D1337843F020033370E6E700BFB6
:1041D000C55B0020C45B00200A4B1A6800233E32F6
:1041E00032F9021F002907DDDBB2C3EB431203EBF8
:1041F0008203980000B270470133122BF0D14FF0C8
:10420000FF30704738070020094B1A68112303F16B
:10421000200132F91110002902DC013BDBB2F6E784
:104220000233C3EB431203EB8203980000B27047E2
:104230003807002030B52B4D2B788DB033B92A4884
:104240001BF0D4F901232B700DB030BD27481BF0B3
:10425000CDF94FF0FF30FFF775FC102200216846C2
:104260001DF08FFC10236A460021082001F028FC75
:1042700009242022002104A81DF083FC20460134DB
:10428000202304AA0021A4B201F01AFC1C2CF0D1B6
:10429000242018F065F92422002104461DF071FC49
:1042A000134B19682246242340311D2001F008FCDD
:1042B00020461DF01CFC0F4B002406201C702C70A7
:1042C00005F09CFC30B10C4B436102230374447431
:1042D0008474C474094900234FF486521BF0A7FE6E
:1042E000B2E700BFC35B0020A29103000C92030061
:1042F00038070020C55B002027920300D425030067
:104300000F4B53F8203022EAE272002B01FB02F23D
:1043100042F21071B2FBF1F20BDA0A4B1B68B3F9EF
:104320000A304FF4FA60534393FBF1F35843F0F72C
:1043300047BD4FF4FA605A43B2FBF1F25043F6E73F
:10434000102E03003407002010B5034600681B79C7
:1043500002690121994043681B6819420AD10A4940
:104360000A4840F28D621BF0B4F9074840F28D61B3
:104370001BF0A6F9136819428368BDE810400CBF12
:104380001B69DB68184700BFE78A0300188B03002E
:1043900070B503460C46DA8800681979224302F0AA
:1043A0003004302CD0E9013605690AD11849194882
:1043B00040F2E2321BF08DF940F2E23114481BF07A
:1043C0007FF902F00604042C08D11149114840F28B
:1043D000E9321BF07EF940F2E931EFE71B68012476
:1043E0008C401C4208D10A490A484FF47F721BF0E6
:1043F00070F94FF47F71E1E72B6812F0010F14BFE1
:104400002343A3432B603368BDE87040184700BFC7
:10441000E78A0300188B030010B5174C4FF40031E6
:104420002046FFF7B5FF2046144CFFF78DFF4FF4F1
:1044300000312046FFF7ACFF2046114CFFF784FF08
:104440004FF400312046FFF7A3FF20460D4CFFF745
:104450007BFF4FF400312046FFF79AFF20460A4CBD
:10446000FFF772FF4FF400312046FFF791FF20461F
:10447000FFF76AFF002010BD442E03003C2E03000E
:10448000342E03002C2E0300242E0300012870B5C7
:10449000354E04460D4639D817F0E6F9334B8342C2
:1044A00034D1334B1B68F4542F49002211F8013BDF
:1044B000012B03D10132082AF8D123462D4908786F
:1044C000984225D1012B4DD8294B1A602A4B002246
:1044D0001A600021294806F095F929480021FFF7C4
:1044E00057FF28480021FFF753FF27480021FFF717
:1044F0004FFF26480021FFF74BFF25480021FFF71B
:1045000047FF1A48BDE8704016F022BC7455CBE74F
:104510000B7017490A60184A0021012B1160D8D985
:1045200017F0A2F9114DA842044610D0284616F003
:104530000FFC0121114806F065F9FFF76DFF2846D1
:1045400016F0F2FE2846BDE8704017F047B9012189
:104550000A4806F057F9FFF75FFF204616F0E4FE21
:104560002046F0E770BD00BFD90C0020501F00208E
:1045700010380020C65B00200C380020701F03009C
:10458000442E03003C2E0300342E03002C2E030087
:10459000242E030038B5AD4DAD4C2B78023B122BC9
:1045A0001AD8DFE813F013001D0033004300520057
:1045B000680078008C009D00AD00B300C100F100E0
:1045C0000B011D01270131013901440142F2107232
:1045D00011460020FFF794FE9E4816F0B9FBDCE779
:1045E0002268013202F0010248BF524242F21071C9
:1045F000042022604A43FFF783FE2368012B14BF87
:104600004FF4617064201AF0E2F9C6E722680132C3
:1046100002F0010248BF524242F2107122600020B3
:104620004A43FFF76DFE4FF4FA70ECE7226801325F
:1046300002F0010248BF524242F210712260002093
:104640004A43FFF75DFEC820DDE72368013313F01E
:10465000010F42F210710CBF0A46002201202360B4
:10466000FFF74EFE2368032B40F0EE80002101206F
:10467000FFF70CFF91E72368013313F0010F42F2BB
:1046800010710CBF0A46002201202360FFF738FE9C
:104690002368052BE8E72368013313F0010F42F28A
:1046A00010710CBF0A46002203202360FFF728FE8A
:1046B0002368072B40F0C88000210846D8E723680C
:1046C000013313F0010F42F210710CBF0A460022B1
:1046D00001202360FFF714FE2368052BB3D1C5E743
:1046E0002368013313F0010F42F210710CBF0A4628
:1046F000002201202360FFF703FE2368092BEDE76A
:1047000042F210724FF4FA61012063E7226801322D
:1047100002F0010248BF524242F2107322604FF48D
:10472000FA615A4303207CE722684FF47A7301321E
:1047300092FBF3F103FB1122B2F5FA7F2260C8BFAE
:104740009A1AC72A08DC1E235A43032042F210712A
:10475000FFF7D6FD052056E7B2F5967F06DAC83A90
:10476000142141F2707301FB0232EEE7B2F5C87F0B
:10477000ABBF02EB8202C2EB021202F5EA5202F672
:10478000AC52A8BF0C32E0E72368013303F0010309
:104790001A4642F2107148BF5A42002B22604FF075
:1047A00000000CBF0A460022FFF7AAFD2368002B79
:1047B00042F2E45008BF4FF4967024E722680A23BF
:1047C000013292FBF3F103FB11222260032AD4BFD2
:1047D00002F00102002242F210714A43022020E757
:1047E00022680A23013292FBF3F103FB11222260BB
:1047F000052AECE722680A23013292FBF3F103FB5E
:1048000011222260072AE2E72268013202F0010247
:1048100048BF52422260DEE72268013202F0010204
:1048200048BF524242F2107122604A437AE722683E
:10483000013202F0010248BF524242F2107122607E
:1048400002204A43FFF75CFD6420DCE6C65B0020E3
:104850000C380020501F002007B5012000F088FF11
:1048600088B1062005F0CAF938B11B4B4361022319
:104870000374002343748374C374184900234FF4F2
:1048800084521BF0D4FB042000F072FF88B1062094
:1048900005F0B4F938B1124B4361022303740023CD
:1048A00043748374C3740D4900234FF484521BF086
:1048B000BEFBFEF7C9FEFEF773FF00210846FFF7B7
:1048C000E5FD9FED080A01A900201AF0FAF801F0B1
:1048D00087F803B05DF804FB92920300A42603005E
:1048E000C89203000000000008B503685909024699
:1048F00013D0012906D103F01F034FF6FF71D940F1
:10490000C80712D40A490B4840F2CA321AF0E1FE35
:10491000074840F2CA311AF0D3FE4FF0FF31D940B8
:10492000C907EFD54FF0A04000E00348136008BD71
:10493000FE920300188B03000003005010B50820FE
:1049400005F05CF948B1094B4361094B83610323CE
:104950000374002343748374C374BDE81040054995
:1049600000234FF4C2521BF062BB00BF319303001F
:1049700004960300A4260300034B1A680AB1FFF74C
:10498000DDBF1860704700BF1438002008B506204E
:1049900005F034F938B1094B436102230374002355
:1049A00043748374C374002305494FF486521BF08B
:1049B0003EFBBDE80840C8201AF028B86293030007
:1049C000A426030008B5064805F0BEFA30B14368D6
:1049D0005B791BB1BDE80840FFF7D8BF08BD00BF39
:1049E0007B93030037B50446062005F007F938B17C
:1049F0006C4B436102230374002343748374C374B8
:104A0000002369494FF486521BF011FB674B1B686A
:104A10005B88DB0633D594BBF3F7B0FC58BB644C22
:104A2000D4E90032134308D119F0E2FF47F23053C2
:104A3000C01841F10001C4E9000119F0D9FFD4E91F
:104A40000023904299414FF0060080F2988005F0D3
:104A5000D5F838B1574B43610223037400234374E4
:104A60008374C374504900234FF4865203B0BDE8E9
:104A700030401BF0DCBA00F081FE0028CFD0FFF7F9
:104A8000EBFEFEF7AFFDFEF7D1FE0446062005F073
:104A9000B5F838B1484B43610223037400234374D3
:104AA0008374C374404900234FF486521BF0BFFA4D
:104AB000082005F0A3F850B1404B43612B23C0E917
:104AC000063404230374002343748374C374364987
:104AD00000234FF403521BF0AAFA2B2501A80195DD
:104AE000FFF702FF019B019500EB8300344BD0F8E8
:104AF00000271340C4F3071243EA8203C0F80037CB
:104B000001A8FFF7F1FE019B00EB830004F00F0406
:104B1000D0F8003723F4403343EA0444C0F8004798
:104B2000062005F06BF838B1264B4361022303746D
:104B3000002343748374C3741B4900234FF48652CB
:104B40001BF075FA062005F059F838B11E4B436189
:104B500002230374002343748374C3744FF4865296
:104B6000114900231BF063FA184B1978184BB3F95D
:104B70000000EFF7A5FEFFF725FF1AF0B9FE05F0DC
:104B80003DF838B1134B436102230374002343748F
:104B90008374C374044900234FF486521BF047FA10
:104BA0006DE700BF8C930300A426030034070020A8
:104BB00030200020A2930300F49303000B94030021
:104BC000F0F8FCFF2C94030048940300CB5B00201A
:104BD0006E0C0020D993030008B5062005F00EF8EE
:104BE00038B1174B43610223037400234374837469
:104BF000C374144900234FF486521BF018FAFFF7D0
:104C00002BFE062004F0FAFF38B10F4B436102235C
:104C10000374002343748374C3744FF486520949A8
:104C200000231BF004FA094B1978094BB3F9000073
:104C3000EFF746FEFFF7C6FE012003F00DFD00BFB3
:104C400059940300A426030071940300CB5B002059
:104C50006E0C002073B50446062004F0CFFF38B177
:104C6000654B436102230374002343748374C3744C
:104C7000624900234FF486521BF0D9F9FFF7ECFD8F
:104C800019F0B6FE05460E461CB921460820FFF76E
:104C9000FDFBFEF76BF9062004F0B0FF38B1584B6E
:104CA000436102230374002343748374C374534920
:104CB00000234FF486521BF0BAF9082004F09EFF3F
:104CC00048B1504B43612B238361032303740023BA
:104CD00043748374C3744FF4C652484900231BF0D5
:104CE000A6F92B2301A80193FFF7FEFD019B00EB22
:104CF0008300454BD0F80027134043F00603C0F86B
:104D00000037062004F07AFF38B1404B436102239C
:104D10000374002343748374C374384900234FF42D
:104D200086521BF084F9082004F068FF48B1384B24
:104D300043611F238361032303740023437483743B
:104D4000C3744FF4C6522D4900231BF070F91F2382
:104D500001A80193FFF7C8FD019B00EB83002A4BDC
:104D6000D0F80027134043F00203C0F800370620B4
:104D700004F044FF38B1274B43610223037400233E
:104D800043748374C3741D4900234FF486521BF08F
:104D90004EF9062004F032FF38B11F4B4361022365
:104DA0000374002343748374C374144900234FF4C1
:104DB00086521BF03CF9194B1978194BB3F90000D6
:104DC000EFF77EFDA4B940F28A2419F011FE401BD2
:104DD00061EB0601A04271F1000105DB00210846EC
:104DE000FFF754FB1AF084FD012019F00FFEECE7E9
:104DF000FFF7E8FDF6E700BF7F940300A426030059
:104E000094940300B7940300F0F8FCFFCC940300E3
:104E1000EA940300FE94030048940300CB5B002057
:104E20006E0C00202DE9F04F2DED028B082197B07C
:104E30000E20FFF72BFB8748002105F0E3FC864B93
:104E40001B68013B042B09D8DFE813F00500440080
:104E5000A001460048000020FFF7C4FD7E4A7F4CB9
:104E60000023136019F03AFE804619F039FE83469C
:104E700019F038FE029007A800F07EFD054608A84C
:104E8000FDF7D2FFDDED077A9DED088AF4EEC87AD2
:104E9000F1EE10FAF4EE487A54BFF0EE488AF0EEE4
:104EA000678AF1EE10FAC8BFB0EE678A002D00F0F5
:104EB0009180471C15D0002800F08C8002302AD148
:104EC000674B4FF0FF304FF0FF31C3E90001012382
:104ED000237020E00120BFE7FFF77EFE0120FFF7EF
:104EE000B9FE5F4DD5E90023B3F1FF3F08BFB2F132
:104EF000FF3F03D119F07CFDC5E9000119F078FDF1
:104F0000D5E90032C01A40F2E93361EB0201984260
:104F100071F10001DBDA2478524D002C00F083801F
:104F2000514B1C78002C7ED02E7896B9082004F0C6
:104F300065FE40B14D4B43614D4B836103230374C8
:104F400046748674C6744B4900234FF4C2521BF05A
:104F50006EF84FF0FF3909A82C70FEF7C1FD05B2BD
:104F6000002D14DA082004F049FE50B1424B436191
:104F7000424BC0E906350423037400234374837451
:104F8000C3743C4900234FF401521BF050F83C4AD3
:104F90001378172B9CBF01331370099A40F2DC532E
:104FA0009A42A2F1640A374B47DD41F20C718A45FF
:104FB00000F2F98034491C780968002935DAADB36C
:104FC000002C40F0E58041F2CC018A42264661DCAB
:104FD000012761E019F00CFD214BC3E900012378A2
:104FE00083B9F1EE047AF4EEE78AF1EE10FA3FF5B8
:104FF0006EAFDFED267AB4EEE78AF1EE10FA3FF7F6
:1050000066AF88E7F2EE047AF4EEE78AF1EE10FA82
:1050100081DDDFED1F7AB4EEE78AF1EE10FA7FF55D
:105020007AAF002354E7A14695E7C9D1002C40F0A0
:10503000B88041F2CC010124C7E71C78002C40F075
:10504000B28041F20C7292452746264624D90022AE
:105050001A7021E0081E030014380020C95B0020EC
:1050600060050020C75B0020CB5B00201795030084
:10507000F1950300A4260300329503001C9603005B
:10508000CF5B0020CD5B002050090020000034429F
:105090000000204201271F704FF08042D2F83824D0
:1050A00002F001020392524A117800297FD1BBF12C
:1050B000000F05D1029919B91B780BB9039B23B1D5
:1050C00001211170102000F093FA4A4B029A1A70D5
:1050D000494B1B780593002B39D1099B0493082079
:1050E000002F74D004F08AFD68B1444A049B4261E9
:1050F000C3616422059B95FBF2F282610422027473
:1051000043748374C37400234FF403523C491AF070
:105110008EFF41F20C739A4516D9082004F06EFDFB
:1051200048B1384B4361384B836103230374002338
:1051300043748374C37400234FF4C25230491AF08D
:1051400076FF324B01221A702B4B01221A7016B1D6
:10515000274B1B7813B1B8F1000F5DD0B4B1062016
:1051600004F04CFD38B12A4B436102230374002341
:1051700043748374C374224900234FF484521AF099
:1051800056FF1B4B00201978EFF79AFB0020A6E68C
:105190000026344641F29A018A423FF719AF0127AF
:1051A00055E70126F6E70026374634464FE7BBF1C0
:1051B000000F8AD10299002987D11B78002B84D156
:1051C000039B002B81D182F800B059467AE704F0A6
:1051D00015FD40B10F4B4361049B836103230374AE
:1051E00047748774C77400234FF4C6528EE700BF1C
:1051F000CB5B0020CA5B0020CC5B002059950300EC
:10520000A42603008C9503001C960300C85B0020B5
:10521000B49503006E950300AA4B1E68002E37DB81
:10522000AB1B002BB8BF5B42B3F57A7F30DD0A20A1
:1052300004F0E4FC0446D8B1A34B43613046EBF7DD
:10524000F9F9A24B0022EBF789FBC4E906012846D5
:10525000EBF7F0F99D4B0022EBF780FBC4E9080166
:105260000623237484F8118084F8128084F8138054
:10527000002397494FF4435220461AF0D8FE2E22BD
:1052800094484FF0FF311CF07CFC934B01221A70C4
:10529000904B0AAA03F1280C1E4618685968144658
:1052A00003C4083363452246F7D1186820609B8801
:1052B0008A4AA3801368ADF85650172126F8135078
:1052C000013393FBF1F001FB103313600AA90022B4
:1052D000B1F9020053B20C4634F90269B04204DA63
:1052E000013B5BB2A6805E1CF6D101335BB216AC0B
:1052F00004EB43030132172A23F8300C01F10201B9
:10530000E6D1704B744C00221A602378D908C3EBA5
:10531000D3031833DBB21046C1F118018B426ADBAC
:10532000684BB8F1000F00D01A6010B11D6895FBF2
:10533000F0F51D606A4B1A6805F1640191426ADA62
:1053400019601B68674D6422643B5343632293FBDF
:10535000F2F32B80FEF7B4FE634BB5F900E01B6857
:10536000D3F844C0002F67D0DFF88C814FF47A76F1
:10537000A0FB062398F800A006FB0133D20B42EAFB
:1053800043424FEAEC76DB0BBAF1000F4ED10143FA
:1053900045D0624573EB060644D3544E09983178E4
:1053A000FEF7D4FC2378182B01D0337823B1317861
:1053B000B5F90000EFF784FAB5F900004C4CFEF7A0
:1053C000D7FC099A00924B4A317812780346384646
:1053D000F1F79CF92378002B36D1B9F1000F33D1C6
:1053E000042000F0C5F918B10021042000F000F9F4
:1053F000002101203CE016AE06EB4306013336F9EE
:10540000306CB6F1FF3F1FBF01309219C0B24FF0B0
:105410000108DBB282E79542C8BF1D6091E7BEF587
:105420007A7FBADA012388F80030B6E7014307D063
:10543000624573EB0606B0D32F4B00221A70ACE71F
:10544000BEF57A7FA9DBF7E7042000F091F938B9BF
:105450000121042000F0CCF8B9F1000F06D1C7E714
:105460002378002BF8D1B9F1000FB9D00021142016
:10547000FFF70CF8214B1A78214B4AB11A783AB150
:1054800006211320FFF702F8642019F0BFFAD2E4D6
:10549000BBF1000F02D006210D20F3E7029A12B1F2
:1054A00006210B20EEE71B78002BF4D1039B002B89
:1054B000F1D1114B1B7806210BB10C20E2E7012042
:1054C000E0E700BF50090020C795030000005940E5
:1054D000A4260300400C0020CF5B002018380020D9
:1054E000540900206E0C002034070020CB5B002004
:1054F000C85B0020CA5B0020CE5B0020C95B002097
:10550000CD5B002010B5074C0748002105F07AF963
:105510000021204605F076F920460021BDE8104024
:1055200005F070B94C1F0300941F030010B5074C21
:105530000748012105F066F90121204605F062F9CE
:1055400020460121BDE8104005F05CB94C1F030066
:10555000941F030010B5054C237813B1044B187841
:1055600010BD012016F01CF9F6E700BFCC5B00204F
:10557000CD5B002038B50A4C0A4D23689B074FF0DD
:10558000070106D40120FEF781FF284615F0E0FB55
:10559000F3E71020FEF77AFF19F06EFAEDE700BF8F
:1055A0001C380020F8210020F8B50F4E0F4D34684C
:1055B000E20704F0050705D505210F20FEF766FF79
:1055C00019F05AFA630705D505211120FEF75EFF91
:1055D00019F052FA002FEAD105210120FEF756FFFB
:1055E000284615F0B5FBE2E71C380020D822002041
:1055F00070B5514D04462B680E46002900F0888096
:10560000034308282B6009D870B1441E072C0BD81F
:10561000DFE804F023390A4F0A0A0A56202869D025
:1056200040286ED010285ED02868F1F79BF808203B
:105630002C6804F0E3FA40B1404BC0E90534032381
:105640000374002343748374C374BDE870403C4901
:1056500000234FF4C6521AF0EABC082004F0CEFA38
:1056600048B1384B4361384B8361032303740023F3
:1056700043748374C374324900234FF4C2521AF046
:10568000D6FC324812E0062004F0B8FA38B1304BAC
:10569000436102230374002343748374C374284951
:1056A00000234FF484521AF0C2FC2A4815F03CFE45
:1056B000BAE7082004F0A2FA0028DCD0264BD1E794
:1056C000062004F09BFA38B1244B43610223037493
:1056D000002343748374C37400234FF48652184923
:1056E0001AF0A5FCA0E7062004F088FA0028F3D001
:1056F0001B4BEAE7062004F081FA0028ECD0194B96
:10570000E3E7062004F07AFA0028E5D0164BDCE740
:1057100023EA000308202B6004F070FA38B1134B21
:105720004674C0E90534032303748674C6740023E9
:105730004FF4C652D3E700BF1C380020E5960300A3
:10574000142703004F960300F0960300D822002090
:105750006E960300F82100207F96030091960300C7
:105760009F960300AF960300C3960300D2960300F2
:10577000014B1B68184070471C380020034B1B6806
:1057800033F002030CBF0120002070471C380020BA
:1057900008B503685909024613D0012906D103F060
:1057A0001F034FF6FF71D940C80712D40A490B48AE
:1057B00040F2CA3219F08DFF074840F2CA3119F0A1
:1057C0007FFF4FF0FF31D940C907EFD54FF0A04020
:1057D00000E00348136008BDFE920300188B03002D
:1057E00000030050F0B51F4F3E7885B0EEB91E4D56
:1057F0001E48A8624FF47A21296001AA1BF029F8FB
:105800000446A0B1082004F0F9F940B1184B4361F7
:10581000184B83610323037446748674C674164957
:1058200000234FF4C2521AF002FC05B0F0BD029BF7
:10583000AB8128460423EB8103F040FC70B10820C3
:1058400004F0DCF90028EAD00C4B4361094B83617A
:105850000323037444748474C474E0E701233B702D
:10586000E3E700BFD25B00202C380020281F030094
:1058700028970300E29903001C27030044970300C4
:10588000F8B51E4C6768A5683B68226999050AD47B
:105890001B491C484FF47F7219F01BFF4FF47F71B6
:1058A000174819F00DFF136843F4007313602B6859
:1058B000154A092120469847AE6996B13B689B0579
:1058C00008D40F490F4840F2933219F002FF40F21A
:1058D0009331E5E74FF0C0634FF0A07209212046F5
:1058E000B0470A490A4B4B604FF400738B60EB6979
:1058F00013B10248012298470020F8BD9C1D030007
:10590000E78A0300188B03001100010020380020F3
:10591000E95D010038B5134B134D9C681148E368ED
:1059200040219847C0B1082004F068F948B10F4BF6
:1059300043610F4B83610323037400234374837417
:10594000C3740C4900234FF4C2521AF070FB4FF499
:10595000FA7019F0A6F8E1E719F095F8C5E9000129
:10596000F5E700BFB81F0300680500205C9703003F
:10597000EF9903001C27030038B5044619F083F89B
:10598000134AD2E90032C31A61EB020140F2E93254
:10599000934271F1000118DA0E480F4D83682A46D0
:1059A0001B690C219847D5ED017ADFED0C6AB8EE42
:1059B000E77A0020C7EE267A95ED007AB8EEC77A2E
:1059C00077EE877AC4ED007A38BD4FF0FF30FBE701
:1059D00068050020B81F03005C3A002000247449C9
:1059E00013B5292468460094FFF7D2FE009B01946A
:1059F00000EB8300144BD0F80027134043F00C0356
:105A0000C0F8003701A8FFF7C3FE019B00EB83003D
:105A1000D0F8003743F44033C0F80037062004F0D4
:105A2000EDF838B1094B436102230374002343743A
:105A30008374C374064900234FF4865202B0BDE854
:105A400010401AF0F4BA00BFF0F8FCFF949703007E
:105A50001C27030010B5094B094C1B7853B9FFF7FD
:105A6000C1FE226807480123643219461AF085FAFC
:105A7000F3F7B0F8236893F8640010BDD15B002001
:105A8000380700202C38002010B50A4C236883F812
:105A90006400094B1B7843B9FFF7A4FE226807484E
:105AA00001236432194603F007FDBDE81040F3F707
:105AB00091B800BF38070020D15B00202C380020AF
:105AC0002DE9F0410C46074615461E46FFF78AFEB3
:105AD00024B13246294620461CF02BF82A461248AB
:105AE0003346394603F0E8FC051E16DA082004F0B8
:105AF00085F850B10D4B43610D4BC0E906350423C9
:105B00000374002343748374C374BDE8F0410949EE
:105B100000234FF401521AF08ABA1CB1BDE8F041DB
:105B2000F3F758B8BDE8F0812C380020A99703009E
:105B3000D89903001C27030070B504460D4616468D
:105B4000FFF750FE21461C4833462A461AF015FA44
:105B5000041E2FDAA31C26D0082004F04FF850B101
:105B6000164B4361164BC0E906340423037400232B
:105B700043748374C374134900234FF401521AF021
:105B800056FA062004F03AF838B10F4B436102236D
:105B90000374002343748374C3740A4900234FF4CD
:105BA00084521AF044FA324628460021BDE870407B
:105BB0001BF0E7BF70BD00BF2C380020CF9703005B
:105BC000CF9903001C270300F697030010B54FF090
:105BD0008043D3F80034DB075EBF354B01221A70D7
:105BE000F2F7CAFF04460620002C4BD104F006F859
:105BF00030B1304B43610223037444748474C47421
:105C00002D4C2E4900234FF484521AF010FAFFF75E
:105C1000E9FD2168082265310220FFF78DFF216828
:105C200080226D311F20FFF787FF21680C22F031A1
:105C30000320FFF781FF21680C22FC310420FFF7CD
:105C40007BFF2168302201F58A710520FFF774FF80
:105C50002168302201F5A2710720FFF76DFF21684E
:105C6000242240311D20FFF767FF2168802201F5C3
:105C70005F711E20FFF760FFF0F752FBF2F7AAFFFB
:105C8000002010BD03F0BAFF38B10D4B4361022371
:105C90000374002343748374C37400234FF4865247
:105CA00006491AF0C4F9024B01221A70E8E700BF56
:105CB000D15B00200C980300380700201C2703004C
:105CC0001C98030070B5194D2B782BB9184819F0A2
:105CD0008DFC01232B7070BD164819F087FCFFF76F
:105CE00081FD154B4FF48062186800211BF049FFBD
:105CF000124803F0B3F9F0F713FBF2F76BFF104B08
:105D0000002406201C702C7003F078FF30B10D4B7E
:105D100043610223037444748474C474BDE8704006
:105D2000094900234FF486521AF081B9D05B002054
:105D30002A980300BB980300380700202C38002065
:105D4000D25B0020D79803001C27030038B50E4C07
:105D5000FFF748FD0D484FF4C04119F047FCA189F9
:105D6000E2890B4802FB01F319F040FC204603F0E6
:105D70001FFD0546204603F083FD29460246BDE887
:105D80003840044819F032BC2C380020EE9803004B
:105D90000B9903002E99030013B5104843681B6844
:105DA0009B050AD40E490F4840F2346219F091FC69
:105DB0000B4840F2346119F083FC0469836801A93F
:105DC0005B68984720B9236801985840C0F3402089
:105DD000003818BF012002B010BD00BF9C1D030099
:105DE000E78A0300188B030070B5FFF7D5FF044660
:105DF00018F049FE0E4BD3E9002552EA050613D0F0
:105E0000ACB9801A61EB0501332871F10002A4BF1F
:105E1000084AC2E9000100200146C3E90001064822
:105E2000BDE8704015F080BA002CF6D1F3E770BDE4
:105E3000C0230020B8230020C8230020F8B518F0A4
:105E400022FE254B1B685B885B0705460E4641D545
:105E5000F0F7A4FC01210820FEF718FBFFF79CFFD8
:105E6000044608BB062003F0C9FE30B11B4B43615A
:105E70000223037444748474C474194900234FF4D6
:105E800086521AF0D4F80020FFF7FEFD40F28B276F
:105E9000FFF782FF044658B101210020FEF7F6FA11
:105EA000002018F0D6FD0FE0012018F0FAFDD5E72C
:105EB00018F0E9FD401B61EB0601B84271F10001E9
:105EC00004DB204618F0CEFD0020F8BD012018F0BC
:105ED000E8FDDDE70120F8E73407002051990300D1
:105EE0001C270300012810B5044602D002281BD04D
:105EF00010BD184B1B685B88DB07F9D5062003F043
:105F00007DFE38B1144B43610223037400234374B4
:105F10008374C374114900234FF486521AF087F832
:105F2000BDE81040F4F714BC062003F067FE30B162
:105F30000B4B43610023047443748374C374074997
:105F400000234FF486521AF072F8BDE81040F2F7C1
:105F500059B900BF34070020699903001C270300CA
:105F6000839903002DE9F04100256D4C6D4FA84643
:105F70002E46D4E90032134312D018F084FDD4E940
:105F80000023801A61EB0301332871F1000107DB64
:105F90004020FFF7EDFB18B901214020FFF728FB57
:105FA000D7E90023332A73F100032CDB4020FFF7ED
:105FB000DFFB18B901214020FFF71AFB5A4B1B6881
:105FC0005B88DA0706F1010602D43046F0F7D8FB09
:105FD000082003F013FE40B1544BC0E905360323FB
:105FE0000374002343748374C374514900234FF432
:105FF000C6521AF01CF800220023C7E9002318F04B
:1060000042FD0546884655EA08033BD1D4E90032F3
:10601000134367D018F037FDD4E90023801A61EBF1
:10602000030140F2E933984271F1000122DBFFF7EE
:10603000B3FEF8B1FFF702FF00286CD0062003F092
:10604000DDFD38B13B4B43610223037400234374ED
:106050008374C374364900234FF4865219F0E7FF66
:10606000F2F7D0F80022002300214020C4E90023E9
:10607000FFF7BEFAD4E90032134344D155EA0803CE
:1060800030D040E018F0FFFC40F29113401B61EB70
:106090000801984271F1000131DB082003F0AEFDE8
:1060A00040B1254BC0E90536032303740023437434
:1060B0008374C37400231E494FF4C65219F0B7FF0E
:1060C000194B1B685B88DB0712D5701EC0B2FFF747
:1060D00009FF00214020FFF78BFAD4E90032134377
:1060E00015D100261548002514F032FEA84640E7D9
:1060F000022E3046A8BF0220F0F742FBE9E7D4E9C0
:106100000032134386D1142018F0CBFC31E7002570
:10611000A8462E467EE7094806F028FEAAE700BFFB
:10612000C0230020B8230020340700209B990300DF
:106130001C270300F4450300B3990300C823002083
:10614000014805F057B800BF4D610100F8B504469D
:1061500024480F4603F0F8FE234B1B685E88631E3D
:10616000054606F02006032B06D8DFE803F00206FA
:106170001C281E4B00221A70F8BD01210820FFF7D1
:1061800037FA01211A4804F03DFB6B6804221968B4
:10619000284619F02DFFF2F785F9002EECD0BDE866
:1061A000F840F2F737BB3B78104C0BB92370E3E7AC
:1061B0002378002BE0D1F2F751FB0123F6E7002111
:1061C0000820FFF715FA0EB1F2F742FBF2F788F953
:1061D000284603F0DDFEBDE8F8400548002104F044
:1061E00011BB00BF7B93030034070020D35B00206A
:1061F000E41D030090ED006AD0ED025AD0ED036A71
:10620000D0ED017A26EE257A17EEA67A84B001AB9E
:1062100067EE867A46EEA57A01F10C0037EE077A32
:1062200077EEA77A8DED017ACDED027AF6EE007A5F
:1062300056EE067A46EEA67A9FED097A77EEA77AB1
:10624000CDED037AF1EC017AF3EC016A77EEE67AB0
:10625000814267EE877AE2EC017AF3D104B07047AD
:106260000AE81C4138B52DED048B90ED009A9FEDA6
:10627000210AF7EE008AF0EE689A49EE499A044640
:106280000D4639EE800A16F0CBFE88EE808AB0EE1D
:10629000C90A69EE889A89EE800A16F021FDDFEDC1
:1062A000167AB5EE409AF1EE10FA20EE270A07D0E2
:1062B00019EE103AFFEE007A002BB8BFF0EE678AB5
:1062C00068EE007A94ED017A67EEA87A27EE277AD5
:1062D00085ED007A94ED027A27EE277A85ED017A32
:1062E00094ED037A67EE277AC5ED027ABDEC048B54
:1062F00038BD00BFBD37863583F9223F9FED0A0ABE
:1063000000EB8101884207D1B5EEC00AF1EE10FA28
:1063100007DBB1EEC00A7047F0EC017A07EEA70A7E
:10632000F0E79FED010A70470000000008B50A463B
:106330000346FFF7E3FFDFED097AB4EEE70AF1EE7B
:1063400010FA09D4F7EE007A1946184687EE800A4B
:10635000BDE808400EF0F0BD08BD00BF00000034ED
:1063600038B5F6EE007A60EEA77A2DED028BF4EEEA
:10637000C07AF1EE10FA04460D46B7EE008A36DC1C
:106380009FED1F7AC7EE007A9FED1E7A27EE870AEF
:1063900020EE200A16F078FDF0EE007A20EE006A7A
:1063A000F1EEE77A20EE270A76EE485A70EE066A9A
:1063B00075EEA55A76EE886A38EE408AC6EE267AE1
:1063C00085EEA65A38EE068A37EEA77A88EE266A58
:1063D000B0EE678A84ED008A84ED017AC4ED027A1A
:1063E00085ED005A85ED016ABDEC028B38BD9FED4D
:1063F000067AF0EE477AB0EE475AB0EE476AE9E720
:10640000217B663EDB0F494000000000B5EEC00A6C
:10641000F1EE10FA08B51BD4B5EE400AF1EE10FA11
:1064200019D0F1EE600AC0EE807A17EE900AEAF712
:1064300013F941EC100BEFF7A3FB084953EC102BB9
:106440000020E9F7A9FFEAF737FC00EE100A08BDC3
:106450009FED030AFBE7B7EE000AF8E70000F03F04
:1064600000000000044B00EB8101884200D170471E
:1064700040F8043BF9E700BF0000C07F164B174906
:10648000036010B5164B4360C16140F2011315491A
:10649000154C0381016201234FF07F51134A83722F
:1064A00084614FF07C534162C4631149114CC36055
:1064B000026183624FF080420363416304640E49CA
:1064C0000E4C03650E4B4261C26281634164846479
:1064D000C1644365826510BD0000404017B7D138E4
:1064E000000010418FC2F53CCDCCCC3D0000C8422D
:1064F000CDCC4C3D000020410000A0410000A04058
:1065000000007042F0B52DED048B1D468368D2ED7E
:10651000000A23F07F4323F0FF038DB007460C46AB
:106520001646002B54D001F1F003019301F1FC0356
:10653000009390ED0A0A02F1440303213832284601
:1065400018F007FDD5ED017AD4ED3D5AD5ED006A7E
:1065500094ED3C5A95ED027A94ED3E6ADFED454AA2
:1065600077EEE57A76EEC56A67EEA77A46EEA67A0A
:1065700037EE467A47EE077AC4ED397A97ED0B7A13
:10658000D7ED056A27EE247A27EE077AF4EEC77A6C
:10659000F1EE10FA16DA66EEA47AB0EEC55AB4EE51
:1065A000E75AF1EE10FA0DDCF0EEE55AF4EEE75A98
:1065B000F1EE10FA06DCB0EEC66AB4EEE76AF1EE70
:1065C00010FA05DD0023C4F8EC30002384F82430F1
:1065D000D4ED177A95ED009AD5ED018A95ED028AF2
:1065E00039EE679AD4ED187A8DED059A78EEE78A40
:1065F000D4ED197ACDED068A38EE678A032105A815
:106600008DED078AFFF77AFEDFED1B7AB4EEE70A1D
:10661000F1EE10FAF0EE409A27DDD6ED007A60EE4A
:10662000277A9FED160A04A927EE800A03A80EF028
:106630008DFC9DED037A049B0893C7EE297A08A987
:106640002246204629EE279A68EEA78A28EE278A56
:10665000CDED037A8DED099ACDED0A8A8DED0B8A89
:1066600018F0DDFB0421FFF761FE0DB0BDEC048BDB
:10667000F0BD00BF35FA8E3C00000034E02EE5414D
:106680002DE9F04F2DED0C8BD3ED007AF5EE407A2D
:10669000F1EE10FAA9B007460C4615461E460ED17B
:1066A000D3ED017AF5EE407AF1EE10FA07D1D3ED91
:1066B000027AF5EE407AF1EE10FA00F0B5837B7ABB
:1066C0004FF00008D3B304F58A73019304F5907377
:1066D0000093D5ED010A97ED0A0A05F1580305F17B
:1066E0004C020321304618F034FCD6ED006AD4ED9C
:1066F000457A94ED467A94ED476A76EEE76AD6EDF0
:10670000017A77EEC77A96ED027A67EEA77A46EEBF
:10671000A67A37EE467A47EE077AC4ED3A7A97EDD5
:106720000C7A27EE077AF4EEC77AF1EE10FAC0F28F
:106730003781C4F8EC80002384F82430314605AA60
:10674000204604F1280A04F1340318F0A1FB05F1F6
:106750000C090093CDF804A005F1180BD5ED010A42
:1067600097ED000A5B464A46032105A804F110068E
:1067700018F0EFFB05AA5146304618F089FB0321BB
:106780001046FFF7D3FDDDED077AF7EE008A77EECE
:10679000A87AF6EE006A67EEA67AF5EEC07AF1EE18
:1067A00010FAC0F20F81F1EEE77A9FED8A7AF4EEEB
:1067B000C77AF1EE10FA40F305819DED067ACDED32
:1067C0000E7A27EE267AC7EE276A9DED057ACDED83
:1067D0000F6AFEEE006A27EE267AC7EE276A324677
:1067E00031460EA8CDF84480CDED106A18F017FBA5
:1067F00004213046FFF79AFD9DED070A16F0DEFBF7
:1068000095ED017AC0EE077AC4ED137A3B89002B2F
:1068100000F00A8312A9204697ED058A18F09CFC27
:106820009DED154A9DED147ADDED135A9DED122A6A
:1068300067EE254A24EE026A67EE073A74EEC66AEE
:1068400074EE864A25EEA56A73EEA33A64EE047AE6
:1068500036EE066A78EEE32A77EEA77A38EEC66A55
:1068600067EE021A24EE255A27EE047A65EE825A64
:1068700072EEE72A76EE677A36EE636A37EE654A9D
:1068800076EEA66A37EE257AD4ED185A8DED1E6A9B
:1068900074EEA44A94ED176ACDED176A31EE853A8D
:1068A00066EEA56A37EE077ACDED1A7A67EEA57A1D
:1068B00042EE866A16AE04F18C0A44EE867A5B4696
:1068C0004A4633EE033A34EE044A8DED1D7A94EDD8
:1068D000197A019643EE076ACDF800A0092144EE2B
:1068E000077A304635EE615AD5ED010A97ED000A78
:1068F000CDED162A35EE055A8DED183ACDED194A33
:106900008DED1B4A8DED1C5ACDED036ACDED047A59
:1069100018F01FFB03A804F1D403009301905B4619
:10692000D5ED010A97ED000A4A46022118F011FB45
:1069300094F82430002B57D07B7A002B54D094ED60
:10694000177AD4ED3C7A95ED0D0ACDED168A77EEE7
:10695000C77A94ED187ACDED0B7AD4ED3D7ACDF867
:106960005C8077EEC77A94ED197ACDED0C7AD4ED90
:106970003E7ACDF8608077EEC77ACDF86480CDEDB1
:106980000D7ACDED1A8ACDF86C80CDF87080CDF8F7
:106990007480CDED1E8A032108A80EF0D3FC70E0B0
:1069A00095ED017AD4ED3B7A77EE877AC4ED3B7AA8
:1069B00097ED097AF4EEC77AF1EE10FAFFF6BEAE63
:1069C0000123B9E6DFED076ACDF83880CDED0F8AF7
:1069D00005E700BFBD37863535FA8E3C000000B4B0
:1069E00000000034000000003B7A002B00F0218200
:1069F000DDED065A95ED015A94ED176AD4ED187A3B
:106A0000D4ED196AEB6A0893F1EE655A85EE857A42
:106A100009932B6B0A93DDED035A37EE257ADDEDF2
:106A2000165A06EE657ADDED175A07EEE57ADDEDCA
:106A3000185A06EEE57ADDED055A8DED0B7A85EEF6
:106A4000857ADDED045A37EE257ADDED195A06EE2A
:106A5000657ADDED1A5A07EEE57ADDED1B5A06EE92
:106A6000E57A8DED0C7A9DED1D7A67EE877A9DEDC6
:106A70001C7A57EE467A9DED1E7A46EEC77ACDED2A
:106A80000D7AD5ED097A94ED1A7AB4EEE77AF1EE43
:106A900010FA44BFD5ED0A7A77EE877A94ED1E7A24
:106AA00048BFC4ED1A7AD5ED097AB4EEE77AF1EE73
:106AB00010FA44BFD5ED0A7A77EE877A94ED227A00
:106AC00048BFC4ED1E7AD5ED097AB4EEE77AF1EE4F
:106AD00010FA42BFD5ED0A7A77EE877AC4ED227AB2
:106AE000DDED087AF5EEC07AF1EE10FAC0F29C8185
:106AF0005FED477A28EE278A0BA9F1EE488AF0EE7F
:106B0000480A08460322B0EE680A0EF0FBF9D4EDFD
:106B10001B6A9DED17CA94ED1A3A9DED16DAD4ED75
:106B20001C3ADDED18AA9DED1A9ADDED1DBADDEDDA
:106B30001CCA9DED1EAA94ED1E7A94ED1D4AD4ED5B
:106B40001F4AD4ED217AD4ED205A94ED226ADDED6E
:106B5000199A9DED1BBA26EE8C5A03EE0D5A1FAA08
:106B6000114603EEAA5A304604F168058DED1F5A0E
:106B700026EE895A66EEAB6A43EE2C6A43EE8A6AC9
:106B800003EE295ACDED216A6CEE076A4DEE046AD8
:106B90004AEEA46A03EE8B5ACDED226A69EE076ACB
:106BA0002BEE877A0CEE847A0AEE247A49EE846A18
:106BB0008DED247A2CEE277A0DEE257A0AEE867A70
:106BC0004BEE246A8DED257A29EE277A6BEEA77AB3
:106BD00009EEA57A4CEEA57A0BEE067A4AEE067A15
:106BE0008DED205ACDED236A8DED267ACDED277AF5
:106BF00018F041FA9DED1F5ADDED087ADDED231AFC
:106C00009DED0A7ADDED245A9DED266ADDED250A1B
:106C1000DDED214ADDED206A35EE275ADDED097AFA
:106C20008DED1F5A71EEA71ADDED277ACDED231AEF
:106C300077EE877A9DED227ACDED277A27EE874A87
:106C400065EE863A15EEA04A51EEA73A24EEA03A38
:106C500021EEA01A16EE071A27EEA62A15EE273AFD
:106C600066EE847A45EE237A61EEA42A44EE817AB8
:106C700055EEA62A16EE242A65EE255A25EE066A5A
:106C800054EE875A16EEA06A26EE877A5FEDAD6A5B
:106C9000F4EEE67AF1EE10FA15EE217AC0F2CE802B
:106CA0005FEDB16AF4EEE67AF1EE10FA00F2C6801A
:106CB0001FEDB40A092110460EF044FBDDED226AF7
:106CC000DDED1F2A9DED253ADDED235ADDED203A5D
:106CD0009DED264A9DED246ADDED214A9DED275A62
:106CE00066EEA97A42EE8D7A1FAA114643EE2C7AFF
:106CF000284626EE297ACDED1F7A65EEA97A43EE75
:106D00008D7A44EE2C7A04EE8D7ACDED207A66EE03
:106D1000897A42EE8C7A43EE2B7A05EE2C7ACDED11
:106D2000227A65EE897A43EE8C7A44EE2B7A8DEDE9
:106D3000217ACDED237A66EE097A44EE8C7A45EE1F
:106D40002B7A25EE8B7ACDED247A66EE8B6A66EE91
:106D50000B7A42EEAA6A03EEAA7A44EEAA7A43EECE
:106D60000A6A04EE0A7A45EE0A7ACDED256A8DEDBF
:106D7000267ACDED277A18F07EF9DDED0C7A9DEDBF
:106D8000207A9DED0B6ADDED1F5ADDED0D6A27EED1
:106D9000877A06EE257A31461046DDED215A06EE59
:106DA000A57AD4ED175A35EE877ADDED225A84EDB7
:106DB000177A9DED237A27EE877A06EE257ADDEDA8
:106DC000245A06EEA57AD4ED185A35EE877A84ED6A
:106DD000187A9DED267A67EE877A9DED257A46EE44
:106DE000077A9DED277A46EE877A94ED197A77EE49
:106DF000277AC4ED197A18F03EF9294618F03BF9C4
:106E0000D1ED007AB2EC017A77EEC77AE1EC017A43
:106E10005145F5D104F15C010322F0EE480AB0EED1
:106E2000680A08460EF06EF829B0BDEC0C8BBDE880
:106E3000F08F032108A8BFEE000AAEE5C3EEA76AF3
:106E4000CDED1F6AC2EE276ACDED206AC2EEA76AB9
:106E5000CDED216AC4EE276ACDED226AC3EE276A22
:106E6000CDED236AC5EEA76ACDED246AC1EE276A8F
:106E7000CDED256AC6EE276ACDED266AC7EE276AF4
:106E8000CDED276A1AE700BF70B52DED048BD3ED69
:106E9000007AF5EE407AF1EE10FA8AB005460C461B
:106EA00016460ED1D3ED017AF5EE407AF1EE10FAE6
:106EB00007D1D3ED027AF5EE407AF1EE10FA00F048
:106EC000798106A9204618F047F9194603AA06A8B1
:106ED00017F0DEFFAB7ADFEDD48A9FEDD48A002B6A
:106EE00000F0E28010460321FFF708FADDED057A95
:106EF00084ED550AC7EE807A17EE900AE9F7ACFBED
:106F000041EC100B15F0ECFF51EC100BE9F7D4FE3F
:106F100007EE900AF1EE677AC4ED567A95ED0D0A08
:106F2000B4EEE80AF1EE10FA0EDD04F5AE7304F5E6
:106F3000AA7000930190D6ED020A06F1700306F1E3
:106F40006402022118F005F8D4ED4E7AD4ED555ABA
:106F500095ED0F7A94ED566A75EEE74A27EE877A3B
:106F6000F0EEE46AF4EEC76AF1EE10FA40F1268121
:106F700094ED4F7AD5ED106ADFEDAD3A36EE475A13
:106F800066EEA36AB0EEC54AB4EEE64AF1EE10FA38
:106F900040F1148196ED024AD4ED506A76EE846A8F
:106FA000C4ED506A95ED144AF4EEC46AF1EE10FA9D
:106FB0000EDB002384F82530D6ED186A44EEA67A5D
:106FC000C4ED4E7AD6ED187A05EE277A84ED4F7A25
:106FD00094ED527AD5ED0F7A75EEC74A67EE277AAF
:106FE000F0EEE46AF4EEE76AF1EE10FA40F1EC80BC
:106FF000D4ED536AD5ED107ADFED8D3A36EE665A50
:1070000067EEA37AB0EEC54AB4EEE74AF1EE10FAA5
:1070100040F1DA80032104F1F000FFF76FF9D5EDBC
:10702000137ADFED845A94F8253067EE887A87EE7C
:10703000A56AB4EEC60AF1EE10FAA1BF96ED026A97
:10704000D4ED547A77EE867AC4ED547AD6ED187A78
:1070500004EEA77A84ED527AD6ED187A45EE276AC7
:10706000C4ED536A03B3D4ED547A95ED116AF4EE8E
:10707000C67AF1EE10FA0DDA94ED4E6AB5EE406A7A
:10708000F1EE10FA10D195ED126AF4EEC67AF1EE37
:1070900010FA09DB002384ED4E7AC4ED4F6A84F8C0
:1070A00025302B6DC4F840319DED039ADDED049A37
:1070B000B0EE490AF0EE690A1AF09EFDD4ED087AA6
:1070C000CDED028A30EE670A02A884ED150AF0EED3
:1070D000690AB0EE490A0DF0B7FFD4ED087A9DEDCC
:1070E000027A37EE677AB4EEC87AF1EE10FA72DD02
:1070F000DFED516A37EE667A84ED157AAB7A96ED5C
:10710000087ACBB194F82530D4ED516A002B6ED0BB
:1071100095ED156AF4EEC66AF1EE10FA8BBFD5ED67
:10712000166A96ED027A87EE267A37EE267A9CBFAB
:1071300084ED517A9FED3C7A94ED146AB5EE406A85
:10714000F1EE10FA1DD0F7EE005A76EE255AB4EEA5
:10715000476AC6EE256AF1EE10FAC4ED146AC8BF9C
:10716000B0EE467A95ED016AD6ED025A26EE866AB1
:10717000B4EE656AF1EE10FA48BFF0EE686AC4ED4D
:10718000146AD4ED156A27EE267A77EE877AC4ED75
:10719000087A96ED026AC7EE066AF4EEC87AF1EE56
:1071A00010FAC4ED166A32DD9FED237A77EEC77AC6
:1071B000C4ED087A0AB0BDEC048B70BD0123C4EDA8
:1071C000508A84F8253003E7C4ED548AC4ED525A3E
:1071D00084ED536A68E7DFED196AB4EEE67AF1EE02
:1071E00010FA44BFDFED146A37EE267A84E7D5ED56
:1071F000165A96ED026A45EEC66AF5EEC06AF1EEE1
:1072000010FAD8BFDFED086AC4ED516A94E79FED2C
:107210000B7AF4EEC77AF1EE10FACBD59FED067A31
:1072200077EE877AC4E700BF00000000DB0F49401B
:1072300035FA8E3C00003443DB0FC940DB0F49C0F8
:1072400013B50A460C460146103017F0E8FD91EDE3
:10725000080ADFED177A01A920EE270A68460DF02B
:1072600075FE9DED006A94ED035ADDED016AD4EDE3
:10727000007AD4ED024A94ED017A65EE065A57EE93
:10728000A65A67EE867AC4ED005A66EE245A56EE88
:10729000875A26EE077A06EEA47A46EE857AC4ED82
:1072A000015A84ED027AC4ED037A02B010BD00BF2A
:1072B000E02EE5412AB1C36D1360036E5360436E47
:1072C0009360D0ED1A6AD0ED1B7A90ED1D7A90EDA7
:1072D000216A91ED090AF0EEE77AF0EEE66A76EEC1
:1072E000A76AD0ED1C7AF0EEE77A76EEA76AD0EDC9
:1072F0001E7AB0EEC77AF0EEE77A37EE277AD0ED55
:107300001F7AF0EEE77A37EE277AD0ED207AB0EEEA
:10731000C66AF0EEE77A77EE867A90ED226AF4EEAE
:10732000476AB0EEC66AF1EE10FA77EE867AC8BF09
:10733000B0EE667AF4EE477AF1EE10FA48BFF0EE5E
:10734000477AB4EE670AF1EE10FAC8BFB0EE670AEA
:10735000B5EEC00AF1EE10FA06DBB1EEC00ADFEDC1
:10736000047A20EE270A70479FED020AF7E700BF74
:10737000D4023739000000000B68C3654B68036610
:10738000B5EEC00A8B684366F1EE10FA4FF00003C9
:1073900013DDDFED0A7AC36620EE270A036720EECD
:1073A000000A436780ED1A0A80ED1E0AC367C0F821
:1073B0008030C0F8843080ED220A70479F0CB345BE
:1073C000F8B52DED028B9FED4B8A0C464FF4807380
:1073D0004FF07E578B8405460F6081ED018A81ED69
:1073E000028A81ED038A0F6181ED058A81ED068AAB
:1073F00081ED078A81ED088A04F12800B0EE480A81
:10740000032116460DF09EFF04F134000621FFF71C
:1074100029F8B0EE480A84ED138A84ED158A84EDCC
:10742000168A04F15C00276503210DF08BFF736A57
:10743000A366A367C4F888302F4BC4F8F030C4F8B3
:10744000F430C4F8F83084ED1B8A84ED1C8A84ED96
:107450001D8A84ED1F8A84ED208A84ED218A04F13F
:107460008C001221FEF7FEFF04F1D4000421FEF788
:10747000F9FFB0EE480A04F1E40002210DF062FFCA
:1074800084ED3B8A04F1F000B0EE480A03210DF0D0
:1074900059FF04F1FC000621FEF7E4FFB0EE480AB4
:1074A00004F58A7003210DF04DFF04F5907006215C
:1074B000FEF7D8FF84ED4E8A84ED4F8A84ED508A22
:1074C0006B6DC4F844310D4B84ED538A84ED548ABE
:1074D00004F5AA70C4F848310221B0EE480A0DF054
:1074E00031FFBDEC028B04F5AE700421BDE8F8401D
:1074F000FEF7B8BF000000000000C07F000080BFA2
:10750000F8B52DED028BD2ED018A0546144602F145
:107510000C0095ED000AF0EE680A0E4602F1180123
:10752000FEF71EFF94ED028A95ED010AF0EE480A7F
:10753000FEF76CFF84ED080AD5ED037A9FED3C7AE7
:10754000D4ED000A67EE877A68EE876A67EEA77A5D
:107550002746C4ED097AD5ED047A86EEA76A04F1D0
:10756000440104F13800583784ED0A6AD5ED067AF3
:1075700067EE877A67EEA77A67EEA75AC5EE866A46
:10758000DFED2C5A76EEA76AC4ED0B6AD5ED077ACB
:10759000F4EEE57AF1EE10FAD8BFF0EE657AC6EEB9
:1075A000A75AC4ED0C5AD5ED087A67EE877A67EED4
:1075B000A77A67EEA76A86EE867A77EE277AC4ED19
:1075C0000D7A95ED0A0AFEF7CBFE04F14C0095ED1D
:1075D0000A0A3946F0EE680AFEF7C2FE95ED0E0A79
:1075E000F0EE480AFEF712FF84ED180A95ED0D0A39
:1075F000B5EEC00AF1EE10FA04F1640004F1700275
:107600000DDD1146F0EE480AFEF7AAFEBDEC028B36
:10761000224631462846BDE8F840FFF7D1BE032197
:10762000FEF720FF02211046FEF71CFFEEE700BF29
:107630000000C842FFE6DB2E9FED0C7A82ED000AC7
:10764000F4EEC70AF1EE10FAB4EE471AD8BFF0EE26
:10765000400AF1EE10FACCBFF0EE417AF0EE407A3B
:10766000C2ED010AC2ED027AFFF74ABF0000000036
:1076700030B50B4D0A44914200D130BD11F8013BA9
:107680001C0984EA107455F8244084EA001083EA47
:10769000107303F00F0355F8233083EA0010EAE774
:1076A0004C2E030030B50D4DC0430A44914201D128
:1076B000C04330BD11F8013B83EA000404F00F041D
:1076C00055F8244084EA101080EA131303F00F03E6
:1076D00055F8233083EA1010E8E700BF8C2E030032
:1076E00010B5094C0A44914200D110BD11F8013B7C
:1076F000584003090001E35CC0B2434018091B0174
:10770000205CDBB25840EEE7329A030070B589B3D3
:107710000668304617F062FD0122014604463046F5
:1077200017F024FDC30708D413491448AF2217F0FB
:10773000D0FFAF21104817F0C3FF2146304617F0A5
:107740002BFD251829460022304617F00FFD2D1A73
:10775000AC4206D008490948B72217F0BAFFB72152
:10776000E8E72146304617F01DFD2146BDE8704090
:1077700017F059BE70BD00BF429A0300188B03007A
:10778000B2F5802F2DE9F0410CD2042A20D83D49D2
:107790003D484FF4077217F09CFF4FF407713948CA
:1077A00017F08EFF0823D21ACC1D114424F00704D1
:1077B00021F00701091B17294FEAD1060AD83149E0
:1077C000314840F2252217F084FF40F22521E6E7F8
:1077D0000423E8E7002704603146A660E7603046EE
:1077E00017F00FFD0121421D8046304617F000FDC5
:1077F0009200D51DED082844B0423AD8B8F1FF3FB9
:10780000A2F110023946B8BF3A4604F110001AF04E
:10781000B8F92A463946204617F0DCFC3B463A4682
:107820003946204617F0ADFCA6EB05082046394640
:10783000012217F0B7FC4246294617F0CBFC2B4635
:107840003A462946204617F09CFC3146204617F060
:10785000C1FC43463A463146204617F092FC314679
:107860002046012217F09EFC2946BDE8F04117F0A2
:1078700098BD0449044840F23A2217F02AFF40F22A
:107880003A218CE7429A0300188B03002DE9F04F50
:1078900091B08407009302F004030293C2F3C20381
:1078A00003F10103DDF86880039205460E46059357
:1078B00040F0E181041D30B1072909D86FF01B00A9
:1078C00011B0BDE8F08F01F007063444C6F1080698
:1078D000009B4FF00009591E4FF0040A4FF0FF3390
:1078E0000193CDF810904F46CB4653460DB100980A
:1078F00020600598002800F3D7809C48009A8242B7
:1079000003D39B488242C0F0CF80039AA4EB050EBC
:1079100092074FEA9E0040F1DE804FF0000CCCE071
:107920007A285DD84B280ED8472859D829282DD831
:10793000252852D054D820287AD02338D0F1000BF3
:107940004BEB000B74E04C382E2849D8DFE800F0F0
:107950007048484848484848484848484B4848487C
:10796000484848484859484B4B595959704B6D48FD
:107970007048184B18484883804B48484B48800053
:1079800000204FF0000B4FF0040A38E02A38C0B254
:10799000012202FA00F010EA0E0F49D110F0625CE9
:1079A0002FD110EA020B43D06046013C5444B4FB93
:1079B000FAF40AFB04F4002D60D0A3EB050CA444F8
:1079C000B4453FF67BAF002867D1042B48D158F867
:1079D000043B2360043404232AE0019A013A019213
:1079E0004FF0000B24E011F8010C6C2835D111F890
:1079F000023C00206C2B8346C5D14FF0080A534649
:107A0000D3E708F1070828F007080734F8E802ABC5
:107A100024F0070435B106982044B0423FF64EAF3B
:107A2000C4E900AB08344FF0000B4FF0080A53468E
:107A300011F8010F002800F0AA80BBF1000F7FF4BD
:107A40006FAF2528F4D1019B013301934FF0010B57
:107A50004FF0040AEBE7584693E700208346A4E77B
:107A6000082B40F08B8008F1070828F00708B8ECD5
:107A7000027B84ED007B08340823D9E768B9042B26
:107A800002D108F10408A5E7082B77D108F107080F
:107A900028F0070808F10808EDE705980138059077
:107AA00058F8040B009021E7039A900744D5A4EB03
:107AB000050E4FEA9E004FF0010CBEF5007F1BD370
:107AC0002C492D484FF41F7217F003FE4FF41F711D
:107AD000284817F0F5FD0F2F10D8002D38D007F1EA
:107AE00040020DEB020C019A0CF8200C0CF8102C43
:107AF0000498013004901EE00F2F08D91D491E483C
:107B000040F2812217F0E5FD40F28121E0E7D5B196
:107B100007F140020DEB020EC0B2019A0EF8200CE4
:107B20000EF8102CBCF1000FE2D060F07F000EF8D0
:107B3000200C09F101090137C5F10802043406924D
:107B40004FF6DA7E74E7BCF1000F01D00136F2E7A0
:107B5000029A0236002AEED10098CDE90631E9F703
:107B6000AFF9DDE906310644E5E700BF301C03004C
:107B700040C70300659A0300188B03003F49404843
:107B800040F2C62217F0A5FD40F2C621A0E7631B14
:107B9000B3F5806F08D33949394840F2D22217F043
:107BA00098FD40F2D22193E71DB9A6F10804E01830
:107BB00086E6029A28609B082B709DF81030C2B1AF
:107BC000EB7085F80290B9F1000F05D008A80022EB
:107BD000C5F1010C97420ED1C5F101030DF120084A
:107BE0004FF0000A01930DF1300B574512D1601B85
:107BF00066E66B70E5E710F8013B190608D50CEB5B
:107C0000040EB64503F07F033FF658AE04F8013B7F
:107C10000132DFE7B9F1000F03D098F90020002A04
:107C200017DB029BD3B11AF80B2004F8012B0022BA
:107C3000019B18191044B0423FF640AE98F800007E
:107C400004F8010B00990392204619F072FF039A81
:107C500014440AF1010A08F10108C6E798F8002067
:107C600055F822300093029B45F822300098E9F73E
:107C700027F9421CDCE76FF00D0021E6659A03004E
:107C8000188B03002DE9F04F97B000AF8946D7F865
:107C900080B0FA623B62044650B9A849A84840F255
:107CA000993217F016FD40F29931A44817F008FDFB
:107CB000CBF3C00390F802A07B6141B9457800780E
:107CC0000AEB800020444D4517D8A0EB0409E37867
:107CD000FB61BAF1000F02D01BF0010F16D1FB6956
:107CE00053BBFB6A1BB13A6A4946204698474D464A
:107CF00028465C37BD46BDE8F08F461C3046E9F7A4
:107D0000DFF80130304409F10109DCE723786268CB
:107D10007A62FA6A9900B96104EB8301002A40F0A3
:107D200001814D460E4601EB0A094FF000084E4511
:107D30004CD101EB0A0610E01BF0020FD1D02378E2
:107D40009A00BA6162687A62FA6A04EB8301002AD7
:107D500077D14D4601EB0A0690461BF0050F0CBF8C
:107D600002230123FB62FB6906EB430A0BF00203CB
:107D7000BB625645BCD016F8021B16F8013C54F8FD
:107D80002390704B994502D36F4B994536D37B694D
:107D9000002B40D0786A17F0EEFB00283BD0E94674
:107DA0008AB06A46694B53617B6AC2E906314FF477
:107DB00000731384664B42F8103F664800234FF46B
:107DC000125102F0FBF8023DCD46D2E716F8013B16
:107DD000F96254F82300E9F773F8D7F88430F96AA8
:107DE00001304BB1D7F8883098453EBFD7F8843082
:107DF00023F8180008F10108054498E77B6923B1CE
:107E0000786A17F0B8FB0028C9D11BF0010F05D123
:107E1000FB6AED1AADE7BB6A002BAAD04846E9F72A
:107E20004FF8D7F8843053B1D7F8883098453FBF22
:107E3000D7F88420431C22F8183008F101080544C3
:107E400097E7BAF1000F73D01BF0040873D0D04647
:107E500007F14800002652463B61B96219F069FEFD
:107E6000B96A3B6901EB0A02BA62FA69F969520020
:107E7000FA60BA6A02EB41023A610BF00202BA60A0
:107E8000BA6A39698A4267D162787A621BF0020F56
:107E900032440CBF4FEA580100211BF0010FD2B24F
:107EA00040F0DF801BF0040F14BF404600207B61D0
:107EB0006270A070E1703A6AB969FB6A204698471F
:107EC000051EFFF615AF7B6923707B6A6370FB6943
:107ED000E37041463A6AFB6A84F802A007F1480061
:107EE0009847B0F10008C0F2F080BB693A6AA9EB8C
:107EF0000A01C91AFB68C91AD7E90A03984700287A
:107F0000C0F2E580A84408EB00054FF0000B07F134
:107F1000380AB345C0F0A78000213A6AFB6A0846D8
:107F20009847E5E6564607F138004FF0000892E71B
:107F3000D046564696E7464694E700BF659A03004A
:107F4000188B0300301C030040C70300939A030002
:107F500004000001E4250300BA6A12F8021BBA62A9
:107F600012F8015C5B4A54F82500904202D35A4A49
:107F7000904217D37A693AB1786A7B6017F0FBFABE
:107F80007B6800287FF47CAFBA68002A49D00F2EA6
:107F90003DD95249524840F24D4217F09AFB40F207
:107FA0004D4182E67A693AB1786A7B6017F0E3FA6C
:107FB0007B6800287FF464AF1BF0010F0AD00F2EFE
:107FC00025D94649464840F2434217F082FB40F229
:107FD00043416AE61BF0040F3FF452AFB8F10F0FB4
:107FE00008D93E493E4840F2464217F072FB40F243
:107FF00046415AE608F1280207F1300008F1010174
:1080000002EB000808F8105C5FFA81F838E706F127
:10801000280207F13000711C161806F8205CCEB259
:108020002EE7B8F10F0F08D92C492D484FF48A627A
:1080300017F04FFB4FF48A6137E608F1280207F189
:10804000300C08F10100944407F1580252FA80F014
:1080500008F102080CF8101C5FFA88F800F8105CB0
:108060000EE7002023E71BF80A3087F8373054F872
:108070002390D7F884302BB3D7F888309B4521D292
:10808000D7F8843033F81B803A6AFB6A012107F184
:108090003700984700281ADB0544B8F1000F06D1D5
:1080A0004846E8F70DFF00F101081FFA88F83A6A20
:1080B000FB6A414648469847002808DB05440BF117
:1080C000010B26E74FF00008DEE7454610E60546BF
:1080D0000EE600BF301C030040C70300659A030092
:1080E000188B0300014B1860704700BF580900202F
:1080F00030B587B00025CDE903010446009503A9FA
:1081000005480595ECF7ACFEDDE904309842B8BFB0
:10811000255407B030BD00BFC5F50200F0B5094ECB
:10812000016802460A2700200B4601311C78355DA4
:108130006D0701D41360F0BD07FB0043A3F13000CD
:10814000F2E700BF3EC603002DE9F84F15469A46F8
:10815000D378234A12F803B06F2B81460F460BF0F9
:10816000030B2BD026D8582B0CBF10260A26DDF87F
:1081700028803246002348463946E8F73DFE092A62
:1081800008F1FF38D4B21ED83034B145E4B277F1EB
:10819000000788F8004001D3D04511D82B789B0602
:1081A00005D5082E15D1AB7843F00803AB704046D7
:1081B000BDE8F88F03F0F703702BD5E70826D6E764
:1081C00081460F46D5E7BBF1010F0CBF373457345A
:1081D000DBE7102EEBD1AB7843F01003E6E700BFEE
:1081E0003EC6030038B50D4604462022002119F092
:1081F000C8FCEB68E361AB68A3612B6823626B6822
:1082000063620022A2622A6923B1591E194208BF83
:1082100042F0010222610122002104F12C0019F038
:1082200099FB40B1044905482F2217F052FA024841
:108230002F2117F045FA38BD4D9B0300188B030022
:108240002DE9F04F89B0CDE90123436A00268B4226
:108250000446884605960796B24652D300F11407A5
:108260004FF0400BEFF3118300938BF31288BFF3B1
:108270006F8F3846DDF8009013F09EFD40B94649F7
:108280004648882217F025FA8821434817F018FA43
:10829000384613F0B5FD079A2AB13146204617F04B
:1082A000FFFA0023079306A9204617F01FFA069944
:1082B000414505462ED32268236A13F8221021F087
:1082C000030103F8221003EB820A2168424620468C
:1082D00017F030FAE3682060984216D0002538463F
:1082E00013F078FD50B389F31188BFF36F8F0599B0
:1082F00029B1A3690BB12046984700230593002DAF
:10830000B0D1504609B0BDE8F08F236943F00803AF
:108310002361E3E718B1204617F026FADFE7DDE92D
:108320000132134330D0039119F042FB039958BB3B
:10833000009B4BBB384613F04DFD40B9164917481A
:1083400040F2311217F0C5F940F231119DE785F383
:108350001188BFF36F8FDDE9012304F12C0011F0C8
:10836000E5FE0546EFF311898BF31288BFF36F8F9B
:10837000384613F021FD002881D03846B5FA85F53E
:1083800013F03EFD6D09AAE707AB05AA2046266853
:1083900017F007FA0546A2E7739B0300188B03004A
:1083A0002DE9F0410446C36908460D46984704F19B
:1083B00014060746EFF31188402383F31288BFF3B6
:1083C0006F8F304613F0F8FC40B9164916488822E2
:1083D00017F07FF98821134817F072F9304613F02F
:1083E0000FFD2B7843F001032B7061683A4620465D
:1083F00017F0A0F96060204617F06DFA304613F0D0
:10840000E9FC40B90749084840F2311217F061F918
:1084100040F23111DFE788F31188BFF36F8FBDE8B9
:10842000F08100BF739B0300188B03002DE9F84314
:10843000044600F11407EFF31188402383F31288F8
:10844000BFF36F8F384613F0B7FC054640B930498B
:108450003048882217F03DF988212D4817F030F96F
:10846000384613F0CDFC2369A26813F0080F02D13F
:1084700063689A4200D9636A9B1A002B3AD0216A3A
:1084800011F8223013F0030001EB820935D00228E5
:1084900003D151F82260B60805D1D8071AD4E36990
:1084A000484698470646A1683246204617F042F9EA
:1084B0003146A060204617F04BF9384613F08AFC8D
:1084C000E8B91349134840F2311217F002F940F2AB
:1084D0003111C2E743F0020301F822304846E36954
:1084E000A568984729460246204617F023F900253B
:1084F000A060E2E71D46A946DFE70546FBE788F3F3
:108500001188BFF36F8F002D95D14846BDE8F883E1
:10851000739B0300188B03002DE9F0410446C369E7
:1085200008460D46984704F114070646EFF31188F4
:10853000402383F31288BFF36F8F384613F03CFC5F
:1085400040B923492348882217F0C3F888212048DE
:1085500017F0B6F8384613F053FC2B786FF300038E
:108560002B7023699B0705D5E268236A03EB82031E
:108570009D421DD12B786FF341032B70D4E902315A
:10858000994204D13246204617F0D4F8A060314613
:10859000204617F0DDF8384613F01CFC68B90C498A
:1085A0000C4840F2311217F094F840F23111CEE746
:1085B0002B6866F39F032B60EDE788F31188BFF308
:1085C0006F8F04F12C00BDE8F04111F04BBD00BFEE
:1085D000739B0300188B030070B5044600F114056B
:1085E000EFF31186402383F31288BFF36F8F284681
:1085F00013F0E2FB40B916491648882217F069F8D3
:108600008821134817F05CF8284613F0F9FB23691A
:10861000A06813F0080F02D1636898420ED9646A0B
:10862000241A284613F0D6FB50B90949094840F2EC
:10863000311217F04EF840F23111E2E71C1AF0E760
:1086400086F31188BFF36F8F201E18BF012070BD05
:10865000739B0300188B030008B50446EFF31183E6
:10866000402383F31288BFF36F8F0BF02DF9204660
:1086700004F094FF024816F0B9FF17F05BFFFCE727
:10868000A09B03002DE9F043079D15B9156000205C
:1086900012E00324B5FBF4F404EB4407BD4218BF19
:1086A0000134B4F1804F09D2A40001348C4200D8C7
:1086B00038B914606FF00B00BDE8F0834FF0FF3461
:1086C000F7E7DFF8BCE004460021B94203F1030CF0
:1086D00004F104062CD3A942274624D21F7801F1C5
:1086E000010CAC45264938BF5B784FEAA70E28BF7E
:1086F000002311F80EE084F800E0AC4501EB131EF6
:108700003CBF9B0003F03C034FEA071707F030071C
:1087100038BFCB5C1EF80770677028BF3D23A3707D
:108720003D23E3703746381A002310603B70AEE7F4
:108730001CF8034C1CF8023C1CF8018C4FEAA409FD
:1087400024011EF8099006F8049C04F030040EEB96
:1087500013199B0019F8044006F8034C03F03C037E
:108760000EEB981408F03F08E35C06F8023C1EF894
:10877000083006F8013C033134466346A5E700BFE4
:10878000499C03002DE9F043DDF81CE0DFF82C8163
:1087900000273C463D4675451FD3E4BB14600020CE
:1087A000BDE8F0830136764533D013F806C0BCF13E
:1087B000200FF7D0AEEB0609B9F1010FA6EB0505C6
:1087C0000DD0BCF10D0F0AD103EB060999F8019009
:1087D000B9F10A0F6ED1751CDDE72E46E3E7BCF157
:1087E0000A0FF8D02DB9BCF13D0F05D10137022F8A
:1087F0000DD96FF01500D3E71CF0800FF9D118F8F0
:108800000C507F2DF5D03F2D01D8002FF1D1013430
:10881000E1E73546C1E704F007064FF0060CE4082F
:108820000CFB06F60CFB04F40736E41B04EBD60441
:1088300070B18C420CD80027DFF880E0DFF8808030
:108840001D44014603263C469D4205D10C1AA5E76E
:1088500014606FF00B00A3E713F8019BA9F10A0C59
:108860005FFA8CFCBCF1160F04D848FA0CFC1CF023
:10887000010FE9D01EF809C00134BCF1400F08BF58
:10888000013E0CF03F0C042C4CEA8717DCD17EB182
:108890003C0C012E0C7002D101310024D4E7022ED1
:1088A0004FEA17244C7016BF8F7002310331F4E782
:1088B0003446C9E7002DA2D09BE700BFC99B030047
:1088C000F6FFBFFF2DE9F84F04460846A38B1907B2
:1088D000164612D4022803F0070162D1204617F091
:1088E0002CF888B10138042800F22581DFE810F067
:1088F000590023017E00C800F50001280CBF43F099
:10890000100143F02001A18304F1140013F062FA76
:10891000002800F0AB8086F31188BFF36F8FBDE8AD
:10892000F88F03F00702501F01281ED80020062AE6
:108930002768C4E9000014D13A4603E0E08B013017
:10894000E0831268002AF9D123F0070343F0020202
:10895000A283204616F0F1FF90B342F02002A283DA
:108960002EE023F007039AB2F2E7042A33D123F072
:1089700007039AB2A283204616F0DFFF10B142F03F
:108980002002A283A38B03F00709894540F0DC8015
:10899000A18BCA0640F1218121F01003A38301F0CD
:1089A0000701D4F81880A38BB8F1000FB9DA0022C0
:1089B000276823F00703C4E9002243F00103A383DF
:1089C000A38B03F00709894540F0BF80002FDFD05B
:1089D0000025AA4640E08549854840F21B1216F062
:1089E00078FE40F21B11814816F06AFE41B17F49C2
:1089F0007F484FF4AB7216F06CFE4FF4AB71F2E7A8
:108A0000236843B979497A4840F2571216F061FE5B
:108A100040F25711E7E723691D6845B97349744867
:108A20004FF4AD7216F055FE4FF4AD71DBE7A38B3A
:108A300023F0070343F006039BB2A3830F46884647
:108A40004FF00609A268002A40F08180002F40F014
:108A50008180002D9CD0BA4643F0080304F1140B2A
:108A6000A383584613F0B6F9002875D161496048D0
:108A700040F2311216F02DFE40F231115D48B3E79D
:108A8000022908D059495A4840F25D1216F021FED9
:108A900040F25D11A7E7E78B47B1544954484FF4C2
:108AA000AF7216F016FE4FF4AF719CE723695D6854
:108AB00045B94E494E4840F2611216F00AFE40F2A6
:108AC000611190E7A38B23F0070343F004039BB2EB
:108AD000A383B8464FF00409B4E7012908D04349FD
:108AE00043484FF4B27216F0F4FD4FF4B2717AE7D6
:108AF000236843B93D493E4840F2651216F0E9FD4E
:108B000040F265116FE723699D6845B937493848D8
:108B10004FF4B47216F0DDFD4FF4B47163E7A38B2C
:108B200023F0070343F005039BB20027A383B84655
:108B30004FF0050986E72D492D4840F26B1216F0DB
:108B4000C8FD40F26B114EE7002700257AE74FF091
:108B5000010A81E792467FE786F31188BFF36F8FA2
:108B6000BAF1000F16D147BB15B123492046A847DB
:108B7000EFF31186402383F31288BFF36F8F5846BB
:108B800013F01AF908BB1B491948882216F0A1FDF9
:108B9000882173E7A1680029E5D00E680029E2D09A
:108BA000D1F804A043464A462046D0471EB1336858
:108BB00031461E46F2E73346FAE7394643464A460F
:108BC00020463F6816F0E5FECDE7584613F018F949
:108BD000A38B23F00803A383DAE68B067FF594AE1C
:108BE00021F02003A38301F0070177E6899C0300AD
:108BF000188B0300739B0300FD8B0100F8B504463E
:108C00000D4600F11406EFF31187402383F3128819
:108C1000BFF36F8F304613F0CFF840B909490A48C7
:108C2000882216F056FD0748882116F049FD304687
:108C300013F0E6F8A5613A4620460121BDE8F84068
:108C4000FFF740BE739B0300188B03002DE9F0472C
:108C500004460F4616F08DFE051E5DDB04F1140977
:108C6000EFF3118A402383F31288BFF36F8F4846D6
:108C700013F0A2F8804638B933493448882216F0F8
:108C800028FD882130483CE0484613F0B9F8E38BD2
:108C9000A68B4FF6FF72934206F007063FD0022ED6
:108CA00010D10133E3833546484613F093F800288A
:108CB0003BD12549254840F2311216F00AFD40F219
:108CC0003111DFE7062E13D8DFE806F0092C121267
:108CD000090409006FF085054FF00008E4E7002360
:108CE0003B6063687BB9C4E900777EB13546F3E742
:108CF000174916484FF4E47216F0EBFC14484FF491
:108D0000E47116F0DDFC1F606760EEE75246022159
:108D10002046FFF7D7FD35462846BDE8F0876FF0BF
:108D20000A05D9E76FF00405D6E78AF31188BFF387
:108D30006F8FB8F1000FEFD000233246394620463E
:108D400016F027FEE8E700BF739B0300188B0300B3
:108D5000899C0300F8B5054600F11406EFF311876E
:108D6000402383F31288BFF36F8F304613F024F84B
:108D700038B920492048882216F0ABFC88211D48CC
:108D800025E0304613F03CF8AC8B04F00704022CCD
:108D900012D0012C0CBF6FF004046FF08504304634
:108DA00013F018F808BB1349134840F2311216F0BB
:108DB00090FC40F23111E2E7EB8B53B90F490E48BA
:108DC00040F2EF1216F085FC0C4840F2EF1116F05D
:108DD00077FC013B9BB2EB83002BE0D13A46214666
:108DE0002846FFF76FFD2046F8BD87F31188BFF3D3
:108DF0006F8FF8E7739B0300188B0300899C0300B7
:108E00002DE9F0410E460546002845D0002943D003
:108E100000F11407EFF31188402383F31288BFF3A6
:108E20006F8F384612F0C8FF38B91D491D48882297
:108E300016F04FFC88211A4816E0384612F0E0FF81
:108E400031462846AC8B16F05DFD78B104F007047E
:108E5000231F022B0CD91449124840F22D2216F080
:108E600038FC114840F22D2116F02AFC6FF07704EF
:108E7000384612F0AFFF40B909490A4840F23112B2
:108E800016F027FC40F23111D5E788F31188BFF3C3
:108E90006F8F2046BDE8F0816FF01504F9E700BF41
:108EA000739B0300188B0300899C030008B542687C
:108EB000816002F00302032A034602D02AB1002097
:108EC00000E0006800225A6008BD044904484522B9
:108ED00016F0FFFB0148452116F0F2FBAE9C0300A3
:108EE000188B03002DE9F34106460F4615464FF057
:108EF00000082A4601A9304616F09DFD044640B1FF
:108F000002463946019818F014FE2D1BA044274450
:108F1000EFD14246311D304616F0ABFD40B1064957
:108F20000648482216F0D5FB0348482116F0C8FB36
:108F3000404602B0BDE8F081D49C0300188B0300CA
:108F40002DE9F34107460E4615464FF000082A4624
:108F500001A9384616F07EFD044648B12EB10246FE
:108F60000199304618F0E5FD26442D1BA044EED1B2
:108F7000424607F10A01384616F07BFD40B106492A
:108F80000648632216F0A5FB0348632116F098FB00
:108F9000404602B0BDE8F081D49C0300188B03006A
:108FA0002DE9F7430F4606460821C06ADFF85090C6
:108FB00016F0E5FD3C68241A80463C6004EA090589
:108FC000AC4203D8002003B0BDE8F08308236A4612
:108FD0002146304616F084FD0028F4D1694630461B
:108FE00016F0D7FD40B1BDF80230BDF804203C605A
:108FF00005EA090513441D44A4EB0804E0E700BF9B
:109000000000FFFF73B504460821C06A124E16F037
:10901000B6FD4FF6FF726368ADF800208DF80620AC
:10902000A289191833401344181A00256060684655
:10903000ADF80210ADF8045016F098FD69462046D0
:1090400016F08FFE2046211D16F083FD636828462A
:109050003340A36002B070BD0000FFFF38B5057C4F
:1090600004461DBB082000F0C9FD40B1104B436110
:10907000104B83610323037445748574C5740E49D2
:1090800000234FF4C25216F0D2FF6FF00C0038BD2F
:109090002904204616F0BAFD01350028F7D1E289EF
:1090A000ABB29A42F4D800202074F0E70025F6E72E
:1090B000FF9C0300339E0300342603002DE9F04794
:1090C00004468AB000F11407384618F025FCA06A5F
:1090D0008368DB6898470546E06268B9082000F0BD
:1090E0008DFDF8B1A54B4361A54B83610323037448
:1090F00045748574C57415E0A06A8368DB68984779
:109100000368013B1F2B19D9082000F077FD48B1F7
:109110009C4B43619A4B8361032303740023437484
:109120008374C374984900234FF4C25216F07FFF32
:109130006FF0150528460AB0BDE8F087A06A2168DF
:1091400007AA17F086FB30B1082000F057FD002871
:10915000E8D08E4BDDE7A5892DB1089BB5FBF3F276
:1091600003FB125535B1082000F048FD0028D9D086
:10917000874BCEE7E389012B06D8082000F03EFD9F
:109180000028CFD0834BAEE7E36A019593F80580C2
:109190004FF0FF334FF0FF32384610F0CFFCE06A5B
:1091A000082116F0ECFCA9460646E3891FFA85FA69
:1091B000534521D8E3894B4551D1062000F01EFDCF
:1091C00038B1754B436102230374002343748374E5
:1091D000C3746D4900234FF4845216F028FFA2890E
:1091E000E389A06A21685A4317F076F9054608B367
:1091F000384610F059FD9DE7A1892B04891B13FA0D
:1092000081F1424608232046019116F077FC78B19F
:1092100001A9204616F09DFC09F1010901990823D6
:10922000424620461FFA89F916F068FC0028C1D092
:109230000135BAE7A389E2899B1B013A9BB203EB94
:1092400002430193019908234246891B204616F0E8
:1092500055FC30B901A9204616F07BFC01E05345CE
:10926000F0D001A92046FFF79BFE05460028BFD19C
:10927000019B63604FEA13494FEA0949C4F808901B
:10928000D4E9011399420FD3082303AA204616F00C
:1092900027FC05460028ABD103AB13F8012B904502
:1092A00035D10135082DF8D163681B0C1B0401A9C9
:1092B0002046019316F04DFCA389019942462046B1
:1092C00016F01CFC051E93DB636800F0928006EB31
:1092D00003084FF6FF79A389CDF804801FFA88F2BE
:1092E0009B1B9A422FD300236168002B56D0090C98
:1092F00009040191204601A916F02BFC0199204692
:1093000016F084FC0546002D00F0918070E703A95B
:10931000204616F03EFC626810B9921B6260AFE70F
:10932000BDF81050BDF80E10E06AC4F8089029444A
:1093300016F025FC48449042A060EED1002DECD000
:109340006FF01C05A9E0082305AA4146204616F047
:10935000C7FB054600287FF44BAF05A9204616F051
:1093600018FC30B1BDF814304B4502D1BDF81830AF
:109370000BB1B044AFE70123B6E700BF179D030070
:10938000299E03003D9D0300342603005E9D0300DB
:109390007A9D0300929D0300B99D0300204616F0BC
:1093A00035FC054600287FF423AF6368414AA18954
:1093B00013400B44A3EB46031A40A260636004F120
:1093C0002C0204F50B7142F8043F9142FBD1204678
:1093D00016F0FBFC96E75B1A4246204616F08EFB21
:1093E000051EFFF605AF08D0E26AA36812681344B1
:1093F000A360D4E901318B42EDD86168A38901EB08
:1094000046029A427FF47FAFDFF8A880A26801EAA3
:1094100008039A423FF477AF204616F0F7FB054663
:1094200000287FF4E5AE636803EA0803A3604FF405
:109430000072FF2104F1300018F0A3FB636802936F
:109440004FF6FF7805AA02A92046DDF8089016F02D
:1094500005FC054600287FF4CBAEBDF8140040455E
:109460000DD016F020FB04EB80052B6B013306D1E9
:1094700005A9204616F08DFB08B1C5F83090636849
:10948000029A9342DED1A2899BB2A2EB460293429A
:1094900008D1204616F082FC0546384610F004FC40
:1094A0001DB147E6384610F0FFFB01232374002569
:1094B00040E600BF0000FFFF2DE9F04F91B0067CB1
:1094C000019204460F461D46C6B9082000F096FBDF
:1094D00040B1744B4361744B83610323037446743E
:1094E0008674C6744FF4C2527049002316F09FFD73
:1094F0006FF00C02104611B0BDE8F08FC26A08216F
:10950000104616F03CFB29460290104616F037FB39
:10951000A389029AA3EB8203AB420646C0F0BF8048
:1095200055B9384616F0BFFA0C3054F82030059380
:1095300001334DD10022DDE7019B002B00F0AF800D
:10954000384616F0B0FA0C3054F820300593013349
:109550003ED1002E40F08D8004F1140A4FF0FF320E
:109560004FF0FF33504610F0E9FA4FF00009E3895D
:10957000994500F09180A168626873189A427CD383
:10958000FF23019A8DF8263020462B46ADF8221095
:10959000ADF82070ADF8245016F0AAFB294602461B
:1095A000E06A16F0ECFAA3680344A36052B908A875
:1095B00016F0DCFA08A9204616F0D3FB002814BFE9
:1095C00002462A460192504610F06EFB019A91E73E
:1095D00006AA05A92046DDF814A016F03FFB0246B6
:1095E000002887D1BDF81830BB4206D06268059BC1
:1095F0009A42EDD1002DACD19CE706A9204616F089
:10960000C8FA0028F2D0BDF81A90BDF81C304DB34E
:109610009D429ED1E36ADDF804B01B684FEA1A4A06
:109620005B424FEA0A4A03F02003D1440393AA465F
:10963000039B534528BF534608AA494620469846EF
:1096400016F04EFA021E11D1424608A9584618F0EB
:1096500060FA00287FF47DAFBAEB080AC144C34426
:10966000E6D167E7002B7FF474AF63E73FF771AF94
:1096700040E7029B1E44B6B26EE72046FFF7C2FCED
:10968000024600289ED1204616F09FFB0246002885
:1096900098D109F101096AE76FF01B0292E76FF0B8
:1096A000150227E7FF9C03001F9E030034260300DA
:1096B0002DE9FF47057CBDF8309004460E469046E4
:1096C0001F46BDB9082000F099FA40B1354B4361FF
:1096D000354B83610323037445748574C574334922
:1096E00000234FF4C25216F0A2FC6FF00C0004B03D
:1096F000BDE8F087C06A082116F041FAA389A3EB00
:109700004003BB424AD3304616F0CDF90C3054F832
:1097100020A0CDF804A0BAF1FF3F1AD16FF00100EC
:10972000E5E702AA01A9204616F098FA0028DED142
:10973000BDF80830B34206D102A9204616F029FA36
:1097400008B10135ADB26268019B9A4202D151461F
:1097500008E000254D455146DDF804A0E1D96368D5
:10976000534503D1BDF80830B342D7D1BDF80C3012
:10977000002BD3D0A945D1D8BDF80A00090CBB42B3
:109780004FEA014128BF3B4601444246204616F0BD
:10979000A7F90028ABD1BDF80C00A8E76FF01500C1
:1097A000A5E700BFFF9C0300119E030034260300C1
:1097B00070B5057C86B00446B5B9082000F01EFAE5
:1097C00040B12C4B43612C4B8361032303744574DC
:1097D0008574C574294900234FF4C25216F027FC42
:1097E0006FF00C0006B070BDC06A082116F0C7F912
:1097F000A589E389A5EB4005013B5D4363680093C0
:10980000064602AA6946204616F028FA0028E9D141
:109810006368019304AA01A9204616F01FFA0028E4
:10982000E0D1BDF81020BDF808309A4203D062683C
:10983000019B9A42EED102A9204616F0AAF9009A9D
:1098400048B1BDF80C1059B9BDF808104FF6FF73B8
:10985000994200D1AD1B63689342D2D12846C1E73B
:10986000019B9342F7D1E06A16F089F9AD1B2D1ADE
:10987000F1E700BFFF9C0300FD9D030034260300B9
:1098800010B5047C0246ACB9082000F0B7F940B12D
:109890000D4B43610D4B8361032303744474847443
:1098A000C4740B4900234FF4C25216F0C0FB6FF092
:1098B0000C0010BDC06A082116F061F9D2E901322E
:1098C0009B1A181AF5E700BFFF9C0300E49D0300F4
:1098D0003426030030B51049104889B0002218F032
:1098E000DEF80F4D0F4900220023CDE906230024A6
:1098F0000E23CDE90334CDE901440B4B00944FF422
:109900008062284611F05AF80849284610F0DEFF18
:10991000204609B030BD00BF659A0100502D0020DF
:109920006826002000890020799D0100449E0300E4
:109930002DE9F047DFF85880044607464FF001094B
:1099400014B93846BDE8F08794FAA4F5B5FA85F560
:1099500009FA05F32E0108EB05156FEA030A24EA5C
:1099600003042B7B002BEBD058F806301B694BB956
:109970004644042273682846196807EA0A0716F065
:1099800037FBDDE7284698470028D9D1F0E700BF2C
:10999000742703002DE9F047DFF8C4902C4CA9EBA5
:1099A00004038F2B80460F460AD92A492A484FF4D0
:1099B000A77215F08EFE4FF4A771264815F080FEB1
:1099C000264816F0F5FA064658B300252846BDE8A5
:1099D000F087237B83B12368DB680BB1204698476F
:1099E000636883F806A023681B6993B9636804223F
:1099F0001968204616F0FCFA013610344C4514D98B
:109A0000144915484FF4AD7215F063FE4FF4AD7173
:109A1000D3E7204698470028E8D00AFA06F31D430A
:109A2000EAE705464FF0010AE8E7D2D3B8F1000FA4
:109A3000CCD0002DC9D02846FFF77AFF0546002F6D
:109A4000F7D000214FF4A47011F06EFEF1E700BFD3
:109A5000742703004C9E0300188B0300783A002003
:109A600094270300014810F0FDBA00BF080E002043
:109A7000014B53F820007047E02E030008B5034661
:109A800008462BB1044A136000F0B4FD002008BD65
:109A90006FF01500FBE700BF5C09002010B5044C17
:109AA000237813B9034810F0DDFA0123237010BDA9
:109AB000D45B0020080E002010B504460B4816F0B9
:109AC00077FA5CB1BFF35B8F094B53E8001F013994
:109AD00043E80012002AF8D1BFF35B8F054817F066
:109AE000EAFF0548BDE8104010F0BCBA703A00200B
:109AF000743A0020502D0020080E00200020064B54
:109B0000BFF35B8F014653E8000F43E80012002AC1
:109B1000F9D1BFF35B8F7047703A002070B5FFF743
:109B2000EDFF0E4C0E4E0546B44215D90D490E48B8
:109B300040F20E2215F0CDFD0A4840F20E2115F03C
:109B4000BFFD63685B792BB123685B6813B129465D
:109B5000204698471034E7E7F3D370BD742703001D
:109B6000942703004C9E0300188B030010B5044C8F
:109B700004492046FEF736FB034B1C6010BD00BFB6
:109B8000080D0020CC2E0300643A0020134A14482C
:109B9000002310B51370134A1360134A4FF40041A9
:109BA0001360FFF76BFFFFF7E1FF104B10491846FA
:109BB0008B4211D90F49104840F2291215F089FD46
:109BC0000C4840F2291115F07BFD1A1A5C6812113D
:109BD000013222711033EBE7F7D310BDD55B0020C3
:109BE000ADFF0200703A0020743A00207427030091
:109BF000942703004C9E0300188B030001460022AB
:109C000001480023FEF71CBB080D00200148FEF7A9
:109C10000DBC00BF080D0020024B01461868FEF77E
:109C20007BBC00BF643A00200148FEF7D5BC00BFF2
:109C3000080D002070B52F4B1878002859D0FFF779
:109C4000E5FF0546002840D12B4B2C4C1B68002B10
:109C500019DD17F022FF4FF47A72A0FB020302FB1A
:109C60000131C30BD4E9002043EA41439B1A4FEA78
:109C7000D13140F2E93261EB0001934271F1000110
:109C800001D3FFF74BFFD4E9003213F57A7342F1A9
:109C90000002C4E90032BDE87040FFF7C5BF636849
:109CA0005B7923B1236829461B6820469847103406
:109CB000B4420DD91249134840F2022215F009FDB1
:109CC0000F4840F2022115F0FBFC0F4C0F4EEFE75E
:109CD000E5D32846FFF7A0FFBFF35B8F0C4B53E89B
:109CE000001F013943E80012002AF8D1BFF35B8F4F
:109CF000AAE770BDD45B0020703A0020482D0020F8
:109D00004C9E0300188B0300742703009427030064
:109D1000743A002070B5134D297809BB0120FFF774
:109D200039FE114C114EB44213D91149114840F279
:109D3000C71215F0CEFC0E4840F2C71115F0C0FC5A
:109D400063685B791BB1236820469B689847103491
:109D5000E9E7F5D3FFF76EFF0028FBD101232B7055
:109D600070BD00BFD55B002074270300942703005B
:109D70004C9E0300188B03002DE9F0472C4B2D4F10
:109D8000FB1A1B090AD12C492C4840F2AB3215F0C2
:109D9000A0FC40F2AB31284815F092FC00210846A7
:109DA000FFF7F8FD044640B340F267684FF0000942
:109DB00011F05AFD224B186030B1224B1B68092B61
:109DC00002DD214810F04EF9DFF87CA0002544B1F7
:109DD0002046FFF7ADFD044618B94FF0FF384FF0AD
:109DE000FF39FFF727FF064628B95DB942464B46C3
:109DF000504610F09BF93546E9E74FF0FF384FF039
:109E0000FF39D5E70A4D08E0F0D22B689B691BB1FA
:109E100000221146284698471035BD42F4D906491C
:109E2000064840F29F3215F054FC40F29F31B2E7F1
:109E300074270300942703004C9E0300188B030033
:109E40006C3A0020743A0020080E002013B5264812
:109E500016F0AEF8254B1B785BB3EFF3118440236B
:109E600083F31288BFF36F8F214811F0A5FF40B92B
:109E700020492148882215F02CFC88211D4815F026
:109E80001FFC1B4811F0BCFFFFF7D4FE184811F06F
:109E9000A1FF40B91749184840F2311215F019FCDA
:109EA00040F23111EAE784F31188BFF36F8F02B0FB
:109EB00010BD124B1B68002BF9D050B900220023B3
:109EC000CDE900230E4840F26762002312F074FAD5
:109ED000EDE70928EBD10A4817F0EDFD094802B07B
:109EE000BDE8104010F0BEB8743A0020D55B0020E9
:109EF000683A0020739B0300188B03006C3A002023
:109F0000502D0020080E002010B5064B1B6804469B
:109F100098472146A0600448FEF742FABDE8104089
:109F2000FFF794BF5C090020080D0020044A054B90
:109F30009B1AB1EBD30F34BF52F8310000207047A9
:109F4000542503007427030070B50D4C0D4E0546D3
:109F5000B44211D90C490D4840F2262215F0B9FB44
:109F6000094840F2262115F0ABFBA1682846E6F728
:109F70009DFF18B11034EBE7F7D30024204670BDE5
:109F800074270300942703007D9E0300188B0300B1
:109F900008B550B90749084840F2351215F099FB49
:109FA000044840F2351115F08BFB436800225A71CA
:109FB00008BD00BFAA9E0300188B03002DE9F04FD7
:109FC0008FB004AFC1F34A28B8600D4691467B605C
:109FD0000C0DB8F1000F67D0002607F114034FF005
:109FE000040B4FF00A0AC7F80C80C7E907667E62C7
:109FF0000193CDF808B0CDF800A007F11C03F96873
:10A0000032464846FDF73EFEB0F5006F03461CD3CE
:10A010006C468AB0D9F8041004AB2C48C3E905019A
:10A0200040F2FF71D9611A464FF400711984284B30
:10A0300042F8103F274833464FF41251FFF7BEFF56
:10A04000A5462C37BD46BDE8F08FC0F30A0804F1E1
:10A050001700184420F0070080083B60FFF7CEFD92
:10A0600068F35325044638B33B681B4AC7E90836F2
:10A0700000F1100107F11403F961CDE900A3CDF857
:10A0800008B0F96807F11C034846FDF7FBFD0028FE
:10A0900012DA124912484FF4A37215F01AFB0F4856
:10A0A0004FF4A37115F00CFB04F1170020F007002A
:10A0B0008008FFF7A3FD044668F353257B68B96861
:10A0C0002A46204615F0B3FFBBE700BFEB9E030016
:10A0D0000400000164260300030003002A9F03001C
:10A0E000188B03002DE9F04F87B0DDE91279DDE927
:10A0F000106A04460391934698468FB3CDF80090BA
:10A100003B46524610210020CDF81490FDF7BEFBCF
:10A11000051E0ADA2A492B4840F2651215F0D9FAD1
:10A1200040F26511264815F0CBFAB5F5006F18DB43
:10A130000820FFF763FD50B1234B436140F2FF73EA
:10A14000836103230374002343748374C3741F491E
:10A1500000234FF4C45207B0BDE8F04F15F067BFBD
:10A160003D4606F11700284420F0070004F00704DC
:10A170008008FFF743FD0BF0070BE40044EA8B1463
:10A1800044EA452444EA0654064698B197B1CDF80E
:10A1900000903B46524629461030FDF777FB0028D9
:10A1A00008DA074907484FF4C47215F092FA4FF4E1
:10A1B000C471B7E70399434622463046CBE700BF58
:10A1C0002A9F0300188B0300569F03006426030098
:10A1D000406820B1034BC01A40F3CF0070474FF0E6
:10A1E000FF307047542503000EB403B503AB01469E
:10A1F00053F8042B0448019315F04DFF02B05DF8AD
:10A2000004EB03B0704700BF29A20100CA0605D4C1
:10A210008B064CBF02490349FFF7E6BF704700BFFA
:10A220008F9F03008E9F030038B54B681A68CB6878
:10A230009A4205460C4602D1084615F01FFF636896
:10A24000BFF35B8F53E8002F511C43E80010002838
:10A25000F8D1BFF35B8FA3689D5463681A68E36805
:10A260009A4208D905490648722215F032FA034885
:10A27000722115F025FA002038BD00BF919F030020
:10A28000188B03002DE9F04F8BB09A46169B06936E
:10A290009DF854B0179B0593189B199E0493044690
:10A2A0000D469046BBF1000F00F0AC80BBF1040FEF
:10A2B0000AD9A349A34840F2462215F00AFA40F20F
:10A2C00046219F4815F0FCF906F00103089306F0BB
:10A2D0000803079306F48073099315F087FE06F0D0
:10A2E0000209024600283BD097492046FFF77CFF31
:10A2F0000746B9F1000F08D016F0440F32D1934948
:10A300002A462046FFF770FF0744089B53B1904B45
:10A31000904953F82B20904B2046002A08BF1A463C
:10A32000FFF762FF099B002B48D0079B002B62D1EF
:10A33000B8F1000F64D0894942462046FFF754FF28
:10A340000546069B3D44002B6BD1049B002B7FD11F
:10A35000F30700F1EE8031462046FFF757FFE2E0B9
:10A360000746C6E77E4B18680028CDD07D4B4FF4DA
:10A370007A791B68B5FBF3F54FF46163B5FBF0F137
:10A3800000FB115509FB05F54FF03C0CB1FBF3F256
:10A3900003FB1211B5FBF0FEB1FBFCF300FB1E55F5
:10A3A0000CFB131109FB05F50091B5FBF0F56E49A7
:10A3B000CDE901E52046FFF717FFA5E7079BEBB1C5
:10A3C0006A4B6B4953F82B202046FFF70DFF0546DB
:10A3D000B8F1000F05D0614942462046FFF704FF5F
:10A3E0000544BAF1000FACD0624952462046FFF74F
:10A3F000FBFE0544A5E74FF0000AE1E7079DE7E70C
:10A4000045469EE7BAF1010F069B06D1D3B9049BDE
:10A41000002B00F0888000251AE0002BF7D056486A
:10A4200011E05648069B5649224615F073F800285D
:10A430000BDA434943484FF4287215F04AF94FF4B8
:10A4400028713EE74D485D46ECE7049B002B66D043
:10A45000DFF84081DFF84091049F3146102F2046FD
:10A4600028BF1027FFF7D2FE4FF0000A554543DC06
:10A47000059B49461A782046FFF7B6FE4FF0010AC1
:10A480001AF0070F03D141462046FFF7ADFE5745AE
:10A4900039D9059B494613F80A202046FFF7A4FE48
:10A4A0000AF1010ABAF1100FEAD1364920464FF0FD
:10A4B000000AFFF799FE5246059B9A5C324B995C65
:10A4C00011F0970F08BF2E2230492046FFF78CFE6F
:10A4D0000AF1010ABAF1100F1AD01AF0070F03D1CE
:10A4E00041462046FFF780FE57455246E4D8414694
:10A4F0002046FFF779FEEBE741462046FFF774FE62
:10A500000AF1010AB2E722492046FFF76DFEC7E7CC
:10A51000059B3B440593049BDB1B04939CD1BBF13F
:10A52000000F7FF415AF20460BB0BDE8F04F15F0DB
:10A53000A5BD094A07492046FFF756FE0BE700BFB5
:10A54000919F0300188B0300C09F0300C49F03006A
:10A55000F02E030038B70300B0870300E99F030023
:10A56000803A00207C3A0020CD9F0300042F030096
:10A57000ED9F0300F39F0300A500030029A2010043
:10A580009700030002A003003EC6030004A00300DE
:10A59000FE9F030000A00300F89F030073B542F282
:10A5A0000F738B4228BF0B4605680F4A04460521EE
:10A5B000684615F028F863680C495B6806460B226C
:10A5C000284615F04DFD63683246694628465B68AB
:10A5D00015F046FD636806495B681B22284615F0A6
:10A5E0003FFD02B070BD00BF447D030023A0030007
:10A5F00007A00300074A00210123904206D8064A1B
:10A6000001B901231360054B1860704740085B00D7
:10A610000121F2E740420F007C3A0020803A0020FE
:10A62000014B01221A707047D65B0020014B0020BD
:10A6300019607047983A00200148FFF7AFBF00BF8C
:10A64000342F030010B5064B18680C46FFF710FABC
:10A6500021460346BDE8104002480F22184700BFBC
:10A66000983A0020342F0300F8B5094D094B0A4EE3
:10A67000D5E9004701221A700CB92C60F8BD2146BB
:10A6800030463A4600F01EF8241A0644F4E700BFAC
:10A690008C3A0020D75B0020D85B002010B9074B14
:10A6A00018707047064B1B781BB141F2883017F0C9
:10A6B000D8B8A420002111F037B800BFD65B002025
:10A6C000D75B00202DE9F047DFF87C901D4F8046D6
:10A6D0000E46042499F80050A5B917F0B5F8324693
:10A6E0008246414628460EF00DFE0546504617F0BC
:10A6F000B3F8E5B101233B7099F8003073B93046E7
:10A70000BDE8F0873246414600200EF0FBFD0546CD
:10A71000EFE72046FFF7C2FF651E2C4600200EF033
:10A720007BFE0028EBD03B78002BF2D1E7E73B78AB
:10A73000002BE4D0013C2046FFF7B0FF3B78002B14
:10A74000C8D1DCE7D65B0020D75B00202DE9F341C0
:10A75000436812481C680DF10701656815F0FFFC9D
:10A7600030B99DF80710012902D10C4800F04AF8D1
:10A7700001232B752568D5E90136D3E900482F68F8
:10A7800024B96B681C6002B0BDE8F08121463046F8
:10A790004246B847241A0644F2E700BFE41D03000E
:10A7A000F8B5074F0D4604464618B44201D1284675
:10A7B000F8BD14F8011BBB6801485B689847F4E7D3
:10A7C000E41D030010B543681C68084817F04DF8F5
:10A7D00040B907490748992214F07BFF04489921A2
:10A7E00014F06EFF23685B685C6010BDE41D03001D
:10A7F0005FA00300188B0300014B0360002070472B
:10A80000782F030070B5046A0D46002C3FD0244A0F
:10A810002379565CB3423DD0224A525C9A423CD1E5
:10A82000A3689847002814DA022D10D0032D0FD109
:10A8300010F1860F0BD0BFF35B8F54E8003F43F05D
:10A84000020344E80032002AF7D1BFF35B8F267180
:10A8500070BD022D267101D00020F9E7BFF35B8F98
:10A8600054E8003F23F0040344E80032002AF7D103
:10A87000BFF35B8FBFF35B8F54E8003F23F002030D
:10A8800044E80032002AF7D1BFF35B8FE4E76FF0B2
:10A890005700DDE76FF07700DAE76FF08500D7E764
:10A8A000C2A00300BEA003002DE9F0471A4CDFF858
:10A8B0007480DFF8749005460E461746444525D946
:10A8C000164917484FF4BB6214F003FF13484FF4C6
:10A8D000BB6114F0F5FE6268D9F824309A4213D3B4
:10A8E000A3698BB1A9889078C9B2884205D13A464C
:10A8F00031462846BDE8F04718475279012A03D16E
:10A900003A463146284698472434D7E7E3D36FF0D8
:10A910008500BDE8F08700BF580F0020C6A00300E7
:10A92000188B0300A00F0020C03A00202DE9F04151
:10A93000134B144F5E6A144BBB421BD91349144886
:10A9400040F2BB5214F0C5FE104840F2BB5114F067
:10A95000B7FE5C68B4420BD31D694DB194F802C0D8
:10A960008488E4B2A44503D12B46BDE8F0411847E2
:10A970002433E1E7EDD36FF08500BDE8F08100BF3F
:10A98000C03A0020A00F0020580F0020C6A00300EE
:10A99000188B0300024B00221A605A60704700BFF8
:10A9A0007B3B00202DE9F041114CDFF8508005463B
:10A9B0000E461746444516D90E490F484FF4C1625A
:10A9C00014F087FE0B484FF4C16114F079FE6369FF
:10A9D0000BB92434EEE73A4631462846984700281A
:10A9E000F7D1BDE8F081F2D36FF08500F9E700BF41
:10A9F000580F0020C6A00300188B0300A00F0020F2
:10AA0000430670B51CD0114B114CA3421AD9114901
:10AA100011484FF47D7214F05CFE0E484FF47D71C6
:10AA200014F04EFE196A1E7F00220439D5B2AE42E0
:10AA300001D82433E9E7013211F832508542F5D1CB
:10AA4000012001E0EED3002070BD00BF580F0020B0
:10AA5000A00F0020C6A00300188B0300F7B5848860
:10AA6000E4B220460F468DF80740FFF7C9FF0546C0
:10AA700080B114F07F0F0E4E02D096F8BA30ABB111
:10AA8000204657B103F0F2FDF3691BB10DF1070148
:10AA900008209847284603B0F0BD03F02BFEF36969
:10AAA000002BF7D00DF107010920F2E71D46F1E771
:10AAB000C03A002010B504460820FFF79FF850B1B7
:10AAC000094B4361094BC0E9063404230374002396
:10AAD00043748374C374064900234FF4015215F084
:10AAE000A6FA002010BD00BFF8A0030037A20300A3
:10AAF0004C27030038B5054615F0D6FD10F1780F48
:10AB0000044617D0B0B10820FFF778F850B10F4BCA
:10AB100043610F4BC0E906350423037400234374DB
:10AB20008374C3740B4900234FF4015215F07FFA6C
:10AB3000204638BD284615F06FFB074AD2F8C430CE
:10AB400023EA0003C2F8C4300024F1E717A1030090
:10AB50004BA203004C270300C03A002008B5094867
:10AB60000378C3F341130A3350F823303BB100F1AB
:10AB7000080200F110019847C043C00F08BD1846F5
:10AB8000FCE700BFC03A002004282DE9F74FDFF8AA
:10AB9000D89004460F4616D0012830D1DFF8C48083
:10ABA00098F8B9305BB300F09DFF2B4D4D4532D97D
:10ABB0002A492B4840F2C24214F08BFD40F2C241B8
:10ABC000264814F07DFDFFF7E5FEE7E702EBC60639
:10ABD0000192307915F068FD8346307915F01CFB41
:10ABE000D8F8C430019A23EA0003BBF1000FC8F87B
:10ABF000C4300AF1010A12DA002388F8B930164D80
:10AC00004D451BD91549164840F2EE4214F061FD3E
:10AC100040F2EE41D4E7EFD22A6A4FF0000A2B7FD0
:10AC20005FFA8AF6B342D1D82435BFE7EB681BB18F
:10AC30003A462146284698472435E1E7F6D3094BA2
:10AC40001B6A2BB13946204603B0BDE8F04F1847C8
:10AC500003B0BDE8F08F00BF580F0020C6A003006E
:10AC6000188B0300C03A0020A00F002073B50446E3
:10AC700080788DF80000237962792C4D43EA022315
:10AC8000ADF80230E37803F003038DF8043015F0DB
:10AC9000C3FAD5F8C430184206460CD0A478204632
:10ACA00000F002FF2046FFF725FF16F081FE10B9E5
:10ACB000962010F075FD684603F09AFC10F1780FAD
:10ACC0009DF8004018D0B8B10820FEF797FF50B1AA
:10ACD000174B4361174BC0E9063404230374002368
:10ACE00043748374C374144900234FF4015215F064
:10ACF0009EF9002002B070BD204603F037FD10F130
:10AD0000780F09D040B108209DF80040FEF776FF8B
:10AD10000028E8D0094BDCE7D5F8C43001203343E4
:10AD200085F8B900C5F8C430E4E700BFC03A002098
:10AD30003DA103002AA203004C27030065A10300E4
:10AD40002DE9F047A84EB36904460F461546FBB9F6
:10AD5000237803F01F03012B00F09E80022B00F0EC
:10AD6000068133BB94F900002A686178002834DA40
:10AD7000062912D008292BD0D9B90123137051709C
:10AD800096F8C3305B0043F001031370022328E1FF
:10AD900098470028DCD100200DE06288100A011FCE
:10ADA0000129844605D9072803D8716AD2B20C78E4
:10ADB0001CB96FF01500BDE8F0874E78664503D1E9
:10ADC0009A4200F0098101332144F0E70B7808E151
:10ADD00096F8BA301370012303E101390829E8D845
:10ADE00001A353F821F000BF83AE0100B3AD010011
:10ADF00091AE0100B3AD01000DAE0100B3AD010095
:10AE0000B3AD0100B3AD01001BAE01006088C0B25C
:10AE100003F086FB0028BED0CBE76388756A63BB6E
:10AE2000FFF7B8FD638886F8BA30F369002BB2D01B
:10AE30006E4903209847AEE76B78042B10D0052BA2
:10AE400011D0022B04D16F796388BB4208BF012067
:10AE50002B781D442B78002BEED10028A9D0DFE7FA
:10AE600095F80380F4E76388BB42F1D1B8F1000F95
:10AE7000EED12846FFF7FAFEEAE7FF270020B846A2
:10AE8000E8E76388012B94D1002386F8C33082E77A
:10AE90006388012B8DD1F8E796F8BA30D5F800C059
:10AEA000002B86D0A388756A5FFA83FE2A46107845
:10AEB00000283FF47EAF5178022904D192F8048033
:10AEC000F04500F295800244F1E78CF800208CF800
:10AED000012039605FE7154496E00B2A7FF469AFE3
:10AEE00000274FF0FF08C146BA4606E06B78042BF6
:10AEF0000FD0052B21D02B781D442B78002BF5D1BA
:10AF0000F36913B1514607209847002F7FF443AFF0
:10AF10004FE795F80280A38895F803909845EAD109
:10AF200063889945E7D1B8F1070F1DD806EB0803F0
:10AF3000AA4683F8BB900127DDE7A3884345DAD111
:10AF40006388DBB24B450AD0AF78384600F0ACFDE1
:10AF50003846FFF7CFFDB0FA80F77F09CBE72846E8
:10AF6000FFF784FE0746C6E7AA460027C3E794F921
:10AF700000206378002A19DA002B7FF41AAFA48826
:10AF80002D68E4B22046FFF73BFD00283FF411AFE7
:10AF9000630604D096F8BA30002B3FF40AAF294676
:10AFA000204603F0C7FB00236B70EFE6012B08D0AF
:10AFB000032B7FF4FEAE6388002B7FF4FAAE0121F1
:10AFC00003E0618800297FF4F4AE2046FFF746FDD8
:10AFD00000287FF4E0AEECE6022829607FF4F6AEAC
:10AFE0004B883B60D7E600BFC03A00207A3B002088
:10AFF00094F9000062780028BFF66FAF002A3FF492
:10B0000064AF0A2A7FF4D5AE2A78002A3FF4D1AE85
:10B01000697804297FF45FAFA9788B427FF45BAF36
:10B02000072B96BF9B19002393F8BB308CF8003098
:10B03000D1E600BF13B5164C237DF3B9E268A168D1
:10B04000019201AB802015F0F5F8019AA368134432
:10B05000A360E3689B1AE3606BB962B12369E2887D
:10B060009A4208DD94F8C82093FBF2F102FB1133F9
:10B070000BB90123237502B010BD00231A461946EF
:10B080008020237502B0BDE8104003F099BB00BFDB
:10B09000C03A00207FB500230D46019306460028E4
:10B0A00070D1002948D108220B460DEB020115F0A2
:10B0B00014FB002803DA802003F0D8FA2DE03C4C82
:10B0C000029A2260039A626004F13802A2609DF93C
:10B0D0000820BDF80E302575002AC4E903551EDB93
:10B0E000802B17D90820FEF789FD40B1314B436111
:10B0F000314B83610323037445748574C5742F49F0
:10B1000000234FF4C25214F092FF802003F0AEFAF5
:10B110000020D1E71BB1C4E9033304B070BDFFF7D1
:10B120001DFD0028C7D0E28823699A42D4BFE2609F
:10B13000E360FFF77FFFF0E71D4CD4E90212002A1D
:10B1400001AB05DC024615F0C8FA0028E5DAB2E7E3
:10B1500015F0C3FA002804DA802003F087FA30469D
:10B16000AAE7019AA3681344A360E3689B1AE3600B
:10B17000002BD2D104F13803A360FFF7EFFC0028C5
:10B18000D7D198E7802807D1094BDA68002AD0D1B7
:10B190001B7D002BCDD1C0E709490A484FF4C57289
:10B1A00014F097FA06484FF4C57114F089FA00BFFD
:10B1B000C03A00208AA1030003A203004C27030029
:10B1C000C6A00300188B0300054B064A9A62064A84
:10B1D000DA62064A1A63064A58629A61002070478A
:10B1E000C03A002041AD01002DA90100A5A9010030
:10B1F000A9A801002DE9F3410646604D60484FF0D3
:10B20000FF334FF0FF320EF099FC95F8B830002B69
:10B2100040F0B0806B6A0BBB00F00CF9FFF7D4FF75
:10B220006C6ADCB90820FEF7E9FC40B1554B43617C
:10B23000554B83610323037444748474C474534969
:10B2400000234FF4C25214F0F2FE4FF0FF344C488A
:10B250000EF02AFD204602B0BDE8F0814C48E861BE
:10B260006F6A2E6203F03CFC03F028F9041EEEDB4B
:10B2700000F05AFC041EEADB7B78012B01D1FB793C
:10B28000B3B90820FEF7BAFC48B1424B43613E4BCC
:10B29000836103230374002343748374C3743B49A1
:10B2A00000234FF4C25214F0C2FE6FF01504CEE733
:10B2B0000026684685F8C830ADF802308DF8046085
:10B2C0008DF8006003F094F9041EC0DB8027684607
:10B2D0008DF8007003F08CF9041EB8DB2E4930465F
:10B2E00003F0EAFB041EB2DB2B49384603F0E4FB13
:10B2F000041EACDB294CDFF8B08044451DD9284939
:10B3000028484FF4C36214F0E4F925484FF4C361B0
:10B3100014F0D6F9276A0026227FF3B29A4201D8A8
:10B320002434EAE707EBC30257F83310107903F02F
:10B33000C3FB01360028EFD087E7EBD3002003F0F2
:10B3400015FA041E83DBD5F8C430802043F00103D6
:10B35000C5F8C43003F00AFA041EFFF678AFD5F83A
:10B36000C43043F48033C5F8C430012385F8B830C5
:10B3700000246CE76FF0770469E700BFC03A002053
:10B38000E40D0020A7A103001FA203004C27030027
:10B3900089AB0100D0A1030095B00100580F002037
:10B3A000C6A00300188B0300A00F002030B51F4B70
:10B3B0008BB005AA03F1100518685968144603C438
:10B3C0000833AB422246F7D11B78237010220021AC
:10B3D00001A816F0D6FB12220021154816F0D1FB69
:10B3E000102101A815F026FB00281BDD0828B8BF96
:10B3F0000820093801AB0E491A18002012F8013F45
:10B400000AAC04EB131403F00F0328336B44013030
:10B4100014F8144C13F8143C0C7008284B7001F10C
:10B420000201EBD102480BB030BD00BF67A20300A0
:10B43000EA5B00202DE9F04FAC4B93F800B087B0E9
:10B44000BBF1000F03D0AA4807B0BDE8F08FA84CAD
:10B4500000264FF0011AB1463546374623783BB9EE
:10B46000A44B02349C42F3D1A04A01231370EAE7B3
:10B470006378052B29D8DFE813F0F50006005F019B
:10B48000F5002B007900402304A88DF810B0ADF82A
:10B4900012308DF814B003F069F898B1082304A8AD
:10B4A000ADF8123003F062F860B193499348ADF8FB
:10B4B00012B040F28F1214F00CF940F28F118E4846
:10B4C00014F0FEF8BDF81230E37123781C44C5E790
:10B4D000E378002BF9D1A378002B42D1884D03E00B
:10B4E0006B689C4238D02435864B9D4208D98249EE
:10B4F00082484FF49B7214F0ECF84FF49B71DEE736
:10B50000EED30820FEF77AFB50B17F4B43617F4BAF
:10B51000C0E9063404230374002343748374C374A2
:10B5200000234FF401527A4914F081FD0820FEF700
:10B5300065FB48B1774B4361774B83610323037409
:10B54000002343748374C374714900234FF4C252BF
:10B5500014F06DFD002077E7AB6813B14946204633
:10B56000984709F101095FFA89F9AEE7002D77D113
:10B570000820FEF743FB40B1684B4361634B836196
:10B580000323037445748574C57400234FF4C252B9
:10B59000C9E7296AA07801EBC2010B79984213D060
:10B5A00001322B7F9A42F4D30820FEF727FB0028B4
:10B5B000EBD05B4B4361554B836103230374002342
:10B5C00043748374C374E0E74FF00108E07800F03F
:10B5D00003008DF81400207994F805C040EA0C208F
:10B5E000ADF8120094F9020000285FFA88F329DA16
:10B5F00008F110004FF0010C0CFA00F010EA0A0FED
:10B6000028D143F080008DF8100004A8CDE9021382
:10B61000019202F0ABFFDDE90121039BD0B99DF857
:10B620001020A27012F0800F18BF10330A7118BFDB
:10B63000DBB24FF0010214BF9A4002FA08F24AEA64
:10B64000020A42E7012000FA08F010EA0A0F01D1CD
:10B650001846D8E708F10108B8F1100FB6D19FE7F6
:10B6600000229EE7032E1AD1FFF7A0FE804650B1BC
:10B67000E5F726FC024630B11028A8BF102241464B
:10B68000A01C16F056FA23786FF00200E118001B98
:10B6900004EB5303C84216D50136F6B215E7002E67
:10B6A000F1D1002F40D10820FEF7A8FA00283FF47E
:10B6B0006CAF1C4B4361154B8361032303744774C8
:10B6C0008774C77461E71A78203A5E2A06D90A4956
:10B6D0000A48CB2213F0FDFFCB21F0E601F801BCB4
:10B6E00013F8012901F8022DD4E700BFE95B00201F
:10B6F000540E0020560F002078A20300188B030080
:10B70000580F0020A00F0020AEA203007CA303006E
:10B710004427030059A303008FA30300D2A2030010
:10B7200017A3030038A30300E31BBB70C3F3072375
:10B73000FB7087F80490AFE72746C6E610B5094BC3
:10B7400000211A461C78844204D15C6814B102EBD3
:10B75000811010BD0131042903F14003F2D1002012
:10B76000F7E700BF8C3B00202DE9F34150F8283C5F
:10B7700010F82C6C103304460BD1036950F8202CC0
:10B7800013F002074DD0D2B9590715D5002344F85C
:10B79000283C54F8283C10330BD054E9077554F872
:10B7A000148C16F005F9002878D04348214616F08D
:10B7B000EFF802B0BDE8F08143F00403036154F8F0
:10B7C000241C01AB304614F035FD0546C0B10A20FB
:10B7D000FEF714FA58B1394B4361394B0662C0E9A0
:10B7E000063505230374002343748374C374002354
:10B7F00034494FF4215214F01AFC6FF01503C6E7D8
:10B80000019A54F8243C134444F8243C54F8203C56
:10B810009B1A44F8203C54F81C3C134444F81C3C4C
:10B82000B7E750F8241C01AB304603F07BF805461F
:10B8300080B10A20FEF7E2F90028D8D01F4B4361FF
:10B840001F4B0662C0E906350523037447748774ED
:10B85000C774CCE7019D54F8243C2B4444F8243CA5
:10B8600054F8203C5B1B44F8203C54F81C3C2B440F
:10B8700044F81C3C002D89D0304603F037F9B5FB65
:10B88000F0F303FB1055002D80D154F8203C002B21
:10B890003FF47CAF304603F0B1F87AE744F8180C77
:10B8A000A4F110000EF0DEFB002D82D04246394696
:10B8B0003046A8477DE700BF882D0020B8A30300CD
:10B8C00050A40300642703004B1E012B73B50646EA
:10B8D0000D4622D8FFF732FF044600BB012D1CD1D4
:10B8E00001AB01220DF10301304603F01BF8019C6E
:10B8F000002CF5D10820FEF781F940B1114B4361CE
:10B90000114B83610323037444748474C4740F491A
:10B9100000234FF4C25214F08AFB02B070BD16F03F
:10B9200047F804F12C0108B1012D05D1084602B0F9
:10B93000BDE87040FFF718BF054802B0BDE8704091
:10B9400016F026B8D9A3030062A4030064270300FD
:10B95000882D00202DE9F74F05460191164698469F
:10B9600014F0B0FC0446002840F08D80EFF3118302
:10B970000093402383F31288BFF36F8FDFF8209189
:10B980000022002348460EF0D1FB18BBDFF814A1BB
:10B990000AEB841BA701DBF8044014F1100F3DD122
:10B9A00001900820FEF72AF950B1384A4261384A1E
:10B9B000019B4374C0E90625042202748374C37496
:10B9C000344900234FF4015214F031FB48460EF085
:10B9D00049FB1AE00134042C09F14009D0D10820B8
:10B9E000FEF70CF948B12C4B4361294B83610323CB
:10B9F0000374002343748374C374264900234FF4F3
:10BA0000C25214F014FB6FF00B04009B83F31188F7
:10BA1000BFF36F8F204603B0BDE8F08F0C9B019AF7
:10BA2000CBF814300D9BCBF81000CBF8183028461B
:10BA30006FF00F03CBE902260AF80750CBF83C80E1
:10BA4000CBF8043003F052F868B1284603F04EF802
:10BA5000B6FBF0F303FB10662EB1DBF83C3043F08D
:10BA60000403CBF83C3018F0020F07D007F12C018B
:10BA70000A48514415F08CFF0024C6E7284602F01E
:10BA8000BDFF0446C1E76FF00F04C3E716A403002F
:10BA900043A4030064270300F7A30300882D0020BC
:10BAA000A83B00208C3B002010B5EFF3118440230D
:10BAB00083F31288BFF36F8FFFF740FE50B14368E6
:10BAC000103307D16FF08B03436000F12C01044861
:10BAD00015F05EFF84F31188BFF36F8F10BD00BFB8
:10BAE000882D0020F8B50E4C04254027EFF3118671
:10BAF00087F31288BFF36F8F6368103307D16FF03D
:10BB00008B030848636004F12C0115F041FF86F3B4
:10BB10001188BFF36F8F013D04F14004E6D1F8BDF9
:10BB20008C3B0020882D002070B50A4C0A4E002561
:10BB3000314620460EF060FD0122A4F110001146AE
:10BB4000013515F007FF042D04F14004F0D1002069
:10BB500070BD00BFB83B002069B701000169012337
:10BB600081F84B300B6833B191F849301BB1024872
:10BB7000083115F00DBF7047882D002001690123A1
:10BB800081F84A300B6833B191F848301BB1024854
:10BB9000083115F0FDBE7047882D002070B505698D
:10BBA000EFF31186402383F31288BFF36F8FD5F82C
:10BBB0009000FDF797F9044686F31188BFF36F8F65
:10BBC00030B104480022002305F118010EF012FEE6
:10BBD000204670BD882D002070B5012382F84830C2
:10BBE00013680D4614463BB192F84A3023B10E4813
:10BBF00002F1080115F0CCFED4F89030DA885B89A8
:10BC00009A4205D17DB904F1180140F6CD4204E015
:10BC100004F11801002DF8D00022BDE87040024860
:10BC200000230EF0E7BD70BD882D002070B50E46D4
:10BC300081880446C9B21548154614F01FFB10B39D
:10BC400094F900206378002A16DB202B04D0222BE5
:10BC50000ED06FF085000AE02B681A6840F8102CAF
:10BC60009A8820F80C2C9B7900F80A3C002070BDC3
:10BC7000638800F8093CF9E7212BEAD11038072343
:10BC800028603360F2E76FF01200F0E78C3C002090
:10BC900008B50146034814F0FFFA10B1012300F87B
:10BCA000073C08BD8C3C00200D4A03460021A0F84B
:10BCB00048101068C3F8940090889279A3F898000F
:10BCC00083F89A2083F89C1083F89B10A3F89E10A9
:10BCD00083F8A010402203F14C0015F052BF00BFC2
:10BCE000B328030010B504690023C4F8A8300C4B36
:10BCF000C4F8A400596804F1A80269B9C3E9002294
:10BD000004F1080007490EF077FC04F11800064919
:10BD10000EF04AFD002010BD0A605A60F0E700BF37
:10BD20008C3C0020EF020300E1BD010030B54FF470
:10BD30000033426805690D4C85B042F2A100CDE99F
:10BD40000103002385F89D30106AADF80C100079CE
:10BD50000A2201A914F06EFA95F89D3023B901204A
:10BD600015F07FFD013CF7D105B030BDA186010083
:10BD700073B504698DF80710002384F84830402516
:10BD8000EFF3118685F31288BFF36F8F0122D4F889
:10BD900090000DF10701FDF7A5F886F31188BFF3B8
:10BDA0006F8F01280AD015F003FE10B994F8A13066
:10BDB0006BB9094B1A780AB901221A7021220023A3
:10BDC00004F1180105480EF015FD02B070BD002108
:10BDD00021200FF0A9FCD3E7FC5B0020882D002078
:10BDE000F0B5D0F88C305B681B6A1F7D85B00546C6
:10BDF000384614F067FA064650BB95F886303BB3D8
:10BE0000A86F0146C38831F80A2F9B1A9BB2B3F57D
:10BE1000806F28BF4FF4806303AA13F0F4FD04463B
:10BE2000B0B18306A5F1180308BF00F1FF3485F80F
:10BE300030600193074B0399009322460223384652
:10BE4000FFF788FDA86F224600F10A0113F011FEEA
:10BE500005B0F0BDD9BB010037B514460A1E054632
:10BE600021DDD4F88C0004F14C01FDF73BF80123EF
:10BE700084F8493023683BB194F84B3023B1114822
:10BE800004F1080115F084FDD4F88C209388918981
:10BE900012695B1A9BB2D31A3F2B04D8012384F892
:10BEA000A03003B030BD94F89E30002BF9D0064B83
:10BEB000009301940123402204F14C012846FFF72E
:10BEC00049FDEEE7882D002059BE0100F7B50D466B
:10BED00001461D4814F0C6F9044610B30646691E13
:10BEE00056F8A4395F6805291BD8DFE801F01C1A51
:10BEF000031C222610F8061C99B9012300F8063C01
:10BF00003B6A3246187BFFF7A7FF14F85C2C42B956
:10BF10003B6A187D0D4B0093019602231146FFF7F3
:10BF200019FD03B0F0BD304603B0BDE8F040FFF7A7
:10BF3000BBBE012304F8053CF3E710F8053C002BD9
:10BF4000EFD00023F6E700BF8C3C0020D9BB0100F6
:10BF500037B5094D0949002400944FF0FF334FF4E1
:10BF6000007228460EF0BAFB054928460EF0AEFCDA
:10BF7000204603B030BD00BF882D0020808D0020FA
:10BF800096A4030010B5084C216811B1074815F0BC
:10BF9000D6FC4FF0FF324FF0FF3305480DF0ECFFB9
:10BFA0002060053010BD00BF943C0020180E00201A
:10BFB000400E002038B5094C094D2046294615F0A1
:10BFC000BEFC05F58471204615F0B9FC20460549F4
:10BFD000BDE83840002204F04FBD00BF180E00201D
:10BFE000983C0020400E002008B5054813F0FEFAEA
:10BFF000044813F0FBFABDE80840034813F0F6BA12
:10C00000AEA40300F3A4030026A50300014810F02A
:10C0100081BB00BF782F030038B5044618B90F4B19
:10C020000F485B6898476168B1F5683F10D0B1F57B
:10C03000680F0DD00B4DA9420AD011F46861206839
:10C0400007D0014608480DF0C5FC00232360656059
:10C0500038BD142215F095FDF9E700BF740B0020E0
:10C0600054A503002C5F5CA9A843002008B520B3A9
:10C070004368B3F5683F10D101220368BFF35B8FBB
:10C0800053E8001F002903D143E800200028F7D11E
:10C09000BFF35B8F0DD1002008BD094A93420AD03F
:10C0A00000684FF0FF324FF0FF330DF047FD0028DE
:10C0B000F1D00448F0E70448EEE76FF4E040EBE726
:10C0C0002C5F5CA9E98FFFFFEA8FFFFF08B5D8B1AD
:10C0D0004368B3F5683F10D100220368BFF35B8F5C
:10C0E00053E8001F012903D143E800200028F7D1BD
:10C0F000BFF35B8F0BD1002008BD074A934208D0E5
:10C1000000680DF0D1FDF6E76FF4E040F4E7034876
:10C11000F2E70348F0E700BF2C5F5CA9E98FFFFF5F
:10C12000EA8FFFFF10B5044618B91D4B1D485B6828
:10C1300098476368B3F5683F2FD0B3F5680F2CD0EC
:10C14000194A934219D1236803BB18484FF0FF32B4
:10C150004FF0FF3321460DF0CBFB08B923681BB924
:10C160000F4B13485B68984720681422002115F094
:10C1700008FD4FF46863636008E0B3F5683F0DD8CD
:10C180003A2B03D040F6BA629342DED1206815F014
:10C19000C3FB636843F03A03636010BD054AF3E7ED
:10C1A000740B002054A503002C5F5CA9A843002059
:10C1B0007AA503003A00003A08B50649064840232C
:10C1C000142215F092FBBDE808400449044810F021
:10C1D00013BB00BFA83E0020A8430020802F03000F
:10C1E000942F03002DE9F74F07460C46002900F075
:10C1F000A8800A20D1E900868D68FDF7FFFC60B1B8
:10C20000604B4361604BC0E90865C0E9063806230E
:10C210000374002343748374C3745C4900234FF494
:10C22000415213F004FF0A20D4E903866569FDF743
:10C23000E5FC60B1564B4361534BC0E90865C0E96A
:10C24000063806230374002343748374C3744F4970
:10C2500000234FF4415213F0EAFE0820E569FDF790
:10C26000CDFC50B14B4B4361474BC0E9063504232D
:10C270000374002343748374C3744449DFF8089142
:10C2800000234FF4015213F0D2FE00252646A846A3
:10C29000326A736A01921020D6E90ABA0093FDF758
:10C2A000ADFCB8B13C4B019A0262C0E90539009B74
:10C2B0008362AB1CC0E90B3BEB1CC0E90D3A6A1C66
:10C2C0000B23C5614262037480F8118080F81280EC
:10C2D00080F813802D49002345F64002043513F001
:10C2E000A6FE102D06F11006D2D10820256EFDF70E
:10C2F00085FC50B1294B4361234BC0E9063504232B
:10C300000374002343748374C374204900234FF4DF
:10C31000015213F08CFE0820A569FDF76FFC50B1A7
:10C320001F4B4361184BC0E90635042303740023F7
:10C3300043748374C374154900234FF4015213F0FE
:10C3400076FE012F17D1EFF305850820FDF756FC87
:10C3500058B1144B4361144B83610423103D0374A3
:10C360000023C56143748374C374084900234FF4E8
:10C37000015213F05CFE2146384603B0BDE8F04F91
:10C380000DF0BEB8A7A50300C3A6030094260300C2
:10C39000DAA503000DA6030020A6030067A603008C
:10C3A0007AA60300ACA60300CCA6030030BFFFF7BB
:10C3B000FDBF00BF054B9A699B689A421FBF044AA4
:10C3C000536843F080535360704700BF8457002088
:10C3D00000ED00E02DE9F041064608200F46154625
:10C3E000FDF70CFC48B1764B4361764B8361032328
:10C3F0000374002343748374C374002372494FF49D
:10C40000C25213F014FE714B9B6AD8066AD50820FD
:10C41000FDF7F4FB48B16E4B43616A4B8361032324
:10C420000374002343748374C374674900234FF477
:10C43000C25213F0FCFD4FF01108644B9B6A1907C0
:10C4400015D50820FDF7DAFB48B1624B43615D4B1F
:10C45000836103230374002343748374C3745A49B0
:10C4600000234FF4C25213F0E2FD4FF01208574B75
:10C470009B6A9A0739D50820FDF7C0FB48B1564B97
:10C480004361504B8361032303740023437483741B
:10C49000C37400234C494FF4C25213F0C8FD4B4BF8
:10C4A0005C6B9B6A1B067AD50820FDF7A7FB50B191
:10C4B0004A4B4361434BC0E9063404230374002311
:10C4C00043748374C374404900234FF4015213F042
:10C4D000AEFD27B13D4A936A23F0800393624FF08B
:10C4E000130804E04FF01008A7E76FF01504374B6E
:10C4F0009B6AD80715D50820FDF780FB48B1384B5B
:10C500004361304B836103230374002343748374BA
:10C51000C3742D4900234FF4C25213F088FD4FF02D
:10C5200014082A4B9B6A990615D50820FDF766FB6F
:10C5300048B12C4B4361234B8361032303740023D5
:10C5400043748374C374204900234FF4C25213F020
:10C550006EFD4FF015081D4FBB6ADA0602D4BB6AA8
:10C560009B070BD57B68180508D53146204600F09F
:10C5700047FDB8B180F309884FF00208134B9A6A5F
:10C58000920642BF5A6A22F400525A629A6A42F0F4
:10C59000FF029A6200232B704046BDE8F0816FF0E5
:10C5A00015049CE7BB6AD906E8D50F490F484FF43C
:10C5B000927213F08EF80C484FF4927113F080F8D9
:10C5C000DEA60300F5AA03009426030000ED00E0B8
:10C5D000F8A603002FA7030046A7030062A70300E5
:10C5E0007CA703009FA70300D2A70300188B0300BA
:10C5F00008B50820FDF702FB48B1584B4361584B82
:10C60000836103230374002343748374C374554903
:10C6100000234FF4C25213F00AFD534B9B6A990159
:10C6200040F19A800820FDF7E9FA48B14F4B436189
:10C630004B4B836103230374002343748374C374DB
:10C64000484900234FF4C25213F0F1FC1E20464B20
:10C650009B6ADA0114D50820FDF7D0FA48B1444BA3
:10C6600043613F4B8361032303740023437483744A
:10C67000C3743C4900234FF4C25213F0D8FC1F206E
:10C68000394B9B6A1B0314D50820FDF7B7FA48B154
:10C69000384B4361324B836103230374002343749B
:10C6A0008374C3742F4900234FF4C25213F0BFFCAC
:10C6B00021202D4B9B6A590314D50820FDF79EFAC3
:10C6C00048B12D4B4361264B836103230374002340
:10C6D00043748374C374234900234FF4C25213F08C
:10C6E000A6FC2220204B9B6A9A0314D50820FDF754
:10C6F00085FA48B1214B4361194B836103230374CD
:10C70000002343748374C374164900234FF4C25248
:10C7100013F08DFC2320144B9B6ADB0314D50820F7
:10C72000FDF76CFA48B1164B43610D4B836103234F
:10C730000374002343748374C3740A4900234FF4C1
:10C74000C25213F074FC2420074A936A6FEA034331
:10C750006FEA1343936208BD1D2078E704A8030025
:10C76000DFAA03009426030000ED00E020A80300E8
:10C7700037A8030055A8030077A80300A0A803006A
:10C78000BEA8030070B5054608200C46FDF736FA32
:10C7900048B1684B4361684B8361032303740023F2
:10C7A00043748374C37400234FF4C252634913F07B
:10C7B0003EFC634B9B6ADA0440F1A2800820FDF73F
:10C7C0001DFA48B15F4B43615B4B836103230374E4
:10C7D000002343748374C374584900234FF4C25236
:10C7E00013F025FC1720564B9B6A1B0514D5082017
:10C7F000FDF704FA48B1544B43614F4B8361032367
:10C800000374002343748374C3744C4900234FF4AE
:10C81000C25213F00CFC1820494B9B6A9E0534D57C
:10C820000820FDF7EBF948B1484B4361424B836167
:10C8300003230374002343748374C3743F490023A8
:10C840004FF4C25213F0F3FB3D4B9E6B9B6A1904ED
:10C850001AD50820FDF7D2F950B13D4B4361364B54
:10C86000C0E9063604230374002343748374C3743D
:10C87000324900234FF4015213F0D9FB25B1304A5D
:10C88000936A23F40043936219202D4B9B6A5A0547
:10C8900014D50820FDF7B2F948B12E4B4361264B61
:10C8A000836103230374002343748374C374234993
:10C8B00000234FF4C25213F0BAFB1A20204B9D6A9A
:10C8C00015F480751ED00820FDF798F948B1224B69
:10C8D0004361194B836103230374002343748374FE
:10C8E000C374164900234FF4C25213F0A0FB1B205F
:10C8F000134A936A43F47F4393620023237070BD0D
:10C90000162070E79B6A9B04F2D50820FDF776F9A4
:10C9100040B1124B4361084B836103230374457498
:10C920008574C574054900234FF4C25213F07FFB90
:10C930001C20DDE7EDA80300EBAA0300942603000A
:10C9400000ED00E007A903002FA703001CA90300C6
:10C9500039A9030052A9030071A903009FA703008E
:10C960002DE9F041AC4B9CB05C6800AF0546C4F3C8
:10C970000803002686F31188BFF36F8F02F07F4013
:10C98000B0F17F4F15D102F00C0008281CD1FDF743
:10C9900035F940B1A14B4361A14B8361032303747B
:10C9A00046748674C6749F4900234FF4C25213F034
:10C9B0003EFB9D499D4840F2114212F08AFE40F232
:10C9C0001141994812F07CFE12074CBF0D4601261A
:10C9D000002DEED00022FA71DA1E092A00F2F98049
:10C9E000DFE812F00A00E000E300CB00F700F700F8
:10C9F000F700F700F700E6000820FDF7FFF848B160
:10CA00008B4B43618B4B836103230374002343747B
:10CA10008374C374002383494FF4C25213F007FB9D
:10CA20004FF000087C4B87F80780DC6A14F00204A2
:10CA300017D00820FDF7E2F858B17F4B43617D4BDA
:10CA400083610323037480F8118080F8128080F8DA
:10CA50001380744900234FF4C25213F0E8FA002403
:10CA60004CE0DA6A002A0EDA0820FDF7C7F8002841
:10CA7000EFD0724B43616F4B8361032303744474A3
:10CA80008474C474E5E7DB6A5B0040F182800820AF
:10CA9000FDF7B4F840B16A4B4361664B83610323F1
:10CAA000037444748474C4745E4900234FF4C25206
:10CAB00013F0BDFA584BA9695A6942F480725A6161
:10CAC000BFF34F8FBFF36F8F5A6931F8021C22F406
:10CAD00080725A61BFF34F8FBFF36F8F4DF60272B2
:10CAE000914227D108202C68FDF788F860BB4D499A
:10CAF00000234FF4015213F09AFA2C68FB79ABB97A
:10CB00006822294607F1080015F013F87B6A002E09
:10CB10007DD0C3F3080222B96FEA53236FEA43239F
:10CB20007B6207F108012046FFF75CFB7037BD46CA
:10CB3000BDE8F0819A6AD2B292B1FA1D012128466D
:10CB4000FFF748FC0446D9E73E4B4361394BC0E947
:10CB5000063404230374002343748374C374C6E748
:10CB60009A6A12F47F4F04D0F91D0120FFF70AFEE4
:10CB7000E8E79B6AB3F5803F02D3FFF739FDE1E7B1
:10CB800029492A4840F2EA2212F0A3FD40F2EA21A4
:10CB900017E72549254840F2ED2212F09AFD40F2B0
:10CBA000ED210EE7FA1D0021C9E7F91D0020DDE7A0
:10CBB0000820FDF723F800283FF44BAF224B4361D8
:10CBC000224B836103230374002343748374C3746F
:10CBD0003FE71F4A1F4914F4F87F6C468AB018BF1C
:10CBE00011466A461C485061103B13621B4840F2D4
:10CBF000013393841A4BC2E9060142F8103F0948F9
:10CC000000234FF43151FDF7D9F9A54627E723F466
:10CC1000FF7323F0010383E700ED00E0BBA90300ED
:10CC200011AB030094260300D2A70300188B030066
:10CC3000EAA9030006AB030005AA03002AAA030021
:10CC40003CAA03005FAA03007FAA0300D1AA030045
:10CC5000A2A903008DA90300A7AA0300BEAA03008E
:10CC600005000001044B5A6942F010025A615A69EA
:10CC700022F008025A61704700ED00E0EFF30880EF
:10CC8000EFF3098101B57246FFF76AFE01BD00BFEF
:10CC9000002080F31488BFF36F8F0F4880F308885B
:10CCA00008F070FB00200D490860BFF34F8F00F0C3
:10CCB0002BF8402080F3118809484FF49061401808
:10CCC00080F30988EFF314800221084380F314886D
:10CCD000BFF36F8F00F024F9009D002094ED00E079
:10CCE000809400200749D1F890200023C2F3072246
:10CCF0001846934200DB7047C1F89830C1F8A00095
:10CD00000133F6E700ED00E008B572B6002383F3C7
:10CD10001388FFF7E7FF144B4FF0FF32C3F8802072
:10CD2000C3F88420C3F88820C3F88C20C3F890206F
:10CD3000C3F89420C3F89820C3F89C20C3F880213E
:10CD4000C3F88421C3F88821C3F88C21C3F890214B
:10CD5000C3F89421C3F89821C3F89C2162B6BFF3AD
:10CD60004F8FBFF36F8F08BD00E100E0084B9B6859
:10CD700083420BD1EFF3058343B1064B5A6842F06F
:10CD800080525A605A6A22F400425A620EF072BD12
:10CD90008457002000ED00E022498A6882F8DDE037
:10CDA0004FF030001044EFF3098C80E8F01F1EF0C4
:10CDB000100F03D102F19C0080EC108A402080F318
:10CDC0001288BFF36F8F184F4FF000668A698A6030
:10CDD0003E6092F9DDE0D2F894000023C2F894306E
:10CDE00080F311881EF0100F03D00023E1EE103AFB
:10CDF00003E002F19C0090EC108AEFF3148323F01F
:10CE0000040383F31488BFF36F8F04B5104600F05A
:10CE100089F9BDE8044002F1300090E8F01F8CF37E
:10CE2000098870478457002004ED00E01EF0040FCD
:10CE30000CBFEFF30880EFF30980816911F8021C41
:10CE40000229FFD001B5724613F05EFB01BD00BFA1
:10CE500040B2002807DB044A4109012300F01F000B
:10CE6000834042F82130704700E100E040B20028E2
:10CE70000CDB4309064900F01F00203301228240E9
:10CE800041F82320BFF34F8FBFF36F8F704700BF70
:10CE900000E100E0054B420900F01F0053F822209A
:10CEA000012303FA00F01040704700BF00E100E0EA
:10CEB00008B5D3070BD40231072909D90E490F4809
:10CEC0006B2212F006FC0C486B2112F0F9FB0021DA
:10CED00040B20028ACBF00F16040094B4FEA41115D
:10CEE000B8BF00F00F00C9B2AABF00F561401954E5
:10CEF00080F8001308BD00BF19AB0300188B0300B6
:10CF000014ED00E0044B054A23F07F039360BFF368
:10CF10004F8FBFF36F8F70470000000000ED00E0FF
:10CF200008B5FFF7EFFF104BD3F8882022F470020A
:10CF3000C3F88820D3F8882042F4A002C3F88820E0
:10CF40004FF04042C3F83422BFF34F8FBFF36F8FCF
:10CF50000023E1EE103A0CF0F9FB0EF059FF00F05F
:10CF6000B7F80CF039FC00BF00ED00E042F8203CBF
:10CF7000009B42F81C3C019B42F8183C0A49029B6A
:10CF800042F8143C4FF0807342F8043C21F0010158
:10CF9000002342F8081C203AC0F894304FF47D4337
:10CFA0000265C0F8DC30704721F60200037B13F005
:10CFB000020F124B03D190F8DD20D20611D45A6B28
:10CFC00042F080425A63D0F8DC3019075CBF43F06E
:10CFD0000803C0F8DC30037B43F0020303738020B6
:10CFE00070475A6B22F080425A63D0F8DC301A073F
:10CFF00044BF23F00803C0F8DC30F0E700EF00E0A6
:10D000000A4A0346906878B113F1160FD0F88400ED
:10D0100005D0A0F180029A4205D8834203D2814212
:10D0200028BF002070470020704700BF84570020B1
:10D03000104B9B6883421AD1EFF30580B8B9EFF328
:10D040001181402282F31288BFF36F8F1A7B22F086
:10D0500002021A73EFF3148323F0040383F314889A
:10D06000BFF36F8F81F31188BFF36F8F70476FF03D
:10D07000150070478457002008B515460E4600225B
:10D08000E1EE102AEFF3148222F0040282F31488F6
:10D09000BFF36F8FBFF36F8F074A906000F042F8C5
:10D0A0002C4686F309880020044B9847204600212F
:10D0B00000220023024C204784570020270503004C
:10D0C00021F60200014B10221A61704700ED00E0CA
:10D0D000044800234021C2180133302B82F800138A
:10D0E000F9D1704700E100E008B5EFF30583064A87
:10D0F000103B02EBC30152F8330049688847BDE892
:10D100000840FFF757B900BF00200300024B034A55
:10D110000348012100F0BAB800F00320000000200D
:10D12000A42F030010B50446FFF740FFD4F8842075
:10D1300003460548D21AC0E90023044B8360BDE8CA
:10D140001040012100F0BEB8C843002000000B15BC
:10D1500010B504460820FCF751FD50B1094B43615E
:10D16000094BC0E906340423037400234374837419
:10D17000C374064900234FF4015212F058FF6FF0B8
:10D18000150010BD54AB0300D4AB0300842603008C
:10D1900010B40F4CD4F89030C3F30723013B9842EE
:10D1A00003D95DF8044BFFF7D3BFC4F898000B68B0
:10D1B00023F01F03034343F01003C4F89C308B6833
:10D1C00043F00103C4F8A0305DF8044B704700BF82
:10D1D00000ED00E0F0B50E4685B01F460446002580
:10D1E000B54211DA606830B3B7B1431E18420ED0B1
:10D1F0000820FCF703FD08BB164900234FF4015239
:10D2000012F015FF6FF01502104605B0F0BD7F2833
:10D21000EED921680B42EBD12368019313F0A6F9F4
:10D22000A36801A90343D0B20393FFF7B1FF10F144
:10D23000160FE7D0421C01350C34D1E7064B436191
:10D24000064BC0E90635042303740023437483743A
:10D25000C374D1E7842603007EAB0300EDAB03006B
:10D26000044B0522C3F89420BFF34F8FBFF36F8F99
:10D27000704700BF00ED00E0BFF35F8F024B00225C
:10D28000C3F89420704700BF00ED00E010B50A4CD1
:10D2900001232278FFF79EFF207016300AD107493C
:10D2A00007484FF4BB7212F014FA04484FF4BB71F4
:10D2B00012F006FA10BD00BFFD5B0020A5AB030015
:10D2C000188B030008B5114A00231278FFF782FF7C
:10D2D00010F1160F08D00E4A0021D2F89030C3F397
:10D2E000072398420BDB08BD0A490B4840F2951210
:10D2F00012F0EFF9074840F2951112F0E1F9C2F887
:10D300009800C2F8A0100130E7E700BFFD5B0020E5
:10D3100000ED00E0A5AB0300188B03002DE9F04FF2
:10D3200070487149D0F890300D68C3F307239D42CF
:10D3300085B00AD96D496E4840F2AD1212F0C9F9B4
:10D3400040F2AD11694812F0BBF9FFF795FF49684B
:10D350000022954201F10C0129D1664C664F2570DF
:10D360006846FDF749FADFF89481DFF894910646A4
:10D370000025AE422ED123785A490020D1F89020C2
:10D38000C2F307229342C0F2A380FFF769FFD1F8EE
:10D390009030C3F30723082B00F0A0805349544872
:10D3A00040F21F2212F095F940F21F21CAE7C0F89F
:10D3B000982051F80C3C23F01F03134343F0100353
:10D3C000C0F89C3051F8043C43F00103C0F8A03091
:10D3D0000132BEE7009A02EB05132901D3F80CA035
:10D3E0000AEA0700B0F5000F58D00AD8B0F5001FC0
:10D3F00034D0B0F5800F46D0B0F5801F12D0013583
:10D40000B7E7B0F1807F54D0B0F1007FF7D19868D2
:10D41000D3F804A0525813F0A9F8CDE901A240F4C2
:10D4200080200BE09868D3F804A0525813F09EF8BF
:10D43000CDE901A240F0885040F4302003902078DC
:10D4400001A9FFF7A5FE00283EDA2849284840F246
:10D45000D71212F03EF940F2D71173E79868D3F86B
:10D4600004B0525813F082F81AF0010F40EA080095
:10D47000CDE901B20390E2D01C491D487B2212F095
:10D4800028F97B215EE79868D3F804A0525813F07E
:10D490006DF8CDE901A240EA0900CFE79868D3F81A
:10D4A00004A0525813F062F8CDE901A240F0827056
:10D4B000C4E79868D3F804A0525813F057F8CDE9A0
:10D4C00001A240F08870B9E723780133237096E712
:10D4D000C1F89830C1F8A00001334FE7002005B033
:10D4E000BDE8F08F00ED00E0B02F0300A5AB030016
:10D4F000188B0300FD5B00200000F0FF0000081106
:10D500000000020208B5094BC3F1005303F57C3358
:10D51000B3F5006F08D206490648922212F0D9F8F6
:10D520000348922112F0CCF8002008BD80B1002001
:10D5300012AC0300188B0300014B1860704700BF4A
:10D54000C80900200E4A0123C2F840354FF080423E
:10D550004FF08051C2F87835D1F83001082808D151
:10D56000D1F83411052904D80648415C09B1C2F844
:10D5700038364FF080430122C3F8802500207047E1
:10D5800000E0014042AC030020B1034B800143F0B6
:10D5900001031847704700BFC0280300BFF34F8F37
:10D5A0000549064BCA6802F4E0621343CB60BFF33F
:10D5B0004F8F00BFFDE700BF00ED00E00400FA055B
:10D5C0002DE9F843914690F900200378002A05469A
:10D5D0000E4603DB6FF01500BDE8F88303F01F0370
:10D5E000012BF7D14378062BF4D1B0F8048047889B
:10D5F0001D485FFA88F8414612F040FE3F0A044693
:10D6000090B90820FCF7FAFA38B1184B4474C0E915
:10D610000538032303748474C474154900234FF43C
:10D62000C45212F004FDD5E7212F04D0222F10D0D0
:10D630006FF08500D0E70368E9885B685B6813F8E2
:10D64000092F914294BF31603260C9F80030002048
:10D65000C2E7A0F5A264EB8862689A4294BF326088
:10D6600033602368F1E700BFEC4800204CAC0300B6
:10D670005427030010B504460820FCF7BFFA40B158
:10D68000084BC0E9053403230374002343748374F7
:10D69000C374BDE81040044900234FF4C45212F093
:10D6A000C6BC00BF73AC03005427030070B504462A
:10D6B0000D4601460A4812F0EFFD20B92046BDE8AC
:10D6C0007040FFF7D7BF022D09D1A0F5A2639B6878
:10D6D0002BB11B691BB1BDE870400068184770BDD5
:10D6E000EC48002010B504460820FCF787FA40B14A
:10D6F000084BC0E905340323037400234374837487
:10D70000C374BDE81040044900234FF4C45212F022
:10D710008EBC00BF99AC0300542703002DE9F041F3
:10D720000F4681880546C9B26548904612F0A6FDAD
:10D730000446B0B90820AD88FCF760FA38B1614BF7
:10D740004474C0E90535032303748474C4745E49CA
:10D7500000234FF4C45212F06AFC6FF01200BDE8CF
:10D76000F08195F9003000686E78002B54DA022EB3
:10D7700010D0032E20D0012E3BD1A4F5A264A368C3
:10D780007BB31C686CB343463A462946A446BDE8C1
:10D79000F04160476888C0B2012338B96FF48172E4
:10D7A0001444C8F800403B600020D8E7A0F5827020
:10D7B0002044C8F80000F6E76B88ABB10820FCF7FE
:10D7C0001DFA40B1414B4361414B83610023067414
:10D7D00043748374C37400234FF4C2523A4912F065
:10D7E00026FC6FF08500BAE7033CC8F8004001232F
:10D7F000D9E70820FCF702FA50B1364B4361364BAB
:10D80000C0E9063604230374002343748374C3748D
:10D8100000234FF40152E1E70A2E0AD00B2E2DD03F
:10D82000092EE6D1A4F5A264A368002BD9D05C68C8
:10D83000A8E76E88310A16F0FF06A4F5A26714D196
:10D840006FF481734FF48072E01814F09AF94FF47A
:10D8500080623146A4F2045014F093F96B88003BC7
:10D8600018BF012387F80C349EE7BB19013607EB7C
:10D87000860683F80C1400237360EFE76D88012D92
:10D880000AD90820FCF7BAF90028C1D0134B43612C
:10D89000134BC0E90635B5E714F8032CAA42A4F5EA
:10D8A000A26381D0E9B204F8031C9B68002B3FF40B
:10D8B0007BAF9B68002B3FF477AF984774E700BFBE
:10D8C000EC4800204CAC030054270300BAAC030022
:10D8D00038AD0300D1AC03004CAD0300EEAC030047
:10D8E00024AD030038B504460D460146234812F026
:10D8F000B9FC20B92046BDE83840FFF7F3BE691EE9
:10D90000A0F5A264092921D8DFE801F005201D2136
:10D9100027292020202F002384F80E3584F80F3586
:10D9200094F80D35D4F8100501218B4284F80D15BB
:10D9300004D0A36813B19B6803B198472046BDE8A3
:10D94000384012F03FBE012384F80E3538BD002365
:10D9500084F80E3584F80F35F8E70123FAE794F8D8
:10D960000F35002BF2D00023F4E794F80C34002B91
:10D97000ECD02046BDE8384012F038BEEC4800201C
:10D9800010B50469C4E90012A3600023C4F814357B
:10D99000064BC4F81005596804F2145211B9C3E9D2
:10D9A000002210BD0A605A60FBE700BFEC4800206F
:10D9B00070B54468006990F80E5545B190F80F05B0
:10D9C00028B9206ABDE87040007912F033BC062007
:10D9D000FCF714F938B1084B4361022303740023A8
:10D9E00043748374C374054900234FF4845212F0C6
:10D9F0001EFB6FF00A0070BD0BAD0300542703003F
:10DA0000020600F07F0312D5082B05D1010700F0B4
:10DA10000F0306D50E48704710F0780F12D100F0B2
:10DA20000F034C2000EB43100A4B18447047082B9F
:10DA300005D1020700F00F0306D50748704710F024
:10DA4000780FF6D000207047044800EB4310704771
:10DA5000404A0020F4480020604B0020604A00202B
:10DA60000149024813F094BF1C490020882E002071
:10DA70000146014813F063BF2C0E002008B50820B2
:10DA8000FCF7BCF848B10D4B43610D4B8361032398
:10DA90000374002343748374C3740A4900234FF44E
:10DAA000C25212F0C4FA084908484FF4E37211F068
:10DAB00010FE05484FF4E37111F002FE69AD03005A
:10DAC000CCB003005C27030089AD0300188B030072
:10DAD00010B51049BFF35B8F002351E8002F012AD6
:10DAE00003D141E800300028F7D1BFF35B8F0CBFB2
:10DAF000012018460DD151F8044C14392046FBF78B
:10DB00007FF910F1780F04D12046BDE81040FBF7F3
:10DB100021B910BD144900200248002200230CF056
:10DB20002BBA00BF2C0E002013B5124801F022FAC8
:10DB3000114B98421AD1114808F032FC00241048C9
:10DB400008F082FC0F49104800944FF0FF334FF467
:10DB500080620CF0C3FD0D490B480CF0B7FE0C4879
:10DB60000C490CF049FD204602B010BD6FF00400D6
:10DB7000FAE700BF25DE01000000AD0B53B0030043
:10DB8000D42F030000900020882E0020BDAD03009C
:10DB90001C490020E1DF010038B5002464F07F005B
:10DBA000C0B2FFF72DFF50B91B491C4840F27A2242
:10DBB00011F08FFD40F27A21174811F081FD0134F8
:10DBC00012F05BFD082CE9D1154D0024E0B2FFF7FF
:10DBD00017FF40B9104911484FF4207211F079FD38
:10DBE0004FF42071E8E7036903B90561013412F0CD
:10DBF00044FD082C05F14005E8D10A4812F03DFD2E
:10DC0000094BD3F87C2212B9084AC3F87C22084891
:10DC100012F033FD002038BD89AD0300188B0300DE
:10DC2000844F0020404A0020F4480020844B00200C
:10DC3000604B002010B5054CFFF76EFF20B1416826
:10DC400020460BF0C7FEF7E710BD00BF480D0020CF
:10DC500013B500221948002301A90BF049FE50B367
:10DC60000820FBF7CBFF48B1154B4361154B83618F
:10DC700003230374002343748374C3741249002381
:10DC80004FF4C25212F0D3F9FFF7D4FF0B48002231
:10DC9000002301A90BF02CFE044608B1FFF7EEFEAD
:10DCA0000198042340600374FFF7E2FEFFF7D8FEFB
:10DCB000204602B010BD01984060FAE7480D0020F0
:10DCC000C8AD0300CCB003005C270300022810B5E8
:10DCD000044611D8144B1C5CFFF7BAFF18B300229E
:10DCE00002740472FFF7C4FE104B93F82430D3B1D2
:10DCF000BDE81040FFF7B4BE0820FBF77FFF50B12E
:10DD00000B4B43610B4BC0E906340423037400231F
:10DD100043748374C374BDE81040074900234FF473
:10DD2000015212F084B910BDD8AF0300F4480020AE
:10DD3000EAAD0300DBB003005C2703002DE9F041EE
:10DD4000877806463846FFF75BFE3B06F4780546C3
:10DD50002BD5CCB1032C5BD00A20FBF74FFF58B179
:10DD60002C4B43612C4B0762C0E906340523037436
:10DD7000002343748374C374BDE8F0412749002332
:10DD80004FF4215212F053B9FFF762FF0346002807
:10DD90003ED00122AC770274032202739D60FFF72C
:10DDA00067FEBDE8F041FFF75BBE4CB1012CD3D15B
:10DDB000FFF74EFF034658B36C7704740473EDE726
:10DDC000FFF746FF20B3B278154B12F0800F02F038
:10DDD000080111D041B1D3F8A836EB6001230374D8
:10DDE000022303738560DAE702F00F02142101FBBE
:10DDF0000233D3F80836F0E711B1D3F8A837ECE7CF
:10DE000002F00F02142101FB0233D3F80837E4E7D4
:10DE1000BDE8F08109AE0300DBAF03005C2703001F
:10DE2000007002402DE9F041804688B014220021A4
:10DE300003A813F0A6FE98F80030062B26D8DFE8DA
:10DE400003F0BD04121717AC19000224FFF700FFFE
:10DE50000346D8B1047400F10802DDE9050182E847
:10DE6000030018463FE003238DF814300024EDE74B
:10DE70000423F9E798F802703846FFF7C1FD857A68
:10DE8000064635B1013D022D40F2818008B0BDE863
:10DE9000F0813B0698F803402CD5CCB1032CF5D08B
:10DEA0000A20FBF7ABFE50B1454B4361454B07627F
:10DEB000C0E906340523037445748574C57442496A
:10DEC00000234FF4215208B0BDE8F04112F0AFB882
:10DED000FFF7BEFE03460028D8D00122B4770274B3
:10DEE000032202739E60FFF7C3FD08B0BDE8F04156
:10DEF000FFF7B6BD54B1012CD2D1FFF7A9FE0346FE
:10DF00000028C3D0747704740473EBE7FFF7A0FE16
:10DF100005460028BAD001230374022303738660E8
:10DF200098F8020006F10C0112F0E6FB0746F0B18A
:10DF30000820FBF763FE48B1244B4361214B447436
:10DF4000C0E90637042303748474C4741E49002393
:10DF50004FF4015212F06BF81D491E4840F29D32F9
:10DF600011F0B7FB1A4840F29D3111F0A9FB1A4A93
:10DF7000F168B2F88C328B4206D95B1AA2F88C3267
:10DF800001F032FC2846AEE7A2F88C02FAE74046E0
:10DF900008B0BDE8F041FFF7D1BE01A801F002FCD6
:10DFA0009DF80530052B05D19DF8043013F0600F66
:10DFB0003FF46CAF094B0593012447E7032445E781
:10DFC00009AE0300F4AF03005C27030039AE030081
:10DFD00089AD0300188B0300F4480020604A00203C
:10DFE0002DE9F043A94DDFF8A88285B00746FFF779
:10DFF00093FD064610B905B0BDE8F08395F82530CD
:10E00000347C3BB9002C00F0E1807168A0480BF033
:10E01000E1FCECE7042C00F22582DFE814F0D700E5
:10E020000500A001B601E90117F8044CB4B9B368C2
:10E03000082093F80990FBF7E1FD48B1954B436147
:10E04000954B4474C0E90639042303748474C47482
:10E05000924900234FF4015211F0E9FFB46854B91A
:10E060008F4990484FF44B7211F033FB4FF44B71D2
:10E070008B4811F025FB337B032B4DD8DFE803F0F1
:10E0800002538E93A27A42B1854986484FF4397281
:10E0900011F01FFB4FF43971EAE7D4F81490824B6A
:10E0A000C9F80020C9F80420D3F8801489F80010BA
:10E0B000D3F8841489F80110D3F88814D3F88C04A9
:10E0C00041EA0021A9F80210D3F89014D3F894047F
:10E0D00041EA0021A9F80410D3F89814D3F89C342D
:10E0E00041EA0323A9F806300823E360D9F80000C9
:10E0F000D9F804106D4B03C311462368607A984722
:10E1000099F90030002B0ADBB9F806309AB232B127
:10E11000A5F88C3201F068FB7168404677E7002370
:10E12000A5F88C32F8E7637F002BF5D0237F002B16
:10E13000F2D04FF0000984F81D905D4884F81C90DF
:10E140004FF0FF324FF0FF3312F0AAFA63690193E8
:10E150006368CDE9023901A9607A00F083FF554B6D
:10E160009842044616D00820FBF748FD60B1524B98
:10E170004361524B80F81190C0E9063404230374C4
:10E1800080F8129080F81390444900234FF4015214
:10E1900011F04DFF464812F085FABDE723680121D2
:10E1A000607A9847B8E7A37A6BB9E37F5BB94048D8
:10E1B0004FF0FF324FF0FF3312F072FA01F01AFB0A
:10E1C0003B4812F06FFA23680221E9E7327A042A09
:10E1D000A2D8DFE802F094032EADB90000F044FEAF
:10E1E0000446002898D100F04BFDBFF35B8F344903
:10E1F000012351E8002F002A03D141E80030002814
:10E20000F7D1BFF35B8F87D141F8084C41F8104C30
:10E21000E8696B611439FAF719FD0028BFF67CAF85
:10E220001F49204840F2AA2211F053FA40F2AA21D5
:10E230001EE7002464F07F00C0B2FFF7E1FB40B9A5
:10E240001749184840F2312211F043FA40F23121C7
:10E250000EE7037A13B1407A01F084FC0134082CF4
:10E26000E8D195F854311BB195F8550101F07AFCCD
:10E270000024E0B2FFF7C4FB20BB0949094840F283
:10E28000432211F026FA40F24321F1E6F44800203F
:10E29000480D00205DAE030041B003005C27030081
:10E2A00089AD0300188B030000700240F84800207D
:10E2B0002C4900200000AD0B87AE030027B00300FF
:10E2C00014490020037A13B1407A01F04BFC013469
:10E2D000082CCED195F874321BB195F8750201F077
:10E2E00041FC012000F090FD012385F825302B68CA
:10E2F000002B3FF411AF0021022098470CE70024C7
:10E3000085F8254001F074FBFFF7E2FBA04208DA34
:10E310005F49604840F2C22211F0DBF940F2C221AD
:10E32000A6E62B68002B3FF4F7AE21460420E4E775
:10E33000002B3FF4F1AE00F0A1FD2B68002B3FF461
:10E34000EBAE00210520D8E72A68002A3FF4E4AEAE
:10E35000002B3FF4E1AE002106209047DCE607F1F8
:10E3600010044FF0FF334FF0FF32204612F098F9BF
:10E37000FFF712FC204612F095F957F8283C002BC5
:10E380003FF4CAAE00210120B7E795F87432E3B13B
:10E390004FF0010985F8899285F88892FFF758FCBB
:10E3A0000446D0B90820FBF729FC40B13A4B436141
:10E3B0003A4B83610323037444748474C4743849EE
:10E3C00000234FF4C25211F032FE57F8283C002BC4
:10E3D0003FF4A2AE00210A208FE7324B80F8109064
:10E3E00080F80C908360FFF743FBFFF739FBECE705
:10E3F0000820FBF703FC48B12B4B43612B4B836197
:10E4000003230374002343748374C37424490023D7
:10E410004FF4C25211F00BFE13F048F801F0E8FA85
:10E4200000F010FCFFF706FCFFF7B6FB40B11849FF
:10E43000184840F2864211F04CF940F2864117E646
:10E4400013F02DF81A4800F095FD1A4B98423FF44E
:10E4500063AE0F490F4840F28D4211F03AF940F295
:10E460008D4105E60820FBF7C9FB50B1124B436113
:10E470000E4BC0E9063404230374002343748374F1
:10E48000C374074900234FF4015211F0D0FD43E655
:10E4900089AD0300188B0300B1AE03000DB003007B
:10E4A0005C270300604B0020C9AE030041B00300AD
:10E4B00025DE01000000AD0BE4AE030038B5164DBB
:10E4C00095F824402CBB05F1380013F025FA2046BE
:10E4D00001F0FEFF22460121E8612720FEF7E8FC5B
:10E4E00012F0DDFFFFF758FB044610B9012385F851
:10E4F00024300A4B1B680BB1FFF7B2FA4FF0804390
:10E50000D3F83834DB0702D50020FFF7DFFB2046C5
:10E5100038BD0024FBE700BFF44800202C0E00208B
:10E5200008B50E4B93F824209AB193F8253083B1A7
:10E530000B4BD3F87034DBB283420DD009490A4843
:10E5400040F2595211F0C5F8064840F2595111F005
:10E55000B7F86FF0120008BD0020FCE7F448002077
:10E560000070024089AD0300188B030010B50378DA
:10E57000047903F00F02B4B972B30820FBF73EFB35
:10E5800040B1174B4361174B8361032303744474F9
:10E590008474C474144900234FF4C25211F047FD2F
:10E5A0004FF0FF3010BD082A0FD90820FBF726FBDB
:10E5B0000028EFD00D4B43610A4B836103230374A2
:10E5C000002343748374C374E4E7012C04D183F003
:10E5D000080040F3C000E5E743F3C000E2E700BFF6
:10E5E00000AF0300B8B003005C27030023AF0300B3
:10E5F00038B51A4B93F8243004465BB305782846A7
:10E60000FFF7FEF9F8B1457223798372638843609E
:10E610002078618810F0080518D14B1E0B4215D0E8
:10E620000820FBF7EBFA40B10D4B43610D4B8361C2
:10E630000323037445748574C5740B4900234FF498
:10E64000C25211F0F4FC6FF0150038BD00F04CFC24
:10E650000020FAE76FF01200F7E700BFF44800204F
:10E6600046AF0300A4B003005C27030038B51D4B80
:10E6700093F8242005468AB393F8253073B3FFF747
:10E68000BFF9044610B96FF0150038BD837A012B2D
:10E690000FD007D9023B012B07D96369A361002082
:10E6A000E060F2E701F0ACF8F7E7284601F02AF85D
:10E6B000F3E70820FBF7A2FA48B10B4B43610B4B81
:10E6C000836103230374002343748374C374084970
:10E6D00000234FF4C25211F0AAFCD4E76FF01200ED
:10E6E000D3E700BFF448002072AF030090B00300EE
:10E6F0005C27030038B50E4B93F82420054682B101
:10E7000093F825306BB1FFF77BF968B115F0080479
:10E710000AD1284601F02AF8284601F05BFA204683
:10E7200038BD6FF01200FBE76FF01500F8E700BF8F
:10E73000F448002038B50C4B93F8242005460C46CD
:10E7400062B193F825304BB1FFF75AF948B144B1A3
:10E75000284600F0F1FF2070002038BD6FF0120055
:10E76000FBE76FF01500F8E7F448002070B5134E92
:10E7700096F824300446C3B1FFF742F90546B8B114
:10E78000230705D4204600F0F1FF204601F022FACD
:10E790002B7A83B901232B7296F825300BB9002010
:10E7A00070BD204601F0DEF9F9E76FF01200F7E7DF
:10E7B0006FF01500F4E76FF07700F1E7F448002000
:10E7C0002DE9FF47DFF858811E4698F824300746A8
:10E7D0008A461546002B00F0948098F82530002BCF
:10E7E00000F08F8003061FD5FFF70AF90446D8B161
:10E7F00090F80890B9F1000F1CD10820FBF7FEF942
:10E8000060B1414B4361414B80F81190C0E906373C
:10E810000423037480F8129080F813903C4900237D
:10E820004FF4015211F003FC6FF01504204604B0C0
:10E83000BDE8F0874FF0FF334FF0FF3208F13800AA
:10E8400011F02EFFA37F33B108F1380011F02AFF39
:10E850006FF00A04EAE7A37A8DB3002B3FD00123BF
:10E86000A37738464FF0000801A9CDE901A5CDF8FE
:10E870000C8000F0F7FB274B984207463DD084F808
:10E880001E800EB1C6F800800820FBF7B7F950B122
:10E89000214B43611D4BC0E9063704230374002359
:10E8A00043748374C3741A4900234FF4015211F066
:10E8B000BEFB6FF00404194811F0F4FEB6E7E27FE6
:10E8C00002B1E577002BCAD100F0A0FF8742C6D085
:10E8D00000F090FF114811F0E5FE0024A6E7B8F81B
:10E8E0000A309D42F0D26268B5FBF2F302FB13538B
:10E8F000002BE9D10123E377E6E706B13560002478
:10E90000D9E76FF0120491E798AF030080B00300DD
:10E910005C2703000000AD0BBBAF03002C490020B7
:10E92000F44800202DE9F8431D462F4B174693F875
:10E93000242080460E46002A53D093F82530002B21
:10E940004FD010F0800F22D101B907BB4046FFF72E
:10E9500057F80446D8B190F80890B9F1000F19D1D2
:10E960000820FBF74BF960B1204B4361204B80F846
:10E970001190C0E906380423037480F8129080F8DF
:10E9800013901C4900234FF4015211F050FB6FF01B
:10E99000150013E04FF0FF3317484FF0FF3211F02E
:10E9A0007FFEE3689F42B84628BF984646B93FB904
:10E9B00005B12B60104811F075FE0020BDE8F8830A
:10E9C000A1694246304613F0B4F8A3694344A361F9
:10E9D000E368A3EB0803E360002DEBD0C5F80080EB
:10E9E000E8E76FF01200E9E7F448002098AF030071
:10E9F0006CB003005C2703002C490020F8B5294DBA
:10EA000095F824300746002B48D095F82530002B88
:10EA100044D0030619D4FEF7F3FF0446A8B1067AE2
:10EA2000B6B90820FBF7EAF848B11F4B43611F4B0A
:10EA30004674C0E90637042303748674C6741C49FF
:10EA400000234FF4015211F0F2FA6FF01500F8BDF7
:10EA50004FF0FF334FF0FF3205F1380011F020FE88
:10EA6000E368B3B9012663692677A361637F83B145
:10EA7000FFF7EEF830B905F1380011F013FE6FF032
:10EA80000B00E4E7067484600673FEF7F1FFFEF7FF
:10EA9000E7FF084811F006FE0020D8E76FF01200EB
:10EAA000D5E700BFF448002098AF030054B003003E
:10EAB0005C2703002C49002010B5084B93F8243044
:10EAC0000C462BB1FEF79CFF28B10460002010BD5E
:10EAD0006FF01200FBE76FF01500F8E7F448002034
:10EAE000014B1860704700BFF448002008B5074B81
:10EAF00093F8243023B1FEF783FF20B1406808BDAE
:10EB00006FF01200FBE76FF01500F8E7F448002003
:10EB10004FF08053D3F83021082A06D1D3F834318E
:10EB2000052B04D8034AD05C7047002070470120B1
:10EB3000704700BF47B10300EFF31180402383F318
:10EB40001288BFF36F8F0A4BD3F8001C032261B900
:10EB500049F27531C3F8001CC3F8142DC3F8001C2A
:10EB600080F31188BFF36F8F7047C3F8142DF7E758
:10EB700000E00640EFF31180402383F31288BFF3D7
:10EB80006F8F0A4BD3F8001C61B949F27532C3F894
:10EB9000002CC3F8141DC3F8002C80F31188BFF3B8
:10EBA0006F8F70470022C3F8142DF6E700E006408F
:10EBB00000F00F02082A08B50AD90B490B484FF498
:10EBC000D77210F086FD08484FF4D77110F078FD29
:10EBD000074B10F0800F03F1D80118BF0B46182027
:10EBE00000FB023008BD00BFFFB00300188B03001C
:10EBF000C451002008B500F00F03082B0AD90849BA
:10EC0000084840F2C11210F064FD054840F2C111FD
:10EC100010F056FDC043C0F3C01003EB001008BD58
:10EC2000FFB00300188B03004FF08053D3F830314E
:10EC3000082B02BF024B0022C3F81C2C704700BFF8
:10EC40000070024008B50A4B1A78012A0AD0094917
:10EC5000094840F2744210F03CFD064840F274410D
:10EC600010F02EFD054900220A601A7008BD00BF91
:10EC7000025C0020FFB00300188B03007C530020CF
:10EC800010B5574C2378012B0AD05649564840F20C
:10EC90007C4210F01EFD40F27C41524810F010FD05
:10ECA000524B4FF40062C3F80024FFF731FF08B164
:10ECB000FFF742FF4FF08053D3F83031082B18D1C3
:10ECC000EFF31180402383F31288BFF36F8F484B1B
:10ECD000D3F8001CC02200296DD149F27531C3F868
:10ECE000001CC3F8142CC3F8001C80F31188BFF378
:10ECF0006F8F3E4B0122C3F80025D3F80024120584
:10ED0000FBD54FF40062C3F800244FF08053D3F8D2
:10ED10003031082B17D1EFF31180402383F3128891
:10ED2000BFF36F8F324BD3F8001C002946D149F254
:10ED30007532C3F8002CC3F8141CC3F8002C80F300
:10ED40001188BFF36F8FFFF7E3FE30B1FFF712FFBB
:10ED5000FFF7DEFE08B1FFF7EFFE4FF08053D3F868
:10ED60003031082B214B0AD140F2E372C3F800285E
:10ED70004022C3F80428BFF36F8FBFF34F8F802268
:10ED8000C3F81C250122C3F830251A4B40F2FF12AC
:10ED90001A60194B00211960184B1970184B9B68A9
:10EDA000012B0FD00F4910484FF4956210F091FCE1
:10EDB0004FF4956171E7C3F8142C96E70022C3F86D
:10EDC000142CBCE7FFF730FF0E4B197002232370A1
:10EDD000FFF79EFE18B1BDE81040FFF7CBBE10BD97
:10EDE000025C0020FFB00300188B0300007002409B
:10EDF00000E006407853002074530020FE5B0020A2
:10EE0000F80D0020005C002010B5104B1B78022B81
:10EE10000AD00F490F4840F2DC4210F05AFC0C486F
:10EE200040F2DC4110F04CFC0B4B0C4C00221A70F1
:10EE30000B4A0C4B002808BF1346C4F800332720A8
:10EE4000FEF706F80123C4F8043510BD025C00206B
:10EE5000FFB00300188B0300015C0020007002402B
:10EE6000FDFFDF01FDFFFF01034B1878012894BF70
:10EE700000200120704700BF025C002010B54FF059
:10EE8000FF324FF0FF3315480BF050F9EFF31181CB
:10EE9000402383F31288BFF36F8F114B1B7803F06D
:10EEA000FF0483B10F4BD3F8002412F400720AD18F
:10EEB0000120C3F82C05D3F82C05D3F800048005F5
:10EEC00002D5C3F82C25002481F31188BFF36F8F7E
:10EED00002480BF0C7F8204610BD00BFF80D002017
:10EEE000015C0020007002404B1E0B4210B500F088
:10EEF00008030C460CD001071ED11B491B4840F2E9
:10EF0000695210F0E6FB40F26951174810F0D8FB47
:10EF100091B9020708D11449144840F26B5210F01D
:10EF2000D8FB40F26B51F0E713B1114BD3F81C350D
:10EF3000FFF73EFE848210BDA3B10D4BD3F81C1524
:10EF400040F2FF3240F2FF13802918BF13469C4263
:10EF5000EED90549054840F26D5210F0BAFB40F277
:10EF60006D51D2E7402CF3E7FFB00300188B03008C
:10EF700000700240F8B550B92149224840F24D4294
:10EF800010F0A7FB1E4840F24D4110F099FB1E4BBC
:10EF90001C7894BB1D4A106001221A7040F2FF17C2
:10EFA000264664F07F0514F0080FEDB214BF394611
:10EFB00040212846FFF798FF2846FFF7F9FD013466
:10EFC000092C867506730661EBD1002440F2FF1709
:10EFD000254614F0080FE6B214BF394640213046EA
:10EFE000FFF782FF3046FFF7E3FD0134092C8575FA
:10EFF00005730561EDD10648F8BD0648FCE700BF82
:10F00000FFB00300188B0300025C00207C5300203B
:10F010000000AD0B0500AD0B08B543B200F00F00CA
:10F0200008280AD90C490D4840F2815210F051FBD2
:10F03000094840F2815110F043FB002B084BB4BF4C
:10F04000D3F81025D3F8142501238340134214BFAD
:10F050000120002008BD00BFFFB00300188B030093
:10F06000007002402DE9F84381460C46FFF7C2FDCF
:10F07000EFF31188402383F31288BFF36F8F54B9E5
:10F080002649274840F2BC5210F023FB40F2BC5105
:10F09000224810F015FB19F00F0F03D1214B1B78FC
:10F0A0004B4537D1204B214F1B683D68DB43012680
:10F0B0009BB286402B4333422ED14846FFF778FD62
:10F0C00019F0800F03460FD122686AB102F0604246
:10F0D000B2F1005F08D0114911484FF4BA6210F044
:10F0E000F8FA4FF4BA61D3E701221A7394E80700E3
:10F0F00083E8070000221A619A750D4B0D483543CD
:10F1000080223D60C3F8042188F31188BFF36F8F1C
:10F11000BDE8F8830848F7E70848F5E7FFB00300C3
:10F12000188B0300005C00207853002074530020EB
:10F1300000E100E00000AD0B0A00AD0B0B00AD0BD1
:10F1400010F0080F074B06D0D3F8C00410F4803F2E
:10F1500018BF0020704700F00F0000F5947053F8BE
:10F1600020007047007002402DE9F74FA04BA14DE1
:10F17000D3F85421DAB10022C3F85421D3F8041390
:10F18000890214D58DF80420D3F82025ADF8062087
:10F19000D3F8C034002B2B6814BF4FF001224FF47A
:10F1A000807213432B60944B01A81B689847904BC7
:10F1B000D3F8604134B10022C3F86021D3F86C4425
:10F1C000C3F86C44D3F828214AB10022C3F828219F
:10F1D0008A4B1878FFF70EFD012383401C43884FAC
:10F1E00097F8008097F9009008F00F03082B0AD9D0
:10F1F000844985484FF4917210F06BFA4FF4917185
:10F20000804810F05DFA18F00801804E42D1B9F143
:10F21000000F2FDA7E4A52F8230020B342F8231061
:10F220001422534303F1804303F51C33D3F808360B
:10F23000784A117803F001034B401370FFF7F4FC98
:10F2400075480AF00FFF4046FFF7B2FC837D032BA1
:10F2500038D14046FFF7CEFC012303FA00F03368B3
:10F2600023EA00033360DFF890A14FF001084FF06C
:10F2700006095DE0694A52F823000028F3D042F8FD
:10F2800023101422534303F1804303F51C33D3F8B6
:10F290000837CDE7B9F1000F554B09DBD3F8502102
:10F2A000002AE0D00022C3F85021D3F8A837BFE7E6
:10F2B000D3F82C21002AD6D00022C3F82C21D3F871
:10F2C000A836B5E7037BE3B94046FFF793FC01237B
:10F2D00003FA00F03368B9F1000F23EA000333604A
:10F2E00002DAB8F1880FBED106238DF8043000236E
:10F2F0008DF80730404B8DF806801B6801A89847B1
:10F30000B1E7B8F1000FAED1394B0122DA64AAE7B8
:10F3100094FAA4F02A68B0FA80F008FA00F31A43CD
:10F320000F282A6024EA0304326849DD134256D0CC
:10F33000002CEDD12E4BD3F800215AB1C3F8004177
:10F34000374B1C702D4B1C70012301932A4B01A8D5
:10F350001B689847264BD3F85821002A6DD000220D
:10F36000C3F85821D3F80044C3F80044E20508D597
:10F370002B4B01221A70022301931F4B01A81B681B
:10F380009847A30508D5264B00221A700323019342
:10F39000194B01A81B68984760054ED5204A137881
:10F3A000002B4AD0124BD3F82C1500293AD015491E
:10F3B000154840F2F52210F08CF940F2F5211FE7D4
:10F3C0001340B5D160F07F018DF804908DF80610E0
:10F3D0008DF80730DAF8003001A89847A8E7A0F1C7
:10F3E00010018DF804908DF806108DF80780F1E774
:10F3F00000700240785300207C530020005C002005
:10F40000FF5B0020FFB00300188B03007453002043
:10F4100008710240FE5B0020F80D002030710240B0
:10F42000015C002011700122C3F808259A650423AD
:10F430000193AD4B01A81B689847AC4BD3F85C31E6
:10F44000FBB1AB4B9B6813B93B78590619D0A74B5E
:10F450000022C3F85C21D3F88034A64A23F07F034E
:10F460001370336823F0011333602B6823F4803367
:10F4700043F001032B60052301939B4B01A81B68FC
:10F48000984732682B681A4200F01C819848002285
:10F4900000230AF04BFE002840F01481934BD3F870
:10F4A0002C35002B00F09A80914803B0BDE8F04F56
:10F4B0000AF0D8BD49F0800B5846FFF779FB037B73
:10F4C0000446002B00F0AA804368B0F8148001685D
:10F4D000984528BF984601F06043B3F1005F23D1FF
:10F4E0002268636842442260A268A3EB0803D20743
:10F4F0004FFA8BF0636040F1A680B8F1000F40F046
:10F50000A58000232373A1E05846FFF719FEB4F845
:10F5100014C060451AD97849784840F2631210F057
:10F52000D8F840F263116BE6B8F1400F08D9724980
:10F5300072484FF4C17210F0CCF84FF4C1715FE61D
:10F540006F48424612F0F5FA6D49C9E723686BB17E
:10F5500003F06043B3F1005F08D0674967484FF498
:10F56000B27210F0B6F84FF4B27149E663682268DF
:10F5700098429BBF1B1A02EB000E4FF0000863601D
:10F580009CBFC4F800E08046604511460FD1003BA7
:10F5900018BF01236AB9B8F1000F52D05649574835
:10F5A0004FF45A7210F095F84FF45A7128E6002380
:10F5B000F0E740453BD9012303FA09F32AEA0303A4
:10F5C000022233600623A2758DF80430464B8DF875
:10F5D00006B01B688DF8072001A89847D6F800A050
:10F5E0002B681AEA03093FF45FAF19F0012314BF37
:10F5F00093FAA3F999FAA9F9B9FA89F9B9F10F0FB0
:10F600007FF658AFA9F1100B5FFA8BFB5846FFF756
:10F61000CFFA037B0446002B7FF476AF3649374898
:10F6200040F2573210F055F840F25731E8E508D073
:10F630003149324840F2793210F04BF840F27931DA
:10F64000DEE54FFA8BF0002B3FF45BAF4FF08053B9
:10F650000126D3F83031082B02BF244B8222C3F895
:10F660001C2C2B6887F800B006FA09F923EA090375
:10F670002B602369434423610BF00F04082C08D945
:10F680001D491E484FF4A47210F023F84FF4A471E2
:10F69000B6E51BF0080F154B17D100284FF01402E8
:10F6A00002FB0432A9BF0A3403EB8403C2F800173B
:10F6B000C2F80487AFBF43F82460C2F80016C2F84E
:10F6C00004865E6003B0BDE8F08F0028B5BFC3F8C4
:10F6D000A016C3F8A017C3F8A486C3F8A487B4BFC4
:10F6E0005E629E64EEE700BF7C5300200070024023
:10F6F000F80D0020005C0020FFB00300188B030011
:10F700008451002008B503070AD50849084840F28B
:10F7100007620FF0DEFF054840F207610FF0D0FFEF
:10F72000044B40F48070C3F8180508BDFFB0030017
:10F73000188B030000700240030713D400F00F037E
:10F7400010F0800F084A0BBF03F5887303F584732C
:10F7500002EB830252F8230008BF5068003818BF3C
:10F7600001207047002070470070024008B5030771
:10F770000AD50949094840F229620FF0AAFF064854
:10F7800040F229610FF09CFF054BC3F80C0540F4D3
:10F790008070C3F80C0508BDFFB00300188B030090
:10F7A000007002400023036043600E4BD3F88024B6
:10F7B0000270D3F884244270D3F88824D3F88C14D0
:10F7C00042EA01224280D3F89024D3F8941442EA0A
:10F7D00001228280D3F89824D3F89C3442EA032390
:10F7E000C380704700700240014B0122DA64704709
:10F7F00000700240014B01221A6570470070024000
:10F80000014B01225A65704700700240014B187885
:10F81000704700BF005C002038B50446EFF3118547
:10F82000402383F31288BFF36F8F03060AD5124972
:10F83000124840F253620FF04CFF0F4840F2536100
:10F840000FF03EFFFFF7D6F90D4A012303FA00F04F
:10F85000136823EA0003136014F0080201BF04F0E8
:10F860000F04084B04F5947443F8242085F31188A1
:10F87000BFF36F8F38BD00BFFFB00300188B0300CC
:10F8800078530020007002402DE9F04F044685B007
:10F89000EFF31187402383F31288BFF36F8FFFF7D5
:10F8A00087F914F0800F414E05462BD12046FFF713
:10F8B000A1F9D6F800804FF0010909FA00F030EA0A
:10F8C00008000BD02046FFF7A7FF0323AB7587F393
:10F8D0001188BFF36F8F05B0BDE8F08F2873204605
:10F8E000FFF788F909FA00F028EA000030602046A6
:10F8F000FFF780F92E4A136809FA00F923EA090391
:10F900001360E2E7230715D4802C2A4B41D004F082
:10F910000F0202F2DA325200C3F80028D3F80428AA
:10F92000D3F80418D2B242F002020A43C3F8042802
:10F93000D3F80438DFF87890D6F800B0D9F800A0F2
:10F9400020466BEA0A030193FFF754F94FF00108D0
:10F95000019B08FA00F00342B9D02BEA00003060A6
:10F960002046FFF747F900232B73032308FA00F81A
:10F97000AB758DF80F30104B8DF80E4048EA0A0039
:10F980000622C9F800001B688DF80C2003A89847D0
:10F990009DE740F2B472C3F80028D3F80428D3F8E6
:10F9A0000418D2B242F00402BFE700BF7453002033
:10F9B00078530020007002407C53002038B5044684
:10F9C000094D4FF0FF324FF0FF3328460AF0AEFBEF
:10F9D0002046FFF759FF28460AF044FB034B8022DC
:10F9E000C3F8042138BD00BFF80D002000E100E09D
:10F9F0002DE9F0413A4D2B7853B93A493A4840F253
:10FA0000BA420FF066FE40F2BA4136480FF058FE97
:10FA10004FF0FF3335484FF0FF320AF087FB2B7869
:10FA2000022B08D02F49304840F2FC420FF051FE23
:10FA300040F2FC41E9E72E4B8022C3F884212720C5
:10FA4000FDF728FAA0B12B4F2B4B3C681B68240C08
:10FA500024041C434FF0010864BB284E40F2FF13FE
:10FA60003B602720C6F80445FDF700FAC6F80043BE
:10FA7000234A13788BB1214B0021C3F808110121CF
:10FA8000C3F80026C3F804165960D3F808110029FA
:10FA9000FBD00021C3F808111170184B0022C3F8E5
:10FAA0000025FFF7C1F811480AF0DCFA01232B709A
:10FAB000BDE8F08194FAA4F6B6FA86F60F2E304629
:10FAC000C6BFA6F11000C0B240F08000030701D409
:10FAD000FFF7DAFE08FA06F624EA0604BCE700BFE0
:10FAE000025C0020FFB00300188B0300F80D00201B
:10FAF00000E100E0785300207453002000700240C1
:10FB0000FE5B002010B504464FF0FF324FF0FF338C
:10FB100011480AF00BFB2046FFF7B6FE04F00F0277
:10FB2000012393400D4A14F0800F14BFD2F8101532
:10FB3000D2F814156FEA030315BF0B400B40C2F84F
:10FB40001035C2F8143504480AF08CFA044B8022B0
:10FB5000C3F8042110BD00BFF80D00200070024062
:10FB600000E100E070B50446FFF756FA68B904F00A
:10FB70000F02012514F0800F144B05FA02F205D094
:10FB8000D3F810150A43C3F8102570BDD3F8141527
:10FB90000A43C3F81425631E062BF6D8EFF311862B
:10FBA000402383F31288BFF36F8F2046FFF734FEA4
:10FBB0002046FFF71FF8064A1368854023EA05032D
:10FBC000136086F31188BFF36F8FDEE70070024089
:10FBD00074530020020710B504460AD50B490C489F
:10FBE00040F20F620FF075FD084840F20F610FF010
:10FBF00067FD030605D4FFF79FFD10B12046FFF710
:10FC00000BFE044BC3F8184510BD00BFFFB0030046
:10FC1000188B03000070024014280ED8084A12F80E
:10FC2000103053B102EB4002527832B108684343BE
:10FC3000002093FBF2F30B6070476FF015007047E4
:10FC40005DB103007FB50023CDE901330B7903F0EB
:10FC50001F02C3F30400072A8DF80D0003D96FF0CB
:10FC6000150004B070BD13F0200418BF8B794879DB
:10FC70008DF80B0008BF23468DF80C300B780C2B49
:10FC8000EDD801A050F823F0C3FC0100BDFC010039
:10FC9000E7FC01005FFC0100EBFC01005FFC0100E0
:10FCA000EFFC01005FFC01005FFC0100F3FC0100C0
:10FCB000F7FC01005FFC0100FBFC010001238DF853
:10FCC00006304B78032B1AD0042BC8D14B8844F252
:10FCD0000A00834238D843F6FE70834213D8002BC3
:10FCE000BDD1022340E00223E9E70323E7E7042331
:10FCF000E5E70523E3E70623E1E70723DFE7012341
:10FD00008DF80730E2E7A3F57F533F3B0B2BA6D8D6
:10FD100001A050F823F000BFA3FD01005FFC01002B
:10FD20005FFC01005FFC01006DFD01005FFC010054
:10FD300067FD01005FFC01005FFC01005FFC01004A
:10FD40005FFC0100E3FC010044F21400834226D072
:10FD500044F22800834224D044F20F0083427FF40F
:10FD60007EAF032300E001238DF808300F4D0126FC
:10FD700006FA02F395F85000DBB2A4B18A790AB111
:10FD80008DF8096020EA030301A885F8503007F0D8
:10FD900003FD074B98427FF462AF002061E7042324
:10FDA000E2E70523E0E70343EEE700BF200600207B
:10FDB0000000AD0B08B50D490D48002211F06FFE93
:10FDC000002007F09FFC0B4B98420CD10022012130
:10FDD0000720FDF76DF80848C36813B9043010F028
:10FDE000A2FC002008BD6FF00400FBE79DFF0100AE
:10FDF000800600200000AD0B2006002010B50C4C42
:10FE000094F83A3023B1BDE810400A4807F0F4BE38
:10FE100007F026FE084B984208D06FF00403636297
:10FE200004F11400BDE8104010F07DBC10BD00BF0F
:10FE3000200600203DFE01000000AD0B2DE9F04141
:10FE40000778002F40F08C804D4CE26A94F850C047
:10FE50001CEA020F25460AD14A4B0022C3F80025AE
:10FE6000A36A6BBB4848BDE8F04110F05CBCB0F839
:10FE700008E0A66D4FEA4E0E0123D0B218420AD018
:10FE800094F898200CEA030192B121B132460EEBAE
:10FE90000601914204D15B009BB26345EED9DBE7DA
:10FEA00032F9028BB8F1000FB8BF22F8027CF0E7FC
:10FEB00021B1B6F900100029B8BF32800236EAE756
:10FEC000236CB4F84C2033B13049314898470128AD
:10FED00022D0022839D0B4F84C30B4F848209A42E5
:10FEE00033D90133A4F84C3094F89830C3B9A36DDA
:10FEF00094F8512003EB4203A36594F85110A06DD0
:10FF000007F058FD234B98420AD06FF004031E48B7
:10FF1000636210F008FC03E094F89830002BECD0FA
:10FF2000E36B1BB9BDE8F041FFF768BFBFF35B8F20
:10FF300055E8003F5A1E45E800210029F8D1BFF3DB
:10FF40005B8F012BEEDCBDE8F081E36B002B89D0E9
:10FF500094F89830002B85D10F4811F0ACFD81E763
:10FF6000022F0AD107F07CFD0A4B9842EBD00448DF
:10FF70006FF004034362143075E7052FE3D171E796
:10FF800020060020007000403406002048060020B3
:10FF9000041F03000000AD0B80060020094BBFF3D7
:10FFA0005B8F53E8002F511C43E800100028F8D164
:10FFB000BFF35B8F0AB9FFF721BF6FF00F025A62E0
:10FFC000704700BF200600202DE9F0430E4685B0A3
:10FFD0004FF0FF337A484FF0FF320AF0A7F8776806
:10FFE0007B1EFE2B08D96FF01504754810F09BFBA3
:10FFF000204605B0BDE8F08300252C4627FA05F31E
:020000022000DC
:10000000DA0706D507F0F8FBE840C307EBD5013463
:10001000E4B20135082DF1D1002CE4D0337C083B4B
:10002000062BE0D801A252F823F000BF67000200BF
:10003000E7FF01006B000200E7FF0100490002003A
:10004000E7FF01006F0002000221012C727C10D03A
:10005000002AC8D15B4B002083F898005A4B3846E1
:1000600007F0E4FB38E00021EFE70121EDE7032191
:10007000EBE7082AB7D8DFE802F005050505050516
:10008000050505003368002BE4D0186801387F2887
:10009000E0D88DF8082000228DF809201B885A1E10
:1000A0007F2A0AD949494A4840F255220FF011FBEC
:1000B000464840F255210FF003FB1B01414A013B2A
:1000C000ADF80A30012382F898308DF80C3002AA7E
:1000D0003D4B384607F0EEFB3E4B984283D13268E9
:1000E000630012B1928902FB0333F2689A4264D32F
:1000F000344D85F8514095F89830B068A865214690
:10010000A8462BB133689B89013313FB04F4A1B2D9
:1001100007F050FC2F4B984281467FF464AF37467E
:100120000FCF2D4C0FC43B68236000276F623368EC
:10013000002B3FD00FCB261D86E80F00EB6BAE6285
:10014000A5F84C70B3B3BFF35B8F58E8003F48E8A5
:100150000072002AF9D1BFF35B8F95F89810E9B9C6
:10016000E86B1E4E1E4A4FF40047E0FB0761002378
:100170003046E0F741FE0022CDE90001002304F102
:1001800028000CF019F917484FF0FF324FF0FF33F9
:1001900009F0CCFF00B168626C6A26E707F060FCEA
:1001A0004845F0D06FF00403A4F124006B6210F016
:1001B000BAFAE8E7FFF722FEE5E76FF00B0414E771
:1001C00024060020200600203DFE010087B1030028
:1001D000188B03000000AD0B480600203F420F00C3
:1001E00040420F003406002037B50C460A490B4A3E
:1001F000411A40230093491105462346084810F050
:1002000094FA011E05DA2846234603B0BDE83040C3
:10021000184703B030BD00BF94530020930703007C
:10022000781D0300C9B2012908B508D90849094851
:100230007F220FF04EFA06487F210FF041FA036942
:100240000C2201FB0233986C00F0070008BD00BFD0
:10025000C4B10300188B030070B5C9B2012903694A
:100260000AD91849184840F2D1120FF032FA15484D
:1002700040F2D1110FF024FAEFF31185402484F3FA
:100280001288BFF36F8F0C2606FB0134A46C14F0A8
:10029000C00408D0A24206D085F31188BFF36F8F47
:1002A0004FF0FF3070BD71430B4401229A6485F317
:1002B0001188BFF36F8F43680B445B689847002039
:1002C000F0E700BFC4B10300188B030070B50D4602
:1002D0000649411A0446491105484022FFF7BCFF70
:1002E0002B4601462046BDE8704018479453002035
:1002F000781D0300002270B5012104461046FCF76A
:10030000D7FD0F4805F032FA0E4B984215D105F093
:100310003DFA26690C4930460FF051FB00280BDBF3
:100320000125B5642469084904F120000FF047FB5A
:10033000002801DB6565002070BD6FF00400FBE75D
:10034000010402000000AD0BD82F03001FB50022EE
:100350000123CDE90223094ACDF800D06B46CDF840
:1003600004D010F00FFA002805DB4FF48042002380
:10037000684609F0DBFE05B05DF804FBAB0703003F
:1003800010B5EFF31184402383F31288BFF36F8F0E
:10039000074A136823F00201DB07116002D4012031
:1003A00005F086FA84F31188BFF36F8F10BD00BF8C
:1003B000EC53002030B4104B0C2202FB00330146FA
:1003C0000020D3E910521864EFF31180402484F325
:1003D0001288BFF36F8F9C6C04F0C00444F00204D9
:1003E0009C6480F31188BFF36F8F1DB12B460348C7
:1003F00030BC184730BC704794530020781D030070
:10040000012808B506D0032808D090B90E4B9B6C84
:100410005B0717D1BDE80840FFF7CCBF0B490C487C
:100420004FF43D720FF055F94FF43D7107480FF04E
:1004300047F9064906484FF441720FF04AF94FF464
:100440004171F3E708BD00BF94530020C4B103001D
:10045000188B030010B4EFF31182402383F312884A
:10046000BFF36F8F1848016841F002040460C807A9
:1004700008D482F31188BFF36F8F01205DF8044B1D
:1004800005F0ACB94FF08041D1F80C04D1F80C1450
:10049000C907EED5EFF3118083F31288BFF36F8F96
:1004A0000A498B6C03F0C00343F002038B6480F3B2
:1004B0001188BFF36F8F82F31188BFF36F8F002015
:1004C0005DF8044BFFF776BFEC53002094530020F7
:1004D000024BC0B203EB4010704700BF94530020A2
:1004E000F8B53349BFF35B8F0646012251E8003F60
:1004F00041E800200028F9D1BFF35B8F9BB92D495B
:100500002D484B60CB608A60F8F7A0FB00280ADA20
:100510002A492B484FF429720FF0DBF84FF4297168
:1005200026480FF0CDF806B3731E012B37D811F013
:100530003FFA0446D0B9234B1B78BBB14FF0804340
:100540000222C3F8082305464FF08047D7F8182445
:10055000D7F81834D20312D59B0701D0012E0ED143
:10056000BCB185F31188BFF36F8FF8BDEFF3118530
:10057000402383F31288BFF36F8F0124E4E71CB19B
:1005800028460FF0E4FFE1E7002121200BF0CCF832
:10059000DCE74FF080430222C3F80423E5E7074974
:1005A000074840F2B6220FF094F840F2B621B7E7C0
:1005B0009053002080530020B4530020C4B10300A6
:1005C000188B0300E062002010B5044C2046F7F7BA
:1005D00089FD2046FCF7B0FF002010BDE1050200B8
:1005E00073B5104E8DF807000446032501220DF166
:1005F0000701002008F0F6FE20B1012333702046E9
:1006000002B070BD3378002BF9D0013D08D011F055
:10061000CFF90028EAD1002142200BF085F8E5E768
:100620003570ECE7035C0020024883685B6A03B125
:1006300018477047E41D03000146024883685B6861
:10064000184700BFE41D030008B5074811F00DF975
:1006500038B10648FCF770FF0448F7F743FD002067
:1006600008BD6FF01200FBE7E41D0300D50703008F
:1006700038B504460D460820FFF7DEFF3DB92020BF
:10068000FFF7DAFFBDE838400820FFF7D5BF0A487A
:100690000EF0ACFF2544EDB2607804F8010BFFF7D3
:1006A000CBFFE3B2AB42F7D12020FFF7C5FFBDE897
:1006B000384002480EF09ABF2AB203002EB203005F
:1006C0002DE9F74F9C4F9D4ED7F80880D8F83C3065
:1006D000BBB138469847002813DDD8F8383083B1CD
:1006E0003846984700280CDDD8F82C304BB13846F6
:1006F0009847002805DBE9D0D8F8103023B9FFF778
:1007000093FF03B0BDE8F08F01220DF107013846D9
:1007100098470028F3DB336893B3BFF35B8F884CB3
:100720002368BFF35B8F13F0020F234600F0D680DF
:100730009DF80750D6F80090BFF35B8F53E8002F69
:1007400022F0040143E800100028F7D1BFF35B8FCB
:1007500050072AD57B4BDFF8F8A15B5D13F0040F3F
:1007600018D10123CAF80030482D5CD8422D5CD93D
:10077000433D052D59D8DFE805F076655894588536
:10078000714B18680022002309F0F6FB3060002846
:10079000C3D1B6E70821204610F00DF86B4B303D71
:1007A0000022CAF800501A6090E7BFF35B8F2368FD
:1007B000BFF35B8F1907D7D5624B5B5D5A0710D526
:1007C000BFF35B8F2368BFF35B8F13F0100F14BF71
:1007D0005E4A5F4A13680A2101FB0353303B1360F2
:1007E00074E73B2D18D0BFF35B8F54E8003F23F034
:1007F000080344E80032002AF7D1BFF35B8FBFF350
:100800005B8F54E8003F23F0100344E80032002AD5
:10081000F7D1BFF35B8FA7E7102120460FF0CBFF86
:10082000C306E0D452E77E2D44D0BFF35B8F54E87B
:10083000003F23F0020344E80032002AF7D1BFF35F
:100840005B8F43E74348424A037811688B42ECD3FD
:10085000414D2A785B1A52FA81F203703F482A70A0
:100860000EF0C4FEE1E73C48394B027819688A4231
:10087000DBD3CBB2D21A0270364A1078034413701D
:100880003748EDE7334D29780029CED033480EF0B4
:10089000ADFE314A137829780B44137000232B7076
:1008A000C3E72D4D29780029BFD02D480EF09EFEBC
:1008B000284AEFE7284D2B78002BB6D02848012195
:1008C0000EF094FE234A2978107809F105090139C0
:1008D000C9B248442970FFF7CBFEA6E7BFF35B8F90
:1008E00054E8003F23F0010244E800210029F7D139
:1008F000BFF35B8F13F0010F9DF807500BD05B2DFA
:100900007FF4E4AE022120460FF055FF042120467B
:100910000FF051FFDAE60B4B5B5D13F0970F6CD1D4
:100920000D2D1FD8072D2ED9083D052D2BD8DFE81A
:1009300005F01D53342A2A38E41D0300F05300202B
:10094000FC5300203EC6030008540020F45300204E
:10095000F8530020065C0020055C002032B2030042
:1009600038B203001B2D13D07F2D0CD13B4A1378D6
:100970004BB1013BDBB213703068394A0533117853
:100980001844FFF775FE374B9DF807201A709DE657
:10099000012120460FF00FFFF5E7324B1B780D2B9E
:1009A000F1D0DFF8B8902E4D99F8001033682A780E
:1009B0000B44134400245C710D20FFF73DFE0A2018
:1009C000FFF73AFE284B3168186889F800402C7010
:1009D00010F0B5FF3460D6E7244B1B68002BD2D053
:1009E0001F4A1278002ACED11C4C3068217805307D
:1009F0009847237818442070C5E7194A174B147894
:100A000093F800B004EB0B02FE2ABCDCD6F800A081
:100A10000BF1010228461A70FFF70EFE0AEB0B03DA
:100A20000CB95D71AFE793F8059011485D710EF058
:100A3000DDFD0BF1060B013CDA44E4B2013C484613
:100A4000E4B2FFF7F9FD4B46FF2C9AF800900AF844
:100A5000013BF3D107480EF0C9FD94E7065C002086
:100A6000055C0020045C0020045400200054002099
:100A70002AB203002EB20300164B73B51860164B52
:100A80001960164B1A60FFF7CFFD154DAC68A369CE
:100A90000BB128469847236C1BB11249104800221D
:100AA00098470F4EE36A23B9AB681B6A73B902B06B
:100AB00070BD304698470028F6DD2369002BF1D041
:100AC00001220DF1070130469847EBE704489847AB
:100AD000EDE700BF0854002004540020005400201B
:100AE000E41D0300C106020000F1744000F5A600F9
:100AF0000A289ABF024B33F910006FF00F007047BD
:100B0000F0400300024B0B6001231360704700BFED
:100B10008830030000487047FC2F030073B50D4672
:100B2000416829B3D1E9001384681CB3D4E90024D7
:100B30000CB303B39C4217D15C1C092C06781DD959
:100B40000820F9F75BF848B1174BC461C0E90536D6
:100B500004230374002343748374C3741349002370
:100B60004FF402520FF063FA6FF0150002B070BD3F
:100B70000B46D9E7224601331C44DEE740F201135D
:100B8000ADF80230684600238DF800608DF8014012
:100B90008DF804308DF8055006F0FCF902B0BDE880
:100BA0007040FFF7A1BF00BF3EB20300B4260300B0
:100BB0000268154BFF2A08BF4FF0FF32C3F8242507
:100BC0004268FF2A08BF4FF0FF32C3F82825826829
:100BD000FF2A08BF4FF0FF32C3F83025C268FF2A52
:100BE00008BF4FF0FF32C3F834250269FF2A08BF5F
:100BF0004FF0FF32C3F838254269FF2A08BF4FF093
:100C0000FF32C3F83C2570470090024030B5224DBA
:100C10000FCD91B00AAC0FC495E8030084E803003F
:100C20000024CDE90144AB238DF804301B4B039421
:100C3000D3F82425D2B20492D3F82825D2B2059253
:100C4000D3F83025D2B20692D3F83425D2B2079227
:100C5000D3F83825D2B20892D3F83C350AA8DBB2D3
:100C60000993FFF7A5FF012006F088FA014604A8C2
:100C7000FFF79EFF0A4B99420BD1214601A8FFF7CF
:100C80004DFF002803DB232010F0EBFD204611B0C0
:100C900030BD6FF00400FAE7DC270300009002404B
:100CA0000000AD0B054B994206D14FF0FF324FF0DB
:100CB000FF33103009F03ABA704700BF0000AD0BA7
:100CC0002DE9F04F8BB0436800AF05460021586B0B
:100CD0000FF000FE041E63DB002201212920FCF737
:100CE000E7F8D5F804902A696649484606F026F9DF
:100CF000FFF7FAFE041E4EDBFFF788FF041E4ADBF7
:100D00004FF000089F2307F1100A4FF0030B07F183
:100D10001406C7E906B8C7F814A0C7F820803B77C7
:100D20007E62414607F11C00FFF7F8FE041E32DB2D
:100D30005A46514609F1300010F0EBFE0446A0B3CC
:100D40003B7C97F811B097F812A099F8306099F8A9
:100D5000315099F832407B600E20F8F74FFF90B188
:100D60007B68494A4261C0E909A6C0E90B54C0E961
:100D7000073B464A82610923037480F8118080F89A
:100D8000128080F813804249002344F640020FF09D
:100D90004EF96FF0120406F035FA08B106F010FAB9
:100DA00020462C37BD46BDE8F08F6A68537F023B72
:100DB000012B25D992F81C80A8F10208B8F1020F86
:100DC0008CBF4FF000084FF001080FF053FD051ED7
:100DD00019DA0820F8F712FF50B12E4B43612E4B61
:100DE000C0E9063504230374002343748374C37479
:100DF000274900234FF401520FF019F92C46CAE796
:100E00004FF00108E1E7EAB2C5F38015A845C2D06A
:100E1000002382F040020121BB813A7307F10C02EA
:100E2000C7E906137A617B6239773E6207F11C00DD
:100E3000FFF774FE041E07D10FF01CFD041E04DB37
:100E400014F00104F8D1A6E7A5DA144A144B6D4654
:100E50008AB0B8F1000F18BF13466A4611495161B4
:100E60000D491462C2E9061340F2013393840E4B1C
:100E700042F8103F064800234FF43151F9F79EF82D
:100E8000AD4688E76908030061B203001DB40300A2
:100E9000B426030097B203000EB40300ED4603002E
:100EA00063510300ABB2030005000001F0B585B04B
:100EB00005460C460FF05CF90646002842D1286929
:100EC0000FF017FD4CB1012C24D06FF08504286978
:100ED00009F0C8F8204605B0F0BD6E6806F0CAF803
:100EE0001A4B984228D1B923214601A8CDE90144E3
:100EF00003948DF80430FFF711FE041EE7DB0A208F
:100F000010F0AFFC06F0ECF8706B01210FF0E2FC82
:100F10000446DCE76F683146786B0FF0DBFC041E9B
:100F2000D5DB2A690A49384606F008F8074B98428B
:100F300005D1FFF76BFEEBE76FF00F04C7E76FF02B
:100F40000404C4E76FF00F04C4E700BF0000AD0B5A
:100F5000690803002DE9F3470E46074641681D4620
:100F600090461AB313B3042B01D9AB071ED116F068
:100F700003041BD1002E03DBCA6A731993421BD9E9
:100F80000A20F8F73BFE58B13F4B43613F4B0562E7
:100F9000C0E9063605230374002343748374C374C5
:100FA0003B4900234FF421520FF041F86FF0150434
:100FB000204602B0BDE8F08738460FF0A0FC20467E
:100FC0000FF073FC044630B101200FF06EFC384680
:100FD0000FF0B0FCECE7032D1ED8042132460DEBD8
:100FE000010010F0D6FA044601463869FFF75AFEB0
:100FF000284B9C4235D12A46414601A810F099FD64
:10100000042132460DEB010010F0C0FA04460146FF
:101010003869FFF747FE24E008F06043B3F1005F52
:1010200002D118F0030F2BD0DFF868A0042DA946D9
:1010300028BF4FF004094A46414601A810F079FD47
:101040003246494601A810F0A1FA04460146386923
:10105000FFF728FE544504D1B5EB0905C8444E44BA
:10106000E4D12046FFF740FD044601200FF01DFCAF
:10107000054638460FF05EFC002C08BF2C4697E76B
:10108000324629464046BFE7C0B2030035B40300EC
:10109000B42603000000AD0B2DE9F04F824685B069
:1010A0000E461C469046FAB1002B00F0A1800029A4
:1010B000426803DBD26ACB1893421AD90A20F8F7A8
:1010C0009DFD58B14B4B43614B4B0462C0E9063662
:1010D00005230374002343748374C37447490023B6
:1010E0004FF421520EF0A3FF6FF0150005B0BDE8DC
:1010F000F08F754205F003050FF001FCA54228BFF3
:101100002546D8F1000303F0030308F0030758BF96
:101110005F427F4207F00307A74228BF2746631BB1
:10112000E41B24F0030423F00309A145C8BFA14632
:1011300003F0030BC8BFA3EB040BB9F1000F19D0E8
:1011400008EB0703721949461846019310F021FA7B
:1011500004460146DAF81000FFF7A4FD284A94423D
:101160003BD1BD4206D0019B4A46194608EB05001B
:1011700010F0EDFCBDB1C5F10407F21B042102A87B
:1011800010F007FA04460146DAF81000FFF78AFD6E
:101190001B4B9C4221D107F108032A460DEB0301AA
:1011A000404610F0C6FCBBF1000F1FD00821721999
:1011B0004A440DEB010010F0ECF904460146DAF860
:1011C0001000FFF76FFD0E4B9C4206D109EB0500A6
:1011D0005A4602A9404410F0ACFC50460FF0AAFB5E
:1011E000204605B0BDE8F04FFFF77EBC044CF4E7A5
:1011F00018467BE70EB3030027B40300B4260300B0
:101200000000AD0B2DE9F0470C4607464168264625
:10121000C4F30B03154622B96FF015042046BDE850
:10122000F087C2F30B0252EA0308F5D1002C03DB6E
:10123000CA6A6319934216D90A20F8F7DFFC58B13D
:10124000594B4361594B0562C0E9063405230374C9
:10125000002343748374C374554900234FF421520F
:101260000EF0E5FED8E70FF04AFB4046D7F80490B1
:101270000FF01BFB0446002840F08580DFF848A1F2
:10128000D9F82C309D4221D106F024F8A846044616
:1012900038692146FFF706FD54454CD14644A5EB7D
:1012A000080500214FF4A4700AF03EFA0FF0E2FAAC
:1012B000041E5BDB14F00104F3D1002DE0D101200A
:1012C0000FF0F3FA002C08BF04465CE0B5F5803F50
:1012D00009D3B3B253B93146012005F09DFF4FF455
:1012E00080380446D4E7B5F5805F09D3C6F30B0018
:1012F00030B9314605F090FF4FF480580446C7E7F7
:101300000A20F8F77BFC58B12A4B43612A4B05624F
:10131000C0E9063605230374002343748374C37441
:101320002349264C00234FF421520EF080FE23491E
:101330003869FFF7B7FC0A20F8F760FC58B1204B7A
:1013400043611D4B0562C0E9063605230374002383
:1013500043748374C374002315494FF421520EF073
:1013600066FE2046FFF7C0FB0446A8E70A20F8F710
:1013700045FC60B90E4900234FF421520EF057FE90
:1013800001200FF092FA38460FF0D4FA46E70D4BE1
:101390004361094B0562C0E9063605230374002347
:1013A00043748374C374E5E75BB303004FB4030075
:1013B000B4260300A9B3030044B403000400AD0B3A
:1013C000ECB30300CBB303000000AD0B024B0B608A
:1013D00001231360704700BF0C5400200048704781
:1013E0009030030038B505460A200C46F8F706FC95
:1013F00058B10A4B43610A4B0462C0E90635052324
:101400000374002343748374C374064900234FF4A8
:1014100021520EF00CFE6FF0150038BD74B40300BD
:10142000DAB403002C26030010B501221146064849
:10143000064C10F08FFA10F022F8206010F01BF824
:101440006060002010BD00BF145400200C54002028
:101450004FF08042D2F81015D2F8103501F01E017D
:1014600023F01F030B4343F00103C2F81035024B76
:1014700000221A70704700BF075C00204FF08053B5
:10148000D3F83031082B20D14FF08042D2F810151C
:10149000CB071AD5D2F8103501F01E0123F01F0337
:1014A0000B43C2F81035D2F808315BB1D2F81035D1
:1014B00023F01F030B4343F00103C2F810356FF014
:1014C0008B007047024B01221A700020704700BF4A
:1014D000075C00202DE9F0410E4615460FF0CBFFCA
:1014E0002946074630460FF04BFAB046044600281E
:1014F00046D0B6FBF7F307FB136323B9B5FBF7F44C
:1015000007FB1454C4B10A20F8F778FB58B1254BF7
:101510004361254B0562C0E90636052303740023A9
:1015200043748374C374214900234FF421520EF095
:101530007EFD6FF015041DE0AF421BD84FF0FF3267
:101540004FF0FF331A481B4F08F0F0FD0FF093FFE8
:101550000646FFF793FF044678B9404604F0BCFE08
:101560003B780BB1FFF774FFAD1BB044F1D11048CD
:1015700008F078FD2046BDE8F0816FF08B04F6E7B7
:101580000A20F8F73BFB0028CDD00B4B4361064BFC
:101590000562C0E906360523037444748474C47478
:1015A000C1E700BF95B40300F9B403002C26030083
:1015B00014540020075C002074B403002DE9F843A4
:1015C0000E463046194617461C460FF0D9F9054617
:1015D000C8B90A20F8F712FB50B12C4B43612C4BD1
:1015E0000462C0E906360523037445748574C57426
:1015F000284900234FF421520EF019FD6FF0150415
:101600002046BDE8F88346EA040515F0030511D02D
:101610000A20F8F7F3FA0028EAD01F4B43611C4B6D
:101620000462C0E9063605230374002343748374FF
:10163000C374DDE7002CE3D01848DFF868904FF062
:10164000FF324FF0FF3308F071FD24F00304A54290
:1016500005EB060809D1124AD2F80034DB07FBD5A6
:1016600000240E4808F0FEFCCAE7FFF707FF50B958
:101670007959404604F064FE99F800300BB1FFF749
:10168000E7FE0435E3E76FF08B04EAE774B4030088
:10169000E9B403002C260300B8B40300145400205E
:1016A00000E00140075C002010B5036941B91C4906
:1016B0001C483F220EF00DF83F2119480EF000F8AB
:1016C000486830B91649174840220EF002F8402108
:1016D000F3E75868F8B1884219D19C6808685860E7
:1016E000A14200D19860002008602AB15A680A60BF
:1016F0009A68596002B99960002010E0814206D1D1
:101700000868206098688142EDD19C60EBE7044650
:1017100000680028F2D1002AE8D16FF0150010BD52
:101720002DB50300188B030070B545682B6906467C
:10173000B3B11035284604F05DFC044680B901467B
:10174000284604F023FC0B4B98420FD10A4922464D
:10175000284604F0EBFB224605210620FBF7A8FBF8
:1017600030460649BDE870400EF036BD6FF004000B
:1017700070BD00BF0000AD0B911A0200290A0300E2
:1017800008B503685909024613D0012906D103F0B0
:101790001F034FF6FF71D940C80712D40A490B48FE
:1017A00040F2CA320DF095FF074840F2CA310DF001
:1017B00087FF4FF0FF31D940C907EFD54FF0A04068
:1017C00000E00348136008BDFE920300188B03007D
:1017D00000030050F0B54068057B01F01F0444EAA7
:1017E0004514056987B0002D77D0B2F5001F00F1D0
:1017F000100506D1214628460FF01EFE002007B036
:10180000F0BD01AE0027B2F5800F0197776034D1AB
:10181000B3F1007F14BF052304238DF804300023A7
:10182000CDE9046303938368CB40D9073AD4B2F17E
:10183000A07F37D168460094FFF7A2FF009B03F515
:10184000E07350F82330DB072CD46A462146284643
:1018500004F072FB244B98421AD0CDF808D003AAAA
:101860002146284604F02AFA204B984238D101221A
:101870002146284604F0D8FBC0E7B3F1C06F05D07D
:10188000B3F1007F14BF01230223C6E70323C4E79B
:101890006946284604F0C0FB144B9842DDD06FF037
:1018A0000B00ACE76A462146284604F045FB0F4B87
:1018B00098420646D3D19DF80010284604F0A4FBB8
:1018C000B042CCD00A490B4840F2E1120DF001FFC2
:1018D000074840F2E1110DF0F3FE6FF085008EE74E
:1018E0006FF015008BE700BF0400AD0B0000AD0BDF
:1018F00069B50300188B03002DE9F043466840F2F8
:101900000635337BD00687B001F01F0702EA0505D4
:1019100047EA431754BFC2F340130323B5F5837F4F
:1019200014468DF8033044D00FD8062D18D007D8B0
:10193000B5B1022D3FD06FF0150007B0BDE8F083C0
:10194000B5F5807FF7D101250AE040F202229542E9
:1019500033D0B5F5407F32D0B5F5007FEBD102250D
:1019600022032ED5726801238B40C2F808353369F3
:101970007BBB03A80397FFF703FF039B00EB8300E8
:1019800084F48033C3F30043C4F34044D0F8002709
:1019900044EA43049DF8033022F4E16244EA8304FC
:1019A00022F0070244EA05231343C0F80037002061
:1019B000C3E70725D4E70425D2E70525D0E70325AB
:1019C000CEE7630341BF012372688B40C2F80C3538
:1019D000CDE710360DF102023946304604F0ACFA7C
:1019E00014F4403F804616D1394630460FF022FDB0
:1019F000244B9845DBD19DF80210304604F004FBDF
:101A00004045D4D020492148DE220DF062FE1E4818
:101A1000DE210DF055FE01AB4FF0000903AA394657
:101A20003046CDE90439CDE90199CDF80C9004F0A8
:101A300045F9144B98427FF47EAF14F4003315D06F
:101A40009DF803308DF80E3084F48034C4F30044E4
:101A50004B4603AA394630468DF80C508DF80D40A0
:101A600004F0E8F9074B9842C2D064E7CDE90433AB
:101A700003AA0DF1030339463046039304F01EF91F
:101A8000F0E700BF0000AD0B69B50300188B030041
:101A9000420970B5034602D0012A1AD070BD124E19
:101AA000326951680029F9D003F01F0301250C6841
:101AB0009D400029F2D08A682A400ED04B6853B965
:101AC0000A490B4864220DF004FE084864210DF019
:101AD000F7FD084EE4E7304698471CB123682146DD
:101AE0001C46E6E72346FAE7C01D03002DB50300B8
:101AF000188B03009C1D030002780B69012A08D093
:101B0000022A08D04AB9064A1A6203F1100008F006
:101B1000A9BA044AF8E7044AF6E7044AF4E700BF22
:101B20000000AD0B0100AE0B0200AE0B0100AD0BCF
:101B30002DE9F04F89B002AF9346BB600369FB60AB
:101B40004368D3F828A09B8B3B614FF0FF324FF0E6
:101B5000FF3305460C460EF09BFFFB6810337B619C
:101B6000002378690022002608F0E0FA33465E453B
:101B700001D3002342E0207A010700F1978001366B
:101B80005E45D4F800E00BD2820709D4227D80EABA
:101B9000020C0CF0010C02F004025CEA020C08D00A
:101BA00023B90EF06042B2F1005F41D04FF000085F
:101BB00001E04FF001086268396903EB020C8C45C3
:101BC00026D96C468CB0286802A93A4E4E613A4E2E
:101BD0000A62C1E906633B690A46C1E9093040F27D
:101BE00004638B85354B42F8103F002334484FF493
:101BF0007151F8F7E3F96FF01B03A54628467B61A6
:101C00000EF049FF7B691C371846BD46BDE8F08FD2
:101C1000C10706D40AEB030071467B600FF089FF11
:101C20007B6862681A4493B2B8F1000F27D1D3B928
:101C3000D4F80090A3884FF00008BA68217A009287
:101C400028464A4600F09CF8031ED7DB4FF44D723D
:101C50007869002308F06AFA40B1284600F034F8A9
:101C60006FF00403CAE79846D146E6E7FB68154AD9
:101C70001B6A9342F4D1237ADB0702D400230C348D
:101C800075E7CA45FAD123460AE0A8EB0201D868F5
:101C90007B601FFA81F819FA81F10FF04AFF7B6827
:101CA0005A689045A3F10C03EFD2E7E76FF0850384
:101CB000A4E700BFB5B5030084B603000700000128
:101CC000542603000000AD0B73B5446823680DF182
:101CD0000701D3F80855D3F80C650EF040FA9DF8CB
:101CE000073013B9204606F00DFF3146284607F0AD
:101CF0006BFA9DF80710054629B9606A0EF0CEFE12
:101D0000204606F0DBFE044B9D4214BF6FF00F002F
:101D1000002002B070BD00BF0000AD0B10B511F087
:101D20000104436818D1C1F34201012917D00229E7
:101D30001CD00820F7F762FF40B10E4B43610E4BF9
:101D400083610323037444748474C4740B490023B3
:101D50004FF4C2520EF06BF96FF0150005E01B68EE
:101D60004FF0CC72C3F82425002010BD1B684FF043
:101D7000C862F7E7B6B603009EB703005426030017
:101D8000F0B587B0476816460C46122200210DF1C7
:101D900006001D460FF0F5FE0496BE8D029504F078
:101DA00001038DF80430AE42BDF830308DF80530B7
:101DB00019D20A20F7F722FF58B1164B4361164B90
:101DC0000662C0E906350523037400234374837457
:101DD000C374124900234FF421520EF028F96FF01A
:101DE0001B0007B0F0BD84F00202C2F340025201B2
:101DF00001A9384606F00CFF094B984207D00B3377
:101E0000984214BF6FF004006FF00F00E9E7002064
:101E1000E7E700BFCCB6030083B7030054260300F6
:101E20000000AD0BB0B5456800AF2B6A044698477B
:101E3000686A01210EF032FE2346AA6905F1080105
:101E4000284606F0F9FD114B984219D023686C46DC
:101E50008AB06A460E4951610E49C2E9061340F242
:101E6000013313840C4B42F8103F0C4800234FF40D
:101E70001151F8F7A3F86FF00400A546BD46B0BDB8
:101E8000074920460EF0A8F9F8E700BF0000AD0BA7
:101E900017B7030069B703000400000154260300CC
:101EA000E70A030013B50DF1070144680EF057F976
:101EB0009DF8073003F0FD03012B17D00820F7F73A
:101EC0009DFE48B10C4B43610C4B836103230374AB
:101ED000002343748374C374094900234FF4C2522E
:101EE0000EF0A5F86FF00F0002B010BD204606F00E
:101EF0004FFE0020F8E700BF3BB703004DB70300DB
:101F00005426030008B503685909024613D0012975
:101F100006D103F01F034FF6FF71D940C80712D452
:101F20000A490B4840F2CA320DF0D3FB074840F291
:101F3000CA310DF0C5FB4FF0FF31D940C907EFD5CD
:101F40004FF0A04000E00348136008BDFE9203007C
:101F5000188B0300000300502DE9F04FDFF894B117
:101F600085B01546824600EB810840F2FF19D04546
:101F700003D1002005B0BDE8F08FDAF80030580436
:101F8000C3F3C321C3F3080400F1AC80584A1B0E0D
:101F9000575C4C4508BF4FF0FF34222B00F2A58060
:101FA000DFE803F012191F22252B22A3A3A3A33BD2
:101FB00068A3A3A3A3A3A3A3A3A36B818487A3A3C1
:101FC000A38A9194979A9D00C5F80C45621C5ED136
:101FD0000AF1040ACBE7C5F81445631CF8D00026C3
:101FE0005FE0C5F80845F1E7C5F81045F5E7661C60
:101FF000C5F80845ECD0002604E0601CC5F80C4587
:10200000E6D0012603A80394FFF77CFF039B012180
:1020100001FA03F3C0F80C3508E0C5F80845002FB5
:10202000DBD1631CD4D0002631460627DAF8003015
:10203000019303F40040002818BF002103A8009179
:1020400018BF01260394FFF75DFF039C019B0099D5
:1020500000EB8400C3F3412CD0F800473B0243EA75
:102060008C030B4304EA0B04234343EA4603C0F802
:102070000037ADE7C5F80C45D1E7C5F86045611CF0
:10208000DAF80030A4D0C3F30043002BB9D003A882
:102090000394FFF737FF039B012606FA03F3C0F80A
:1020A00008353146C2E7C5F86445E8E7C5F8684534
:1020B000E5E7C5F86C45E2E7C5F82445621C87D022
:1020C00000210126B2E7C5F828457FE7C5F830456D
:1020D000F4E7C5F83445F1E7C5F83845EEE7C5F84B
:1020E0003C4573E76FF0150044E76FF0850041E76A
:1020F000B6B70300F0F8FCFF08B5036859090246BB
:1021000013D0012906D103F01F034FF6FF71D94008
:10211000C80712D40A490B4840F2CA320DF0D9FA66
:10212000074840F2CA310DF0CBFA4FF0FF31D940E9
:10213000C907EFD54FF0A04000E00348136008BD89
:10214000FE920300188B03000003005098B504466C
:1021500000AF002201211C20FAF7AAFE6068236963
:10216000134A00F1080104F06DFB124B984219D09C
:1021700023686C468AB06A460F4951610F49C2E92B
:10218000061340F2013313840D4B42F8103F0D4803
:1021900000234FF41151F7F711FF6FF00F00A54620
:1021A000BD4698BD084920460EF016F8F8E700BF76
:1021B000290B03000000AD0B17B703001EB8030086
:1021C00004000001AC260300550B03002DE9F34188
:1021D000BDF820C046680469032907460D469046AD
:1021E0000CF0010C12D90820F7F708FD50B15F4B35
:1021F00043615F4BC0E90635042303740023437435
:102200008374C37400234FF4015223E0B27F012A88
:102210004FF0010104BF5B084FEA5808A940002BAA
:102220007AD098457BD9226890452CD02079884374
:1022300018D00820F7F7E2FC48B14E4B43614E4BF3
:10224000836103230374002343748374C3740023E2
:102250004FF4C25249490DF0EAFE6FF0150002B08A
:10226000BDE8F0814246B2F5004F45D2C4F8008087
:102270006071D6F800E096F81E80CEF80C05CEF816
:102280000485CEF80825627923FA02F292B24FF063
:10229000010E78688CF00108806A42EAC83220F8A2
:1022A00015205FFA81F8BEF1000F47D1326805F5BD
:1022B000AC7552F82520002A0FDBBCF1000F51D07D
:1022C000B3FA83F35B097BBB01A80192FFF714FF0C
:1022D000019A01239340C0F80C35217921EA0801C5
:1022E000217181B3A379ABBB1023012206F1280130
:1022F000304604F0CDFA2BE0013008284FEA5202B4
:10230000B1D1F7F77BFC00283FF47CAF1C4B436155
:10231000194BC0E906386FE79E461A46B9E74FF0F9
:10232000000E47F6FF72B4E701A80192FFF7E4FE42
:10233000019A01239340C0F80835CEE7237948EA93
:1023400003032371CEE7786804F004FB0123A37133
:10235000002084E70023A371304604F031FB0028FD
:10236000FAD0C1E7003B18BF0123ACE7BEB70300BA
:1023700045B80300D7B703002CB80300AC26030010
:10238000F0B7030008B5064801224FF4805103F06E
:1023900067F904480122042103F062F9002008BD16
:1023A00000F003207C7F0020014B01221A6070475F
:1023B00000C000400C2903690BD15B6A064907483D
:1023C0004B4393FBF0F100FB11331160536000208D
:1023D00070476FF08500704790D0030040420F00B7
:1023E000044B00690022C3F80021D3F8003107F044
:1023F00039BE00BF00C000407FB50569AB6A002B45
:1024000040D0402901D00C293FD105F110064FF0F2
:10241000FF324FF0FF33304607F090FB1C4B019327
:1024200000240323A86A039469460293F6F70EFC7E
:10243000A04208DA174918483D220DF04AF93D211B
:1024400014480DF03DF94FF0FF324FF0FF332846AE
:1024500007F06CFEA86AF6F77DFC002806DA0D4945
:102460000D4842220DF035F94221E9E70B4BD3F834
:1024700008256A6201225A60304607F015FC2046A2
:1024800004B070BD6FF00A00FAE76FF08500F7E75F
:10249000A9230200D3B80300188B030000C000403A
:1024A00010B504690020FEF713F8A06240B9104986
:1024B000104877220DF00DF90D4877210DF000F945
:1024C0004FF0FF32002120460FF044FA04F11000D3
:1024D0000FF022FA002201210C20FAF7E9FC0C206F
:1024E000FAF7B6FC044B0122C3F80423002010BD08
:1024F000D3B80300188B030000C0004010B503469A
:102500000A46006819790469012303FA01F1436856
:102510001B6819420AD10C490C4840F28D620DF03B
:10252000D8F8094840F28D610DF0CAF823681942C5
:1025300018BF82F0010222B18368DB68BDE8104059
:10254000184783681B69F9E7E78A0300188B0300C3
:10255000F7B515464668036942B930493048432209
:102560000DF0B7F82D4843210DF0AAF81F2952D1DC
:10257000B27A1B8C12F02001727918BF1BB22AB3F9
:10258000F279377C042A09BF3268F289926812898D
:1025900009B1013FFFB25A43B079019201A9FDF799
:1025A0003BFB0446A0B9019941FA07F077693FBBAC
:1025B0004FF47A7303FB00F190FBF3F2194B2A609E
:1025C00091FBF3F203FB1211696016E06FF08504D2
:1025D0000820F7F713FB50B1134B4361134BC0E9CD
:1025E000063404230374002343748374C3741049B2
:1025F00000234FF401520DF01AFD204603B0F0BD48
:102600004FEAE07CA0FB0701B269234607FB0C11EF
:10261000DEF7A2FBCCE76FF08504EEE725B90300F7
:10262000188B030040420F0061B9030081BA030018
:102630006C27030070B51F294668056901D0402941
:102640002ED1D5E9060109F06FF830460EF071FB86
:102650000446B0B10820F7F7D1FA50B1124B4361EC
:10266000124BC0E9063404230374002343748374BB
:10267000C3740F4900234FF401520DF0D8FC2046DB
:1026800070BD3068836829465B6898470446002817
:10269000F5D00820F7F7B2FA0028EAD0054BDEE7BC
:1026A0006FF08504EBE700BF73B903007BBA03004A
:1026B0006C2703008CB90300F8B5056946686FF014
:1026C00001024FF0FF33C5E90623074630680FF0DB
:1026D000CCF80446B0B90820F7F790FA40B1354B72
:1026E0004361354B83610323037444748474C4745D
:1026F000324900234FF4C2520DF099FC6FF01204DE
:102700002046F8BDF06950B10FF0AFF8044630B97B
:102710000820F7F773FA0028EAD0294BE0E73046A3
:102720000EF007FB0446A8B10820F7F767FA50B18E
:10273000244B4361204BC0E9063404230374002377
:1027400043748374C3741D4900234FF401520DF088
:102750006EFCD5E7747964B90820F7F74FFAD8B959
:10276000164900234FF401520DF061FC6FF085040F
:10277000C6E732791449012393406B60337C2B7494
:10278000737C6B7405F12003AB600223EB60384669
:10279000BDE8F8400DF020BD0C4B4361064B836152
:1027A0006FF08503C3610423037444748474C47498
:1027B000D6E700BF9DB9030064BA03006C2703008D
:1027C000B2B90300CEB90300D1270200DCB903007F
:1027D0002DE9F84F46680769F06930B1032900F226
:1027E000C880DFE801F0B65F020600242046BDE89D
:1027F000F88F96F82010738C03F03002302AD0E95D
:10280000014706690AD15C495C4840F2E2320CF0AB
:1028100060FF40F2E23158480CF052FF03F006022C
:10282000042A08D15449554840F2E9320CF051FFCE
:1028300040F2E931EFE724680125DA0705FA01F5EE
:1028400054BF43F4B01383F4D013254223F4801211
:1028500008D1494949484FF47F720CF03AFF4FF4D0
:102860007F71D8E73468DB074CBF2C43AC4334603E
:102870003B68984704460028B7D00820F7F7BEF910
:1028800048B13F4B43613F4B8361032303740023F3
:1028900043748374C3743C4900234FF4C2520DF057
:1028A000C6FBA3E7012106F11C00FFF727FE044643
:1028B00098B10820F7F7A2F948B1344B4361314B86
:1028C000836103230374002343748374C3742E4908
:1028D00000234FF4C2520DF0AAFB0FF0DEF8DFF830
:1028E000B8A02B4A80464FF00009706A0D464FF49D
:1028F000004BD4464946E0FB0BC100236046DEF79F
:102900007BFA10EB080045EB0105012875F1000585
:102910001ADB0FF0C2F88046706A1D4A0D46494620
:10292000E0FB0BA100235046DEF766FA6FF00103CF
:1029300010EB080045EB01014FF0FF321B1A62EB70
:102940000101C7E9063151E76FF001034FF0FF3194
:10295000F7E7002106F11C00FFF7D0FD0446002830
:102960003FF443AF0820F7F749F9002893D0094B0B
:1029700088E76FF0850439E7E78A0300188B0300C6
:10298000F2B9030071BA03006C27030019BA0300FF
:1029900040420F003EBA03003F420F002DE9F041D4
:1029A000044647680D460FF003F84FF0400888B919
:1029B0001F4B1B7873B1642660680EF085FAF0B97E
:1029C00001200EF081FC013EF6D10021212008F00B
:1029D000ABFEF0E7EFF311810E4688F31288BFF3E8
:1029E0006F8F60680EF070FAA8B981F31188BFF399
:1029F0006F8FEFE781F31188BFF36F8FE5E7EFF398
:102A000011810E4688F31288BFF36F8F60680EF055
:102A10005BFA0028EED0BB691D70B969012220461F
:102A20000EF036FA86F31188BFF36F8FBDE8F081A0
:102A3000E0620020F8B50022054601210220FAF7E5
:102A400037FA0220FAF704FA6C680121E0680EF008
:102A5000CCFA6B681A682369C2F82435617D237D3E
:102A60000B43A17D0B43C2F86C356E68D6E9004379
:102A700013F0010342D02F6907F10C000EF03BFC6C
:102A80002B4B984216D00820F7F7B8F848B1294BDD
:102A90004361294B836103230374002343748374CC
:102AA000C374264900234FF4C2520DF0C0FA6FF0F0
:102AB0000400F8BD387B04F10C0204F590710EF0AF
:102AC00010FC387B012707FA00F002F0CFFD082345
:102AD000C4F80035B369C4F844350023C4F8483558
:102AE000A760D4F85831002BFBD00023C4F8003580
:102AF00028461349BDE8F8400DF06EBB0822C4F823
:102B00000025B269C4F84425C4F848350123A36000
:102B1000D4F82031002BFBD00023C4F82031D4F8A6
:102B200020310123E3604FF48073C4F80433D8E705
:102B30000000AD0B9DBA0300C0BA030034270300A8
:102B40000910030008B503685909024613D001298A
:102B500006D103F01F034FF6FF71D940C80712D406
:102B60000A490B4840F2CA320CF0B3FD074840F264
:102B7000CA310CF0A5FD4FF0FF31D940C907EFD5A0
:102B80004FF0A04000E00348136008BDFE92030030
:102B9000188B03000003005010B5012303FA01F164
:102BA000436804691B6819420AD10C490C4840F279
:102BB0008D620CF08EFD094840F28D610CF080FDB5
:102BC0002368194218BF82F0010222B18368DB68D2
:102BD000BDE81040184783681B69F9E7E78A0300DE
:102BE000188B03002DE9F84F4568D0F8108000AF2E
:102BF00006460021E86B0EF0C4FA041E20DB296CA7
:102C0000481C38D005F1440000F02AFC10F1130FE5
:102C1000044619D10820F6F7F1FF48B1564B43613D
:102C2000564B836103230374002343748374C3747A
:102C3000534900234FF4C2520DF0F9F96FF012041A
:102C40002046BD46BDE8F88F411D14D10820F6F797
:102C5000D5FF48B14B4B4361484B83610323037459
:102C6000002343748374C374454900234FF4C25254
:102C70000DF0DDF9E4E76B6B9847D8F808504FF09A
:102C80000109D8E9023203EBC2039D4208D3404652
:102C90000EF0C3FA3C4930460DF09EFA0446CFE7E9
:102CA00028680EF0E2FD0346C0B92A682979106849
:102CB0006C468AB06A46354D55611162344D40F21A
:102CC000013191843349C2E9065042F8101F2C4863
:102CD0004FF43151F7F772F9A546AFE72868297923
:102CE000EB8803F03002302AD0E901BAD0F810E0C6
:102CF0000AD12949294840F2E2320CF0EAFC40F2BC
:102D0000E23125480CF0DCFC03F00602042A08D16D
:102D10002149224840F2E9320CF0DBFC40F2E93173
:102D2000EFE7DA0754BF43F4B01483F4D014DBF8B0
:102D3000003009FA01FC1CEA030F24F4801208D1C8
:102D4000154916484FF47F720CF0C3FC4FF47F71A5
:102D5000D7E7DEF80030E4074CBF43EA0C0323EA70
:102D60000C03CEF80030DAF800309847041EFFF666
:102D700067AF083585E700BFF4BA0300F9BC03006C
:102D80000C27030023BB0300A111030044BB030075
:102D9000DCBC030005000001E78A0300188B030078
:102DA0002DE9FF410569D0F80480AA6C2B6D064619
:102DB000002A35D1002B53D0B8F83840686CEF6C3E
:102DC0009C4228BF1C46EB6C53B12A6D42B107F000
:102DD0006042B2F1005F03D0082C6F6E28BF082458
:102DE0006A6CAC651AB1AA6C002A18BF224601921F
:102DF0001BB12B6D002B18BF2346009000226946A3
:102E000040460393029705F0D9FA184B984229D00F
:102E10006FF00401304604B0BDE8F0410EF01FBA77
:102E2000696CEF6CB8F838400846ABB1934228BFE4
:102E300013469C4228BF1C460029C4D001F06043C1
:102E4000B3F1005FBFD0082C28BF0824286E2246AB
:102E50000EF06FFE286EB6E7944228BF1446EBE7EB
:102E60001946D7E704B0BDE8F08100BF0000AD0B04
:102E700010B502780346002A7DD10C69A26D32B9E3
:102E8000606D6FF07301BDE810400EF0E8B9E06CC2
:102E900040B1216D31B1DB6823B1834202D0616E54
:102EA0000EF047FEA36CA26DABB19A4231D9082057
:102EB000F6F7A4FE48B1304B4361304B83610323E6
:102EC0000374002343748374C3742D4900234FF4A7
:102ED000C2520DF0ACF8236DA26DABB19A4231D95C
:102EE0000820F6F78BFE48B1234B4361254B8361E5
:102EF00003230374002343748374C37420490023A1
:102F00004FF4C2520DF093F8606DBDE81040FFF72A
:102F100047BF9B1AA3647BB9636B08336363A36BDE
:102F2000013BA36304F1480204F1380104F13400C9
:102F30000EF014F96064CEE7636C002BCBD0134421
:102F40006364C8E79B1A23657BB9E36B0833E363CB
:102F5000236C013B236404F1500204F1400104F1AD
:102F60003C000EF0FBF8E064CEE7E36C002BCBD026
:102F70001344E364C8E710BD6CBB03003DBD030010
:102F80000C27030027BD03002DE9F04F91B000AFDF
:102F9000C7E9023243687B608B88046980469804E5
:102FA000894642D44FF0FF324FF0FF3304F1100056
:102FB00007F0BCF8C4F80490D8F804B0D8F810A012
:102FC000DBF808303B609AF85D3023B1DAF8003066
:102FD000994500F04A81B9F804C01CF400632BD075
:102FE0000820F6F70BFE48B1834B4361834B8361A6
:102FF00003230374002343748374C3748049002340
:103000004FF4C2520DF013F86FF0850523689B88CA
:1030100013F4005304D1636004F1100007F022F8A8
:1030200028464437BD46BDE8F08FA369002BB9D1CF
:1030300063689942B6D1BFE71CF0010618D06D460F
:103040008AB0D8F800106A466E4850616B48C2E9F1
:10305000060140F2013111846B4942F8101F6848A3
:103060004FF41151F6F7AAFFAD466FF01505CDE705
:103070001CF0080513D00820F6F7C0FD40B1634BE3
:1030800043615E4B83610323037446748674C67484
:103090005B4900234FF4C2520CF0C9FFE5E7CCF3C3
:1030A000451008280ED00820F6F7A8FD0028EFD01C
:1030B000574B4361514B83610323037445748574FB
:1030C000C574E5E7D9F800E0524B9E4505D8F6F700
:1030D00095FD0028DCD0504BEBE70BF10C060FCE32
:1030E00007F118050FC50FCE0FC53B68734528BF04
:1030F00073469E4696E80300484B9E4585E80300CC
:1031000017D2474B9E4514D2464B9E4511D2464B93
:103110009E455DD8454B9E455CD8454B9E455BD84A
:10312000444B9E455AD84449444B454A8E4588BF36
:1031300013461CF0020FFB620CF0040350D0002B6E
:1031400014BF0323022387F83030CCF3001387F831
:103150003130DBF80030D3F80835591C0CD01CF0A6
:10316000020F7B6107F114003ED1FFF7EBFC7A6997
:1031700001239340C0F80C359AF85D302BB15846C6
:1031800005F0BCF800238AF85D3043462D4A07F16C
:103190001801584605F074F82B4B984205465FD04D
:1031A0000820F6F72BFD50B1284B4361134BC0E9C3
:1031B000063504230374002343748374C3741049D5
:1031C00000234FF401520CF032FF6FF004051DE7AD
:1031D0001F4BAEE71F4BACE71F4BAAE71F4BA8E7FF
:1031E000003B18BF0123AEE7FFF7ACFC7A6901236F
:1031F0009340C0F80835BFE78EBB030053BD030002
:103200000C270300ACBB030004000001D2BB030089
:10321000F5BB030047E8010028BC03000048E801B3
:103220000024F40000127A00FF083D007F841E0095
:103230003F420F001FA107008FD0030048E80100A4
:1032400090D00300712E02000000AD0B5DBC0300A6
:1032500000093D0080841E0040420F0020A10700AD
:1032600001238AF85D30CAF80090012384F85C30AD
:103270007B68196C4A1C17D003F1440000F020F958
:10328000743011D10620F6F7B9FC38B15B4B4361BD
:1032900002230374002343748374C37458490023C6
:1032A0004FF484520CF0C3FEFB68002B7AD16363A9
:1032B0000023A36304F1480204F1380104F134004F
:1032C0000DF04CFFBB686064002B73D1E3630023F7
:1032D000236404F1500204F1400104F13C000DF0BC
:1032E0003DFF00252A46E0640121204625630DF0BC
:1032F00073FF4046FFF754FDA06B2A462B468342DE
:1033000060D10023256C1946A94262D19A42264613
:1033100038BF1A464FF4FA5303FB02F556F8203B28
:103320004FF000091B68B5FBF3F54FF4004CC835AE
:10333000494640F2E7304FF47A720023E5FB0C0176
:10334000DDF75AFD02460B46304606F0EFFE024618
:10335000002845D00820F6F751FC58B1294B4361AD
:10336000294B83610323037480F8119080F8129035
:1033700080F81390224900234FF4C2520CF057FEFC
:1033800000257868A56504F0B9FF84F85D506FF0FA
:10339000730140460DF063FF304606F027FF6FF0E3
:1033A000730533E6FB681B686363002B80D0FB6802
:1033B0005B687EE7BB681B68E363002B87D0BB6854
:1033C0005B6885E7616B01EBC301013349680A441F
:1033D00095E7E06B00EBC10001314068034493E7DF
:1033E000256B15F1740FCBD0002D3FF40FAE0146C5
:1033F000D8F810000DF0F0FE08E600BF88BC03000E
:103400000C270300B2BC030007BD030008B5036826
:103410005909024613D0012906D103F01F034FF6C4
:10342000FF71D940C80712D40A490B4840F2CA328A
:103430000CF04FF9074840F2CA310CF041F94FF057
:10344000FF31D940C907EFD54FF0A04000E0034855
:10345000136008BDFE920300188B030000030050A8
:10346000F0B587B001238DF8023002238DF80430C7
:103470006B4403930F4601AB0DF103010024049349
:1034800005460291059402F0C7FD0C4B9842064692
:103490000FD103AA3946284602F010FCB0420BD0E7
:1034A0009DF80310284602F0AFFD6FF0040007B04E
:1034B000F0BD6FF01200FAE72046F8E70000AD0B10
:1034C000F7B50C4605460DF0B9FF00222146064629
:1034D000284602F0A9FD01A80194FFF797FF019B80
:1034E00000EB8302164BD2F800170B4043F00C039D
:1034F000C2F800370DF0C4FE07462B689B59B3B1E4
:103500000026214628460DF097FF01A80194FFF7F9
:103510007DFF019B00EB8300094BD0F8002713408F
:1035200043F00403C0F80037304603B0F0BD0DF09F
:10353000A7FEC01B0628E0D96FF07306E1E700BFC5
:10354000F0F8FCFF70B40E49D1E90034D01AC3186A
:1035500044F1000422F07F46C1E90034A6F50013CF
:10356000B3F5400F09D2074B1B681A0A1B069C19BA
:10357000054B42F10005C3E9004570BC08F0A8BD49
:10358000C02F0020EC540020C82F00200D4B1868DD
:10359000010A0006BFF35F8F0B4BD3F804351818F0
:1035A00041F10001B3F5801F0AD2084BD3E9002393
:1035B000904271EB030303D210F1807041F10001DE
:1035C000704700BFEC54002000100140C82F0020BD
:1035D0002DE9F7432B4CD4F8043399070BD5D4F8D5
:1035E000043143B1284A0023C4F80431D4F804312B
:1035F000136801331360D4F80433DA0323D5BFF31F
:103600005B8F224B53E8002F22F0010143E80010AA
:103610000028F7D1BFF35B8FD30702D4D4F8403131
:103620008BB10025C4F84051D4F84031FFF7AEFF0C
:10363000EFF3108272B6164BD3E90267B042B9417C
:1036400004D282F3108803B0BDE8F0834FF0FF3856
:103650004FF0FF39C3E90289D3E900101D604FF430
:103660008033C4F84833C4F84051D4F8403182F371
:1036700010880029E7D0009032463B46284688470C
:10368000E1E700BF00100140EC540020E4540020AA
:10369000B02F00202DE9F84F4B4DBFF35B8F06464E
:1036A0000F4655E8008F28F0010345E80032002A54
:1036B000F7D1BFF35B8F454C4FF48039C4F80893C2
:1036C000BFF35F8FBFF36F8FFFF760FFB04271EB07
:1036D000070308F0010840D23D4B301A67EB0101A7
:1036E000984271F100014CD23A4BD3E902239F4238
:1036F00008BF96423ED04FF0000CC4F84893C4F87F
:1037000040C126F07F40D4F84031DFF8D8A083468E
:1037100003216FF0020E2BF07F43C4F84035C4F84C
:103720004493D4F80425AEEB02035B4423F07F43BB
:1037300053451FD9D4F840315BB1D4F80425131A8E
:1037400023F07F43B3F5000F14D9C4F840C1D4F877
:10375000403101EB020B0131DDE71F4BBFF35B8F03
:1037600053E8001F41F0010143E80012002AF7D19D
:10377000BFF35B8F174B194A1A60C3E90267002237
:103780005A60B8F1000F1CD0BFF35B8F55E8003FC3
:1037900043F0010345E80032002AF7D1BFF35B8F05
:1037A0004FF48033C4F804330B4BBFF35B8F1B68BB
:1037B000BFF35B8FDB0742BF094B4FF40032C3F806
:1037C0000021BDE8F88F00BFE85400200010014040
:1037D00001008000B02F0020E45400204535020095
:1037E00000E100E0FDFF7F0070B5194C194BC4F8F3
:1037F0000833C4F84833184B00254FF0FF304FF022
:10380000FF31C4F80855C3E902014FF48033C4F80E
:103810000433124B02264FF40032C4F80463012132
:10382000C3F8802111202A46F9F742FB1120F9F74D
:103830000FFB01230A4AA36000212360094813609B
:10384000FFF728FF3046FCF74BFE284670BD00BF4F
:103850000010014003000F00B02F002000E100E045
:10386000E8540020FFFF7F00431C10B50F4C05D02B
:103870008442A8BF0446012CB8BF0124FFF786FE8E
:103880000B4AD2E90031C01AB0F5000F074A0AD23C
:103890002044904228BF1046C018BDE8104041F1B6
:1038A0000001FFF7F7BE1046F6E700BFFFFF7F00FD
:1038B000C02F002008B5FFF769FE024B1B68C01A35
:1038C00008BD00BFC02F002010B5084C0123636065
:1038D0001120F9F7CBFA064BC4F80833C4F8483383
:1038E000044B4FF40032C3F8802110BD001001409A
:1038F00003000F0000E100E008B5F6F70BFA08201E
:10390000F6F77CF948B1094B4361094B8361032306
:103910000374002343748374C374064900234FF473
:10392000C2520CF084FB0020F9F738FE78BD03008A
:103930008DBD03001C2603000B4B0C4A1B7AC2F8FA
:103940001035042B0DD8DFE803F008030C08030042
:10395000074BA0221A6001207047054B4FF4967266
:10396000F8E70020704700BFE85500200010004035
:10397000F8540020044A0023C2E908339362034A42
:10398000C2E9083393627047B4550020885500207F
:10399000054B1B68D3F80423920342BF0022C3F8EF
:1039A0004421D3F844317047540B002008B5084B2C
:1039B0001B6801221A61DCF7C1FBDCF7B9FB01F0DF
:1039C0001FF80320DCF7C0FBBDE80840DCF79EBB16
:1039D000540B002038B500280E490F480F4D40F217
:1039E000044408BF4FF48064DCF796FB38B9DCF779
:1039F00087FB00F0E9FF2B68C3F8004238BD084B95
:103A0000DB7C002B2B680CBF81222822C3F84825C1
:103A1000F1E700BF0C0B0020C8320300540B00205C
:103A2000E8550020EFF31181402383F31288BFF3A0
:103A30006F8F074A936A013B9362536A0133082BE5
:103A400028BF0023536281F31188BFF36F8F704743
:103A5000B45500202DE9F843224BDFF898801A78FE
:103A6000012A81460F4630D198F80030C3F3050291
:103A700003F03F03202B33D81B4B196A53F8213036
:103A80001A70194D19492C6A55F8246030460134D2
:103A900010F8052B0EF04DF8154B86F80190D3F871
:103AA0004835377103F07F03B37098F80130DB437A
:103AB00003F00103F370AB6A082C28BF0024013324
:103AC0002C62AB620120BDE8F883074A116A52F804
:103AD0002120597809B91170D3E75B7C1370D0E7C6
:103AE0000020F0E7E8550020885500209362002070
:103AF00000100040916200201FB5174B93F90A0097
:103B00001B7A013BDBB2032B9CBF144AD25C144BE3
:103B1000DB7C4FF0000188BF0522009103F516639E
:103B200003A9DCF71DFB9DF80D00DCF713FB50B17A
:103B30000C490D4840F281320BF0CBFD094840F2B0
:103B400081310BF0BDFD9DF80C20084BC3F80C250E
:103B500005B05DF804FB00BFE85500207CBE030003
:103B60003C0B0020B3BD0300188B03000010004085
:103B7000837842781B0443EA022302781343C27815
:103B800043EA0253027943EA8253427943EA0263E9
:103B9000827943EA8263C27943EA4273094AC2F8EE
:103BA0001435837A417A1B0443EA0123017A0B43DB
:103BB000C17A43EA0163017B43EA4163C2F81835E5
:103BC000704700BF001000401FB504460D220021C1
:103BD00068460DF0D6FF0A4B00930A4B5B7CE0B2BF
:103BE000013B8DF808008DF809008DF80A30684611
:103BF00001238DF80B30FFF7BBFF04B010BD00BFF1
:103C0000000101003C0B00201FB50023CDF8093056
:103C1000CDF80130CDF8053003238DF802300623AE
:103C20008DF800300C4B5B7C013B8DF80A30202373
:103C30008DF80830094B1B7A012293428DF80B2036
:103C400007D18DF805206846FFF792FF05B05DF8B3
:103C500004FB042BF5D0F6E73C0B0020E8550020D0
:103C6000F8B5634B634F644D3C78644E01221A6093
:103C7000634B5A6A53F8221029600CB3012C42D0CE
:103C800001242B685F4D5A78C5F82C255B785E4A75
:103C9000012707FA03F3DBB2C5F83035D37C40F6D1
:103CA000C41103F516638B426BD9584958484FF439
:103CB000E6620BF00EFD55484FF4E6610BF000FD97
:103CC000544B348008781B689847296833780A7900
:103CD000304662F3010300F8023B11F8052B0DF0AA
:103CE00028FF484B40F21B12C3F800221022C3F8F1
:103CF0000423494BFA891A60484B494A1A60494BD8
:103D000002221A70BCE7CA780023338012B1BC7C4F
:103D100084F001040B7991F800C030785B0003F067
:103D20000603002A08BF43F00103727822F007025D
:103D300013436CF305003070737011F8052B3A488B
:103D40000DF0F7FE2F4B3549364A74B140F21B1087
:103D5000C3F800023048FC89046031480860022141
:103D600011701022C3F804238AE740F21310C3F83D
:103D700000022E480860012111701022C3F80423AC
:103D80007FE7A3F51663C5F8083502F11403BFF306
:103D90005B8F53E8001F21F0010143E80012002A65
:103DA000F7D1BFF35B8FFFF7A7FE214BC5F8046582
:103DB0000222C3F880213846F9F74AF80020C5F8F6
:103DC0000401D5F80431C5F80801D5F80831C5F863
:103DD0001001D5F81031C5F80C012146D5F80C3189
:103DE00000F024FE2046FFF7F5FD124B9F61F8BD61
:103DF000FC540020E8550020E0550020B36200206C
:103E0000B4550020001000403C0B0020D4BD03003E
:103E1000188B0300F054002000550020F4540020BB
:103E2000A5400200D5620020B562002005400200D6
:103E300000E100E000400140684620F007018D46A7
:103E400019B5144BD3F80423D2060BD5D3F810219F
:103E500042B10022C3F81021D3F810310E4B1B6879
:103E600003B198470B4CD4F804331B070BD5D4F897
:103E70000C3143B1084B1B6803B198470023C4F8C9
:103E80000C31D4F80C31F8F795FABDE819408546A5
:103E9000704700BF00100040F4540020684620F036
:103EA00007018D4631B5194B82B01B680193EFF3C2
:103EB0001181402383F31288BFF36F8F144B0022CC
:103EC0001D681A6081F31188BFF36F8F114C23684E
:103ED000ABB1E90703D58DF8002068469847AA07DB
:103EE00005D501238DF800306846236898476B0795
:103EF00005D502238DF80030684623689847F8F707
:103F000059FA02B0BDE8314085467047FC540020A4
:103F100004550020E45500200146C80708B506D521
:103F200031480DF0B1F9314B00BAC3F81C058A07CE
:103F300006D52F480DF0A8F92C4B00BAC3F8200580
:103F40004B070AD52B4829490DF09EF9C1F82405E5
:103F500029480DF099F9C1F828054FF08053D3F89E
:103F60003021082A3ED1D3F83431052B3AD8234AE0
:103F7000D35CBBB31C4B224A5B7C052B1B4BD3F899
:103F80001C15D3F8200518BF4FF07F424140114265
:103F900028D1D3F82415D3F82825C1F30720CBB2B4
:103FA000834214D0C1F30740834210D0B3EB116FAA
:103FB0000DD0D1B28B420AD0C2F307218B4206D07A
:103FC000C2F307418B4202D0B3EB126F0AD1074A0A
:103FD000D2F8743723F0807323F0010343F0807329
:103FE000C2F8743708BD00BF3C0B00200010004031
:103FF000400B0020440B0020480B002080BE030033
:104000000000FFFF10B5DCF793F8154B154C1B684B
:1040100001221A6100F0F4FCDCF778F80021084670
:1040200000F070FD104A1148136843F0010313605B
:10403000A36A3BB90E4B00221A704FF48013C0F8EC
:10404000003110BDFFF7EEFCA36A002BF2D04FF455
:104050008013C0F80031BDE81040FFF701BE00BF7B
:10406000540B0020B45500200455002000E100E06E
:10407000D562002008B5DCF75BF807490748DCF794
:1040800051F8074B1A68D2F8003223F4806323F00A
:104090000403C2F8003208BD0C0B0020E03203001C
:1040A000540B0020F8B501210020244C244D254E4E
:1040B00000F028FD00F0A4FCFFF7DCFF40F2131332
:1040C000C4F800322B680127DF601F4B1A680023F9
:1040D0000D321946284604F0CDFBF37CB189002B44
:1040E0000CBF8122282228468A1A0023394604F070
:1040F000C1FB2B6840F202220025C3F80022C3F85E
:104100004051D3F84021C3F84451D3F8443100F072
:10411000B7FD00F08FFDC4F80C513078D4F80C31A5
:1041200010B90A4B1B689847094BC4F80435094B72
:10413000094A1A60094B03221A70F8BD00100040AA
:10414000540B0020E8550020F8540020F0540020C3
:1041500091620020F4540020C5410200D562002085
:1041600038B50A4C0A4D2368D3F844358133EB60E7
:1041700000F02AFC07492846DBF7CEFF20B9236868
:1041800040F20442C3F8002238BD00BF540B0020A7
:10419000240B00200C0B002008B500F031FCDBF7ED
:1041A000C7FF0320DBF7D0FF054B1A68D2F80032B7
:1041B00023F4806323F00403C2F8003208BD00BF7B
:1041C000540B002070B500F08DFDDBF7B7FFDBF777
:1041D0009DFF4E4B4E4AD3F80C11002943D0D3F823
:1041E0000034D9073FD54B4C4B4D23684B4E43F021
:1041F000010323601268EB899B1A494A013313605B
:10420000B36A0BB1FFF70EFC2B78B3B1454B1A78AC
:10421000920612D05978444B3C4A9B6AD2F82C053E
:10422000072BC1F3410108D800F00700FFF712FC8B
:1042300018B1236843F004032360B26A3B4B12B108
:104240002A7C012A07D13A4A002111704FF48012CA
:10425000C3F8002170BD4FF48012C3F80021BDE8FF
:104260007040FFF7FDBC1368314E324D591E11608E
:104270007BB92A6801211161274AD2890A44284959
:104280000A6024490A6842F002020A603370274B30
:10429000DCE71E4C0023C4F80031D4F8003140F2B2
:1042A0001B13C4F80032244B1A68244B10781B6887
:1042B0009847234BC4F80435224B234A1A60022343
:1042C0003370FFF719FCFFF74BFF00F079FC2B6808
:1042D000D3F84421BAB1D4F85035DBB2092BB9D0A8
:1042E000D4F80041002CB5D1FFF756FF00F0A2FC36
:1042F0000121204600F09AFB0120FFF76BFB134BD6
:1043000001229A61A6E701221A60A3E7001000408B
:104310000055002004550020E8550020B455002029
:10432000FC540020916200208855002000E100E04C
:10433000D5620020540B0020E0550020F0540020EE
:10434000B3620020F4540020A54002000040014068
:1043500038B5214B214C002501201D60F8F786FD62
:104360001420F8F783FD0A20F8F780FDD4F8003216
:10437000C4F800524FF0FF33C4F80833C4F81051AA
:10438000D4F8103101232361D4F81031002BFBD075
:104390000025C4F81051D4F8103100F037FDFFF7B4
:1043A00005FB0F4804F036FA00F05AFDD4F85036F9
:1043B0000C4823F00103C4F850360B4B1D700B4B17
:1043C00029461D70FFF7D6FA20220DF0DAFB084BC4
:1043D0001D605D6038BD00BFF45400200010004037
:1043E000540B0020C2590020D5620020D662002064
:1043F000896200202DE9FF410446002800F0078172
:10440000844F3B780BB1FFF7A3FF834B62681A60C0
:10441000824A234604F110059046186859681446EC
:1044200003C40833AB422246F7D1186820607C4BA6
:104430007C480024202221461C600DF0A2FB7A4B10
:104440007A491C605C60FFF777FA98F8003083B116
:10445000012B01D1764B0B6098F80920754B012A8E
:1044600074D0022A07D07AB9C3F83C25C3F83425A2
:1044700008E0714BEFE74FF6FF70C3F83C05C3F857
:1044800034256E4AC3F838250B6898F81100984710
:10449000684B6B484FF0E732C3F81C254FF04332AE
:1044A000C3F82025674AC3F82425674AC3F828259E
:1044B000FFF760FA654A002311460133082B40F8E4
:1044C000041B01F12501F8D1614962480023013341
:1044D000082B40F8041B01F12501F8D100265E4BA2
:1044E00035460136082E1A601D719D6002F12502C5
:1044F00003F10C03F5D12022002158480DF041FBB7
:10450000574B584A5848019301A9CDE9025504F088
:1045100015F9564B9842044620D100F009FC044698
:10452000002849D03046F5F769FB40B1504B436154
:10453000504B83610323037445748574C5744E49DD
:1045400000234FF4C2520BF072FD31E0FF20C3F89C
:104550003C05C3F8342540F2071293E73046F5F7DF
:104560004DFB48B1454B4361454B4574C0E90634AA
:10457000042303748574C5743F4900234FF401522A
:104580000BF055FD0820F5F739FB48B13D4B436171
:10459000384B836103230374002343748374C3740F
:1045A000354900234FF4C2520BF041FD6FF00D046A
:1045B000204604B0BDE8F08100F024FC324B1D49D8
:1045C0005860D1F8502698F8133022F001021343B6
:1045D000C1F85036012108462246F8F769FC224608
:1045E00002211420F8F764FC224602210A20F8F781
:1045F0005FFC0120F8F72CFC1420F8F729FC0A20B6
:10460000F8F726FC214B1C7001233B70D0E76FF0BC
:104610001504CDE7D6620020E4550020E8550020BF
:1046200004550020C259002089620020F054002067
:10463000093C020000100040C93B020021100100AB
:10464000B4550020E743C323A363E3136161002053
:10465000396000208855002028550020085500208A
:1046600040420F0091390200540B00200000AD0BB6
:104670005FBE030095BE03000C26030008BE0300C6
:1046800086BE030035BE03000C0B0020D56200205F
:10469000024B1878B0FA80F040097047D5620020CC
:1046A0002DE9F041544B1B78002B00F09980002835
:1046B00000F09F8003785A1E1F2A00F294804F4911
:1046C0000A781AB94A7C9A42C0F08D804C4B9A6A9B
:1046D000072A00F28B804278072A00F28A80EFF3E3
:1046E0001185402282F31288BFF36F8F4A7822BB74
:1046F0001C6A53F82440024600F1240652F8047B59
:1047000044F8047BB242F9D11278227046783D4CCD
:10471000A25D013202F00302A2551A6A407853F8F2
:104720002220205C10711A6A0132082A28BF002258
:104730001A629A6A01329A623AE0334C0022A44625
:1047400094F804E0BEF1000F2DD10C2757430CEB79
:10475000070601245CF807703471C6F808E00446C7
:1047600000F1240E54F8048B47F8048B7445F9D1FA
:1047700024783C7090F801E0224F17F80E40013485
:1047800004F0030407F80E400C24624344785CF8FC
:1047900002203C5D147144781C4850F8242092B9E2
:1047A00040F82460C5E70132082A04F10C04C7D19F
:1047B00085F31188BFF36F8F4B780A7C134308D0C1
:1047C0000020BDE8F08110469268002AFBD1866087
:1047D000AFE70F4B1B78002BF2D1FFF741FAEFE761
:1047E0006FF00C00EDE76FF07900EAE76FF00B0077
:1047F000E7E76FF01500E4E7D6620020E8550020F7
:10480000B45500208962002028550020085500205A
:10481000D562002038B5254B1B78002B3CD00028F2
:104820003DD0234CA36A002B3CD0EFF311854023ED
:1048300083F31288BFF36F8F636A54F823301A78BA
:104840000270636A54F823305B784370636A54F8EB
:10485000233093F902308370636A54F823301B7954
:104860000371636A54F82330DB78C370636A54F8C9
:104870002310053005310DF05CF9636A0133082B14
:1048800028BF00236362A36A013BA36285F31188FA
:10489000BFF36F8F002038BD6FF00C00FBE76FF0A7
:1048A0001500F8E76FF03C00F5E700BFD662002086
:1048B0008855002038B5124B1B78F3B1EFF3118502
:1048C000402383F31288BFF36F8F0E4A0023C2E99F
:1048D000083393620C4A0824013C1371936002F17F
:1048E0000C02F9D12022214608480DF04AF985F33F
:1048F0001188BFF36F8F204638BD6FF00C00FBE7C7
:10490000D6620020B455002028550020085500200C
:1049100010B50A4B1B7803F0FF0443B950B1084BA4
:1049200002681A600120FFF7F7FA204610BD6FF009
:104930000F00FBE76FF01500F8E700BFD56200201D
:104940003C0B002010B50A4B1B7803F0FF0443B961
:1049500050B1084B02685A600220FFF7DDFA20468A
:1049600010BD6FF00F00FBE76FF01500F8E700BF18
:10497000D56200203C0B002038B5104B1B780C464C
:1049800003F0FF059BB9A8B1082913D80A460146D0
:104990000B480DF0CEF80B4AFF231474C4F1080441
:1049A000234104209374FFF7B7FA284638BD6FF00F
:1049B0000F00FBE76FF01500F8E700BFD56200209D
:1049C000440B00203C0B0020094B0A491A78D30005
:1049D00003F1804303F5F833C3F810150649C3F813
:1049E000141501239340054AC2F80435704700BFEF
:1049F000D96200201841014000A0004000F00140B1
:104A0000084B09491B7801229A40DB0003F18043DF
:104A100003F5F833C1F808250022C3F81025C3F8C0
:104A200014257047D962002000F00140F0B52B4BEF
:104A30002B4C1B782B4FDA0014442B4A0025C2F86C
:104A40001851D2F81821294A15788000EA00C0B21E
:104A500002F1804202F5F83200F1804000F580500A
:104A6000C2F81075C2F81405214A05F5117042F814
:104A70002040204A20481678F20002F1804202F5D8
:104A8000F8320124C2F8100500F5973000F5847063
:104A9000C2F8140504FA06F604FA05F0304369B1C9
:104AA000164A174E1178CA0002F1804202F5F83218
:104AB0008C40C2F810752043C2F814659B0003F1C6
:104AC000804303F5F8330122D3F80018AA400A43C3
:104AD000C3F80028064BC3F80405F0BDD7620020D8
:104AE00004F001401841014000400140DA6200201A
:104AF00000F00140D862002010110040D96200206F
:104B000000A00040F0B5294B294E1878294B1A789F
:104B1000012404FA02F304FA00F51D4300F51177AD
:104B2000C3004FEAC20C19BB03F1804303F5F8330D
:104B3000C6F80855C3F81015C3F8141546F8271021
:104B40000CF1804303F5F833C3F81015C3F81415BE
:104B5000194B1B789B0003F1804303F5F8330121C7
:104B6000D3F80028814022EA0102C3F80028F0BDF2
:104B7000124A127803F1804303F5F8339440002180
:104B80002C43C6F80845C3F81015C3F814150CF1EA
:104B9000804303F5F83346F82710C3F81015C3F81F
:104BA0001415D30003F18043CCE700BFDA62002084
:104BB00000F00140D8620020D7620020D9620020B6
:104BC000154B164916480022C3F81821D3F818319E
:104BD000144B1B78DA0002F1804202F5F832C2F879
:104BE000101501F5973101F58471C2F814150E4ABC
:104BF0001178CA0002F1804202F5F832C2F81005BD
:104C00000A48C2F81405012202FA03F38A4013434A
:104C1000074AC2F8043570470040014010110040B7
:104C200044A10040D8620020DB6200200010004058
:104C300000F001400F4B1A780F4B1B78012101FA4D
:104C400002F09940D200DB00014302F180420B48A0
:104C500003F1804302F5F83203F5F833C0F8081584
:104C60000021C2F81015C2F81415C3F81015C3F8C6
:104C700014157047D8620020DB62002000F001406C
:104C8000134B14491B781448DA0002F1804202F5F4
:104C9000F832C2F8101501F50F410C31C2F81415A5
:104CA0000E4A1178CA0002F1804202F5F832C2F8C9
:104CB0001005A0F511403038C2F81405012202FA9F
:104CC00003F38A401343064AC2F80435704700BF15
:104CD000DD6200200411004040A10040DC620020A1
:104CE00000F001400F4B1A780F4B1B78012101FA9D
:104CF00002F09940D200DB00014302F180420B48F0
:104D000003F1804302F5F83203F5F833C0F80815D3
:104D10000021C2F81015C2F81415C3F81015C3F815
:104D200014157047DD620020DC62002000F00140B5
:104D300038B52848284D01F033FCA84204463BD141
:104D4000264801F02DFCA842044635D1244801F044
:104D500027FCA84204462FD1224801F021FCA8429A
:104D6000044629D1204801F01BFCA842044623D167
:104D70001E4801F015FCA84204461DD11C4801F054
:104D800029FCA042054622D00820F4F737FF50B195
:104D9000184B4361184BC0E9063504230374002304
:104DA00043748374C374154900234FF401520BF00C
:104DB0003EF96FF0120038BD0820F4F71FFF0028FD
:104DC000F1D00F4B43610C4BC0E90634E5E70020FE
:104DD000F1E700BFDA6200200000AD0BD8620020CE
:104DE000D9620020DD620020DC620020DB6200204E
:104DF000D7620020A2BE030015BF03000C260300EB
:104E0000C8BE030000487047101100400E4B0F4908
:104E10001B780978012202FA01F102FA03F30B432D
:104E20000B49097802FA01F10B430A49097802FAA1
:104E300001F10B43084909788A401343074A43F0BC
:104E40000103C2F808357047DA620020DC620020F6
:104E5000D8620020D9620020DD62002000F001400D
:104E600038B51E4B187801F0A1FB1D4B9842054642
:104E70000AD01C491C4840F235120AF02AFC194895
:104E800040F235110AF01CFC184B187801F08EFB2B
:104E9000A8420446EDD1164B187801F087FBA042DA
:104EA0000546E6D1134B187801F080FBA842044672
:104EB000DFD1114B187801F079FBA0420546D8D11B
:104EC0000E4B187801F072FBA8420446D1D10C4B6E
:104ED000187801F085FBA042CBD138BDDA62002002
:104EE0000000AD0BF0BE0300188B0300D862002059
:104EF000D9620020DD620020DC620020DB6200203D
:104F0000D7620020BAB100EB8202F0EC017AF4EE35
:104F1000E70AF1EE10FAB0EE607AB4EEE70A06D4D2
:104F2000F1EE10FAB4BFB0EE677AB0EE407A82428A
:104F3000A1EC017AE9D170473AB1F0EC017A67EE61
:104F4000807A013AE1EC017AF7D17047DFED3A7AE5
:104F50009FED3A6A3A4A9FED3B7A60EE277A00B5B8
:104F6000F0EEE77AFDEEE76AF0EE002AF8EEE66A88
:104F7000B0EE081A77EEE67AB5EEC00A67EE867AEA
:104F8000F1EE10FAFCEEE76A16EE903AC3F308036E
:104F900006EE903A02EB830E03F1800C9EED016A5F
:104FA000DEED004AF8EE666ACCF3080C02EB8C03E7
:104FB00077EEE67A93ED014AF1EE646AB0EE465A76
:104FC00036EE642A76EEC63A96EEA25A26EE876A46
:104FD000D3ED006AF0EE445AE6EEA25A74EE661A79
:104FE00032EE023A71EEA12A36EE844A67EE655A35
:104FF000D3EE872A27EE455AF0EE433AD4EE073A2D
:10500000E2EE015AA1EE815AE7EEA35AA7EEA25AA8
:1050100026EE877AA7EE856AA7EEA57AE7EE866A7E
:10502000E7EE874AC1ED006A48BFF1EE644AC0ED81
:10503000004A5DF804FB00BF610B363B00000044F2
:10504000F8320300DB0F493CF5EEC00AF1EE10FA2E
:1050500014DC56D4F5EE400AF1EE10FA40F031813E
:10506000B5EEC00AF1EE10FA00F3948040F1298108
:10507000DFEDA87AC0ED007A00207047C0EE207AFC
:10508000F7EE006AF5EEC07AF1EE10FA48BFF1EEE5
:10509000677AF4EEE67A4CBF01230023F1EE10FAB2
:1050A0007BDD86EEA77ADFED9C2A9FED9C3ADFED53
:1050B0009C3A9FED9C4ADFED9C4A9FED9C5ADFEDA8
:1050C0009C5A9FED9C6ADFED9C6ADFED9C7AA7EE0F
:1050D000223AE7EE033AA7EE234AE7EE044AA7EEA8
:1050E000245AE7EE055AA5EE876AE7EE066AE7EE70
:1050F000667A002BBED0F1EE677AC0ED007A002010
:105100007047B5EEC00AF1EE10FA6BDDC0EE207A02
:10511000F7EE006AF5EEC07AF1EE10FA48BFF1EE54
:10512000677AF4EEE67A4CBF01230023F1EE10FA21
:1051300040F39F8086EEA77ADFED772A9FED773ADE
:10514000DFED773A9FED774ADFED774A9FED775AAB
:10515000DFED775A9FED776ADFED776ADFED777ADB
:10516000A7EE223AE7EE033AA7EE234AE7EE044A17
:10517000A7EE245AE7EE055AA7EE256AE7EE066A7F
:10518000E7EE667A0BB1F1EE677A9FED6D7A77EE16
:10519000877A6FE7DFED697A6CE7DFED5F6A9FED95
:1051A0005F7A9FED5F4ADFED5F4A9FED5F5ADFED6B
:1051B0005F5A9FED5F6AA7EEA67ADFED5E6AA7EE03
:1051C000874A9FED5D7AE7EE844AA7EEA45AE7EEA0
:1051D000855AA7EEA56AE7EE866AA7EEA67A67EE7D
:1051E000877A86E702D4DFED567A43E7C0EE207A6D
:1051F000F7EE006AF5EEC07AF1EE10FA48BFF1EE74
:10520000677AF4EEE67A4CBF01230023F1EE10FA40
:105210005ADD86EEA77ADFED402A9FED403ADFEDBA
:10522000403A9FED404ADFED404A9FED405ADFEDA6
:10523000405A9FED406ADFED406ADFED407AA7EE0D
:10524000223AE7EE033AA7EE234AE7EE044AA7EE36
:10525000245AE7EE055AA7EE256AE7EE066AE7EE5E
:10526000667A0BB1F1EE677A9FED357A77EEC77A01
:1052700000E7DFED296A9FED297A9FED294ADFEDEE
:10528000294A9FED295ADFED295A9FED296AA7EE99
:10529000A67ADFED286AA7EE874A9FED277AE7EE28
:1052A000844AA7EEA45AE7EE855AA7EEA56AE7EE70
:1052B000866AA7EEA67A67EE877A002B3FF465AF81
:1052C00061E76FF003007047DFED136A9FED137A1B
:1052D0009FED134ADFED134A9FED135ADFED135A8A
:1052E0009FED136AA7EEA67ADFED126AA7EE874A52
:1052F0009FED117AE7EE844AA7EEA45AE7EE855AAD
:10530000A7EEA56AE7EE866AA7EEA67A67EE877A29
:10531000A7E700BFDB0FC9BFA59204BDE745093E63
:1053200008B732BEEBFCA9BC3C695D3E435690BB5E
:10533000E565AABEC90CC0B70100803FDB0FC93FBD
:10534000DB0F494019B10139A0EC010AFBD17047CC
:105350004FF08053D3F83021082A06D1D3F83431E6
:10536000052B02D8024AD05C70470020704700BF6E
:1053700028BF0300024AD2F80034002BFBD070474C
:1053800000E0014010B54FF08053D3F83021082AD7
:105390004ED14FF080420021C2F80C11C2F810111A
:1053A000C2F8381502F54042D3F80414C2F82015AB
:1053B000D3F80814C2F82415D3F80C14C2F8281531
:1053C000D3F81014C2F82C15D3F81414C2F8301501
:1053D000D3F81814C2F83415D3F81C14C2F84015C9
:1053E000D3F82014C2F84415D3F82414C2F8481591
:1053F000D3F82814C2F84C15D3F82C14C2F8501561
:10540000D3F83014C2F85415D3F83414C2F8601528
:10541000D3F83814C2F86415D3F83C14C2F86815F0
:10542000D3F84014C2F86C15D3F84434C2F8703580
:10543000FFF78EFF18B1414B414AC3F88C26FFF7A6
:1054400087FF18B13F4BFB22C3F81825FFF780FFF9
:1054500070B14FF080414FF08053D1F8E42ED3F873
:10546000583222F00F0203F00F031343C1F8E43E59
:10547000FFF76EFF20B1344B4FF40072C3F84026A3
:105480004FF08053D3F83031082B09D14FF08043CF
:10549000D3F80024D20744BF6FF00102C3F8002400
:1054A0002A4AD2F8883043F47003C2F88830BFF338
:1054B0004F8FBFF36F8F4FF08053D3F83021082AFE
:1054C0000ED1D3F83431052B02D8214AD35C3BB13D
:1054D0004FF01023D3F808224FF08043C3F858252B
:1054E0004FF01023D3F80022002A03DBD3F8043254
:1054F000002B22DA174901234FF01020C1F80435A0
:105500001224FFF737FFC0F80042FFF733FFC0F85F
:105510000442FFF72FFF0023C1F80435FFF72AFFED
:10552000BFF34F8F09490C4BCA6802F4E062134382
:10553000CB60BFF34F8F00BFFDE710BD00500040B0
:105540004881030000F000400090024000ED00E0C0
:1055500022BF030000E001400400FA0530B50468F2
:10556000CCB1BFF35B8FB4FA84F3C3F11F03DBB29A
:1055700001229A4024EA020250E8005FA54204D1C9
:1055800040E8002CBCF1000FF6D1BFF35B8FE6D1F1
:1055900002480B7030BD0248FCE700BF0000AD0BB5
:1055A0000200AD0B10B50368CB40DB0714D4012318
:1055B0008B400268BFF35B8F43EA020150E8004F63
:1055C000944204D140E8001CBCF1000FF6D1BFF3B7
:1055D0005B8FEED1014810BD0148FCE70000AD0B28
:1055E0000400AD0B2DE9F0471F4600F06043B3F116
:1055F000005F164608D017491748DC220AF069F800
:10560000DC2114480AF05CF831B912491248DD2255
:105610000AF05FF8DD21F4E700F160404C1E04441D
:10562000DFF83880050B240BFF234FF0010AA54259
:1056300001D9BDE8F08718F80510994201F00F0074
:10564000894604D0090932460AFA01F1B847013502
:105650004B46ECE72EBF0300188B03006ABF030024
:10566000014BFFF7BFBF00BFCD120300014BC3F8D2
:105670000405704700F00140F7B5044660B1012809
:1056800030D0364936484FF486720AF022F8334853
:105690004FF486710AF014F80C224FF48273022141
:1056A0004FF0804003440244C0F808130026012153
:1056B00011601E608C421B688DF8071008BF0DF149
:1056C000070642F210754FF080478CB3012C14D0BE
:1056D0002449234840F2EE4209F0FBFF214840F202
:1056E000EE41D7E704224FF480730146D8E783B137
:1056F00001200BF0E9FD013D26D0D7F80C3403F46E
:105700008033002EF3D0D7F80C2402F0010232705F
:10571000E3B9154B00225A7116E00BF0D5FD013D9F
:10572000D3D111E083B101200BF0CEFD013D0BD0B0
:10573000D7F8183403F48033002EF3D0D7F81824A8
:1057400002F0030232600BB903B0F0BD9DF8070010
:105750000128E2D0012CF7D1DBE700BFAABF03008C
:10576000188B0300E7BF0300FC550020044B1A7997
:1057700022B9012218609A80024870470248704797
:10578000FC5500200000AD0B0C00AD0B08B50F4B15
:105790001A7952B90E490F484FF4B67209F099FFC1
:1057A0000B484FF4B67109F08BFF1B682BB100203A
:1057B000F7F770FB08B9F7F74BFB4FF08043002277
:1057C000C3F81825044B01221A7008BDFC550020AF
:1057D000AABF0300188B0300DE62002038B5314CED
:1057E000237953B93049314840F2C11209F071FFB1
:1057F00040F2C1112C4809F063FF50B1012846D096
:1058000029492A4840F21D2209F063FF40F21D2178
:10581000F0E74FF08043D3F81814D3F81824CD03E1
:105820001DD5900702D00020FFF726FF4FF08043E0
:105830000022C3F81825022008224FF4827303F1D6
:1058400080430021196002F180421D680125156026
:10585000226802B34FF08043C3F804030CE0D3F88E
:105860001424D107E2D5D3F81C249207DBD1226897
:105870001AB10222C3F8042338BDD3F80421002A48
:10588000FBD00022C3F80421D3F80431F4E700224E
:105890004FF48073D3E71A68002AFCD019601B68A4
:1058A000EAE700BFFC550020AABF0300188B0300E5
:1058B00008B5094B1B7953B90849094840F237220A
:1058C00009F007FF054840F2372109F0F9FEBDE86D
:1058D0000840FFF7D1BE00BFFC550020AABF03005F
:1058E000188B0300F8B54FF080431B4DD3F80443E9
:1058F0000126002704B9F8BDB4FA84F0C0F11F00F6
:10590000830003F580739BB203F1804306FA00F233
:10591000196892B224EA02040029EBD01F601B68C8
:105920004FF08043012AC3F808230CD0022A0ED07E
:105930000A490B484FF46F7209F0CBFE07484FF449
:105940006F7109F0BDFE6B79002BD3D16A712B68A2
:10595000C0B29847CEE700BFFC550020AABF0300A5
:10596000188B0300034A430900F01F00D35C18445E
:10597000C0B270478EC0030008B5026801461046E9
:105980000BF0BBFC50B91049104840F2CA3209F084
:10599000A0FE40F2CA310C4809F092FE02F01F034B
:1059A00052090B600AD0012A0BD00749074840F280
:1059B000D33209F08EFE40F2D331ECE74FF0A04035
:1059C00008BD0348FCE700BFFE920300188B0300EC
:1059D00000030050072808B50AD90749074840F2D4
:1059E000D13209F076FE044840F2D13109F068FE68
:1059F000800000F5807008BD1BC00300188B0300F9
:105A000070B50546FFF7AEFF0C4C08300E4634F873
:105A10001030DA0508D5C3F3432304EBC30228464C
:105A200054F8333052689847A3682BB1E268314686
:105A30002846BDE87040184770BD00BF04560020DE
:105A400008B5FFF78FFF034B083033F81000400B09
:105A500008BD00BF0456002008B5FFF783FF034BC5
:105A6000083033F81000C0F3400008BD0456002091
:105A700008B5FFF777FF044B083033F8100010F03B
:105A80001C0018BF012008BD0456002008B5FFF710
:105A900069FF034B083033F81000C0F3401008BD15
:105AA00004560020034611F0010010B5CCB20DD110
:105AB000A207C4F3400012D5094AD2F82005586065
:105AC000C2F82005003818BF012008E04FF0A041BF
:105AD000D1F820251A60C1F82025002AE8D010BD91
:105AE0000003005010B5FFF73DFF184A083032F8A8
:105AF0001030D9051DD5C3F3432123F4F85322F800
:105B0000103002F10E04002034F8023F13F4807FBD
:105B100003D0C3F3432399420BD001303028F3D193
:105B200000230B4842F83130FFF73CFD094B984207
:105B300000D110BD0849094840F2EB1209F0C9FD37
:105B4000054840F2EB1109F0BBFD00BF04560020F0
:105B50007C5600200000AD0B50C00300188B0300E2
:105B600008B501460BF0C9FB50B91949194840F274
:105B70001E2209F0AEFD40F21E21154809F0A0FDDD
:105B80000846FFF769FF40B11149124840F21F2251
:105B900009F09FFD40F21F21EFE70846FFF768FF7D
:105BA00040B90B490B484FF4087209F092FD4FF4CD
:105BB0000871E2E70846FFF769FF30B10846FFF7D2
:105BC0003FFFBDE80840FFF705BF4FF4BE7008BDBA
:105BD00050C00300188B03002DE9F843002407464A
:105BE000CEB225464FF00108A146B4420DD1124B6A
:105BF000D3F87C2132B10022C3F87C21D3F87C3168
:105C000045F000452846BDE8F8832046FFF7E2FE50
:105C1000A0F58072920808FA02F2174209D000F14A
:105C2000804303F5C043196819B1C3F800901B689D
:105C300015430134E4B2D8E700600040F7B50646EA
:105C40000846FFF78FFE194F00F108050C4637F89C
:105C50001530DB0727D530460BF0C8FB2046FFF791
:105C600015FF40B12046FFF7EBFE316800F5A2704A
:105C7000002341F820302046FFF734FF002301A81D
:105C800027F815300194FFF777FE019B00EB8300A6
:105C9000074BD0F80027134043F00203C0F8003749
:105CA000044803B0F0BD0448FBE700BF04560020E1
:105CB000F0F8FCFF0000AD0B0400AD0B2DE9FF4137
:105CC000164607460846FFF74DFED6F800800D46FB
:105CD0000446B8F1000F1CD008460BF07CFB10BB4B
:105CE000CDE900008DF80E008DF80F0043460DF150
:105CF0000F020DF10E0128460BF011FB494A04F189
:105D0000080132F8113023F0020343F0010322F8B6
:105D10001130736873B3284693F800805968FFF711
:105D20009BFE10B1D9B1404827E03E4A04F1080C6F
:105D300032F81C3023F02003DB04DB0C22F81C308B
:105D400069B1B8F1030FEED871683868496809780D
:105D5000B8F1000F14D101F5A27140F82180314A49
:105D600004F1080132F8113023F01C0343EA8803E0
:105D700022F81130B36863BB2C4804B0BDE8F08151
:105D800000EB810043EA4133D0F810E52EF0030E1A
:105D9000C0F810E53F6807EB810743F02003D7F810
:105DA000100522F81C3020F44F3020F44070C7F862
:105DB00010052802D7F810E500F47C5040EA0840AE
:105DC00040EA0E00C7F8100502EB4100A0F87C5035
:105DD000C5E7D3E900672846FFF784FE002ECBD045
:105DE000104DD5E90023964203D19F4201D10022F4
:105DF00009E00F480DF10F01FFF7B0FB0B4B984284
:105E0000BBD19DF80F2045F8326005EBC203083482
:105E10005F6035F8143043EA422343F4807325F879
:105E20001430A9E7045600200400AD0B0000AD0BB0
:105E30007C5600202DE9FF410C4680462046114645
:105E40001E46FFF78FFD054621B32046FFF704FEEF
:105E500018B92046FFF71AFE10BB2046FFF708FED0
:105E600010B14B78012B1BD001238DF80F3000238C
:105E7000CDE900134A1C8B1C20460DF10F010BF0DD
:105E80004EFA274A05F1080132F8113043F00303B6
:105E900022F81130002E41D02046FFF7DDFD18B961
:105EA000204804B0BDE8F08196F800C0D8F8003072
:105EB0001B4F0CF5A272002143F8221005F10802D5
:105EC00037F8121021F02001C904C90C27F812106C
:105ED00075781DB3D8F80000B67800EB8C002D045F
:105EE000D0F8103523F4991323F4F853C0F8103583
:105EF000230203F47C5305F440353605D0F810E551
:105F00002B4306F4801641EA4C31334341F0200123
:105F100043EA0E0327F81210C0F810350248C0E714
:105F2000045600200400AD0B0000AD0B014BC3E98B
:105F3000021270470456002010B5144652B90E499B
:105F40000E4840F24D3209F0C4FB0B4840F24D318F
:105F500009F0B6FB0846FFF799FD50B10846FFF778
:105F600001FD074B083033F8103006485B0B2370F7
:105F700010BD0548FCE700BF50C00300188B0300AC
:105F8000045600200000AD0B0400AD0BF8B5164E12
:105F900096F88C4005462CBB6022214606F1100085
:105FA0000BF0EFFD2D682746E0B2FFF713FDA0F5DB
:105FB00080739B081F2B08BF2F5004F1010408BFFA
:105FC0002B58082CF0D10023C5F87C3145F307305D
:105FD000D5F87C31F6F73CFF0123044886F88C3075
:105FE000B367F8BD0248FCE7045600200000AD0B83
:105FF0000C00AD0B034B93F88C00003818BF012048
:10600000704700BF045600200079024B03EB80006C
:10601000FFF7C8BA5C0B00200079024B03EB80004D
:10602000FFF79CBA5C0B00202DE9F34105460846BA
:106030000C461646FFF71CFD50B93249324840F273
:10604000534209F046FB40F253412E4809F038FB19
:106050000846FFF71BFD2F6800B30846FFF7FCFC5E
:106060008046D8B90846FFF7EBFC0446FFF7B2FCC0
:1060700047F800803B582B6822B203EB8203D3F829
:10608000102542F00102C3F8102526B12A68012329
:10609000A340C2F8043302B0BDE8F081D7F804335E
:1060A000002BA4BF4FF00043C7F8043346B915498D
:1060B000154840F26D4209F00CFB40F26D41C4E717
:1060C0002046FFF74FFC114B083033F81030C3F374
:1060D0008203042B12D0052B12D001A80194FFF7E4
:1060E0004BFC019BD0F81015D94001F001010231A1
:1060F000204602B0BDE8F0410BF05EB90321F7E79E
:106100000221F5E750C00300188B0300045600205D
:106110002DE9F04F654BD3F80403C0B287B00821D6
:1061200040F00040FFF758FD051E2BDA0023032145
:1061300004A8CDE90433FFF7B5FCDFF880A10DF129
:1061400010084FF000094FF0010B1AF8013B5849B5
:10615000DA0803F007038A5C22FA03F3DA071CD497
:1061600008F10408B9F1000F14D000214FF00040ED
:10617000FFF732FD032104A8FFF794FC0028DCD1CF
:1061800025F00045494E4B4F0124002D78D107B032
:10619000BDE8F08F4FF00109D7E7474B4B44009320
:1061A000D8F800100029DBD0009B91FAA1F11C78EF
:1061B000B1FA81F141EA44142046FFF7D3FB3D4B8D
:1061C0000394083033F81070C80801F0070118F87C
:1061D00000200BFA01F122EA0102BB0808F80020B6
:1061E00003A80193FFF7C8FB039A019B02F5E07235
:1061F000C7F3820650F822205B073746C2F30142FC
:1062000023D539462046D6B2FFF7FAFB03A80394FC
:10621000FFF7B2FB039B03F5E07350F82330C3F3A1
:1062200001439E4207D1002120460BF0C5F83146BC
:1062300020460BF0C1F803A80394FFF79DFB039BD6
:106240000BFA03F3C0F82035AAE7022A0CD1032188
:1062500020460BF0B1F806F00503012BEBD13946CF
:106260002046FFF7CDFBE6E70221204601920BF026
:10627000A3F8032EF3D0019A032ADCD1022EEDE716
:1062800095FAA5F3B3FA83F304FA03F225EA0205BB
:1062900003F5A27207EB430356F82210B3F87C0013
:1062A000C1F30141FFF7ACFB6FE700BF00600040A6
:1062B000003B0300045600209EC003009EC0030064
:1062C000044AD2F80034DB07FBD50160BFF35F8FCF
:1062D000704700BF00E0014008B54FF080531A69D5
:1062E00059694A43904207D21A69B0FBF2F302FBA4
:1062F000130363B10D4818E00D490E4840F2071230
:1063000009F0E7F90A4840F2071109F0D9F90A4BF8
:106310000222C3F80425C3F80805D3F80024D207E5
:10632000FBD500220548C3F8042508BD0A00AD0BC3
:10633000A0C00300188B030000E001400000AD0B7B
:10634000F8B50D46012104460BF07BF850B9114910
:10635000114840F2951209F0BCF940F295110D4830
:1063600009F0AEF914F0030708D00A490A484FF4BF
:10637000CB7209F0AEF94FF4CB71F0E7074E012371
:10638000C6F8043529462046FFF79AFFC6F804757B
:10639000F8BD00BFA0C00300188B030000E001405F
:1063A00010B540B91C491D48752209F092F91A48E8
:1063B000752109F085F91A4C237853BB0278C2F392
:1063C0004003920712D54FF08053D3F83021082AAA
:1063D0000BD1D3F83431052B07D8124AD35C23B143
:1063E0004FF080430122C3F8382601234FF080424A
:1063F000C2F88035037803F00103C2F87835002035
:10640000F6F748FD08B9F6F723FD01230648237087
:1064100010BD0648FCE700BFDCC00300188B03007A
:10642000DF62002019C103000000AD0B0C00AD0BB2
:106430004FF080434FF46072C3F80823014B0022F1
:106440001A6070479456002008B550B908490948A9
:106450004FF4A47209F03DF905484FF4A47109F016
:106460002FF9FFF7E5FF03680BB1034A136008BD7E
:10647000DCC00300188B03009456002010B54FF0C9
:106480008043D3F80443620713D54FF484700AF0B5
:10649000FAFF70B13D4B1B6853B93D493D484FF47D
:1064A000BA7209F016F94FF4BA71394809F008F9CF
:1064B0009847A30612D54FF48A700AF0E4FF68B13A
:1064C000354B1B6843B93249324840F27D1209F01E
:1064D00000F940F27D11E8E700209847600612D5E8
:1064E0004FF48C700AF0CFFF68B12B4B1B6843B997
:1064F000274928484FF4C27209F0EBF84FF4C271F3
:10650000D3E701209847210612D54FF48E700AF088
:10651000BAFF68B1214B1B6843B91D491D4840F2C1
:106520008D1209F0D6F840F28D11BEE70020984791
:10653000E20512D54FF490700AF0A5FF68B1174B31
:106540001B6843B9124913484FF4CA7209F0C1F8E5
:106550004FF4CA71A9E701209847A30514D54FF459
:1065600092700AF090FF78B10C4B1B6843B9084950
:10657000084840F29B1209F0ACF840F29B1194E7F6
:10658000BDE810400220184710BD00BF9C560020F7
:10659000DCC00300188B030098560020945600209E
:1065A00001460148FEF7DABF640B00200123834057
:1065B000C3F3120201462AB1034A0448C2F808355F
:1065C000FEF7F0BF0248704700F00140640B002066
:1065D0000400AD0B01460148FEF7C0BF600B002070
:1065E000C30003F1804303F5F833012201465A60EA
:1065F0000148FEF7D7BF00BF600B002010B552B9AD
:1066000029492A4840F2513209F063F840F25131E9
:10661000254809F055F8136843B92349234840F247
:106620005E3209F056F840F25E31F1E700EB4114BA
:10663000C4F82035938843B91B491C4840F26B329B
:1066400009F047F840F26B31E2E713F4004F08D04D
:10665000154916484FF45C7209F03BF84FF45C7131
:10666000D6E7C4F824359368B3F1807F08D30E4988
:106670000E4840F27A3209F02CF840F27A31C7E73E
:1066800000EB4110C0F82835D368B3F1807F08D300
:106690000549064840F2833209F01BF840F2833185
:1066A000B6E7C0F82C3510BD1FC10300188B0300DE
:1066B00008B503685909024613D0012906D103F031
:1066C0001F034FF6FF71D940C80712D40A490B487F
:1066D00040F2CA3208F0FDFF074840F2CA3108F024
:1066E000EFFF4FF0FF31D940C907EFD54FF0A04081
:1066F00000E00348136008BDFE920300188B0300FE
:106700000003005070B505790A4C14236B43E6185A
:10671000E35833B9006802210AF0E7FE08B101230B
:106720003372142303FB0544207A023818BF01207A
:1067300070BD00BFA05600202DE9F74F0B7F054626
:106740000C4673BBDFF8F8A00E1F01F1100701F132
:106750000C094FF0010856F804BFBBF1FF3F1CD0F5
:106760003B78CDF804B001A8002B3ED0FFF7A0FF86
:10677000019B08FA03F3C0F8083501A8CDF804B06E
:10678000FFF796FF019B00EB8300D0F8003703EA88
:106790000A0343F00303C0F80037B14507F10107CE
:1067A000D9D194F81DC0218B677DA67DA27EE07EA5
:1067B0002B68BCF1000F0BD1D4E9008ED4E902C4E0
:1067C000C3F86085C3F864E5C3F868C5C3F86C45D1
:1067D0000C0412D51849194840F2463208F079FFE6
:1067E000154840F2463108F06BFFFFF761FF019B4F
:1067F00008FA03F3C0F80C35BFE742EA0022C3F8F9
:106800000C75C3F80465C3F80815C3F8102528688B
:106810000023C0F81031D0F81021C0F80831D0F8AA
:106820000821C0F80C31D0F80C3140F3073003B028
:10683000BDE8F04FF6F70CBB1FC10300188B030037
:10684000F0F8FCFF2DE9F04190F804800D4C14267F
:1068500006FB08F6A71997F808C0BCF1000F0ED187
:10686000A2517B6019B10B7F3B74FFF765FF1423C6
:1068700003FB0844044801232372BDE8F081034868
:10688000FBE700BFA05600200000AD0B0C00AD0BD5
:106890002DE9F0411F46037904462B4803EB83069C
:1068A0001546142200EB860602FB03008846037A95
:1068B00053B92649264840F2671208F00AFF40F211
:1068C0006711224808F0FCFE45B9204920484FF4E2
:1068D000B47208F0FEFE4FF4B471F2E70B6803F0F7
:1068E0006043B3F1005F08D01849194840F26912BB
:1068F00008F0EFFE40F26911E3E70A462068002144
:10690000FFF77CFE424620680121FFF777FE2268F0
:1069100005F0010303EB5505C2F81455FA0710D42E
:1069200017F0020203D0002B14BF082204222168B2
:10693000C1F8002220463A463146BDE8F0410AF04F
:10694000FEBD1022F3E700BFA056002051C1030096
:10695000188B030070B5174D0679142303FB0653FB
:1069600004461B7A53B91449144840F2BF1208F088
:10697000B0FE114840F2BF1108F0A2FE03680022E9
:10698000C3F80022036801225A6069B12046FFF76C
:10699000B9FE0028FAD023680022C3F8002514238A
:1069A00003FB065501232B722046BDE87040FFF71C
:1069B000A9BE00BFA056002051C10300188B0300E0
:1069C00008B50B4B0279142101FB02331B7A53B932
:1069D0000849094840F2DD1208F07BFE054840F204
:1069E000DD1108F06DFEBDE80840FFF78BBE00BF6B
:1069F000A056002051C10300188B030010B5B2212E
:106A00001A480AF072FDC106044608D5184BDA6828
:106A1000520704D51A6812B1596801209047A006A0
:106A200008D5134BDA68110704D51A6812B15968F2
:106A300002209047220608D50D4BD86810F01000B0
:106A400003D11A680AB159689047A3070DD5074BBF
:106A50000022C3F80025064B01221A721A6822B1DF
:106A6000BDE8104059680320104710BD00C0014028
:106A7000A056002070B5104D6C6B9CB14FF47A732A
:106A80005C430A23B4FBF3F40C4ED6F8003163B92F
:106A900095F839304BB90A200AF016FC013CF4D1C4
:106AA000074870BD4CF25034EEE795F83930002BB2
:106AB000F6D10448F5E700BFB4560020009002402C
:106AC0000700AD0B0000AD0B094B10B500220124EF
:106AD000C3F80045C3F800211C6038B1FFF7CAFFB6
:106AE000044B984203D1044B83F83840014810BD51
:106AF000009002400000AD0BB456002070B53C4C35
:106B000094F8305045B93B493B487F2208F0E1FDFD
:106B10007F21384808F0D4FD30B936493648802204
:106B200008F0D7FD8021F4E700F06046B6F1005F81
:106B30005AD1860758D1012D05D09D4256D194F8DF
:106B40003850002D52D02D4D022B0BBFC5F810250B
:106B5000C5F80425C5F81405C5F808050CBFC5F827
:106B60001815C5F80C154FF0000684F83960266832
:106B70000CBF08250425BEB994F838306BB11F4B03
:106B800005F1804505F524350022C3F800210123D5
:106B90002B60BDE87040FFF76DBF0120FFF794FF49
:106BA000174B9842EBD170BDA66826B1E0606161D9
:106BB000E2611448F7E7A261104A84F830300123FB
:106BC000A0602161C2F80061C2F8043394F8382053
:106BD00002F0FF0012B9FFF777FFEAE705F1804501
:106BE00005F524352B60E4E70748DCE70748DAE7DA
:106BF000B45600208CC10300188B030000900240A3
:106C00000700AD0B0000AD0B0A00AD0B0B00AD0B88
:106C1000084B9A685A621A699A629A69DA62DA6863
:106C20009A6032B15A691A61DA699A610022DA60AF
:106C300070477047B456002008B543090CD0012BAB
:106C40001ED01449144840F2CA3208F042FD1148DF
:106C500040F2CA3108F034FD4FF0FF33C340DA0789
:106C6000EFD54FF0A04202EB80020C4BD2F80007A8
:106C7000034043EA012343F00203C2F8003708BD92
:106C800000F01F004FF6FF73C340DB07D9D5044A5D
:106C9000E9E700BFFE920300188B0300F0F8FCFF49
:106CA0000003005010B50E4B0238D3F83C26D3F841
:106CB0003836072813D8DFE800F0110F0D0B0A084B
:106CC0000604100EC871100C8871100A48710A7100
:106CD0001A0ECA701A0C8A701A0A4A700B7010BD0C
:106CE00000900240023807281FD8DFE800F029276B
:106CF000251123211F04CB791B068A7943EA02431D
:106D00004A7943EA02230A7913430E4AC2F83C3611
:106D1000CB781B068A7843EA02434A7843EA022387
:106D20000A781343074AC2F8383670470023E4E76D
:106D30000023E5E70023E6E70023EBE70023ECE789
:106D40000023EDE7009002400268154BFF2A08BFC0
:106D50004FF0FF32C3F824254268FF2A08BF4FF0E6
:106D6000FF32C3F828258268FF2A08BF4FF0FF32A0
:106D7000C3F83025C268FF2A08BF4FF0FF32C3F8BE
:106D800034250269FF2A08BF4FF0FF32C3F83825C7
:106D90004269FF2A08BF4FF0FF32C3F83C25704715
:106DA000009002400A4B002283F83820094B012151
:106DB0004FF08050C3F808131961D0F8300108284B
:106DC00008BF5965C3F80025C3F80021704700BF0C
:106DD000B45600200090024030B5194D0FCD8DB053
:106DE00006AC0FC495E8030084E803001549D1F808
:106DF0002435DBB20093D1F82835DBB20193D1F80A
:106E00003035DBB20293D1F83435DBB20393D1F8DD
:106E10003835DBB20493D1F83C3506A8DBB20593D4
:106E2000FFF792FF0023C1F8003101230B60D1F876
:106E30000031002BFBD06846FFF786FF0DB030BD58
:106E4000F42703000090024070B590F82930044602
:106E500013B190F82A206ABB6068FF2864D0A2684A
:106E6000FF2A61D0E268FF2A5ED02269FF2A5BD048
:106E7000D3B90321FFF7E0FEA0680321FFF7DCFE92
:106E8000E0680321FFF7D8FE20690321FFF7D4FE55
:106E90006069FF2802D00321FFF7CEFEA069FF281A
:106EA00002D00321FFF7C8FE94F82A3013B9201D41
:106EB000FFF74AFF1D4E636A73631D4D94F8293036
:106EC00086F83A300123C5F80833FFF785FF2368B9
:106ED000C5F84035A37F617F227F9B0143EAC10350
:106EE0001343E27F43EAC213C5F84435D5F80026C0
:106EF00094F8203022F07F4222F0FF02134394F8EE
:106F0000212043EA026394F8222043EA426394F882
:106F1000232043EA0273C5F80036336813B12920F1
:106F2000F5F796FF034870BD0348FCE7B456002010
:106F3000009002400000AD0B0400AD0B38B550B915
:106F40000F4910484FF4DB7208F0C3FB0C484FF4B4
:106F5000DB7108F0B5FB0C4C94F8305075B9C4E9FE
:106F60000012FFF771FF094B984206D1C4E90255A0
:106F7000012384F8303084F8385038BD0448FCE7E9
:106F80008CC10300188B0300B45600200000AD0B29
:106F90000C00AD0B2DE9F843DFF8D490074699F8C3
:106FA00030008846144650B92B492C484FF40172E2
:106FB00008F08FFB4FF40171274808F081FB01288E
:106FC00048D199F83830264E7BB3264D0123C5F8B9
:106FD0000833FFF701FFB8F1000F2DD14FF0000883
:106FE00089F83980C5F80081BB787A781B0343EAB9
:106FF00002233A781343FA7843EA42333A7943EA70
:1070000082337A7943EAC233C5F83436FFF732FD6A
:10701000B04216D13B7963B90F49104840F236228D
:1070200008F057FB40F23621C6E7FFF74DFDB042AE
:10703000CBD10B48BDE8F88378784146FFF752FE84
:10704000CCE7C5F800811CB178782146FFF72AFE0D
:107050000548EFE70548EDE78CC10300188B0300F6
:107060000700AD0B009002400000AD0B0B00AD0B14
:10707000B45600201FB5144B93F8303053B9134960
:1070800013484FF4337208F024FB10484FF4337167
:1070900008F016FB0F4A02920DF107020023114679
:1070A00002A88DF80730ADF80C30FFF773FF0A4BDC
:1070B000984206D19DF8073013F0010F074B18BF17
:1070C000184605B05DF804FBB45600208CC10300DF
:1070D000188B0300050200010000AD0B0B00AD0B87
:1070E0002DE9F843214E96F8303053B92049214814
:1070F0004FF43B7208F0EDFA1D484FF43B7108F075
:10710000DFFA2920F5F7B2FEFFF74CFE96F83A3089
:1071100033BB194BD3F82405D3F82895D3F8308521
:10712000D3F83475D3F83855D3F83C45C0B20AF0DB
:107130002AFA5FFA89F00AF026FA5FFA88F00AF074
:1071400022FAEDB2F8B20AF01EFAFF2DE4B202D034
:1071500028460AF018FAFF2C02D020460AF013FA4B
:10716000002386F83030BDE8F88300BFB456002015
:107170008CC10300188B03000090024008B50C4B33
:1071800093F8302052B90B490B484FF43F7208F086
:10719000A0FA08484FF43F7108F092FA93F838309B
:1071A0001BB9BDE80840FFF78FBC044808BD00BF0D
:1071B000B45600208CC10300188B03000C00AD0BEB
:1071C00008B50B4B93F8303053B90A490A484FF4CD
:1071D000427208F07EFA07484FF4427108F070FAE4
:1071E000012B03D1FFF7DEFD044808BD0448FCE78E
:1071F000B45600208CC10300188B03000000AD0BB7
:107200000B00AD0B034B93F83000003818BF012082
:10721000704700BFB456002038B5264B93F8304075
:1072200054B92549254840F2313208F052FA224833
:1072300040F2313108F044FA11F0030536D11A68F2
:10724000C2B1012C34D11E4AC2F81C150421C2F867
:10725000200583F8395083F83010C2F80051C2F885
:10726000044393F8383003F0FF00EBB9FFF72CFC30
:10727000144818E0124CC4F81C15C4F8200583F813
:10728000392093F8383043B10023C4F8003101238A
:10729000E360BDE83840FFF7EDBB0120FFF714FCC9
:1072A000094B9842F0D138BDD460E1E70748FAE7CE
:1072B0000748F8E7B45600208CC10300188B030080
:1072C000009002400000AD0B0700AD0B0A00AD0BB3
:1072D0000B00AD0B08B50A4B93F8303053B9094990
:1072E00009484FF4597208F0F4F906484FF45971FF
:1072F00008F0E6F9BDE8084000210220FFF78CBF46
:10730000B45600208CC10300188B030010B5224B2B
:10731000D3F8002192B1214C0022C3F8002194F847
:10732000381094F8302071B90121032A84F83810FC
:1073300005D0042A05D0022A00D1996010BD5960F9
:10734000FCE7D960FAE7032A19D0042A19D0022AE7
:1073500004D1012384F82030FFF75AFCA36813B945
:10736000012384F8303094F8393003F0FF0013B96A
:10737000D4E900319847002384F82030DEE7022367
:10738000E8E7032284F82020D3F81C256262D3F8B2
:10739000203584F82830E1E700900240B456002000
:1073A000054B93F82E00431E012B03D9043818BF58
:1073B0000120704700207047F056002010B5164A93
:1073C00016490020C2F8000591F82F40D2F8043386
:1073D00081F82E400C6823F033030CB143F02303F3
:1073E000C2F81C01D2F81C41C2F81801D2F81841A9
:1073F000C2F80801D2F8082191F83320D00791F89B
:10740000342048BF43F08003D207034A48BF43F00B
:107410004003C2F8003310BD00700040F056002059
:1074200070B50D4A002392F8301001251E4618B998
:107430000BB182F8301070BD90FAA0F3B3FA83F369
:1074400005FA03F40C3302EB430320EA0400DE8068
:1074500021EA04010123EAE7F056002038B540B9DB
:1074600013491448812208F034F98121104808F0AA
:1074700027F9FF2806D90E490E48822208F029F97B
:107480008221F3E70C4B082493F8305001220023AB
:10749000024203D02A4208D00133DBB2013C4FEA5A
:1074A0004202F5D105480B7038BD0548FCE700BF26
:1074B000C8C10300188B0300F05600200000AD0B7C
:1074C0000400AD0B73B50023044601AA0E464FF429
:1074D000807101930AF060F84FF48A7120460AF037
:1074E0005BF84FF48271054620460AF055F820B14A
:1074F0001EB115B1144BD3F8343601AA4FF4847180
:1075000020460AF049F84FF4867120460AF044F804
:107510004FF4887120460AF03FF80C4B234083B1AA
:107520004FF48E75294601AA20460AF035F8291F26
:10753000083589B22046ADB20AF02EF8B5F5AE7F17
:10754000F0D1019802B070BD00700040C0FF3F0054
:107550002DE9F04F93B09A460DF1080C0AAF1C9D2F
:107560003F4B3E46E046002403EB041E0134DEF8A8
:10757000189548F8049B082CDEF81CE546F804EB47
:10758000F2D1D3F8F065D3F8404601944FF0010EE4
:107590000024D3F84496D3F84886C3F8FC4FC3F8C8
:1075A000FCEF2F4B5CF804BB03EB041E0134CEF858
:1075B00018B557F804BBCEF81CB5082CF2D1019CC5
:1075C000C3F84046F6B2274CC3F84496C3F8488641
:1075D000C3F8F065002684F8336084F83460A66050
:1075E0002661256084F83100A683C3F8F015C3F83E
:1075F000F4252DB32322C3F800231A4D184E002181
:10760000012707FA01F303404FEA01121BD102F1EF
:10761000804404F5E044C4F81035C4F8143532440D
:107620000131D2F8184524F0807444EA0363082934
:10763000C2F8183505F10205E3D113B0BDE8F08FAB
:10764000C3F80053D9E702F1804303F5E043EC7F30
:1076500095F81EC0C3F810C5C3F814455346DEE7BD
:1076600000700040F056002010B5C37943B922499C
:107670002248982208F02DF81F48982108F020F899
:10768000C3788278417A1B03120202F4E06203F4A9
:1076900080531343027802F0030213430279120469
:1076A00002F4E02213434278120102F03002134345
:1076B0008279120602F0807213434279120502F4B5
:1076C000801213430A0102F1804202F5E042C2F83F
:1076D00018350B4AC47901F10C0302EB43039C718A
:1076E000007AD871012303FA01F192F830300B438C
:1076F00082F8303010BD00BFC8C10300188B0300F2
:10770000F056002070B51F4D95F82E40002C37D153
:107710000126FF2085F82E60FFF782FE1A4B1B49D9
:10772000C3F80041D3F80021C3F80441D3F8042181
:10773000C3F81041D3F81021C3F81441D3F8143121
:107740001C239A0806FA02F212F0330F1FBF03F14E
:10775000804202F5E242146012681A1F920806FA8B
:1077600002F212F0330F1CBF5C505A5808335C2BE6
:10777000E7D10720F5F76CFB002305482B6070BDAF
:107780000448FCE7F056002000700040FC70004008
:107790000000AD0B0C00AD0B08B5124B93F82E306A
:1077A000024653B9104911484FF4B37207F091FFE4
:1077B0004FF4B3710C4807F083FF40B90A490B48F6
:1077C00040F2671207F085FF40F26711F2E7FFF71A
:1077D000E7FD20B91046FFF747FF054808BD0548FB
:1077E000FCE700BFF0560020C8C10300188B03005F
:1077F0000000AD0B0B00AD0B08B5094B93F82E2024
:1078000052B90849084840F2751207F062FF05486E
:1078100040F2751107F054FF93F8300008BD00BF27
:10782000F0560020C8C10300188B03002DE9F04377
:107830001B4F994697F82E3085B005468846164668
:1078400053B91849184840F28D1207F042FF154805
:1078500040F28D1107F034FFFFF7A2FDE8B90DF1FA
:107860000F012846FFF7FAFD104B9842044610D14D
:10787000331E18BF0123CDF80090324641462846FA
:10788000FFF766FE9DF80F3087F83230022387F845
:107890002E30204605B0BDE8F083054CF9E700BF67
:1078A000F0560020C8C10300188B03000000AD0B88
:1078B0000B00AD0B2DE9FF47364E994696F82E305A
:1078C00080468A46154653B93349344840F2B712C8
:1078D00007F0FFFE40F2B7112F4807F0F1FE42B962
:1078E0002D492E484FF4DC7207F0F3FE4FF4DC71A3
:1078F000F2E7FFF755FD0746002846D10DF10F01CD
:107900004046FFF7ABFD264B9842044639D16B88C1
:1079100033B19DF80F30012B39D8B9F1000F36D0B3
:107920002A786B782AB123B99DF80F1001292ED837
:107930000127CDF8009051464046FFF709FE6B88BD
:10794000184A83B1A3F15001B1F5F66F09D3164976
:10795000124840F2255207F0BCFE134840F2255170
:10796000BBE743F48053C2F8F8359DF80F3086F832
:1079700032302B7986F83530042386F8367086F855
:107980002E30204604B0BDE8F087084CF9E7084CDB
:10799000F7E700BFF0560020C8C10300188B0300B2
:1079A0000000AD0B0070004005C203000B00AD0BE2
:1079B0000300AD0B38B5214B93F82E2052B9204966
:1079C00020484FF4FA7207F084FE1D484FF4FA7114
:1079D00007F076FE1C695CBB00F06044B4F1005F08
:1079E00028D193F83240B1FBF4F504FB15151DBB0B
:1079F0000DB2002D20DD052A05D8032A0AD8022A57
:107A00000DD0114838BD062AFBD1104AC2F82C0609
:107A1000C2F830169A6842B1C3E9040103E08C420F
:107A20000AD1C3E902040A48ECE7C3E90201FAE714
:107A30000848E7E70848E5E70848E3E7F05600208C
:107A4000C8C10300188B03000500AD0B0070004097
:107A50000000AD0B0C00AD0B0A00AD0B0600AD0B2A
:107A60002DE9F3415B4C94F82E2052B95A495B48FA
:107A700040F22D2207F02DFE40F22D21564807F04E
:107A80001FFE012A08D15449544840F22E2207F023
:107A900020FE40F22E21F1E7A368002B00F0978032
:107AA000022A05D0042A30D04D4802B0BDE8F0814A
:107AB0004C4D0126C5F800652168E26849B10321F3
:107AC00084F82E10C5F82C36C5F830262E604648AE
:107AD000EBE7C5F82C36C5F830262E6009F073FDAB
:107AE00008346E6021460220FFF7ECFC0028F9D034
:107AF0003C4B0022C3F80821D3F80811C3F80C212D
:107B0000D3F80C11C3F80025E1E7364D4FF001081A
:107B1000C5F80085276857B1052284F82E20E26851
:107B2000C5F82C36C5F83026C5F80080CFE7A18B04
:107B300094F83220019203EB41030093C5F82C36F0
:107B4000C5F83026C5F8008009F03DFD94F83630C0
:107B50005BBB244D01236B6069460220FFF7B2FC3A
:107B60000028F9D00022C5F80821D5F80831C5F859
:107B70000C21D5F80C31A18B94F832300B44E1681C
:107B80009BB28B42A38321BF184BA283D3E902018E
:107B9000C3E90001134B28BF22614FF000022CBF44
:107BA00011481348C3F800257FE7D5F8F465F6B20D
:107BB00008FA06F6013EBE42CBD9C5F80480002182
:107BC0000420FFF77FFC0028F9D00137F3E70948CC
:107BD0006BE700BFF0560020C8C10300188B0300FC
:107BE0000500AD0B007000400000AD0BF856002002
:107BF0000B00AD0B0200AD0BF8B5324E96F82E100F
:107C0000024651B93049314840F2D12207F061FDB6
:107C10002D4840F2D12107F053FDFFF7C1FB0028AA
:107C20004ED12B4C86F82F10072386F82E300123D7
:107C30007260C4F80035D4F80453C4F80003E3605C
:107C40003AB125F0C00545F03305C4F8005321488A
:107C5000F8BD00211020FFF735FC0028F9D00023E3
:107C6000C4F80431D4F804311B4BC4F82C36012776
:107C70000223C4F83036276009F0A5FCA760002174
:107C80002020FFF71FFC0028F9D0114B0022C3F879
:107C90000421D3F80411C3F80821D3F80811C3F85C
:107CA000002596F82F1086F82E10C3F81C21D3F863
:107CB0001C11C3F81821D3F81821C3F80053C6E7E4
:107CC0000648C5E7F0560020C8C10300188B030022
:107CD000007000400000AD0B085700200B00AD0BFA
:107CE0007FB56249614E3320FFF7ECFB10F0100FB7
:107CF00005460BD05E4B1022C3F80823B218C3F818
:107D00002C260222C3F8302601221A60594CAA06FA
:107D100094F82E300ED5072B554A05D0D2F83436BC
:107D20009BB2E36000232361D2F80433DB0601D564
:107D3000FFF744FBA80718D594F82E30A1680291EC
:107D40000022E1688DF80420062BADF80C1018D045
:107D5000072B35D0032B08D1454BC3F80025022350
:107D600084F82E30236801A89847E9074FD594F886
:107D70002E30033B042B4AD8DFE803F05A4929414F
:107D80005E0094F8353023B1236913B1384B0122DA
:107D90001A60236801A89847374B93E8030086E8E8
:107DA000030000232361A368002BDED1304AC2F810
:107DB0000035042384F82E3005238DF80430D1E7F4
:107DC000FFF7FCFA02238DF804306368CBE7042345
:107DD0008DF8043001A823689847254BD3F8F8257F
:107DE000D20444BF01225A602269062384F82E304F
:107DF0002AB11F4B6169C3F82C26C3F830162369DA
:107E00002BB903238DF8043001A82368984794F810
:107E10002E30072B0AD0164B1848D3F80433002114
:107E20001840FFF74FFB012685094DB904B070BD1E
:107E30000F4B01225A60EAE70D4B01229A60E6E7F8
:107E400095FAA5F3B3FA83F306FA03F225EA0205DD
:107E50005A08DB4303F001038DF809308DF8046004
:107E600023688DF8082001A89847DEE7F85600201F
:107E700000700040F056002000570020C0FF3F0077
:107E800070B54B7F04460D467BB1012343616426E8
:107E900000220221204609F0B3FB20B9012009F09D
:107EA00013FA013EF4D100236B774FF08052D2E9F0
:107EB0004C23082A1BD1052B19D80F4AD35CB3B128
:107EC0004FF0FF320023D4F80805D4F80C15C4F89D
:107ED0000035C4F80825C4F80C250922C4F800258B
:107EE000C4F80035C4F80805C4F80C1570BD0023AB
:107EF000C4F80035FAE700BF75C2030008B503688F
:107F00005909024613D0012906D103F01F034FF689
:107F1000FF71D940C80712D40A490B4840F2CA324F
:107F200007F0D7FB074840F2CA3107F0C9FB4FF012
:107F3000FF31D940C907EFD54FF0A04000E003481A
:107F4000136008BDFE920300188B0300000300506D
:107F50000F4B984219D00DD80E4B984215D007D828
:107F60000D4B984211D00D4BC31A584258417047DF
:107F70000B4BF9E70B4B984207D004D80A4B9842B9
:107F800003D00A4BF0E70A4BEEE70120704700BF31
:107F900080841E0020A1070048E8010090D0030063
:107FA00040420F000024F40000093D0000127A0056
:107FB0000048E801F7B51746421C1C460646089BD8
:107FC0000D4618D0012902D1BBB109F057FB01A819
:107FD0000196FFF793FF019B00EB83002402D0F88A
:107FE0000027074B44EA87042C4313401C4344EA10
:107FF0004504C0F8004703B0F0BD09F04CFBE6E7CC
:10800000F0F8FCFF2DE9F04F91F8213090F804A032
:1080100085B007460C460BB391F8223003934FF01E
:10802000010863697E4A934237D021D87D4A934242
:1080300000F0CB8016D87C4A934200F0C9807B4A7E
:10804000934200F0C8807A497A484FF4BF7207F033
:1080500040FB77484FF4BF7107F032FB984602238C
:108060000393DEE7744A9342EDD14FF0805516E05A
:10807000724A934200F0B28009D8714A934200F0EC
:10808000B080704A9342DED14FF0004507E06E4A5F
:108090009342D8D14FF0A05501E04FF00055DFF8E2
:1080A000AC9194F82300242202FB0A93997F60F399
:1080B000000199773B79217C02FB03939A7F61F35E
:1080C00041029A7794F82360002E32D162695E4BA8
:1080D0009A420CBF4FF0030B4FF0000B237E012B95
:1080E00094BF00230123009320685B4632460121A0
:1080F000FFF760FF009660685B4632460121FFF79C
:1081000059FF0096A27EA0685B463146FFF752FFFA
:10811000237C83F001030093E0685B463246012133
:10812000FFF748FF01210091E0695B463246FFF707
:1081300041FF2423B8F1000F56D003FB0A934FF000
:10814000FF321A62A07C217E627EE66894F810807D
:1081500094F824E094F820C03B68BEF1000F13D1DE
:10816000D4E900BAD4F808E0E469C3F808B5C3F864
:108170000CA5C3F810E5C3F86C45039CC3F814655F
:10818000C3F86885C3F86445003A18BF0122022984
:10819000C3F8C005C3F8245538D0032939D00129C4
:1081A00001D142F00202C3F85425C3F860C53B79FF
:1081B0002422534359F8033073B3386840F307302F
:1081C00005B0BDE8F04FF4F743BE4FF0006566E739
:1081D0004FF0007563E74FF0806560E74FF0206572
:1081E0005DE74FF080455AE703FB0A9AE268CAF858
:1081F0002020227C9AF81E3062F341038AF81E3058
:10820000A07C217E627E4FF0FF36A1E742F004029F
:10821000C9E742F00602C6E705B0BDE8F08F00BF2F
:1082200080841E0020A1070048E8010090D00300D0
:1082300039C20300188B030040420F000024F400F1
:1082400000093D0000127A000048E8012C57002088
:10825000431C07B50ED0019001A8FFF74FFE019B0C
:1082600000EB8300054BD0F80027134043F00203D6
:10827000C0F8003703B05DF804FB00BFF0F8FCFF66
:108280002DE9F84305461F4651B9164916484FF4E3
:10829000167207F01EFA13484FF4167107F010FA21
:1082A0002E79DFF8549024235E4309EB060494F8FA
:1082B0001C80B8F1000F10D14869FFF749FE70B17A
:1082C000284649F806206760FFF79CFE012307480F
:1082D00084F81D802377BDE8F8830548FBE705484F
:1082E000F9E700BF39C20300188B03000000AD0B93
:1082F0000C00AD0B0400AD0B2C5700202DE9F8430A
:108300000679294D24277743EB1904461B7F53B97F
:108310002649274840F2B92207F0DBF9234840F20A
:10832000B92107F0CDF9006840F30730F4F79EFD5E
:10833000EB5953B123681F4AC3F8082306EBC60163
:10834000206805EB8101FFF79BFD2427236807FBCD
:108350000657D3F80805D3F80C85D3F81095BB7FE2
:10836000DB0714D4FFF774FF4846FFF771FF404660
:10837000FFF76EFF386AFFF76BFF2368D3F86C05D1
:10838000D3F81475FFF764FF3846FFF761FF2368E1
:10839000094A934204BF01225A60242303FB065575
:1083A00000232B77BDE8F8832C57002039C2030047
:1083B000188B03005201080000F002402DE9F04F35
:1083C000DFF864820679242303FB068385B01B7FD4
:1083D00083460D46174653B98A498B4840F2AD3261
:1083E00007F077F940F2AD31864807F069F90B687C
:1083F00053B94B6843B18349834840F2AE3207F02A
:1084000068F940F2AE31EFE7D5E902234AB953B13A
:108410007C497D4840F2AF3207F05BF940F2AF3162
:10842000E2E71B0C04D1B5F806A0BAF1000F08D0A2
:10843000744975484FF46C7207F04BF94FF46C7146
:10844000D2E717F008090ED0242303FB06831B6A2A
:10845000013308D06B496C4840F2B33207F039F968
:1084600040F2B331C0E72423734308EB0302517F8A
:10847000002940F0C58058F8033023B117F0140FDD
:1084800004BF0123537795E80F00242404FB0684DE
:1084900004F10C0C8CE80F00206A431C04D0A37F6D
:1084A00099071AD509F0EAF82968DBF8004021B1EC
:1084B00001F06043B3F1005F06D1AB6883B103F014
:1084C0006043B3F1005F0BD0242303FB068300223B
:1084D0004E485A7705B0BDE8F08F09F0DCF8E3E7C5
:1084E0004B4B9C4222D14FF080436A68D3F8000E78
:1084F000484B1860D2B1484821F4FF5323F01F03C2
:1085000083426DD8C3F34F30114401228240434867
:1085100003F5005399424AEA020A4FEA420201D99E
:108520008342F5D34FF08043C3F800AE17F0010348
:1085300018BF0123C4F8503517F0020318BF0123F8
:10854000C4F8403595E80F00EC468CE80F00039B1B
:10855000C4F84405C4F84815C4F83425C4F83835BF
:108560000023C4F81831D4F818310723C4F80035B3
:10857000B9F1000F0FD12423734358F803200123CE
:10858000236142B9D4F81831002BFBD06246402158
:10859000204609F035F82423734358F803302BBBE9
:1085A0001B4B9C4201BF1B4B1A684FF08043C3F822
:1085B000002E242303FB0683186A421C04D09B7FF1
:1085C0009B0710D509F067F8B9F1000F06D106EB4B
:1085D000C60608EB86012046FFF752FC104879E7F3
:1085E0004FF4807A9EE709F049F8EDE717F0040FA1
:1085F0004FF0400314BFC4F80833C4F80433EDE768
:10860000084867E739C20300188B03000A00AD0B66
:1086100000F0024028570020FFFF0020002001202A
:108620000000AD0B0B00AD0B2C57002070B51B4D9F
:108630001B482A46402108F0E3FF70B3194B1A6823
:108640004FF08043A5F10C04C3F8002E55F80C3C04
:1086500053B91549154840F2194207F03AF8124843
:1086600040F2194107F02CF8206A421C04D0A37F85
:108670009B070FD509F00FF8637F1BB10C49084821
:10868000FFF7FEFB002323720A48D4E90031BDE85E
:108690007040184708F0F2FFEEE770BD3857002031
:1086A00000F002402857002039C20300188B030055
:1086B0002C5700203457002070B51D4A0C68B2FBBF
:1086C000F4F304FB13258DBB94422FD85C1E1C4091
:1086D0002CD1B3F5007F29D802684D79D2F8046512
:1086E000097926F0030601F003013143C2F80415AD
:1086F000D2F8081593FAA3F321F0030105F003055E
:10870000B3FA83F32943C2F80815C2F8103500689C
:10871000402300F58072D450D1580433582BFAD13D
:1087200040F30730F4F794FB024870BD0248FCE7C1
:108730000024F4000000AD0B0400AD0BF8B541B906
:108740001E491F487C2206F0C4FF7C211B4806F00E
:10875000B7FF05791B4C0C236B43E618377A5FBBD8
:10876000E2508B68184A7360036893420FD002F599
:10877000805293420BD002F58052934207D002F50B
:108780008032934203D002F58052934202D14B795A
:10879000032B06D909490A48942206F09AFF94212E
:1087A000D4E7FFF789FF0C2303FB0544074BC21AEC
:1087B000534253412372F8BD0548FCE77BC20300D6
:1087C000188B030050570020008000400000AD0BC4
:1087D0000C00AD0B10B50C4B02790C2101FB0232E1
:1087E000127A42B909490A48DB2206F072FF0748AB
:1087F000DB2106F065FF046801222261007901FB9C
:1088000000331A7210BD00BF505700207BC2030016
:10881000188B0300F8B5144D03790C2707FB03539D
:1088200004461B7A43B911491148BC2206F051FF96
:108830000E48BC2106F044FF006840F30730F4F70F
:1088400015FB23680026D3F80022C3F800622368D2
:108850004FF0FF32C3F808232046FFF7BBFF237910
:1088600007FB03552E72F8BD505700207BC2030052
:10887000188B030070B5144C05790C2606FB0544D3
:10888000247A54B9114912484FF4957206F021FF29
:108890000E484FF4957106F013FF4FF480340568CD
:1088A0008C4073B18B0003F5A0730026EE50EB589B
:1088B0000368C3F80443036801F5A87143F8212055
:1088C00070BDC5F80843F6E7505700207BC203008F
:1088D000188B03002DE9F041002540232946012093
:1088E00003F1804202F5214214682CB11160126834
:1088F0009A0800FA02F215430433582BF0D10E4BBC
:108900000E4FD3F80463402406F47C164FF00108A0
:10891000A30808FA03F31E4208D02B4206D03B6896
:1089200023B104F58070796880B298470434502CE4
:10893000EED1BDE8F08100BF00A0004050570020FC
:1089400038B544090CD0012C20D01549154840F207
:10895000CA3206F0BEFE124840F2CA3106F0B0FE3E
:108960004FF0FF34C440E507EFD54FF0A04404EBCF
:1089700080001B02D0F800570B4C43EA82022C40C7
:1089800042EA41012143C0F8001738BD00F01F0042
:108990004FF6FF74C440E407D7D5044CE7E700BFA7
:1089A000FE920300188B0300F0F8FCFF0003005058
:1089B00038B5857B0446CDB9D0E9000398420AD189
:1089C0000B490C4840F2071206F083FE084840F2BB
:1089D000071106F075FE062303222946FFF7B0FFB4
:1089E0006068062303222946FFF7AAFF012038BD4D
:1089F000B8C20300188B030010B4CC7B8A680368EC
:108A00002CB9D1E90041C3F80845C3F80C15C3F8E7
:108A10002425037928225343064AD35833B10068EA
:108A20005DF8044B40F30730F4F712BA5DF8044BDD
:108A3000704700BF5C570020F8B506460D4651B997
:108A40001849194840F21B1206F043FE154840F23F
:108A50001B1106F035FE0079144F282148433C18BD
:108A600094F82210C9B93A50A160636084F82510C7
:108A700084F82410AB7B84F827302846FFF798FF52
:108A800068B16B7B84F8263030462946FFF7B4FF87
:108A90000123074884F82230F8BD0648FCE7064861
:108AA000FAE700BFB8C20300188B03005C57002030
:108AB0000000AD0B0C00AD0B0400AD0B08B50E4B68
:108AC0000279282101FB023393F82220012A0AD0DF
:108AD0000A490B484FF4E17206F0FBFD07484FF4DA
:108AE000E17106F0EDFD02680621C2F800150222D0
:108AF00083F8222008BD00BF5C570020B8C20300E5
:108B0000188B030010B51D4B0479282202FB043298
:108B100092F8221051B91A491A484FF4E77206F038
:108B2000D8FD17484FF4E77106F0CAFD00219160A7
:108B300002681549C2F80813D2F8001221F4BC519A
:108B4000C2F800124FF08051D1F83001082809D145
:108B5000D1F83411052905D80C48415C11B109211F
:108B6000C2F800150021C2F80015282202FB0433C8
:108B7000012283F8222083F8241010BD5C570020C6
:108B8000B8C20300188B030002029C01F4C2030068
:108B9000F8B51C4E0779282505FB0765044695F8AE
:108BA000223053B9184919484FF4D17206F091FD9B
:108BB00015484FF4D17106F083FD006840F307308B
:108BC000F4F754F92046FFF79DFF95F8273093B945
:108BD00095F826507DB92368D3F80805D3F80C45DD
:108BE0002A462B460121FFF7ABFE2B462A460121E0
:108BF0002046FFF7A5FE282303FB0766002386F81F
:108C00002230F8BD5C570020B8C20300188B030067
:108C10002DE9F84F03790E4617463BB94B68B3F57B
:108C2000803F03D28B68B3F5803F0AD3A649A7489B
:108C300040F2B62206F04DFD40F2B621A24806F001
:108C40003FFDA34D95F82230022B08D09E499F4846
:108C50004FF42F7206F03DFD4FF42F71EEE72B68B5
:108C6000B3B90B78022B08D19749984840F2BF223C
:108C700006F02FFD40F2BF21E0E7032B08D1924917
:108C800092484FF4307206F024FD4FF43071D5E76E
:108C90000023046885F82330736833B1F36803F068
:108CA0006043B3F1005F40F07F813378023B012BDA
:108CB00006D8336903F06043B3F1005F40F074817C
:108CC000844BC4F8083395F8243003F0FF013BB11E
:108CD000AB68DFF80482C4F804334046BDE8F88F7F
:108CE00017F0140F0CBF0123002385F824303378CC
:108CF00085F82030737885F82130F268EA6073686F
:108D00002B61D6F810C0C5F814C0B068A861C7F3CD
:108D1000001E85F825E0EF6196F801E0C4F888E5CB
:108D2000C4F86011D4F860E1C4F84811D4F848E1FF
:108D3000C4F82411D4F824E1C4F80411D4F80411BF
:108D400017F0010118BF0121C4F8501517F00201F6
:108D500018BF0121C4F84015317807F0080903292C
:108D600000F2AC80DFE801F08DA37D02F80608D5A3
:108D7000554956484FF40B7206F0ABFC4FF40B719B
:108D80005CE7B9F1000F08D04F49504840F22D225E
:108D900006F09FFC40F22D2150E7790708D54A499B
:108DA0004A4840F22E2206F094FC40F22E2145E77C
:108DB0004FF48071C4F80012C4F84425C4F8483553
:108DC0000123A3604FF48011204608F0B3FC002873
:108DD000F8D1D5E90523C4F84425C4F848354FF443
:108DE0008023AB60DFF8F4802A68B9F1000F40F00F
:108DF000B1803378032B00F0AD80012B76D1236056
:108E00009AB92A69002A5CD0DFF8D4A0DFF8D490A0
:108E10004FF0010B5146204608F08CFC830548BFFB
:108E2000C4F814B010EA090FF4D072682B68002A55
:108E300040F09080002B00F091800123636179075E
:108E400044BF0023AB607A065EBFAB6843F0020309
:108E5000AB60AB6843F40073AB60AB68C4F8043339
:108E60003BE7C4F84425C4F84835C4F834C54FF48A
:108E70008453C4F83805C4F8003201232362022366
:108E8000AFE7C4F84425BA06C4F848354BBF4FF4E1
:108E900080734FF40073C4F80032C4F800324CBF42
:108EA0004FF480230223AB60012323629AE7C4F8C6
:108EB0003425C4F838354FF48053DCE7DFF82880D8
:108EC00092E76361A0E700BFB8C20300188B0300FC
:108ED0005C57002002029C010B00AD0B0000AD0BA3
:108EE00002020400020004000400AD0B0123A36091
:108EF000002A9AD12A692AB3DFF8C4A0DFF8C4B0E7
:108F000019EA0A0F91D15946204608F013FC10F4D3
:108F1000007F8146F4D04FF08071204608F00AFCB3
:108F2000D4F8003280B113F4007103D1012222621F
:108F300089466261D805E3D54FF48021204608F0C8
:108F4000F9FB04E06361D7E70123236263614FF01B
:108F50000009D5E72B68002B7FF471AFD4F8C43437
:108F6000C4F8C434002285F824208BB1104A11497A
:108F700013F0010F14BF90468846013213F0020F20
:108F800018BF904613F0040F0B4B18BF9846A4E689
:108F90007B063FF5A2AE0949204608F089FB054B48
:108FA000002808BF984698E6DFF81C8095E600BFC9
:108FB0000000AE0B0100AD0B0200AE0B5C570020B1
:108FC00002000400020204000A00AD0B70B5634CFD
:108FD000236886B053B96249624840F2063206F00F
:108FE00078FB5F4840F2063106F06AFB5E4D0221D5
:108FF000284608F09FFB4FF400710646284608F00B
:1090000099FBD8B1E6B9A368C5F808330223A36079
:10901000A368C5F804334FF08071284608F08AFB36
:1090200018B1D5F800329B0503D44F4B01221A62C8
:109030005A61012384F8233006B070BD002E57D04A
:10904000E5696E060AD494F823303BB94349464893
:1090500008F02EFB80F0010084F8230015F00405D1
:1090600024D1414B94F82520C3F86051D3F8601106
:10907000C3F85C51D3F85C1112B194F8232052B1BB
:109080000022C3F80022A260384AC3F80823384BF4
:109090000822C3F88021238CADF80430E3680493E0
:1090A0002369029363690593A36903932E4AD2F857
:1090B000C434C2F8C434980749D4590749D4DA07EC
:1090C00049D494F823309B00DBB28DF8003094F83B
:1090D00025300BB984F82430E3695B0703D594F895
:1090E0002330002BA8D0D4E9003168469847A3E785
:1090F0004FF48021284608F01DFB94F82030A3B9D6
:1091000094F825304BB9C5F80032A360174BC5F869
:109110000833174B0822C3F8802100238DF8043050
:1091200094F821308DF80530B8E74FF40073C5F896
:10913000003240F20223A36003F1CE73C5F8083376
:10914000A368C5F804330123AB602B6274E70123E5
:10915000BBE70223B9E70323B7E700BF5C57002052
:10916000B8C20300188B03000030004002029C01CB
:1091700000E100E008B503685909024613D001294F
:1091800006D103F01F034FF6FF71D940C80712D470
:109190000A490B4840F2CA3206F09BFA074840F2EF
:1091A000CA3106F08DFA4FF0FF31D940C907EFD52B
:1091B0004FF0A04000E00348136008BDFE9203009A
:1091C000188B030000030050F7B50C46064608F064
:1091D000DBFA204608F0D8FA01A80196FFF7CAFF8B
:1091E000019B2E4F019400EB830040F20D65D0F8F7
:1091F00000373B402B43C0F8003701A8FFF7BAFF08
:10920000019B00EB8300D0F800373B402B43C0F8B4
:109210000037042008F058F80925012701A8019417
:10922000FFF7A8FF019AD0F81035D340DB0715D41B
:1092300001A80196FFF79EFF019B07FA03F3C0F810
:109240000C35042008F040F8304608F09DFA013D46
:10925000042008F039F815F0FF05DFD101A80194CA
:10926000FFF788FF019A01239340C0F80C350420D2
:1092700008F02AF8204608F087FA042008F024F8BD
:1092800001A80194FFF776FF019AD0F81035044841
:10929000D34003F00103C01A03B0F0BDF0F8FCFFA7
:1092A0000100AD0B08B5124BA8220021184608F0AA
:1092B00068FC032202610F4942610F4A8161C26169
:1092C0004FF480620262002282624262C2620166E0
:1092D0000A49416610218166094902670346C26650
:1092E000426711F8010D98540132102AF9D108BDD6
:1092F00010040020FAC2030010000020000000202B
:1093000013C303002DE9F84FDFF87C80182606FB15
:10931000008E00FB06664644DEF82440DEF828C0D6
:109320007368A44507468946154603EB040022D816
:10933000DEF820B0ABEB040A0AF1FF339A4203D8FF
:1093400008F0F7FB2C440FE063449A4219D85246C8
:109350002C4408F0EEFBB4EB0B0405D070682246F9
:1093600009EB0A0108F0E5FB182303FB0783012042
:109370005C62BDE8F88F0CF1FF3CACEB040C94454B
:10938000DED20020F5E700BF10040020F8B5144B32
:10939000182700FB07751D4407FB00330E46DB6AE8
:1093A000012B14460AD0022B14D023B9284608F00A
:1093B000F8F9844208D900242046F8BD284608F070
:1093C000F0F9844228BF044622463146284608F078
:1093D000F1F9F1E72846BDE8F84008F006BA00BF09
:1093E00010040020F8B50B4B1B78532B04460E4697
:1093F000174601D0FFF756FF08F026FA3A46054611
:1094000031462046FFF7C2FF0446284608F024FAFA
:109410002046F8BD10040020034B182202FB003345
:109420009A6A586A801A70471004002010B4094ADA
:1094300009490023C85C12F8014D844205D101336B
:10944000102BF7D15DF8044B70475DF8044BFFF724
:1094500029BF00BF13C303001004002008B5084A49
:10946000084B93420AD908490848192206F031F9F5
:109470000548192106F024F92433F2E7FCD308BD8E
:1094800000200300781D030014C30300188B0300A1
:1094900070B50446C0B1037813B3124D124EB542F5
:1094A0001BD912491248282206F013F90F48282127
:1094B00006F006F92968A14208D1284608F0D5F936
:1094C000002814BF2C460024204670BD2046D7F744
:1094D000EDFC0028F1D02435E1E7EBD30024F3E7DD
:1094E0001C46F1E7781D03000020030014C30300AD
:1094F000188B0300014B9868803070478457002018
:109500002DE9F047044600AF0D46EFF311894023E3
:1095100083F31288BFF36F8F0428374A98BF374B05
:109520009668117C94BF53F82030354BEA468CB0D6
:109530006A46DFF8F48033485061C2E9083140F2EE
:1095400002431385304BC2E9068442F8103F2F488E
:1095500000234FF45151F0F731FDD546B5B1EB6919
:10956000C3F3080393B10820F0F748FB40B1284B40
:10957000C0E9053803230374002343748374C37460
:10958000224900234FF4C25206F051FD2EB130465D
:1095900008F014FA08B1037803B91E48EA468AB005
:1095A0006A461D4BC2E9053840F2024393841B4BC7
:1095B000C2E9076042F8103F144800234FF43151CC
:1095C000F0F7FCFC2946D5462046FAF795F9042C1D
:1095D00008D113491348872206F07BF810488721E9
:1095E00006F06EF889F31188BFF36F8F3046F3F7FA
:1095F000BDFBBD46BDE8F08784570020043B030057
:1096000037C303004DC30300060000019426030086
:1096100079C3030045C303009EC303000500000196
:10962000BAC30300188B030026C4030038B50A4BE5
:1096300053F82040013053F82050A54200D838BDDF
:10964000606830B1037FDB0701D408F019F90834F2
:10965000F3E723689847FAE7183B030070B5344BEB
:10966000344C354D012286B003201A70FFF7DEFF1F
:10967000F2F7BAFC0420FFF7D9FFAC42264624D902
:109680002E492F48422206F024F842212B4806F0AA
:1096900017F854F80C3C059354F8103C049354F814
:1096A000143C039354F8183C029354F81C3C019367
:1096B00054F8203C009354E90A2354E90C0101F0CA
:1096C00015F954F8303C5E65D7E7AE4204F130043A
:1096D000DFD301F07DFE174C1A4EAC421BD917495F
:1096E0001748662205F0F5FF6621CFE7D4E90A2383
:1096F000B3F1FF3F08BFB2F1FF3F05D052EA0301CB
:10970000206803D102F06AF83034E6E731461830B9
:1097100002F0C8FBF8E7E9D301F0A8FEDFF7DEF8B6
:10972000094A137B23F00103137306B070BD00BF19
:10973000E062002080210300C023030034C4030042
:10974000188B0300211A0300B030002008B503482D
:10975000034A0021121A08F0AAF808BDA00F002041
:10976000E462002070B5164E164D174986B0E0230E
:1097700003FB0066154B059301220F23CDE903324D
:109780000023CDE90133182303FB0055044601EB08
:1097900040210F4B00954FF4C072304601F0A6F8FF
:1097A000737B0C4AEE6023F0040373734FF49063F1
:1097B00004FB033313442C746B6006B070BD00BF10
:1097C000D02F0020845700200099002055C40300AA
:1097D000FD9A020080940020BFB50020FFF726FF0D
:1097E0002B4B83F308882B4C2B4F636943F4007396
:1097F0006361E02384F8223000252023E377257677
:109800006576A57684F82050636A43F4E0236362AA
:1098100084F82350F3F726FAF3F754FC4FF0FF33A4
:10982000A362E362F3F77AFDF3F770FCF0F7AEF9A9
:109830001A481B4C01F000F9FFF710FE0120FFF75A
:10984000F5FE0220FFF7F2FE01F080FE154B1649EF
:109850009C61164B05930123CDE903534FF400722D
:109860003B46CDE901550095204601F03FF8627B6B
:10987000064622F004022046627301F035FA2846BB
:10988000FFF770FF3A4631462046F3F7F5FB00BF7D
:109890000099002000ED00E05D960200903100206C
:1098A000B030002084570020009B00207D5303002F
:1098B00038B50B4C0B4D0020AC420FD90A490B4870
:1098C000942205F006FF0848942105F0F9FE204691
:1098D00007F0F1FF002802DB2034EDE7F7D338BDB5
:1098E000480D0020680D00205DC40300188B0300A4
:1098F0002DE9F74305460E4691461C4600F1080740
:10990000EFF31188402383F31288BFF36F8F38463B
:1099100002F052FA38B92B492B48882205F0D9FEBB
:109920008821284822E0384602F06AFA2B69FBB108
:1099300033601C68EB692C610133EB6114B96A690F
:1099400093421BD0EB68E41A09D4D5E905235A43A6
:10995000A24204D9B4FBF3F203FB124474B11B49D5
:109960001948E92205F0B5FE1848E92105F0A8FEDE
:1099700059EA04020FD133606FF00B04384602F04D
:1099800029FAC8B90F49104840F2311205F0A1FE7A
:1099900040F23111C5E7CDE900942A4641463846E8
:1099A00001F026FB044618B9094B9B681B6933601C
:1099B000204603B0BDE8F08388F31188BFF36F8FB2
:1099C000F6E700BF739B0300188B03005DC4030020
:1099D000845700202DE9F843C368CB1A05460E468C
:1099E0001ED4D0E905125143994219D9B3FBF2F1C3
:1099F00002FB1133A3B900F10808EFF311894024E9
:109A000084F31288BFF36F8F404602F0D5F990B906
:109A100036493748882205F05CFE8821334808E043
:109A20003449334840F2111205F053FE314840F2F8
:109A3000111105F045FE404602F0E2F92F69002FB2
:109A40003AD1EFF3118384F31288BFF36F8F83F35E
:109A50001188BFF36F8F3BB927492548B02205F025
:109A600038FEB0212448E4E72C68A54224D01CB37A
:109A7000A36833B920491E48992205F02AFE99218E
:109A8000F0E7D4E9003213605A60637BA76023F0EB
:109A900002036373C4E9007704F1180002F0CCFA02
:109AA0002046C4F89870266101F01EF949464046E8
:109AB000BDE8F84301F000BC2B693360EB692E610F
:109AC000013BEB61404602F085F940B9074908487F
:109AD00040F2311205F0FDFD40F231119EE789F3AD
:109AE0001188BFF36F8FBDE8F88300BF739B03003D
:109AF000188B03005DC4030082C4030008B50C4B3F
:109B00009B6893F90E30002B09DB4024EFF311839F
:109B100084F31288BFF36F8F06F00CFDF6E705495A
:109B200005481C2205F0D5FD02481C2105F0C8FDA2
:109B300084570020ADC40300188B03002DE9F341C6
:109B4000044617461E46EFF3058545B15149524874
:109B50006F2205F0BEFD4F486F2105F0B1FDEFF318
:109B60001188402383F31288BFF36F8F4B4802F0B4
:109B700023F938B94A494848882205F0AAFD8821C6
:109B80004748EAE7454802F03BF9E368454A9BB19C
:109B9000A0689168884224D057EA060329D13F483B
:109BA00002F018F9A0B188F31188BFF36F8F6FF03E
:109BB0000F0002B0BDE8F081916891F90E103748AE
:109BC00021610133E3609368A36002F003F950B9A7
:109BD0003349314840F2311205F07BFD40F231113A
:109BE000CEE72169EBE788F31188BFF36F8F002080
:109BF000DFE791F90E1090F90E309942A8BF19468F
:109C00006FF07E029142B8BF11468B4202DD07F031
:109C10007BFE0546CDE9007620482246414601F00C
:109C2000E7F90028E3D0EFF31186402383F312888D
:109C3000BFF36F8F194802F0BFF800289AD0174879
:109C400002F0DEF8A068C0B1236821699C420AD006
:109C50004BB193F90E309942A8BF19466FF07E03BD
:109C60009942B8BF194607F04FFE30B10B48314654
:109C700001F022FB6FF00A009BE7002DF6D10748A8
:109C800002F0A8F80028A3D086F31188BFF36F8FE5
:109C9000F0E700BFCEC40300188B0300A8570020D4
:109CA000739B030084570020F8B50546EFF3058346
:109CB00043B14A494A48D72205F00BFDD72147480E
:109CC00005F0FEFC8368002B00F08180454A926815
:109CD00093427FD1C36833B940494148EF2205F030
:109CE000F8FCEF21EBE7012B03D0013BC360002020
:109CF000F8BDEFF31187402484F31288BFF36F8F10
:109D0000394802F059F838B938493548882205F001
:109D1000E0FC88213548D3E7334802F071F829691F
:109D2000A86807F0F1FDEFF3118384F31288BFF305
:109D30006F8F83F31188BFF36F8F3BB92C4928488D
:109D4000B02205F0C6FCB0212948B9E72C68AC4226
:109D50000FD10023C5E90233234802F03BF888BB4A
:109D600022491F4840F2311205F0B3FC40F2311194
:109D7000D0E7002CEDD0A36833B91D4918489922CB
:109D800005F0A7FC9921DFE7D4E9003213605A609F
:109D9000637B002623F002036373C4E90066A660B8
:109DA00004F1180002F048F9AC6094F90E302B6110
:109DB0002046C4F8986000F097FF0B48394601F040
:109DC0007BFA94E787F31188BFF36F8F8FE76FF00B
:109DD00015008DE74FF0FF308AE700BFCEC40300C7
:109DE000188B030084570020A8570020739B0300A2
:109DF00082C4030008B5836843B90B490B48992214
:109E000005F067FC0848992105F05AFCD0E90032BA
:109E100013605A60427B0023C0E9003322F0020243
:109E20004273836008BD00BF82C40300188B030027
:109E30002DE9F04704469DF820600D4691469A466C
:109E400000F10807EFF31188402383F31288BFF372
:109E50006F8F384601F0B0FF38B944494448882232
:109E600005F037FC8821414817E0384601F0C8FF6B
:109E700006B16568EFF31183402282F31288BFF3C5
:109E80006F8F83F31188BFF36F8F43B93949384817
:109E9000B02205F01EFC3748B02105F011FC234626
:109EA00053F80C6F9E4216D0AEB13046FFF7A2FFBA
:109EB000002406F1180002F0BFF83046C6F89840BA
:109EC000C6F8109000F010FF4146384601F0F4F952
:109ED0002046BDE8F087BAF1000F14D0082002F048
:109EE0004FFB00283AD00122C0F8049002600168BC
:109EF00001F003015DB922680A43026062682060D4
:109F00006AB960600BE0C9F800A04846EFE72A682C
:109F1000032A18D80160616879B9C4E900000024F7
:109F2000384601F057FFE0B91049114840F23112AC
:109F300005F0CFFB40F2311195E70A6802F0030209
:109F400002430A60DDE722F003020A4302602A6846
:109F500002F0030240EA02032B60E0E76FF00B041B
:109F6000DEE788F31188BFF36F8FB1E7739B0300BF
:109F7000188B030082C403002DE9F7430546904681
:109F80001F4600F10806EFF31189402383F312887E
:109F9000BFF36F8F304601F00FFF40B91F492048D3
:109FA000882205F096FB88211C4805F089FB304685
:109FB00001F026FF2C68CCB123686A6823F0030304
:109FC000944220462B6008BF6B60012107F0ABFC78
:109FD0000446304601F0FEFEC0B91049104840F278
:109FE000311205F076FB40F23111DDE758EA070344
:109FF000EFD0CDE9008705F10C024946304600F06C
:10A00000F7FF38B9074B9B681C6903E089F3118897
:10A01000BFF36F8F204603B0BDE8F083739B03004E
:10A02000188B03008457002008B5836843B90B4997
:10A030000B48992205F04DFB0848992105F040FB9B
:10A04000D0E9003213605A60427B0023C0E900333C
:10A0500022F002024273836008BD00BF82C4030085
:10A06000188B030070B50446EFF31186402585F385
:10A070001288BFF36F8F294801F09EFE38B9284936
:10A080002848882205F025FB8821254814E023482C
:10A0900001F0B6FEEFF3118385F31288BFF36F8FE3
:10A0A00083F31188BFF36F8F43B91F491D48B02256
:10A0B00005F00FFB1C48B02105F002FB2568AC42FF
:10A0C00013D095B12846FFF7AFFF05F1180001F056
:10A0D000B3FF00232846C5F8983000F005FE31464E
:10A0E0000E48BDE8704001F0E7B8D4E902329A4268
:10A0F00018BF01330948A36001F06CFE40B908495C
:10A10000084840F2311205F0E4FA40F23111BCE7A0
:10A1100086F31188BFF36F8F70BD00BFAC5700206E
:10A12000739B0300188B030082C40300F7B5044639
:10A1300016461D46EFF305835BB152EA050308D0CE
:10A1400026492748882205F0C4FA2448882105F0CA
:10A15000B7FAEFF31187402383F31288BFF36F8FB1
:10A16000204801F029FE38B91F491D48882205F012
:10A17000B0FA88211C48EAE71A4801F041FEA368BA
:10A18000ABB1013B1748A36001F024FE40B916496A
:10A19000134840F2311205F09CFA40F23111E9E720
:10A1A00087F31188BFF36F8F002003B0F0BD56EA2C
:10A1B00005030BD10B4801F00DFE0028E7D087F313
:10A1C0001188BFF36F8F6FF00F00EEE7CDE90065E8
:10A1D00022463946034800F00BFFE6E7F0C40300CF
:10A1E000188B0300AC570020739B03002DE9F84344
:10A1F0000546EFF31188402787F31288BFF36F8F6E
:10A200002A4801F0D9FD064638B92949294888224B
:10A2100005F05FFA8821264817E0244801F0F0FD98
:10A220006FF00A090023EFF3118287F31288BFF35E
:10A230006F8F82F31188BFF36F8F42B91E491D489B
:10A24000B02205F046FA1C48B02105F039FA2C6816
:10A25000A5420ED06CB12046FFF7E6FE04F11800CF
:10A2600001F0EAFEC4F89890204600F03DFD334628
:10A27000D9E70022AA602BB141460C48BDE8F8435B
:10A2800001F01AB8094801F0A5FD40B9084909488C
:10A2900040F2311205F01DFA40F23111BBE788F3AC
:10A2A0001188BFF36F8FBDE8F88300BFAC57002063
:10A2B000739B0300188B030082C403002DE9F04355
:10A2C000714E724F85B00446EFF31188402383F33B
:10A2D0001288BFF36F8F304601F06EFD40B96C49B4
:10A2E0006C48882205F0F5F98821694805F0E8F9FD
:10A2F000304601F085FDD4F8E450F5B9022104F1AF
:10A30000FC0007F033FB00283BD004F1F4050022E9
:10A310000121284601F030FC0028F8D100230293E7
:10A320004FF0FF324FF0FF33CDE90023414604F1F7
:10A33000EC02304601F06CFCC6E7D4F8E8202B684C
:10A34000C4F8E430954208BFC4F8E830D4F8FC30D3
:10A3500043F00203C4F8FC30EB68D5F8049023F016
:10A36000040343F00103EB60304601F033FDD0B944
:10A370004749484840F2311205F0ABF940F231113B
:10A38000B3E7D4F8FC30DD06C8D5C4F8FC003E487D
:10A3900001F020FD0028EBD088F31188BFF36F8F08
:10A3A00005B0BDE8F08388F31188BFF36F8FB9F172
:10A3B000000F09D13849374840F2AB2205F089F93E
:10A3C000354840F2AB2191E72846C847EFF31188A2
:10A3D000402383F31288BFF36F8F304601F0ECFC0B
:10A3E00000283FF47CAF304601F00AFDEB68D90647
:10A3F00023F0010231D4EA60EB689A0716D5386879
:10A4000023F00203EB6088B10368002170B1426859
:10A41000954230D1036841BB7A683B60824200D1EB
:10A420007B60002340F8083BFFF71CFED4F8FC30AB
:10A4300023F00203C4F8FC303046C3F3002501F0DA
:10A44000C9FC002894D088F31188BFF36F8F002DCA
:10A450007FF43AAF01F082F836E723F01103EB60A6
:10A4600005F11000FFF7FEFDC6E70B607B68834235
:10A4700008BF7960D5E723B11A680146184613462C
:10A48000C4E71A46F9E700BFB8570020B0570020CC
:10A49000739B0300188B030010C50300F8B5C36855
:10A4A0009A0704460F46C3F340063AD45B0726D406
:10A4B0000B680BB983680B60E368DD0722D5A368DE
:10A4C00053B9294929484FF4AA7205F002F92648E0
:10A4D0004FF4AA7105F0F4F83B6002263D68002DA8
:10A4E0003ED0234B9A68D5F8E0309A420CD0D5F88C
:10A4F000FC30D807C3F3800216D46FF01206002395
:10A500003B6027E00126E9E707F052FAD5F8FC3076
:10A510000028EED1D907C3F3C002EED552B15B07D4
:10A5200008D46FF00F06EAE7002AFAD1C3F3C0039C
:10A53000002BF6D100232360D5F8E83063B9C5E9D4
:10A540003944284607F01DFAE36843F00403E3604A
:10A550003B68A3603046F8BD1C60C5F8E840F0E7F2
:10A560006FF01506CBE700BF10C50300188B030082
:10A570008457002073B50446EFF31185402383F31D
:10A580001288BFF36F8F194801F016FC40B91849C3
:10A590001848882205F09DF88821154805F090F8A4
:10A5A000124801F02DFC00230321201F0193A4F188
:10A5B000100607F0DBF928B1A369019301A9304621
:10A5C000FFF76CFF094801F005FC40B9084909484C
:10A5D00040F2311205F07DF840F23111DDE785F3EC
:10A5E0001188BFF36F8F02B070BD00BFB857002055
:10A5F000739B0300188B030038B50D46044640B921
:10A600000B490C48992205F064F89921084805F097
:10A6100057F831B9064907489A2205F05AF89A21A5
:10A62000F4E71022002107F0ACFA656038BD00BFE6
:10A6300010C50300188B030037B50C46019051B9C3
:10A64000224923484FF4BD7205F043F84FF4BD7121
:10A650001E4805F035F84B6843B91C491C4840F2C8
:10A660007B1205F036F840F27B11F1E7EFF311852C
:10A67000402383F31288BFF36F8F164801F09CFBD1
:10A6800038B915491248882205F023F88821124864
:10A69000DFE7104801F0B4FB204601A9FFF7FEFEFA
:10A6A00004460C4801F096FB40B90B49084840F2BB
:10A6B000311205F00EF840F23111E8E785F3118808
:10A6C000BFF36F8F204603B030BD00BF10C503003D
:10A6D000188B0300B8570020739B0300F0B589B0B6
:10A6E00004460E9D50B92D492D4840F2F12204F048
:10A6F000F0FF40F2F121294804F0E2FF41B9274977
:10A70000274840F2F22204F0E4FF40F2F221F2E79F
:10A71000D0F8FC0010F0010008D02049204840F299
:10A72000F32204F0D6FF40F2F321E4E7C4E9390054
:10A7300004F1EC00C4E93B0004F1F400C4E93D007D
:10A7400055B32879002840F2011008BF0120C4F851
:10A75000FC0000204FF0FF364FF0FF37CDE903300B
:10A76000CDE90100CDE906670E4B0094204600F0CC
:10A7700025F955B1296811B1204600F0A7F86B7989
:10A780001BB1237B43F001032373204601F026F81D
:10A79000C4F8E04009B0F0BD0120D8E710C50300BF
:10A7A000188B0300BDA2020038B50D46044650B90F
:10A7B0000E490F4840F2923204F08BFF40F2923182
:10A7C0000A4804F07DFF41B90849094840F2933234
:10A7D00004F07FFF40F29331F2E73022002107F0CE
:10A7E000D0F94FF480736560E36038BD10C5030095
:10A7F000188B0300F7B50C46019016461D4650B95C
:10A800002D492E4840F20D4204F063FF40F20D4105
:10A81000294804F055FF41B92749284840F20E4223
:10A8200004F057FF40F20E41F2E7EFF311874023A7
:10A8300083F31288BFF36F8F214801F0BDFA38B956
:10A8400020491E48882204F044FF88211D48E0E783
:10A850001B4801F0D5FAE36813F01E0F22D155EA28
:10A86000060211D1204601A9FFF718FE044614483C
:10A8700001F0B0FAC0B91349104840F2311204F0A7
:10A8800028FF40F23111E1E743F00803E360019B48
:10A89000A36204F110000C4932462B4601F002FB82
:10A8A0000124E4E70024E2E787F31188BFF36F8F08
:10A8B000204603B0F0BD00BF10C50300188B030095
:10A8C000B8570020739B030075A5020010B504461D
:10A8D00008B9054B9C681F2204F1600007F066F977
:10A8E000002084F87F0010BD84570020F0B585B0AB
:10A8F00004460D9D0F9E0F2D46D12C48834247D113
:10A90000073222F00702FF320E9F277304F158002E
:10A9100022F07F02C4E91600042700207F2AC4E940
:10A920000600A0606773A573E07301F1800EA2F1C9
:10A93000800C05D880F31188BFF36F8F384602DF93
:10A940008D1800270C9AC4F88C70C4E921EC02928F
:10A950000B9A01920A9A009220462A46F2F706FBC9
:10A96000676506B31F22314604F1600007F01EF947
:10A9700084F87F700E4B9B680BB1D3F89030C4F80D
:10A980009030284605B0F0BD05F110001E28B7D95B
:10A990000849094840F2052204F09BFE054840F2B0
:10A9A000052104F08DFE84F86060E3E7FD9A020063
:10A9B0008457002031C50300188B0300F0B587B021
:10A9C000DDE912760446EFF3058555B117491848BD
:10A9D00040F2922204F07DFE144840F2922104F0ED
:10A9E0006FFE0595109D04950F9D03950E9D029594
:10A9F0000D9D01950C9D0095FFF778FFB6F1FF3F87
:10AA000008BFB7F1FF3F05D056EA070305D120463E
:10AA100000F0E4FE204607B0F0BD3A46334604F1AC
:10AA20001800044901F03EFAF4E700BF31C5030005
:10AA3000188B0300211A030040F2011310B5838123
:10AA40000023C0E92133044601F094FD014B9C60D2
:10AA500010BD00BF845700200A4A93686FF00A01B6
:10AA6000C3F898100849C3F894004B6843F080532A
:10AA70004B60002383F31188BFF36F8F9368D3F883
:10AA8000980070478457002000ED00E038B590F939
:10AA90000D20437B002A014610DA03F07F03437345
:10AAA000184B984208D118491848562204F011FE54
:10AAB0001548562104F004FE06F082FF144D2A4684
:10AAC000AB6852F81C4F944200D004B9EC688B423A
:10AAD00010D03BB90F490D48D52204F0FAFD0D48BE
:10AAE000D521E7E75A7BD20604D1DA897F2A01D93A
:10AAF000A2692AB1A34202D0204601F0E3F823461E
:10AB0000AB6138BDD02F002054C50300188B030063
:10AB10008457002076C5030008B5836843B9094906
:10AB20000948992204F0D5FD0648992104F0C8FD92
:10AB300006F046FF437B23F0020343730023836048
:10AB400008BD00BF82C40300188B030070B590F9E4
:10AB50000D20437B002A4BDBD90649D163F07F03EC
:10AB60004373254B984208D1244925484F2204F0CD
:10AB7000B0FD22484F2104F0A3FD224C2246216A59
:10AB800052F81C3F934207D1C0E9002108602062BF
:10AB900011E09942F8D01B68002BF5D090F90E50C7
:10ABA00093F90E60B542F4D0AE42F2DD5968C0E9C7
:10ABB000003108605860E569954200D005B9E56844
:10ABC000A3683BB910490E48D52204F082FD0E4817
:10ABD000D521D0E75A7BD20604D1DA897F2A01D960
:10ABE000AA6932B1AB4202D0284601F06BF8A561E8
:10ABF00070BDA361FCE700BFD02F002054C5030047
:10AC0000188B03008457002076C5030070B590F9B7
:10AC10000D20437B2F4C002A01460FDA03F07F03FF
:10AC2000A042437308D12C492C48562204F051FD10
:10AC30005621294804F044FD06F0C2FE4B7BA14298
:10AC400063F07F034B7306D1234924484F2204F05D
:10AC500040FD4F21EDE7224C2246206A52F81C3F6E
:10AC6000934207D1C1E900200160216211E09842BE
:10AC7000F8D01B68002BF5D091F90E5093F90E60B7
:10AC8000B542F4D0AE42F2DD5868C1E9003001604F
:10AC90005960E569A368954200D005B9E5688B4223
:10ACA00010D03BB90F490D48D52204F012FD0D48D4
:10ACB000D521BFE75A7BD20604D1DA897F2A01D990
:10ACC000AA692AB1AB4202D0284600F0FBFF2B460E
:10ACD000A36170BDD02F002054C50300188B030062
:10ACE0008457002076C5030038B50446EFF311857C
:10ACF000402383F31288BFF36F8F124801F05CF892
:10AD000040B911491148882204F0E3FC88210E481B
:10AD100004F0D6FC0B4801F073F82046FFF716FF4D
:10AD2000084801F057F840B90749084840F2311285
:10AD300004F0CFFC40F23111E9E785F31188BFF34D
:10AD40006F8F38BDBC570020739B0300188B030026
:10AD5000F8B5644DAE68864204464ED1EFF30583E4
:10AD6000002B4AD1EFF31187402383F31288BFF3FE
:10AD70006F8F5D4801F020F838B95C495C48882243
:10AD800004F0A7FC8821594812E0574801F038F830
:10AD9000737B03F07F0343F010037373554B9E42A4
:10ADA00008D155495248562204F093FC5248562186
:10ADB00004F086FC304606F003FE2B4653F81C4F89
:10ADC0009C4200D004B9EC68AB689C4202D020469B
:10ADD00000F078FF4448AC6100F0FCFF40B9434903
:10ADE000434840F26B1204F074FC40F26B11CAE766
:10ADF0003846BDE8F840FFF72FBEEFF31186402339
:10AE000083F31288BFF36F8F374800F0D5FF002817
:10AE1000B3D0354800F0F4FF637BDA060DD5324835
:10AE200000F0D8FF002858D13049314840F23112A3
:10AE300004F04FFC40F23111A5E7D90943F01002AC
:10AE40003ED16273EF692D4B9F4200D007B9EF6886
:10AE5000AB68BB4202D0384600F034FFAB68AF614C
:10AE60009C42DCD1EFF30585002DD8D1237BDB0795
:10AE70001FD51D4800F0AEFF0028D5D086F31188FD
:10AE8000BFF36F8F85F31188BFF36F8F04231846CC
:10AE900002DFEFF31186402383F31288BFF36F8F35
:10AEA000114800F089FF00283FF467AF0E4800F01A
:10AEB000A7FF0D4800F08EFF002890D0304698E79D
:10AEC00003F07F0343F0100363730A4B9C423FF48B
:10AED00068AF204606F074FDB4E786F31188BFF32F
:10AEE0006F8FF8BD84570020BC570020739B030070
:10AEF000188B0300D02F002054C50300A05700205A
:10AF000038B50446EFF31185402383F31288BFF36D
:10AF10006F8F134800F050FF40B912491248882241
:10AF200004F0D7FB88210F4804F0CAFB0C4800F05E
:10AF300067FFA36813B12046FFF7EEFD084800F055
:10AF400049FF40B90749084840F2311204F0C1FBFB
:10AF500040F23111E7E785F31188BFF36F8F38BDF9
:10AF6000BC570020739B0300188B030038B50446C0
:10AF7000EFF31185402383F31288BFF36F8F1948D5
:10AF800000F01AFF40B918491848882204F0A1FBC4
:10AF90008821154804F094FB124800F031FF637BD0
:10AFA00013F0280F0BD1A36813B12046FFF7B4FDAF
:10AFB000637B23F0040363732046FFF7C7FD094852
:10AFC00000F008FF40B90849084840F2311204F087
:10AFD00080FB40F23111DCE785F31188BFF36F8FFE
:10AFE00038BD00BFBC570020739B0300188B0300C3
:10AFF0002DE9F047DFF8C8A02B4F2C4B1646B8427E
:10B00000DAF808201A60DDE9089804460D460AD1EE
:10B010002749284840F2722204F05BFB244840F2A2
:10B02000722104F04DFBEFF31183402383F3128868
:10B03000BFF36F8F384600F0BFFE38B91E491D4878
:10B04000882204F046FB88211B48EAE7384600F0D6
:10B05000D7FEDAF808703146384606F0B9FCB8F188
:10B06000FF3F08BFB9F1FF3F06D014494A464346A7
:10B0700007F1180000F016FF204600F0ABFE40B9C3
:10B080000D490C4840F26B1204F023FB40F26B11A7
:10B09000DAE7054800F09EFE0028F1D02846BDE81A
:10B0A000F047FFF7D9BC00BFBC570020C0570020B5
:10B0B00054C50300188B0300739B0300211A03007F
:10B0C0008457002070B50546EFF31186402383F3C3
:10B0D0001288BFF36F8F164800F06EFE40B9154915
:10B0E0001548882204F0F5FA8821124804F0E8FA9D
:10B0F0000F4800F085FE2C68A54210D014B1204600
:10B10000FFF70AFD0A4800F065FE50B909490A48F0
:10B1100040F2311204F0DDFA40F23111E5E700248B
:10B12000F0E786F31188BFF36F8F204670BD00BF34
:10B13000BC570020739B0300188B03002DE9F041DE
:10B1400004460D46EFF31187402383F31288BFF3C3
:10B150006F8F524800F030FE38B95149514888226B
:10B1600004F0B7FA88214E4817E04C4800F048FE3A
:10B17000637B03F01F02002A0CBF0126002657D173
:10B1800003F07F036373484B9C4208D1474945480D
:10B19000562204F09EFA4548562104F091FA2046C2
:10B1A00006F00EFCDFF80C81637B424663F07F0300
:10B1B0006DB2A573637352F81C3F934235D1D8F832
:10B1C0002010C4E900210C60C8F820400FE099422B
:10B1D000F7D01B68002BF4D093F90E008542F6D00F
:10B1E000A842F4DD5968C4E900310C605C60D8F80D
:10B1F0001C40944200D00CB9D8F80C40D8F8083064
:10B200009C4202D0204600F05DFDC8F8184023485B
:10B2100000F0E0FD002839D12149224840F23112E6
:10B2200004F057FA40F231119DE7D8F82010D1E729
:10B230009B0729D5A16839B91D491A48992204F0FC
:10B2400048FA1B489921A8E720466DB206F0B8FBE2
:10B25000A5730B68994209D14B68C4E900131C60BF
:10B260004C60D4E74A689342F6D01B68002BF3D0B9
:10B2700093F90E209542F5D0AA42F3DD5A68C4E94D
:10B28000003214605C60C2E7A573C0E787F31188E1
:10B29000BFF36F8F3046BDE8F08100BFBC57002080
:10B2A000739B0300188B0300D02F002054C50300AC
:10B2B00082C403008457002038B503460C46D1B938
:10B2C000EFF30585BDB9154A91699268914212D094
:10B2D00000F080FD50B91249124840F26B1204F0A0
:10B2E000F8F940F26B110E4804F0EAF92846BDE87F
:10B2F0003840FFF7B1BB184600F06CFD40B9084973
:10B30000084840F2311204F0E4F940F23111EAE762
:10B3100084F31188BFF36F8F38BD00BF84570020BE
:10B32000739B0300188B030038B50446EFF31185B7
:10B33000402383F31288BFF36F8F184800F03CFD61
:10B3400040B917491748882204F0C3F988211448E6
:10B3500004F0B6F9114800F053FD637BDA0611D40E
:10B360000E4800F037FD40B90D490E4840F2311249
:10B3700004F0AFF940F23111E9E785F31188BFF32A
:10B380006F8F38BD23F0100320466373FFF7DEFB99
:10B3900029460248BDE83840FFF78EBFBC57002061
:10B3A000739B0300188B0300034648B9EFF3058233
:10B3B00032B9064A91699268914201D0FFF74CBBBD
:10B3C00083F31188BFF36F8F704700BF845700204D
:10B3D00010B5EFF31184402383F31288BFF36F8F0E
:10B3E0001D4800F0E9FC38B91C491D48882204F0CA
:10B3F00070F9882119480CE0174800F001FDEFF3BF
:10B40000058343B1174916488F2204F062F98F2152
:10B41000144804F055F9144B9A68D37B012B06D1DC
:10B4200010490F48902204F054F99021F0E7013BB5
:10B43000D373094800F0CEFC40B90849084840F2EF
:10B44000311204F046F940F23111D3E784F3118848
:10B45000BFF36F8F10BD00BFBC570020739B03006C
:10B46000188B030082C403008457002070B5EFF3EB
:10B470001186402383F31288BFF36F8F2E4800F0AC
:10B480009BFC38B92D492E48882204F022F98821E6
:10B490002A480FE02B4D284800F0B2FCAB68DA7B5D
:10B4A00052B92949264840F20D3204F012F940F20F
:10B4B0000D31254804F004F9EFF3058141B122492B
:10B4C0001F4840F20E3204F004F940F20E31F0E76A
:10B4D0000132DA732A4652F81C4F944200D004B964
:10B4E000EC685A7BD20604D1DA897F2A01D9A26995
:10B4F0002AB1A34202D0204600F0E4FB23460E48C6
:10B50000AB6100F067FC40B90C490D4840F23112C4
:10B5100004F0DFF840F23111BAE786F31188BFF387
:10B520006F8FEFF31180402383F31288BFF36F8F87
:10B53000BDE87040FFF738BFBC570020739B030085
:10B54000188B03008457002054C50300024B03F1FD
:10B550001C02C3E9072270478457002070B5EFF33F
:10B56000058353B13249334840F2244204F0B1F824
:10B570002F4840F2244104F0A3F8EFF31186402352
:10B5800083F31288BFF36F8F2B4800F015FC38B996
:10B590002A492848882204F09CF888212748EAE7AD
:10B5A000274C254800F02CFCA168206A0B688142DA
:10B5B00014BF1A46002249680B605960A368216ACB
:10B5C0002AB9204AC3E900210B6023620CE093F9F9
:10B5D0000E0092F90E50A84220D085421EDD51681F
:10B5E000C3E900210B605360E569164B9D4200D012
:10B5F00005B9E568A3689D4202D0284600F062FBC9
:10B600000D48A56100F0E6FB60B90C49094840F21D
:10B610006B1204F05EF840F26B11BFE78A42D0D0A3
:10B620001268CDE73046BDE87040FFF715BA00BF9D
:10B6300054C50300188B0300BC570020739B030004
:10B6400084570020A05700202DE9F04106460C4603
:10B65000EFF3058757B12D492D4840F23C4204F0E5
:10B6600038F82A4840F23C4104F02AF850EA010335
:10B6700004D1FFF773FF0020BDE8F081EFF31188DC
:10B68000402383F31288BFF36F8F224800F094FBAE
:10B6900038B921491E48882204F01BF888211E4829
:10B6A000E2E71E4D1B4800F0ABFB1D4BA86818607D
:10B6B000FFF7ECF9A8681B4923463246183000F022
:10B6C000F1FBAA68537B43F004030446537311480B
:10B6D00000F080FB40B910490D4840F26B1203F0B6
:10B6E000F8FF40F26B11DAE74046FFF7B5F9AB68B7
:10B6F000D3E90A23B3F1004F08BFBA42BBD106F029
:10B70000C8F9201A20EAE070B6E700BF54C503006C
:10B71000188B0300BC570020739B03008457002044
:10B72000C0570020211A030070B504460E46EFF3FF
:10B73000058555B11849194840F2664203F0C9FF22
:10B74000154840F2664103F0BBFFFFF77DFFB6F1FD
:10B75000FF3F08BFB4F1FF3F0246204616D047F630
:10B76000FF704FF47A7403462946C2FB0431B3F5E7
:10B77000004F71F100020AD36FF400429A4243F67F
:10B78000FF728A4105D3D80B40EA414070BD28467C
:10B79000FCE76FF00040F9E754C50300188B030085
:10B7A0000C490D4A38B500244FF400458C4621461B
:10B7B000C0FB05C100236046D5F71EFBC117FFF78C
:10B7C00043FF054A47F6FF73C0FB0234DB0B43EA35
:10B7D000444038BD3F420F0040420F0038B5044698
:10B7E000EFF31185402383F31288BFF36F8F1B485B
:10B7F00000F0E2FA40B91A491A48882203F069FFBA
:10B800008821174803F05CFF144800F0F9FA637BC5
:10B810005B0710D504F1180000F00EFC637B23F0E9
:10B82000040320466373FFF791F929460B48BDE8EE
:10B830003840FFF741BD094800F0CCFA40B908494B
:10B84000084840F2311203F044FF40F23111D8E7CA
:10B8500085F31188BFF36F8F38BD00BFBC57002040
:10B86000739B0300188B0300014B9868704700BF5F
:10B87000845700202DE9F8430446077BEFF3118538
:10B88000402383F31288BFF36F8F704800F094FA5F
:10B8900040B96F496F48882203F01BFF88216C482C
:10B8A00003F00EFF694800F0ABFA637B190712D56D
:10B8B000664800F08FFA40B96549664840F2311297
:10B8C00003F007FF40F23111E9E785F31188BFF378
:10B8D0006F8FBDE8F883D90943F008027DD1627308
:10B8E000A36813B12046FFF717F904F1180000F020
:10B8F000A3FBA66D04F15808B04511D04FF0000924
:10B9000076B13046FFF708F906F1180000F094FB15
:10B91000C6F898903046FFF719F9A66DB045EFD1FB
:10B92000DFF84481D8F808309C426AD1EFF30589EA
:10B93000B9F1000918BF4FF00109D8F81C60464A58
:10B94000964200D00EB9D8F80C60B34202D030460F
:10B9500000F0B8F92046C8F81860F1F769FBB9F1B2
:10B96000000F02D03D48FFF767F8D8F808309C4236
:10B9700056D1EFF30586002E52D1237BDA071FD56F
:10B98000324800F027FA002896D085F31188BFF3DB
:10B990006F8F86F31188BFF36F8F0423184602DF81
:10B9A000EFF31185402383F31288BFF36F8F27488D
:10B9B00000F002FA00283FF46CAF244800F020FAAF
:10B9C000224800F007FAF8B92149224840F26B12E8
:10B9D00003F07FFE40F26B1161E703F07F0343F059
:10B9E000080363731E4B9C4207D11E491948562217
:10B9F00003F06FFE56211B4852E7204605F0E0FF9A
:10BA00006EE74FF0000998E72846FFF725F815493B
:10BA100010484FF4DD7203F05CFE4FF4DD71EAE78D
:10BA20000A4800F0D7F900283FF446AF85F31188A3
:10BA3000BFF36F8FFB077FF54CAF0A49054840F213
:10BA40003D5203F046FE40F23D51D4E7BC57002082
:10BA5000739B0300188B0300A05700209031002037
:10BA6000D02F002054C50300845700202DE9F04159
:10BA7000044616461D46EFF31187402383F31288D0
:10BA8000BFF36F8F364800F097F938B9354936481B
:10BA9000882203F01EFE882132481FE0304800F063
:10BAA000AFF9637B1B073FD455EA06034AD0DFF8A2
:10BAB000C480D8F80800A04247D0A26800F158031B
:10BAC0009A4242D0EFF3058353B12849264840F209
:10BAD0005F5203F0FEFD254840F25F5103F0F0FD98
:10BAE00004F1580105F074FFB5F1FF3F08BFB6F14E
:10BAF000FF3F07D0D8F808001D4932462B461830C2
:10BB000000F0D0F9164800F065F940B9154916481B
:10BB100040F26B1203F0DDFD40F26B11BCE73846DA
:10BB2000BDE8F041FEF798BF00240D4800F052F93F
:10BB300070B90C490C4840F2311203F0CAFD40F2D2
:10BB40003111A9E76FF00F04EFE76FF02C04ECE779
:10BB500087F31188BFF36F8F2046BDE8F08100BFE7
:10BB6000BC570020739B0300188B030054C50300CF
:10BB7000211A0300845700202DE9F8430646884621
:10BB80001746EFF31189402383F31288BFF36F8FB9
:10BB90001C4800F011F9054640B91B491B48882292
:10BBA00003F097FD8821184803F08AFD154800F03E
:10BBB00027F93468A6421AD0DCB12046C4F8988030
:10BBC0002761FEF7A9FF04F1180000F035FA2046BE
:10BBD000FEF7BCFF0B4800F0FDF860B90A490B48BE
:10BBE00040F2311203F075FD40F23111DBE7002520
:10BBF000F0E72546EEE789F31188BFF36F8F2846FB
:10BC0000BDE8F883BC570020739B0300188B03002A
:10BC1000D3B5DDE90667089CCDE90067FFF7E8F9D1
:10BC20001CB1034B9B681B69236002B0D0BD00BFF1
:10BC30008457002008B568B10E4B98420AD303F12F
:10BC40001802904206D2C01A1822B0FBF2F302FB8F
:10BC5000130343B108490948382203F03AFD064866
:10BC6000382103F02DFD064BC0105843054B01222F
:10BC70001A5408BD70320020A2C50300188B0300BF
:10BC8000ABAAAAAAE1620020C3897F2B12D80A4B73
:10BC90001B6863B1094B90F90E201B689A4209DBBF
:10BCA000437BDB0606D1064BC31A18BF012303F002
:10BCB000010070470023FAE7680B0020C4570020FA
:10BCC000D02F002070B50E4B0E4C1E7C06EB4603A9
:10BCD00004EBC3040546204600F0AEF90A4B0022EF
:10BCE00028469A55FFF7D0FF48B1084B08491A6813
:10BCF000013A2046D317BDE8704000F0D3B870BDBC
:10BD00008457002070320020E1620020680B002080
:10BD100035BC020038B5EFF31185402383F3128858
:10BD2000BFF36F8F1E4800F047F840B91D491E4809
:10BD3000882203F0CEFC88211A4803F0C1FC184881
:10BD400000F05EF8194B1A4A9C681068A0420ED1A8
:10BD5000FFF7B8FF124800F03DF8E0B9114912486A
:10BD600040F2311203F0B5FC40F23111E4E700215A
:10BD70001B7C11600F4AD35C002BEBD02046FFF7F1
:10BD800083FF0028E6D0637BDB0602D12046FEF766
:10BD90003DFF2046DCE785F31188BFF36F8F38BD88
:10BDA000BC570020739B0300188B030084570020AE
:10BDB000C0570020E1620020006838B1044B1B7CB2
:10BDC00000F00300C01A18BF01207047012070471F
:10BDD00084570020002302680360EFF30581074BBE
:10BDE00019B19968497BC90706D4197C986808433A
:10BDF000831A5842584170470120704784570020E9
:10BE0000024B1A7C9B6813430360704784570020E1
:10BE10000748084A084908B5121A05F04AFD0748BC
:10BE2000074A0849BDE80840121A05F042BD00BFA4
:10BE300000050020A00F002088C70300B8040020E0
:10BE40000005002040C70300024B1868984208BF55
:10BE5000002070476C0B0020034B1B680BB9F7F7F1
:10BE600029BD0020704700BFC857002030B570B111
:10BE70000B4B5B6898420AD0036843B1D3E90421B5
:10BE8000D0E90445121941EB0501C3E90421D0E9C9
:10BE9000003213605A600023C0E9003330BD00BF98
:10BEA0006C0B0020B3F1FF3F08BFB2F1FF3F2DE95B
:10BEB000F74F044690469B4615461F4600F0AA8061
:10BEC000D0F80090B9F1000F08D0544954487222BC
:10BED00003F0FFFB5148722103F0F2FB8160EFF3A6
:10BEE00011830193402383F31288BFF36F8F4D4872
:10BEF000FFF762FF824638B94B494948882203F070
:10BF0000E8FB88214848E7E74648FFF779FFB8F1A2
:10BF1000FF3F7BF1FF33454A1FDBFFF79DFF434A9D
:10BF20000135D2E900174BF1000B2D184BEBE073F4
:10BF3000C4E904536D18064643EB0707FFF784FF77
:10BF4000DFF8F0E0DEF804900346F3B9C4E900E955
:10BF5000C9F80040CEF8044029E0D2E900126FF0A1
:10BF600001035B1A4FF0FF3161EB0202B3EB0803F0
:10BF700062EB0B02012B72F10001BCBF01234A46A8
:10BF8000C4E904324FF0000AD8E7D3E9041CD4E92D
:10BF900004208A4270EB0C0B29DA891A5A686CEB80
:10BFA0000000C3E90410C4E9003214605C60FFF7CC
:10BFB0004BFF84420ED11E4B1B685BB9BAF1000FD8
:10BFC00002D1FFF749FF0646304605F04BFD002140
:10BFD000F7F74AFC1348FFF7FDFE88B912491048ED
:10BFE00040F2311203F075FB40F231118AE7521A28
:10BFF00060EB0C009945C4E90420A7D01B68A4E7B6
:10C00000019B83F31188BFF36F8F2846394603B035
:10C01000BDE8F08F00252F46F7E700BFCAC5030033
:10C02000188B0300CC570020739B0300883200203C
:10C03000C85700206C0B002070B50446EFF3118642
:10C04000402383F31288BFF36F8F1E48FFF7B4FEBF
:10C0500040B91D491D48882203F03BFB88211A483E
:10C0600003F02EFB1748FFF7CBFE23680BB3FFF757
:10C07000EBFE05462046FFF7F9FE00224FF0004395
:10C08000A542C4E9042306D1FFF7E6FE05F0EAFC69
:10C090000021F7F7E9FB00240A48FFF79BFE58B997
:10C0A00009490A4840F2311203F013FB40F2311102
:10C0B000D5E76FF01504EFE786F31188BFF36F8FB4
:10C0C000204670BDCC570020739B0300188B0300E3
:10C0D0002DE9F04D0446EFF31186402383F31288D7
:10C0E000BFF36F8F3E48FFF767FE40B93D493E48BA
:10C0F000882203F0EEFA88213A4803F0E1FADFF8EB
:10C10000F0803748394FFFF77BFEC8F80040FFF753
:10C110009BFE4FF0000A04464FF0000BD8F80030A9
:10C12000D7E9001CD81754B1D4E90452AB4270EBE4
:10C13000020E1EDAED1A62EB0002C4E904525B182B
:10C140004CEB00000024C7E900302046C8F800404E
:10C1500005F088FC2146F7F787FB2148FFF73AFEF8
:10C16000A8B186F31188BFF36F8FBDE8F04DFFF7DC
:10C17000D1BD69184CEBE5732046C4E904ABC7E9AF
:10C180000013FFF773FE1648FFF724FE40B9154968
:10C19000154840F2311203F09CFA40F23111ABE73E
:10C1A00086F31188BFF36F8FA36820469847EFF39B
:10C1B0001186402383F31288BFF36F8F0848FFF77F
:10C1C000FBFD002892D00648FFF71AFED8F8003091
:10C1D0005B1BC8F80030FFF737FE04469EE700BF40
:10C1E000CC570020739B0300188B0300883200207B
:10C1F000C857002070B5EFF31186402383F31288EF
:10C20000BFF36F8F1548FFF7D7FD40B914491548A4
:10C21000882203F05EFA8821114803F051FA0F4892
:10C22000FFF7EEFDFFF718FE0F4AD2E900450419AB
:10C2300045EBE0750948FFF7CDFD40B908490948CD
:10C2400040F2311203F045FA40F23111E4E786F38F
:10C250001188BFF36F8F2046294670BDCC57002050
:10C26000739B0300188B030088320020F8B5044646
:10C27000EFF31187402383F31288BFF36F8F4A488F
:10C28000FFF79AFD40B949494948882203F021FA4D
:10C290008821464803F014FA4348FFF7B1FD2268AD
:10C2A0006AB14148FFF796FD002878D13F494048E0
:10C2B00040F2311203F00DFA40F23111E9E7D4E90E
:10C2C0000A36581C46F10001022871F1000127D3FB
:10C2D000012B76F10001BCBF012316465D1E46F11D
:10C2E000FF3605F0DAFB013041F10001401946EB61
:10C2F0000101012871F100014CDB05F0CEFB01309A
:10C3000041F100016FF00102401946EB0103121ADE
:10C310004FF0FF3161EB030326492046FFF7C2FDD2
:10C32000236B01332363236AD3B11F48FFF752FD08
:10C330000028BBD087F31188BFF36F8F236A204694
:10C340009847EFF31187402383F31288BFF36F8F71
:10C350001548FFF731FD002895D01348FFF750FD31
:10C3600054F8185FA5429CD0002D9AD02846FEF7BD
:10C37000C7FD00230C48C5F89830FFF72BFD0028B7
:10C3800094D087F31188BFF36F8F2846BDE8F8403B
:10C39000FEF7AABC6FF001024FF0FF33BCE787F352
:10C3A0001188BFF36F8FF8BDD0570020739B030037
:10C3B000188B03006DC202002DE9F84306461446AF
:10C3C0001D4691469846EFF31187402383F3128868
:10C3D000BFF36F8F2348FFF7EFFC40B92249234892
:10C3E000882203F076F988211F4803F069F91D4877
:10C3F000FFF706FDB5F1FF3F08BFB4F1FF3F0CD1D9
:10C400001848FFF7E7FC38BB1749184840F23112CB
:10C4100003F05FF940F23111E6E7631C75F1FF3379
:10C420000ADB012C75F100032246BCBF0122002566
:10C4300012F1FF3945F1FF383046FFF7FDFDDDE928
:10C440000823C6E90A23002333634A46434630469D
:10C450000749FFF727FDD3E787F31188BFF36F8FF5
:10C46000BDE8F883D0570020739B0300188B0300AE
:10C470006DC202002DE9F84F4F1E0F4206460D46D1
:10C480009A4607D025492648172203F022F917219A
:10C49000224817E0141D3ED241F0040B00F11408AD
:10C4A000EFF31189402383F31288BFF36F8F404667
:10C4B000FFF782FC40B91B491948882203F009F9AB
:10C4C0008821184803F0FCF84046FFF799FC224603
:10C4D00059463046D04704464046FFF77BFC40B9FA
:10C4E00010490F4840F2311203F0F3F840F23111D5
:10C4F000E7E789F31188BFF36F8F64B1204640F8F6
:10C50000046B4DB1384207D004490548342203F08A
:10C51000E0F83421BCE70020BDE8F88FEEC5030049
:10C52000188B0300739B03002DE9F04105460E466E
:10C53000174605F03DFA30B9074B9B68D3F8904099
:10C5400014B9BDE8F081054C3B46324629462046E9
:10C55000BDE8F041FFF78EBF84570020680D002032
:10C560000246024B02480021FFF784BF0FF502008C
:10C57000680D0020014BC0F890307047680D002016
:10C580000146024A0020FFF7CFBF00BF0FF50200AF
:10C5900038B50B4C0B4DAC420FD90B490B481A2246
:10C5A00003F097F808481A2103F08AF8D4E9011239
:10C5B000204605F0A3FA1834EDE7F7D3002038BD84
:10C5C000680D0020800D002012C60300188B0300A8
:10C5D000F8B504460E4600F11405EFF31187402329
:10C5E00083F31288BFF36F8F2846FFF7E5FB40B94E
:10C5F00016491748882203F06CF88821134803F085
:10C600005FF82846FFF7FCFB20463146EBF77EF843
:10C6100004F10C0005F012FA28B139462846BDE8AD
:10C62000F840FEF749BE2846FFF7D4FB40B907495A
:10C63000074840F2311203F04CF840F23111DDE7C7
:10C6400087F31188BFF36F8FF8BD00BF739B0300A2
:10C65000188B030007B5074B0093074907484FF0B5
:10C66000FF334FF48072FEF739F8002003B05DF815
:10C6700004FB00BF303B0300809D0020903200206F
:10C6800010B50A4C23681BB101232360002010BDA4
:10C6900000F0E8F80028F7D00138062803D8044B4A
:10C6A00053F8200010BD034810BD00BFD457002030
:10C6B000383B0300FE8FFFFFBFF34F8F0549064B4A
:10C6C000CA6802F4E0621343CB60BFF34F8F00BF30
:10C6D000FDE700BF00ED00E00400FA0510B40A4BCE
:10C6E0000A490B4C4FF0FE32C3F800244968C3F8E6
:10C6F0000424C3F80824C3F80C240023C4F800352C
:10C700005DF8044B084700BF00B00250740B0020D6
:10C7100000A00250D0E90012014BC3E9001270479B
:10C72000740B002010B5044650B1636813F0685FC5
:10C7300005D0064A934202D000232360626010BDF8
:10C74000034B04485B689847EFE700BF2C5F5CA988
:10C75000740B0020543B0300C8B143680D4A934258
:10C7600013D013F0685F0ED0012350E8002F194654
:10C7700040E8001C9CF0000FF7D1012AF5D0BFF370
:10C780005F8F0020704704487047044870476FF47B
:10C79000E04070472C5F5CA9E98FFFFFEA8FFFFF45
:10C7A00080B14368094A93420AD013F0685F05D00C
:10C7B000BFF35F8F0023036018467047044870473B
:10C7C000044870476FF4E040704700BF2C5F5CA9DD
:10C7D000E98FFFFFEA8FFFFF10B5044620B1044B3D
:10C7E00063600022226010BD0248FFF777FFF6E782
:10C7F0003A00003A7C3B030070B5D0E90023154CA9
:10C80000154D6360D0E90230C4E902302260486807
:10C810000E68124BC3E90060D5F818018E689E605F
:10C8200010F0685FCE680969DE60196110D00C49AC
:10C83000C5F8BC110023C5E9453105F58A70C5F876
:10C84000B8319047236805F5DC70BDE870401847A3
:10C8500070BD00BF900B0020EC5700207C0B002027
:10C860002C5F5CA938B500F02FF820B1032400F04C
:10C8700063F8204638BD00F031F898B900F0ACF804
:10C8800098B90F4DD5F828391B0EF02B08D1D5F8E3
:10C89000242A0C4B9A420AD0072400F017F8E6E746
:10C8A0000624FAE70424204638BD0024F5E70120D9
:10C8B00000F092F804460028F7D1C5F80C0AD8E732
:10C8C00000B002500000E0200020704700207047B8
:10C8D000014BC3F8040A704700B0025010B511486C
:10C8E00000F048F800B110BD0F4800F043F80028F0
:10C8F000F9D10E4C204600F03DF80028F3D10C4B46
:10C900000C481C6000F036F801460028EBD100F01E
:10C910002DF8044608B1204610BD00F03FF820462F
:10C92000FAE700BFD00B0020CC0B0020C80B002082
:10C93000C00B0020C40B002008B5084800F024F804
:10C94000074800F021F8074800F01EF8064800F0FC
:10C950001BF8BDE8084000F00BB800BFD00B00206A
:10C96000CC0B0020C80B0020C40B00200020704717
:10C97000704700BF08B5034B02681B6810689847F2
:10C98000002008BD900B002008B5034B02685B68CF
:10C9900010689847002008BD900B002070B5094C26
:10C9A000094D2069AB68984718B1084B08485B6887
:10C9B0009847084AEB68206900211160BDE8704083
:10C9C000184700BF7C0B0020900B0020740B002048
:10C9D000A03B0300E8570020F8B51A4D1A4E044654
:10C9E000B26828699047E8B9184F3B684CB1A3B1C9
:10C9F000012B19D0013B3B602869F3689847002060
:10CA0000F8BD43B9124A0121C2F800151149D1F805
:10CA10001029002AFBD101333B60F368286998474D
:10CA20000020F8BD0C48F8BD0A4AD2F81039002B96
:10CA3000FBD1074A6FF07E40C2F80035FFF748FF90
:10CA40003B68D7E77C0B0020900B0020E8570020C4
:10CA500000A0025000B00250E98FFFFF2DE9F04F17
:10CA600085B09046464A029089461E460D462B46A2
:10CA700015F8014B175D17F00807F8D12D2C41D19F
:10CA80002C7801279D1C002E41D1302C4CD00A2639
:10CA900007F1004A07F1FF3B0AF1FF3AF31732466C
:10CAA000584651460393D4F7A7F9019200228E46C7
:10CAB000844611461046A4F13003092B05D9A4F190
:10CAC0004103192B37D8A4F137039E423DDD541C96
:10CAD00015D084457EEB010234D38E4508BF8445D2
:10CAE00002D1019A9A422DDB039A714300FB021195
:10CAF000A6FB00020A44181842EBE371012215F864
:10CB0000014BD8E72B2C04BF2C789D1CBBE7102EC3
:10CB1000BED1302CBCD12B7803F0DF03582BB7D11A
:10CB20006C7810260235B3E72B7803F0DF03582B1F
:10CB3000F6D00826ACE7A4F16103192B05D8A4F1BF
:10CB40005703C2E74FF0FF32D9E7531C0AD1029ACC
:10CB50002223136058465146B8F1000F0AD105B0A0
:10CB6000BDE8F08F17B1404261EB4101B8F1000F11
:10CB7000F5D00AB105F1FF39C8F80090EFE700BF22
:10CB80003EC6030013460A46014602480068FFF706
:10CB900065BF00BFD40B00202DE9F74F91464A4AEC
:10CBA00001908A461E460D462B4615F8014B175D2F
:10CBB00017F00807F8D12D2C42D12C7801279D1CA5
:10CBC000002E42D1302C4DD00A264FEAE67B324669
:10CBD0005B464FF0FF304FF0FF31D4F70DF932468E
:10CBE000009088465B464FF0FF304FF0FF31D4F79E
:10CBF00003F9002318461946A4F1300CBCF1090FC3
:10CC000037D86446A64245DDB3F1FF3F15D0009BFF
:10CC1000834278EB01033AD3009B884508BF8342E7
:10CC200001D1A24233DB714300FB0B11A6FB0003D1
:10CC30001944201841EBE471012315F8014BDBE79F
:10CC40002B2C04BF2C789D1CBAE7102EBDD1302CA4
:10CC5000BBD12B7803F0DF03582BB6D16C781026AC
:10CC60000235B2E72B7803F0DF03582BF6D0082605
:10CC7000ABE7A4F1410CBCF1190F01D8373CC1E777
:10CC8000A4F1610CBCF1190F04D8573CBAE74FF07E
:10CC9000FF33D2E75A1C0AD1019922220A601846B2
:10CCA0001946B9F1000F0AD103B0BDE8F08F17B1F2
:10CCB000404261EB4101B9F1000FF5D00BB105F134
:10CCC000FF3AC9F800A0EFE73EC6030013460A4644
:10CCD000014602480068FFF75FBF00BFD40B002089
:10CCE00038B510EE105A25F00044B4F1A14FF0EE23
:10CCF000407A10D3B4F1FF4F04D970EE007AB0EE51
:10CD0000670A38BDDFED4D7A9FED4D7A002DC8BF23
:10CD1000F0EE477AF3E74B4B9C4210D8B4F1445FF6
:10CD20000AD29FED497A30EE077AF7EE006AB4EE48
:10CD3000E67AF1EE10FAE2DC4FF0FF3313E004F094
:10CD400054FF424B9C424FD8A3F5D0039C4241D89C
:10CD5000F0EE007ABFEE007AA0EE277A002330EEE4
:10CD6000270AC7EE007A5A1C27EEA76A9FED387A89
:10CD7000DFED385A9FED385A66EE066AE6EE875ABE
:10CD80009FED367AA5EEA67ADFED355AE7EE265A04
:10CD90009FED347AA5EEA67ADFED335AE7EE265AF8
:10CDA0009FED327AA6EE875A9FED317AA5EE267A6C
:10CDB0009FED305AA7EE265A9FED2F7AA5EE267AE0
:10CDC00027EE267AA5EE867A27EE877A21D177EEAE
:10CDD000C77A94E7F7EE007A30EE677A30EE270AEA
:10CDE0000123C7EE007ABEE7244B9C420BD8F7EE36
:10CDF000087AB7EE007AA0EE277A022370EE676A0F
:10CE0000C6EE877AAFE7BFEE007AC7EE007A03235B
:10CE1000A9E71B4A1B4902EB830201EB8303D3ED15
:10CE2000006A37EE667A002D37EE677AD2ED007A27
:10CE300077EEC77AB8BFF1EE677A60E7DB0FC9BF5C
:10CE4000DB0FC93FFFFFDF3ECAF24971FFFF973F8B
:10CE5000D769853C59DA4B3D6BF16EBD356B883D2A
:10CE60006E2EBA3D2549123EABAAAA3E21A215BD9F
:10CE700095879DBD388EE3BDCDCC4CBEFFFF1B40DA
:10CE8000D03B0300C03B030010EE103A07B5124A36
:10CE900023F00043934207D8DFED100A012003B0CE
:10CEA0005DF804EB00F0E0BEB3F1FF4F04D330EEC9
:10CEB000400A03B05DF804FB684600F027FB400021
:10CEC00000F00200DDED010A9DED000AC0F1010055
:10CED00000F0CAFEEDE700BFDA0F493F0000000096
:10CEE00038B52DED028B55EC104BD8F799FE164B4B
:10CEF000B0EE408AF0EE608A93F9003001331CD026
:10CF000022462B4620462946D3F798FEA8B945EC81
:10CF1000104B04F076FE0D4B51EC100B0022D3F7B2
:10CF200083FE50B103F035FBBDEC028B212303607F
:10CF3000BDE838400648D9F7EBB9B0EE480AF0EE44
:10CF4000680ABDEC028B38BDE10C00200000F03F08
:10CF5000909F030038B52DED028B55EC104B00F07F
:10CF600085F8154BB0EE408AF0EE608A93F90030F8
:10CF7000013319D022462B4620462946D3F75EFEC0
:10CF800090B90022002320462946D3F72FFE58B13E
:10CF900003F0FFFA21230360002200231046194604
:10CFA000D3F7DCFC41EC180BB0EE480AF0EE680A4F
:10CFB000BDEC028B38BD00BFE10C002008B52DEDA3
:10CFC000028BB0EE408A00F009F9134B93F9003060
:10CFD0000133F0EE408A1AD0B4EE488AF1EE10FA2E
:10CFE00015D6B0EE480A04F000FEF7EE007AB4EE73
:10CFF000E70AF1EE10FA0ADD03F0CBFABDEC028B82
:10D0000021230360BDE80840044800F051BFB0EEA2
:10D01000680ABDEC028B08BDE10C0020909F030064
:10D0200008B52DED028BB0EE408A04F0E7FD0D4B04
:10D0300093F90030013311D0B4EE488AF1EE10FAC2
:10D040000CD6DFED098AB4EEE88AF1EE10FA05D5C8
:10D0500003F09FFA88EEA80A21230360BDEC028B3F
:10D0600008BD00BFE10C0020000000002DE9F041E8
:10D07000594A55EC104BAA432B4620460FD1224665
:10D080002946D3F741FB02460B4620462946D3F7F3
:10D0900085F904460D4645EC104BBDE8F081002DA6
:10D0A0000DDC25F000422243F5D095B122462946F9
:10D0B000D3F772F902460B46D3F750FCE9E72A157D
:10D0C00015D1002109E0C30A153A4005002BFAD01A
:10D0D000F7E72A46FAE75B000131DD02FBD54C1E7B
:10D0E000121BC1F1200420FA04F423438840C3F347
:10D0F0001303D40743F480135CBF5B0003EBD073CE
:10D10000A2F2FF3558BF40005B0000266D1003EB14
:10D11000D07347004FF0160EB0464FF4001208EBE4
:10D1200002019942DEBF5B1A02EB0108B6185B00F0
:10D13000BEF1010E03EBD7734FEA52024FEA4707E5
:10D14000EDD1F44620204FF00041984501EB0E024E
:10D150002FDB0BD1BA4209D8002A01EB020E02DA0A
:10D16000BEF1000F2CDA0023BF1A8C445B0001389B
:10D1700003EBD7734FEA51014FEA4707E5D13B4331
:10D1800008D0BCF1FF3F13BF0CF101030136844608
:10D1900023F0010C72104FEA5C03F10702F17F5299
:10D1A00002F5001248BF43F0004302EB0551184658
:10D1B0006FE7002A01EB020E0BDABEF1000F08DB6D
:10D1C00008F10104BA42A3EB080300D9013BA046D1
:10D1D000CAE74446F6E700BF0000F07F08B510EE4E
:10D1E000103A23F00042B2F17E5F2DED0C8B0AD194
:10D1F0009FED650ADFED657A002BC8BFB0EE670AC8
:10D20000BDEC0C8B08BD04D930EE408A88EE080ACC
:10D21000F6E7B2F17C5F3CD2B2F10C5F40F2B18034
:10D2200060EE007ADFED5A6A9FED5A7A9FED5A6AF6
:10D23000A7EEA67ADFED596AE7EE276A9FED587AE6
:10D24000A6EEA77ADFED576AE7EE276A9FED567ADA
:10D25000A6EEA77ADFED556AA7EEA66ADFED546A5F
:10D26000E6EE276A9FED536AA6EEA76AF7EE006A1C
:10D27000E6EE276A27EE277ADFED4F7A87EE266AF9
:10D28000E0EE467A70EE677A9FED4C0A30EE670A60
:10D29000B6E7002BDFED3EDADFED3ECA9FED3FCA79
:10D2A000DFED3FBA9FED3FBADFED3F8A9FED3FDAFA
:10D2B000DFED39AA9FED3EAADFED3E9AB7EE009A68
:10D2C000F6EE007A28DA30EE098A28EE270AE0EE38
:10D2D0002DCAE0EE0DAAACEE80CAAAEE80AAECEE52
:10D2E00000BAEAEE009AABEE80BAA9EE809AEBEEB5
:10D2F000008A68EE808A04F081FC88EE897ADFED8E
:10D30000307AE0EE077AB0EE007A77EE807A9FED21
:10D310002D0AA7EEC70A73E739EE408A28EE278A5E
:10D32000B0EE480A04F06AFCE8EE2DCAE8EE0DAA59
:10D33000ACEE88CAAAEE88AAECEE08BA10EE103A53
:10D34000ABEE88BA23F47F6323F00F03EAEE089A6A
:10D3500007EE903AEBEE088AB0EE486AA7EEE76A6D
:10D36000A9EE889A70EE276A68EE888A86EE267A99
:10D37000C8EE896AA0EE267A37EE870A30EE000AF8
:10D380003EE79FED110A3BE7DB0F4940000000003C
:10D3900008EF1138047F4F3A613330BF461124BD86
:10D3A000A80A4E3E90B0A6BEABAA2A3E2EC69D3D10
:10D3B0002D57014039D119C06821A233DA0FC93F76
:10D3C0006821A2B3DA0F4940DB0FC93F10EE902A63
:10D3D00022F00041B1F1FF4F10B5F0EE407A06D8CF
:10D3E00010EE100A20F00043B3F1FF4F04D977EE9E
:10D3F000A07AB0EE670A10BDB2F17E5F03D1BDE83E
:10D400001040FFF76DBC941704F0020444EAD07496
:10D4100043B9022C5ED09FED347A032C08BFF0EEA6
:10D42000477AE6E741B9DFED317A9FED317A00289E
:10D43000B8BFF0EE477ADCE7B1F1FF4F10D1B3F19E
:10D44000FF4F04F1FF3407D1022C46D8294B03EBE0
:10D450008403D3ED007ACCE7022C41D8264BF6E7C3
:10D46000B3F1FF4FDFD05B1AB3F1F45F4FEAE35142
:10D470001ADA002A01DA3C3119DB87EEA00A04F03F
:10D48000B4FBFFF72DFCF0EE407A012C12D0022CF9
:10D4900017D0002CADD09FED197A77EE877A9FEDEB
:10D4A000187A77EEC77AA4E7DFED107AEDE7DFEDC3
:10D4B000157AEAE717EE903A03F1004307EE903A47
:10D4C00097E79FED0E7A77EE877A9FED0D7A77EEEC
:10D4D000677A8EE7DFED0A7A8BE7DFED0B7A88E774
:10D4E000DFED087A85E700BFDB0F49C0DB0FC93FDE
:10D4F000DB0FC9BFEC3B0300E03B03002EBDBB3399
:10D50000DB0F494000000000DB0F493FF0B510EE93
:10D51000106A884B26F000459D4287B0044605D826
:10D52000002380ED000A4360002022E0824B9D42F0
:10D530003AD826F00043002E9FED807A804A23F0EF
:10D540000F0318DD934270EE477A09BF9FED7D7A95
:10D55000DFED7D6ADFED7D6A77EEC77A37EEE67A3A
:10D5600077EEC77A80ED007A77EEE67AC0ED017A41
:10D57000012007B0F0BD934270EE077A09BF9FED1E
:10D58000717ADFED716ADFED716A77EE877A37EED7
:10D59000A67A77EEC77A80ED007A77EEA67AC0EDAC
:10D5A000017A4FF0FF30E4E7694B9D4273D804F0F5
:10D5B0001CFB9FED687AF6EE007AE0EE077AFDEE4E
:10D5C000E77AB8EEE77A17EE900ADFED5C7AA7EE1D
:10D5D000670A1F28DFED5C7A67EE277AB1EE476AAB
:10D5E00070EE676A16EE901A09DC5B4A471E26F059
:10D5F000004352F8272023F0FF03934207D1C1F3E1
:10D60000C752C2EBD552082A4FEAE55314DC216019
:10D6100094ED007A30EE470A002E30EE670A84ED72
:10D62000010AA6DAB1EE477AB1EE400A84ED007A3B
:10D6300084ED010A40429CE7DFED425AF0EE406A79
:10D64000E6EE256A70EE667AE6EE257ADFED3F5A61
:10D65000D7EE257A76EEE75A15EE902AC2F3C75137
:10D660005B1A192B04DCC4ED005AB0EE660ACFE752
:10D67000DFED3A5AB0EE660AA6EE250A76EEC07ADB
:10D68000DFED376AE6EE257AD7EE267A30EE677A56
:10D6900084ED007ABCE7B5F1FF4F06D370EE407A17
:10D6A000C0ED017AC0ED007A3EE7EA15863AA5EBB7
:10D6B000C25307EE903ABDEEE77ADFED2A6AB8EE84
:10D6C000C77A77EEC77A8DED037A67EEA67ABDEE5C
:10D6D000E77AB8EEC77A77EEC77A8DED047A67EE0F
:10D6E000A67AF5EE407AF1EE10FACDED057A1ED16C
:10D6F000B5EE407AF1EE10FA0CBF012302231A496D
:10D7000001910221009103A8214600F02FF8002E7C
:10D71000BFF62FAFD4ED007AF1EE677AC4ED007A50
:10D72000D4ED017AF1EE677AC4ED017A82E7032342
:10D73000E5E700BFD80F493FE3CB1640800FC93F54
:10D74000D00FC93F004435374344353708A3852EF1
:10D75000800F494384F9223FF83B030000A3852E44
:10D7600032318D2400008043783C03002DE9F04FD6
:10D770002DED048BD9B090469B46669ABE4BDDF8E2
:10D780009CC153F822A0019018F1040F0F460BF131
:10D79000FF3325DBB8F1030248BF08F10402D210C1
:10D7A000551CE900D41A9FEDB87A0291A8EBC50583
:10D7B0000AEB03060DF170090CEB840E0021B14257
:10D7C00010DD1CA901EB8B010DF58879002656456B
:10D7D00026DCDDF804E0DFEDAC7A0C46002016E034
:10D7E0000022DDE7CC425DBF5EF8210007EE900A23
:10D7F000F8EEE77AF0EE477AE9EC017A0131DEE7FC
:10D80000FEEC016A94ED007AE6EE877A01309842E8
:10D81000A4F10404F4DDE9EC017A01360431D6E721
:10D8200008A901EB8A010CEB8202DFED968A9FEDDD
:10D83000949A049103925446A200059258AA02EBCE
:10D84000840212ED140A44A908AA01EB84011646C9
:10D8500020460028A1F104014EDC2846CDE906321D
:10D8600000F02CFBB0EE408AB4EE000A28EE000A6D
:10D8700000F0DAFAF2EE007AA0EE678A002DDDE918
:10D880000632FDEEC87A17EE909AF8EEE77A38EE97
:10D89000678A43DD601E08A9C5F1080C51F82060B5
:10D8A00046FA0CF1894401FA0CF1761A08A941F8FC
:10D8B0002060C5F107010E41002E3EDD4FF0000C47
:10D8C00009F10109604664456ADC002D05DD012D82
:10D8D00000F08380022D00F08B80022E2DD1B7EE58
:10D8E000000A30EE488A40B32846069300F0E6FA74
:10D8F000069B38EE408A20E060EE287A0138FDEE83
:10D90000E77AF8EEE77AA7EEC90ABDEEC00AA6EC00
:10D91000010A91ED000A37EE800A9AE705D1611EEF
:10D9200008A850F821603612C6E7F6EE007AB4EE89
:10D93000E78AF1EE10FA31DA0026B5EE408AF1EE10
:10D9400010FA40F0A380611E0020514557DA0028EC
:10D9500071D0013C08AB083D53F82430002BF8D0BF
:10D960002846B7EE000A00F0A9FA631C44AA9FED0E
:10D97000457A990002EB83022346002B80F2B480A3
:10D980002346002BC0F2D28044AA02EB8305DFF8C5
:10D99000ECC0DFED3D7A0020E21ABCE002268DE704
:10D9A00096465EF8041B60B981B10CF1010CC1F51B
:10D9B000807164454EF8041C0DDDDEF8001002F1A4
:10D9C000080EC1F1FF014EF8041C01210CF1010CFD
:10D9D0007246084677E7012077E7611E08AA52F8E9
:10D9E000212002F07F020DF1200C4CF8212074E779
:10D9F000611E08AA52F8212002F03F02F3E708AAAC
:10DA000052F82120013910439FE7013251F8040DEB
:10DA10000028FAD0059901F5B071694404EB0B00B8
:10DA20000DF1700C661C4C390CEB80002244B242A4
:10DA300004DA144600E704990122E7E7039CDDF8C5
:10DA400004C054F82640059407EE904AF8EEE77AB1
:10DA50000024E0EC017ADFED0C7A86469C4203DD7F
:10DA6000E1EC017A0136E2E7FCEC016A3EED017A75
:10DA70000134E6EE877AF1E7BC3F0300903F0300F4
:10DA8000000080430000803B00000000029BB0EEDD
:10DA9000480AA3EB080000F011FA1FED077AB4EE74
:10DAA000C70AF1EE10FA19DB5FED0A7A60EE277A09
:10DAB00008AAFDEEE77A0835F8EEE77AA7EEC70A7E
:10DAC000FDEEE77ABDEEC00A10EE103A42F82430BF
:10DAD00017EE903A013442F8243041E7BDEEC00A17
:10DAE00008AA10EE103AF6E708A850F823000190B3
:10DAF00007EE900AF8EEE77A013B67EE807A20EEB7
:10DB0000070A62ED017A38E7FCEC016AB5EC017AAC
:10DB1000E6EE877A0130504501DC8242F4DA58A8FB
:10DB200000EB820242ED287A013B2AE7669B022B3A
:10DB300009DC002B2BDC44D009F0070059B0BDEC08
:10DB4000048BBDE8F08F669B032BF5D130AA0B1F29
:10DB500013441A4620460028A2F1040252DC224651
:10DB6000012AA3F104035DDC30AB5FED397A0B448D
:10DB7000012C67DCDDED306A9DED317A002E67D136
:10DB8000C7ED006A87ED017AC7ED027AD4E730ABC2
:10DB90001FED437A0B442246002A24DA4EB3F1EEFD
:10DBA000477AC7ED007ADDED307A77EEC77A31AA91
:10DBB00001239C4220DA0EB1F1EE677AC7ED017ABB
:10DBC000BAE730AB5FED507A0B44002C05DA0EB1AA
:10DBD000F1EE677AC7ED007AAEE733ED017A013CEA
:10DBE00077EE877AF1E773ED017A013A37EE277A1B
:10DBF000D2E7F0EE477AD4E7B2EC017A013377EE60
:10DC0000877AD6E7D2ED007AD2ED016A37EEA67AAE
:10DC1000013877EEC77A82ED007A77EEA67AC2ED08
:10DC2000017A98E7D3ED007AD3ED016A37EEA67A50
:10DC3000013A77EEC77A83ED007A77EEA67AC3EDE4
:10DC4000017A8DE733ED017A013C77EE877A8FE731
:10DC5000F1EE666AB1EE477AC7ED006A87ED017AA8
:10DC6000F1EE677A90E700BF08B510EE103A23F0A6
:10DC70000042B2F1465FF0EE407A17D2BDEEC07AB4
:10DC800017EE101A41BB431C134308D103F0ADFF3C
:10DC9000B7EE007AC7EE007AB0EE670A08BD012839
:10DCA000FAD0BFEE007AC7EE007AF5E74C498A4217
:10DCB00012D3002B9FED4B7AB8BFF1EE407A37EECE
:10DCC000677ADFED497AB8BFF1EE600A77EEE07A65
:10DCD000DFED460A77EE877A67EEA76ADFED445AF2
:10DCE0009FED446A9FED445A3D4926EEA67A8A424A
:10DCF000A7EE256ADFED415AE6EE075A9FED406A2E
:10DD0000A5EE876ADFED3F5AE6EE075A9FED3E6AC1
:10DD1000A5EE876ADFED3D5AE7EE055A9FED3C5AC6
:10DD2000A5EE875ADFED3B5AE5EE075A9FED3A5ACA
:10DD3000A5EE875ADFED395AE5EE075AB0EE467A7E
:10DD4000A5EEA67A27EEA65AB0EE606AA7EE056A9F
:10DD50009FED337AE6EE260AE5EE070A37EEA06A73
:10DD60001DD307EE100AB8EEC77A26EE065A36EE35
:10DD7000076A9B17C5EE065A03F00203C3F10103BD
:10DD800006EE903A35EEE06AF8EEE66A77EEC67A8D
:10DD9000B0EE006AA7EEC67A66EE877A7CE70128C5
:10DDA0001BD0204B16EE102A1A4005EE902A75EE75
:10DDB000E77AB7EE007A70EEE70AFFEE007AC7EE78
:10DDC000866A16EE902A134007EE903AA5EEA77ADF
:10DDD000A0EEA77AE7EE267A5EE7F0EE467A5BE7FA
:10DDE00040A12C3FDA0F493F682122330000000098
:10DDF0005FAE9BB745F4A3388453D937C8261A3A87
:10DE000016696B3BA427B33C8988083E7AC09538D5
:10DE1000B937813948DEBE3A1F37113CD10D5D3D1F
:10DE2000ABAAAA3E00F0FFFF10EE103AC3F3C752B0
:10DE30007F3A162A23F000412BDC002A12DADFEDAC
:10DE4000197A30EE270AB5EEC00AF1EE10FA06DDB7
:10DE5000002B24DA0029144B08BF4FF0004300EEDA
:10DE6000103A7047114911410B42FAD0DFED0D7A9B
:10DE700030EE270AB5EEC00AF1EE10FAEFDD002B06
:10DE8000BEBF4FF4000040FA02F29B1823EA0103E0
:10DE9000E5E7B1F1FF4FE4D330EE000A704700230D
:10DEA000DDE700BFCAF24971000080BFFFFF7F00BD
:10DEB0009FED010A704700BF0000C07F10EE103ACE
:10DEC00033F000422AD0B2F1FF4F02D330EE000A05
:10DED000704713F0FF4F22D1224BDFED237A984297
:10DEE00020EE270A16DB10EE103AC3F3C752193A98
:10DEF0001044FE2815DDDFED1D7ADFED1D6A10EE02
:10DF0000103AB0EE677A002BB8BFF0EE667A27EED3
:10DF1000870A7047DFED177A27EE800A7047D20D27
:10DF2000E6E7002806DD23F0FF4343EAC05300EE96
:10DF3000103A704710F1160F09DADFED0E7ADFEDB7
:10DF40000E6A10EE103AB0EE677A002BDCE719305B
:10DF500023F0FF4343EAC0539FED080A07EE903ACF
:10DF6000DAE700BFB03CFFFF0000004CCAF2497185
:10DF7000CAF249F16042A20D6042A28D0000003356
:10DF8000704708B503F089FD4FF47A72A0FB0203D5
:10DF900002FB0131C00B40EA4140C90B08BD08B586
:10DFA00003F07BFD4FF47A72A0FB020302FB013108
:10DFB000C00B40EA4140C90B08BDFDF7F1BB38B5C5
:10DFC000002120EAE0744FF4004540F2E7304FF4BE
:10DFD0007A720023C4FB0501D2F70EFFBDE838407A
:10DFE000FDF7A2BB704708B503F057FD4FF47A72F6
:10DFF000A0FB020302FB0131C00B40EA4140C90B08
:10E0000008BD08B50A460021FEF7BCFDB0F1004F7F
:10E0100071F1FF3306DA02F0BCFA222303604FF0FD
:10E02000004008BDB0F1004F71F10001F9DB02F0D2
:10E03000B0FA222303606FF00040F2E70A460021A5
:10E04000FEF744BE03F029BD08B5FFF7FBFF4FF410
:10E050007A72A0FB020302FB0131C00B40EA41408F
:10E06000C90B08BD0120FDF79BBB014640F2E7301C
:10E0700008B54FF47A72002300EBC1304914D2F78F
:10E08000BBFEBDE80840FDF74FBB704770477047C7
:10E09000704770470020704770477047704770475F
:10E0A00070477047704738B52DED028BD0ED007A80
:10E0B000F5EE407AF1EE10FA0D461446B0EE408AC5
:10E0C0000DD1D0ED017AF5EE407AF1EE10FA06D1DD
:10E0D000D0ED027AF5EE407AF1EE10FA03D0B0EE10
:10E0E000480ADCF7F3FBB0EE480A2846DCF714FCDC
:10E0F000B0EE480ABDEC028B2046BDE83840DCF7A4
:10E1000047BC704713B50223044601AA2221002010
:10E11000E0F79CFE18B1DCF7C7FF02B010BD9DF818
:10E1200004209DF805300AB9802B0CD0BDF90430CD
:10E1300007EE903AFAEEEB7AB3EE077A77EE877A4B
:10E14000C4ED007AE9E70120E7E7FDF729BB0146C6
:10E1500040F2E73008B54FF47A72002300EBC1308B
:10E160004914D2F749FEBDE80840FDF7DDBA10B505
:10E170000378012B04460CD180227721002000F087
:10E18000B7F8621C0323BDE8104078210020E0F7B7
:10E1900073BE10BD13B58DF80400C0F303208DF8D5
:10E1A0000500022301AA60210020E0F765FE042299
:10E1B00004466521002000F09BF8044301D0DDF700
:10E1C000B7FC332002B010BD014640F2E73008B57D
:10E1D0004FF47A72002300EBC1304914D2F70CFEE1
:10E1E000BDE80840FDF7A0BA13B50223ADF804005E
:10E1F00001AA1E210020E0F73FFE0222044616215C
:10E20000002000F075F8044301D0DEF781F83320D8
:10E2100002B010BD13B50223044601AA0C21002050
:10E22000E0F714FE18B1DEF791F802B010BDBDF8AA
:10E230000430DBBA07EE903AFAEEEC7AB3EE097AE4
:10E2400077EE877AC4ED007AEFE7FDF7A9BA07B554
:10E2500001238DF807200DF10702DEF7F3FA03B072
:10E260005DF804FB0123DEF731BB08B503F015FCB4
:10E270004FF47A72A0FB020302FB0131C00B40EAAB
:10E280004140C90B08BD13B50223044601AA202151
:10E290000020E0F7DBFD18B1E0F7B6FA02B010BDE0
:10E2A000BDF9043007EE903AFAEECC7AB3EE097A73
:10E2B00077EE877AC4ED007AF0E730B40C46014679
:10E2C000134651F8040B826815682246AC4630BCF0
:10E2D0006047F0B40C2707FB0214866814F8045C4E
:10E2E00045F0020504F8045CB468A446F0BC60473D
:10E2F00007B58DF804108DF8052001A90222E0F77A
:10E3000051FC03B05DF804FB08B503F0C6FB4FF405
:10E310007A72A0FB020302FB0131C00B40EA4140CC
:10E32000C90B08BD08B5062202234C210120E0F7E5
:10E33000FDFD18B1BDE80840E1F7E2BA08BD08B537
:10E34000042206210120FFF7D3FF18B1BDE80840E1
:10E35000E1F76ABD08BD08B503F09FFB4FF47A7280
:10E36000A0FB020302FB0131C00B40EA4140C90B94
:10E3700008BD08B503F091FB4FF47A72A0FB0203CD
:10E3800002FB0131C00B40EA4140C90B08BD00B59A
:10E390002DED028B83B0022301AA6E210120E0F74C
:10E3A00055FDBDF9043008EE103ABAEEEE8A08B118
:10E3B000E2F700FAB0EE480A03B0BDEC028B5DF85C
:10E3C00004FB012208B522211046FFF791FF18B186
:10E3D000BDE80840E2F794BB08BD00B52DED028B07
:10E3E00083B0022301AA2E210120E0F72FFDBDF901
:10E3F000043008EE103ABAEEEE8A08B1E2F79EFB5E
:10E40000B0EE480A03B0BDEC028B5DF804FB08B522
:10E4100003F043FB4FF47A72A0FB020302FB0131CD
:10E42000C00B40EA4140C90B08BD10B580220B214A
:10E430000120FFF75DFF002204460B210120FFF7BA
:10E4400057FF044303D0BDE81040E2F73BBF10BDC7
:10E45000D20003F06EBB2DE9F04F8BB00C46079352
:10E4600013460133DB000493083B0993079B00909C
:10E4700023EAE373DB00019205934FF00008019B50
:10E48000984537DA059BDDF800B00694E318089349
:10E49000D946C24626462AE0F6E80223F5E80201FC
:10E4A000D2F732F9DDE90223D1F778FFC9E900019B
:10E4B000013799ED007B079B9F428DED027BEBDBE3
:10E4C000DDE905361E44099B8BED007B9B44019BD7
:10E4D0000AF1010A534509F1080907D1009A049B82
:10E4E000089C1A44009208F10108C8E706962546E0
:10E4F0000027DEE70BB0BDE8F08F2DE9F0410646BE
:10E50000D700DDE907020C46069901FB002203EB68
:10E51000C2054FEAC108002C01DCBDE8F0812946A4
:10E5200030463A4603F005FB45443E44013CF2E7E1
:10E53000F8B500EBC306DF000D46144651EC100B96
:10E54000D6E90023D1F72AFF3D443C4400220023B2
:10E55000C6E90001C5E90001C4E90023F8BD2DE9C1
:10E56000F04F87B08DED000B8DED021B8B180E4622
:10E57000154600EBC20700EBC304B54202DB07B04F
:10E58000BDE8F08FD7E900ABDDE9002350465946DE
:10E59000D2F7BAF8D4E90089CDE90401DDE9022314
:10E5A00040464946D2F7B0F802460B46DDE9040181
:10E5B000D1F7F4FEE7E80201DDE90001F4E8022307
:10E5C000D2F7A2F8DDE90223804689465046594633
:10E5D000D2F79AF802460B4640464946D1F7DCFE90
:10E5E000013544E90201C8E72DE9F04F89B0531C19
:10E5F000D4008DED020B8DED041B079304F108038D
:10E60000054606934FEAC10A0026079B9E4202DD9B
:10E6100009B0BDE8F08F04EB050B069B9BED007B7A
:10E620005F19D7E90023DDE904018DED007BD2F706
:10E630006BF8DDE9022380468946DDE90001D2F767
:10E6400063F802460B4640464946D1F7A7FECBE9A0
:10E650000001D7E90023DDE90201D2F755F8DDE931
:10E66000042380468946DDE90001D2F74DF80246D1
:10E670000B4640464946D1F78FFE0136C7E90001F7
:10E680005544C2E72DE9F04FD60089B006F10803E2
:10E690008DED020B8DED041B0693CB0004460D4659
:10E6A00007930027AF4202DB09B0BDE8F08F06EB0D
:10E6B000040B069B9BED007B03EB040ADAE90023C5
:10E6C000DDE904018DED007BD2F71EF8DDE90223C0
:10E6D00080468946DDE90001D2F716F802460B466E
:10E6E00040464946D1F75AFECBE90001DDE9020177
:10E6F000DAE90023D2F708F8DDE9042380468946E9
:10E70000DDE90001D2F700F80B46024649464046D3
:10E71000D1F742FE079BCAE9000101371C44C1E75B
:10E720002DE9F0412DED048B88B01C46149BDDF8DB
:10E730004880029306AB019304AB16460F46009344
:10E740002246139B41460546E3F702FD9DED048BEF
:10E750009DED069BB0EE480AF0EE680A434622465D
:10E760003146B0EE491AF0EE691A2846E3F77AFD11
:10E77000B0EE491AF0EE691AB0EE480AF0EE680AF7
:10E780000346224631462846CDE9127808B0BDEC52
:10E79000048BBDE8F041D3F7D7BE2DE9F04F55EC1F
:10E7A000124B87B007460E4622462B462046294686
:10E7B0005BEC13AB8DED000B8DED021BD1F7A4FFCD
:10E7C0005246804689465B4650465946D1F79CFFE3
:10E7D00002460B4640464946D1F7E0FDDDE90023FD
:10E7E0008046894620462946D1F78EFFDDE902237F
:10E7F000CDE9040150465946D1F786FF02460B4643
:10E80000DDE90401D1F7CAFD42464B46D2F7A6F82E
:10E81000DDE90223C7E9000120462946D1F774FF4C
:10E82000DDE9002304460D4650465946D1F76CFFFA
:10E8300002460B4620462946D1F7AEFD42464B46DE
:10E84000D2F78CF8C6E9000107B0BDE8F08F2DE9DA
:10E85000F04FCC0004F1080700238B4201DBBDE838
:10E86000F08F013300F1080622181D468D4201D1B8
:10E870003844F2E7D2E90089D6E900AB0135C2E9B4
:10E8800000ABE6E802892244F0E72DE9D04300EB33
:10E89000C10100EBC200069A0024D2009C4201DBB9
:10E8A000BDE8D083D1E90067D0E900890134C1E92E
:10E8B0000089C0E9006711441044EFE7F0B55A43FE
:10E8C000594300EBC10100EBC20000229A4200DB79
:10E8D000F0BDD1E90045D0E900670132E1E8026707
:10E8E000E0E80245F2E70120FCF75ABF08B503F063
:10E8F000D4F84FF47A72A0FB020302FB0131C00B83
:10E9000040EA4140C90B08BD4FF0FF3070477047E7
:10E9100070474FF0FF30704700207047FF2070476E
:10E9200070474FF0FF30704700207047002070475D
:10E930004FF0FF3070474FF0FF30704770474FF097
:10E94000FF307047704770477047704710B54B886D
:10E95000834202D8088810BD04310B884C886BB103
:10E96000A042F9D331F8042C31F8021C001BD21A52
:10E970004243091BB2FBF1F2D018ECE7A042F1D2FE
:10E980001846E8E71FB5102269460820E7F7D4F8D3
:10E99000BDF9020040EAE07005B05DF804FB1FB568
:10E9A000102269460820E7F7C7F8BDF9000040EAE1
:10E9B000E07005B05DF804FB1FB510226946082021
:10E9C000E7F7BAF8DDE9020105B05DF804FB01469E
:10E9D00040F2E73008B54FF47A72002300EBC13003
:10E9E0004914D2F709FABDE80840FCF79DBE70470C
:10E9F00008B503F052F84FF47A72A0FB020302FB51
:10EA00000131C00B40EA4140C90B08BD014640F24C
:10EA1000E73008B54FF47A72002300EBC130491497
:10EA2000D2F7EAF9BDE80840FCF77EBE09B1E5F788
:10EA3000D9BF10B10220E5F79FBF0120FBE708B561
:10EA400010B10020E6F706F9BDE808400320E5F71D
:10EA500093BF08B508B1E6F7BFF8BDE80840042049
:10EA6000E5F78ABF08B510B10120E6F7F3F8BDE875
:10EA700008400520E5F780BF4FF420300021FCF767
:10EA800053BE0020704708B503F007F84FF47A72C0
:10EA9000A0FB020302FB0131C00B40EA4140C90B5D
:10EAA00008BD014640F2E73008B54FF47A72002302
:10EAB00000EBC1304914D2F79FF9BDE80840FCF7DC
:10EAC00033BE08B500230B60002002F0CEFE10B16B
:10EAD00000239B68FFDE4FF0FF3008BD0020704729
:10EAE000002070470020704738B590ED010A90ED86
:10EAF000027AD0ED037A2DED028B90ED008A20EEA4
:10EB0000000A08EE080A04460D4607EE070A07EE5B
:10EB1000A70AFEF785FAB5EE400AF1EE10FA15D015
:10EB2000C8EE007AC5ED007A94ED017AC7EE007A5E
:10EB3000C5ED017A94ED027AC7EE007AC5ED027A4E
:10EB400094ED037AC7EE007AC5ED037ABDEC028B33
:10EB500038BD91ED016AD0ED017AD0ED006A91EDFA
:10EB6000007A67EE867A56EE877AD0ED026A91EDEA
:10EB7000027A46EEC77AD0ED036A91ED037A46EE4B
:10EB8000C77AC2ED007A91ED016AD0ED007AD0ED3E
:10EB9000016A91ED007A67EE867A46EE877AD0EDCB
:10EBA000036A91ED027A46EEC77AD0ED026A91EDE2
:10EBB000037A46EE877AC2ED017A91ED016AD0EDD3
:10EBC000037AD0ED026A91ED007A67EE867A46EE1E
:10EBD000877AD0ED006A91ED027A46EE877AD0ED21
:10EBE000016A91ED037A46EEC77AC2ED027AD0ED62
:10EBF000027A91ED016AD0ED036A91ED007A67EE39
:10EC0000867A56EE877AD0ED016A91ED027A46EE69
:10EC1000877AD0ED006A91ED037A46EE877AC2EDED
:10EC2000037A704703680B60D0ED017AF1EE677AE2
:10EC3000C1ED017AD0ED027AF1EE677AC1ED027A88
:10EC4000D0ED037AF1EE677AC1ED037A704710B523
:10EC500003468CB01446002200921A6801920846BE
:10EC60005A689B68029204A9039308AAFFF7DAFF87
:10EC70006946FFF76EFF0A4608A804A9FFF769FF77
:10EC8000019B2360029B6360039BA3600CB010BDDB
:10EC9000D1ED007A90ED007A90ED010AD1ED026A93
:10ECA00037EE677AD1ED017A30EE670AD0ED027A5D
:10ECB00020EE000A07EE070A77EEE67A07EEA70ACB
:10ECC000FEF7AEB908B52DED028BD1ED016A90EDDE
:10ECD000007AD1ED007AB0EE408A90ED010A20EE84
:10ECE000260A07EE270A90ED027AD1ED027AD0EDDE
:10ECF000036A07EE270A91ED037AF0EE407A46EEBA
:10ED0000877AB0EEE70AF7EE007AB4EEE70AF1EEA2
:10ED100010FA0DDCFEF752F930EE000AB4EEC80A24
:10ED2000F1EE10FA4CBF01200020BDEC028B08BDB3
:10ED30000120FAE708B52DED028BD1ED007AD0ED78
:10ED4000006A91ED017A91ED026A76EEE76AD0ED04
:10ED5000017A77EEC77AB0EE408A90ED027A27EE1C
:10ED6000A70A06EEA60A37EE467A07EE070AFEF76E
:10ED700057F9B4EEC80ABDEC028BF1EE10FA4CBFA5
:10ED80000120002008BD90ED017AD0ED007A77EEE9
:10ED9000877A90ED027A77EE877AB0EE080A87EEEE
:10EDA000800A7047D1ED007A90ED006A91ED017A0A
:10EDB000D0ED026AD1ED035A36EE676AD0ED017AE2
:10EDC00077EEC77A91ED027A76EEC76A91ED047A12
:10EDD00027EE877A06EE257AD1ED055A06EEA57A5A
:10EDE00080ED007A91ED077AD1ED065A27EE877A09
:10EDF00006EE257AD1ED085A06EEA57A80ED017A65
:10EE0000D1ED0A5A91ED097A67EEA57A46EE077AB6
:10EE100091ED0B7A46EE877AC0ED027A7047D0ED1D
:10EE2000017A91ED015A90ED004A91ED006AD0ED22
:10EE3000025AD1ED023AD0ED036AD1ED034A27EE32
:10EE4000857A14EE067A05EEE37A06EEE47A82ED30
:10EE5000007A26EE277A04EE057A05EEA47A03EE10
:10EE6000E67A82ED017A27EEA47A67EEA37A14EEB1
:10EE7000237A44EE247A06EE257A45EE657A05EE8D
:10EE8000267A46EE267A82ED027AC2ED037A704740
:10EE9000D0ED027AD0ED035AD0ED016AD0ED001A20
:10EEA000D1ED012A91ED002A91ED023A77EEA74AC1
:10EEB00035EEA57A64EEA74AB7EE006A2DED048B15
:10EEC00067EEA63A65EEA18A27EE257AB0EE465A9D
:10EED00036EE646A25EEA64A27EEA10A72EEA20A71
:10EEE00067EEA57A76EE475A33EEE86A33EE038A88
:10EEF00026EE206A05EE826A36EEA69A70EE045A75
:10EF000009EE665A05EE886A66EEA16A35EE477A22
:10EF100082ED006A37EEE66A77EEA67A32EE021AE2
:10EF200073EEA83A34EE404A27EE227A67EEA07AD2
:10EF300003EE817A44EE017A35EE645A06EE087AE1
:10EF4000BDEC048B45EE037A82ED017AC2ED027AC4
:10EF500070472DE9F8432DED048BDDE90C4694ED67
:10EF6000007AD4ED017AB4EE477AF1EE10FA8146D8
:10EF7000B0EE409AB0EE608A174698464FEA810597
:10EF800050D7F4EE677AF1EE10FA04F10803F7EEC9
:10EF9000008A44D718462A46002102F0F2FDF0EE1E
:10EFA000687A0346C4ED017A4846324609EB050CFF
:10EFB0003146B0EC017AD3ED007A77EE877A84455A
:10EFC000E3EC017AD4ED016A87EEA67AA1EC017A2E
:10EFD000EFD1D4ED017A68EE270AF4EEC90AF1EE1A
:10EFE00010FA18DB3544D7ED007AB2EC017A78EEEE
:10EFF000E77AAA4267EE877A04F1080444ED027AC0
:10F00000D7ED027AD8ED016A77EEE67A67EE877A75
:10F0100044ED017AE7D1BDEC048BBDE8F88377EECF
:10F02000A87ABFE731460544F0EC016AD7ED007AD3
:10F0300094ED007A97ED016A06EEA77A854204F115
:10F040000804D8ED007A67EE277A56EE867A14ED3A
:10F05000016A77EE867A44ED027AD8ED017A97ED6F
:10F06000026A67EE277A56EE867A44ED017AA1ECC1
:10F07000017AD9D1CFE7D0ED015AD1ED036AD1EDB4
:10F08000000A91ED061A91ED047AD1ED057A91ED21
:10F09000023AD1ED011A91ED072A91ED084A90ED5F
:10F0A000046A90ED050AD0ED063AD0ED072AD0EDBE
:10F0B000084A2DED048B90ED009AD0ED028A90ED78
:10F0C000038A25EEA65A09EE205A08EE815A82EDEF
:10F0D000005A25EE875A65EEA75A49EE035A48EEC4
:10F0E000845A09EE215AC2ED025A66EE865A40EE63
:10F0F000885A41EE005A66EEA26AC2ED035A67EEE4
:10F10000065A27EE866A27EE227A67EEA27A41EE49
:10F11000885A03EE086A40EEA36A01EEA37A43EE32
:10F12000237A08EE825ABDEC048B42EE005A04EEBC
:10F13000006A41EE246A02EE247A44EE247A82EDDB
:10F14000015AC2ED045A82ED056AC2ED066A82EDEB
:10F15000077AC2ED087A70470A4601461030FFF779
:10F160005EBE0A4601460020E8F79CBA836800EBC1
:10F17000C101B3F5004F2CBF51F8220031F8120045
:10F18000704700EBC1018068B0F5004F2CBF41F81B
:10F19000223021F81230704708B50122FFF7E6FF50
:10F1A000D04008BD8368B3F5004F00EBC10108D320
:10F1B0004B681AB143F001034B60704723F0010321
:10F1C000FAE74B881AB143F001034B80704723F0F4
:10F1D0000103FAE753000122FFF7D3BF8368B3F5B9
:10F1E000004F34BF04230823C91A081AC008704707
:10F1F000B0F5004F34BF042308230731C818C008F6
:10F20000704708B50A460121FFF7F2FF0132121AD2
:10F21000B2FA82F0C0F11F0008BD2DE9F041174697
:10F2200003220E460446FFF7A1FF8642054607F17A
:10F2300004080AD1E3680122BA4023EA0203E3602A
:10F24000002344F82830BDE8F081314602222046F0
:10F25000FFF78CFF2B460646014644F8285020460F
:10F260000322FFF78EFF3346294620460222BDE8DF
:10F27000F041FFF786BF70B50D4686680446FFF77C
:10F280008BFFB6F5004F014601D3012809D0304667
:10F29000FFF7B7FF294602462046BDE87040FFF75A
:10F2A000BCBF70BD2DE9F047054680688846FFF772
:10F2B000A8FF05EB800A0646DAF81090B9F1000FB6
:10F2C0001BD00327DAF8104028462146FFF764FFD9
:10F2D000404507D3324621462846FFF79EFF204689
:10F2E000BDE8F087032221462846FFF73FFF013F94
:10F2F000CAF8100001D08145E4D1EB6801364FF027
:10F30000FF34B4401C40EAD094FAA4F2B2FA82F27C
:10F31000131D55F82340DEE72DE9F041144605465C
:10F320000E46FFF739FFA4EB0608371B0744424699
:10F3300031462846FFF74EFF3A4621462846FFF75A
:10F3400049FF4346002221462846FFF71AFF21467F
:10F350002846FFF721FF3B46211800222846BDE83A
:10F36000F041FFF70EBF2DE9F041164604460F4667
:10F37000FFF712FF314605462046FFF70DFF054413
:10F380002A4639462046FFF725FF31462046FFF73B
:10F3900003FF2B46311800222046BDE8F041FFF75D
:10F3A000F0BE2DE9F0410D4686680446FFF7F4FEF5
:10F3B000B6F5004F014601D3012832D03046FFF7A1
:10F3C00020FF04EB80010E6996B9E36801228240B8
:10F3D0001343E36002220D612B4629462046FFF7C6
:10F3E000D0FE032229462046BDE8F041FFF7C9BE02
:10F3F000022231462046FFF7B9FE2946034607465A
:10F400002046FFF7BEFE0322334629462046FFF77B
:10F41000B8FE39462B462046FFF7B3FE022231469E
:10F42000E1E7BDE8F081F8B50C460546FFF7B4FE0C
:10F430002618012231462846FFF798FEC3070CD450
:10F4400031462846FFF717FF21462846FFF7A4FE5E
:10F45000214622182846FFF786FF0022214628462B
:10F46000FFF784FE271A012239462846FFF77EFE61
:10F4700010EA020613D139462846FFF7FCFE214662
:10F4800032462846FFF772FE2246211A2846FFF729
:10F490006AFF214632462846FFF768FE241A2146B5
:10F4A0002846BDE8F840FFF77CBF70B5066809B98B
:10F4B000002070BDB068B0EBD10FF9D9FFF798FE0E
:10F4C000014605463046FFF7EDFE04460028EFD022
:10F4D00001463046FFF760FEA84209D9254421467F
:10F4E00030462A46FFF718FF29463046FFF759FFF6
:10F4F000304601222146FFF755FEB368B3F5004FB1
:10F5000034BF0423082303EBC4031844D1E7114696
:10F51000FFF7CBBF2DE9F04706460D461746984644
:10F520002BB398F8004093F80190DB78A40004EB2B
:10F53000430498F802301C4444444FF0000ACA4582
:10F5400009D3D8F8042008F1080339463046AC4600
:10F55000BDE8F047604714F8013B48F823402046D7
:10F56000D1F7AEFC013004440AF1010AE7E76FF07D
:10F570001500BDE8F08770B5002502462846144600
:10F5800014F8013B0BB9184609E098B18D4207D138
:10F59000702B04D0A3F140023A2A0BD8002070BD92
:10F5A000A3F140063A2E05D853780135941C002B60
:10F5B000E9D00020252B08BF80F001002246DEE7BD
:10F5C0000020704730B50C688B6814B14A689A42C5
:10F5D00002DC01338B6030BD013A9A4214BF05460C
:10F5E0000025E5548B68F4E700F0EFBC0FB407B5D5
:10F5F00004A951F8040B019100F0E7FC03B05DF899
:10F6000004EB04B070470CB407B504AB53F8042BFB
:10F610000193E8F76DFD03B05DF804EB02B07047AD
:10F62000044608B5084611461A46A047FCF71CF9DF
:10F63000EDF79CFBD0E9002130B54FF03333A2FB4E
:10F640000324D51843EB0405A1FB0313521844EB24
:10F650000304521944F10002891843F10003C0E980
:10F66000001330BD10B50A68002A03460FDD013AC9
:10F670000A601A6844680A20A2FB001200FB0422F8
:10F68000100F22F07042C3E90012303010BD30205C
:10F69000FCE72DE9F0410746884615461E4614460C
:10F6A000B44205D30EB1601B08E02378002BFAD0DA
:10F6B00014F8010B4146B8470028F1DABDE8F081A3
:10F6C000002383F31188BFF36F8F0423184602DFF2
:10F6D00070470FB407B504A951F8040B0191FFF767
:10F6E00083FF03B05DF804EB04B0704710B5036905
:10F6F000024613F0080009D11368D4689C4297BFF2
:10F70000526AE31AD31A01200B6010BD0023184679
:10F71000FAE713B501A90446FFF7E8FF20B1019B02
:10F72000E268013B13440193606A019BC01A0138EF
:10F7300002B010BD10B5044650182269636AD207A2
:10F7400002D5013B184010BD984228BFC01AFAE705
:10F7500010B504460A46C168FFF7ECFF2369E06074
:10F7600023F00803236110BD38B50D46026A8B00F3
:10F77000016843F0020342F82130044601682A463A
:10F78000FFF7D8FFE36861682060984202BF2369F1
:10F7900043F0080323612A462046FFF7CBFF606051
:10F7A00038BD2DE9F74FC768066A9B4606EB87030D
:10F7B000009316F8273003F00303022B0446884613
:10F7C00091464FF000030BD01360CBF80030236953
:10F7D0009B0713D44FF0000A504603B0BDE8F08FEA
:10F7E00056F8271013608908CBF80030EFD0FFF7E8
:10F7F000AFFFE368A3604FF0010AEDE7E36900980B
:10F80000984716F8272012F0010A0546E2D012F0B8
:10F8100002021FD0B8F1000F03D041462046FFF787
:10F82000A3FF61682A462046FFF784FFD4E902213E
:10F830009142606006D12A462046FFF77BFF4FF0D9
:10F84000000AA060A2682260E260226942F0080219
:10F850002261C1E7014620460192FFF779FFE36884
:10F86000A360B8F1000F04D02168236A019A43F81D
:10F87000212005EB0802CBF8002021682046FFF785
:10F8800059FF2369206043F00803236116F82730ED
:10F890006FF3000306F82730009BC9F80030AAE791
:10F8A00070B504461546FFF745FF2368834205D12E
:10F8B0002369216023F00803236170BD226AAB0035
:10F8C00043F0020342F82130204661682A46FFF7E0
:10F8D00031FF6060F1E738B503695B07044606D580
:10F8E000856AFFF716FF85422CBFA562A06238BD6E
:10F8F00008B5EFF31183402383F31288BFF36F8FB2
:10F9000000F049FE036800220BB9184670478B428D
:10F9100010D10B6842B942680360914200D1436044
:10F9200000230B600120704713604368994208BFB1
:10F930004260F5E71A461B68E6E7838B13F007037E
:10F9400005D10368002B0CBF002003207047022B59
:10F9500005D1C08BB0FA80F0400980007047012BC0
:10F9600005D10368002B0CBF002005207047002044
:10F97000704710B50C4600B111B96FF0150010BDFD
:10F98000081D00F02FF80028F9D1A368032BF6D941
:10F99000F3E72DE9F0410D4607461946281D90462C
:10F9A0001E46E9F783FA044638B1334642462946F3
:10F9B0003846A446BDE8F0416047BDE8F08138B55F
:10F9C0000C46054658B151B10B6843B14B6833B191
:10F9D0002022002102F0D5F82C61002038BD6FF004
:10F9E0001500FBE7034658B1426802F00302012A02
:10F9F00003D0032A04D1026812B100209860704736
:10FA00006FF01500704770B50C8806468888241A78
:10FA10003069A4B2844285B224BF641BA4B22D1BFA
:10FA2000A8B2984228BF18463368234413600B8855
:10FA300003440B8070BD70B4838985880669ED1A14
:10FA4000ADB2731B934228BF134670BC0A46011D1A
:10FA5000FFF7D9BF70B40E460146C58831F80A3F9A
:10FA6000EC1AA3B2934228BF1346324670BCFFF78C
:10FA7000CABF10B54B880C88E41AA4B294420ED3C6
:10FA80001A4492B28B884A800A800069D21A92B2D4
:10FA9000824201D2002010BD03448B80FAE76FF050
:10FAA0001500F8E7704780EA1020C0EBC01300EBA8
:10FAB0008303C3EB0313A0EB830083B2C0F3C8102E
:10FAC000584000EB8013C0EB031303EBC30300EBC0
:10FAD0004300C0EB800080EA502000F07F007047B8
:10FAE00070B406688489806A0D0C16FA81F105FBF2
:10FAF000041184682468A44670BC60472DE9F04373
:10FB00001C46C36A1D686D4289B006468846174682
:10FB100005F020051CB9204609B0BDE8F083AC42D1
:10FB2000A14628BFA9464B466A4641463046FFF7E4
:10FB3000D7FF0028F0D16B46484502D1241A8044F3
:10FB4000E8E713F8012BBA4201D10130F4E70120B4
:10FB5000E2E70B6803F580330B60C0891A0CB0EB49
:10FB6000134F04BFA3EB02430B60704710B501466F
:10FB700004460722FF20E7F7B3FDE07110BD0368DC
:10FB8000012B81BFC91801F1FF315B4219400846C2
:10FB900070472DE9F0410C4605460821C06AFFF781
:10FBA000EEFF072207462146FF206688B4F804804E
:10FBB000E7F796FDE379834208D1A8894644C01B44
:10FBC000B04294BF00200120BDE8F0810020FBE797
:10FBD00038B505460C46FFF7DCFFA0B1A08898B900
:10FBE00022884FF6FF739A420DD1E86A0821FFF789
:10FBF000C6FF6288AB899B1AB3FBF0F202FB1030A0
:10FC0000B0FA80F0400938BD0020FCE7F8B50446A2
:10FC1000234680890D0C0A0C53F8301B2D0402FB7F
:10FC200000114FF0FF3604F50C70984210D1A06A15
:10FC3000A28900F051FC50B9E26AA38952792946A1
:10FC40002046FFF75BFF002818BF6FF00500F8BDE6
:10FC50005F88BA4208BF1E600433E6E7F7B5044682
:10FC60000D46C06A0821FFF78AFF29680746082366
:10FC70002046FFF735FF0646002836D12B683B4467
:10FC80002B60A28999B2D21B91422ED11A0C03BFCC
:10FC9000E28902F1FF3203EB0241A3F580312960D2
:10FCA00008236A462046FFF71BFFE8B9E36A5A7942
:10FCB0006B4613F8011B8A420CD101300828F8D199
:10FCC000636805E02B68BDF802201B0C1B0413447D
:10FCD0002B600AE069462046FFF77AFF0028F1D141
:10FCE00029462046E9F75CF90646304603B0F0BDE8
:10FCF0002DE9F043074689B090461E461BB9002007
:10FD000009B0BDE8F0833C688389080C14FA81F1DE
:10FD100000FB0314FB6A1D686D4235400CD0B86AC5
:10FD200083682146D3F804902B46C8470028E7D1C2
:10FD3000761BE4D02C44A84432464146684601F084
:10FD4000F8FEFD6A2A686979921B0DEB060001F046
:10FD500018FFB86A2B688268214655686A46A8472A
:10FD6000CEE738B50A460D46082341680446FFF73A
:10FD7000BFFF024628884FF6FF73984205D0FFF771
:10FD800092FE0C30636844F82030E06A0821FFF7E7
:10FD9000F6FE63681B1A6360104638BD13B54FF654
:10FDA000FF7300220446ADF800308DF806308368FA
:10FDB000ADF804206846ADF80230FFF7D7FE69467B
:10FDC0002046FFF7CEFF02B010BD2DE9F04F0446EC
:10FDD00095B0C06A0821FFF7D2FE63681B0C1B04B4
:10FDE000054603A920460393FFF7B3FEDDF80CB0E8
:10FDF000A6895E44761B06AA08233146204604964F
:10FE0000FFF76EFE021EC0F2B480E36A06AA5979BB
:10FE1000002312F8010B814240F09A800133082B35
:10FE2000F7D1A36862682B449A4280F089805946D2
:10FE30002046FFF7EBFE02469BE0BDF81A30360C79
:10FE400036041E44049608AA04A92046DDF810A032
:10FE5000FFF704FF0246002840F08B8008A92046E7
:10FE6000FFF797FE18B9019B9A45ECD1D9E7BDF889
:10FE70002000FFF718FE0C3054F8203005930133B2
:10FE800004BF636805930AAA05A92046059EFFF7EB
:10FE9000E5FE024600286CD1BDF82820BDF82030D0
:10FEA0009A4227D06268059B9A42ECD15645DAD136
:10FEB000BDF82430002BD6D0BDF822704FEA1A438B
:10FEC0001B041F4408A8A368ADF82230FFF74EFEBC
:10FED000E36ABDF824901E68764206F02006B9F168
:10FEE000000F0ED108A92046FFF73BFF024600286D
:10FEF000B9D03EE00AA92046FFF74BFE0028D1D03A
:10FF0000D4E74E45B04628BFC8460CAA43463946FA
:10FF10002046FFF7E5FD024658BB4346A1680CAA00
:10FF20002046FFF7E5FE41460246E06AFFF727FE5E
:10FF3000A3680344A360E2B9A9EB08094744CEE7EC
:10FF40002046FFF72BFF024600283FF470AF10E079
:10FF5000731B06A920460193FFF73AFE00287FF4A1
:10FF60006CAF04A92046E9F71BF8024600283FF4CD
:10FF70006AAF104615B0BDE8F08F13B500240094A9
:10FF8000E9F796FB02B010BD03785B075FBF03681B
:10FF90004288C3F34A2303EB12105DBF173020F0F1
:10FFA00007008008002070470020704701F068B902
:10FFB0000346BFF35B8F53E8000F421C43E8002168
:10FFC0000029F8D1BFF35B8F70471FB50023CDE93F
:10FFD0000201CDE900331A4619461846EAF782F8BD
:10FFE00005B05DF804FB0120E9F766BD002070470D
:10FFF0004368DA7143681960436801225A71E9F76E
:020000023000CC
:100000004DBD70B5D2E901369B1B8B420C4615469F
:100010000AD313680A460146981901F08AFDAB68B5
:100020002344AB60204670BD6FF01B00FBE770B54A
:100030000E4615461946044618B9BDE87040E9F762
:100040003BBD33B1C2F34A231030120D184401F006
:1000500070FDC4E900562046BDE87040E9F754BF82
:10006000F8B506460D4614461F4604B9F8BD2146AC
:1000700028463A46B047241A0544F6E710B54268C8
:1000800081680446D2E900230068FFF7E9FF63684E
:1000900000221A6010BD13B500240094D4F7E0FECE
:1000A00002B010BD0A2838B504460D4602D10D2015
:1000B000EAF7BAF829462046EAF7B6F8002038BD34
:1000C0002DE9F043054687B008460E8891F8009068
:1000D000D1F808800C461746EAF77AF8011EC6F3F5
:1000E0008216C9F3C2091EDB4846E9F71FFF034623
:1000F0002146608851F8102B0196C2F34A22002A4B
:1001000001EB0204C0F30B1008BF00210022CDE96F
:100110000407CDE90214009241462846EAF7B2F8F6
:1001200007B0BDE8F0830023E2E743681B685B6823
:1001300000201961704743681B681868EAF72EBAF7
:1001400070B543681D686B6818690C46E9F790FC48
:10015000214603460F222868BDE870401847036A0D
:100160001BB11B790B70002070476FF05700704770
:10017000006A30B1BFF35B8F0068BFF35B8F00F0A4
:1001800001007047036A5BB1BFF35B8F53E8001F48
:1001900041F0010143E80012002AF7D1BFF35B8F61
:1001A0007047036A5BB1BFF35B8F53E8001F21F018
:1001B000010143E80012002AF7D1BFF35B8F7047BB
:1001C000036A3BB1DB682BB11B6A1879B0FA80F087
:1001D000400970470120704770B5056A04460E4615
:1001E0000DB103232B712046FFF7EAFF98B10321DD
:1001F0002046B047002802DA10F1860F0BD101210A
:1002000025B920463346BDE870401847297120467D
:10021000B04700232B7170BD10F0700F00F07F020B
:1002200001D0EAF747BC10F0800F18BF1032012050
:10023000904070472DE9F84306460F469046994690
:1002400004254B46424639463046EEF7B9FA10F1DE
:100250000B0F044603D1FBF781F9013DF1D1204694
:10026000BDE8F883006840B150F8043C5B688B42FD
:10027000A0F1040001D04068F5E77047006850B174
:1002800050F8043C5B685B689B788B42A0F10400EB
:1002900001D04068F3E7704730B5006888B150F886
:1002A000043C5B681A6A1D7F04380023043ADCB200
:1002B000A54201D84068F1E7013312F833408C427F
:1002C000F5D130BD08B5EBF739FA28B1406810F127
:1002D000100F14BF0020012008BD4B1CDBB2817041
:1002E000817680F82530C37600F8061C704750E907
:1002F0000231D0F89C0018470369002283F84A2095
:100300007047036993F84A0050B193F8480038B138
:10031000D3F890209388918910695B1A9BB2C01A18
:1003200070470369002283F84B207047036993F8F4
:10033000490008B193F84B00704708B50246FFF733
:10034000F5FF30B91046FFF7DCFF003818BF012079
:1003500008BD0120FCE70369C3E9001270470229C8
:10036000036908D004290BD001290ED1D3F89430A9
:1003700013600020704793F89B30C3F34003F7E706
:1003800093F89B3003F00103F2E76FF085007047AC
:1003900008B5402903693FD013D8102932D006D8B8
:1003A00001291ED0082920D06FF0120008BD202995
:1003B000FAD193F89C1001F0FB0152B341F0040113
:1003C00027E0B1F5807F30D0B1F5007F36D08029AD
:1003D000EAD193F89C1001F0EF01D2B141F0100185
:1003E00017E0C3F894200020E0E793F89C1001F098
:1003F000FE010AB141F0010183F89C100121EBF7E5
:1004000095FCF0E793F89C1001F0FD010AB141F072
:10041000020183F89C10F2E793F89C1001F0F701B9
:10042000002AF6D041F00801F3E793F89C1001F0A0
:10043000DF01002AEDD041F02001EAE793F89C109B
:1004400001F0BF01002AE4D041F04001E1E770B5BE
:1004500004690546D4F88C00E8F772FD94F8A030E2
:100460000646B3B1D4F88C209388918912695B1A3F
:100470009BB2D31A3F2B0CD994F89E3033B16B68E2
:100480001B6A2246187B0021EBF7E6FC002384F868
:10049000A030304670BD08B50122FFF7D8FF013803
:1004A00018BF4FF0FF3008BD0269D2F8901088895C
:1004B0008B8809691B1A9BB2994204BF002382F8FA
:1004C0004830D2F88C30D9885B89994204BF002328
:1004D00082F84930012070472DE9F0418768FB68B8
:1004E00004460D4616469847BB682BB1324629464E
:1004F0002046BDE8F04118476FF05700BDE8F08195
:1005000008B50020E8F7A8F801460068EBF76ABED6
:1005100008B5EBF74BFFBDE80840EBF74BBF0021F8
:100520000120EBF75FBE61B662B680F31188BFF3BE
:100530006F8F704772B6002383F31188BFF36F8FFC
:10054000BFF34F8F30BF62B6BFF36F8F704772B685
:10055000002383F31188BFF36F8FBFF34F8F20BF4A
:1005600080F31188BFF36F8F62B67047202809D9D6
:10057000B0F1004F08D80138B0FA80F0C0F11F0088
:1005800040007047082070473E2070474FF0FF3012
:100590007047F8F7AFBF08B500224FF480214FF045
:1005A0000050F5F75DF8F1F7EDFE4FF080430122C2
:1005B000C3F80025BFF34F8F20BFFDE78170704760
:1005C0000020704738B50025044680F80C542946B1
:1005D0004FF480620C3001F0D4FA294604F20D4049
:1005E0004FF48072BDE8384001F0CBBA2DE9F041FC
:1005F0008368054683B3DB6873B30024D0F81075B5
:1006000000F20C4800F10C06224618F8013F0134B4
:10061000A4B2E3B13068411C4FEA830CC1EB830301
:10062000002BB8BF5B42012B31600CDC3AB9326061
:10063000AB682146DB6838469847012207E06145F0
:10064000FBD13060F9E7614501D1002AF9D1B4F559
:10065000807F06F10406D8D1BDE8F08143685B686D
:100660000020D9717047036942685B68526813744F
:10067000C3F3072353740020704710B50369C0E922
:1006800005330023C360837F044613B1407AEFF73C
:1006900095F90123237700236377E377A37710BDD0
:1006A000F9F74CBAF9F700BB38B50446EDF7A8F9ED
:1006B000054660B1037A6BB120460024EFF722FAB9
:1006C0002846AC77FFF7D9FF2C72204638BD6FF073
:1006D0001500FBE76FF07700F8E770B504460E46AB
:1006E0001546EEF71FF930B906B925B12046BDE829
:1006F0007040EEF783B970BD10B50C46EEF758FAAE
:10070000EFF31183402282F31288BFF36F8F0269E7
:100710002260027B2AB9807D83F31188BFF36F8F3B
:1007200010BD0420F8E7F9F79DBCF8B5069F0469F1
:10073000C9B2EFF31186402585F31288BFF36F8F9E
:100740000C2569430C44A56C05F0070CBCF1010FA6
:100750000BD1A76486F31188BFF36F8FC4E9102310
:1007600043685B5898470020F8BD05F0C005AF42CC
:1007700086F31188BFF36F8F0CBF6FF077004FF0D7
:10078000FF30F1E713B580240094FFF7CEFF02B0ED
:1007900010BD0069CBB200EB4310002110470020D0
:1007A000F5F71CB80020F5F783B81046F9F75ABCE6
:1007B0008022EFF751BD10B50346BFF35B8F53E8BE
:1007C000000F40EA010243E80024002CF7D1BFF3F8
:1007D0005B8F10BD0A2810B5044602D10D20EFF73B
:1007E0002BFFE0B2EFF728FF204610BD2DE9F341C3
:1007F0001C469046002382682360A36053690D461F
:1008000001AA69469847019B5A1E019223B96FF0CD
:10081000150002B0BDE8F0810098A2684768216821
:10082000676085B9A8EB02030668B34228BF334668
:100830001A4403FB07112160A26002689A4206D89D
:1008400008300090DFE76B1AB3FBF7F3ECE700200A
:10085000DFE713460022FFF7C9BF4FF40002002371
:10086000C1E900230020704718B901F11000F9F721
:10087000F9BB70477FB5FF238DF803300DF10303FB
:10088000002101930123CDE9023105238DF80C30BD
:1008900003A801AB04910593F0F740F90028A8BF25
:1008A0009DF8030007B05DF804FB1FB500218842E6
:1008B0000CBF0623042301A8CDE9011103918DF893
:1008C0000430F0F72BF9002818BF6FF0040005B0D2
:1008D0005DF804FB13B501AA044600F012F90028E4
:1008E00005DB019B226819791868F1F735FB02B026
:1008F00010BD4FF0FF324FF0FF33F9F717BC38B59A
:100900000569BFF35B8F044605F1200353E8001F20
:10091000013143E80012002AF8D1BFF35B8F206950
:10092000FFF7E7FF6B6A23B92046BDE83840FFF7C1
:1009300029BC38BD10B50269BFF35B8F044602F1D4
:10094000200353E8001F013943E800100028F8D1C4
:10095000BFF35B8F536A2BB909B9F6F731FC204618
:10096000FFF71FFC2069BDE81040F9F77BBB10B50D
:100970000C4600F07AFD0023C4E90003184610BDC0
:1009800038B505460C4600F070FD002D07DBA84287
:1009900005D9401B84428CBF0020012038BD0020B7
:1009A000FCE770B50D462846194616461C46FFF76B
:1009B000E7FF28B921462846BDE87040F0F712BD90
:1009C00024B122462946304601F0B3F8002070BD1C
:1009D00043685B68D3F810350B60002070474368AC
:1009E0005B6802EA010021EA0201C3F80805C3F8C6
:1009F0000C150020704743685B680020C3F8081599
:100A0000704743685B680020C3F80C157047436863
:100A10005A68D2F8043521EA03000B40C2F80805F1
:100A2000C2F80C350020704701298CBF6FF085009B
:100A30000020704713B54FF080520829136E526E94
:100A400028BF082112BA00921BBA0C460A46694612
:100A5000019301F06EF8204602B010BDF1F722BA02
:100A6000002201210320ECF723BA38B504460569BA
:100A700001221146284600F06DFF012205F1100009
:100A8000002100F067FF2046BDE83840F1F7CAB901
:100A90000069F9F74BBB0069F9F7E4BA13B501AA8D
:100AA000044600F02EF8002805DB019B2268197926
:100AB0001868F1F751FA02B010BD10B54468002172
:100AC000606AFFF7EBFF2046BDE81040F7F7F6BF7E
:100AD00010B544682046F8F715F8606A0121BDE8B2
:100AE0001040FFF7DBBF08B529B1012906D1FFF798
:100AF000E4FF002008BDFFF7EBFFFAE76FF0850089
:100B0000F8E730B543681360057A446804EBC50420
:100B1000A34202D36FF0010030BD5C798C4201D05A
:100B20000833F0E70020F7E770474368DB6B0020ED
:100B3000C2E90030704713B501AA0446FFF7E1FF90
:100B4000002805DB019B226819791868F1F704FA7F
:100B500002B010BD0129F7B5044632D14768002123
:100B6000B86BFFF7E8FF002635463B6805F5AC7229
:100B700053F82230002B0EDB01A80193F1F7BCFAE9
:100B8000019AD0F80435D34013F001031CBF0123B0
:100B9000AB403343DEB20135042DE6D10023012002
:100BA0006268916A00FA03F232420CBF012200220D
:100BB000D20321F813200133042BF1D1002003B01C
:100BC000F0BD89B945682846F5F7C4FE2846F5F713
:100BD000F7FE0028FAD0236900221A605A60A86B39
:100BE0000121FFF7A8FFE9E76FF08500E7E7436819
:100BF000586870474FF0FF324FF0FF33F8F79EBF51
:100C0000F9F752B82DE9F041D0F8048004460069A4
:100C10001F460E461546FFF7EDFFD8F800103A467E
:100C20003144284600F085FF2069FFF7E9FF0020E6
:100C3000BDE8F0812DE9F041D0F804800446006958
:100C40001F460D461646FFF7D5FFD8F800003A4676
:100C50003146284400F06DFF2069FFF7D1FF0020E6
:100C6000BDE8F08138B5456804460069FFF7C2FF6A
:100C70006A682868002100F084FF2069FFF7C0FF40
:100C8000002038BD08B5006900F046FE002008BD10
:100C90004368586870474FF0FF324FF0FF33F8F762
:100CA0004DBFF9F701B82DE9F041D0F804800446B2
:100CB00000691F460E461546FFF7EDFFD8F80010F5
:100CC0003A463144284600F034FF2069FFF7E9FF37
:100CD0000020BDE8F0812DE9F041D0F80480044601
:100CE00000691F460D461646FFF7D5FFD8F80000ED
:100CF0003A463146284400F01CFF2069FFF7D1FF37
:100D00000020BDE8F08138B5456804460069FFF76A
:100D1000C2FF6A682868002100F033FF2069FFF7EE
:100D2000C0FF002038BD08B5006900F0F5FD0020C7
:100D300008BD4379014623B151F8060B83681B684F
:100D400018476FF08500704743681B68D3F880042C
:100D5000C3F88004704742681368D3F8100150B19B
:100D6000D269002012780A70C3F81001D3F810215C
:100D700001221A6070474FF0FF307047002A0FDDE4
:100D800042681368D3F8100158B10020C3F810016D
:100D9000D269D3F8100112780A70012018607047E8
:100DA0000020704710B5436819680369EFF311829A
:100DB000402080F31288BFF36F8F1868002484737B
:100DC0001B680120D8734FF48003C1F8043382F309
:100DD0001188BFF36F8F10BD03691A6801219173E9
:100DE0001B680022DA737047026911680346C87BEA
:100DF00040B15B681B68D3F8580118B100234B6100
:100E000013689889704743681B68D3F8100100384D
:100E100018BF0120704743681B681022C3F80423E1
:100E2000704743681B681022C3F808237047436863
:100E30001B684FF40072C3F80423704743681B68B3
:100E40004FF40072C3F80823704738B543681D6833
:100E5000D5F804335B02044605D4D5F8040310F03A
:100E6000100006D138BDFFF7BFFF0028F5D00120E4
:100E7000F8E72046FFF7C7FF003818BF0120F1E769
:100E8000012070470369186801601B685A60704749
:100E900073B543680E460DF107011C681546FFF750
:100EA0005EF99DF807306BB9C4F84465C4F848553D
:100EB000C4F82031D4F82021C4F85831D4F858317E
:100EC0000123A36002B070BD02680346D2F8580146
:100ED00040B95B68DB0706D4D2F82001003818BFA0
:100EE0000120704701207047F8B5066933689C8976
:100EF000BFF35B8F9442A8BF14460546143301220A
:100F000053E8000F002803D143E80027002FF7D152
:100F1000BFF35B8F0CBF134600231ED133682246FC
:100F2000986800F006FEEFF31187402383F31288E0
:100F3000BFF36F8F6868FFF7C7FF336838B9586130
:100F4000044687F31188BFF36F8F2046F8BD996878
:100F500022462846FFF79CFFF3E71C46F5E710B44E
:100F6000436802691B68D3F80413C90517D5D3F881
:100F70002011A1B1EFF31181402484F31288BFF353
:100F80006F8FD3F8204134B10024C3F82041D3F847
:100F900020410124DC6081F31188BFF36F8F116859
:100FA000D3F8584171B184B100244C611168C97BF8
:100FB00019B94FF48001C3F8081311688C7B24B170
:100FC00000238B735DF8044B7047D3F8241121B1D3
:100FD0000021C3F82411D3F8243112681368002BC0
:100FE000F0D051685DF8044B184713B501AA0446C8
:100FF000FFF787FD002805DB019B22681979186837
:10100000F0F7AAFF02B010BD01292DE9F84305460B
:101010000E4624D143680021D868FFF7E6FF6F68C9
:101020002D693C68F8680021FFF7DFFF0823C4F84A
:1010300000353B7A83B9FA69C4F83425C4F83865B9
:10104000C4F81031D4F8103126602B6823B11B7C12
:1010500013B11023C4F804330020BDE8F88300293D
:1010600063D1D0F80480D8F80040D4F84C3123B3D1
:101070000269116851B1D4F80433C3F300130B743F
:1010800013681B7C13B11023C4F808330123636079
:10109000D4F84431002BFBD00023C4F84C31D4F8F1
:1010A0004C21C4F84431D4F84421C4F81031D4F8A8
:1010B0001021C4F82431D4F824316A68D2E90063DD
:1010C00013F0010917D14FF48073C6F808334FF4B9
:1010D0007A776868FFF7F8FE20B9012000F0F4F88D
:1010E000013FF6D1D6F858312BB9C6F82031D6F8E1
:1010F00020310123F3604FF47A75D6F8583123B9C3
:10110000012000F0E1F8013DF7D1B9F1000F03D162
:101110004FF48073C6F80433D8F80C000121FFF7B0
:1011200064FF0023C4F8003596E76FF0850094E76C
:1011300007B50DF10701FFF712F89DF8073003F02E
:10114000FD03012B14BF6FF00F00002003B05DF80A
:1011500004FB002201212F20EBF7AABE10B50B687B
:1011600013B91360184605E003685C681CB114608D
:101170000368186810BD083303600B68013B0B60FF
:10118000EDE713B501AA0446FFF7BBFC002805DB19
:10119000019B226819791868F0F7DEFE02B010BDD5
:1011A000012970B50C4606D14368D86B0021FFF7C2
:1011B000E8FF002070BD61B90669456896F85D30AA
:1011C00023B12846F7F79AF886F85D40E86B0121CD
:1011D000EDE76FF08500EDE710B503680446DBB17D
:1011E0009868C8B149B1197B0122F1F7D5FC236891
:1011F0001869BDE8104000F034BB12B99A88D204D7
:101200000AD4186900F02DFB23680022BDE81040C5
:10121000197B9868F1F7C0BC10BD10B50122002100
:101220000446FFF7D9FFA36933B9636004F11000E6
:10123000BDE81040F8F716BF10BD10B5006903688F
:101240008B4206D190F85C4034B9FFF7E6FF2046A8
:1012500010BD6FF01500FBE76FF00F00F8E738B531
:1012600005690446296305F12000F8F7FBFE00221A
:1012700085F85C2020691146BDE83840FFF7ACBF17
:1012800008B5F2F783F908BD036893FAA3F31806CB
:101290001A0A40EA136002F47F421B02104303F46F
:1012A0007F031843704708B5CFF712FE002008BD32
:1012B000FBF7E6B908B5EAF7A9FEEAF77DFFBDE856
:1012C0000840FBF7DDB9004700F0CBBA0001090484
:1012D00000F1804012B1C0F804197047C0F8081935
:1012E0007047C00000F1804000F5F830C0F81015DC
:1012F000C0F814257047F5F753B943090AD0012BFC
:101300000BD14FF6FF7300F01F0023FA00F000F03E
:10131000010070474FF0FF33F5E7002070472DE9DB
:10132000F341019001A8DDE908580C4617461E4616
:10133000F4F722FB019B391E18BF012100EB83004B
:10134000231E18BF0123002E43EA410314BF0C21C2
:101350000021002D43EA010314BF4FF4E061002196
:10136000B8F1000F43EA0103D0F8002714BF4FF48F
:10137000403100210B4322EA030304B124780FB16A
:101380003F787F001C430EB13678B6003C438DB1E8
:10139000297809023443B8F1000F03D098F800808F
:1013A0004FEA0848214341EA0801C0F8001702B09B
:1013B000BDE8F0812946EDE71FB50DF10F0301935C
:1013C00000238DF80F1000931A461946FFF7A7FF68
:1013D00005B05DF804FB08B50146F4F73DFB10B11C
:1013E0000846F4F753FB00F0010008BD38B5054688
:1013F00008460C46F4F74AFBB0B10846F4F72CFB5C
:1014000090B90846F4F71CFB2A6801238340C2F810
:1014100008332A6803B202EB8303D3F8102522F0C5
:101420000302C3F8102538BD20460021BDE838402E
:10143000FFF7C2BFF4F702BCFFF7D8BF0846F4F7C6
:101440008FBB034608464FF080510A6949694A43F9
:10145000934208D340B1A3F11023B3F5427F2CBFD0
:10146000002001207047012070474FF080531A6917
:101470005869504370474FF08053186970474FF0D8
:1014800080535869704700F180431A68002A1FBFD3
:1014900000221A601B68012008BF002070474FF02F
:1014A00080434FF46072C3F8042370474FF08043C9
:1014B0004FF46072C3F80823704708B5F4F7DEFFF5
:1014C000BDE80840F4F70EBA30B5A2F58075AD0856
:1014D0000124AC400C4207D0815829B10021815031
:1014E00082581A6822431A6030BD13B500230C4697
:1014F00001934FF4887201ABFFF7E6FF21464FF4EA
:101500008A72FFF7E1FF21464FF48E72FFF7DCFF8E
:1015100021464FF48272FFF7D7FF21464FF48472C1
:10152000FFF7D2FF21464FF48672FFF7CDFF4FF44D
:101530008C722146FFF7C8FF019802B010BD30B58C
:1015400002240C72CA6004680125C4F800550968B9
:1015500079B112F0040F0CBF82219221150748BF08
:1015600041F02001D406046848BF21F08001C4F88E
:1015700000139B000168083312F0800006BF0122AF
:10158000CA50C81830BD0021F5F756BB0223F5F745
:10159000B5BA0323F5F7B2BAA1F5807310B59B086D
:1015A000012404FA03F318400CD001F1804101F545
:1015B000E041086830B100200860096811681943EB
:1015C0001160204610BD08B500210120F5F77AFF13
:1015D0000028F9D008BD70B5A2F58074A4080126D2
:1015E00006FA04F4054614EA010008D0A85830B100
:1015F0000021A950AA581A6822431A60304670BDCB
:101600002DE9F341002304460D460193904601ABBA
:101610004FF4A672FFF7DFFF4FF48272294620468F
:10162000FFF7D9FF4FF48C72074629462046FFF793
:10163000D2FF064630B1B8F1000F1DD017B1D4F873
:101640003C353E4601AB4FF4887229462046FFF7F1
:10165000C2FF30B1B8F1000F03D016B90FB1D4F802
:101660003C3501AB4FF4907229462046FFF7B3FF9B
:10167000019802B0BDE8F0814646E3E707B5019066
:1016800001A8F6F73BFC019A01239340C0F8083506
:1016900003B05DF804FB07B5019001A8F6F72EFC36
:1016A000019A01239340C0F80C3503B05DF804FBA8
:1016B00091F820200346032A29D8DFE802F02125EB
:1016C00019028A68500304D5D3F84C250869904262
:1016D00007D18A6852031AD4D3F84C2589699142FC
:1016E00015D000200622C3F80005C3F80025704776
:1016F000D3F84C2508699042F3D1D3F83C25EDE7A7
:10170000D3F84C250969EAE7D3F83C25FAE701202C
:10171000704730B5A2F58075AD080124AC400C428D
:1017200007D0815829B10021815082581A6822437C
:101730001A6030BD13B500230C4601934FF4A47218
:1017400001ABFFF7E6FF21464FF48272FFF7E1FF9E
:1017500021464FF49272FFF7DCFF21464FF4A87246
:10176000FFF7D7FF21464FF4A672FFF7D2FF2146BD
:101770004FF4B072FFF7CDFF4FF4AE722146FFF782
:10178000C8FF019802B010BD07B5019001A8F7F796
:10179000F1FC019A01239340C0F8083503B05DF8CD
:1017A00004FB0369C26893429CBF81685B18013BDC
:1017B000981A70472DE9F041D0E902840546A8EB5C
:1017C00004064068964220440F46144404D900F0B1
:1017D000B0F9EC60BDE8F0813246A4EB080400F0FB
:1017E000A8F968682246B919F1E72DE9F843C568F8
:1017F0000646894617464FF000083369B46870689A
:101800009D4228BF1B19641BBC4203F1FF3328BF54
:101810003C465B1B9C4228BF1C4649462844224646
:1018200000F087F9B3682544AB4208BF00253F1B91
:10183000A044A144F560E0D14046BDE8F88308B576
:10184000F7F7F4FD002008BDEFF31180402383F388
:101850001288BFF36F8F704780F31188BFF36F8FCB
:10186000704708B1EBF790BE704740B1C368587835
:1018700010F001001EBF1878B0FA80F040097047E0
:1018800010B54369044633B90020E268537843F049
:101890000103537010BD98470028F5D00028B8BF49
:1018A0004042E368FF28A8BFFF201870EDE700F072
:1018B00068B900F03EB98169C36843EA010212F0D9
:1018C00003020FD102614269013A01FB0233C2688F
:1018D0009A4201D90020704702691A608269036147
:1018E0009B1AF4E76FF01500704710B5C0E9053298
:1018F0000023C160C36183600446FFF7DCFF00285A
:10190000A8BFC4E9004410BD90F90E308B4201D04D
:10191000F9F714BC0020704703460020C3E9020019
:10192000C3E90033704710B5044630B1026893072D
:1019300003D0446809B100F0DAF8204610BD07B5BD
:101940000123009300230A461946F8F771FA03B001
:101950005DF804FB3AB18A4205D3C0E90212C0E93E
:101960000000002070476FF01500704702680123E7
:101970008B4022EA0303036022FA01F000F0010029
:10198000704720B100221146EC30FAF7F5B87047E5
:1019900010B5F8F751FE041E08DDEFF31180402367
:1019A00083F31288BFF36F8FF9F7FEFC204610BD5A
:1019B000EFF30580003818BF012070476030704792
:1019C000D0E9003213605A600023C0E90033704749
:1019D00038B504460D46F9F759F8637B43F0020326
:1019E0006373E5B1A5602B689D4209D16B68C4E9BA
:1019F00000531C606C6012E06A689A42F6D01B6863
:101A0000002BF3D094F90E2093F90E108A42F3D0F4
:101A10009142F1DD5A68C4E9003214605C6038BD5F
:101A200001211838F9F7A2BA10B50446F9F768FA97
:101A300004F11800BDE81040FAF7FEBA38B50468A2
:101A40000546AC424FF0000000D138BD002CFCD060
:101A50002046FFF7E9FF2046F9F746F92C680120F8
:101A6000A542F1E708B50246FAF7EEF970B1D0E900
:101A700004319B1A61EBE272B3F1004F72F1000185
:101A800004DA002AACBF1846002008BD6FF0004001
:101A9000FBE708B5FAF7AEFB08BDFAF7ABBB0023CE
:101AA000C0E9081200F11802C0E90622C0E90033BB
:101AB00003634363704710B50446FAF7BDFAA8B94B
:101AC000636A0BB12046984704F11800F9F7FAFA57
:101AD00060B1F9F709F9EFF31180402383F312881D
:101AE000BFF36F8FBDE81040F9F75EBC10BD20B1A9
:101AF000011F50F8040CFAF76BBD704710B400F1E9
:101B00000C04C0E90344002444615DF8044BE5F78C
:101B100037BE10B501390244904201D1002005E0E2
:101B2000037811F8014FA34201D0181B10BD0130FA
:101B3000F2E70A44914200F1FF3300D1704710B53B
:101B400011F8014B03F8014F9142F9D110BD8842C1
:101B500010B501EB020402D98442234607D8431E84
:101B6000A14208D011F8012B03F8012FF8E7024435
:101B700001468A4200D110BD13F8014D02F8014D13
:101B8000F7E702440346934200D1704703F8011B74
:101B9000F9E7C9B20346184613F8012B12B18A427D
:101BA000F9D17047002918BF0020704710B50139DE
:101BB000034632B111F8014F03F8014B013A002CF2
:101BC000F7D11A440021934200D110BD03F8011B44
:101BD000F9E710B5024601448A42134603D01C7847
:101BE0000132002CF8D1181A10BD10EE103A23F073
:101BF000004300EE103A7047FBF7E8BBB1EEC00AB5
:101C0000704751EC100B024621F0004343EC102BBF
:101C1000704782B08DED000B019840F0004000F558
:081C20008010C00F02B07047F4
:081C280072F3FC7F01000000D3
:101C300045D501000000000000000000781D0300F1
:101C40003F18030000000000B198020000000000EF
:101C500091C5020000000000000000009C1D030070
:101C600000000000C01D0300A712030000000000D8
:101C7000B11203000000000000000000081E030075
:101C800000000000E41D0300C90502000000000080
:101C90004906020000000000E937020000000000D1
:101CA000D59801000000000005D5010000000000EB
:101CB00000000000501E030000000000741E03001E
:101CC00000000000981E030000000000BC1E03007E
:101CD00051BF010000000000000000002C1E0300A6
:101CE000B51203000000000055C60200000000000D
:101CF00000000000E01E030000000000041F0300BD
:101D000000000000701F030000000000281F0300F7
:101D1000000000004C1F030000000000941F03009F
:101D200029DB01000000000000000000DC1F0300B0
:101D300000000000B81F03006985000000000000DB
:101D40005D79000000000000658B000000000000CD
:101D50006939010000000000194401000000000082
:101D600083EA02000000000081580100000000002A
:081D7000CD5B01000000000042
:101D780001B20300E42F0300A0240300EA0C0020B2
:101D880094530020F502020000000000000000004B
:101D98000000000095B5030098300300FC23030001
:101DA800F00C002024540020291702000000000035
:101DB800000000000C0A0020A3B50300B0300300A7
:101DC800FC230300F20C00203054002029170200E5
:101DD80000000000000000001C0A002088A4030086
:101DE800580F0020BC240300E40C002070050020DC
:101DF800E5BC010000000000000000000000000039
:101E0800D6BA0300E031030008250300040D0020C2
:101E18006C0A0020352A02000000000000000000C3
:101E28005C0A0020A85203007C0F0020D02F03007A
:101E3800E60C0020D4430020C10503000000000088
:101E480000000000000000006FB803009831030094
:101E580040240300F80C002068540020850C03007F
:101E680000000000000000000000000082B803002D
:101E7800A031030040240300FA0C00207C54002009
:101E8800850C0300000000000000000000000000B6
:101E9800AFB80300A831030050240300FC0C002055
:101EA80090540020270D03000000000000000000EF
:101EB80000000000AFB80300B03103005024030055
:101EC800FE0C0020A4540020270D03000000000091
:101ED80000000000000000005EB4030004300300AE
:101EE800E4230300EC0C0020E4090020C10C0200EC
:101EF8000000000000000000D4090020B7B1030072
:101F080000000000C0230300E80C002000000000CF
:101F1800B5FD010000000000000000000000000006
:101F280009B5030000000000CC230300EE0C0020DC
:101F3800000000002914020000000000000000005A
:101F4800000000009BB60300C830030020240300F3
:101F5800F40C00203C5400206B0A03005D0A0300C7
:101F6800000000002C0A002059B8030024310300A7
:101F780038240300F60C0020605400204D21020094
:101F880000000000000000003C0A00205DBD0300C6
:101F98003C32030098240300060D0020A40A002008
:101FA800E52B02003111030000000000940A002014
:101FB8000DB903000000000060240300000D00209C
:101FC800B8540020A1240200000000000000000016
:101FD8000000000085BA0300B83103007C24030028
:101FE800020D0020882F0020B92602000000000002
:081FF800000000004C0A00206B
:10200000BB140300C7120300000000001F050300FB
:10201000081E03005F0F0300CD8F0200C7120300EC
:10202000000000001F050300000000001F05030062
:1020300011610200C7120300E17C0200C712030015
:10204000000000001F050300000000001F05030042
:10205000000000001F050300000000001F05030032
:10206000B81F0300E1230200000000001F05030069
:10207000000000001F050300000000001F05030012
:10208000000000001F05030000000000D135020021
:10209000000000001F050300000000001F050300F2
:1020A000000000001F050300000000001F050300E2
:1020B000000000001F050300000000001F050300D2
:1020C000000000001F050300000000001F050300C2
:1020D000000000001F050300000000001F050300B2
:1020E000FD690200C7120300000000001F05030085
:1020F000000000001F050300000000001F05030092
:10210000000000001F050300000000001F05030081
:10211000000000001F050300000000001F05030071
:10212000000000001F050300000000001F05030061
:10213000000000001F05030069F10100C712030041
:10214000000000001F0503000D730200C71203000A
:10215000000000001F050300000000001F05030031
:10216000000000001F050300000000001F05030021
:10217000000000001F0503002D860200C7120300A7
:10218000C82300208083002000010000655F01005B
:102190000000000000000000000000000600000039
:1021A00000000000FB990300000000000000000098
:1021B000E8180020006E002000040000A194000038
:1021C0000000000000000000000000000600000009
:1021D000020000002759030000000000000000007A
:1021E0000015002000630020000200002976000096
:1021F00000000000000000000000000008000000D7
:10220000020000000F450300000000000000000075
:1022100018210020807F002080000000EFE90200EC
:1022200000000000000000000000000006000000A8
:10223000000000003996030000400000000000008C
:10224000F01500208065002000020000A58000003D
:102250000000000000000000000000000600000078
:10226000000000001947030000000000000000000B
:10227000501F0020807800200002000095450100DA
:102280000000000000000000000000000600000048
:102290000000000084920300000000000000000025
:1022A00038200020007B002000040000254E0100A3
:1022B0000000000000000000000000000600000018
:1022C000000000002996030000000000000000004C
:1022D000381D0020807200200001000065360100DA
:1022E00001000000000000000000000007000000E6
:1022F00000000000D18D030000000000000000007D
:10230000D82200200082002000010000A955010011
:1023100000000000000000000000000006000000B7
:102320000000000011970300000000000000000002
:10233000F821002080800020000100007555010078
:102340000000000000000000000000000600000087
:1023500000000000FB9603000000000000000000E9
:10236000A82400200085002000010000155901006C
:102370000000000000000000000000000600000057
:10238000000000000C9A03000000000000000000A4
:1023900088250020808600200002000041610100A5
:1023A0000000000000000000000000000600000027
:1023B000000000001B9A0300004000000000000025
:0C23C00045FC0100C9FF010058020000AC
:1023CC00A3090300BD150200D5140200DD130200A1
:1023DC006F090300CD13020099100200550F020083
:1023EC0005120200150B02005B080300050B02002E
:1023FC00F9180200D1090300DF090300F7090300F3
:10240C00030A03000F0A0300D5170200A9160200E5
:04241C0000000000BC
:102420001D1D020000000000311B02000000000022
:0824300000000000C91C0200BD
:08243800CD2102002B0B030073
:10244000EF0B0300050C0300350C0300650C0300C3
:10245000910C0300A70C0300D70C0300070D030029
:10246000000000000000000000000000F92302004E
:10247000B523020000000000000000000000000082
:102480000000000000000000352602005125020077
:08249000000000000000000044
:08249800892F02003B12030032
:1024A0004D030200B1070300850703000000000090
:0C24B000250202000000000000000000F7
:1024BC009704030071BD0100000000009DBB0100EA
:1024CC004F0403007DBB0100F9020300030303006A
:1024DC005DBB010023030300000000002D0303007B
:1024EC0000000000000000003B030300A9040300EF
:1024FC0057030300910303005F030300570D030010
:10250C009D290200490D0300E90E03007D0D030017
:10251C00A50D0300D90D0300E90D0300170E0300F0
:10252C00230E0300E90D0300070E03002F0E03001A
:10253C003D0E03004B0E0300810E0300850E0300BD
:08254C00000000000000000087
:102554009C82030004000000055B030004000000EB
:10256400C4850300040000004B8303000400000042
:10257400AA7B0300040000004C7E0300040000005A
:102584003E8F0300040000009B830300040000004E
:10259400EC830300040000002F8E030004000000FD
:1025A4009684030004000000D67E030004000000AB
:1025B400467F0300040000000B81030004000000B8
:1025C4000085030004000000688503000300000088
:1025D400749203000300000005560300030000008A
:1025E400369B0300030000001CB20300030000003C
:1025F400925103000300000024450300030000007F
:102604005B520300030000009EBE030003000000B1
:102614002747030003000000A7BD030003000000D8
:10262400A8A403000300000023B503000300000076
:102634003D9E0300020000003D590300030000001A
:102644006353030003000000B1B50300030000005E
:10265400A8B6030003000000B7AF030003000000A6
:10266400799E030003000000E29E030003000000C3
:102674009DA00300030000007D530300030000003D
:1026840050AB0300030000004DB103000300000041
:102694005AC4030003000000B4A0030003000000B8
:1026A400B28B03000300000066B8030003000000BF
:1026B4006BB403000300000095B80300030000009E
:1026C400BBB8030003000000E78D03000300000013
:1026D4003882030003000000D48F030003000000CD
:1026E40070850300030000005D8603000400000001
:1026F4001A870300040000009FA4030003000000E5
:1027040048AC0300030000006ABD0300030000009E
:10271400044203000300000086BD03000300000020
:102724001BB903000300000059BE030004000000AD
:10273400E4BA0300030000002E9A03000300000023
:10274400A9A30300010000005CA203000100000033
:1027540061AD030002000000F6B0030001000000B8
:102764007BA403000100000095BA030003000000ED
:10277400182F0300843A00204FA00300010000003A
:102784005C2F0300600900207B930300000000001D
:1027A00001000000000000000102000058020300C8
:1027B000002000000AD7A33E0AD7233E0AD7A33D34
:1027C0000AD7233D0AD7A33C0AD7233C0AD7A33B09
:1027D0000AD7233B0001020304050607FF0000009F
:1027E000FF000000FF000000FF000000FF000000ED
:1027F000FF000000FF000000FF000000FF000000DD
:10280000FF000000FF000000FF000000D8ECF0F423
:10281000F8FC0002030405060708000000000000A1
:1028200000000000000000000000000000000101A6
:102830000101020202020303030304040404050568
:10284000050506060608090000000000000000005B
:102850000000000000000000000000010101010272
:10286000020202030303030404040405050505062C
:10287000060708090A0B0C0D0608080102060010DD
:102880000200FA000000FCDE41EBA2D1422400B5B8
:10289000F8579FAC9D9EAAC9B43400004F0F0000AA
:1028A0005B0F00005F0F0000670F00006B0F000060
:1028B00000000000C201000000080000000000004D
:1028C0000338FDD870470000763C7935EF39EA3D92
:1028D000763C7935EF39EABD0000E0FE422EE63F56
:1028E0000000E0FE422EE6BF000000000000E03FD6
:1028F000000000000000E0BFE0930400F4010000CD
:1029000088130000983A0000983A0000A0BB0D0020
:1029100080CBA400000000000000000000000000C8
:1029200000000000000000000000000000000000A7
:102930000000000000000000B0510300B45103008B
:10294000B9510300BD510300C2510300C651030039
:10295000CB510300CF510300D4510300D9510300E0
:10296000DF510300E4510300909F03001C7C03002F
:1029700015A30300E8AD0300B3540300EA510300BC
:10298000909F0300EC510300F0510300F551030048
:10299000FA510300045203000A5203000F520300CD
:1029A000155203001C52030021520300265203005B
:1029B0002A520300FF5103002F5203003952030033
:1029C0003F520300445203004A5203005152030095
:1029D00056520300000000000000000021850000A6
:1029E000E5DF020051860000000000008BE00200DD
:1029F0008DE002009FE002008FE0020099E00200FB
:102A00009DE0020091E00200A1E00200A3E00200CC
:102A100093E0020095E00200A5E002009BE00200C6
:102A200039A8000079A80000A5A80000CDA80000E2
:102A300019A9000091A90000A7E00200A9A90000BF
:102A4000BDA9000093E0020095E00200D9A90000B2
:102A5000CDA90000D9B30000A9B1000065AA00000B
:102A600075AB0000E1AE0000A1AF0000A5AD000015
:102A700039AE000005E1020021AD0000E5B0000024
:102A800031E9020099BE0000C5BF0000D5B70000C3
:102A90006DBB0000DDB80000B1B90000E5B7000073
:102AA00061B80000EDBA000095E10200B5BD00007C
:102AB00031E9020009CB00002DCC00000F0000001E
:102AC000D5C500004DC7000025C0000089C3000027
:102AD00049C90000EDC10000F5C0000071C100004F
:102AE00015E20200E9E1020035C0000061CD0000FE
:102AF00079E1000049EA000009DE0000B9DF0000CA
:102B000099E40000C5CE000051CF000019E4000098
:102B100087E20200E5E60000A1E9000065E70000A9
:102B20008DD4000049EA0000D1CF0000B1D10000EF
:102B300049D5000019D1000099E3000019E4000014
:102B400087E2020091D600000DD7000065E7000083
:102B500009DB000049EA0000B5D70000FDD80000FD
:102B600009DC00002DDF000099E3000019E40000FB
:102B700087E20200E5E6000055DD0000C1DC000050
:102B8000A9EA000045E800000800000079E1000023
:102B900049EA000009DE0000B9DF000099E4000006
:102BA0002DDF000099E3000019E4000087E2020035
:102BB000E5E60000A1E9000065E7000021F1000062
:102BC00079F2000021F00000D1EF0000D9F20000FE
:102BD00039F100003DF30000DDEF000009090011AC
:102BE0003DF90000DDF80000A5F6000089F30000C3
:102BF00025E3020029F800005D39010095F300008B
:102C00000608004299FC0000F9FD000021FB0000CD
:102C1000B1FA00003FE30200B1FC000021FD00001A
:102C2000BDFA000009090231E5FF00003101010091
:102C3000B1FE000065FE000091010100FDFF0000F3
:102C40005D39010071FE0000060600113903010024
:102C5000A504010005020100B901010005050100FC
:102C6000710301005D390100C50101000606001174
:102C7000650601002D0701006D0501002D0501000D
:102C80008D0701007D0601008FE302003905010078
:102C900006060068B1090100DD0A010031080100E3
:102CA000F1070100C3E302002D0A0100DBE302008B
:102CB000FD07010006060028510F01006D0E0100FE
:102CC000F10B0100790B0100CD0E0100390D01005F
:102CD000C50F0100850B01000607000095120100D9
:102CE0002BE40200811101002D1101003D130100B0
:102CF000791301005D390100391101000606000158
:102D000005000000060000000A00000004000000AA
:102D1000060000000A00000004000000010000009E
:102D2000060000000A000000040000000700000088
:102D300008000000090000000B0000000C0000006B
:102D4000030000000E000000000000000E00000064
:102D50000D0000000F000000100000001300000034
:102D6000110000001200000003000000020000003B
:102D7000060000000000000001000000020000004A
:102D8000080000000900000003000000040000002B
:102D90000500000007000000070000000A00000016
:102DA0000B0000000C0000000D0000000E000000F1
:102DB0000F000000100000001100000037E90200C1
:102DC0004BE902003FE902005139010049E90200E4
:102DD00045E902005D3901003DE90200FFFF000006
:102DE00009E902000FE9020011E9020013E90200FB
:102DF00019E902001DE9020021E9020047E9020089
:102E000023E9020029E902002DE9020031E902006C
:102E100010270000102700001027000010270000D6
:102E200010270000C01D030010000100C01D03009A
:102E30000F000100C01D03000E000100C01D0300B3
:102E40000D000100C01D03001E000700000000006F
:102E5000EB09A4933D1AECB4D6134827913D7CFAB4
:102E60007A34D869AC27904E472E34DDC9725C673E
:102E7000227BF8F4F468B0D31F611440584F209DB2
:102E8000B346840E6555CC298E5C68BA00000000FC
:102E90006410B71DC8206E3BAC30D9269041DC765B
:102EA000F4516B6B5861B24D3C7105502083B8ED05
:102EB00044930FF0E8A3D6D68CB361CBB0C2649B29
:102EC000D4D2D38678E20AA01CF2BDBD48270020E8
:102ED00080010000E7FF020089FF020002000000FD
:102EE000C10003000000000000000000000000001E
:102EF000000000002FA0030037A003000000000026
:102F000000000000000000003FA0030043A00300F9
:102F100047A003004BA0030045A6010039A601000D
:102F200069A6010021A60100000000002DA60100F5
:102F300000000000C5A601008C3A0020D85B0020EC
:102F4000100000004C2F03009C3A0020A1A70100B4
:102F5000B43A0020E85B00200100000041010300BA
:102F6000370103004DA70100C5A7010000000000C4
:102F70002B01030000000000000000000105030019
:102F8000C0090020B8090020B0090020000000009E
:102F9000A809002025C1010019C001006DC0010071
:102FA000CDC00100000500200000000000000B065D
:102FB00002000000B82F03000000000003AC030073
:102FC00026000202000000200BAC030022000B11BF
:102FD00000000000CDDC0100E9010200CD0202008A
:102FE00000000000550402008103020010B203003B
:102FF0009F070300A507030016B2030004000000AA
:1030000000FF0000000000000000000000000000C1
:1030100000000000000000000000000000000000B0
:103020000403000000000003F4010000000101009F
:1030300000008000C22817003C30030000900240CE
:10304000483003000200000070300300060000005A
:1030500058300300060100001380001D1480001F7B
:103060001580002016800021178000221186001E86
:103070001318001D1418001F151800201618002121
:10308000171800221118001E000800000010000090
:103090000400000000FF0000FFFF000000030050DC
:1030A000000000000100000000600040000000007F
:1030B000BCF801FF0000005000000000000000000C
:1030C00000600040000000000030004000000000F0
:1030D00000000000000000000000400600000101A8
:1030E000F91A0200FF030000610A0300F830030030
:1030F000085C0020FFFF00000030004004310300A6
:10310000020000001C310300020000001431030023
:10311000020100001A80000C1B80000B1A00000C3A
:103120001B00000B00C00140000000000000000078
:10313000000000000000000000000000000000008F
:1031400000040000E803020101010000BA59002058
:1031500004000000000000000000000064310300D3
:103160000024F40000C001407031030002000000A0
:103170008C310300030000008031030003010000D4
:103180000D8000160E8000170F8000180D2001160C
:103190000E2001170F20011820050040010000003B
:1031A0001C050040010000007C7F0020040000009E
:1031B00000F0032000100000041F030001000000C5
:1031C000000000000000000000000000D84D0200D8
:1031D00038C700009C1D03000D00000064000000C3
:1031E0000020004001000000000000000032030049
:1031F0000000D601000000000860002007600020E9
:10320000002000400C320300020000002C320300BA
:10321000040000001C3203000401000006800000CE
:1032200008800001058000020780000306000000FE
:1032300005000002080600010706000300F0024036
:10324000000000000048E80100000000000000004D
:1032500000000000FFFFFFFF0000FF000000000073
:1032600000000000FFFFFFFF02000001010000005E
:1032700053110300FFFF00008C320300FFFFFFFF2C
:1032800000000000000000000000000000F002400C
:103290009832030002000000B43203000300000073
:1032A000A8320300030100001C8000052A800006EC
:1032B0001D8000041C0000052A0000061D000004FB
:1032C000C01D03001F0001000000000000A000401E
:1032D00000000000810000000C0000000000000061
:1032E0000000000000A00040000000007C00000082
:1032F0000C0000000000000000000000920E493C9D
:10330000B10AC93C2BC3163D2EFB483D752B7B3DB6
:1033100004A9963D80B6AF3D36BDC83D2FBCE13D0A
:1033200073B2FA3D87CF093E8340163EB5AB223ECD
:10333000A2102F3ECF6E3B3EC2C5473E0115543E04
:10334000135C603E7F9A6C3ECCCF783EC07D823E5F
:10335000938E883E229A8E3E32A0943E86A09A3E5C
:10336000E59AA03E128FA63ED47CAC3EEF63B23EFF
:103370002A44B83E491DBE3E15EFC33E53B9C93E6F
:10338000CA7BCF3E4136D53E80E8DA3E4F92E03EE2
:103390007533E63EBBCBEB3EEA5AF13ECBE0F63E60
:1033A000275DFC3EE4E7003F3D9C033F824B063F28
:1033B0009BF5083F6B9A0B3FDA390E3FCDD3103F98
:1033C0002A68133FD9F6153FC07F183FC6021B3F3E
:1033D000D17F1D3FCBF61F3F9967223F25D2243F67
:1033E0005636273F1594293F4AEB2B3FDE3B2E3FB5
:1033F000BB85303FC9C8323FF304353F233A373FDE
:103400004268393F3B8F3B3FF9AE3D3F67C73F3F87
:1034100070D8413F01E2433F03E4453F65DE473F4B
:1034200012D1493FF8BB4B3F029F4D3F207A4F3F9F
:103430003D4D513F4918533F31DB543FE595563FD1
:103440005348583F6AF2593F1A945B3F532D5D3FF2
:1034500005BE5E3F2146603F97C5613F5A3C633FD2
:1034600059AA643F880F663FD86B673F3CBF683FEF
:10347000A7096A3F0C4B6B3F5E836C3F93B26D3F75
:103480009ED86E3F73F56F3F0809713F5213723F2C
:103490004714733FDD0B743F0BFA743FC6DE753F74
:1034A00007BA763FC58B773FF853783F9812793F3C
:1034B0009DC7793F02737A3FBE147B3FCDAC7B3F03
:1034C000283B7C3FC9BF7C3FAC3A7D3FCCAB7D3FC6
:1034D00023137E3FB0707E3F6DC47E3F580E7F3F0A
:1034E0006D4E7F3FAB847F3F0FB17F3F97D37F3FD0
:1034F00043EC7F3F11FB7F3F0000803F11FB7F3F8C
:1035000043EC7F3F97D37F3F0FB17F3FAB847F3F3B
:103510006D4E7F3F580E7F3F6DC47E3FB0707E3F43
:1035200023137E3FCCAB7D3FAC3A7D3FC9BF7C3F90
:10353000283B7C3FCDAC7B3FBE147B3F02737A3F80
:103540009DC7793F9812793FF853783FC58B773FF5
:1035500007BA763FC6DE753F0BFA743FDD0B743F4A
:103560004714733F5213723F0809713F73F56F3F61
:103570009ED86E3F93B26D3F5E836C3F0C4B6B3FAA
:10358000A7096A3F3CBF683FD86B673F880F663F1B
:1035900059AA643F5A3C633F97C5613F2146603F4B
:1035A00005BE5E3F532D5D3F1A945B3F6AF2593F63
:1035B0005348583FE595563F31DB543F4918533F38
:1035C0003D4D513F207A4F3F029F4D3FF8BB4B3F4F
:1035D00012D1493F65DE473F03E4453F01E2433FE7
:1035E00070D8413F67C73F3FF9AE3D3F3B8F3B3F00
:1035F0004268393F233A373FF304353FC9C8323F69
:10360000BB85303FDE3B2E3F4AEB2B3F1594293FD5
:103610005636273F25D2243F9967223FCBF61F3FDE
:10362000D17F1D3FC6021B3FC07F183FD9F6153F13
:103630002A68133FCDD3103FDA390E3F6B9A0B3F08
:103640009BF5083F824B063F3D9C033FE4E7003F6C
:10365000275DFC3ECBE0F63EEA5AF13EBBCBEB3EAB
:103660007533E63E4F92E03E80E8DA3E4136D53E85
:10367000CA7BCF3E53B9C93E15EFC33E491DBE3E7E
:103680002A44B83EEF63B23ED47CAC3E128FA63ED5
:10369000E59AA03E86A09A3E32A0943E229A8E3EA3
:1036A000938E883EC07D823ECCCF783E7F9A6C3E22
:1036B000135C603E0115543EC2C5473ECF6E3B3E93
:1036C000A2102F3EB5AB223E8340163E87CF093E67
:1036D00073B2FA3D2FBCE13D36BDC83D80B6AF3D6B
:1036E00004A9963D752B7B3D2EFB483D2BC3163D13
:1036F000B10AC93C920E493C00000000920E49BC40
:10370000B10AC9BC2BC316BD2EFB48BD752B7BBDB2
:1037100004A996BD80B6AFBD36BDC8BD2FBCE1BD06
:1037200073B2FABD87CF09BE834016BEB5AB22BEC9
:10373000A2102FBECF6E3BBEC2C547BE011554BE00
:10374000135C60BE7F9A6CBECCCF78BEC07D82BE5B
:10375000938E88BE229A8EBE32A094BE86A09ABE58
:10376000E59AA0BE128FA6BED47CACBEEF63B2BEFB
:103770002A44B8BE491DBEBE15EFC3BE53B9C9BE6B
:10378000CA7BCFBE4136D5BE80E8DABE4F92E0BEDE
:103790007533E6BEBBCBEBBEEA5AF1BECBE0F6BE5C
:1037A000275DFCBEE4E700BF3D9C03BF824B06BF24
:1037B0009BF508BF6B9A0BBFDA390EBFCDD310BF94
:1037C0002A6813BFD9F615BFC07F18BFC6021BBF3A
:1037D000D17F1DBFCBF61FBF996722BF25D224BF63
:1037E000563627BF159429BF4AEB2BBFDE3B2EBFB1
:1037F000BB8530BFC9C832BFF30435BF233A37BFDA
:10380000426839BF3B8F3BBFF9AE3DBF67C73FBF83
:1038100070D841BF01E243BF03E445BF65DE47BF47
:1038200012D149BFF8BB4BBF029F4DBF207A4FBF9B
:103830003D4D51BF491853BF31DB54BFE59556BFCD
:10384000534858BF6AF259BF1A945BBF532D5DBFEE
:1038500005BE5EBF214660BF97C561BF5A3C63BFCE
:1038600059AA64BF880F66BFD86B67BF3CBF68BFEB
:10387000A7096ABF0C4B6BBF5E836CBF93B26DBF71
:103880009ED86EBF73F56FBF080971BF521372BF28
:10389000471473BFDD0B74BF0BFA74BFC6DE75BF70
:1038A00007BA76BFC58B77BFF85378BF981279BF38
:1038B0009DC779BF02737ABFBE147BBFCDAC7BBFFF
:1038C000283B7CBFC9BF7CBFAC3A7DBFCCAB7DBFC2
:1038D00023137EBFB0707EBF6DC47EBF580E7FBF06
:1038E0006D4E7FBFAB847FBF0FB17FBF97D37FBFCC
:1038F00043EC7FBF11FB7FBF000080BF11FB7FBF88
:1039000043EC7FBF97D37FBF0FB17FBFAB847FBF37
:103910006D4E7FBF580E7FBF6DC47EBFB0707EBF3F
:1039200023137EBFCCAB7DBFAC3A7DBFC9BF7CBF8C
:10393000283B7CBFCDAC7BBFBE147BBF02737ABF7C
:103940009DC779BF981279BFF85378BFC58B77BFF1
:1039500007BA76BFC6DE75BF0BFA74BFDD0B74BF46
:10396000471473BF521372BF080971BF73F56FBF5D
:103970009ED86EBF93B26DBF5E836CBF0C4B6BBFA6
:10398000A7096ABF3CBF68BFD86B67BF880F66BF17
:1039900059AA64BF5A3C63BF97C561BF214660BF47
:1039A00005BE5EBF532D5DBF1A945BBF6AF259BF5F
:1039B000534858BFE59556BF31DB54BF491853BF34
:1039C0003D4D51BF207A4FBF029F4DBFF8BB4BBF4B
:1039D00012D149BF65DE47BF03E445BF01E243BFE3
:1039E00070D841BF67C73FBFF9AE3DBF3B8F3BBFFC
:1039F000426839BF233A37BFF30435BFC9C832BF65
:103A0000BB8530BFDE3B2EBF4AEB2BBF159429BFD1
:103A1000563627BF25D224BF996722BFCBF61FBFDA
:103A2000D17F1DBFC6021BBFC07F18BFD9F615BF0F
:103A30002A6813BFCDD310BFDA390EBF6B9A0BBF04
:103A40009BF508BF824B06BF3D9C03BFE4E700BF68
:103A5000275DFCBECBE0F6BEEA5AF1BEBBCBEBBEA7
:103A60007533E6BE4F92E0BE80E8DABE4136D5BE81
:103A7000CA7BCFBE53B9C9BE15EFC3BE491DBEBE7A
:103A80002A44B8BEEF63B2BED47CACBE128FA6BED1
:103A9000E59AA0BE86A09ABE32A094BE229A8EBE9F
:103AA000938E88BEC07D82BECCCF78BE7F9A6CBE1E
:103AB000135C60BE011554BEC2C547BECF6E3BBE8F
:103AC000A2102FBEB5AB22BE834016BE87CF09BE63
:103AD00073B2FABD2FBCE1BD36BDC8BD80B6AFBD67
:103AE00004A996BD752B7BBD2EFB48BD2BC316BD0F
:103AF000B10AC9BC920E49BC000000800800000059
:103B000003000000DCC30300EAC30300FEC303009C
:103B10000DC4030019C40300301C0300301C030053
:103B2000981C0300A01C0300381D0300781D03002F
:103B300034C6030000010000FF8FFFFFFF8FFFFF6F
:103B4000FE8FFFFFFE8FFFFFFD8FFFFFFC8FFFFF4C
:103B5000FC8FFFFF6D757465785F66726565206325
:103B6000616C6C65642077697468204E554C4C20FC
:103B7000706172616D6574657200000043616E274B
:103B80007420696E697469616C697A65206D7574F9
:103B900065782C20776173204E554C4C0D0A00003F
:103BA000436F756C64206E6F74206C6F636B207054
:103BB0006F7765722073617665206D757465780026
:103BC0006937AC3168212233B40F14336821A23332
:103BD0003863ED3EDA0F493F5E987B3FDA0FC93F0D
:103BE00000000080DB0F4940DB0F49C0DB0F49BFFD
:103BF000E4CB1640E4CB16C0000FC93F000F49408C
:103C000000CB9640000FC9400053FB4000CB16414B
:103C100000ED2F41000F49410031624100537B41CB
:103C2000003A8A4100CB9641005CA34100EDAF41D0
:103C3000007EBC41000FC94100A0D5410031E241E6
:103C400000C2EE410053FB4100F20342003A0A4237
:103C50000083104200CB164200141D42005C234238
:103C600000A5294200ED2F4200363642007E3C423C
:103C700000C74242000F4942A2000000F9000000C4
:103C8000830000006E0000004E00000044000000B1
:103C90001500000029000000FC00000027000000C3
:103CA00057000000D1000000F500000034000000C3
:103CB000DD000000C0000000DB000000620000002A
:103CC00095000000990000003C0000004300000047
:103CD0009000000041000000FE00000051000000C4
:103CE00063000000AB000000DE000000BB0000002D
:103CF000C500000061000000B700000024000000C3
:103D00006E0000003A000000420000004D0000007C
:103D1000D2000000E00000000600000049000000A2
:103D20002E000000EA00000009000000D1000000A1
:103D3000920000001C000000FE0000001D000000BA
:103D4000EB0000001C000000B10000002900000092
:103D5000A70000003E000000E80000008200000014
:103D600035000000F50000002E000000BB00000040
:103D70004400000084000000E90000009C000000F6
:103D80007000000026000000B40000005F0000008A
:103D90007E0000004100000039000000910000009A
:103DA000D60000003900000083000000530000002E
:103DB00039000000F40000009C00000084000000B6
:103DC0005F0000008B000000BD000000F900000053
:103DD000280000003B0000001F000000F800000069
:103DE00097000000FF000000DE000000050000005A
:103DF000980000000F000000EF0000002F000000FE
:103E0000110000008B0000005A0000000A000000B2
:103E10006D0000001F0000006D0000003600000073
:103E20007E000000CF00000027000000CB00000053
:103E300009000000B70000004F000000460000002D
:103E40003F000000660000009E0000005F000000D0
:103E5000EA0000002D0000007500000027000000AF
:103E6000BA000000C7000000EB000000E500000001
:103E7000F10000007B0000003D0000000700000092
:103E800039000000F70000008A0000005200000026
:103E900092000000EA0000006B000000FB00000040
:103EA0005F000000B10000001F0000008D00000056
:103EB0005D00000008000000560000000300000044
:103EC0003000000046000000FC0000007B00000005
:103ED0006B000000AB000000F0000000CF0000000D
:103EE000BC000000200000009A000000F400000068
:103EF000360000001D000000A9000000E3000000E3
:103F000091000000610000005E000000E60000007B
:103F10001B00000008000000650000009900000080
:103F2000850000005F00000014000000A0000000F9
:103F300068000000400000008D000000FF0000004D
:103F4000D8000000800000004D0000007300000059
:103F500027000000310000000600000006000000FD
:103F60001500000056000000CA00000073000000A9
:103F7000A8000000C900000060000000E20000008E
:103F80007B000000C00000008C0000006B000000FF
:103F90000000C93F0000F0390000DA370000A2330A
:103FA0000000842E0000502B0000C2270000D02209
:103FB0000000C41F0000C61B0000441704000000DE
:103FC0000700000009000000A00F701700000000AB
:103FD0006400C8000400E8030300080000000000BB
:103FE0000000000000000000060006000A000700B4
:103FF00001000200040008001000200040008000C2
:104000000000010002000400080010002000400031
:10401000800000010002000400080000D007E8034F
:10402000F401FA007D000000100008000400020006
:104030000000010002000400080010002000400001
:10404000A000400180020005000A000001000200FB
:104050000400080010002000400080000001000261
:104060000000030006000C00180030006000C000D3
:104070008001000300060000D007E803F401FA0005
:104080000000100008000400020000000300060009
:104090000C00180030006000C00080010003000622
:1040A0000000D007E803F401FA0000001000080047
:1040B00004000200000001000200040008001000DB
:1040C00020004000800000010002000400100000F9
:1040D000A00FD007E803F401FA007D0000001000F3
:1040E000080004000200000010270000000000008B
:1040F0000000F0FFF0FFF0FFEAFF74FFF0FFF0FFB9
:10410000F0FFF0FFEAFF526573657474696E672013
:104110006465766963652073657474696E6773207E
:1041200077696C6C20636C65617220616C6C2075C2
:104130007365722D646566696E6564207365747459
:10414000696E677320746F20746865206669726D8C
:10415000776172652064656661756C74732E20509A
:104160006C6561736520726573656E642074686543
:1041700020636F6D6D616E6420746F20636F6E6677
:1041800069726D2E0A00526573657474696E6720DA
:104190006465766963652073657474696E67730A14
:1041A000004465766963652073657474696E67732E
:1041B00020726573657400757365725F65787472DB
:1041C000615F616374696F6E730069676E6F7265BA
:1041D0005F726573657400757365725F736875747B
:1041E000646F776E007573655F696D755F77616B7E
:1041F000655F75700064656C61795F736C6565708F
:104200005F6F6E5F73746174757300636F6E6E655C
:104210006374696F6E5F6F7665725F68696400735F
:10422000656E736F725F7573655F6C6F775F706FCC
:104230007765725F32007573655F696D755F74696C
:104240006D656F7574007573655F6163746976651C
:104250005F74696D656F75740073656E736F725FFF
:104260007573655F6D6167007573655F73656E7308
:104270006F725F636C6F636B0073656E736F725FF9
:104280007573655F365F736964655F63616C6962EE
:10429000726174696F6E006C65645F6465666175F8
:1042A0006C745F636F6C6F725F72006C65645F64E7
:1042B000656661756C745F636F6C6F725F67006CCD
:1042C00065645F64656661756C745F636F6C6F7263
:1042D0005F62006163746976655F74696D656F75AF
:1042E000745F6D6F64650073656E736F725F616399
:1042F00063656C5F6F64720073656E736F725F6786
:1043000079726F5F6F64720073656E736F725F6155
:104310006363656C5F66730073656E736F725F676E
:1043200079726F5F66730073656E736F725F667527
:1043300073696F6E00726164696F5F74785F706F2C
:1043400077657200636F6E6E656374696F6E5F741C
:10435000696D656F75745F64656C61790073656E16
:10436000736F725F6C705F74696D656F75740069EF
:104370006D755F74696D656F75745F72616D705F87
:104380006D696E00696D755F74696D656F75745FD9
:1043900072616D705F6D6178006163746976655FED
:1043A00074696D656F75745F7468726573686F6C3E
:1043B00064006163746976655F74696D656F7574B7
:1043C0005F64656C617900626174746572795F6CB9
:1043D0006F775F72756E74696D655F74687265730F
:1043E000686F6C6400000101010101000000000021
:1043F00000000000000001010101000000000000B9
:10440000000000000025733A204661696C65642055
:104410006D75746578206C6F636B00080B00060285
:1044200001090A101000000C0F0E000D0D636F6ED5
:104430006E656374696F6E5F77726974655F7061D2
:10444000636B65745F3700636F6E6E656374696F6D
:104450006E5F77726974655F7061636B65745F36F8
:1044600000636F6E6E656374696F6E5F77726974F7
:10447000655F7061636B65745F3500636F6E6E6559
:104480006374696F6E5F77726974655F7061636B87
:1044900065745F3400636F6E6E656374696F6E5F21
:1044A00077726974655F7061636B65745F33006315
:1044B0006F6E6E656374696F6E5F77726974655F46
:1044C0007061636B65745F3200636F6E6E656374F9
:1044D000696F6E5F77726974655F7061636B657435
:1044E0005F3100636F6E6E656374696F6E5F7772C4
:1044F0006974655F7061636B65745F3000636F6ED4
:104500006E656374696F6E5F746872656164006381
:104510006F6E6E656374696F6E5F746872656164F7
:104520005F696400636F6E6E656374696F6E00250A
:10453000733A20556E61626C6520746F20676574F4
:104540002074686520436C6F636B206D616E6167DA
:1045500065720054696D6572206E6F7420696E69B2
:104560007469616C697A65640025733A20436C6FE5
:10457000636B2072657175657374206661696C6523
:10458000643A2025640025733A20436C6F636B20E6
:10459000636F756C64206E6F742062652073746144
:1045A000727465643A20256400556E61626C652002
:1045B000746F20666574636820436C6F636B207250
:1045C00065717565737420726573756C743A202516
:1045D000640025733A2045534220696E697469610D
:1045E0006C697A6174696F6E206661696C65643AA2
:1045F0002025640050616972696E6720726571756B
:1046000065737465640062398AF200FEFF29270928
:1046100002B2D60028FF50B80050616972696E6717
:104620000044657669636520616464726573733AFA
:1046300020253031326C6C5800436865636B7375AC
:104640006D3A202530325800496E636F727265638F
:104650007420636865636B73756D3A20253032583A
:104660000050616972696E67207265717565737457
:10467000207265636569766564005061697265647E
:1046800000547261636B65722049443A20257500BD
:1046900052656365697665722061646472657373DF
:1046A0003A20253031326C6C58004E6F20726573A1
:1046B000706F6E73652066726F6D207265636569D9
:1046C00076657220696E2025646D00496E636F7295
:1046D0007265637420636865636B73756D00506108
:1046E0006972696E672064617461207265736574B4
:1046F000006573625F696E697469616C697A6500EF
:10470000636C6F636B735F737461727400636C6F5F
:10471000636B735F696E6974006573625F7468725E
:104720006561645F6964006573625F6576656E7478
:10473000000A68656C702020202020202020202086
:104740002020202020202020202020202020204445
:104750006973706C617920746869732068656C7026
:1047600020746578740A000A696E666F2020202024
:104770002020202020202020202020202020202039
:1047800020202020204765742064657669636520B9
:10479000696E666F726D6174696F6E0A0075707410
:1047A000696D65202020202020202020202020202E
:1047B00020202020202020202020476574206465B0
:1047C0007669636520757074696D650A007265624B
:1047D0006F6F7420202020202020202020202020E7
:1047E00020202020202020202020536F667420725B
:1047F0006573657420746865206465766963650A0D
:1048000000626174746572792020202020202020AD
:10481000202020202020202020202020202047652C
:1048200074206261747465727920696E666F726D4E
:104830006174696F6E0A000A7363616E2020202024
:104840002020202020202020202020202020202068
:104850002020202020526573746172742073656E6D
:10486000736F72207363616E0A0063616C696272B8
:10487000617465202020202020202020202020205E
:104880002020202020202043616C696272617465C1
:104890002073656E736F72205A524F0A00362D7363
:1048A0006964652020202020202020202020202036
:1048B0002020202020202020202043616C6962726B
:1048C00061746520362D7369646520616363656C6E
:1048D00065726F6D657465720A006D6167202020D6
:1048E00020202020202020202020202020202020C8
:1048F00020202020202020436C656172206D61679C
:104900006E65746F6D657465722063616C69627247
:104910006174696F6E0A000A736574203C61646497
:10492000726573733E20202020202020202020202C
:1049300020202020204D616E75616C6C792073659C
:10494000742072656365697665720A0070616972C8
:104950002020202020202020202020202020202057
:10496000202020202020202020456E746572207099
:10497000616972696E67206D6F64650A00636C65BA
:104980006172202020202020202020202020202094
:1049900020202020202020202020436C65617220D0
:1049A00070616972696E6720646174610A000A6DE2
:1049B000656F77202020202020202020202020200C
:1049C0002020202020202020202020204D656F77CF
:1049D000210A000A72657365745F6461746120283E
:1049E0007A726F7C6163637C6D61677C6261747CE9
:1049F000616C6C290A000A6C6973745F636F6E6680
:104A00006967202020202020202020202020202016
:104A100020202020446973706C617920617661697F
:104A20006C61626C652073657474696E67730A00EB
:104A300077726974655F636F6E666967202862616B
:104A4000736536347C3C636F6E666967206E616D9A
:104A5000653E7C3C636F6E6669672069643E292011
:104A60003C76616C75653E0A00726561645F636FD8
:104A70006E6669672028616C6C7C62617365363490
:104A80007C3C636F6E666967206E616D653E7C3C41
:104A9000636F6E6669672069643E290A00726573F8
:104AA00065745F636F6E6669672028616C6C7C3C1F
:104AB000636F6E666967206E616D653E7C3C636FF7
:104AC0006E6669672069643E290A0025733A2025CD
:104AD0003032753A253032753A253032752E253010
:104AE00033752C253033750A004E6F742073656161
:104AF000726368696E6700535049002C20657874B2
:104B000065726E616C00547261636B65722049441A
:104B10003A2025750A00547261636B65722049441E
:104B20003A204E6F6E650A0052656365697665725C
:104B300020616464726573733A20253031326C6C85
:104B4000580A005265636569766572206164647213
:104B50006573733A204E6F6E650A002A2A2A204E2A
:104B60006F726469632053656D69636F6E6475630A
:104B7000746F7220536C696D654E52462054726199
:104B8000636B6572206E5246353238343020444BA8
:104B9000202A2A2A0A00536C696D6556522D5472D8
:104BA00061636B65722D6E524620302E302E302D93
:104BB000746573742D6E6F2B300A004E6F726469CA
:104BC000632053656D69636F6E647563746F7220E3
:104BD000536C696D654E524620547261636B657209
:104BE000206E5246353238343020444B0A00436F31
:104BF0006D6D69743A203637343432383435323496
:104C000036360A004275696C643A2025642D2530D9
:104C100032642D2530326420253032643A2530321A
:104C2000643A253032640A000A426F6172643A20A5
:104C30006E72663532383430646B0A00534F433A33
:104C4000206E726635323834300A005461726765FE
:104C5000743A206E72663532383430646B2F6E725F
:104C60006635323834300A00494D553A2025730AEA
:104C700000496E746572666163653A2025730A00A7
:104C8000416464726573733A203078253032582558
:104C90003032580A000A4D61676E65746F6D657435
:104CA00065723A2025730A00496E74657266616305
:104CB000653A20257325730A000A416363656C65B4
:104CC000726F6D65746572206D61747269783A0AED
:104CD00000252E356620252E356620252E356620AA
:104CE000252E35660A000A416363656C65726F6D37
:104CF0006574657220626961733A20252E356620DD
:104D0000252E356620252E35660A004779726F7389
:104D1000636F706520626961733A20252E356620C5
:104D2000252E356620252E35660A004D61676E6595
:104D3000746F6D65746572206D61747269783A0A7A
:104D4000000A467573696F6E3A2025730A00446540
:104D50007669636520616464726573733A202530F7
:104D600031326C6C580A00426174746572793A2071
:104D7000252E30662525202852656164202575681A
:104D80002025756D696E2061676F290A0042617484
:104D9000746572793A20252E306625250A00426115
:104DA00074746572793A2057616974696E67206618
:104DB0006F722076616C69642072656164696E67E8
:104DC0000A0052656D61696E696E672072756E7456
:104DD000696D653A202575682025756D696E0A0034
:104DE00052656D61696E696E672072756E74696D6A
:104DF000653A204E6F7420617661696C61626C6502
:104E00000A0046756C6C792063686172676564207E
:104E100072756E74696D653A202575682025756D0B
:104E2000696E0A0046756C6C79206368617267650B
:104E3000642072756E74696D653A204E6F742061DE
:104E40007661696C61626C650A00557074696D65A4
:104E500000416363756D756C617465640041444322
:104E60003A202564206D560A000A42617474657206
:104E7000793A20252E326625252028526177202573
:104E80002E326625252C202564206D56290A000A1D
:104E9000426174746572793A204E6F6E650A004CF7
:104EA0006173742075706461746564004C6173741F
:104EB00020757064617465643A204E657665720A87
:104EC000000A52656D61696E696E672072756E7455
:104ED000696D650046756C6C792063686172676501
:104EE000642072756E74696D65004D696E696D75CB
:104EF0006D2072756E74696D65004D696E696D75B2
:104F00006D2072756E74696D653A204E6F74206104
:104F10007661696C61626C650A004D6178696D75D6
:104F20006D2072756E74696D65004D6178696D757F
:104F30006D2072756E74696D653A204E6F742061D4
:104F40007661696C61626C650A000A4C6173742059
:104F5000646973636861726765206379636C653A3D
:104F600020252E32662525202D3E20252E32662531
:104F700025202852617720252E32662525202D3EBA
:104F800020252E32662525290A004C617374206382
:104F900079636C652072756E74696D65000A4C6189
:104FA0007374206379636C653A204E6F7420617668
:104FB00061696C61626C650A000A43616C696272C6
:104FC0006174696F6E3A20252E30662525202D20CC
:104FD000252E306625252028252E306625252063A0
:104FE0006F766572616765290A000A43616C6962C0
:104FF000726174696F6E3A204E6F6E650A00437974
:10500000636C6520636F756E743A207E252E326660
:105010000A00496E76616C6964206E756D62657216
:10502000206F6620617267756D656E74730A002566
:105030003031366C6C7800496E76616C6964206141
:105040006464726573730A001B5B33383B353B2520
:10505000643B316D257325731B5B303B33383B322A
:105060003B3235353B3235353B3235356D25731B9B
:105070005B306D0A00496E76616C6964206172670D
:10508000756D656E740A00436F6E666967202564EE
:105090003A0A0025753A2025730A00556E61626C44
:1050A0006520746F206465636F646520696E707538
:1050B00074005570646174656420636F6E6669671F
:1050C0000A005570646174656420636F6E66696779
:1050D0003A2025733D25640A00496E76616C696447
:1050E0002076616C75650A00496E76616C69642092
:1050F000636F6E666967206E616D65206F722069EF
:10510000640A005265616420636F6E6669673A20C5
:1051100025733D25640A00526573657420636F6EC4
:105120006669673A2025730A00556E6B6E6F776E5D
:1051300020636F6D6D616E640A0068656C70007548
:105140007074696D65007265626F6F740063616C85
:1051500069627261746500362D73696465007061FF
:10516000697200636C6561720072657365745F6477
:10517000617461006C6973745F636F6E6669670068
:1051800077726974655F636F6E66696700726561E7
:10519000645F636F6E6669670072657365745F63F1
:1051A0006F6E6669670062617365363400D4B0B1B2
:1051B000203A3300203A336300203B3300203B3356
:1051C00063002078330020783363002058330020B8
:1051D00058336300203E3A3300203E3A33630020C8
:1051E0003E3B3300203E3B3363007E004D6577003D
:1051F0004D657777004D656F77004D656F77206D52
:10520000656F77004D72727270004D727266004D5C
:1052100072656F77004D7272726F77004D727272A5
:105220000050757272006D6577006D657777006D5F
:10523000656F77206D656F77006D72727270006DAB
:10524000727266006D72656F77006D7272726F7741
:10525000006D727272007075727200636F6E736FA0
:105260006C6500494E20656E64706F696E742063D2
:10527000616C6C6261636B20776974686F75742010
:10528000707265636564696E6720627566666572D3
:10529000207772697465004E65772070726F746F45
:1052A000636F6C3A202573004849445F30002573D2
:1052B0003A2043616E6E6F742067657420555342C7
:1052C0002048494420446576696365004849442084
:1052D0004465766963653A206465762025700046EA
:1052E00061696C656420746F207365742050726FFF
:1052F000746F636F6C20436F64650025733A2046BA
:1053000061696C656420746F207375626D697420C7
:105310007265706F72740044726F70706564207291
:1053200065706F7274733A20257520286D61783A24
:105330002025752900636F6D706F736974655F70E8
:1053400072655F696E69740073656E645F72657023
:105350006F72740005010900A101090075089540EC
:105360008102C06869645F6576656E74005265731A
:10537000657420636F756E743A202575006D6169E0
:105380006E00546F6F206D616E7920706172616D77
:10539000657465727320286D6178202575290A006F
:1053A00025733A2053656E736F722063616C696276
:1053B000726174696F6E20697320616C72656164DB
:1053C000792072756E6E696E670025733A204163AD
:1053D00063656C65726F6D65746572207761697461
:1053E0002074696D6564206F757400436C6561722B
:1053F000696E672073746F7265642063616C6962A3
:10540000726174696F6E206461746100496E7661C7
:105410006C6964617465642063616C696272617453
:10542000696F6E0054686520494D55206D61792083
:1054300062652064616D61676564206F72206361DD
:105440006C6962726174696F6E20776173206E6F30
:105450007420636F6D706C657465642070726F701A
:1054600065726C7900546865206D61676E65746F54
:105470006D65746572206D61792062652064616D6F
:1054800061676564206F722063616C696272617428
:10549000696F6E20776173206E6F7420636F6D701B
:1054A0006C657465642070726F7065726C79002D24
:1054B00058002D2D002B58002D59002B59002D5A26
:1054C000002B5A0043616C6962726174696E6720D7
:1054D0006D61696E20616363656C65726F6D657483
:1054E000657220616E64206779726F73636F706597
:1054F000207A65726F2072617465206F66667365CD
:1055000074005265737420746865206465766963FD
:1055100065206F6E206120737461626C6520737505
:10552000726661636500416363656C65726F6D658A
:105530007465723A20252E356620252E3566202585
:105540002E3566004E6F206D6F74696F6E20646536
:10555000746563746564004D6F74696F6E20646573
:105560007465637465640053757370656E64696E09
:10557000672073656E736F72207468726561640072
:1055800052756E6E696E6720424D49323730206326
:105590006F6D706F6E656E742072657472696D6D7B
:1055A000696E6700526573756D696E672073656E0D
:1055B000736F722074687265616400494D55207381
:1055C000706563696669632063616C6962726174A6
:1055D000696F6E20776173206E6F7420636F6D70DA
:1055E0006C657465642070726F7065726C790046CA
:1055F000696E697368656420494D552073706563F1
:10560000696669632063616C6962726174696F6E57
:105610000052656164696E6720646174610025737E
:105620003A204779726F73636F7065207761697490
:105630002074696D6564206F75740053616D706CC2
:1056400065733A20256400416363656C65726F6D14
:105650006574657220626961733A20252E35662073
:10566000252E356620252E3566004779726F7363C7
:105670006F706520626961733A20252E356620259A
:105680002E356620252E356600526573746F72695B
:105690006E672070726576696F75732063616C69DF
:1056A00062726174696F6E004170706C79696E67C7
:1056B0002063616C6962726174696F6E0046696E25
:1056C00069736865642063616C6962726174696F93
:1056D0006E0043616C6962726174696E67206D610E
:1056E000696E20616363656C65726F6D6574657268
:1056F00020362D73696465206F6666736574005388
:1057000074617274696E6720616363656C65726F42
:105710006D657465722063616C6962726174696F32
:105720006E2E0A0057616974696E6720666F722079
:10573000612072657374696E672073746174652E7D
:105740002E2E0A0052657374206465746563746557
:10575000642C207374617274696E67207265636F64
:105760007264696E672E20506C6561736520646F8A
:10577000206E6F74206D6F76652E2025640A0023DD
:10578000005265636F726465642076616C75657341
:10579000210A002564207369646520646F6E650AC0
:1057A0000057616974696E6720666F72207468655E
:1057B000206E65787420736964652E2E2E20256412
:1057C000200A0043616C63756C6174696E672074B4
:1057D000686520646174612E2E2E2E0A0043616C70
:1057E0006962726174696F6E20697320636F6D7096
:1057F0006C6574652E0A00416363656C65726F6D3C
:1058000065746572206D61747269783A00252E3571
:105810006620252E356620252E356620252E3566F8
:10582000003620736964652063616C69627261741B
:10583000696F6E2069732064697361626C656400CE
:1058400025733A204D61676E65746F6D657465727E
:1058500020776169742074696D6564206F757400C8
:105860004D61676E65746F6D657465722063616C00
:105870006962726174696F6E2070726F67726573AE
:10588000733A202573202573202573202573202546
:10589000732025730043616C6962726174696E677D
:1058A000206D61676E65746F6D65746572206861E7
:1058B00072642F736F66742069726F6E206F6666F4
:1058C000736574004D61676E65746F6D65746572A4
:1058D000206D61747269783A0073656E736F725FE0
:1058E000776169745F6D61670073656E736F725F76
:1058F00063616C6962726174696F6E5F7265717504
:105900006573740073656E736F725F776169745F3E
:105910006779726F0073656E736F725F7761697418
:105920005F616363656C0063616C69627261746975
:105930006F6E5F7468726561645F69640066757339
:10594000696F6E5F6E6F6E650025733A20436F6DF1
:105950006D756E69636174696F6E206572726F72C6
:10596000004649464F20726561642062756666652F
:1059700072206C696D697420726561636865642C5E
:10598000202564207061636B6574732064726F708E
:105990007065640025733A2041534943206E6F744B
:1059A00020696E697469616C697A65642C20757010
:1059B0006C6F6164696E6720636F6E6669672066ED
:1059C000696C650025733A204661696C65642074D2
:1059D0006F20696E697469616C697A652041534909
:1059E000430025733A204153494320696E69746925
:1059F000616C697A656400457865637574696F6E7A
:105A0000207374617475733A2030782530325800F1
:105A10004D6F74696F6E206465746563746564208E
:105A2000647572696E6720435254004761696E3A2B
:105A3000203078253032582C203078253032582CC0
:105A40002030782530325800626D695F63727400CF
:105A5000626D695F73657475705F574F4D00626D5D
:105A6000695F73657475705F4452445900626D6973
:105A70005F74656D705F7265616400626D695F6718
:105A800079726F5F7265616400626D695F61636303
:105A9000656C5F7265616400626D695F6461746109
:105AA0005F7265616400626D695F757064617465E1
:105AB0005F6F647200626D695F73687574646F779D
:105AC0006E00666163746F725F7A785F726561649D
:105AD0000075706C6F61645F636F6E6669675F66A7
:105AE000696C6500617369635F696E697400626DFA
:105AF000695F696E697400027F00800080017F0029
:105B00008000800080424D49323730000D0C0B0A76
:105B1000090807060C0B0A09080706050403020119
:105B2000000102030403020100C82E002E802E3D56
:105B3000B1C82E002E802E9103802EBCB0802EA3E3
:105B400003C82E002E802E00B05030212E59F510A3
:105B500030212E6AF5802E3B030000000008190159
:105B6000002200750000100010D100B343802E0009
:105B7000C1802E00C1802E00C1802E00C1802E0069
:105B8000C1802E00C1802E00C1802E00C1802E0059
:105B9000C1802E00C1802E00C1802E00C1802E0049
:105BA000C1802E00C1802E00C1802E00C1802E0039
:105BB000C1802E00C1802E00C1802E00C1802E0029
:105BC000C1802E00C1802E00C1802E00C1802E0019
:105BD000C1802E00C1802E00C1802E00C1802E0009
:105BE000C1802E00C1802E00C1802E00C1802E00F9
:105BF000C1802E00C1802E00C1802E00C1802E00E9
:105C0000C1802E00C1802E00C1802E00C1802E00D8
:105C1000C1802E00C1E05F00000000010000000014
:105C200000000000000000920000000000000000E2
:105C300000000000000000000008190000880000BB
:105C4000000000000005E0AA3805E09030FA009658
:105C5000004B091100110002002D01D47B3B01DB38
:105C60007A04003F7BCD6CC3048509C304ECE60CC9
:105C7000460100270019009600A00001000C00F06A
:105C80003C00010100030001000E0000003200058D
:105C900000EE060400C80000000400A805EE06009F
:105CA00004BC02B3008507000000000000000000F3
:105CB0000000000000000000000000B4000100B976
:105CC00000010098000000000000000000010080BA
:105CD00000040000000000000000000000000000C0
:105CE00000000000000000000000000000000000B4
:105CF00000000000000000000000000000000000A4
:105D00000000000000000000000000000000000093
:105D10000000000000000000000000000000000083
:105D2000000000802E00C1FD2DDE00EB00DA000037
:105D30000CFF0F0004C0005BF5C9011EF280003F9C
:105D4000FF19F458F566F564F5C0F1F000E000CDF8
:105D500001D301DB01FF7FFF01E40074F7F300FAD8
:105D600000FF3FCA036C3856FE44FDBC02F9060032
:105D7000FC1202AE0158FA9AFD7705BB0296019516
:105D8000017F0182018901870188018A018C018FCD
:105D9000018D0192019101DD009F017E01DB00B6C2
:105DA00001706926D39C071F059D000008BC0537BC
:105DB000FAA201AA01A101A801A001A805B401B499
:105DC00001CE00D000FC00C501FFFBB1000038008F
:105DD00030FDF5FCF5CD01A0005FFF0040FF0000A5
:105DE000806D0FEB007FFFC2F568F7B3F1670F5BC3
:105DF0000F610F800F58F75BF7830F8600720F85D6
:105E00000FC6F17F0F6CF700E000FFD1F5870F8A16
:105E10000FFF03F03F8B008E009000B9002DF5CAF4
:105E2000F5CB0120F200000000000000000000009F
:105E30000000000000000000000000000000000062
:105E40000000000000000000000000000000000052
:105E50000000000000000000000000000000000042
:105E60000000000000000000000000000000000032
:105E70000000000000000000000000000000000022
:105E80000000000000000000000000000000000012
:105E90000000000000000000000000000000000002
:105EA00000000000000000000000000000000000F2
:105EB00000000000000000000000000000000000E2
:105EC00000000000000000000000000000000000D2
:105ED00000000000000000000000000000000000C2
:105EE00000000000000000000000000000000000B2
:105EF00000000000000000000000000000000000A2
:105F0000003050982ED70E5032982EFA030030F001
:105F10007F002E002ED02E002E018008A2FB2F988D
:105F20002EBA03212E1900012EEE0000B2072F0118
:105F30002E190000B2032F01500352982E07CC01F6
:105F40002EDD0000B2272F052E8A000552982EC79D
:105F5000C1032EE90040B2F07F082F012E19000086
:105F6000B2042F0030212EE900982EB4B1012E1872
:105F70000000B2102F0550982E4DC30550982E5A90
:105F8000C7982EF9B4982E54B2982E67B6982E174B
:105F9000B21030212E7700012EEF0000B2042F98AE
:105FA0002E7AB70030212EEF00012ED40004AE0B64
:105FB0002F012EDD0000B2072F0552982E8E0E0005
:105FC000B2022F1030212E7D00012E7D0000909016
:105FD0002EF102012ED70000B2042F982E2F0E00B2
:105FE00030212E7B00012E7B0000B2122F012ED417
:105FF000000090022F982E1F0E092D982E810D0162
:106000002ED4000490022F5032982EFA0300302133
:106010002E7B00012E7C0000B2902E0903012E7C05
:10602000000131010800B2042F982E47CB10302117
:106030002E77008130012E7C00010800B2612F0311
:106040002E8900012ED40098BC98B805B20F5823B1
:106050002F079009540030372F15410441DCBE440E
:10606000BEDCBA2C0161000F564A0F0C2FD14294AE
:10607000B8C1421130052E6AF72CBD2FB980B20885
:1060800022982EC3B7212D6130232ED400982EC321
:10609000B70030212E5AF5182DE17F5030982EFA96
:1060A000030F520750504270300D5442427E82E23C
:1060B0006F80B24242052F212ED4001030982EC39B
:1060C000B7032D6030212ED400012ED40006901885
:1060D0002F012E76000B540752E07F982E7AC1E1F3
:1060E0006F081A4030082F212ED4002030982EAF90
:1060F000B75032982EFA03052D982E380E00302115
:106100002ED4000030212E7C00182D012ED4000347
:10611000AA012F982E450E012ED4003F8003A20124
:106120002F002E022D982E5B0E3030982ECEB70009
:1061300030212E7D005032982EFA03012E77000078
:10614000B2242F982EF5CB032ED5001154010ABC92
:10615000848386212EC901E0401352C4408240A8A6
:10616000B9524243BE5342040A5042E17FF03141EA
:1061700040F26F25BD0808020AD07F982EA8CF06EE
:10618000BCD16FE26F080A8042982E58B7003021C8
:106190002EEE00212E7700212EDD00802EF4011A34
:1061A000242200802EEC011050FB7F982EF3035721
:1061B00050FB6F013071541142420EFC2FC02E0172
:1061C00042F05F802E00C1FD2D01000000000000A4
:1061D00000000000009A01340300000000000000ED
:1061E00000000000000000000000000000000000AF
:1061F000000000000000000000000000000000009F
:10620000000000000000000000000000000000008E
:10621000000000000000000000000000000000007E
:10622000000000000000000000000000000000006E
:10623000000000000000000000000000000000005E
:1062400000000000000000000000002050E77FF682
:106250007F06320F2E61F5FE09C0B3042F17302FD1
:106260002EEF002D2E61F5F66FE76FE05FC82E2050
:1062700050E77FF67F46300F2EA4F1BE0980B306AB
:106280002F0D2ED40084AF022F16302D2E7B0086CA
:10629000302D2E60F5F66FE76FE05FC82E012E7788
:1062A000F709BC0FB800B21050FB7F10300B2F0362
:1062B0002E8A0096BC9FB840B2052F032E68F79E29
:1062C000BC9FB840B2072F032E7E004190012F984B
:1062D0002EDC03032C0030212E7E00FB6FF05FB814
:1062E0002E2050E07FFB7F002E2750982E3BC829A0
:1062F00050982EA7C80150982E55CCE16F2B50987E
:106300002EE0C9FB6F0030E05F212E7E00B82E73B7
:1063100050013057541142420EFC2FB82E212E59F5
:10632000F51030C02E212E4AF19050F77FE67FD530
:106330007FC47FB37FA17F907F827F7B7F982E3544
:10634000B700B2902E97B0032E8F00072E91000554
:106350002EB1003FBA9FB8012EB100A3BD4C0A0573
:106360002EB10004BEBFB9CB0A4FBA22BD012EB375
:1063700000DC0A2FB9032EB8000ABE9A0ACFB99BD7
:10638000BC012E97009FB8930A0FBC910A0FB890DA
:106390000A252E1800052EC1F52EBD2EB9012E1985
:1063A0000031308A040090072F012ED40004A2038C
:1063B0002F012E180000B20C2F19500552982E4DA7
:1063C000B7052E780080901030012F212E780025FF
:1063D0002EDD00982E3EB700B202300130042F01AE
:1063E0002E190000B2002F2130012EEA00081A0EEB
:1063F0002F232EEA0033301B500B0901401756465D
:10640000BE4B084C0A01420A8015520142002E017F
:106410002E180000B21F2F032EC0F5F03048084799
:10642000AA7430072E7A0061224B1A052F072E66B8
:10643000F5BFBDBFB9C0900B2F1D562B30D242DB2C
:10644000420104C24204BDFE808184232E7A0002F0
:10645000420232252E62F5052ED6008184252ED6E5
:10646000000231252E60F5052E8A000B5090088021
:10647000B20B2F052ECAF5F03E9008252ECAF50561
:106480002E59F5E03F9008252E59F5906FA16FB376
:106490006FC46FD56FE66FF76F7B6F826F705FC8E9
:1064A0002EC050907FE57FD47FC37FB17FA27F87CE
:1064B0007FF67F7B7F002E012E60F5607F982E3562
:1064C000B70230636F1552507F627F5A2C02321A26
:1064D0000900B3142F00B2032F092E180000910CED
:1064E0002F437F982E97B71F50028A02320430251F
:1064F0002E64F51552506F436F4443252E60F5D935
:1065000008C0B2362F982E3EB700B2062F012E19C2
:106510000000B2022F506F00900A2F012E79000068
:1065200090192F1030212E79000030982EDC0313A3
:106530002D012EC3F50CBC0FB81230100403B02689
:106540002521500352982E4DB71030212EEE000217
:1065500030607F252E7900606F0090052F0030217C
:106560002EEA001550212E64F51552232E60F502F7
:1065700032506F0090022F0330272E7800072E60D4
:10658000F51A090091A32F19090091A02F906FA26D
:106590006FB16FC36FD46FE56F7B6FF66F876F401E
:1065A0005FC82EC050E77FF67F26300F2E61F52F93
:1065B0002E7C000F2E7C00BE09A27F807F80B3D589
:1065C0007FC47FB37F917F7B7F0B2F23501A2512CF
:1065D00040427F74821240527F002E0040607F98BC
:1065E0002E6AD68130012E7C00010800B2422F03B2
:1065F0002E8900012E890097BC06BC9FB80FB800F9
:1066000090232ED800103001302A2F032ED40044BE
:10661000B2052F47B200302D2F212E7C002B2D03E9
:106620002EFDF59EBC9FB84090142F032EFCF599CB
:10663000BC9FB840900E2F032E49F125544A0840C4
:1066400090082F982E35B700B21030032F5030210C
:106650002ED400102D982EAFB70030212E7C000ACA
:106660002D052E69F72DBD2FB980B2012F212E7D6A
:1066700000232E7C00E031212E61F5F66FE76F805C
:106680006FA26FB36FC46FD56F7B6F916F405FC8A0
:106690002E60510A253688F47FEB7F00323152326A
:1066A000301330982E15CB0A253384D27F43300522
:1066B000502D52982E95C1D26F2752982ED7C72AA7
:1066C00025B086C07FD37FAF842950F16F982E4DBF
:1066D000C82A25AE8AAA88F26E2B50C16FD36FF4F8
:1066E0007F982EB6C8E06E00B2322F33548386F105
:1066F0006FC37F04303030F47FD07FB27FE330C58A
:106700006F56404541280803140EB408BC8240105F
:106710000A2F542605917F4428A37F982ED9C008BC
:10672000B933305309C16FD36FF46F831747406C8F
:1067300015B26FBE09750B90424542510E32BC0234
:1067400089A16F7E86F47FD07FB27F0430916FD6AF
:106750002FEB6FA05EB82E032E97001BBC60509FDE
:10676000BC0CB8F07F40B2EB7F2B2F032E7F004193
:1067700040012EC800011A112F3758232EC80010CF
:1067800041A07F38810141D07FB17F982E64CFD066
:106790006F0780A16F1142002EB16F0142113001CD
:1067A0002EFC0000A80330CB224A25012E7F003C9E
:1067B0008935520554982EC4CEC16FF06F982E952E
:1067C000CF042D0130F06F982E95CFEB6FA05FB8FE
:1067D0002E032EB3000232F030033130508A080805
:1067E00008CB08E07F80B2F37FDB7F252F032ECA22
:1067F000004190042F0130232ECA00982E3F03C081
:10680000B2052F032EDA0000304104232EDA00985F
:106810002E92B21025F06F00B2052F012EDA000281
:10682000301004212EDA0040B2012F232EC801DBE4
:106830006FE06FD05F802E95CF0130E06F982E957E
:10684000CF1130232ECA00DB6FD05FB82ED0500A94
:106850002533845550D27FE27F038CC07FBB7F00FD
:1068600030055A39545141A57F967F807F982ED9A3
:10687000C00530F57F2025916F3B583D5C3B569815
:106880002E67CCC16FD56F52405043C17FD57F106A
:1068900025982EFEC91025982E74C0866F30289238
:1068A0006F828CA56F6F52690E3954DB2F19A015BA
:1068B00030032F0030212E81010A2D012E81010588
:1068C000284236212E8101020E012F982EF3035704
:1068D0005012300140982EFEC9516F0B5C8E0E3B5A
:1068E0006F57580230212E9501456F2A8DD27FCBEC
:1068F0007F132F02303F50D27FA80E0E2FC06F5350
:106900005402005154420E103059520230012F00EF
:106910002E032D504242421230D27F80B2032F000C
:1069200030212E8001122D012EC9000280052E80FB
:1069300001113091280040252E8001100E052F01F5
:106940002E7F010190012F982EF303002EA041010C
:1069500090A67F902EE3B4012E950100A8902EE31F
:10696000B45B549580824080B202402D8C3F529699
:106970007F902EC2B3290E762F012EC900004081D0
:10698000284552B330982E0FCA5D54807F002EA147
:1069900040727F82808240607F982EFEC9102598C9
:1069A0002E74C0626F05308740C0910430052F05FA
:1069B0002E830180B21430002F0430052EC90073DD
:1069C0006F8140E2406904110FE1401630FE29CB8F
:1069D00040022F836F830F222F4756130F123077F9
:1069E0002F4954420E1230732F00910A2F012E8B23
:1069F0000119A802306C2F6350002E17420542681F
:106A00002C12300B25080F5030022F212E8301034A
:106A10002D4030212E83012B2E85015A2C1230005F
:106A2000912B25042F635002301742172C024298F5
:106A30002EFEC91025982E74C0052EC90081845BD6
:106A4000308240372E8301020E072F5F52403062A2
:106A5000404140910E012F212E830105302B2E85C0
:106A6000011230362C16301525817F982EFEC91064
:106A700025982E74C019A21630152F052E97018067
:106A80006F820E052F012E86010628212E86010B0E
:106A90002D032E87015F544E289142002E82409094
:106AA0000E012F212E88010230132C0530C06F08F3
:106AB0001CA80F163005305B50092F02802D2E8246
:106AC0000105420580002E02423E80002E06420251
:106AD00030906F3E88014004414C280142078010ED
:106AE000252440004000A8F522232944427A827ED2
:106AF000884340044100ABF523DF284342D9A0146A
:106B00002F0090022FD26F81B2052F635406289078
:106B1000428542092C02305B500380292E7E012BD6
:106B20002E8201054212302B2E83014582002E4019
:106B3000407A8202A0082F63503B3015420542374D
:106B400080372E7E0105421230012EC900028C4092
:106B50004084417A8C040F032F012E8B0119A40469
:106B60002F2B2E8201982EF3031230819061520850
:106B70002F654265424380398482880542454285BB
:106B8000420543002E80410090902EE1B46554C12F
:106B90006F804000B243586950442F555CB7878CD2
:106BA0000F0D2E9601C440362F41568B0E2A2F0B07
:106BB00052A10E0A2F052E8F011425982EFEC94BC7
:106BC00054020F695005306554152F032E8E014D68
:106BD0005C8E0F3A2F052E8F01982EFEC94F5482DE
:106BE0000F053069506554302F6D521530428C4579
:106BF0004204302B2C84436B52428C002E8543156B
:106C000030242C45428E0F202F0D2E8E01B10E1CEC
:106C10002F232E8E011A2D0E0E172FA10F152F23A5
:106C20002E8D01132D982E74C04354C20E0A2F6569
:106C30005004800B3006820B42798041401230258F
:106C40002E8C01014205306950655484824384BE14
:106C50008C8440864126299442BE8ED57F19A1435B
:106C6000400B2E8C018440C7415D29272945428471
:106C700042C27F012FC0B31D2F052E940199A001A0
:106C80002F80B3132F80B3182FC0B3162F124001DB
:106C900040927F982E74C0926F100F2030032F10F7
:106CA00030212E7E010A2D212E7E01072D2030213C
:106CB0002E7E01032D1030212E7E01C26F012EC9C0
:106CC00000BC84028082400040900ED56F022F15D8
:106CD00030982EF30341910530072F67503D802BEC
:106CE0002E8F0105420480002E0542022C00300048
:106CF00030A26F988A864080A7052F982EF303C094
:106D000030212E950106251A25E26F76829640568F
:106D100043510EFB2FBB6F305FB82E012EB8000120
:106D200031410840B22050F2300208FB7F013010A0
:106D30002F052ECC008190E07F032F232ECC0098CE
:106D40002E55B6982E1DB51025FB6FE06FE05F80C5
:106D50002E95CF982E95CF1030212ECC00FB6FE0D2
:106D60005FB82E00510558EB7F2A2589526F5A894A
:106D70005013410640B3011642CB160640F30213EE
:106D800042650EF52F054014302C29044208A1005D
:106D900030902E52B6B388B08AB684A47FC47FB533
:106DA0007FD57F927F73300430554042408A17F37D
:106DB000086B01900253B84B82ADBE717F450A0942
:106DC00054847F982ED9C0A36F7B54D042A37FF206
:106DD0007F607F2025716F755A7758795C7556985A
:106DE0002E67CCB16F626F5042B17FB330102598DF
:106DF0002E0FCA846F2029716F926FA56F76826AF9
:106E00000E73300030D02FD26FD17FB47F982E2BED
:106E1000B715BD0BB8020AC26FC07F982E2BB715ED
:106E2000BD0BB8420AC06F081741188916E118D087
:106E300018A17F27251625982E79C08B54907FB3F3
:106E400030824080900D2F7D52926F982E0FCAB2E3
:106E50006F900E062F8B501430426F516F144212F8
:106E6000420142002E316F982E74C0416F807F988E
:106E70002E74C0826F10044352010F052ECB000008
:106E8000300430212F516F43588C0E04301C2F8555
:106E900088416F04418C0F0430162F8488002E0423
:106EA0004104058C0E04300F2F8288316F04410499
:106EB000058C0E0430082F8388002E04418C0F04AB
:106EC00030022F212EAD0114300091142F032EA17A
:106ED0000141900E2F032EAD0114304C28232EAD0E
:106EE0000146A0062F81848D5248828240212EA126
:106EF0000142425C2C0230052EAA0180B2023055BC
:106F00002F032EA901926FB330982E0FCAB26F9043
:106F10000F003002304A2FA26F87529100855251E4
:106F20000E022F002E432C0230C26F7F52910E02B0
:106F3000303C2F516F8154982EFEC91025B330215B
:106F400025982E0FCA326FC07FB3301225982E0FAE
:106F5000CA426FB07FB3301225982E0FCAB26F901D
:106F6000288352982EFEC9C26F900F003002301D48
:106F70002F052EA10180B212300F2F426F032EABCE
:106F800001910E0230122F526F032EAC01910F02AD
:106F9000300C2F212EAA010A2C1230032ECB008D8B
:106FA000580889414011430043252EA101D46F8F19
:106FB0005200433A89002E10431043610EFB2F0309
:106FC0002EA001111A022F0225212EA001EB6F0025
:106FD0005FB82E915210300230955652424B0EFC43
:106FE0002F8D54888293568042534240424286837A
:106FF00054C02EC242002EA3520051524047401AA4
:1070000025012E97008FBE7286FB7F0B307CBFA5BB
:10701000501008DFBA7088F8BFCB42D37F6CBBFC3E
:10702000BBC50A907F1B7F0B43C0B2E57FB77FA62D
:107030007FC47F902E1CB7072ED200C0B20B2F97B3
:1070400052012ECD00827F982EBBCC0B30372ED232
:1070500000826F906F1A2500B28B7F142FA6BD257A
:10706000BDB6B92FB980B2D4B00C2F99549B560B32
:10707000300B2EB100A1589B42DB426C092B2EB184
:10708000008B42CB42867F7384A756C308395205D2
:1070900050727F637F982EC2C0E16F626FD10A0188
:1070A0002ECD00D56FC46F726F97529D5C982E06DF
:1070B000CD236F906F9952C0B204BD5440AFB94513
:1070C00040E17F0230062FC0B20230032F9B5C12DA
:1070D000309443854303BF6FBB80B3202F066F26D8
:1070E00001166F6E034542C090292ECE009B5214AC
:1070F0002F9B5C002E93418641E304AE0780AB04D6
:107100002F80910A2F866F730F072F836FC0B204F1
:107110002F544245421230042C1130022C113011F0
:107120003002BC0FB8D27F00B20A2F012EFC00053E
:107130002EC701101A022F212EC701032D022C0188
:10714000300130B06F982E95CFD16FA06F982E95EB
:10715000CFE26F9F52012ECE00824050420C2C4253
:10716000421130232ED2000130B06F982E95CFA05F
:107170006F0130982E95CF002EFB6F005FB82E83E5
:107180008601300030944024180600530E4F02F957
:107190002FB82EA952002E604041400DBC98BCC0B3
:1071A0002E010A0FB8AB52533C524040404B008274
:1071B0001626B901B84140100897B80108C02E1131
:1071C000300108438625400440D8BE2C0B221154C0
:1071D0004203804B0EF62FB82E9F501050AD520533
:1071E0002ED300FB7F002E13409342410EFB2F98BD
:1071F0002EA5B7982E87CF012ED90000B2FB6F0BBA
:107200002F012E69F7B13F01080130F05F232ED91D
:1072100000212E69F7802E7AB7F05FB82E012EC0BC
:10722000F8032EFCF51554AF5682080B2E69F7CBE8
:107230000AB1588090DDBE4C085FB9592280900792
:107240002F0334C308F23A0A080235C0904A0A48AC
:1072500022C02E232EFCF51050FB7F982E56C79887
:107260002E49C31030FB6FF05F212ECC00212ECAB7
:1072700000B82E032ED30016B802344A0C212E2D4E
:10728000F5C02E232ED30003BC212ED500032ED50E
:107290000040B21030212E77000130052F052ED886
:1072A000008090012F232E6FF5C02E212ED90011C2
:1072B000308108012E6AF7713F23BD0108020AC020
:1072C0002E212E6AF730250030212E5AF51050213C
:1072D0002E7B00212E7C00FB7F982EC3B7403021EF
:1072E0002ED400FB6FF05F0325802EAFB7802E00F9
:1072F000C1802E00C1802E00C1802E00C1802E00D2
:10730000C1802E00C1802E00C1802E00C1802E00C1
:10731000C1802E00C1802E00C1802E00C1802E00B1
:10732000C1802E00C1802E00C1012E5DF708BC80F7
:10733000AC0EBB022F003041048206C0A400301105
:107340002F40A9032F40910D2F00A70B2F80B3B31F
:1073500058022F90A12613202380901030012FCCAB
:107360000E002F0030B82EB550180808BC88B60D96
:1073700017C6BD56BCB758DABA04011D0A1050052D
:107380003032254503FB7FF6302125982E37CA166B
:10739000B59ABC06B880A8410A0E2F8090022F2D06
:1073A00050480F092FBFA0042FBF90062FB754CA13
:1073B0000F032F002E022CB7522D52F233982ED9E4
:1073C000C0FB6FF137C02E0108F05FBF56B954D033
:1073D00040C4400B2EFDF3BF5290429442954205AB
:1073E00030C1500F88064004419642C54248BE73E2
:1073F000300D2ED8004FBA8442034281B3022F2BA6
:107400002E6FF5062D052E77F7BD569308252E779E
:10741000F7BB54252EC2F5072EFDF34230B433DA04
:107420000A4C00272EFDF34340D43FDC08434200C2
:107430002E002E43402430DC0A43420480032EFDFC
:10744000F34A0A232EFDF36134C02E0142002E6060
:10745000501A257A86E07FF37F0325C3524184DBEF
:107460007F3330982E16C21A257D82F06FE26F327C
:107470002516409440260185408E17C4426E039520
:1074800042410EF42FDB6FA05FB82EB051FB7F9806
:107490002EE80D5A25982E0F0ECB583287C47F65E3
:1074A000896B8DC55A657FE17F837FA67F747FD00E
:1074B0007FB67F947F1730C752C954517F002E8505
:1074C0006F427F002E51414581424113403B8A006B
:1074D000404B04D006C0AC857F022F02305104D34C
:1074E00006418405305D02C916DF08D3008D02AF66
:1074F000BCB1B9590A656F1143A1B452415341015E
:1075000043347F657F2631E56FD46F982E37CA32BA
:107510006F756F83404241237F127FF630402551C3
:1075200025982E37CA146F2005706F256F6907A242
:107530006F316F0B3004429B428B425542327F4089
:10754000A9C36F717F0230D040C37F032F409115D4
:107550002F00A7132F00A4112F84BD982E79CA5590
:107560006FB75454418200F33F4541CB02F6309847
:107570002E37CA356FA46F4143032C0043A46F35E7
:107580006F1730426F516F934042820041C3000336
:1075900043517F002E944041414C02C46FD1566349
:1075A0000E746F5143A57F8A2F092ED80001B32195
:1075B0002FCB58906F1341B66FE47F002E9141148A
:1075C0004092411540172E6FF5B67FD07FCB7F9844
:1075D0002E000C0715C26F140B292E6FF5C3A3C123
:1075E0008FE46FD06FE62F1430052E6FF5140B2942
:1075F0002E6FF5182DCD560432B56F1C0151415236
:1076000041C340B57FE47F982E1F0CE46F218700B3
:10761000430432CF545A0EEF2F1554092E77F72218
:107620000B292E77F7FB6F505EB82E1050012ED429
:107630000000B2FB7F512F01B2482F02B2422F034C
:1076400090562FD752798042408184004042429820
:107650002E930CD954D750A14098BD82403E82DA77
:107660000A44408B16E3005342002E43409A0252D4
:1076700042002E414015544A0E3A2F3A82003041C2
:1076800040212E850F40B20A2F982EB10C982E451E
:107690000E982E5B0EFB6FF05F0030802ECEB7DDB4
:1076A00052D35442424F847330DB5283421B306BBF
:1076B000422330272ED700372ED400212ED6007A31
:1076C00084172C42423030212ED400122D2130005C
:1076D00030232ED400212E7BF70B2D1730982E51FE
:1076E0000CD5500C8272302F2ED400252E7BF74003
:1076F00042002EFB6FF05FB82E70500A253986FBD2
:107700007FE1326230982EC2C4B556A56FAB0891A6
:107710006F4B08DF56C46F23094DBA93BC8C0BD155
:107720006F0B09CB52E15E5642AF094DBA23BD94AF
:107730000AE56F68BBEB08BDB963BEFB6F5242E35D
:107740000AC02E4342905FD150032E25F313400010
:10775000409BBC9BB408BDB8B998BCDA0A08B6898E
:1077600016C02E190062021050FB7F982E810D0169
:107770002ED40031300804FB6F0130F05F232ED689
:1077800000212ED700B82E012ED700032ED6004898
:107790000E012F802E1F0EB82EE35021340142829D
:1077A00030C132252E62F50100223001404A0A0123
:1077B00042B82EE354F03B8340D808E552834200A0
:1077C0003083305042C432272E64F594005042403A
:1077D00042D33F84407D82E30840428342B82EDD9D
:1077E00052003040427C86B952092E700FBF54C4FB
:1077F00042D3865440554094428542212ED70042C0
:1078000040252EFDF3C0427E82052E7D0080B214FD
:107810002F052E890027BD2FB98090022F212E6FB2
:10782000F50C2D072E710F14301C09052E77F7BDAE
:107830005647BE9308940A252E77F7E75450424ADC
:107840000EFC2FB82E505002304386E550FB7FE3EC
:107850007FD27FC07FB17F002E4140004048049816
:107860002E74C01EAAD36F1430B16FE322C06F52C2
:1078700040E46F4C0E1242D37FEB2F032E860F4055
:10788000901130032F232E860F022C0030D06FFB77
:107890006FB05FB82E4050F17F0A253C86EB7F41E8
:1078A000332230982EC2C4D36FF430DC094758C25B
:1078B0006F9409EB586ABBDC08B4B9B1BDE95A95BD
:1078C0000821BDF6BF770B51BEF16FEB6F524254EA
:1078D00042C02E4342C05F5050F55031301142FB40
:1078E0007F7B300B421130028023330142030007BB
:1078F0002E8003052ED3002352E27FD37FC07F98D2
:107900002EB60ED16F080A1A257B86D07F0133125E
:1079100030982EC2C4D16F080A00B20D2FE36F0158
:107920002E80035130C786232E21F208BCC0429816
:107930002EA5B7002E002ED02EB06F0BB8032E1B35
:1079400000081AB07F7030042F212E21F2002E0083
:107950002ED02E982E6DC0982E5DC0ED50982E44DE
:10796000CBEF50982E46C3F150982E53C735509800
:107970002E64CF1030982EDC032026C06F02311207
:1079800042AB330B42378001300142F337F752FBF1
:10799000504440A20A42428B31092E5EF7F954E36B
:1079A0000883421B4223334B00BC840B403330839B
:1079B000420B42E07FD17F982E58B7D16F80304084
:1079C000420330E06FF3540430002E002E01896230
:1079D0000EFA2F43421130FB6FC02E0142B05FC13F
:1079E0004A00006D570000778E0000E0FFFFFFD3D4
:1079F000FFFFFFE5FFFFFFEEE1FFFF7C1300004606
:107A0000E6FFFF0000000000000000000000000092
:107A10000000000000000000000000000000000066
:107A20000000000000000000000000000000000056
:107A300000000000000000000000000000802E0098
:107A4000C1802E00C1802E00C1802E00C1802E007A
:107A5000C1802E00C1802E00C1802E00C1802E006A
:107A6000C1802E00C1802E00C1802E00C1802E005A
:107A7000C1802E00C1802E00C1802E00C1802E004A
:107A8000C1802E00C1802E00C1802E00C1802E003A
:107A9000C1802E00C1802E00C1802E00C1802E002A
:107AA000C1802E00C1802E00C1802E00C1802E001A
:107AB000C1802E00C1802E00C1802E00C1802E000A
:107AC000C1802E00C1802E00C1802E00C1802E00FA
:107AD000C1802E00C1802E00C1802E00C1802E00EA
:107AE000C1802E00C1802E00C1802E00C1802E00DA
:107AF000C1802E00C1802E00C1802E00C1802E00CA
:107B0000C1802E00C1802E00C1802E00C1802E00B9
:107B1000C1802E00C1802E00C1802E00C1802E00A9
:107B2000C1802E00C1802E00C169636D5F736574D2
:107B300075705F574F4D0069636D5F736574757045
:107B40005F445244590069636D5F74656D705F7284
:107B50006561640069636D5F6779726F5F7265610B
:107B6000640069636D5F616363656C5F7265616426
:107B70000069636D5F646174615F7265616400696F
:107B8000636D5F7570646174655F6F6472006963D3
:107B90006D5F73687574646F776E0069636D5F699C
:107BA0006E69740080008000800049434D34323695
:107BB0003838000102030405060F0708090A0B25DF
:107BC000733A20436F6D6D756E69636174696F6E92
:107BD000206572726F72207768656E2072656164CD
:107BE000696E6720726573657420737461746500D3
:107BF00025733A20494D5520726573657420697369
:107C00002070656E64696E67202830782530327880
:107C1000292C2077616974696E672E2E2E002573DA
:107C20003A20496E76616C69642062616E6B2077E0
:107C3000726974652073697A650025733A20496E0C
:107C400076616C69642062616E6B2072656164208C
:107C500073697A650043616E6E6F7420726561644A
:107C6000206D616720646174612C206173206275EE
:107C70006666657220697320746F6F20736D616C26
:107C80006C3A2025642062797465730025733A206C
:107C900053656E736F72206E6F7420696E20636F10
:107CA0007272656374206D6F646520746F207065F7
:107CB00072666F726D206578742077726974653AA8
:107CC0002025640025733A20556E737570706F72AD
:107CD0007465642077726974650025733A204932AF
:107CE000434D206572726F723A202530327800253C
:107CF000733A20556E737570706F72746564207777
:107D0000726974655F726561640025733A2053651A
:107D10006E736F72206E6F7420696E20636F727263
:107D2000656374206D6F646520746F207065726682
:107D30006F726D2065787420777269746520726542
:107D400061643A2025640025733A20436F6D6D7598
:107D50006E69636174696F6E206572726F723A202A
:107D600025640069636D34355F646174615F7265B9
:107D700061640069636D34355F6578745F73657441
:107D800075700069636D34355F6578745F7772690B
:107D900074655F726561640069636D34355F657831
:107DA000745F77726974650069636D34355F626111
:107DB0006E6B5F726561640069636D34355F62612B
:107DC0006E6B5F77726974650069636D34355F73DC
:107DD000657475705F574F4D0069636D34355F731F
:107DE000657475705F445244590069636D34355F42
:107DF00074656D705F726561640069636D34355FD1
:107E00006779726F5F726561640069636D34355FB5
:107E1000616363656C5F726561640069636D3435CD
:107E20005F7570646174655F6F64720069636D345F
:107E3000355F73687574646F776E0069636D343590
:107E40005F696E69740080008000800049434D3492
:107E50003536383600030405060708090A0B0C6995
:107E6000736D5F616363656C5F7265616400464951
:107E7000464F206E6F7420616C69676E6564006C9C
:107E8000736D3664736D5F73657475705F574F4DB6
:107E9000006C736D3664736D5F73657475705F44E9
:107EA000524459006C736D3664736D5F6461746124
:107EB0005F72656164006C736D3664736D5F7570BD
:107EC000646174655F6F6472006C736D3664736DAA
:107ED0005F696E6974004C534D3644534D00A09059
:107EE00080706050403020100C080400040C080022
:107EF0006C736D3664736F5F6578745F73657475EA
:107F000070006C736D3664736F5F73657475705F4A
:107F1000574F4D006C736D3664736F5F64617461AD
:107F20005F72656164006C736D3664736F5F75704A
:107F3000646174655F6F6472006C736D3664736F37
:107F40005F696E6974004C534D3644534F00A090E6
:107F500080706050403020100C080400040C0800B1
:107F6000444941475245472077686F3D2530325894
:107F7000204354524C313D25303258204354524C0A
:107F8000323D25303258204354524C333D25303257
:107F900058204354524C363D2530325820435452D9
:107FA0004C383D25303258204643333D2530325839
:107FB000204643343D253032582049464346473D0C
:107FC0002530325800444941474241442077686F88
:107FD0003D25303258204354524C313D25303258E3
:107FE000204354524C323D25303258204643343DD4
:107FF00025303258204354524C333D2530325800FE
:1080000044494147205354323D253032582053547F
:10801000313D2530325820636E743D2575206669E8
:108020007865643D25752077686F3D30782530325E
:108030005820746167733D253032582C25303258F2
:108040002C253032582066663D25642F2564002596
:10805000733A2057726974652074696D656F757421
:10806000006C736D5F6578745F77726974655F72B9
:10807000656164006C736D5F6578745F77726974B5
:1080800065006C736D5F6578745F736574757000FF
:108090006C736D5F73657475705F574F4D006C73D3
:1080A0006D5F73657475705F44524459006C736DF5
:1080B0005F74656D705F72656164006C736D5F679E
:1080C00079726F5F72656164006C736D5F61636389
:1080D000656C5F72656164006C736D5F646174618F
:1080E0005F72656164006C736D5F75706461746567
:1080F0005F6F6472006C736D5F73687574646F7723
:108100006E006C736D5F696E6974004C534D36443C
:108110005356000C0B0A0908070605040302010C5C
:1081200004030201000302010025733A20556E7317
:108130007570706F72746564206275727374206CF0
:10814000656E677468005573696E67206D696E6946
:108150006D756D206275727374206C656E677468DE
:108160000025733A20494D55206D75737420636F57
:108170006E6669677572652065787465726E616C8C
:1081800020696E74657266616365206265666F72F0
:1081900065207265676973746572696E67206D61C9
:1081A000676E65746F6D657465720025733A20455E
:1081B000787465726E616C20696E74657266616355
:1081C00065206E6F742075736564206F766572200C
:1081D0004932430025733A20494D55206D7573741B
:1081E00020626520726567697374657265642062D8
:1081F00065666F7265207265676973746572696E12
:1082000067206D61676E65746F6D6574657200736C
:10821000656E736F725F696E746572666163655FC8
:1082200072656769737465725F73656E736F725F91
:108230006D61675F6578740073656E736F725F69F7
:108240006E746572666163650025733A20526561DC
:10825000642074696D656F757400616B5F74656D22
:10826000705F7265616400616B5F6D61675F72650D
:10827000616400616B5F6D61675F6F6E6573686FEE
:108280007400616B5F7570646174655F6F64720028
:10829000616B5F73687574646F776E00414B303942
:1082A00039343000626D6D315F6D61675F72656199
:1082B0006400626D6D315F6D61675F6F6E657368DD
:1082C0006F7400626D6D315F7570646174655F6FAE
:1082D000647200626D6D315F73687574646F776E80
:1082E00000726561645F7472696D5F72656769735E
:1082F0007465727300626D6D315F696E69740062DE
:108300006D6D335F74656D705F7265616400626D81
:108310006D335F6D61675F7265616400626D6D33BF
:108320005F6D61675F6F6E6573686F7400626D6D1E
:10833000335F7570646174655F6F647200626D6D48
:10834000335F73687574646F776E00424D4D3335DB
:108350003000697374383330365F6D61675F726502
:10836000616400697374383330365F6D61675F6FC5
:108370006E6573686F7400697374383330365F7577
:1083800070646174655F6F64720069737438333050
:10839000365F73687574646F776E00495354383371
:1083A000303600697374383330385F6D61675F72DF
:1083B00065616400697374383330385F6D61675F7D
:1083C0006F6E6573686F7400697374383330385F2B
:1083D0007570646174655F6F6472006973743833BB
:1083E00030385F73687574646F776E004953543822
:1083F000333038006C6973325F74656D705F72651D
:108400006164006C6973325F6D61675F726561649E
:10841000006C6973325F6D61675F6F6E6573686F63
:1084200074006C6973325F7570646174655F6F644A
:1084300072006C6973325F73687574646F776E0075
:108440006C6973335F74656D705F72656164006C35
:108450006973335F6D61675F72656164006C697336
:10846000335F6D61675F6F6E6573686F74006C6911
:1084700073335F7570646174655F6F6472006C69FB
:1084800073335F73687574646F776E006C697333F0
:108490005F696E6974004C4953334D444C006D6DF7
:1084A000635F5245534554006D6D635F74656D7035
:1084B0005F72656164006D6D635F6D61675F7265BA
:1084C0006164006D6D635F6D61675F6F6E6573689A
:1084D0006F74006D6D635F7570646174655F6F6468
:1084E00072006D6D635F73687574646F776E006D95
:1084F0006D635F534554006D6D635F696E69740011
:108500004D4D43353938334D410044617461206E1F
:108510006F74207265616479004D61676E65746F78
:108520006D65746572206F766572666C6F77007129
:108530006D635F6D61675F7265616400716D635F3C
:108540006D61675F6F6E6573686F7400716D635FF7
:108550007570646174655F6F647200716D635F73E1
:10856000687574646F776E00514D4336333039004F
:1085700073656E736F725F7363616E0025733A206B
:108580005363616E6E696E672061646472657373B4
:108590003A203078253032580025733A20536361F1
:1085A0006E6E696E672072656769737465723A20D2
:1085B0003078253032580025733A20506F77657235
:1085C00020757020424D4D3135300025733A2052D0
:1085D0006561642076616C75653A203078253032AB
:1085E000580056616C69642064657669636520662D
:1085F0006F756E6420617420616464726573733A90
:108600002030782530325820287265676973746588
:10861000723A203078253032582C2076616C75659E
:108620003A2030782530325829004E6F2064657624
:1086300069636520666F756E64206174206164648F
:10864000726573733A203078253032580073656E46
:10865000736F725F7363616E5F6578740073656ECC
:10866000736F725F7363616E5F6578740025733A30
:10867000206572723A2025640025733A20526561A4
:10868000642076616C75653A203078253032582C3C
:10869000203078253032582C203078253032582040
:1086A00028307825303258290056616C696420647E
:1086B000657669636520666F756E64207573696E93
:1086C000672072656769737465723A203078253067
:1086D0003258202876616C75653A20307825303222
:1086E0005829004E6F2064657669636520666F7552
:1086F0006E64207573696E6720726567697374654F
:10870000723A203078253032580073656E736F727C
:108710005F7363616E5F7370690073656E736F7210
:108720005F7363616E5F7370690053757370656E1C
:108730006465642073656E736F722074687265611E
:1087400064004449414748414D4D45522025733A04
:1087500020323030207265616473202D3E203078E5
:1087600037303A256420307846463A2564206F74C5
:108770006865723A2564202866697273743D3078A2
:1087800025303258206C6173743D30782530325872
:10879000206F746865723D30782530325829001B8F
:1087A0005B33383B353B3139363B316D4E6F6E654F
:1087B0001B5B306D004E6F6E6500494D5520616446
:1087C00064726573733A203078253032582C2072E9
:1087D000656769737465723A2030782530325800C5
:1087E0004D61676E65746F6D657465722061646458
:1087F000726573733A203078253032582C207265B8
:108800006769737465723A203078253032580053A6
:1088100063616E6E696E67205350492062757320E4
:10882000666F7220494D5500466F756E6420756EF7
:108830006B6E6F776E2064657669636500466F7551
:108840006E642025730025733A204E6F20494D55E4
:108850002064657465637465640025733A20494D2E
:1088600055206E6F7420737570706F72746564003C
:108870005363616E6E696E672062757320666F72F6
:10888000206D61676E65746F6D65746572207468C4
:10889000726F75676820494D55204932434D002558
:1088A000733A204661696C656420746F2072656755
:1088B0006973746572206D61676E65746F6D657440
:1088C00065722065787465726E616C20696E74657E
:1088D0007266616365004E6F206D61676E65746FCF
:1088E0006D657465722064657465637465640025E4
:1088F000733A204D61676E65746F6D6574657220A3
:108900006E6F7420737570706F7274656400526559
:10891000747279696E672073656E736F7220646517
:1089200074656374696F6E00467573696F6E206459
:10893000617461207265636F76657265640053656A
:108940006E736F7220696E69742C2073687574641D
:108950006F776E20666972737400444941475748C7
:108960004F20312961667465722D7363616E2F62C9
:1089700065666F72652D73687574646F776E2077A6
:10898000686F3D3078253032580031296166746552
:10899000722D7363616E2F6265666F72652D7368E9
:1089A0007574646F776E004449414757484F2032D1
:1089B0002961667465722D73772D726573657420F5
:1089C00020202020202020202020202077686F3D9C
:1089D00030782530325800322961667465722D7303
:1089E000772D72657365740053656E736F722063C3
:1089F0006C6F636B20726174653A20252E32664875
:108A00007A00416363656C65726F6D657465722091
:108A100072616E67653A20252E326667004779726B
:108A20006F73636F70652072616E67653A20252EE3
:108A30003266647073005265717565737465642085
:108A4000535049206672657175656E63793A2025C9
:108A50002E32664D487A00416363656C65726F6DB6
:108A60006574657220696E697469616C20726174E5
:108A7000653A20252E3266487A004779726F6D6517
:108A800074657220696E697469616C2072617465C5
:108A90003A20252E3266487A004D61676E65746F04
:108AA0006D6574657220696E697469616C207261AC
:108AB00074653A20252E3266487A00496E697469D9
:108AC000616C697A65642073656E736F72730041BF
:108AD00070706C79696E67206779726F73636F70FD
:108AE00065206761696E00574553545F544F504489
:108AF00049522F7A65706879722F696E636C75645C
:108B0000652F7A65706879722F6472697665727301
:108B10002F6770696F2E6800415353455254494F77
:108B20004E204641494C20402025733A25640A00D6
:108B30005573696E6720257300496E697469616CAD
:108B4000697A656420667573696F6E0025733A20D3
:108B50004661696C656420746F20616C6C6F636141
:108B60007465206D656D6F727920666F722046495D
:108B7000464F206275666665720053776974636854
:108B8000696E672073656E736F727320746F206CEB
:108B90006F77206E6F6973650053776974636869D6
:108BA0006E672073656E736F727320746F206C6FC5
:108BB0007720706F77657200537769746368696EA8
:108BC000672073656E736F727320746F206C6F779C
:108BD00020706F7765722032004E6F207061636B7A
:108BE0006574732070726F636573736564004E6F94
:108BF000207061636B65747320696E2062756666B0
:108C000065720025733A205061636B65742065724C
:108C1000726F72207468726573686F6C6420657817
:108C20006365656465640045787065637465642098
:108C300025642074696D657374657025732C2067D5
:108C40006F74202564004E6F206D6F74696F6E2005
:108C500066726F6D2073656E736F727320696E201C
:108C600025646D7300537769746368696E67207457
:108C70006F2061637469766974792074696D656FBA
:108C80007574004E6F206D6F74696F6E2066726F21
:108C90006D2073656E736F727320696E2025646D2D
:108CA000004E6F206D6F74696F6E2066726F6D205D
:108CB00073656E736F727320696E20256C6C6473BC
:108CC000004C617374207570646174652073746501
:108CD000707320746F6F6B20757020746F20256C1B
:108CE0006C64206D730053656E736F7220696E74CF
:108CF0006572727570742074696D656F7574005358
:108D0000746F707065642073656E736F7220746821
:108D10007265616400526571756573746564207372
:108D2000656E736F72207363616E00537461727449
:108D300065642073656E736F72206C6F6F700025B1
:108D4000733A204661696C656420746F207368759E
:108D500074646F776E2073656E736F727300257322
:108D60003A204661696C656420746F20636F6E669B
:108D7000696775726520494D552077616B6520756F
:108D80007000526573756D65642073656E736F72E4
:108D9000207468726561640073656E736F725F73CF
:108DA000657475705F574F4D0073656E736F725FBA
:108DB00073687574646F776E0073656E736F725F3E
:108DC0006C6F6F700073656E736F725F7363616E4B
:108DD0000073656E736F725F696E69745F74687239
:108DE0006561645F69640073656E736F7200484DFE
:108DF00043353838334C00514D43353838334C0007
:108E0000514D433633313000414B38393633004110
:108E10004B303939313600495354383332300049F8
:108E200053543833323100494953324D44432F4C67
:108E30004953324D444C004D4D433334313630505C
:108E40004A004D4D43333633304B4A004D4D433588
:108E50003630334E4A2F4D4D43353633334E4A4C20
:108E6000004D4D4335363136574100424D4931367C
:108E70003000424D49333233004D50552D3630309D
:108E8000302F4D50552D36303530004D50552D3644
:108E9000353030004D50552D393235300049434D75
:108EA0002D32303934380049434D2D34323638387C
:108EB0002D502F49434D2D34323638382D56004928
:108EC000434D2D34353638360049434D2D34353633
:108ED00038382D50004C534D3644534F313649539A
:108EE0002F49534D3333304953004C534D3644537F
:108EF00033004C534D3644533354522D432F4C536F
:108F00004D3644534C2F4C534D3644534D2F4953FB
:108F10004D333330444C43004C534D364453522F61
:108F200049534D33333044484358004C534D364435
:108F30005354004C534D364453563136422F495307
:108F40004D333330425800565146000209A30208FF
:108F50004801A302084801FF01A3020848013201A9
:108F600033030620210180013D0148013D014001FC
:108F700006020A3002101101800190020100030173
:108F8000000D02010001400100010002000F030A70
:108F90000F4F03202F3901000100010C010D020EBB
:108FA0000F041011121304141516170119011C01D6
:108FB0001E0130013C017C04EAD1244302E9E705AB
:108FC00068707147DB0822696A6B6C6D7071030011
:108FD0007275010F73656E736F725F6E6F6E6500F1
:108FE0004E6F7420656E6F756768206461746120D0
:108FF000746F2063616C63756C6174652064697360
:10900000636861726765206375727665005472618A
:10901000636B657220726573657400547261636B73
:10902000657220696E697469616C697A65643A2059
:1090300025362E3266252500556E6163636F756E89
:10904000746564206368616E676520746F20626177
:10905000747465727920534F433A2025352E326659
:10906000252520286D696E29202D3E2025352E329C
:10907000662525200025733A2041626E6F726D616E
:109080006C206368616E676520746F206261747420
:1090900065727920534F433A2025352E32662525B7
:1090A00020286D696E29202D3E2025352E3266251B
:1090B00025200025733A2041626E6F726D616C202D
:1090C0006368616E676520746F2062617474657295
:1090D0007920534F433A2025352E32662525202806
:1090E0006D617829202D3E2025362E3266252520DB
:1090F0000041626E6F726D616C206368616E6765BE
:1091000020746F206261747465727920534F433A02
:109110002025352E326625252F6D696E20282535B0
:109120002E32662525202D3E2025352E326625251A
:1091300020696E20256C6C7520757329004E65774B
:1091400020696E74657276616C3A20252E32662530
:10915000250055706461746520696E74657276616E
:109160006C3A20252E326625250025733A20496E5B
:1091700074657276616C2025753A20256C6C7520BB
:10918000757320697320746F6F2073686F72740039
:1091900025733A20496E76616C6964206375727636
:1091A0006500526573657474696E672062617474DA
:1091B00065727920747261636B65722077696C6C7B
:1091C00020636C65617220616C6C206261747465EF
:1091D00072792063616C6962726174696F6E206478
:1091E0006174612E20506C656173652072657365D2
:1091F0006E642074686520636F6D6D616E642074A9
:109200006F20636F6E6669726D2E0A00526573651A
:109210007474696E67206261747465727920747207
:1092200061636B65720A00426174746572792074BF
:109230007261636B65722072657365740061707032
:109240006C795F6375727665007570646174655FD3
:10925000696E74657276616C007379735F757064A2
:109260006174655F626174746572795F7472616361
:109270006B657200626174746572795F74726163A8
:109280006B6572006C65645F7468726561645F69C8
:109290006400456E746572696E67206E6577207034
:1092A0006F776572207374617465207768696C6587
:1092B0002073656E736F72206572726F72206973AE
:1092C0002072616973656400456E746572696E67CA
:1092D000206E657720706F77657220737461746596
:1092E000207768696C652073797374656D20657289
:1092F000726F7220697320726169736564005745EB
:1093000053545F544F504449522F6D6F64756C65D0
:10931000732F68616C2F6E6F726469632F6E726653
:10932000782F68616C2F6E72665F6770696F2E6848
:109330000025733A2053797374656D206973206139
:109340006C726561647920656E746572696E672000
:1093500061206E657720706F776572207374617419
:10936000650044656C6179656420666F72205541C3
:109370005254206261636B656E64006C6F675F625C
:1093800061636B656E645F7561727400494D552051
:1093900077616B6520757020726571756573746592
:1093A0006400494D552077616B65207570206E6FA4
:1093B0007420617661696C61626C652C20776169EB
:1093C00074696E67206F6E204553422F7374617409
:1093D0007573207265616479004553422F7374611F
:1093E0007475732072656164792074696D65642099
:1093F0006F757400436F6E666967757265642049A6
:109400004D552077616B652075700057616B652045
:109410007570204750494F2070696E3A2025752C91
:1094200020636F6E6669673A20257500436F6E662C
:1094300069677572656420494D552077616B6520B9
:109440007570204750494F00506F776572696E679D
:10945000206F6666206E52460053797374656D20E6
:109460007265626F6F74207265717565737465647F
:10947000005265626F6F74696E67206E52460053CA
:10948000797374656D206F6666207265717565739A
:1094900074656400526571756573746564207365E5
:1094A0006E736F72207363616E206F6E206E6578CD
:1094B0007420626F6F740057616B65207570204770
:1094C00050494F2070696E3A2025750044697363D6
:1094D0006F6E6E656374656420494D552077616BCE
:1094E00065207570204750494F00494D5520435322
:1094F000204750494F2070696E3A20257500446915
:1095000073636F6E6E656374656420494D552043C7
:1095100053204750494F0025733A2043616E6E6FC8
:10952000742064697361626C652063686172676549
:10953000720025733A204661696C656420746F205F
:1095400072656164206261747465727920766F6CF3
:10955000746167653A2025640042617474657279AC
:10956000202575252520282564206D562900426177
:109570007474657279206E6F7420617661696C61B4
:10958000626C6520282564206D56290025733A20D9
:109590004261747465727920766F6C7461676520BE
:1095A00072656164696E672069732061626E6F72B3
:1095B0006D616C0044697363686172676564206201
:1095C000617474657279004368616E676520746FB9
:1095D000206261747465727920534F433A202535B7
:1095E0002E32662525202D3E2025352E3266252556
:1095F000007365745F636861726765725F656E6151
:10960000626C65007379735F706F7765725F7374F6
:109610006174655F7265717565737400706F7765ED
:10962000725F74687265616400706F7765725F74F1
:1096300068726561645F69640064697361626C6526
:109640005F4446555F7468726561645F69640025B4
:10965000733A2053656E736F7220636F6D6D756E14
:1096600069636174696F6E206572726F7200436F17
:109670006E6E656374696F6E206572726F7200251D
:10968000733A2047656E6572616C206572726F7205
:109690000055534220636F6E6E65637465640043CA
:1096A00068617267657220706C75676765640043F6
:1096B000616C6962726174696F6E2072756E6E6939
:1096C0006E6700427574746F6E2070726573736597
:1096D0006400436C656172656420737461747573B2
:1096E0003A202564005374617475733A2025640030
:1096F0007365745F737461747573007374617475EA
:10970000735F7761726E5F7468726561645F6964CC
:10971000007374617475735F6572726F725F7468E1
:10972000726561645F69640025733A204661696C03
:10973000656420746F2067657420706167652069B7
:109740006E666F0025733A204661696C656420740B
:109750006F206D6F756E74204E56530025733A203E
:109760004661696C656420746F2066657463682067
:1097700073616D706C652066726F6D206E5246204D
:1097800074656D7065726174757265206465766963
:1097900063650A00436F6E6669677572656420735E
:1097A00077302073656E73650025733A20466169D2
:1097B0006C656420746F20777269746520746F2003
:1097C0004E56532C206572726F723A202564002524
:1097D000733A204661696C656420746F207265611C
:1097E000642066726F6D204E56532C206572726F26
:1097F000723A2025640052656164206461746120BE
:1098000073657420746F207A65726F00496E76619B
:109810006C6964617465642052414D0056616C69E5
:1098200064617465642052414D00526573657474BF
:10983000696E67204E565320616E642072657461B4
:10984000696E65642077696C6C20636C6561722059
:10985000616C6C2070616972696E672C2073656E33
:10986000736F722063616C6962726174696F6E20DC
:10987000646174612C20616E64206261747465722D
:10988000792063616C6962726174696F6E206461D2
:1098900074612E20506C6561736520726573656E0E
:1098A000642074686520636F6D6D616E6420746FF1
:1098B00020636F6E6669726D2E0A0052657365745F
:1098C00074696E67204E565320616E642072657411
:1098D00061696E65640A004E565320616E642072A1
:1098E000657461696E656420726573657400537494
:1098F0006F7261676520706172746974696F6E3A26
:109900002025752062797465730A00416C6C6F6361
:1099100061746564204E56533A202575202A20250F
:1099200075203D2025752062797465730A004E56B6
:109930005320667265653A202564206279746573E8
:109940002C206D61783A2025642062797465730A51
:1099500000557365722073687574646F776E20723A
:10996000657175657374656400494D552063616C5C
:109970006962726174696F6E207265717565737466
:1099800065640050616972696E6720726573657401
:109990002072657175657374656400427574746FC7
:1099A0006E20707265737365642025642074696D20
:1099B000657300427574746F6E20776173207072E6
:1099C00065737365642025642074696D6573007325
:1099D00079735F72656164007379735F777269741C
:1099E00065007379735F6E76735F696E6974007476
:1099F000656D705F74687265616400627574746F20
:109A00006E5F7468726561645F69640074656D702F
:109A10005F7468726561645F6964007573625F6931
:109A20006E69745F7468726561645F696400757300
:109A3000620000070E091C1B1215383F3631242323
:109A40002A2D574553545F544F504449522F7A653D
:109A5000706879722F6C69622F686561702F686514
:109A600061702E6300574553545F544F5044495220
:109A70002F7A65706879722F6C69622F6F732F630C
:109A8000627072696E74665F7061636B6167656452
:109A90002E630028756E7369676E6564292063689C
:109AA0006172202A207573656420666F72202525F7
:109AB0007020617267756D656E742E20497427730E
:109AC000207265636F6D6D656E64656420746F20D0
:109AD0006361737420697420746F20766F696420E9
:109AE0002A2062656361757365206974206D6179F0
:109AF000206361757365206D69736265686176695D
:109B00006F7220696E206365727461696E20636F85
:109B10006E66696775726174696F6E732E20537417
:109B200072696E673A2225732220617267756D65CE
:109B30006E743A25640063627072696E74665F7059
:109B400061636B61676500286E696C290057455336
:109B5000545F544F504449522F7A65706879722F80
:109B60006C69622F6F732F6D7073635F70627566BF
:109B70002E6300574553545F544F504449522F7A37
:109B800065706879722F696E636C7564652F7A658C
:109B9000706879722F7370696E6C6F636B2E6800DA
:109BA0004661696C656420746F207265626F6F74C2
:109BB0003A207370696E6E696E6720656E646C65BD
:109BC00073736C792E2E2E0A007F7F7F7F7F7F7FBD
:109BD0007F7F7F7F7F7F7F7F7F7F7F7F7F7F7F7F95
:109BE0007F7F7F7F7F7F7F7F7F7F7F7F7F7F7F7F85
:109BF0007F7F7F7F3E7F7F7F3F3435363738393AEE
:109C00003B3C3D7F7F7F407F7F7F00010203040557
:109C1000060708090A0B0C0D0E0F1011121314156C
:109C2000161718197F7F7F7F7F7F1A1B1C1D1E1F31
:109C3000202122232425262728292A2B2C2D2E2FAC
:109C4000303132337F7F7F7F7F41424344454647F7
:109C500048494A4B4C4D4E4F50515253545556570C
:109C600058595A6162636465666768696A6B6C6DAE
:109C70006E6F707172737475767778797A3031326D
:109C8000333435363738392B2F574553545F544FBB
:109C9000504449522F7A65706879722F6C69622F2F
:109CA0007574696C732F6F6E6F66662E630057450F
:109CB00053545F544F504449522F7A6570687972FB
:109CC0002F6C69622F7574696C732F6E6F7469667F
:109CD000792E6300574553545F544F504449522FD7
:109CE0007A65706879722F6C69622F7574696C730C
:109CF0002F72696E675F6275666665722E630025F6
:109D0000733A204E5653206E6F7420696E697469E1
:109D1000616C697A65640025733A20436F756C64E1
:109D2000206E6F74206F627461696E20666C61735F
:109D30006820706172616D65746572730025733A95
:109D400020556E737570706F7274656420777269D8
:109D5000746520626C6F636B2073697A650025738C
:109D60003A20556E61626C6520746F2067657420BF
:109D70007061676520696E666F0025733A20496ED1
:109D800076616C696420736563746F722073697A9D
:109D9000650025733A20436F6E666967757261745A
:109DA000696F6E206572726F72202D207365637407
:109DB0006F7220636F756E7400416C6C2073656305
:109DC000746F727320636C6F7365642C20657261AD
:109DD00073696E6720616C6C20736563746F727356
:109DE0002E2E2E006E76735F736563746F725F6DD7
:109DF00061785F646174615F73697A65006E767320
:109E00005F63616C635F667265655F7370616365F4
:109E1000006E76735F726561645F68697374006E6B
:109E200076735F7772697465006E76735F6D6F75B8
:109E30006E74006E76735F636C6561720066735F4B
:109E40006E7673006C6F6767696E67005745535491
:109E50005F544F504449522F7A65706879722F735E
:109E600075627379732F6C6F6767696E672F6C6F9C
:109E7000675F636F72652E63006C6F6700574553B1
:109E8000545F544F504449522F7A65706879722F4D
:109E90007375627379732F6C6F6767696E672F6C68
:109EA0006F675F6D676D742E6300574553545F5441
:109EB0004F504449522F7A65706879722F696E63EA
:109EC0006C7564652F7A65706879722F6C6F67673F
:109ED000696E672F6C6F675F6261636B656E642E7E
:109EE00068006C6F675F6D676D74004D65737361BB
:109EF0006765202822257322292064726F7070659F
:109F00006420626563617573652069742065786398
:109F1000656564732073697A65206C696D69746125
:109F200074696F6E202825752900574553545F5476
:109F30004F504449522F7A65706879722F73756259
:109F40007379732F6C6F6767696E672F6C6F675FCC
:109F50006D73672E63004D6573736167652064726E
:109F60006F707065642062656361757365206974E4
:109F700020657863656564732073697A65206C6910
:109F80006D69746174696F6E2028257529000D0A4A
:109F900000574553545F544F504449522F7A6570CF
:109FA0006879722F7375627379732F6C6F67676945
:109FB0006E672F6C6F675F6F75747075742E6300BA
:109FC000257320005B2530386C755D20005B2530E3
:109FD00032753A253032753A253032752E253033B8
:109FE000752C253033755D200025732F003C2573BB
:109FF0003E200025733A20002530327820002020B2
:10A0000020007C00256300206D65737361676573B4
:10A010002064726F70706564202D2D2D0D0A1B5BFE
:10A02000306D001B5B313B33316D2D2D2D20001B1E
:10A030005B313B33316D001B5B313B33336D00656E
:10A0400072720077726E00696E6600646267006CFF
:10A050006F675F6261636B656E645F7274740057F3
:10A060004553545F544F504449522F7A6570687974
:10A07000722F7375627379732F6C6F6767696E6780
:10A080002F6261636B656E64732F6C6F675F6261D3
:10A09000636B656E645F756172742E63006C6F67CD
:10A0A0005F756172740073757370656E64656400CA
:10A0B0006F666600706D5F646576696365000001B8
:10A0C000010301000301574553545F544F50444965
:10A0D000522F7A65706879722F7375627379732F56
:10A0E0007573622F6465766963652F7573625F644B
:10A0F00065766963652E630025733A20456E64704A
:10A100006F696E7420307825303278206973206949
:10A110006E76616C69640025733A204661696C65EE
:10A120006420746F2064697361626C6520656E647D
:10A13000706F696E74203078253032780025733A5C
:10A14000204661696C656420746F20636F6E666978
:10A150006775726520656E64706F696E7420307803
:10A16000253032780025733A204661696C65642099
:10A17000746F20656E61626C6520656E64706F69D6
:10A180006E74203078253032780025733A2052657D
:10A1900071756573742062756666657220746F6F81
:10A1A00020736D616C6C0025733A204661696C65A3
:10A1B0006420746F20636F6E6669677572652055E1
:10A1C00053422064657669636520737461636B0034
:10A1D00025733A204572726F6E656F7573206465E2
:10A1E000766963652064657363726970746F722049
:10A1F0006F7220624D61785061636B657453697A48
:10A200006530007573625F68616E646C655F636F73
:10A210006E74726F6C5F7472616E736665720075D6
:10A2200073625F656E61626C65007365745F656E15
:10A2300064706F696E74006765745F65705F626DEE
:10A240005F66726F6D5F61646472006469736162FE
:10A250006C655F656E64706F696E74007573625FC4
:10A2600064657669636500303132333435363738AA
:10A270003941424344454600574553545F544F507B
:10A280004449522F7A65706879722F7375627379B9
:10A29000732F7573622F6465766963652F757362BA
:10A2A0005F64657363726970746F722E63002573E7
:10A2B0003A205468657265206973206E6F2075734B
:10A2C000625F6366675F6461746120666F722025F8
:10A2D000700025733A20556E696E697469616C6906
:10A2E0007A6564207573625F6366675F6461746139
:10A2F00020706F696E7465722C20636F7272757056
:10A30000746564206465766963652064657363724F
:10A310006970746F723F0025733A204661696C65FD
:10A320006420746F2076616C696461746520656E69
:10A3300064706F696E74730025733A20496E636FA1
:10A340006D706C657465206465766963652064650D
:10A350007363726970746F720025733A2046616985
:10A360006C656420746F206669787570205553425F
:10A370002064657363726970746F72007573625FD5
:10A380006669785F64657363726970746F72007573
:10A3900073625F6765745F6465766963655F646552
:10A3A0007363726970746F72007573625F64657352
:10A3B00063726970746F720025733A205472616E13
:10A3C00073666572206572726F722025642C206539
:10A3D00070203078253032780025733A205258208A
:10A3E00064617461206C6F73742C206E6F207472C2
:10A3F000616E736665720025733A204E6F20747229
:10A40000616E7366657220736C6F7420617661692A
:10A410006C61626C650025733A2041207472616E34
:10A420007366657220697320616C7265616479205E
:10A430006F6E676F696E672C2065702030782530ED
:10A440003278007573625F7472616E736665720054
:10A450007573625F7472616E736665725F776F7237
:10A460006B007573625F7472616E736665725F65AF
:10A47000705F63616C6C6261636B007573625F74C3
:10A4800072616E73666572006364635F61636D5FC2
:10A49000756172743000757362776F726B710073DF
:10A4A000657474696E677300666C617368002A2A4C
:10A4B0002A20426F6F74696E6720536C696D655610
:10A4C000522D547261636B65722D6E524620763048
:10A4D0002E302E302D746573742D6E6F202D2075E7
:10A4E0006E6B6E6F776E20636F6D6D6974202A2AB4
:10A4F0002A0A002A2A2A205573696E67206E52465E
:10A5000020436F6E6E6563742053444B2076332E68
:10A51000312E312D306666623436623862396165BB
:10A52000202A2A2A0A002A2A2A205573696E6720BF
:10A530005A6570687972204F532076342E312E3947
:10A54000392D666638663063353739656562202A8D
:10A550002A2A0A006D757465785F696E69742063D4
:10A56000616C6C65642077697468204E554C4C2092
:10A57000706172616D6574657200436F756C642003
:10A580006E6F7420616C6C6F63617465206D75749F
:10A590006578206265666F726520696E69746961AD
:10A5A0006C697A696E670025733A2072302F6131C9
:10A5B0003A2020307825303878202072312F6132CF
:10A5C0003A2020307825303878202072322F6133BD
:10A5D0003A20203078253038780025733A207233BD
:10A5E0002F61343A2020307825303878207231328B
:10A5F0002F69703A20203078253038782072313435
:10A600002F6C723A20203078253038780025733A44
:10A610002020787073723A20203078253038780006
:10A6200025733A20735B2532645D3A20203078250B
:10A630003038782020735B2532645D3A20203078F2
:10A64000253038782020735B2532645D3A20203035
:10A6500078253038782020735B2532645D3A2020DD
:10A660003078253038780025733A2066707363722D
:10A670003A20203078253038780025733A2046611A
:10A68000756C74696E6720696E7374727563746932
:10A690006F6E206164647265737320287231352F88
:10A6A0007063293A203078253038780025733A20B5
:10A6B000556E68616E646C6564204952516E3A2033
:10A6C0002564006573665F64756D70007A5F617202
:10A6D0006D5F666174616C5F6572726F7200257385
:10A6E0003A202A2A2A2A2A204D5055204641554CE4
:10A6F00054202A2A2A2A2A0025733A20202053741B
:10A7000061636B696E67206572726F722028636F78
:10A710006E746578742061726561206D6967687414
:10A72000206265206E6F742076616C696429002553
:10A73000733A202020556E737461636B696E6720D5
:10A740006572726F720025733A2020204461746133
:10A75000204163636573732056696F6C6174696F20
:10A760006E0025733A2020204D4D46415220416411
:10A7700064726573733A20307825780025733A2027
:10A780002020496E737472756374696F6E20416323
:10A79000636573732056696F6C6174696F6E002511
:10A7A000733A202020466C6F6174696E672D706F5C
:10A7B000696E74206C617A7920737461746520709D
:10A7C0007265736572766174696F6E206572726FFF
:10A7D0007200574553545F544F504449522F7A6585
:10A7E000706879722F617263682F61726D2F636F69
:10A7F00072652F636F727465785F6D2F6661756C1B
:10A80000742E630025733A202A2A2A2A2A205553B7
:10A81000414745204641554C54202A2A2A2A2A00DD
:10A8200025733A2020204469766973696F6E20622F
:10A8300079207A65726F0025733A202020556E6169
:10A840006C69676E6564206D656D6F7279206163F8
:10A85000636573730025733A2020204E6F20636F69
:10A8600070726F636573736F7220696E7374727543
:10A870006374696F6E730025733A202020496C6CF5
:10A880006567616C206C6F6164206F66204558437A
:10A890005F52455455524E20696E746F20504300EC
:10A8A00025733A202020496C6C6567616C207573B4
:10A8B00065206F66207468652045505352002573EB
:10A8C0003A202020417474656D707420746F206587
:10A8D00078656375746520756E646566696E656418
:10A8E00020696E737472756374696F6E0025733AB4
:10A8F000202A2A2A2A2A20425553204641554C54C0
:10A90000202A2A2A2A2A0025733A202020537461FB
:10A91000636B696E67206572726F720025733A20EF
:10A9200020205072656369736520646174612062E0
:10A930007573206572726F720025733A2020204271
:10A9400046415220416464726573733A2030782521
:10A95000780025733A202020496D70726563697311
:10A9600065206461746120627573206572726F7214
:10A970000025733A202020496E73747275637469E0
:10A980006F6E20627573206572726F72005265730C
:10A99000657276656420457863657074696F6E20B2
:10A9A000280053707572696F757320696E746572D3
:10A9B000727570742028495251200025733A205333
:10A9C0005053454C20696E20746872656164206D37
:10A9D0006F646520646F6573206E6F7420696E64A8
:10A9E0006963617465205053500025733A202A2A08
:10A9F0002A2A2A2048415244204641554C54202AB4
:10AA00002A2A2A2A0025733A2020204275732066BC
:10AA100061756C74206F6E20766563746F7220743C
:10AA200061626C6520726561640025733A202020A4
:10AA30004465627567206576656E740025733A20FB
:10AA400020204661756C7420657363616C61746964
:10AA50006F6E20287365652062656C6F772900250D
:10AA6000733A20415243485F45584345505420773C
:10AA700069746820726561736F6E2025780A0025FD
:10AA8000733A202A2A2A2A2A204465627567206D93
:10AA90006F6E69746F7220657863657074696F6E2C
:10AAA000202A2A2A2A2A0025733A202A2A2A2A2AF0
:10AAB00020257320256429202A2A2A2A2A00726543
:10AAC0007365727665645F657863657074696F6ECF
:10AAD0000064656275675F6D6F6E69746F72007593
:10AAE000736167655F6661756C74006275735F663C
:10AAF00061756C74006D656D5F6D616E6167655F3A
:10AB00006661756C7400686172645F6661756C740F
:10AB1000006765745F65736600574553545F544F13
:10AB2000504449522F7A65706879722F6172636858
:10AB30002F61726D2F636F72652F636F727465780A
:10AB40005F6D2F6972715F6D616E6167652E630065
:10AB50006D70750025733A204661696C65642074D8
:10AB60006F20616C6C6F63617465206E6577204D3A
:10AB7000505520726567696F6E2025750A00257330
:10AB80003A20506172746974696F6E2025753A209D
:10AB900073616E69747920636865636B20666169AF
:10ABA0006C65642E00574553545F544F50444952CE
:10ABB0002F7A65706879722F617263682F61726D88
:10ABC0002F636F72652F6D70752F61726D5F6D7081
:10ABD000752E6300726567696F6E5F616C6C6F6381
:10ABE0006174655F616E645F696E6974006D707534
:10ABF0005F636F6E6669677572655F726567696FBF
:10AC00006E7300464C4153485F30005352414D5FD4
:10AC10003000574553545F544F504449522F7A6582
:10AC2000706879722F6C69622F6C6962632F6E6530
:10AC3000776C69622F6C6962632D686F6F6B732E1E
:10AC40006300000001000000736F630044657669D3
:10AC500063652064617461206E6F7420666F756E29
:10AC60006420666F7220696E746572666163652028
:10AC70002575004465766963652064617461206EA2
:10AC80006F7420666F756E6420666F7220656E64E7
:10AC9000706F696E74202575004465766963652060
:10ACA00064617461206E6F7420666F756E642066D7
:10ACB0006F72206366672025700025733A207756EF
:10ACC000616C75652073686F756C642062652030F7
:10ACD0000025733A20556E68616E646C656420725D
:10ACE000657175657374203078253032780025736E
:10ACF0003A20556E737570706F727465642070724F
:10AD00006F746F636F6C3A202575004465766963D4
:10AD100065206973206E6F7420636F6E6669677556
:10AD2000726564006869645F6F6E5F7365745F70FD
:10AD3000726F746F636F6C006869645F6F6E5F67DA
:10AD400065745F70726F746F636F6C006869645FC5
:10AD5000636C6173735F68616E646C655F7265716B
:10AD6000007573625F6869640025733A2055534229
:10AD700044206576656E74206D656D6F7279206311
:10AD80006F7272757074656400574553545F544F09
:10AD9000504449522F7A65706879722F64726976CF
:10ADA0006572732F7573622F6465766963652F759D
:10ADB00073625F64635F6E7266782E6300757362A0
:10ADC000645F776F726B710025733A20555342446C
:10ADD000206576656E7420616C6C6F636174696F59
:10ADE0006E206661696C6564210025733A20556E9A
:10ADF0006B6E6F776E2055534220706F77657220AF
:10AE00006576656E742025640025733A20556E655D
:10AE100078706563746564206576656E7420286E4D
:10AE20007266785F75736264293A2025642C206508
:10AE300070203078253032780025733A205F6570B5
:10AE40005F7374617475735F676574206661696CA4
:10AE500065642120436F64653A2025640025733AB8
:10AE6000206E6F742061747461636865642C204582
:10AE70005020307825303278206576656E742064F5
:10AE8000726F707065640025733A206E52462055CB
:10AE9000534244207472616E7366657220657272EB
:10AEA0006F7220284F5554293A2030782530327857
:10AEB0000025733A204661696C656420746F2061D7
:10AEC0006C6C6F63206576740025733A205553428D
:10AED00044206576656E74207175657565206675AC
:10AEE0006C6C210025733A20556E6B6E6F776E2067
:10AEF00055534244206576656E743A202568640097
:10AF000025733A20696E76616C696420656E6470A1
:10AF10006F696E7420636F6E6669677572617469BC
:10AF20006F6E0025733A20696E76616C69642065E6
:10AF30006E64706F696E7420696E6465782F6164E9
:10AF400064726573730025733A204550206D6178F3
:10AF5000207061636B65742073697A65206D757309
:10AF600074206265206120706F776572206F6620A3
:10AF7000320025733A205354414C4C20756E737542
:10AF800070706F72746564206F6E2049534F206536
:10AF90006E64706F696E740025733A20456E64703C
:10AFA0006F696E7420307825303278206973206E96
:10AFB0006F7420656E61626C65640025733A206E63
:10AFC0005246205553424420777269746520657259
:10AFD000726F723A20256400010002757362645F2B
:10AFE0006576656E745F7472616E736665725F64B8
:10AFF00061746100757362645F6576656E745F7419
:10B0000072616E736665725F6374726C00757362F1
:10B01000645F736F665F747269676765725F697397
:10B020006F5F7265616400757362645F776F726BE6
:10B030005F70726F636573735F726563767265715B
:10B0400000757362645F776F726B5F68616E646CCA
:10B05000657200037573625F64635F65705F72653C
:10B0600061645F636F6E74696E7565007573625FAE
:10B0700064635F65705F726561645F7761697400C6
:10B080007573625F64635F65705F77726974650092
:10B090007573625F64635F65705F7365745F73741B
:10B0A000616C6C007573625F64635F65705F636F92
:10B0B0006E666967757265007573625F64635F656C
:10B0C000705F636865636B5F636170007573626472
:10B0D0005F6576745F616C6C6F63007573625F644B
:10B0E000635F706F7765725F6576656E745F6861C8
:10B0F0006E646C6572007573625F6E72667800577D
:10B100004553545F544F504449522F7A65706879C3
:10B11000722F647269766572732F7573622F636F15
:10B120006D6D6F6E2F6E72665F757362645F636FB5
:10B130006D6D6F6E2F6E72665F757362645F636FA5
:10B140006D6D6F6E2E63000001010101016E72666C
:10B150005F757362645F636F6D6D6F6E00060105EE
:10B1600001040107020301050202010302050401B3
:10B170000101020103010401060108010C01100193
:10B1800018012001400180574553545F544F5044EB
:10B1900049522F7A65706879722F64726976657288
:10B1A000732F6164632F6164635F6E7266785F738F
:10B1B000616164632E630061646340343030303712
:10B1C00030303000574553545F544F504449522F4C
:10B1D0007A65706879722F647269766572732F630D
:10B1E0006C6F636B5F636F6E74726F6C2F636C6FE9
:10B1F000636B5F636F6E74726F6C5F6E72662E63EB
:10B2000000636C6F636B403430303030303030006E
:10B210006866636C6B006C66636C6B00636C6F6379
:10B220006B5F636F6E74726F6C001B5B73001B5BF4
:10B2300075001B5B257544001B5B25754300636926
:10B240006E7374722025303278207472616E73666A
:10B25000657220746F6F206C6F6E673A20257A7567
:10B260000025733A204A45444543206964205B2504
:10B27000303278202530327820253032785D2065D4
:10B280007870656374205B25303278202530327801
:10B2900020253032785D0025733A205244535220E5
:10B2A0006661696C65643A2025640025733A205113
:10B2B00045202573206661696C65643A2025640029
:10B2C00025733A207772697465206572726F723ADD
:10B2D0002061646472657373206F722073697A658C
:10B2E000206578636565647320657870656374654F
:10B2F000642076616C7565732E416464723A203007
:10B3000078256C782073697A6520257A7500257315
:10B310003A2072656164206572726F723A206164CE
:10B320006472657373206F722073697A6520657823
:10B330006365656473206578706563746564207601
:10B34000616C7565732E416464723A203078256CA7
:10B35000782073697A6520257A750025733A20650F
:10B3600072617365206572726F723A2061646472F3
:10B37000657373206F722073697A652065786365E1
:10B380006564732065787065637465642076616CAC
:10B390007565732E416464723A203078256C78208C
:10B3A00073697A6520257A750025733A20756E7366
:10B3B0007570706F72746564206174203078256CCC
:10B3C000782073697A6520257A750025733A20778D
:10B3D000616974206572726F722061742030782503
:10B3E0006C782073697A6520257A750025733A2078
:10B3F0006572617365206572726F722061742030AE
:10B4000078256C782073697A6520257A7500636FDA
:10B410006E6669677572655F6368697000717370E5
:10B42000695F696E697400717370695F6E6F725FD6
:10B430007265616400717370695F6E6F725F7772BD
:10B4400069746500717370695F657261736500711D
:10B450007370695F6E6F725F6572617365006D789E
:10B460003235723634333566403000717370695F3F
:10B470006E6F720025733A20696E76616C69642084
:10B48000616464726573733A2030782530386C7863
:10B490003A257A750025733A20756E616C69676E7E
:10B4A000656420616464726573733A203078253076
:10B4B000386C783A257A750025733A206E6F7420BF
:10B4C000776F72642D616C69676E65643A203078BD
:10B4D0002530386C783A257A7500666C6173685F40
:10B4E0006E72665F7265616400666C6173685F6E40
:10B4F00072665F777269746500666C6173685F6E0F
:10B5000072665F657261736500666C6173682D6356
:10B510006F6E74726F6C6C657240343030316530B0
:10B52000303000666C6173685F6E72660057455319
:10B53000545F544F504449522F7A65706879722F86
:10B54000696E636C7564652F7A65706879722F64B3
:10B550007269766572732F6770696F2F6770696F94
:10B560005F7574696C732E6800574553545F544F70
:10B57000504449522F7A65706879722F64726976E7
:10B580006572732F6770696F2F6770696F5F6E7276
:10B5900066782E63006770696F4035303030303325
:10B5A0003030006770696F403530303030303030C7
:10B5B000006932630025733A204E65656420746F1C
:10B5C000207573652074686520696E7465726E619C
:10B5D0006C20647269766572206275666665722099
:10B5E000627574206974732073697A6520697320A9
:10B5F000696E73756666696369656E742028257562
:10B60000202B202575203E202575292E2041646A97
:10B6100075737420746865207A65706879722C631C
:10B620006F6E6361742D6275662D73697A65206F24
:10B6300072207A65706879722C666C6173682D620D
:10B6400075662D6D61782D73697A652070726F70E3
:10B65000657274792028746865206F6E652077693B
:10B66000746820677265617465722076616C7565B7
:10B670002920696E207468652022257322206E6F50
:10B6800064652E006932635F6E7266785F747769F5
:10B690006D5F7472616E7366657200693263403407
:10B6A00030303033303030006932635F6E7266782C
:10B6B0005F7477696D0025733A20756E73757070CD
:10B6C0006F727465642073706565640025733A2039
:10B6D000547279696E6720746F207472616E73663C
:10B6E0006572206D6F7265207468616E2074686584
:10B6F000206D6178696D756D2073697A6520666F5C
:10B70000722074686973206465766963653A2025E0
:10B7100064203E2025640025733A204661696C65EB
:10B720006420746F20696E697469616C697A652040
:10B730006465766963653A2025730025733A206451
:10B740006576696365206163746976650069326353
:10B750005F6E7266785F7477696D5F636F6D6D6F32
:10B760006E5F6465696E6974006932635F6E7266EC
:10B77000785F7477696D5F636F6D6D6F6E5F696E13
:10B780006974006932635F6E7266785F7477696DA1
:10B790005F6D73675F7472616E73666572006932A4
:10B7A000635F6E7266785F7477696D5F636F6E66F4
:10B7B00069677572650000010203040506072573B9
:10B7C0003A20496E76616C6964206368616E6E65CB
:10B7D0006C3A2025752E0025733A20496E636F6DF3
:10B7E00070617469626C6520706572696F642E00A7
:10B7F00025733A205072657363616C657220666FC1
:10B800007220706572696F645F6379636C65732021
:10B810002575206E6F7420666F756E642E007077CC
:10B820006D5F6E7266785F696E69740070776D5FC8
:10B83000706572696F645F636865636B5F616E6496
:10B840005F7365740070776D5F6E7266785F7365A5
:10B85000745F6379636C65730070776D403430306A
:10B8600031633030300070776D5F6E7266780067DC
:10B870007072656772657432403430303030353202
:10B8800030006770726567726574314034303030F3
:10B89000303531630072657461696E65645F6D6532
:10B8A0006D5F6E72665F6770726567726574007255
:10B8B000657461696E65646D656D0072657461695A
:10B8C0006E65645F6D656D5F7A65706879725F72D1
:10B8D000616D00574553545F544F504449522F7A7D
:10B8E00065706879722F647269766572732F7365FB
:10B8F0006E736F722F6E6F726469632F74656D70F3
:10B900002F74656D705F6E7266352E630074656DA1
:10B91000704034303030633030300074656D705FAB
:10B920006E72663500574553545F544F5044495228
:10B930002F7A65706879722F647269766572732FD9
:10B9400073656E736F722F766F6C746167655F6479
:10B950006976696465722F766F6C746167652E63B2
:10B960000025733A207261775F746F5F6D763A20BD
:10B9700025640025733A206164635F736574757094
:10B98000206661696C65643A2025640025733A205D
:10B990006164635F726561643A2025640025733ACF
:10B9A00020414443206973206E6F74207265616486
:10B9B000790025733A20506F776572204750494FC0
:10B9C000206973206E6F742072656164790025733D
:10B9D0003A2073657475703A2025640025733A2007
:10B9E00073657175656E636520696E69743A2025AB
:10B9F000640025733A206661696C656420746F2069
:10BA0000636F6E666967757265204750494F20669F
:10BA10006F7220504D206F6E0025733A2066616969
:10BA20006C656420746F20736574204750494F2003
:10BA3000666F7220504D20726573756D65002573B9
:10BA40003A206661696C656420746F2073657420A8
:10BA50004750494F20666F7220504D2073757370A8
:10BA6000656E6400766F6C746167655F696E69749A
:10BA700000706D5F616374696F6E00666574636802
:10BA80000067657400626174746572792D6469760B
:10BA90006964657200766F6C746167650025733A3E
:10BAA000204661696C656420746F20616C6C6F6303
:10BAB00061746520505049204368616E6E656C006A
:10BAC000656E6474785F73746F7074785F7070699A
:10BAD0005F696E6974007561727440343030303261
:10BAE00030303000756172745F6E7266785F7561B8
:10BAF0007274650025733A204661696C6564207430
:10BB00006F20616C6C6F63617465204750494F54BE
:10BB100045206368616E6E656C20666F72205741C8
:10BB20004B450025733A204661696C656420746F4B
:10BB300020636F6E6669677572652057414B4520BB
:10BB400070696E0025733A204353204750494F20B7
:10BB5000706F72742025732070696E2025642069CF
:10BB600073206E6F742072656164790025733A20CA
:10BB700055706461746520657863656564732063DE
:10BB8000757272656E7420627566666572002573E3
:10BB90003A2048616C662D6475706C6578206E6F14
:10BBA0007420737570706F727465640025733A2029
:10BBB000536C617665206D6F6465206973206E6FCC
:10BBC0007420737570706F72746564206F6E2025B9
:10BBD000730025733A204C6F6F706261636B206D48
:10BBE0006F6465206973206E6F7420737570706F59
:10BBF000727465640025733A20576F72642073690C
:10BC00007A6573206F74686572207468616E20387D
:10BC1000206269747320617265206E6F7420737581
:10BC200070706F727465640025733A204672657196
:10BC300075656E63696573206C6F776572207468D3
:10BC4000616E20313235206B487A20617265206E3A
:10BC50006F7420737570706F727465640025733A29
:10BC6000204661696C656420746F20696E6974692F
:10BC7000616C697A65206E72667820647269766597
:10BC8000723A20253038780057616974696E6720F0
:10BC9000666F722057414B452061636B6E6F776C06
:10BCA0006564676D656E742074696D6564206F7579
:10BCB000740025733A2054696D656F75742077613F
:10BCC0006974696E6720666F72207472616E736644
:10BCD000657220636F6D706C657465007370695F69
:10BCE000636F6E746578745F63735F636F6E6669AC
:10BCF000677572655F616C6C007370695F6E726608
:10BD0000785F696E6974007370695F636F6E7465E4
:10BD100078745F776169745F666F725F636F6D706F
:10BD20006C6574696F6E007370695F636F6E7465C4
:10BD300078745F7570646174655F727800737069A0
:10BD40005F636F6E746578745F7570646174655F4E
:10BD5000747800636F6E66696775726500737069E9
:10BD6000403430303266303030007370695F6E724C
:10BD700066785F7370696D0025733A20526573654C
:10BD80007474696E672073797374656D006B5F738B
:10BD900079735F666174616C5F6572726F725F6800
:10BDA000616E646C657200666174616C5F6572726D
:10BDB0006F7200574553545F544F504449522F6E91
:10BDC00072662F7375627379732F6573622F657353
:10BDD000622E6300574553545F544F504449522FCD
:10BDE0006D6F64756C65732F68616C2F6E6F726414
:10BDF00069632F6E7266782F68616C2F6E72665F52
:10BE0000726164696F2E680025733A204661696C1F
:10BE1000656420746F20696E697469616C697A6504
:10BE2000206E7266782074696D6572202865727262
:10BE3000202564290025733A204661696C656420D9
:10BE4000746F20696E697469616C697A6520455305
:10BE5000422073797374656D2074696D6572002575
:10BE6000733A204661696C656420746F20696E695D
:10BE70007469616C697A65205050490006050001BB
:10BE80000100000000007379735F74696D65725F73
:10BE9000696E6974006573625F696E6974006573C9
:10BEA000620025733A20677070695F67726F757002
:10BEB0005F616C6C6F63206661696C656420776993
:10BEC00074683A2025640A0025733A206770706907
:10BED0005F6368616E6E656C5F616C6C6F6320663A
:10BEE00061696C656420776974683A2025640A008A
:10BEF000574553545F544F504449522F6E72662F2A
:10BF00007375627379732F6573622F6573625F70E7
:10BF100070692E63006573625F7070695F696E6936
:10BF200074000000000000010100000000005745FF
:10BF300053545F544F504449522F6D6F64756C6574
:10BF4000732F68616C2F6E6F726469632F6E7266F7
:10BF5000782F68656C706572732F6E7266785F7289
:10BF6000616D5F6374726C2E630000100111021228
:10BF7000031304140515061607170808080808080F
:10BF800008081818181818181818282828282828F1
:10BF900028283838383838383838484848484848E1
:10BFA00048485858585858585858574553545F544B
:10BFB0004F504449522F6D6F64756C65732F6861E3
:10BFC0006C2F6E6F726469632F6E7266782F647265
:10BFD00069766572732F7372632F6E7266785F6312
:10BFE0006C6F636B2E6300574553545F544F50443E
:10BFF00049522F6D6F64756C65732F68616C2F6E7D
:10C000006F726469632F6E7266782F68616C2F6E31
:10C0100072665F636C6F636B2E6800574553545FA5
:10C02000544F504449522F6D6F64756C65732F687F
:10C03000616C2F6E6F726469632F6E7266782F6801
:10C04000616C2F6E72665F6770696F74652E680031
:10C05000574553545F544F504449522F6D6F647588
:10C060006C65732F68616C2F6E6F726469632F6EDD
:10C070007266782F647269766572732F7372632F9C
:10C080006E7266785F6770696F74652E630000205A
:10C0900030303030303030303030303030300001FF
:10C0A000574553545F544F504449522F6D6F647538
:10C0B0006C65732F68616C2F6E6F726469632F6E8D
:10C0C0007266782F647269766572732F7372632F4C
:10C0D0006E7266785F6E766D632E630057455354BB
:10C0E0005F544F504449522F6D6F64756C65732FC8
:10C0F00068616C2F6E6F726469632F6E7266782F41
:10C10000647269766572732F7372632F6E726678CC
:10C110005F706F7765722E630000000100000057AA
:10C120004553545F544F504449522F6D6F64756CA2
:10C1300065732F68616C2F6E6F726469632F6E7206
:10C1400066782F68616C2F6E72665F70776D2E68EF
:10C1500000574553545F544F504449522F6D6F64FC
:10C16000756C65732F68616C2F6E6F726469632FD5
:10C170006E7266782F647269766572732F7372635C
:10C180002F6E7266785F70776D2E6300574553543B
:10C190005F544F504449522F6D6F64756C65732F17
:10C1A00068616C2F6E6F726469632F6E7266782F90
:10C1B000647269766572732F7372632F6E7266781C
:10C1C0005F717370692E6300574553545F544F502D
:10C1D0004449522F6D6F64756C65732F68616C2FC5
:10C1E0006E6F726469632F6E7266782F64726976FF
:10C1F0006572732F7372632F6E7266785F736161FD
:10C2000064632E6300574553545F544F5044495262
:10C210002F6D6F64756C65732F68616C2F6E6F7214
:10C220006469632F6E7266782F68616C2F6E726618
:10C230005F73616164632E6800574553545F544FC8
:10C24000504449522F6D6F64756C65732F68616C33
:10C250002F6E6F726469632F6E7266782F647269D5
:10C26000766572732F7372632F6E7266785F737068
:10C27000696D2E6300010000000000574553545FB4
:10C28000544F504449522F6D6F64756C65732F681D
:10C29000616C2F6E6F726469632F6E7266782F64A3
:10C2A0007269766572732F7372632F6E7266785F30
:10C2B00074696D65722E6300574553545F544F5037
:10C2C0004449522F6D6F64756C65732F68616C2FD4
:10C2D0006E6F726469632F6E7266782F647269760E
:10C2E0006572732F7372632F6E7266785F747769ED
:10C2F0006D2E63000100000000005465726D696ED0
:10C30000616C000000000000005454522052454768
:10C3100047455300574553545F544F504449522F9B
:10C320007A65706879722F6B65726E656C2F6465C3
:10C33000766963652E6300556E6B6E6F776E206550
:10C3400072726F7200756E6B6E6F776E0025733A46
:10C35000203E3E3E205A45504859522046415441C5
:10C360004C204552524F522025643A202573206FAD
:10C370006E204350552025640025733A2046617590
:10C380006C7420647572696E6720696E7465727270
:10C390007570742068616E646C696E670A0025733D
:10C3A0003A2043757272656E7420746872656164B8
:10C3B0003A202570202825732900574553545F548F
:10C3C0004F504449522F7A65706879722F6B6572AD
:10C3D0006E656C2F666174616C2E6300435055204E
:10C3E000657863657074696F6E00556E68616E6420
:10C3F0006C656420696E7465727275707400537434
:10C4000061636B206F766572666C6F77004B657247
:10C410006E656C206F6F7073004B65726E656C207B
:10C4200070616E6963007A5F666174616C5F6572EA
:10C43000726F7200574553545F544F504449522F06
:10C440007A65706879722F6B65726E656C2F696E94
:10C4500069742E630069646C65006F7300574553FF
:10C46000545F544F504449522F7A65706879722F47
:10C470006B65726E656C2F6D656D5F736C61622E9E
:10C480006300574553545F544F504449522F7A65C7
:10C49000706879722F6B65726E656C2F696E636C54
:10C4A0007564652F6B73636865642E680057455328
:10C4B000545F544F504449522F7A65706879722FF7
:10C4C0006B65726E656C2F69646C652E63005745F1
:10C4D00053545F544F504449522F7A6570687972B3
:10C4E0002F6B65726E656C2F6D757465782E6300A9
:10C4F000574553545F544F504449522F7A657068E2
:10C5000079722F6B65726E656C2F73656D2E63008B
:10C51000574553545F544F504449522F7A657068C1
:10C5200079722F6B65726E656C2F776F726B2E63ED
:10C5300000574553545F544F504449522F7A657009
:10C540006879722F6B65726E656C2F7468726561A5
:10C55000642E6300574553545F544F504449522F43
:10C560007A65706879722F6B65726E656C2F736374
:10C570006865642E6300574553545F544F504449D7
:10C58000522F7A65706879722F6B65726E656C2FA9
:10C59000696E636C7564652F6B7468726561642E77
:10C5A0006800574553545F544F504449522F7A65A1
:10C5B000706879722F6B65726E656C2F74696D652A
:10C5C000736C6963696E672E6300574553545F54FB
:10C5D0004F504449522F7A65706879722F6B65729B
:10C5E0006E656C2F74696D656F75742E63005745A9
:10C5F00053545F544F504449522F7A657068797292
:10C600002F6B65726E656C2F6D656D706F6F6C2E24
:10C610006300574553545F544F504449522F7A6535
:10C62000706879722F6B65726E656C2F6B686561CF
:10C63000702E6300737973776F726B710000202026
:10C6400020202020202020282828282820202020C2
:10C650002020202020202020202020202020881082
:10C6600010101010101010101010101010100404E2
:10C6700004040404040404041010101010101041E9
:10C68000414141414101010101010101010101015A
:10C6900001010101010101010110101010101042EF
:10C6A000424242424202020202020202020202022A
:10C6B0000202020202020202021010101020000008
:10C6C000000000000000000000000000000000006A
:10C6D000000000000000000000000000000000005A
:10C6E000000000000000000000000000000000004A
:10C6F000000000000000000000000000000000003A
:10C700000000000000000000000000000000000029
:10C710000000000000000000000000000000000019
:10C720000000000000000000000000000000000009
:10C7300000000000000000000000000000000000F9
:10C7880004050020FF0E0000050F0000070F000041
:10C798002D0F00000B0F00003B0F0000110F0000D1
:10C7A800470F0000170F00004D0F0000230F000077
:10C7B800270F0000190F00001F0F0000370F00009F
:10C7C800410F000000000000FFFFFFFFFFFFFF7F99
:10C7D80018FCFFFFFFFFFFFF18FCFFFFFFFFFFFF35
:10C7E800FFFFFFFFFFFFFFFF18FCFFFFFFFFFFFF3B
:10C7F8000000000000000000000000000000000031
:10C808000000000000000000000000000000000020
:10C818000000000000000000000000000000000010
:10C828000000000000000000000000000000000000
:10C8380000000000000000000000000000000000F0
:10C8480000000000000000000000000000000000E0
:10C8580000000000000000000000000000000000D0
:10C8680000000000000000000000000000000000C0
:10C878000000000000000000000000007C0900200B
:10C888006809002000C20100000008000000000044
:10C898000000000000000000000000000000000090
:10C8A80000000000240600202406002000000000EC
:10C8B80001000000340600203406002000000000BB
:10C8C800010000000000000000000000000000005F
:10C8D8000000000000000000000000000000000050
:10C8E8000000000000000000000000000000000040
:10C8F8000000000000000000000000000000000030
:10C90800000000000000000000000000000000001F
:10C91800000000000000000000000000000000000F
:10C9280000000000000000000000000000000000FF
:10C9380000000000000000000000000000000000EF
:10C94800B7410300CA410300D7410300E541030092
:10C95800F54103000B4203001F4203003642030067
:10C96800464203005942030068420300794203002B
:10C9780097420300AB420300BF420300D3420300C7
:10C98800E7420300F842030008430300184303008A
:10C998002743030035430300444303005D4303007A
:10C9A8006F4303008443030099430300B243030029
:10C9B800C74303007CF3032000F0032000007A3D06
:10C9C8000000003AA69B443A0000803FA69B443AE8
:10C9D8000000803F0000803F0000803F295C8F3DC1
:10C9E8000000003ADC36002002000000EC3600208F
:10C9F8000100000006000000BC2D0300E02D03002C
:10CA0800FFFFFFFFFFFFFFFFEC290300F304353FA3
:10CA18000000000000000000F304353F0000803FE4
:10CA28000000000000000000000000000000803F3F
:10CA3800000000000000000000000000941F030038
:10CA48000048E80106010000C01D03001F000100A6
:10CA580000000000BC2D0300BC2D0300DC2C0300EB
:10CA6800BC2D0300BC2D0300BC2D0300BC2B030010
:10CA7800E02B0300042C0300282C03004C2C03009B
:10CA8800BC2D0300BC2D0300702C0300942C030064
:10CA9800BC2D0300BC2D0300BC2D0300BC2D0300DE
:10CAA800B82C0300EE8D0300F78D030068850300A2
:10CAB800008E0300088E03000F8E03009C82030083
:10CAC800C48503004B8303009B830300EC830300AE
:10CAD800178E03001F8E0300278E03009684030021
:10CAE800378E0300428E03004C8E0300618E0300D4
:10CAF80000850300E02D0300542A0300E02D030005
:10CB0800E02D0300E02D0300E02D0300E02D0300DD
:10CB1800842A0300C02A0300C02A0300E02D030072
:10CB2800202B0300202B0300502B0300502B030065
:10CB3800E02D03008C2B0300F02A03006B8E03000A
:10CB4800055B0300728E0300798E03008B8E030051
:10CB5800948E03009D8E0300A78E0300BF8E0300F2
:10CB6800C98E0300D58E0300EA8E0300F28E0300FF
:10CB7800188F0300467F03002B8F03000B810300EF
:10CB8800338F0300EC290300EC290300EC29030090
:10CB9800202A0300B5870300B5870300B587030083
:10CBA800478F0300041F030000000000000000007E
:10CBB800000000000000000000000000000000006D
:10CBC8000000000000000000FFFFFFFFFFFFFFFF65
:10CBD800FFFFFFFFFFFFFFFFC1F50200A9FF0200F3
:10CBE800442F03000000000080A90020000000007E
:10CBF80000000000000000000004000080AD0020DC
:10CC08000000000000000000000000000004000018
:10CC180091BC010080000000C9B8010000000000BC
:10CC2800C9B8010080000000A80D00203A000000EB
:10CC3800BC0D00203A000000800D00203A000000E2
:10CC4800D00D00203A0000008D050300ADD601008C
:10CC5800800000000000000000000000AD0E02008F
:10CC680000000000E4090020E409002001000000A1
:10CC780001000000F4090020F40900200000000071
:10CC8800010000000000000000000000000000009B
:10CC980000000000290A0300000000000000000056
:10CCA80000000000290A03000000000080010000C5
:10CCB80000000000E70A0300000000000000000078
:10CCC80000000000550B03000000000000000000F9
:10CCD80000000000D1270200000000000000000052
:10CCE8000000000009100300000000007C0A00207A
:10CCF800000000000000000000000000000000002C
:10CD08000000000009600020200000000000000072
:10CD1800000000000000000000000000A111030056
:10CD2800000000000000000000000000C032030006
:10CD380001000000B40A0020B40A0020000000002E
:10CD480001000000C40A0020C40A002000000000FE
:10CD580001000000000000000000000000000000CA
:10CD680000000000000000000000000000000000BB
:10CD78000000000000000000941F030000000000F5
:10CD88000000000031600020296000200100000040
:10CD9800000000000000000000000000000000008B
:10CDA800000000000000000000A00040000000009B
:10CDB800000000000C00000000000000E7E7E7E7C3
:10CDC800C2C2C2C2E7C2C3C4C5C6C7C80805FF02FB
:10CDD8000000000000A0004000040000FF00000068
:10CDE8003F000000FFFF0700900200006C0B0020CE
:10CDF8006C0B002000000000B9C60200B80B002030
:10CE0800B00B0020A80B002000000000A00B0020A1
:10CE1800D9C7020025C7020059C70200A1C70200EE
:10CE2800D85700203A00003ADC5700203A00003A70
:10CE3800E05700203A00003AE45700203A00003A50
:10CE4800C80B00208C0B0020840B0020800B0020D6
:10CE58007C0B0020D80B0020000000000000000020
:10CE680000000000000000000000000000000000BA
:10CE780000000000000000000000000000000000AA
:10CE8800000000000000000000000000000000009A
:10CE9800000000000000000000000000000000008A
:10CEA800000000000000000000000000000000007A
:10CEB8000000000000000000FFFFFFFFFFFFFFFF72
:10CEC800FFFFFFFFFFFFFFFFFFFFFFFFFFFFFFFF6A
:10CED800FFFFFFFFFFFFFFFFFFFFFFFFFFFFFFFF5A
:10CEE800FFFFFFFFFFFFFFFFFFFFFFFFFFFF0080C8
:10CEF8000108000000000000000000000000000021
:10CF08000000000000000000000000000000000019
:10CF180000000000000015000000000000000000F4
:10CF280000000000000000000000000000000000F9
:10CF38000000000000000000000000FFFF03FFFFEA
:10CF4800FFFF0C040C04FFFFFFFF0403FFFFFFFFBC
:10CF5800FFFFFF01FFFFFFFFFF01010101010101C9
:02CF680001FFC7
:10CF6A0000000000000000000000000000000000B7
:10CF7A0000000000000000000000000000000000A7
:06CF8A00000000000000A1
:10CF90000000000000000000000000000000000091
:10CFA0000000000000000000000000000000000081
:10CFB0000000000000000000000000000000000071
:0CCFC00000000000000000000000000065
:04CFCC000000000061
:10CFD000480D0020480D00200000000000A70020A0
:10CFE000000000002000000014000000000000000D
:10CFF00000000000009F002000080000000000006A
:08D00000000000000000000028
:10D00800800D0020800D00200000000000000000BE
:10D018000E000000940D0020940D00200000000078
:10D02800000000000E000000A80D0020A80D002040
:10D0380000000000000000000E000000BC0D0020F1
:10D04800BC0D002000000000000000000E000000E1
:10D05800D00D0020D00D00200000000000000000CE
:10D068000E000000E40D0020E40D00200000000088
:08D07800000000000E000000A2
:10D08000F80D0020F80D0020010000000100000054
:10D09000080E0020080E0020000000000100000023
:10D0A000000000000000000000000000240E00202E
:10D0B000240E00200000000000000000000000001E
:10D0C000380E0020380E0020000000000000000094
:0CD0D000000000004C0E00204C0E002060
:10D0DC0012010002EF0201400912927601040102D2
:10D0EC00030109020000000100E032080B000202FB
:10D0FC0002000009040000010202000005240010D7
:10D10C000105240102010424020205240600010782
:10D11C0005800310000A09040100020A0000000740
:10D12C0005800240000007050002400000090400D1
:10D13C000001030100000921110100012200000778
:10D14C00058003400000040309042A034E6F726437
:10D15C0069632053656D69636F6E647563746F7278
:10D16C0000000000000000000000000000000000B3
:10D17C00000000003A03536C696D654E5246205412
:10D18C007261636B6572206E5246353238343020D2
:10D19C00444B0000000000000000000000000000F4
:10D1AC00000000000000000000000000000022034E
:10D1BC0030313233343536373839414243444546C1
:10D1CC000000000000000000000000000000000053
:02D1DC00000051
:10D1E00000000000770E0020DB020300CDBE01002E
:10D1F0002DBC010000000000000000000300000042
:10D200009009002000000000B10E0020BD050300C1
:10D21000E5D801001DD7010000000000C1D50100C4
:08D2200001000000CC09002010
:04D2280015E015E018
:040000031000CC918C
:00000001FF
